epoch,mark,Measured Torque (R),Desired Torque (R),Measured Torque (L),Desired Torque (L),Gait/100 (R),Toe FSR (R),Gait/100 (L),Toe FSR (L),Heel FSR (R),Heel FSR (L)
1777208304.544958,0,0.000000,0.300000,0.000000,0.300000,0.000000,0.000000,0.000000,0.000000,0.000000,1.000000
1777208304.668852,0,0.000000,0.300000,0.000000,0.300000,0.000000,0.000000,0.000000,0.000000,0.000000,0.660000
1777208304.717709,0,0.000000,0.300000,0.000000,0.300000,0.000000,0.000000,0.000000,0.000000,0.000000,0.330000
1777208304.718282,0,0.000000,0.300000,0.000000,0.300000,0.000000,0.000000,0.000000,0.000000,0.000000,0.330000
1777208304.745303,0,0.000000,0.300000,0.000000,0.300000,0.000000,0.000000,0.000000,0.000000,0.000000,1.330000
1777208304.773738,0,0.000000,0.300000,0.000000,0.300000,0.000000,0.000000,0.000000,0.000000,0.000000,0.660000
1777208304.774168,0,0.000000,0.300000,0.000000,0.300000,0.000000,0.000000,0.000000,0.000000,0.000000,0.400000
1777208304.820232,0,0.000000,0.300000,0.000000,0.300000,0.000000,0.000000,0.000000,0.000000,0.000000,0.200000
1777208304.820746,0,0.000000,0.300000,0.000000,0.300000,0.000000,0.000000,0.000000,0.000000,0.000000,0.200000
1777208304.821089,0,0.000000,0.300000,0.000000,0.300000,0.000000,0.000000,0.000000,0.000000,0.000000,0.000000
1777208304.821428,0,0.000000,0.300000,0.000000,0.300000,0.000000,0.000000,0.000000,0.000000,0.000000,0.000000
1777208304.821746,0,0.000000,0.300000,0.000000,0.300000,0.000000,0.000000,0.000000,0.000000,0.000000,0.000000
1777208304.871160,0,0.000000,0.300000,0.000000,0.300000,0.000000,0.000000,0.000000,0.000000,0.000000,0.000000
1777208304.871607,0,0.000000,0.300000,0.000000,0.300000,0.000000,0.000000,0.000000,0.000000,0.000000,0.000000
1777208304.918190,0,0.000000,0.300000,0.000000,0.300000,0.000000,0.000000,0.000000,0.000000,0.000000,0.000000
1777208304.918641,0,0.000000,0.300000,0.000000,0.300000,0.000000,0.000000,0.000000,0.000000,0.000000,0.000000
1777208304.919124,0,0.000000,0.300000,0.000000,0.300000,0.000000,0.000000,0.000000,0.000000,0.000000,0.000000
1777208304.919451,0,0.000000,0.300000,0.000000,0.300000,0.000000,0.000000,0.000000,0.000000,0.000000,0.200000
1777208304.966908,0,0.000000,0.300000,0.000000,0.300000,0.000000,0.000000,0.000000,0.000000,0.140000,0.000000
1777208304.967568,0,0.000000,0.300000,0.000000,0.300000,0.000000,0.000000,0.000000,0.000000,0.000000,0.000000
1777208304.968121,0,0.000000,0.300000,0.000000,0.300000,0.000000,0.000000,0.000000,0.000000,0.140000,0.000000
1777208304.990294,0,0.000000,0.300000,0.000000,0.300000,0.000000,0.000000,0.000000,0.000000,0.000000,0.200000
1777208305.013261,0,0.000000,0.300000,0.000000,0.300000,0.000000,0.000000,0.000000,0.000000,0.000000,0.100000
1777208305.037529,0,0.000000,0.300000,0.000000,0.300000,0.000000,0.000000,0.000000,0.000000,0.560000,0.000000
1777208305.062940,0,0.000000,0.300000,0.000000,0.300000,0.000000,0.000000,0.000000,0.000000,0.140000,0.100000
1777208305.063343,0,0.000000,0.300000,0.000000,0.300000,0.000000,0.000000,0.000000,0.000000,0.000000,0.200000
1777208305.086945,0,0.000000,0.300000,0.000000,0.300000,0.000000,0.000000,0.000000,0.000000,0.140000,0.000000
1777208305.087516,0,0.000000,0.300000,0.000000,0.300000,0.000000,0.000000,0.000000,0.000000,0.140000,0.000000
1777208305.111856,0,0.000000,0.300000,0.000000,0.300000,0.000000,0.000000,0.000000,0.000000,0.140000,0.100000
1777208305.136562,0,0.000000,0.300000,0.000000,0.300000,0.000000,0.000000,0.000000,0.000000,0.000000,0.000000
1777208305.161823,0,0.000000,0.300000,0.000000,0.300000,0.000000,0.000000,0.000000,0.000000,0.140000,0.100000
1777208305.162291,0,0.000000,0.300000,0.000000,0.300000,0.000000,0.000000,0.000000,0.000000,0.000000,0.100000
1777208305.188253,0,0.000000,0.300000,0.000000,0.300000,0.000000,0.000000,0.000000,0.000000,0.000000,0.000000
1777208305.188720,0,0.000000,0.300000,0.000000,0.300000,0.000000,0.000000,0.000000,0.000000,0.000000,0.000000
1777208305.214248,0,0.000000,0.300000,0.000000,0.300000,0.000000,0.000000,0.000000,0.000000,0.140000,0.100000
1777208305.214696,0,0.000000,0.300000,0.000000,0.300000,0.000000,0.000000,0.000000,0.000000,0.140000,0.000000
1777208305.239828,0,0.000000,0.300000,0.000000,0.300000,0.000000,0.000000,0.000000,0.000000,0.000000,0.000000
1777208305.240385,0,0.000000,0.300000,0.000000,0.300000,0.000000,0.000000,0.000000,0.000000,0.280000,0.000000
1777208305.265577,0,0.000000,0.300000,0.000000,0.300000,0.000000,0.000000,0.000000,0.000000,0.280000,0.100000
1777208305.266020,0,0.000000,0.300000,0.000000,0.300000,0.000000,0.000000,0.000000,0.000000,0.140000,0.100000
1777208305.291969,0,0.000000,0.300000,0.000000,0.300000,0.000000,0.000000,0.000000,0.000000,0.140000,0.000000
1777208305.318611,0,0.000000,0.300000,0.000000,0.300000,0.000000,0.000000,0.000000,0.000000,0.140000,0.000000
1777208305.344820,0,0.000000,0.300000,0.000000,0.300000,0.000000,0.000000,0.000000,0.000000,0.000000,0.000000
1777208305.345262,0,0.000000,0.300000,0.000000,0.300000,0.000000,0.000000,0.000000,0.000000,0.000000,0.000000
1777208305.345740,0,0.000000,0.300000,0.000000,0.300000,0.000000,0.000000,0.000000,0.000000,0.410000,0.100000
1777208305.372714,0,0.000000,0.300000,0.000000,0.300000,0.000000,0.000000,0.000000,0.000000,0.000000,0.000000
1777208305.399912,0,0.000000,0.300000,0.000000,0.300000,0.000000,0.000000,0.000000,0.000000,0.140000,0.000000
1777208305.400357,0,0.000000,0.300000,0.000000,0.300000,0.000000,0.000000,0.000000,0.000000,0.000000,0.000000
1777208305.423342,0,0.000000,0.300000,0.000000,0.300000,0.000000,0.000000,0.000000,0.000000,0.140000,0.500000
1777208305.423934,0,0.000000,0.300000,0.000000,0.300000,0.000000,0.000000,0.000000,0.000000,0.140000,0.000000
1777208305.447334,0,0.000000,0.300000,0.000000,0.300000,0.000000,0.000000,0.000000,0.000000,0.000000,0.000000
1777208305.448087,0,0.000000,0.300000,0.000000,0.300000,0.000000,0.000000,0.000000,0.000000,0.280000,0.000000
1777208305.471403,0,0.000000,0.300000,0.000000,0.300000,0.000000,0.000000,0.000000,0.000000,0.140000,0.200000
1777208305.496375,0,0.000000,0.300000,0.000000,0.300000,0.000000,0.000000,0.000000,0.000000,0.000000,0.000000
1777208305.521183,0,0.000000,0.300000,0.000000,0.300000,0.000000,0.000000,0.000000,0.000000,0.000000,0.100000
1777208305.521657,0,0.000000,0.300000,0.000000,0.300000,0.000000,0.000000,0.000000,0.000000,0.000000,0.200000
1777208305.548570,0,0.000000,0.300000,0.000000,0.300000,0.000000,0.000000,0.000000,0.000000,0.000000,0.100000
1777208305.549011,0,0.000000,0.300000,0.000000,0.300000,0.000000,0.000000,0.000000,0.000000,0.000000,0.100000
1777208305.573541,0,0.000000,0.300000,0.000000,0.300000,0.000000,0.000000,0.000000,0.000000,0.140000,0.200000
1777208305.598944,0,0.000000,0.300000,0.000000,0.300000,0.000000,0.000000,0.000000,0.000000,0.140000,0.000000
1777208305.599394,0,0.000000,0.300000,0.000000,0.300000,0.000000,0.000000,0.000000,0.000000,0.000000,0.100000
1777208305.624712,0,0.000000,0.300000,0.000000,0.300000,0.000000,0.000000,0.000000,0.000000,0.000000,0.100000
1777208305.625185,0,0.000000,0.300000,0.000000,0.300000,0.000000,0.000000,0.000000,0.000000,0.000000,0.000000
1777208305.650978,0,0.000000,0.300000,0.000000,0.300000,0.000000,0.000000,0.000000,0.000000,0.410000,0.000000
1777208305.676137,0,0.000000,0.300000,0.000000,0.300000,0.000000,0.000000,0.000000,0.000000,0.000000,0.300000
1777208305.676584,0,0.000000,0.300000,0.000000,0.300000,0.000000,0.000000,0.000000,0.000000,0.000000,0.000000
1777208305.702397,0,0.000000,0.300000,0.000000,0.300000,0.000000,0.000000,0.000000,0.000000,0.000000,0.000000
1777208305.702844,0,0.000000,0.300000,0.000000,0.300000,0.000000,0.000000,0.000000,0.000000,0.000000,0.000000
1777208305.728794,0,0.000000,0.300000,0.000000,0.300000,0.000000,0.000000,0.000000,0.000000,0.140000,0.200000
1777208305.754743,0,0.000000,0.300000,0.000000,0.300000,0.000000,0.000000,0.000000,0.000000,0.280000,0.100000
1777208305.755205,0,0.000000,0.300000,0.000000,0.300000,0.000000,0.000000,0.000000,0.000000,0.000000,0.000000
1777208305.781752,0,0.000000,0.300000,0.000000,0.300000,0.000000,0.000000,0.000000,0.000000,0.140000,0.000000
1777208305.782197,0,0.000000,0.300000,0.000000,0.300000,0.000000,0.000000,0.000000,0.000000,0.000000,0.300000
1777208305.821656,0,0.000000,0.300000,0.000000,0.300000,0.000000,0.000000,0.000000,0.000000,0.000000,0.000000
1777208305.822102,0,0.000000,0.300000,0.000000,0.300000,0.000000,0.000000,0.000000,0.000000,0.140000,0.100000
1777208305.852306,0,0.000000,0.300000,0.000000,0.300000,0.000000,0.000000,0.000000,0.000000,0.140000,0.000000
1777208305.852818,0,0.000000,0.300000,0.000000,0.300000,0.000000,0.000000,0.000000,0.000000,0.140000,0.000000
1777208305.854152,0,0.000000,0.300000,0.000000,0.300000,0.000000,0.000000,0.000000,0.000000,0.000000,0.000000
1777208305.886702,0,0.000000,0.300000,0.000000,0.300000,0.000000,0.000000,0.000000,0.000000,0.000000,0.050000
1777208305.887142,0,0.000000,0.300000,0.000000,0.300000,0.000000,0.000000,0.000000,0.000000,0.280000,0.310000
1777208305.914166,0,0.000000,0.300000,0.000000,0.300000,0.000000,0.000000,0.000000,0.000000,0.000000,0.050000
1777208305.914596,0,0.000000,0.300000,0.000000,0.300000,0.000000,0.000000,0.000000,0.000000,0.140000,0.000000
1777208305.941181,0,0.000000,0.300000,0.000000,0.300000,0.000000,0.000000,0.000000,0.000000,0.000000,0.000000
1777208305.941719,0,0.000000,0.300000,0.000000,0.300000,0.000000,0.000000,0.000000,0.000000,0.000000,0.000000
1777208305.967323,0,0.000000,0.300000,0.000000,0.300000,0.000000,0.000000,0.000000,0.000000,0.140000,0.000000
1777208305.968037,0,0.000000,0.300000,0.000000,0.300000,0.000000,0.000000,0.000000,0.000000,0.140000,0.000000
1777208305.994512,0,0.000000,0.300000,0.000000,0.300000,0.000000,0.000000,0.000000,0.000000,0.000000,0.200000
1777208306.021402,0,0.000000,0.300000,0.000000,0.300000,0.000000,0.000000,0.000000,0.000000,0.000000,0.000000
1777208306.021849,0,0.000000,0.300000,0.000000,0.300000,0.000000,0.000000,0.000000,0.000000,0.000000,0.100000
1777208306.049361,0,0.000000,0.300000,0.000000,0.300000,0.000000,0.000000,0.000000,0.000000,0.280000,0.050000
1777208306.049814,0,0.000000,0.300000,0.000000,0.300000,0.000000,0.000000,0.000000,0.000000,0.000000,0.050000
1777208306.077216,0,0.000000,0.300000,0.000000,0.300000,0.000000,0.000000,0.000000,0.000000,0.140000,0.000000
1777208306.077763,0,0.000000,0.300000,0.000000,0.300000,0.000000,0.000000,0.000000,0.000000,0.000000,0.000000
1777208306.105349,0,0.000000,0.300000,0.000000,0.300000,0.000000,0.000000,0.000000,0.000000,0.140000,0.000000
1777208306.105938,0,0.000000,0.300000,0.000000,0.300000,0.000000,0.000000,0.000000,0.000000,0.410000,0.050000
1777208306.133916,0,0.000000,0.300000,0.000000,0.300000,0.000000,0.000000,0.000000,0.000000,0.000000,0.000000
1777208306.134728,0,0.000000,0.300000,0.000000,0.300000,0.000000,0.000000,0.000000,0.000000,0.000000,0.310000
1777208306.161099,0,0.000000,0.300000,0.000000,0.300000,0.000000,0.000000,0.000000,0.000000,0.000000,0.050000
1777208306.161565,0,0.000000,0.300000,0.000000,0.300000,0.000000,0.000000,0.000000,0.000000,0.000000,0.000000
1777208306.188859,0,0.000000,0.300000,0.000000,0.300000,0.000000,0.000000,0.000000,0.000000,0.000000,0.050000
1777208306.216264,0,0.000000,0.300000,0.000000,0.300000,0.000000,0.000000,0.000000,0.000000,0.280000,0.050000
1777208306.216740,0,0.000000,0.300000,0.000000,0.300000,0.000000,0.000000,0.000000,0.000000,0.140000,0.000000
1777208306.243979,0,0.000000,0.300000,0.000000,0.300000,0.000000,0.000000,0.000000,0.000000,0.000000,0.050000
1777208306.244406,0,0.000000,0.300000,0.000000,0.300000,0.000000,0.000000,0.000000,0.000000,0.000000,0.050000
1777208306.271741,0,0.000000,0.300000,0.000000,0.300000,0.000000,0.000000,0.000000,0.000000,0.000000,0.050000
1777208306.272314,0,0.000000,0.300000,0.000000,0.300000,0.000000,0.000000,0.000000,0.000000,0.000000,0.000000
1777208306.299781,0,0.000000,0.300000,0.000000,0.300000,0.000000,0.000000,0.000000,0.000000,0.000000,0.000000
1777208306.300545,0,0.000000,0.300000,0.000000,0.300000,0.000000,0.000000,0.000000,0.000000,0.000000,0.100000
1777208306.331356,0,0.000000,0.300000,0.000000,0.300000,0.000000,0.000000,0.000000,0.000000,0.000000,0.050000
1777208306.359120,0,0.000000,0.300000,0.000000,0.300000,0.000000,0.000000,0.000000,0.000000,0.280000,0.000000
1777208306.359558,0,0.000000,0.300000,0.000000,0.300000,0.000000,0.000000,0.000000,0.000000,0.000000,0.050000
1777208306.364703,0,0.000000,0.300000,0.000000,0.300000,0.000000,0.000000,0.000000,0.000000,0.000000,0.200000
1777208306.379133,0,0.000000,0.300000,0.000000,0.300000,0.000000,0.000000,0.000000,0.000000,0.140000,0.000000
1777208306.380140,0,0.000000,0.300000,0.000000,0.300000,0.000000,0.000000,0.000000,0.000000,0.140000,0.100000
1777208306.391429,0,0.000000,0.300000,0.000000,0.300000,0.000000,0.000000,0.000000,0.000000,0.000000,0.100000
1777208306.392891,0,0.000000,0.300000,0.000000,0.300000,0.000000,0.000000,0.000000,0.000000,0.000000,0.000000
1777208306.415974,0,0.000000,0.300000,0.000000,0.300000,0.000000,0.000000,0.000000,0.000000,0.140000,0.050000
1777208306.431388,0,0.000000,0.300000,0.000000,0.300000,0.000000,0.000000,0.000000,0.000000,0.000000,0.000000
1777208306.454671,0,0.000000,0.300000,0.000000,0.300000,0.000000,0.000000,0.000000,0.000000,0.140000,0.000000
1777208306.461457,0,0.000000,0.300000,0.000000,0.300000,0.000000,0.000000,0.000000,0.000000,0.140000,0.000000
1777208306.479023,0,0.000000,0.300000,0.000000,0.300000,0.000000,0.000000,0.000000,0.000000,0.140000,0.050000
1777208306.492074,0,0.000000,0.300000,0.000000,0.300000,0.000000,0.000000,0.000000,0.000000,0.000000,0.050000
1777208306.515478,0,0.000000,0.300000,0.000000,0.300000,0.000000,0.000000,0.000000,0.000000,0.000000,0.000000
1777208306.520944,0,0.000000,0.300000,0.000000,0.300000,0.000000,0.000000,0.000000,0.000000,0.000000,0.150000
1777208306.543721,0,0.000000,0.300000,0.000000,0.300000,0.000000,0.000000,0.000000,0.000000,0.000000,0.050000
1777208306.545138,0,0.000000,0.300000,0.000000,0.300000,0.000000,0.000000,0.000000,0.000000,0.140000,0.000000
1777208306.582727,0,0.000000,0.300000,0.000000,0.300000,0.000000,0.000000,0.000000,0.000000,0.140000,0.000000
1777208306.598454,0,0.000000,0.300000,0.000000,0.300000,0.000000,0.000000,0.000000,0.000000,0.140000,0.340000
1777208306.600588,0,0.000000,0.300000,0.000000,0.300000,0.000000,0.000000,0.000000,0.000000,0.000000,0.050000
1777208306.611450,0,0.000000,0.300000,0.000000,0.300000,0.000000,0.000000,0.000000,0.000000,0.140000,0.000000
1777208306.637061,0,0.000000,0.300000,0.000000,0.300000,0.000000,0.000000,0.000000,0.000000,0.140000,0.000000
1777208306.658288,0,0.000000,0.300000,0.000000,0.300000,0.000000,0.000000,0.000000,0.000000,0.000000,0.050000
1777208306.660629,0,0.000000,0.300000,0.000000,0.300000,0.000000,0.000000,0.000000,0.000000,0.000000,0.000000
1777208306.670586,0,0.000000,0.300000,0.000000,0.300000,0.000000,0.000000,0.000000,0.000000,0.000000,0.000000
1777208306.695004,0,0.000000,0.300000,0.000000,0.300000,0.000000,0.000000,0.000000,0.000000,0.280000,0.000000
1777208306.705913,0,0.000000,0.300000,0.000000,0.300000,0.000000,0.000000,0.000000,0.000000,0.140000,0.050000
1777208306.734713,0,0.000000,0.300000,0.000000,0.300000,0.000000,0.000000,0.000000,0.000000,0.000000,0.000000
1777208306.735878,0,0.000000,0.300000,0.000000,0.300000,0.000000,0.000000,0.000000,0.000000,0.000000,0.000000
1777208306.755688,0,0.000000,0.300000,0.000000,0.300000,0.000000,0.000000,0.000000,0.000000,0.140000,0.000000
1777208306.777856,0,0.000000,0.300000,0.000000,0.300000,0.000000,0.000000,0.000000,0.000000,0.140000,0.100000
1777208306.791641,0,0.000000,0.300000,0.000000,0.300000,0.000000,0.000000,0.000000,0.000000,0.140000,0.000000
1777208306.798371,0,0.000000,0.300000,0.000000,0.300000,0.000000,0.000000,0.000000,0.000000,0.000000,0.050000
1777208306.806233,0,0.000000,0.300000,0.000000,0.300000,0.000000,0.000000,0.000000,0.000000,0.000000,0.000000
1777208306.828774,0,0.000000,0.300000,0.000000,0.300000,0.000000,0.000000,0.000000,0.000000,0.140000,0.000000
1777208306.846706,0,0.000000,0.300000,0.000000,0.300000,0.000000,0.000000,0.000000,0.000000,0.280000,0.000000
1777208306.865720,0,0.000000,0.300000,0.000000,0.300000,0.000000,0.000000,0.000000,0.000000,0.140000,0.000000
1777208306.872747,0,0.000000,0.300000,0.000000,0.300000,0.000000,0.000000,0.000000,0.000000,0.000000,0.000000
1777208306.896982,0,0.000000,0.300000,0.000000,0.300000,0.000000,0.000000,0.000000,0.000000,0.280000,0.000000
1777208306.910350,0,0.000000,0.300000,0.000000,0.300000,0.000000,0.000000,0.000000,0.000000,0.000000,0.000000
1777208306.918860,0,0.000000,0.300000,0.000000,0.300000,0.000000,0.000000,0.000000,0.000000,0.280000,0.050000
1777208306.933338,0,0.000000,0.300000,0.000000,0.300000,0.000000,0.000000,0.000000,0.000000,0.000000,0.000000
1777208306.949217,0,0.000000,0.300000,0.000000,0.300000,0.000000,0.000000,0.000000,0.000000,0.000000,0.000000
1777208306.963687,0,0.000000,0.300000,0.000000,0.300000,0.000000,0.000000,0.000000,0.000000,0.000000,0.000000
1777208306.980919,0,0.000000,0.300000,0.000000,0.300000,0.000000,0.000000,0.000000,0.000000,0.280000,0.000000
1777208307.004148,0,0.000000,0.300000,0.000000,0.300000,0.000000,0.000000,0.000000,0.000000,0.000000,0.000000
1777208307.009929,0,0.000000,0.300000,0.000000,0.300000,0.000000,0.000000,0.000000,0.000000,0.140000,0.000000
1777208307.033175,0,0.000000,0.300000,0.000000,0.300000,0.000000,0.000000,0.000000,0.000000,0.140000,0.050000
1777208307.040179,0,0.000000,0.300000,0.000000,0.300000,0.000000,0.000000,0.000000,0.000000,0.140000,0.000000
1777208307.054843,0,0.000000,0.300000,0.000000,0.300000,0.000000,0.000000,0.000000,0.000000,0.280000,0.000000
1777208307.076725,0,0.000000,0.300000,0.000000,0.300000,0.000000,0.000000,0.000000,0.000000,0.000000,0.050000
1777208307.094051,0,0.000000,0.300000,0.000000,0.300000,0.000000,0.000000,0.000000,0.000000,0.000000,0.000000
1777208307.098652,0,0.000000,0.300000,0.000000,0.300000,0.000000,0.000000,0.000000,0.000000,0.000000,0.000000
1777208307.114195,0,0.000000,0.300000,0.000000,0.300000,0.000000,0.000000,0.000000,0.000000,0.140000,0.000000
1777208307.130374,0,0.000000,0.300000,0.000000,0.300000,0.000000,0.000000,0.000000,0.000000,0.140000,0.100000
1777208307.151840,0,0.000000,0.300000,0.000000,0.300000,0.000000,0.000000,0.000000,0.000000,0.000000,0.000000
1777208307.159102,0,0.000000,0.300000,0.000000,0.300000,0.000000,0.000000,0.000000,0.000000,0.140000,0.000000
1777208307.173755,0,0.000000,0.300000,0.000000,0.300000,0.000000,0.000000,0.000000,0.000000,0.000000,0.050000
1777208307.188885,0,0.000000,0.300000,0.000000,0.300000,0.000000,0.000000,0.000000,0.000000,0.000000,0.000000
1777208307.212134,0,0.000000,0.300000,0.000000,0.300000,0.000000,0.000000,0.000000,0.000000,0.000000,0.000000
1777208307.213348,0,0.000000,0.300000,0.000000,0.300000,0.000000,0.000000,0.000000,0.000000,0.000000,0.000000
1777208307.233876,0,0.000000,0.300000,0.000000,0.300000,0.000000,0.000000,0.000000,0.000000,0.000000,0.000000
1777208307.248594,0,0.000000,0.300000,0.000000,0.300000,0.000000,0.000000,0.000000,0.000000,0.140000,0.000000
1777208307.271912,0,0.000000,0.300000,0.000000,0.300000,0.000000,0.000000,0.000000,0.000000,0.140000,0.000000
1777208307.287422,0,0.000000,0.300000,0.000000,0.300000,0.000000,0.000000,0.000000,0.000000,0.000000,0.000000
1777208307.293532,0,0.000000,0.300000,0.000000,0.300000,0.000000,0.000000,0.000000,0.000000,0.140000,0.000000
1777208307.318947,0,0.000000,0.300000,0.000000,0.300000,0.000000,0.000000,0.000000,0.000000,0.140000,0.050000
1777208307.324645,0,0.000000,0.300000,0.000000,0.300000,0.000000,0.000000,0.000000,0.000000,0.000000,0.000000
1777208307.348447,0,0.000000,0.300000,0.000000,0.300000,0.000000,0.000000,0.000000,0.000000,0.140000,0.050000
1777208307.356360,0,0.000000,0.300000,0.000000,0.300000,0.000000,0.000000,0.000000,0.000000,0.000000,0.000000
1777208307.378851,0,0.000000,0.300000,0.000000,0.300000,0.000000,0.000000,0.000000,0.000000,0.140000,0.000000
1777208307.399898,0,0.000000,0.300000,0.000000,0.300000,0.000000,0.000000,0.000000,0.000000,0.140000,0.150000
1777208307.407262,0,0.000000,0.300000,0.000000,0.300000,0.000000,0.000000,0.000000,0.000000,0.140000,0.000000
1777208307.423917,0,0.000000,0.300000,0.000000,0.300000,0.000000,0.000000,0.000000,0.000000,0.000000,0.000000
1777208307.446008,0,0.000000,0.300000,0.000000,0.300000,0.000000,0.000000,0.000000,0.000000,0.000000,0.000000
1777208307.447428,0,0.000000,0.300000,0.000000,0.300000,0.000000,0.000000,0.000000,0.000000,0.000000,0.050000
1777208307.459564,0,0.000000,0.300000,0.000000,0.300000,0.000000,0.000000,0.000000,0.000000,0.000000,0.000000
1777208307.490090,0,0.000000,0.300000,0.000000,0.300000,0.000000,0.000000,0.000000,0.000000,0.000000,0.000000
1777208307.496801,0,0.000000,0.300000,0.000000,0.300000,0.000000,0.000000,0.000000,0.000000,0.140000,0.000000
1777208307.512786,0,0.000000,0.300000,0.000000,0.300000,0.000000,0.000000,0.000000,0.000000,0.000000,0.050000
1777208307.519070,0,0.000000,0.300000,0.000000,0.300000,0.000000,0.000000,0.000000,0.000000,0.140000,0.050000
1777208307.542734,0,0.000000,0.300000,0.000000,0.300000,0.000000,0.000000,0.000000,0.000000,0.000000,0.050000
1777208307.548563,0,0.000000,0.300000,0.000000,0.300000,0.000000,0.000000,0.000000,0.000000,0.000000,0.000000
1777208307.573813,0,0.000000,0.300000,0.000000,0.300000,0.000000,0.000000,0.000000,0.000000,0.070000,0.000000
1777208307.587512,0,0.000000,0.300000,0.000000,0.300000,0.000000,0.000000,0.000000,0.000000,0.000000,0.000000
1777208307.595894,0,0.000000,0.300000,0.000000,0.300000,0.000000,0.000000,0.000000,0.000000,0.000000,0.050000
1777208307.625183,0,0.000000,0.300000,0.000000,0.300000,0.000000,0.000000,0.000000,0.000000,0.070000,0.050000
1777208307.633402,0,0.000000,0.300000,0.000000,0.300000,0.000000,0.000000,0.000000,0.000000,0.000000,0.000000
1777208307.648015,0,0.000000,0.300000,0.000000,0.300000,0.000000,0.000000,0.000000,0.000000,0.000000,0.050000
1777208307.663638,0,0.000000,0.300000,0.000000,0.300000,0.000000,0.000000,0.000000,0.000000,0.000000,0.050000
1777208307.677310,0,0.000000,0.300000,0.000000,0.300000,0.000000,0.000000,0.000000,0.000000,0.070000,0.000000
1777208307.700089,0,0.000000,0.300000,0.000000,0.300000,0.000000,0.000000,0.000000,0.000000,0.000000,0.000000
1777208307.706733,0,0.000000,0.300000,0.000000,0.300000,0.000000,0.000000,0.000000,0.000000,0.000000,0.050000
1777208307.723369,0,0.000000,0.300000,0.000000,0.300000,0.000000,0.000000,0.000000,0.000000,0.070000,0.000000
1777208307.739069,0,0.000000,0.300000,0.000000,0.300000,0.000000,0.000000,0.000000,0.000000,0.000000,0.000000
1777208307.753226,0,0.000000,0.300000,0.000000,0.300000,0.000000,0.000000,0.000000,0.000000,0.000000,0.000000
1777208307.775729,0,0.000000,0.300000,0.000000,0.300000,0.000000,0.000000,0.000000,0.000000,0.070000,0.200000
1777208307.782329,0,0.000000,0.300000,0.000000,0.300000,0.000000,0.000000,0.000000,0.000000,0.000000,0.000000
1777208307.800049,0,0.000000,0.300000,0.000000,0.300000,0.000000,0.000000,0.000000,0.000000,0.000000,0.000000
1777208307.826557,0,0.000000,0.300000,0.000000,0.300000,0.000000,0.000000,0.000000,0.000000,0.140000,0.000000
1777208307.828649,0,0.000000,0.300000,0.000000,0.300000,0.000000,0.000000,0.000000,0.000000,0.000000,0.000000
1777208307.848403,0,0.000000,0.300000,0.000000,0.300000,0.000000,0.000000,0.000000,0.000000,0.070000,0.050000
1777208307.856827,0,0.000000,0.300000,0.000000,0.300000,0.000000,0.000000,0.000000,0.000000,0.070000,0.000000
1777208307.870409,0,0.000000,0.300000,0.000000,0.300000,0.000000,0.000000,0.000000,0.000000,0.000000,0.000000
1777208307.893243,0,0.000000,0.300000,0.000000,0.300000,0.000000,0.000000,0.000000,0.000000,0.000000,0.000000
1777208307.902697,0,0.000000,0.300000,0.000000,0.300000,0.000000,0.000000,0.000000,0.000000,0.070000,0.000000
1777208307.918266,0,0.000000,0.300000,0.000000,0.300000,0.000000,0.000000,0.000000,0.000000,0.140000,0.000000
1777208307.938742,0,0.000000,0.300000,0.000000,0.300000,0.000000,0.000000,0.000000,0.000000,0.000000,0.050000
1777208307.977485,0,0.000000,0.300000,0.000000,0.300000,0.000000,0.000000,0.000000,0.000000,0.140000,0.050000
1777208307.984536,0,0.000000,0.300000,0.000000,0.300000,0.000000,0.000000,0.000000,0.000000,0.000000,0.000000
1777208307.986862,0,0.000000,0.300000,0.000000,0.300000,0.000000,0.000000,0.000000,0.000000,0.000000,0.050000
1777208307.991527,0,0.000000,0.300000,0.000000,0.300000,0.000000,0.000000,0.000000,0.000000,0.070000,0.000000
1777208308.016603,0,0.000000,0.300000,0.000000,0.300000,0.000000,0.000000,0.000000,0.000000,0.000000,0.050000
1777208308.022695,0,0.000000,0.300000,0.000000,0.300000,0.000000,0.000000,0.000000,0.000000,0.070000,0.000000
1777208308.046162,0,0.000000,0.300000,0.000000,0.300000,0.000000,0.000000,0.000000,0.000000,0.000000,0.000000
1777208308.051386,0,0.000000,0.300000,0.000000,0.300000,0.000000,0.000000,0.000000,0.000000,0.000000,0.050000
1777208308.068248,0,0.000000,0.300000,0.000000,0.300000,0.000000,0.000000,0.000000,0.000000,0.000000,0.000000
1777208308.090257,0,0.000000,0.300000,0.000000,0.300000,0.000000,0.000000,0.000000,0.000000,0.000000,0.150000
1777208308.113862,0,0.000000,0.300000,0.000000,0.300000,0.000000,0.000000,0.000000,0.000000,0.000000,0.000000
1777208308.115497,0,0.000000,0.300000,0.000000,0.300000,0.000000,0.000000,0.000000,0.000000,0.000000,0.000000
1777208308.127510,0,0.000000,0.300000,0.000000,0.300000,0.000000,0.000000,0.000000,0.000000,0.000000,0.000000
1777208308.144247,0,0.000000,0.300000,0.000000,0.300000,0.000000,0.000000,0.000000,0.000000,0.000000,0.000000
1777208308.165580,0,0.000000,0.300000,0.000000,0.300000,0.000000,0.000000,0.000000,0.000000,0.000000,0.000000
1777208308.179003,0,0.000000,0.300000,0.000000,0.300000,0.000000,0.000000,0.000000,0.000000,0.000000,0.100000
1777208308.186429,0,0.000000,0.300000,0.000000,0.300000,0.000000,0.000000,0.000000,0.000000,0.070000,0.000000
1777208308.203731,0,0.000000,0.300000,0.000000,0.300000,0.000000,0.000000,0.000000,0.000000,0.000000,0.000000
1777208308.218880,0,0.000000,0.300000,0.000000,0.300000,0.000000,0.000000,0.000000,0.000000,0.140000,0.000000
1777208308.239687,0,0.000000,0.300000,0.000000,0.300000,0.000000,0.000000,0.000000,0.000000,0.000000,0.000000
1777208308.254614,0,0.000000,0.300000,0.000000,0.300000,0.000000,0.000000,0.000000,0.000000,0.000000,0.050000
1777208308.261880,0,0.000000,0.300000,0.000000,0.300000,0.000000,0.000000,0.000000,0.000000,0.070000,0.000000
1777208308.278426,0,0.000000,0.300000,0.000000,0.300000,0.000000,0.000000,0.000000,0.000000,0.140000,0.000000
1777208308.301030,0,0.000000,0.300000,0.000000,0.300000,0.000000,0.000000,0.000000,0.000000,0.000000,0.000000
1777208308.315419,0,0.000000,0.300000,0.000000,0.300000,0.000000,0.000000,0.000000,0.000000,0.000000,0.070000
1777208308.330769,0,0.000000,0.300000,0.000000,0.300000,0.000000,0.000000,0.000000,0.000000,0.070000,0.020000
1777208308.337601,0,0.000000,0.300000,0.000000,0.300000,0.000000,0.000000,0.000000,0.000000,0.000000,0.000000
1777208308.361050,0,0.000000,0.300000,0.000000,0.300000,0.000000,0.000000,0.000000,0.000000,0.000000,0.000000
1777208308.367831,0,0.000000,0.300000,0.000000,0.300000,0.000000,0.000000,0.000000,0.000000,0.200000,0.000000
1777208308.390463,0,0.000000,0.300000,0.000000,0.300000,0.000000,0.000000,0.000000,0.000000,0.000000,0.000000
1777208308.419034,0,0.000000,0.300000,0.000000,0.300000,0.000000,0.000000,0.000000,0.000000,0.000000,0.020000
1777208308.420900,0,0.000000,0.300000,0.000000,0.300000,0.000000,0.000000,0.000000,0.000000,0.200000,0.000000
1777208308.434060,0,0.000000,0.300000,0.000000,0.300000,0.000000,0.000000,0.000000,0.000000,0.070000,0.000000
1777208308.451521,0,0.000000,0.300000,0.000000,0.300000,0.000000,0.000000,0.000000,0.000000,0.000000,0.000000
1777208308.464936,0,0.000000,0.300000,0.000000,0.300000,0.000000,0.000000,0.000000,0.000000,0.000000,0.020000
1777208308.488788,0,0.000000,0.300000,0.000000,0.300000,0.000000,0.000000,0.000000,0.000000,0.000000,0.000000
1777208308.490420,0,0.000000,0.300000,0.000000,0.300000,0.000000,0.000000,0.000000,0.000000,0.000000,0.000000
1777208308.509388,0,0.000000,0.300000,0.000000,0.300000,0.000000,0.000000,0.000000,0.000000,0.070000,0.000000
1777208308.526170,0,0.000000,0.300000,0.000000,0.300000,0.000000,0.000000,0.000000,0.000000,0.000000,0.000000
1777208308.548375,0,0.000000,0.300000,0.000000,0.300000,0.000000,0.000000,0.000000,0.000000,0.000000,0.330000
1777208308.556737,0,0.000000,0.300000,0.000000,0.300000,0.000000,0.000000,0.000000,0.000000,0.070000,0.000000
1777208308.570699,0,0.000000,0.300000,0.000000,0.300000,0.000000,0.000000,0.000000,0.000000,0.000000,0.000000
1777208308.587204,0,0.000000,0.300000,0.000000,0.300000,0.000000,0.000000,0.000000,0.000000,0.000000,0.070000
1777208308.607903,0,0.000000,0.300000,0.000000,0.300000,0.000000,0.000000,0.000000,0.000000,0.140000,0.000000
1777208308.622876,0,0.000000,0.300000,0.000000,0.300000,0.000000,0.000000,0.000000,0.000000,0.070000,0.000000
1777208308.629870,0,0.000000,0.300000,0.000000,0.300000,0.000000,0.000000,0.000000,0.000000,0.000000,0.000000
1777208308.645097,0,0.000000,0.300000,0.000000,0.300000,0.000000,0.000000,0.000000,0.000000,0.070000,0.020000
1777208308.668051,0,0.000000,0.300000,0.000000,0.300000,0.000000,0.000000,0.000000,0.000000,0.000000,0.000000
1777208308.682175,0,0.000000,0.300000,0.000000,0.300000,0.000000,0.000000,0.000000,0.000000,0.000000,0.000000
1777208308.688569,0,0.000000,0.300000,0.000000,0.300000,0.000000,0.000000,0.000000,0.000000,0.000000,0.000000
1777208308.705893,0,0.000000,0.300000,0.000000,0.300000,0.000000,0.000000,0.000000,0.000000,0.000000,0.000000
1777208308.721670,0,0.000000,0.300000,0.000000,0.300000,0.000000,0.000000,0.000000,0.000000,0.000000,0.020000
1777208308.744275,0,0.000000,0.300000,0.000000,0.300000,0.000000,0.000000,0.000000,0.000000,0.140000,0.000000
1777208308.765125,0,0.000000,0.300000,0.000000,0.300000,0.000000,0.000000,0.000000,0.000000,0.070000,0.000000
1777208308.766409,0,0.000000,0.300000,0.000000,0.300000,0.000000,0.000000,0.000000,0.000000,0.070000,0.460000
1777208308.837432,0,0.000000,0.300000,0.000000,0.300000,0.000000,0.000000,0.000000,0.000000,0.140000,0.000000
1777208308.837936,0,0.000000,0.300000,0.000000,0.300000,0.000000,0.000000,0.000000,0.000000,0.000000,0.000000
1777208308.838468,0,0.000000,0.300000,0.000000,0.300000,0.000000,0.000000,0.000000,0.000000,0.070000,0.020000
1777208308.838890,0,0.000000,0.300000,0.000000,0.300000,0.000000,0.000000,0.000000,0.000000,0.000000,0.000000
1777208308.884099,0,0.000000,0.300000,0.000000,0.300000,0.000000,0.000000,0.000000,0.000000,0.070000,0.020000
1777208308.884830,0,0.000000,0.300000,0.000000,0.300000,0.000000,0.000000,0.000000,0.000000,0.000000,0.050000
1777208308.925994,0,0.000000,0.300000,0.000000,2.000000,0.000000,0.000000,0.000000,0.000000,0.000000,0.000000
1777208308.926756,0,0.000000,2.000000,0.000000,2.000000,0.000000,0.000000,0.000000,0.000000,0.070000,0.000000
1777208308.954582,0,0.000000,2.000000,0.000000,2.000000,0.000000,0.000000,0.000000,0.000000,0.000000,0.150000
1777208308.981816,0,0.000000,2.000000,0.000000,2.000000,0.000000,0.000000,0.000000,0.000000,0.000000,0.020000
1777208309.008478,0,0.000000,2.000000,0.000000,2.000000,0.000000,0.000000,0.000000,0.000000,0.200000,0.090000
1777208309.008984,0,0.000000,2.000000,0.000000,2.000000,0.000000,0.000000,0.000000,0.000000,0.070000,0.000000
1777208309.035549,0,0.000000,2.000000,0.000000,2.000000,0.000000,0.000000,0.000000,0.000000,0.000000,0.000000
1777208309.036213,0,0.000000,2.000000,0.000000,2.000000,0.000000,0.000000,0.000000,0.000000,0.280000,0.050000
1777208309.063185,0,0.000000,2.000000,0.000000,2.000000,0.000000,0.000000,0.000000,0.000000,0.070000,0.020000
1777208309.089697,0,0.000000,2.000000,0.000000,2.000000,0.000000,0.000000,0.000000,0.000000,0.140000,0.000000
1777208309.090196,0,0.000000,2.000000,0.000000,2.000000,0.000000,0.000000,0.000000,0.000000,0.000000,0.050000
1777208309.117291,0,0.000000,2.000000,0.000000,2.000000,0.000000,0.000000,0.000000,0.000000,0.000000,0.000000
1777208309.117790,0,0.000000,2.000000,0.000000,2.000000,0.000000,0.000000,0.000000,0.000000,0.000000,0.000000
1777208309.144847,0,0.000000,2.000000,0.000000,2.000000,0.000000,0.000000,0.000000,0.000000,0.000000,0.020000
1777208309.145486,0,0.000000,2.000000,0.000000,2.000000,0.000000,0.000000,0.000000,0.000000,0.140000,0.000000
1777208309.174604,0,0.000000,2.000000,0.000000,2.000000,0.000000,0.000000,0.000000,0.000000,0.070000,0.020000
1777208309.175239,0,0.000000,2.000000,0.000000,2.000000,0.000000,0.000000,0.000000,0.000000,0.070000,0.020000
1777208309.202158,0,0.000000,2.000000,0.000000,2.000000,0.000000,0.000000,0.000000,0.000000,0.000000,0.050000
1777208309.229072,0,0.000000,2.000000,0.000000,2.000000,0.000000,0.000000,0.000000,0.000000,0.140000,0.020000
1777208309.229576,0,0.000000,2.000000,0.000000,2.000000,0.000000,0.000000,0.000000,0.000000,0.000000,0.020000
1777208309.256808,0,0.000000,2.000000,0.000000,2.000000,0.000000,0.000000,0.000000,0.000000,0.070000,0.000000
1777208309.283378,0,0.000000,2.000000,0.000000,2.000000,0.000000,0.000000,0.000000,0.000000,0.000000,0.020000
1777208309.283879,0,0.000000,2.000000,0.000000,2.000000,0.000000,0.000000,0.000000,0.000000,0.070000,0.020000
1777208309.284373,0,0.000000,2.000000,0.000000,2.000000,0.000000,0.000000,0.000000,0.000000,0.070000,0.000000
1777208309.334350,0,0.000000,2.000000,0.000000,2.000000,0.000000,0.000000,0.000000,0.000000,0.000000,0.000000
1777208309.334900,0,0.000000,2.000000,0.000000,2.000000,0.000000,0.000000,0.000000,0.000000,0.140000,0.050000
1777208309.335311,0,0.000000,2.000000,0.000000,2.000000,0.000000,0.000000,0.000000,0.000000,0.070000,0.000000
1777208309.335965,0,0.000000,2.000000,0.000000,2.000000,0.000000,0.000000,0.000000,0.000000,0.000000,0.000000
1777208309.385159,0,0.000000,2.000000,0.000000,2.000000,0.000000,0.000000,0.000000,0.000000,0.070000,0.000000
1777208309.385668,0,0.000000,2.000000,0.000000,2.000000,0.000000,0.000000,0.000000,0.000000,0.000000,0.050000
1777208309.386260,0,0.000000,2.000000,0.000000,2.000000,0.000000,0.000000,0.000000,0.000000,0.140000,0.020000
1777208309.386692,0,0.000000,2.000000,0.000000,2.000000,0.000000,0.000000,0.000000,0.000000,0.000000,0.000000
1777208309.436408,0,0.000000,2.000000,0.000000,2.000000,0.000000,0.000000,0.000000,0.000000,0.000000,0.020000
1777208309.437335,0,0.000000,2.000000,0.000000,2.000000,0.000000,0.000000,0.000000,0.000000,0.000000,0.000000
1777208309.464629,0,0.000000,2.000000,0.000000,2.000000,0.000000,0.000000,0.000000,0.000000,0.000000,0.000000
1777208309.492301,0,0.000000,2.000000,0.000000,2.000000,0.000000,0.000000,0.000000,0.000000,0.140000,0.020000
1777208309.492823,0,0.000000,2.000000,0.000000,2.000000,0.000000,0.000000,0.000000,0.000000,0.000000,0.000000
1777208309.520191,0,0.000000,2.000000,0.000000,2.000000,0.000000,0.000000,0.000000,0.000000,0.000000,0.020000
1777208309.520694,0,0.000000,2.000000,0.000000,2.000000,0.000000,0.000000,0.000000,0.000000,0.140000,0.050000
1777208309.548312,0,0.000000,2.000000,0.000000,2.000000,0.000000,0.000000,0.000000,0.000000,0.000000,0.000000
1777208309.575050,0,0.000000,2.000000,0.000000,2.000000,0.000000,0.000000,0.000000,0.000000,0.070000,0.000000
1777208309.575555,0,0.000000,2.000000,0.000000,2.000000,0.000000,0.000000,0.000000,0.000000,0.140000,0.000000
1777208309.576148,0,0.000000,2.000000,0.000000,2.000000,0.000000,0.000000,0.000000,0.000000,0.070000,0.000000
1777208309.603181,0,0.000000,2.000000,0.000000,2.000000,0.000000,0.000000,0.000000,0.000000,0.000000,0.000000
1777208309.630698,0,0.000000,2.000000,0.000000,2.000000,0.000000,0.000000,0.000000,0.000000,0.070000,0.020000
1777208309.631267,0,0.000000,2.000000,0.000000,2.000000,0.000000,0.000000,0.000000,0.000000,0.000000,0.000000
1777208309.658369,0,0.000000,2.000000,0.000000,2.000000,0.000000,0.000000,0.000000,0.000000,0.000000,0.000000
1777208309.658875,0,0.000000,2.000000,0.000000,2.000000,0.000000,0.000000,0.000000,0.000000,0.070000,0.000000
1777208309.685313,0,0.000000,2.000000,0.000000,2.000000,0.000000,0.000000,0.000000,0.000000,0.000000,0.000000
1777208309.713501,0,0.000000,2.000000,0.000000,2.000000,0.000000,0.000000,0.000000,0.000000,0.070000,0.000000
1777208309.714087,0,0.000000,2.000000,0.000000,2.000000,0.000000,0.000000,0.000000,0.000000,0.000000,0.000000
1777208309.741589,0,0.000000,2.000000,0.000000,2.000000,0.000000,0.000000,0.000000,0.000000,0.000000,0.050000
1777208309.742070,0,0.000000,2.000000,0.000000,2.000000,0.000000,0.000000,0.000000,0.000000,0.000000,0.000000
1777208309.742456,0,0.000000,2.000000,0.000000,2.000000,0.000000,0.000000,0.000000,0.000000,0.070000,0.000000
1777208309.772285,0,0.000000,2.000000,0.000000,2.000000,0.000000,0.000000,0.000000,0.000000,0.000000,0.000000
1777208309.772786,0,0.000000,2.000000,0.000000,2.000000,0.000000,0.000000,0.000000,0.000000,0.000000,0.000000
1777208309.799504,0,0.000000,2.000000,0.000000,2.000000,0.000000,0.000000,0.000000,0.000000,0.000000,0.440000
1777208309.800135,0,0.000000,2.000000,0.000000,2.000000,0.000000,0.000000,0.000000,0.000000,0.000000,0.000000
1777208309.827368,0,0.000000,2.000000,0.000000,2.000000,0.000000,0.000000,0.000000,0.000000,0.070000,0.000000
1777208309.856010,0,0.000000,2.000000,0.000000,2.000000,0.000000,0.000000,0.000000,0.000000,0.140000,0.000000
1777208309.856491,0,0.000000,2.000000,0.000000,2.000000,0.000000,0.000000,0.000000,0.000000,0.000000,0.000000
1777208309.885115,0,0.000000,2.000000,0.000000,2.000000,0.000000,0.000000,0.000000,0.000000,0.070000,0.000000
1777208309.885904,0,0.000000,2.000000,0.000000,2.000000,0.000000,0.000000,0.000000,0.000000,0.140000,0.000000
1777208309.913314,0,0.000000,2.000000,0.000000,2.000000,0.000000,0.000000,0.000000,0.000000,0.000000,0.000000
1777208309.913805,0,0.000000,2.000000,0.000000,2.000000,0.000000,0.000000,0.000000,0.000000,0.000000,0.020000
1777208309.941770,0,0.000000,2.000000,0.000000,2.000000,0.000000,0.000000,0.000000,0.000000,0.070000,0.000000
1777208309.969035,0,0.000000,2.000000,0.000000,2.000000,0.000000,0.000000,0.000000,0.000000,0.000000,0.000000
1777208309.969534,0,0.000000,2.000000,0.000000,2.000000,0.000000,0.000000,0.000000,0.000000,0.000000,0.000000
1777208309.969917,0,0.000000,2.000000,0.000000,2.000000,0.000000,0.000000,0.000000,0.000000,0.070000,0.000000
1777208309.996789,0,0.000000,2.000000,0.000000,2.000000,0.000000,0.000000,0.000000,0.000000,0.000000,0.000000
1777208310.023586,0,0.000000,2.000000,0.000000,2.000000,0.000000,0.000000,0.000000,0.000000,0.000000,0.000000
1777208310.024066,0,0.000000,2.000000,0.000000,2.000000,0.000000,0.000000,0.000000,0.000000,0.000000,0.000000
1777208310.050573,0,0.000000,2.000000,0.000000,2.000000,0.000000,0.000000,0.000000,0.000000,0.070000,0.000000
1777208310.051054,0,0.000000,2.000000,0.000000,2.000000,0.000000,0.000000,0.000000,0.000000,0.000000,0.020000
1777208310.078348,0,0.000000,2.000000,0.000000,2.000000,0.000000,0.000000,0.000000,0.000000,0.000000,0.020000
1777208310.105424,0,0.000000,2.000000,0.000000,2.000000,0.000000,0.000000,0.000000,0.000000,0.140000,0.000000
1777208310.105898,0,0.000000,2.000000,0.000000,2.000000,0.000000,0.000000,0.000000,0.000000,0.000000,0.000000
1777208310.132924,0,0.000000,2.000000,0.000000,2.000000,0.000000,0.000000,0.000000,0.000000,0.070000,0.050000
1777208310.133423,0,0.000000,2.000000,0.000000,2.000000,0.000000,0.000000,0.000000,0.000000,0.000000,0.000000
1777208310.159994,0,0.000000,2.000000,0.000000,2.000000,0.000000,0.000000,0.000000,0.000000,0.070000,0.000000
1777208310.160490,0,0.000000,2.000000,0.000000,2.000000,0.000000,0.000000,0.000000,0.000000,0.000000,0.000000
1777208310.187851,0,0.000000,2.000000,0.000000,2.000000,0.000000,0.000000,0.000000,0.000000,0.000000,0.000000
1777208310.188478,0,0.000000,2.000000,0.000000,2.000000,0.000000,0.000000,0.000000,0.000000,0.000000,0.000000
1777208310.215830,0,0.000000,2.000000,0.000000,2.000000,0.000000,0.000000,0.000000,0.000000,0.070000,0.000000
1777208310.216320,0,0.000000,2.000000,0.000000,2.000000,0.000000,0.000000,0.000000,0.000000,0.000000,0.000000
1777208310.243127,0,0.000000,2.000000,0.000000,2.000000,0.000000,0.000000,0.000000,0.000000,0.000000,0.000000
1777208310.243718,0,0.000000,2.000000,0.000000,2.000000,0.000000,0.000000,0.000000,0.000000,0.000000,0.000000
1777208310.271141,0,0.000000,2.000000,0.000000,2.000000,0.000000,0.000000,0.000000,0.000000,0.070000,0.000000
1777208310.298254,0,0.000000,2.000000,0.000000,2.000000,0.000000,0.000000,0.000000,0.000000,0.000000,0.000000
1777208310.298742,0,0.000000,2.000000,0.000000,2.000000,0.000000,0.000000,0.000000,0.000000,0.070000,0.150000
1777208310.325300,0,0.000000,2.000000,0.000000,2.000000,0.000000,0.000000,0.000000,0.000000,0.000000,0.000000
1777208310.325991,0,0.000000,2.000000,0.000000,2.000000,0.000000,0.000000,0.000000,0.000000,0.000000,0.000000
1777208310.352934,0,0.000000,2.000000,0.000000,2.000000,0.000000,0.000000,0.000000,0.000000,0.070000,0.000000
1777208310.353409,0,0.000000,2.000000,0.000000,2.000000,0.000000,0.000000,0.000000,0.000000,0.000000,0.050000
1777208310.380324,0,0.000000,2.000000,0.000000,2.000000,0.000000,0.000000,0.000000,0.000000,0.000000,0.000000
1777208310.380821,0,0.000000,2.000000,0.000000,2.000000,0.000000,0.000000,0.000000,0.000000,0.070000,0.020000
1777208310.408030,0,0.000000,2.000000,0.000000,2.000000,0.000000,0.000000,0.000000,0.000000,0.070000,0.020000
1777208310.434579,0,0.000000,2.000000,0.000000,2.000000,0.000000,0.000000,0.000000,0.000000,0.070000,0.020000
1777208310.435089,0,0.000000,2.000000,0.000000,2.000000,0.000000,0.000000,0.000000,0.000000,0.070000,0.000000
1777208310.462039,0,0.000000,2.000000,0.000000,2.000000,0.000000,0.000000,0.000000,0.000000,0.000000,0.000000
1777208310.462532,0,0.000000,2.000000,0.000000,2.000000,0.000000,0.000000,0.000000,0.000000,0.000000,0.020000
1777208310.489244,0,0.000000,2.000000,0.000000,2.000000,0.000000,0.000000,0.000000,0.000000,0.000000,0.000000
1777208310.489894,0,0.000000,2.000000,0.000000,2.000000,0.000000,0.000000,0.000000,0.000000,0.070000,0.000000
1777208310.516604,0,0.000000,2.000000,0.000000,2.000000,0.000000,0.000000,0.000000,0.000000,0.000000,0.000000
1777208310.517085,0,0.000000,2.000000,0.000000,2.000000,0.000000,0.000000,0.000000,0.000000,0.000000,0.020000
1777208310.544557,0,0.000000,2.000000,0.000000,2.000000,0.000000,0.000000,0.000000,0.000000,0.000000,0.000000
1777208310.572217,0,0.000000,2.000000,0.000000,2.000000,0.000000,0.000000,0.000000,0.000000,0.000000,0.000000
1777208310.572716,0,0.000000,2.000000,0.000000,2.000000,0.000000,0.000000,0.000000,0.000000,0.340000,0.000000
1777208310.599892,0,0.000000,2.000000,0.000000,2.000000,0.000000,0.000000,0.000000,0.000000,0.070000,0.020000
1777208310.600375,0,0.000000,2.000000,0.000000,2.000000,0.000000,0.000000,0.000000,0.000000,0.070000,0.000000
1777208310.628142,0,0.000000,2.000000,0.000000,2.000000,0.000000,0.000000,0.000000,0.000000,0.000000,0.000000
1777208310.655184,0,0.000000,2.000000,0.000000,2.000000,0.000000,0.000000,0.000000,0.000000,0.000000,0.000000
1777208310.655692,0,0.000000,2.000000,0.000000,2.000000,0.000000,0.000000,0.000000,0.000000,0.070000,0.000000
1777208310.656363,0,0.000000,2.000000,0.000000,2.000000,0.000000,0.000000,0.000000,0.000000,0.000000,0.000000
1777208310.685036,0,0.000000,2.000000,0.000000,2.000000,0.000000,0.000000,0.000000,0.000000,0.070000,0.000000
1777208310.712558,0,0.000000,2.000000,0.000000,2.000000,0.000000,0.000000,0.000000,0.000000,0.000000,0.020000
1777208310.713239,0,0.000000,2.000000,0.000000,2.000000,0.000000,0.000000,0.000000,0.000000,0.070000,0.020000
1777208310.740184,0,0.000000,2.000000,0.000000,2.000000,0.000000,0.000000,0.000000,0.000000,0.000000,0.000000
1777208310.740798,0,0.000000,2.000000,0.000000,2.000000,0.000000,0.000000,0.000000,0.000000,0.070000,0.000000
1777208310.767662,0,0.000000,2.000000,0.000000,2.000000,0.000000,0.000000,0.000000,0.000000,0.000000,0.000000
1777208310.768171,0,0.000000,2.000000,0.000000,2.000000,0.000000,0.000000,0.000000,0.000000,0.070000,0.000000
1777208310.795419,0,0.000000,2.000000,0.000000,2.000000,0.000000,0.000000,0.000000,0.000000,0.000000,0.000000
1777208310.796090,0,0.000000,2.000000,0.000000,2.000000,0.000000,0.000000,0.000000,0.000000,0.000000,0.000000
1777208310.822989,0,0.000000,2.000000,0.000000,2.000000,0.000000,0.000000,0.000000,0.000000,0.000000,0.000000
1777208310.823478,0,0.000000,2.000000,0.000000,2.000000,0.000000,0.000000,0.000000,0.000000,0.000000,0.000000
1777208310.852436,0,0.000000,2.000000,0.000000,2.000000,0.000000,0.000000,0.000000,0.000000,0.000000,0.000000
1777208310.853116,0,0.000000,2.000000,0.000000,2.000000,0.000000,0.000000,0.000000,0.000000,0.000000,0.000000
1777208310.881194,0,0.000000,2.000000,0.000000,2.000000,0.000000,0.000000,0.000000,0.000000,0.000000,0.000000
1777208310.911299,0,0.000000,2.000000,0.000000,2.000000,0.000000,0.000000,0.000000,0.000000,0.000000,0.000000
1777208310.911792,0,0.000000,2.000000,0.000000,2.000000,0.000000,0.000000,0.000000,0.000000,0.000000,0.000000
1777208310.939735,0,0.000000,2.000000,0.000000,0.000000,0.000000,0.000000,0.000000,0.000000,0.000000,0.000000
1777208310.967215,0,0.000000,2.000000,0.000000,0.000000,0.000000,0.000000,0.000000,0.000000,0.070000,0.020000
1777208310.967698,0,0.000000,0.000000,0.000000,0.000000,0.000000,0.000000,0.000000,0.000000,0.000000,0.000000
1777208310.968077,0,0.000000,0.000000,0.000000,0.000000,0.000000,0.000000,0.000000,0.000000,0.000000,0.000000
1777208310.996483,0,0.000000,0.000000,0.000000,0.000000,0.000000,0.000000,0.000000,0.000000,0.000000,0.020000
1777208311.023634,0,0.000000,0.000000,0.000000,0.000000,0.000000,0.000000,0.000000,0.000000,0.000000,0.020000
1777208311.024132,0,0.000000,0.000000,0.000000,0.000000,0.000000,0.000000,0.000000,0.000000,0.070000,0.020000
1777208311.024703,0,0.000000,0.000000,0.000000,0.000000,0.000000,0.000000,0.000000,0.000000,0.070000,0.020000
1777208311.051649,0,0.000000,0.000000,0.000000,0.000000,0.000000,0.000000,0.000000,0.000000,0.070000,0.050000
1777208311.052270,0,0.000000,0.000000,0.000000,0.000000,0.000000,0.000000,0.000000,0.000000,0.000000,0.020000
1777208311.102840,0,0.000000,0.000000,0.000000,0.000000,0.000000,0.000000,0.000000,0.000000,0.000000,0.000000
1777208311.103368,0,0.000000,0.000000,0.000000,0.000000,0.000000,0.000000,0.000000,0.000000,0.000000,0.000000
1777208311.103992,0,0.000000,0.000000,0.000000,0.000000,0.000000,0.000000,0.000000,0.000000,0.000000,0.020000
1777208311.104408,0,0.000000,0.000000,0.000000,0.000000,0.000000,0.000000,0.000000,0.000000,0.000000,0.000000
1777208311.154186,0,0.000000,0.000000,0.000000,0.000000,0.000000,0.000000,0.000000,0.000000,0.000000,0.000000
1777208311.154700,0,0.000000,0.000000,0.000000,0.000000,0.000000,0.000000,0.000000,0.000000,0.000000,0.000000
1777208311.155248,0,0.000000,0.000000,0.000000,0.000000,0.000000,0.000000,0.000000,0.000000,0.000000,0.000000
1777208311.155639,0,0.000000,0.000000,0.000000,0.000000,0.000000,0.000000,0.000000,0.000000,0.000000,0.000000
1777208311.205611,0,0.000000,0.000000,0.000000,0.000000,0.000000,0.000000,0.000000,0.000000,0.070000,0.000000
1777208311.206285,0,0.000000,0.000000,0.000000,0.000000,0.000000,0.000000,0.000000,0.000000,0.070000,0.000000
1777208311.206741,0,0.000000,0.000000,0.000000,0.000000,0.000000,0.000000,0.000000,0.000000,0.000000,0.000000
1777208311.256174,0,0.000000,0.000000,0.000000,0.000000,0.000000,0.000000,0.000000,0.000000,0.000000,0.000000
1777208311.256679,0,0.000000,0.000000,0.000000,0.000000,0.000000,0.000000,0.000000,0.000000,0.200000,0.000000
1777208311.257213,0,0.000000,0.000000,0.000000,0.000000,0.000000,0.000000,0.000000,0.000000,0.000000,0.000000
1777208311.257598,0,0.000000,0.000000,0.000000,0.000000,0.000000,0.000000,0.000000,0.000000,0.070000,0.000000
1777208311.306172,0,0.000000,0.000000,0.000000,0.000000,0.000000,0.000000,0.000000,0.000000,0.000000,0.050000
1777208311.306862,0,0.000000,0.000000,0.000000,0.000000,0.000000,0.000000,0.000000,0.000000,0.000000,0.000000
1777208311.307278,0,0.000000,0.000000,0.000000,0.000000,0.000000,0.000000,0.000000,0.000000,0.000000,0.000000
1777208311.355903,0,0.000000,0.000000,0.000000,0.000000,0.000000,0.000000,0.000000,0.000000,0.070000,0.000000
1777208311.356559,0,0.000000,0.000000,0.000000,0.000000,0.000000,0.000000,0.000000,0.000000,0.000000,0.000000
1777208311.384018,0,0.000000,0.000000,0.000000,0.000000,0.000000,0.000000,0.000000,0.000000,0.000000,0.020000
1777208311.411063,0,0.000000,0.000000,0.000000,0.000000,0.000000,0.000000,0.000000,0.000000,0.070000,0.020000
1777208311.437844,0,0.000000,0.000000,0.000000,0.000000,0.000000,0.000000,0.000000,0.000000,0.070000,0.050000
1777208311.438332,0,0.000000,0.000000,0.000000,0.000000,0.000000,0.000000,0.000000,0.000000,0.280000,0.000000
1777208311.438715,0,0.000000,0.000000,0.000000,0.000000,0.000000,0.000000,0.000000,0.000000,0.000000,0.000000
1777208311.476036,0,0.000000,0.000000,0.000000,0.000000,0.000000,0.000000,0.000000,0.000000,0.070000,0.000000
1777208311.476533,0,0.000000,0.000000,0.000000,0.000000,0.000000,0.000000,0.000000,0.000000,0.000000,0.020000
1777208311.503663,0,0.000000,0.000000,0.000000,0.000000,0.000000,0.000000,0.000000,0.000000,0.070000,0.020000
1777208311.504168,0,0.000000,0.000000,0.000000,0.000000,0.000000,0.000000,0.000000,0.000000,0.000000,0.000000
1777208311.531157,0,0.000000,0.000000,0.000000,0.000000,0.000000,0.000000,0.000000,0.000000,0.000000,0.020000
1777208311.531674,0,0.000000,0.000000,0.000000,0.000000,0.000000,0.000000,0.000000,0.000000,0.000000,0.000000
1777208311.557971,0,0.000000,0.000000,0.000000,0.000000,0.000000,0.000000,0.000000,0.000000,0.000000,0.000000
1777208311.558480,0,0.000000,0.000000,0.000000,0.000000,0.000000,0.000000,0.000000,0.000000,0.000000,0.090000
1777208311.585494,0,0.000000,0.000000,0.000000,0.000000,0.000000,0.000000,0.000000,0.000000,0.000000,0.000000
1777208311.586138,0,0.000000,0.000000,0.000000,0.000000,0.000000,0.000000,0.000000,0.000000,0.000000,0.000000
1777208311.615161,0,0.000000,0.000000,0.000000,0.000000,0.000000,0.000000,0.000000,0.000000,0.070000,0.000000
1777208311.642480,0,0.000000,0.000000,0.000000,0.000000,0.000000,0.000000,0.000000,0.000000,0.070000,0.000000
1777208311.669864,0,0.000000,0.000000,0.000000,0.000000,0.000000,0.000000,0.000000,0.000000,0.140000,0.000000
1777208311.670382,0,0.000000,0.000000,0.000000,0.000000,0.000000,0.000000,0.000000,0.000000,0.070000,0.020000
1777208311.670869,0,0.000000,0.000000,0.000000,0.000000,0.000000,0.000000,0.000000,0.000000,0.000000,0.000000
1777208311.697521,0,0.000000,0.000000,0.000000,0.000000,0.000000,0.000000,0.000000,0.000000,0.000000,0.000000
1777208311.725599,0,0.000000,0.000000,0.000000,0.000000,0.000000,0.000000,0.000000,0.000000,0.000000,0.000000
1777208311.726099,0,0.000000,0.000000,0.000000,0.000000,0.000000,0.000000,0.000000,0.000000,0.070000,0.020000
1777208311.753183,0,0.000000,0.000000,0.000000,0.000000,0.000000,0.000000,0.000000,0.000000,0.070000,0.020000
1777208311.753673,0,0.000000,0.000000,0.000000,0.000000,0.000000,0.000000,0.000000,0.000000,0.070000,0.000000
1777208311.779972,0,0.000000,0.000000,0.000000,0.000000,0.000000,0.000000,0.000000,0.000000,0.000000,0.000000
1777208311.780459,0,0.000000,0.000000,0.000000,0.000000,0.000000,0.000000,0.000000,0.000000,0.000000,0.000000
1777208311.807715,0,0.000000,0.000000,0.000000,0.000000,0.000000,0.000000,0.000000,0.000000,0.000000,0.000000
1777208311.808393,0,0.000000,0.000000,0.000000,0.000000,0.000000,0.000000,0.000000,0.000000,0.000000,0.000000
1777208311.835070,0,0.000000,0.000000,0.000000,0.000000,0.000000,0.000000,0.000000,0.000000,0.070000,0.000000
1777208311.835567,0,0.000000,0.000000,0.000000,0.000000,0.000000,0.000000,0.000000,0.000000,0.000000,0.000000
1777208311.866016,0,0.000000,0.000000,0.000000,0.000000,0.000000,0.000000,0.000000,0.000000,0.000000,0.020000
1777208311.895024,0,0.000000,0.000000,0.000000,0.000000,0.000000,0.000000,0.000000,0.000000,0.200000,0.000000
1777208311.895508,0,0.000000,0.000000,0.000000,0.000000,0.000000,0.000000,0.000000,0.000000,0.000000,0.000000
1777208311.896024,0,0.000000,0.000000,0.000000,0.000000,0.000000,0.000000,0.000000,0.000000,0.070000,0.000000
1777208311.925718,0,0.000000,0.000000,0.000000,0.000000,0.000000,0.000000,0.000000,0.000000,0.000000,0.000000
1777208311.926365,0,0.000000,0.000000,0.000000,0.000000,0.000000,0.000000,0.000000,0.000000,0.000000,0.000000
1777208311.954088,0,0.000000,0.000000,0.000000,0.000000,0.000000,0.000000,0.000000,0.000000,0.000000,0.000000
1777208311.980628,0,0.000000,0.000000,0.000000,0.000000,0.000000,0.000000,0.000000,0.000000,0.070000,0.000000
1777208311.981108,0,0.000000,0.000000,0.000000,0.000000,0.000000,0.000000,0.000000,0.000000,0.070000,0.000000
1777208312.008551,0,0.000000,0.000000,0.000000,0.000000,0.000000,0.000000,0.000000,0.000000,0.070000,0.000000
1777208312.009046,0,0.000000,0.000000,0.000000,0.000000,0.000000,0.000000,0.000000,0.000000,0.070000,0.000000
1777208312.036333,0,0.000000,0.000000,0.000000,0.000000,0.000000,0.000000,0.000000,0.000000,0.070000,0.050000
1777208312.036817,0,0.000000,0.000000,0.000000,0.000000,0.000000,0.000000,0.000000,0.000000,0.000000,0.000000
1777208312.064080,0,0.000000,0.000000,0.000000,0.000000,0.000000,0.000000,0.000000,0.000000,0.000000,0.000000
1777208312.064600,0,0.000000,0.000000,0.000000,0.000000,0.000000,0.000000,0.000000,0.000000,0.140000,0.000000
1777208312.091362,0,0.000000,0.000000,0.000000,0.000000,0.000000,0.000000,0.000000,0.000000,0.070000,0.000000
1777208312.092025,0,0.000000,0.000000,0.000000,0.000000,0.000000,0.000000,0.000000,0.000000,0.000000,0.000000
1777208312.119594,0,0.000000,0.000000,0.000000,0.000000,0.000000,0.000000,0.000000,0.000000,0.070000,0.020000
1777208312.120237,0,0.000000,0.000000,0.000000,0.000000,0.000000,0.000000,0.000000,0.000000,0.070000,0.050000
1777208312.147636,0,0.000000,0.000000,0.000000,0.000000,0.000000,0.000000,0.000000,0.000000,0.070000,0.020000
1777208312.175209,0,0.000000,0.000000,0.000000,0.000000,0.000000,0.000000,0.000000,0.000000,0.070000,0.020000
1777208312.175735,0,0.000000,0.000000,0.000000,0.000000,0.000000,0.000000,0.000000,0.000000,0.000000,0.000000
1777208312.205101,0,0.000000,0.000000,0.000000,0.000000,0.000000,0.000000,0.000000,0.000000,0.000000,0.000000
1777208312.233293,0,0.000000,0.000000,0.000000,0.000000,0.000000,0.000000,0.000000,0.000000,0.000000,0.000000
1777208312.233772,0,0.000000,0.000000,0.000000,0.000000,0.000000,0.000000,0.000000,0.000000,0.000000,0.020000
1777208312.234246,0,0.000000,0.000000,0.000000,0.000000,0.000000,0.000000,0.000000,0.000000,0.000000,0.020000
1777208312.260975,0,0.000000,0.000000,0.000000,0.000000,0.000000,0.000000,0.000000,0.000000,0.070000,0.020000
1777208312.261596,0,0.000000,0.000000,0.000000,0.000000,0.000000,0.000000,0.000000,0.000000,0.000000,0.330000
1777208312.290502,0,0.000000,0.000000,0.000000,0.000000,0.000000,0.000000,0.000000,0.000000,0.140000,0.000000
1777208312.290983,0,0.000000,0.000000,0.000000,0.000000,0.000000,0.000000,0.000000,0.000000,0.000000,0.020000
1777208312.318663,0,0.000000,0.000000,0.000000,0.000000,0.000000,0.000000,0.000000,0.000000,0.000000,0.000000
1777208312.345376,0,0.000000,0.000000,0.000000,0.000000,0.000000,0.000000,0.000000,0.000000,0.000000,0.000000
1777208312.345883,0,0.000000,0.000000,0.000000,0.000000,0.000000,0.000000,0.000000,0.000000,0.000000,0.000000
1777208312.346289,0,0.000000,0.000000,0.000000,0.000000,0.000000,0.000000,0.000000,0.000000,0.770000,0.000000
1777208312.373763,0,0.000000,0.000000,0.000000,0.000000,0.000000,0.000000,0.000000,0.000000,0.000000,0.020000
1777208312.400532,0,0.000000,0.000000,0.000000,0.000000,0.000000,0.000000,0.000000,0.000000,0.000000,0.020000
1777208312.401057,0,0.000000,0.000000,0.000000,0.000000,0.000000,0.000000,0.000000,0.000000,0.000000,0.000000
1777208312.426948,0,0.000000,0.000000,0.000000,0.000000,0.000000,0.000000,0.000000,0.000000,0.070000,0.000000
1777208312.427446,0,0.000000,0.000000,0.000000,0.000000,0.000000,0.000000,0.000000,0.000000,0.000000,0.000000
1777208312.454067,0,0.000000,0.000000,0.000000,0.000000,0.000000,0.000000,0.000000,0.000000,0.070000,0.020000
1777208312.454720,0,0.000000,0.000000,0.000000,0.000000,0.000000,0.000000,0.000000,0.000000,0.070000,0.000000
1777208312.503805,0,0.000000,0.000000,0.000000,0.000000,0.000000,0.000000,0.000000,0.000000,0.000000,0.000000
1777208312.504369,0,0.000000,0.000000,0.000000,0.000000,0.000000,0.000000,0.000000,0.000000,0.000000,0.000000
1777208312.504782,0,0.000000,0.000000,0.000000,0.000000,0.000000,0.000000,0.000000,0.000000,0.070000,0.090000
1777208312.554592,0,0.000000,0.000000,0.000000,0.000000,0.000000,0.000000,0.000000,0.000000,0.070000,0.020000
1777208312.555105,0,0.000000,0.000000,0.000000,0.000000,0.000000,0.000000,0.000000,0.000000,0.070000,0.020000
1777208312.555493,0,0.000000,0.000000,0.000000,0.000000,0.000000,0.000000,0.000000,0.000000,0.070000,0.000000
1777208312.556008,0,0.000000,0.000000,0.000000,0.000000,0.000000,0.000000,0.000000,0.000000,0.000000,0.000000
1777208312.556446,0,0.000000,0.000000,0.000000,0.000000,0.000000,0.000000,0.000000,0.000000,0.000000,0.000000
1777208312.605247,0,0.000000,0.000000,0.000000,0.000000,0.000000,0.000000,0.000000,0.000000,0.000000,0.020000
1777208312.606110,0,0.000000,0.000000,0.000000,0.000000,0.000000,0.000000,0.000000,0.000000,0.070000,0.050000
1777208312.633131,0,0.000000,0.000000,0.000000,0.000000,0.000000,0.000000,0.000000,0.000000,0.000000,0.000000
1777208312.659888,0,0.000000,0.000000,0.000000,0.000000,0.000000,0.000000,0.000000,0.000000,0.000000,0.020000
1777208312.660390,0,0.000000,0.000000,0.000000,0.000000,0.000000,0.000000,0.000000,0.000000,0.000000,0.000000
1777208312.686994,0,0.000000,0.000000,0.000000,0.000000,0.000000,0.000000,0.000000,0.000000,0.000000,0.020000
1777208312.687505,0,0.000000,0.000000,0.000000,0.000000,0.000000,0.000000,0.000000,0.000000,0.000000,0.200000
1777208312.714282,0,0.000000,0.000000,0.000000,0.000000,0.000000,0.000000,0.000000,0.000000,0.000000,0.090000
1777208312.742333,0,0.000000,0.000000,0.000000,0.000000,0.000000,0.000000,0.000000,0.000000,0.000000,0.020000
1777208312.742824,0,0.000000,0.000000,0.000000,0.000000,0.000000,0.000000,0.000000,0.000000,0.070000,0.000000
1777208312.769070,0,0.000000,0.000000,0.000000,0.000000,0.000000,0.000000,0.000000,0.000000,0.070000,0.000000
1777208312.769571,0,0.000000,0.000000,0.000000,0.000000,0.000000,0.000000,0.000000,0.000000,0.070000,0.020000
1777208312.796431,0,0.000000,0.000000,0.000000,0.000000,0.000000,0.000000,0.000000,0.000000,0.000000,0.000000
1777208312.796914,0,0.000000,0.000000,0.000000,0.000000,0.000000,0.000000,0.000000,0.000000,0.000000,0.000000
1777208312.823572,0,0.000000,0.000000,0.000000,0.000000,0.000000,0.000000,0.000000,0.000000,0.000000,0.000000
1777208312.851039,0,0.000000,0.000000,0.000000,0.000000,0.000000,0.000000,0.000000,0.000000,0.000000,0.000000
1777208312.851556,0,0.000000,0.000000,0.000000,0.000000,0.000000,0.000000,0.000000,0.000000,0.000000,0.000000
1777208312.880137,0,0.000000,0.000000,0.000000,0.000000,0.000000,0.000000,0.000000,0.000000,0.000000,0.050000
1777208312.880615,0,0.000000,0.000000,0.000000,0.000000,0.000000,0.000000,0.000000,0.000000,0.000000,0.020000
1777208312.909461,0,0.000000,0.000000,0.000000,0.000000,0.000000,0.000000,0.000000,0.000000,0.000000,0.000000
1777208312.910188,0,0.000000,0.000000,0.000000,0.000000,0.000000,0.000000,0.000000,0.000000,0.000000,0.020000
1777208312.938433,0,0.000000,0.000000,0.000000,2.000000,0.000000,0.000000,0.000000,0.000000,0.000000,0.000000
1777208312.964995,0,0.000000,0.000000,0.000000,2.000000,0.000000,0.000000,0.000000,0.000000,0.000000,0.000000
1777208312.965485,0,0.000000,2.000000,0.000000,2.000000,0.000000,0.000000,0.000000,0.000000,0.000000,0.000000
1777208312.966082,0,0.000000,2.000000,0.000000,2.000000,0.000000,0.000000,0.000000,0.000000,0.000000,0.000000
1777208312.993126,0,0.000000,2.000000,0.000000,2.000000,0.000000,0.000000,0.000000,0.000000,0.000000,0.020000
1777208312.993619,0,0.000000,2.000000,0.000000,2.000000,0.000000,0.000000,0.000000,0.000000,0.000000,0.020000
1777208313.021303,0,0.000000,2.000000,0.000000,2.000000,0.000000,0.000000,0.000000,0.000000,0.000000,0.000000
1777208313.048747,0,0.000000,2.000000,0.000000,2.000000,0.000000,0.000000,0.000000,0.000000,0.140000,0.000000
1777208313.049292,0,0.000000,2.000000,0.000000,2.000000,0.000000,0.000000,0.000000,0.000000,0.000000,0.020000
1777208313.077378,0,0.000000,2.000000,0.000000,2.000000,0.000000,0.000000,0.000000,0.000000,0.000000,0.000000
1777208313.105387,0,0.000000,2.000000,0.000000,2.000000,0.000000,0.000000,0.000000,0.000000,0.070000,0.000000
1777208313.105879,0,0.000000,2.000000,0.000000,2.000000,0.000000,0.000000,0.000000,0.000000,0.070000,0.000000
1777208313.132476,0,0.000000,2.000000,0.000000,2.000000,0.000000,0.000000,0.000000,0.000000,0.070000,0.200000
1777208313.132974,0,0.000000,2.000000,0.000000,2.000000,0.000000,0.000000,0.000000,0.000000,0.070000,0.000000
1777208313.133362,0,0.000000,2.000000,0.000000,2.000000,0.000000,0.000000,0.000000,0.000000,0.000000,0.230000
1777208313.161874,0,0.000000,2.000000,0.000000,2.000000,0.000000,0.000000,0.000000,0.000000,0.000000,0.000000
1777208313.162497,0,0.000000,2.000000,0.000000,2.000000,0.000000,0.000000,0.000000,0.000000,0.000000,0.020000
1777208313.189163,0,0.000000,2.000000,0.000000,2.000000,0.000000,0.000000,0.000000,0.000000,0.000000,0.020000
1777208313.216671,0,0.000000,2.000000,0.000000,2.000000,0.000000,0.000000,0.000000,0.000000,0.070000,0.020000
1777208313.217158,0,0.000000,2.000000,0.000000,2.000000,0.000000,0.000000,0.000000,0.000000,0.070000,0.000000
1777208313.244858,0,0.000000,2.000000,0.000000,2.000000,0.000000,0.000000,0.000000,0.000000,0.070000,0.000000
1777208313.245341,0,0.000000,2.000000,0.000000,2.000000,0.000000,0.000000,0.000000,0.000000,0.200000,0.000000
1777208313.272877,0,0.000000,2.000000,0.000000,2.000000,0.000000,0.000000,0.000000,0.000000,0.070000,0.020000
1777208313.273549,0,0.000000,2.000000,0.000000,2.000000,0.000000,0.000000,0.000000,0.000000,0.000000,0.000000
1777208313.300892,0,0.000000,2.000000,0.000000,2.000000,0.000000,0.000000,0.000000,0.000000,0.070000,0.000000
1777208313.329623,0,0.000000,2.000000,0.000000,2.000000,0.000000,0.000000,0.000000,0.000000,0.000000,0.000000
1777208313.330107,0,0.000000,2.000000,0.000000,2.000000,0.000000,0.000000,0.000000,0.000000,0.000000,0.000000
1777208313.356697,0,0.000000,2.000000,0.000000,2.000000,0.000000,0.000000,0.000000,0.000000,0.000000,0.020000
1777208313.357203,0,0.000000,2.000000,0.000000,2.000000,0.000000,0.000000,0.000000,0.000000,0.070000,0.000000
1777208313.383830,0,0.000000,2.000000,0.000000,2.000000,0.000000,0.000000,0.000000,0.000000,0.000000,0.020000
1777208313.384321,0,0.000000,2.000000,0.000000,2.000000,0.000000,0.000000,0.000000,0.000000,0.200000,0.000000
1777208313.411709,0,0.000000,2.000000,0.000000,2.000000,0.000000,0.000000,0.000000,0.000000,0.070000,0.050000
1777208313.439286,0,0.000000,2.000000,0.000000,2.000000,0.000000,0.000000,0.000000,0.000000,0.000000,0.000000
1777208313.439796,0,0.000000,2.000000,0.000000,2.000000,0.000000,0.000000,0.000000,0.000000,0.140000,0.150000
1777208313.440280,0,0.000000,2.000000,0.000000,2.000000,0.000000,0.000000,0.000000,0.000000,0.070000,0.000000
1777208313.467113,0,0.000000,2.000000,0.000000,2.000000,0.000000,0.000000,0.000000,0.000000,0.070000,0.020000
1777208313.468038,0,0.000000,2.000000,0.000000,2.000000,0.000000,0.000000,0.000000,0.000000,0.000000,0.000000
1777208313.495403,0,0.000000,2.000000,0.000000,2.000000,0.000000,0.000000,0.000000,0.000000,0.070000,0.000000
1777208313.522576,0,0.000000,2.000000,0.000000,2.000000,0.000000,0.000000,0.000000,0.000000,0.070000,0.000000
1777208313.523061,0,0.000000,2.000000,0.000000,2.000000,0.000000,0.000000,0.000000,0.000000,0.000000,0.000000
1777208313.550816,0,0.000000,2.000000,0.000000,2.000000,0.000000,0.000000,0.000000,0.000000,0.000000,0.020000
1777208313.551459,0,0.000000,2.000000,0.000000,2.000000,0.000000,0.000000,0.000000,0.000000,0.070000,0.000000
1777208313.579573,0,0.000000,2.000000,0.000000,2.000000,0.000000,0.000000,0.000000,0.000000,0.200000,0.000000
1777208313.607311,0,0.000000,2.000000,0.000000,2.000000,0.000000,0.000000,0.000000,0.000000,0.000000,0.000000
1777208313.608028,0,0.000000,2.000000,0.000000,2.000000,0.000000,0.000000,0.000000,0.000000,0.000000,0.050000
1777208313.608476,0,0.000000,2.000000,0.000000,2.000000,0.000000,0.000000,0.000000,0.000000,0.070000,0.000000
1777208313.634875,0,0.000000,2.000000,0.000000,2.000000,0.000000,0.000000,0.000000,0.000000,0.000000,0.000000
1777208313.635454,0,0.000000,2.000000,0.000000,2.000000,0.000000,0.000000,0.000000,0.000000,0.000000,0.020000
1777208313.662690,0,0.000000,2.000000,0.000000,2.000000,0.000000,0.000000,0.000000,0.000000,0.000000,0.020000
1777208313.689615,0,0.000000,2.000000,0.000000,2.000000,0.000000,0.000000,0.000000,0.000000,0.000000,0.020000
1777208313.690464,0,0.000000,2.000000,0.000000,2.000000,0.000000,0.000000,0.000000,0.000000,0.000000,0.000000
1777208313.718109,0,0.000000,2.000000,0.000000,2.000000,0.000000,0.000000,0.000000,0.000000,0.070000,0.180000
1777208313.718766,0,0.000000,2.000000,0.000000,2.000000,0.000000,0.000000,0.000000,0.000000,0.070000,0.000000
1777208313.746152,0,0.000000,2.000000,0.000000,2.000000,0.000000,0.000000,0.000000,0.000000,0.000000,0.000000
1777208313.747070,0,0.000000,2.000000,0.000000,2.000000,0.000000,0.000000,0.000000,0.000000,0.070000,0.020000
1777208313.773494,0,0.000000,2.000000,0.000000,2.000000,0.000000,0.000000,0.000000,0.000000,0.000000,0.000000
1777208313.774007,0,0.000000,2.000000,0.000000,2.000000,0.000000,0.000000,0.000000,0.000000,0.070000,0.020000
1777208313.801151,0,0.000000,2.000000,0.000000,2.000000,0.000000,0.000000,0.000000,0.000000,0.000000,0.000000
1777208313.828337,0,0.000000,2.000000,0.000000,2.000000,0.000000,0.000000,0.000000,0.000000,0.200000,0.000000
1777208313.828842,0,0.000000,2.000000,0.000000,2.000000,0.000000,0.000000,0.000000,0.000000,0.070000,0.000000
1777208313.856544,0,0.000000,2.000000,0.000000,2.000000,0.000000,0.000000,0.000000,0.000000,0.000000,0.000000
1777208313.857031,0,0.000000,2.000000,0.000000,2.000000,0.000000,0.000000,0.000000,0.000000,0.070000,0.000000
1777208313.886050,0,0.000000,2.000000,0.000000,2.000000,0.000000,0.000000,0.000000,0.000000,0.000000,0.000000
1777208313.886597,0,0.000000,2.000000,0.000000,2.000000,0.000000,0.000000,0.000000,0.000000,0.070000,0.020000
1777208313.916541,0,0.000000,2.000000,0.000000,2.000000,0.000000,0.000000,0.000000,0.000000,0.200000,0.020000
1777208313.917027,0,0.000000,2.000000,0.000000,2.000000,0.000000,0.000000,0.000000,0.000000,0.000000,0.020000
1777208313.943501,0,0.000000,2.000000,0.000000,2.000000,0.000000,0.000000,0.000000,0.000000,0.000000,0.020000
1777208313.943990,0,0.000000,2.000000,0.000000,2.000000,0.000000,0.000000,0.000000,0.000000,0.000000,0.020000
1777208313.971627,0,0.000000,2.000000,0.000000,2.000000,0.000000,0.000000,0.000000,0.000000,0.000000,0.000000
1777208313.972252,0,0.000000,2.000000,0.000000,2.000000,0.000000,0.000000,0.000000,0.000000,0.000000,0.000000
1777208313.999138,0,0.000000,2.000000,0.000000,2.000000,0.000000,0.000000,0.000000,0.000000,0.000000,0.020000
1777208314.027068,0,0.000000,2.000000,0.000000,2.000000,0.000000,0.000000,0.000000,0.000000,0.070000,0.360000
1777208314.027567,0,0.000000,2.000000,0.000000,2.000000,0.000000,0.000000,0.000000,0.000000,0.070000,0.000000
1777208314.057393,0,0.000000,2.000000,0.000000,2.000000,0.000000,0.000000,0.000000,0.000000,0.070000,0.000000
1777208314.057909,0,0.000000,2.000000,0.000000,2.000000,0.000000,0.000000,0.000000,0.000000,0.070000,0.000000
1777208314.085429,0,0.000000,2.000000,0.000000,2.000000,0.000000,0.000000,0.000000,0.000000,0.070000,0.000000
1777208314.085945,0,0.000000,2.000000,0.000000,2.000000,0.000000,0.000000,0.000000,0.000000,0.000000,0.050000
1777208314.112849,0,0.000000,2.000000,0.000000,2.000000,0.000000,0.000000,0.000000,0.000000,0.000000,0.050000
1777208314.113354,0,0.000000,2.000000,0.000000,2.000000,0.000000,0.000000,0.000000,0.000000,0.070000,0.000000
1777208314.113887,0,0.000000,2.000000,0.000000,2.000000,0.000000,0.000000,0.000000,0.000000,0.140000,0.000000
1777208314.141054,0,0.000000,2.000000,0.000000,2.000000,0.000000,0.000000,0.000000,0.000000,0.070000,0.000000
1777208314.168402,0,0.000000,2.000000,0.000000,2.000000,0.000000,0.000000,0.000000,0.000000,0.070000,0.000000
1777208314.168910,0,0.000000,2.000000,0.000000,2.000000,0.000000,0.000000,0.000000,0.000000,0.000000,0.000000
1777208314.198547,0,0.000000,2.000000,0.000000,2.000000,0.000000,0.000000,0.000000,0.000000,0.070000,0.000000
1777208314.199237,0,0.000000,2.000000,0.000000,2.000000,0.000000,0.000000,0.000000,0.000000,0.070000,0.000000
1777208314.226135,0,0.000000,2.000000,0.000000,2.000000,0.000000,0.000000,0.000000,0.000000,0.000000,0.000000
1777208314.226745,0,0.000000,2.000000,0.000000,2.000000,0.000000,0.000000,0.000000,0.000000,0.070000,0.000000
1777208314.275921,0,0.000000,2.000000,0.000000,2.000000,0.000000,0.000000,0.000000,0.000000,0.000000,0.020000
1777208314.276454,0,0.000000,2.000000,0.000000,2.000000,0.000000,0.000000,0.000000,0.000000,0.000000,0.050000
1777208314.276855,0,0.000000,2.000000,0.000000,2.000000,0.000000,0.000000,0.000000,0.000000,0.070000,0.000000
1777208314.277439,0,0.000000,2.000000,0.000000,2.000000,0.000000,0.000000,0.000000,0.000000,0.070000,0.000000
1777208314.326290,0,0.000000,2.000000,0.000000,2.000000,0.000000,0.000000,0.000000,0.000000,0.000000,0.000000
1777208314.326817,0,0.000000,2.000000,0.000000,2.000000,0.000000,0.000000,0.000000,0.000000,0.070000,0.000000
1777208314.327551,0,0.000000,2.000000,0.000000,2.000000,0.000000,0.000000,0.000000,0.000000,0.000000,0.000000
1777208314.354823,0,0.000000,2.000000,0.000000,2.000000,0.000000,0.000000,0.000000,0.000000,0.070000,0.110000
1777208314.381364,0,0.000000,2.000000,0.000000,2.000000,0.000000,0.000000,0.000000,0.000000,0.070000,0.000000
1777208314.408405,0,0.000000,2.000000,0.000000,2.000000,0.000000,0.000000,0.000000,0.000000,0.070000,0.000000
1777208314.408926,0,0.000000,2.000000,0.000000,2.000000,0.000000,0.000000,0.000000,0.000000,0.070000,0.000000
1777208314.409321,0,0.000000,2.000000,0.000000,2.000000,0.000000,0.000000,0.000000,0.000000,0.140000,0.000000
1777208314.436323,0,0.000000,2.000000,0.000000,2.000000,0.000000,0.000000,0.000000,0.000000,0.000000,0.000000
1777208314.463837,0,0.000000,2.000000,0.000000,2.000000,0.000000,0.000000,0.000000,0.000000,0.070000,0.000000
1777208314.464348,0,0.000000,2.000000,0.000000,2.000000,0.000000,0.000000,0.000000,0.000000,0.070000,0.000000
1777208314.491564,0,0.000000,2.000000,0.000000,2.000000,0.000000,0.000000,0.000000,0.000000,0.070000,0.000000
1777208314.492073,0,0.000000,2.000000,0.000000,2.000000,0.000000,0.000000,0.000000,0.000000,0.000000,0.000000
1777208314.519056,0,0.000000,2.000000,0.000000,2.000000,0.000000,0.000000,0.000000,0.000000,0.000000,0.000000
1777208314.519583,0,0.000000,2.000000,0.000000,2.000000,0.000000,0.000000,0.000000,0.000000,0.070000,0.110000
1777208314.546023,0,0.000000,2.000000,0.000000,2.000000,0.000000,0.000000,0.000000,0.000000,0.000000,0.000000
1777208314.546554,0,0.000000,2.000000,0.000000,2.000000,0.000000,0.000000,0.000000,0.000000,0.000000,0.000000
1777208314.573591,0,0.000000,2.000000,0.000000,2.000000,0.000000,0.000000,0.000000,0.000000,0.140000,0.020000
1777208314.600508,0,0.000000,2.000000,0.000000,2.000000,0.000000,0.000000,0.000000,0.000000,0.000000,0.000000
1777208314.601040,0,0.000000,2.000000,0.000000,2.000000,0.000000,0.000000,0.000000,0.000000,0.000000,0.020000
1777208314.628070,0,0.000000,2.000000,0.000000,2.000000,0.000000,0.000000,0.000000,0.000000,0.000000,0.000000
1777208314.654932,0,0.000000,2.000000,0.000000,2.000000,0.000000,0.000000,0.000000,0.000000,0.070000,0.000000
1777208314.655449,0,0.000000,2.000000,0.000000,2.000000,0.000000,0.000000,0.000000,0.000000,0.000000,0.020000
1777208314.655840,0,0.000000,2.000000,0.000000,2.000000,0.000000,0.000000,0.000000,0.000000,0.070000,0.000000
1777208314.684004,0,0.000000,2.000000,0.000000,2.000000,0.000000,0.000000,0.000000,0.000000,0.070000,0.000000
1777208314.684712,0,0.000000,2.000000,0.000000,2.000000,0.000000,0.000000,0.000000,0.000000,0.000000,0.020000
1777208314.711539,0,0.000000,2.000000,0.000000,2.000000,0.000000,0.000000,0.000000,0.000000,0.070000,0.020000
1777208314.738772,0,0.000000,2.000000,0.000000,2.000000,0.000000,0.000000,0.000000,0.000000,0.000000,0.000000
1777208314.739243,0,0.000000,2.000000,0.000000,2.000000,0.000000,0.000000,0.000000,0.000000,0.000000,0.000000
1777208314.766626,0,0.000000,2.000000,0.000000,2.000000,0.000000,0.000000,0.000000,0.000000,0.000000,0.050000
1777208314.767235,0,0.000000,2.000000,0.000000,2.000000,0.000000,0.000000,0.000000,0.000000,0.000000,0.020000
1777208314.793415,0,0.000000,2.000000,0.000000,2.000000,0.000000,0.000000,0.000000,0.000000,0.000000,0.000000
1777208314.820587,0,0.000000,2.000000,0.000000,2.000000,0.000000,0.000000,0.000000,0.000000,0.200000,0.000000
1777208314.821110,0,0.000000,2.000000,0.000000,2.000000,0.000000,0.000000,0.000000,0.000000,0.070000,0.000000
1777208314.848837,0,0.000000,2.000000,0.000000,2.000000,0.000000,0.000000,0.000000,0.000000,0.000000,0.020000
1777208314.849424,0,0.000000,2.000000,0.000000,2.000000,0.000000,0.000000,0.000000,0.000000,0.070000,0.000000
1777208314.879554,0,0.000000,2.000000,0.000000,2.000000,0.000000,0.000000,0.000000,0.000000,0.000000,0.000000
1777208314.880214,0,0.000000,2.000000,0.000000,2.000000,0.000000,0.000000,0.000000,0.000000,0.000000,0.050000
1777208314.908198,0,0.000000,2.000000,0.000000,2.000000,0.000000,0.000000,0.000000,0.000000,0.000000,0.000000
1777208314.908860,0,0.000000,2.000000,0.000000,2.000000,0.000000,0.000000,0.000000,0.000000,0.070000,0.000000
1777208314.936801,0,0.000000,2.000000,0.000000,0.000000,0.000000,0.000000,0.000000,0.000000,0.070000,0.000000
1777208314.937315,0,0.000000,2.000000,0.000000,0.000000,0.000000,0.000000,0.000000,0.000000,0.000000,0.000000
1777208314.964151,0,0.000000,0.000000,0.000000,0.000000,0.000000,0.000000,0.000000,0.000000,0.000000,0.000000
1777208314.964805,0,0.000000,0.000000,0.000000,0.000000,0.000000,0.000000,0.000000,0.000000,0.140000,0.000000
1777208314.991680,0,0.000000,0.000000,0.000000,0.000000,0.000000,0.000000,0.000000,0.000000,0.000000,0.000000
1777208314.992371,0,0.000000,0.000000,0.000000,0.000000,0.000000,0.000000,0.000000,0.000000,0.070000,0.000000
1777208315.019421,0,0.000000,0.000000,0.000000,0.000000,0.000000,0.000000,0.000000,0.000000,0.000000,0.020000
1777208315.020093,0,0.000000,0.000000,0.000000,0.000000,0.000000,0.000000,0.000000,0.000000,0.070000,0.050000
1777208315.047296,0,0.000000,0.000000,0.000000,0.000000,0.000000,0.000000,0.000000,0.000000,0.000000,0.000000
1777208315.074739,0,0.000000,0.000000,0.000000,0.000000,0.000000,0.000000,0.000000,0.000000,0.070000,0.020000
1777208315.075218,0,0.000000,0.000000,0.000000,0.000000,0.000000,0.000000,0.000000,0.000000,0.000000,0.020000
1777208315.102560,0,0.000000,0.000000,0.000000,0.000000,0.000000,0.000000,0.000000,0.000000,0.000000,0.000000
1777208315.103048,0,0.000000,0.000000,0.000000,0.000000,0.000000,0.000000,0.000000,0.000000,0.000000,0.000000
1777208315.130154,0,0.000000,0.000000,0.000000,0.000000,0.000000,0.000000,0.000000,0.000000,0.000000,0.150000
1777208315.130680,0,0.000000,0.000000,0.000000,0.000000,0.000000,0.000000,0.000000,0.000000,0.000000,0.000000
1777208315.158098,0,0.000000,0.000000,0.000000,0.000000,0.000000,0.000000,0.000000,0.000000,0.000000,0.090000
1777208315.185754,0,0.000000,0.000000,0.000000,0.000000,0.000000,0.000000,0.000000,0.000000,0.000000,0.000000
1777208315.186283,0,0.000000,0.000000,0.000000,0.000000,0.000000,0.000000,0.000000,0.000000,0.070000,0.000000
1777208315.214360,0,0.000000,0.000000,0.000000,0.000000,0.000000,0.000000,0.000000,0.000000,0.000000,0.020000
1777208315.214896,0,0.000000,0.000000,0.000000,0.000000,0.000000,0.000000,0.000000,0.000000,0.000000,0.020000
1777208315.242827,0,0.000000,0.000000,0.000000,0.000000,0.000000,0.000000,0.000000,0.000000,0.000000,0.020000
1777208315.243351,0,0.000000,0.000000,0.000000,0.000000,0.000000,0.000000,0.000000,0.000000,0.070000,0.000000
1777208315.270667,0,0.000000,0.000000,0.000000,0.000000,0.000000,0.000000,0.000000,0.000000,0.070000,0.000000
1777208315.271167,0,0.000000,0.000000,0.000000,0.000000,0.000000,0.000000,0.000000,0.000000,0.000000,0.020000
1777208315.297959,0,0.000000,0.000000,0.000000,0.000000,0.000000,0.000000,0.000000,0.000000,0.000000,0.000000
1777208315.298582,0,0.000000,0.000000,0.000000,0.000000,0.000000,0.000000,0.000000,0.000000,0.070000,0.000000
1777208315.327094,0,0.000000,0.000000,0.000000,0.000000,0.000000,0.000000,0.000000,0.000000,0.070000,0.020000
1777208315.354486,0,0.000000,0.000000,0.000000,0.000000,0.000000,0.000000,0.000000,0.000000,0.000000,0.000000
1777208315.354957,0,0.000000,0.000000,0.000000,0.000000,0.000000,0.000000,0.000000,0.000000,0.000000,0.020000
1777208315.355348,0,0.000000,0.000000,0.000000,0.000000,0.000000,0.000000,0.000000,0.000000,0.500000,0.110000
1777208315.381895,0,0.000000,0.000000,0.000000,0.000000,0.000000,0.000000,0.000000,0.000000,0.000000,0.000000
1777208315.408834,0,0.000000,0.000000,0.000000,0.000000,0.000000,0.000000,0.000000,0.000000,0.000000,0.000000
1777208315.409339,0,0.000000,0.000000,0.000000,0.000000,0.000000,0.000000,0.000000,0.000000,0.000000,0.000000
1777208315.436369,0,0.000000,0.000000,0.000000,0.000000,0.000000,0.000000,0.000000,0.000000,0.140000,0.000000
1777208315.436855,0,0.000000,0.000000,0.000000,0.000000,0.000000,0.000000,0.000000,0.000000,0.000000,0.020000
1777208315.464639,0,0.000000,0.000000,0.000000,0.000000,0.000000,0.000000,0.000000,0.000000,0.000000,0.020000
1777208315.491870,0,0.000000,0.000000,0.000000,0.000000,0.000000,0.000000,0.000000,0.000000,0.070000,0.000000
1777208315.492374,0,0.000000,0.000000,0.000000,0.000000,0.000000,0.000000,0.000000,0.000000,0.000000,0.000000
1777208315.520197,0,0.000000,0.000000,0.000000,0.000000,0.000000,0.000000,0.000000,0.000000,0.000000,0.000000
1777208315.520702,0,0.000000,0.000000,0.000000,0.000000,0.000000,0.000000,0.000000,0.000000,0.000000,0.000000
1777208315.549690,0,0.000000,0.000000,0.000000,0.000000,0.000000,0.000000,0.000000,0.000000,0.000000,0.000000
1777208315.550197,0,0.000000,0.000000,0.000000,0.000000,0.000000,0.000000,0.000000,0.000000,0.140000,0.020000
1777208315.577342,0,0.000000,0.000000,0.000000,0.000000,0.000000,0.000000,0.000000,0.000000,0.000000,0.000000
1777208315.604109,0,0.000000,0.000000,0.000000,0.000000,0.000000,0.000000,0.000000,0.000000,0.000000,0.000000
1777208315.604613,0,0.000000,0.000000,0.000000,0.000000,0.000000,0.000000,0.000000,0.000000,0.070000,0.000000
1777208315.604997,0,0.000000,0.000000,0.000000,0.000000,0.000000,0.000000,0.000000,0.000000,0.070000,0.020000
1777208315.632495,0,0.000000,0.000000,0.000000,0.000000,0.000000,0.000000,0.000000,0.000000,0.000000,0.000000
1777208315.659593,0,0.000000,0.000000,0.000000,0.000000,0.000000,0.000000,0.000000,0.000000,0.070000,0.000000
1777208315.660094,0,0.000000,0.000000,0.000000,0.000000,0.000000,0.000000,0.000000,0.000000,0.070000,0.200000
1777208315.687566,0,0.000000,0.000000,0.000000,0.000000,0.000000,0.000000,0.000000,0.000000,0.200000,0.000000
1777208315.688077,0,0.000000,0.000000,0.000000,0.000000,0.000000,0.000000,0.000000,0.000000,0.000000,0.000000
1777208315.716317,0,0.000000,0.000000,0.000000,0.000000,0.000000,0.000000,0.000000,0.000000,0.000000,0.000000
1777208315.716858,0,0.000000,0.000000,0.000000,0.000000,0.000000,0.000000,0.000000,0.000000,0.000000,0.020000
1777208315.743593,0,0.000000,0.000000,0.000000,0.000000,0.000000,0.000000,0.000000,0.000000,0.000000,0.000000
1777208315.744074,0,0.000000,0.000000,0.000000,0.000000,0.000000,0.000000,0.000000,0.000000,0.070000,0.000000
1777208315.771438,0,0.000000,0.000000,0.000000,0.000000,0.000000,0.000000,0.000000,0.000000,0.000000,0.000000
1777208315.772080,0,0.000000,0.000000,0.000000,0.000000,0.000000,0.000000,0.000000,0.000000,0.000000,0.000000
1777208315.798169,0,0.000000,0.000000,0.000000,0.000000,0.000000,0.000000,0.000000,0.000000,0.070000,0.000000
1777208315.798646,0,0.000000,0.000000,0.000000,0.000000,0.000000,0.000000,0.000000,0.000000,0.000000,0.000000
1777208315.828161,0,0.000000,0.000000,0.000000,0.000000,0.000000,0.000000,0.000000,0.000000,0.000000,0.000000
1777208315.828647,0,0.000000,0.000000,0.000000,0.000000,0.000000,0.000000,0.000000,0.000000,0.070000,0.020000
1777208315.855315,0,0.000000,0.000000,0.000000,0.000000,0.000000,0.000000,0.000000,0.000000,0.000000,0.050000
1777208315.855828,0,0.000000,0.000000,0.000000,0.000000,0.000000,0.000000,0.000000,0.000000,0.070000,0.050000
1777208315.884018,0,0.000000,0.000000,0.000000,0.000000,0.000000,0.000000,0.000000,0.000000,0.000000,0.020000
1777208315.884651,0,0.000000,0.000000,0.000000,0.000000,0.000000,0.000000,0.000000,0.000000,0.000000,0.000000
1777208315.913812,0,0.000000,0.000000,0.000000,0.000000,0.000000,0.000000,0.000000,0.000000,0.000000,0.000000
1777208315.942126,0,0.000000,0.000000,0.000000,0.000000,0.000000,0.000000,0.000000,0.000000,0.070000,0.000000
1777208315.968565,0,0.000000,0.000000,0.000000,0.000000,0.000000,0.000000,0.000000,0.000000,0.000000,0.020000
1777208315.969066,0,0.000000,0.000000,0.000000,0.000000,0.000000,0.000000,0.000000,0.000000,0.140000,0.000000
1777208315.973380,0,0.000000,0.000000,0.000000,0.000000,0.000000,0.000000,0.000000,0.000000,0.070000,0.050000
1777208316.000915,0,0.000000,0.000000,0.000000,0.000000,0.000000,0.000000,0.000000,0.000000,0.000000,0.000000
1777208316.001435,0,0.000000,0.000000,0.000000,0.000000,0.000000,0.000000,0.000000,0.000000,0.070000,0.020000
1777208316.028575,0,0.000000,0.000000,0.000000,0.000000,0.000000,0.000000,0.000000,0.000000,0.000000,0.000000
1777208316.055878,0,0.000000,0.000000,0.000000,0.000000,0.000000,0.000000,0.000000,0.000000,0.000000,0.020000
1777208316.056390,0,0.000000,0.000000,0.000000,0.000000,0.000000,0.000000,0.000000,0.000000,0.000000,0.000000
1777208316.057006,0,0.000000,0.000000,0.000000,0.000000,0.000000,0.000000,0.000000,0.000000,0.140000,0.000000
1777208316.083994,0,0.000000,0.000000,0.000000,0.000000,0.000000,0.000000,0.000000,0.000000,0.000000,0.000000
1777208316.112480,0,0.000000,0.000000,0.000000,0.000000,0.000000,0.000000,0.000000,0.000000,0.000000,0.000000
1777208316.113201,0,0.000000,0.000000,0.000000,0.000000,0.000000,0.000000,0.000000,0.000000,0.000000,0.000000
1777208316.141739,0,0.000000,0.000000,0.000000,0.000000,0.000000,0.000000,0.000000,0.000000,0.070000,0.000000
1777208316.142326,0,0.000000,0.000000,0.000000,0.000000,0.000000,0.000000,0.000000,0.000000,0.000000,0.000000
1777208316.169062,0,0.000000,0.000000,0.000000,0.000000,0.000000,0.000000,0.000000,0.000000,0.070000,0.000000
1777208316.197731,0,0.000000,0.000000,0.000000,0.000000,0.000000,0.000000,0.000000,0.000000,0.070000,0.000000
1777208316.225193,0,0.000000,0.000000,0.000000,0.000000,0.000000,0.000000,0.000000,0.000000,0.000000,0.000000
1777208316.225959,0,0.000000,0.000000,0.000000,0.000000,0.000000,0.000000,0.000000,0.000000,0.070000,0.000000
1777208316.226577,0,0.000000,0.000000,0.000000,0.000000,0.000000,0.000000,0.000000,0.000000,0.000000,0.000000
1777208316.254099,0,0.000000,0.000000,0.000000,0.000000,0.000000,0.000000,0.000000,0.000000,0.000000,0.020000
1777208316.254599,0,0.000000,0.000000,0.000000,0.000000,0.000000,0.000000,0.000000,0.000000,0.070000,0.000000
1777208316.254983,0,0.000000,0.000000,0.000000,0.000000,0.000000,0.000000,0.000000,0.000000,0.140000,0.020000
1777208316.282305,0,0.000000,0.000000,0.000000,0.000000,0.000000,0.000000,0.000000,0.000000,0.000000,0.000000
1777208316.309931,0,0.000000,0.000000,0.000000,0.000000,0.000000,0.000000,0.000000,0.000000,0.000000,0.020000
1777208316.337403,0,0.000000,0.000000,0.000000,0.000000,0.000000,0.000000,0.000000,0.000000,0.000000,0.000000
1777208316.338022,0,0.000000,0.000000,0.000000,0.000000,0.000000,0.000000,0.000000,0.000000,0.000000,0.000000
1777208316.338620,0,0.000000,0.000000,0.000000,0.000000,0.000000,0.000000,0.000000,0.000000,0.000000,0.000000
1777208316.365283,0,0.000000,0.000000,0.000000,0.000000,0.000000,0.000000,0.000000,0.000000,0.000000,0.020000
1777208316.365761,0,0.000000,0.000000,0.000000,0.000000,0.000000,0.000000,0.000000,0.000000,0.000000,0.050000
1777208316.392544,0,0.000000,0.000000,0.000000,0.000000,0.000000,0.000000,0.000000,0.000000,0.070000,0.000000
1777208316.393170,0,0.000000,0.000000,0.000000,0.000000,0.000000,0.000000,0.000000,0.000000,0.070000,0.020000
1777208316.419768,0,0.000000,0.000000,0.000000,0.000000,0.000000,0.000000,0.000000,0.000000,0.070000,0.000000
1777208316.420252,0,0.000000,0.000000,0.000000,0.000000,0.000000,0.000000,0.000000,0.000000,0.000000,0.000000
1777208316.447001,0,0.000000,0.000000,0.000000,0.000000,0.000000,0.000000,0.000000,0.000000,0.000000,0.000000
1777208316.474151,0,0.000000,0.000000,0.000000,0.000000,0.000000,0.000000,0.000000,0.000000,0.000000,0.000000
1777208316.474662,0,0.000000,0.000000,0.000000,0.000000,0.000000,0.000000,0.000000,0.000000,0.000000,0.000000
1777208316.502047,0,0.000000,0.000000,0.000000,0.000000,0.000000,0.000000,0.000000,0.000000,0.000000,0.000000
1777208316.528780,0,0.000000,0.000000,0.000000,0.000000,0.000000,0.000000,0.000000,0.000000,0.000000,0.000000
1777208316.529275,0,0.000000,0.000000,0.000000,0.000000,0.000000,0.000000,0.000000,0.000000,0.000000,0.000000
1777208316.529751,0,0.000000,0.000000,0.000000,0.000000,0.000000,0.000000,0.000000,0.000000,0.070000,0.020000
1777208316.556491,0,0.000000,0.000000,0.000000,0.000000,0.000000,0.000000,0.000000,0.000000,0.070000,0.000000
1777208316.583905,0,0.000000,0.000000,0.000000,0.000000,0.000000,0.000000,0.000000,0.000000,0.000000,0.020000
1777208316.584388,0,0.000000,0.000000,0.000000,0.000000,0.000000,0.000000,0.000000,0.000000,0.000000,0.000000
1777208316.611468,0,0.000000,0.000000,0.000000,0.000000,0.000000,0.000000,0.000000,0.000000,0.000000,0.000000
1777208316.611964,0,0.000000,0.000000,0.000000,0.000000,0.000000,0.000000,0.000000,0.000000,0.000000,0.000000
1777208316.639278,0,0.000000,0.000000,0.000000,0.000000,0.000000,0.000000,0.000000,0.000000,0.000000,0.000000
1777208316.666464,0,0.000000,0.000000,0.000000,0.000000,0.000000,0.000000,0.000000,0.000000,0.000000,0.000000
1777208316.666966,0,0.000000,0.000000,0.000000,0.000000,0.000000,0.000000,0.000000,0.000000,0.200000,0.000000
1777208316.694395,0,0.000000,0.000000,0.000000,0.000000,0.000000,0.000000,0.000000,0.000000,0.000000,0.000000
1777208316.694898,0,0.000000,0.000000,0.000000,0.000000,0.000000,0.000000,0.000000,0.000000,0.000000,0.020000
1777208316.721737,0,0.000000,0.000000,0.000000,0.000000,0.000000,0.000000,0.000000,0.000000,0.000000,0.090000
1777208316.722267,0,0.000000,0.000000,0.000000,0.000000,0.000000,0.000000,0.000000,0.000000,0.140000,0.000000
1777208316.750417,0,0.000000,0.000000,0.000000,0.000000,0.000000,0.000000,0.000000,0.000000,0.140000,0.000000
1777208316.750995,0,0.000000,0.000000,0.000000,0.000000,0.000000,0.000000,0.000000,0.000000,0.070000,0.020000
1777208316.777815,0,0.000000,0.000000,0.000000,0.000000,0.000000,0.000000,0.000000,0.000000,0.000000,0.000000
1777208316.778294,0,0.000000,0.000000,0.000000,0.000000,0.000000,0.000000,0.000000,0.000000,0.070000,0.150000
1777208316.804878,0,0.000000,0.000000,0.000000,0.000000,0.000000,0.000000,0.000000,0.000000,0.070000,0.020000
1777208316.805369,0,0.000000,0.000000,0.000000,0.000000,0.000000,0.000000,0.000000,0.000000,0.070000,0.090000
1777208316.832537,0,0.000000,0.000000,0.000000,0.000000,0.000000,0.000000,0.000000,0.000000,0.000000,0.090000
1777208316.859249,0,0.000000,0.000000,0.000000,0.000000,0.000000,0.000000,0.000000,0.000000,0.000000,0.020000
1777208316.859849,0,0.000000,0.000000,0.000000,0.000000,0.000000,0.000000,0.000000,0.000000,0.000000,0.050000
1777208316.860259,0,0.000000,0.000000,0.000000,0.000000,0.000000,0.000000,0.000000,0.000000,0.070000,0.000000
1777208316.889074,0,0.000000,0.000000,0.000000,0.000000,0.000000,0.000000,0.000000,0.000000,0.140000,0.000000
1777208316.917554,0,0.000000,0.000000,0.000000,0.000000,0.000000,0.000000,0.000000,0.000000,0.000000,0.000000
1777208316.945379,0,0.000000,0.000000,0.000000,0.000000,0.000000,0.000000,0.000000,0.000000,0.000000,0.000000
1777208316.945868,0,0.000000,0.000000,0.000000,0.000000,0.000000,0.000000,0.000000,0.000000,0.140000,0.000000
1777208316.946268,0,0.000000,0.000000,0.000000,0.000000,0.000000,0.000000,0.000000,0.000000,0.070000,0.050000
1777208316.973293,0,0.000000,0.000000,0.000000,0.000000,0.000000,0.000000,0.000000,0.000000,0.070000,0.000000
1777208316.999901,0,0.000000,0.000000,0.000000,0.000000,0.000000,0.000000,0.000000,0.000000,0.000000,0.090000
1777208317.000395,0,0.000000,0.000000,0.000000,0.000000,0.000000,0.000000,0.000000,0.000000,0.070000,0.000000
1777208317.028164,0,0.000000,0.000000,0.000000,0.000000,0.000000,0.000000,0.000000,0.000000,0.000000,0.000000
1777208317.028665,0,0.000000,0.000000,0.000000,0.000000,0.000000,0.000000,0.000000,0.000000,0.140000,0.020000
1777208317.056084,0,0.000000,0.000000,0.000000,0.000000,0.000000,0.000000,0.000000,0.000000,0.070000,0.020000
1777208317.056564,0,0.000000,0.000000,0.000000,0.000000,0.000000,0.000000,0.000000,0.000000,0.000000,0.020000
1777208317.083580,0,0.000000,0.000000,0.000000,0.000000,0.000000,0.000000,0.000000,0.000000,0.000000,0.000000
1777208317.084065,0,0.000000,0.000000,0.000000,0.000000,0.000000,0.000000,0.000000,0.000000,0.000000,0.000000
1777208317.111358,0,0.000000,0.000000,0.000000,0.000000,0.000000,0.000000,0.000000,0.000000,0.000000,0.000000
1777208317.111830,0,0.000000,0.000000,0.000000,0.000000,0.000000,0.000000,0.000000,0.000000,0.070000,0.000000
1777208317.139461,0,0.000000,0.000000,0.000000,0.000000,0.000000,0.000000,0.000000,0.000000,0.000000,0.000000
1777208317.167262,0,0.000000,0.000000,0.000000,0.000000,0.000000,0.000000,0.000000,0.000000,0.070000,0.020000
1777208317.167747,0,0.000000,0.000000,0.000000,0.000000,0.000000,0.000000,0.000000,0.000000,0.000000,0.000000
1777208317.194885,0,0.000000,0.000000,0.000000,0.000000,0.000000,0.000000,0.000000,0.000000,0.000000,0.000000
1777208317.195450,0,0.000000,0.000000,0.000000,0.000000,0.000000,0.000000,0.000000,0.000000,0.070000,0.000000
1777208317.196077,0,0.000000,0.000000,0.000000,0.000000,0.000000,0.000000,0.000000,0.000000,0.070000,0.020000
1777208317.224326,0,0.000000,0.000000,0.000000,0.000000,0.000000,0.000000,0.000000,0.000000,0.000000,0.000000
1777208317.251946,0,0.000000,0.000000,0.000000,0.000000,0.000000,0.000000,0.000000,0.000000,0.000000,0.000000
1777208317.252716,0,0.000000,0.000000,0.000000,0.000000,0.000000,0.000000,0.000000,0.000000,0.070000,0.000000
1777208317.279857,0,0.000000,0.000000,0.000000,0.000000,0.000000,0.000000,0.000000,0.000000,0.070000,0.020000
1777208317.280482,0,0.000000,0.000000,0.000000,0.000000,0.000000,0.000000,0.000000,0.000000,0.000000,0.000000
1777208317.307837,0,0.000000,0.000000,0.000000,0.000000,0.000000,0.000000,0.000000,0.000000,0.000000,0.000000
1777208317.308498,0,0.000000,0.000000,0.000000,0.000000,0.000000,0.000000,0.000000,0.000000,0.000000,0.000000
1777208317.334754,0,0.000000,0.000000,0.000000,0.000000,0.000000,0.000000,0.000000,0.000000,0.070000,0.020000
1777208317.362256,0,0.000000,0.000000,0.000000,0.000000,0.000000,0.000000,0.000000,0.000000,0.000000,0.000000
1777208317.389045,0,0.000000,0.000000,0.000000,0.000000,0.000000,0.000000,0.000000,0.000000,0.000000,0.000000
1777208317.389561,0,0.000000,0.000000,0.000000,0.000000,0.000000,0.000000,0.000000,0.000000,0.000000,0.000000
1777208317.389956,0,0.000000,0.000000,0.000000,0.000000,0.000000,0.000000,0.000000,0.000000,0.000000,0.020000
1777208317.419374,0,0.000000,0.000000,0.000000,0.000000,0.000000,0.000000,0.000000,0.000000,0.000000,0.020000
1777208317.446747,0,0.000000,0.000000,0.000000,0.000000,0.000000,0.000000,0.000000,0.000000,0.070000,0.000000
1777208317.447244,0,0.000000,0.000000,0.000000,0.000000,0.000000,0.000000,0.000000,0.000000,0.000000,0.000000
1777208317.474545,0,0.000000,0.000000,0.000000,0.000000,0.000000,0.000000,0.000000,0.000000,0.070000,0.000000
1777208317.475027,0,0.000000,0.000000,0.000000,0.000000,0.000000,0.000000,0.000000,0.000000,0.000000,0.000000
1777208317.475594,0,0.000000,0.000000,0.000000,0.000000,0.000000,0.000000,0.000000,0.000000,0.000000,0.000000
1777208317.502374,0,0.000000,0.000000,0.000000,0.000000,0.000000,0.000000,0.000000,0.000000,0.000000,0.020000
1777208317.503028,0,0.000000,0.000000,0.000000,0.000000,0.000000,0.000000,0.000000,0.000000,0.000000,0.000000
1777208317.554290,0,0.000000,0.000000,0.000000,0.000000,0.000000,0.000000,0.000000,0.000000,0.000000,0.000000
1777208317.554816,0,0.000000,0.000000,0.000000,0.000000,0.000000,0.000000,0.000000,0.000000,0.000000,0.020000
1777208317.555216,0,0.000000,0.000000,0.000000,0.000000,0.000000,0.000000,0.000000,0.000000,0.000000,0.000000
1777208317.555778,0,0.000000,0.000000,0.000000,0.000000,0.000000,0.000000,0.000000,0.000000,0.000000,0.000000
1777208317.604017,0,0.000000,0.000000,0.000000,0.000000,0.000000,0.000000,0.000000,0.000000,0.000000,0.000000
1777208317.604538,0,0.000000,0.000000,0.000000,0.000000,0.000000,0.000000,0.000000,0.000000,0.000000,0.000000
1777208317.605226,0,0.000000,0.000000,0.000000,0.000000,0.000000,0.000000,0.000000,0.000000,0.070000,0.020000
1777208317.632165,0,0.000000,0.000000,0.000000,0.000000,0.000000,0.000000,0.000000,0.000000,0.070000,0.000000
1777208317.658788,0,0.000000,0.000000,0.000000,0.000000,0.000000,0.000000,0.000000,0.000000,0.000000,0.000000
1777208317.659280,0,0.000000,0.000000,0.000000,0.000000,0.000000,0.000000,0.000000,0.000000,0.000000,0.000000
1777208317.686081,0,0.000000,0.000000,0.000000,0.000000,0.000000,0.000000,0.000000,0.000000,0.070000,0.050000
1777208317.686587,0,0.000000,0.000000,0.000000,0.000000,0.000000,0.000000,0.000000,0.000000,0.140000,0.020000
1777208317.713598,0,0.000000,0.000000,0.000000,0.000000,0.000000,0.000000,0.000000,0.000000,0.070000,0.000000
1777208317.741460,0,0.000000,0.000000,0.000000,0.000000,0.000000,0.000000,0.000000,0.000000,0.000000,0.000000
1777208317.769131,0,0.000000,0.000000,0.000000,0.000000,0.000000,0.000000,0.000000,0.000000,0.000000,0.020000
1777208317.769633,0,0.000000,0.000000,0.000000,0.000000,0.000000,0.000000,0.000000,0.000000,0.000000,0.050000
1777208317.770099,0,0.000000,0.000000,0.000000,0.000000,0.000000,0.000000,0.000000,0.000000,0.070000,0.000000
1777208317.797238,0,0.000000,0.000000,0.000000,0.000000,0.000000,0.000000,0.000000,0.000000,0.070000,0.000000
1777208317.797833,0,0.000000,0.000000,0.000000,0.000000,0.000000,0.000000,0.000000,0.000000,0.000000,0.000000
1777208317.824353,0,0.000000,0.000000,0.000000,0.000000,0.000000,0.000000,0.000000,0.000000,0.000000,0.050000
1777208317.850975,0,0.000000,0.000000,0.000000,0.000000,0.000000,0.000000,0.000000,0.000000,0.000000,0.000000
1777208317.851522,0,0.000000,0.000000,0.000000,0.000000,0.000000,0.000000,0.000000,0.000000,0.000000,0.000000
1777208317.879966,0,0.000000,0.000000,0.000000,0.000000,0.000000,0.000000,0.000000,0.000000,0.140000,0.000000
1777208317.880578,0,0.000000,0.000000,0.000000,0.000000,0.000000,0.000000,0.000000,0.000000,0.140000,0.020000
1777208317.911167,0,0.000000,0.000000,0.000000,0.000000,0.000000,0.000000,0.000000,0.000000,0.000000,0.000000
1777208317.911661,0,0.000000,0.000000,0.000000,0.000000,0.000000,0.000000,0.000000,0.000000,0.000000,0.000000
1777208317.939538,0,0.000000,0.000000,0.000000,0.000000,0.000000,0.000000,0.000000,0.000000,0.000000,0.000000
1777208317.940140,0,0.000000,0.000000,0.000000,0.000000,0.000000,0.000000,0.000000,0.000000,0.070000,0.000000
1777208317.966462,0,0.000000,0.000000,0.000000,0.000000,0.000000,0.000000,0.000000,0.000000,0.070000,0.020000
1777208317.966967,0,0.000000,0.000000,0.000000,0.000000,0.000000,0.000000,0.000000,0.000000,0.000000,0.000000
1777208317.992984,0,0.000000,0.000000,0.000000,0.000000,0.000000,0.000000,0.000000,0.000000,0.070000,0.000000
1777208317.993488,0,0.000000,0.000000,0.000000,0.000000,0.000000,0.000000,0.000000,0.000000,0.000000,0.000000
1777208318.020985,0,0.000000,0.000000,0.000000,0.000000,0.000000,0.000000,0.000000,0.000000,0.140000,0.000000
1777208318.021673,0,0.000000,0.000000,0.000000,0.000000,0.000000,0.000000,0.000000,0.000000,0.070000,0.000000
1777208318.049315,0,0.000000,0.000000,0.000000,0.000000,0.000000,0.000000,0.000000,0.000000,0.000000,0.000000
1777208318.077366,0,0.000000,0.000000,0.000000,0.000000,0.000000,0.000000,0.000000,0.000000,0.000000,0.050000
1777208318.104217,0,0.000000,0.000000,0.000000,0.000000,0.000000,0.000000,0.000000,0.000000,0.000000,0.020000
1777208318.104701,0,0.000000,0.000000,0.000000,0.000000,0.000000,0.000000,0.000000,0.000000,0.200000,0.000000
1777208318.105170,0,0.000000,0.000000,0.000000,0.000000,0.000000,0.000000,0.000000,0.000000,0.000000,0.020000
1777208318.131315,0,0.000000,0.000000,0.000000,0.000000,0.000000,0.000000,0.000000,0.000000,0.070000,0.000000
1777208318.131795,0,0.000000,0.000000,0.000000,0.000000,0.000000,0.000000,0.000000,0.000000,0.000000,0.000000
1777208318.158637,0,0.000000,0.000000,0.000000,0.000000,0.000000,0.000000,0.000000,0.000000,0.000000,0.000000
1777208318.186069,0,0.000000,0.000000,0.000000,0.000000,0.000000,0.000000,0.000000,0.000000,0.000000,0.000000
1777208318.186572,0,0.000000,0.000000,0.000000,0.000000,0.000000,0.000000,0.000000,0.000000,0.000000,0.020000
1777208318.214178,0,0.000000,0.000000,0.000000,0.000000,0.000000,0.000000,0.000000,0.000000,0.000000,0.020000
1777208318.241761,0,0.000000,0.000000,0.000000,0.000000,0.000000,0.000000,0.000000,0.000000,0.000000,0.020000
1777208318.242432,0,0.000000,0.000000,0.000000,0.000000,0.000000,0.000000,0.000000,0.000000,0.070000,0.000000
1777208318.243169,0,0.000000,0.000000,0.000000,0.000000,0.000000,0.000000,0.000000,0.000000,0.070000,0.000000
1777208318.270046,0,0.000000,0.000000,0.000000,0.000000,0.000000,0.000000,0.000000,0.000000,0.000000,0.000000
1777208318.270557,0,0.000000,0.000000,0.000000,0.000000,0.000000,0.000000,0.000000,0.000000,0.000000,0.000000
1777208318.297356,0,0.000000,0.000000,0.000000,0.000000,0.000000,0.000000,0.000000,0.000000,0.000000,0.000000
1777208318.324619,0,0.000000,0.000000,0.000000,0.000000,0.000000,0.000000,0.000000,0.000000,0.070000,0.020000
1777208318.325090,0,0.000000,0.000000,0.000000,0.000000,0.000000,0.000000,0.000000,0.000000,0.070000,0.000000
1777208318.352204,0,0.000000,0.000000,0.000000,0.000000,0.000000,0.000000,0.000000,0.000000,0.070000,0.000000
1777208318.380058,0,0.000000,0.000000,0.000000,0.000000,0.000000,0.000000,0.000000,0.000000,0.070000,0.020000
1777208318.380547,0,0.000000,0.000000,0.000000,0.000000,0.000000,0.000000,0.000000,0.000000,0.070000,0.000000
1777208318.406741,0,0.000000,0.000000,0.000000,0.000000,0.000000,0.000000,0.000000,0.000000,0.070000,0.000000
1777208318.407344,0,0.000000,0.000000,0.000000,0.000000,0.000000,0.000000,0.000000,0.000000,0.000000,0.000000
1777208318.408012,0,0.000000,0.000000,0.000000,0.000000,0.000000,0.000000,0.000000,0.000000,0.140000,0.000000
1777208318.434768,0,0.000000,0.000000,0.000000,0.000000,0.000000,0.000000,0.000000,0.000000,0.000000,0.000000
1777208318.435271,0,0.000000,0.000000,0.000000,0.000000,0.000000,0.000000,0.000000,0.000000,0.070000,0.000000
1777208318.461800,0,0.000000,0.000000,0.000000,0.000000,0.000000,0.000000,0.000000,0.000000,0.070000,0.000000
1777208318.462495,0,0.000000,0.000000,0.000000,0.000000,0.000000,0.000000,0.000000,0.000000,0.070000,0.050000
1777208318.489023,0,0.000000,0.000000,0.000000,0.000000,0.000000,0.000000,0.000000,0.000000,0.070000,0.000000
1777208318.515385,0,0.000000,0.000000,0.000000,0.000000,0.000000,0.000000,0.000000,0.000000,0.000000,0.020000
1777208318.516049,0,0.000000,0.000000,0.000000,0.000000,0.000000,0.000000,0.000000,0.000000,0.000000,0.020000
1777208318.566456,0,0.000000,0.000000,0.000000,0.000000,0.000000,0.000000,0.000000,0.000000,0.000000,0.020000
1777208318.566978,0,0.000000,0.000000,0.000000,0.000000,0.000000,0.000000,0.000000,0.000000,0.070000,0.000000
1777208318.567380,0,0.000000,0.000000,0.000000,0.000000,0.000000,0.000000,0.000000,0.000000,0.000000,0.020000
1777208318.567915,0,0.000000,0.000000,0.000000,0.000000,0.000000,0.000000,0.000000,0.000000,0.070000,0.000000
1777208318.568301,0,0.000000,0.000000,0.000000,0.000000,0.000000,0.000000,0.000000,0.000000,0.000000,0.000000
1777208318.616886,0,0.000000,0.000000,0.000000,0.000000,0.000000,0.000000,0.000000,0.000000,0.070000,0.000000
1777208318.618044,0,0.000000,0.000000,0.000000,0.000000,0.000000,0.000000,0.000000,0.000000,0.000000,0.000000
1777208318.618490,0,0.000000,0.000000,0.000000,0.000000,0.000000,0.000000,0.000000,0.000000,0.070000,0.000000
1777208318.668329,0,0.000000,0.000000,0.000000,0.000000,0.000000,0.000000,0.000000,0.000000,0.070000,0.000000
1777208318.669452,0,0.000000,0.000000,0.000000,0.000000,0.000000,0.000000,0.000000,0.000000,0.000000,0.000000
1777208318.669945,0,0.000000,0.000000,0.000000,0.000000,0.000000,0.000000,0.000000,0.000000,0.070000,0.000000
1777208318.697540,0,0.000000,0.000000,0.000000,0.000000,0.000000,0.000000,0.000000,0.000000,0.070000,0.000000
1777208318.725400,0,0.000000,0.000000,0.000000,0.000000,0.000000,0.000000,0.000000,0.000000,0.000000,0.000000
1777208318.726687,0,0.000000,0.000000,0.000000,0.000000,0.000000,0.000000,0.000000,0.000000,0.070000,0.000000
1777208318.753810,0,0.000000,0.000000,0.000000,0.000000,0.000000,0.000000,0.000000,0.000000,0.000000,0.000000
1777208318.781121,0,0.000000,0.000000,0.000000,0.000000,0.000000,0.000000,0.000000,0.000000,0.000000,0.050000
1777208318.808460,0,0.000000,0.000000,0.000000,0.000000,0.000000,0.000000,0.000000,0.000000,0.000000,0.000000
1777208318.808950,0,0.000000,0.000000,0.000000,0.000000,0.000000,0.000000,0.000000,0.000000,0.000000,0.000000
1777208318.809347,0,0.000000,0.000000,0.000000,0.000000,0.000000,0.000000,0.000000,0.000000,0.000000,0.020000
1777208318.837189,0,0.000000,0.000000,0.000000,0.000000,0.000000,0.000000,0.000000,0.000000,0.070000,0.000000
1777208318.866748,0,0.000000,0.000000,0.000000,0.000000,0.000000,0.000000,0.000000,0.000000,0.000000,0.000000
1777208318.867258,0,0.000000,0.000000,0.000000,0.000000,0.000000,0.000000,0.000000,0.000000,0.000000,0.000000
1777208318.897629,0,0.000000,0.000000,0.000000,0.000000,0.000000,0.000000,0.000000,0.000000,0.000000,0.000000
1777208318.898155,0,0.000000,0.000000,0.000000,0.000000,0.000000,0.000000,0.000000,0.000000,0.000000,0.000000
1777208318.930368,0,0.000000,0.000000,0.000000,0.000000,0.000000,0.000000,0.000000,0.000000,0.070000,0.090000
1777208318.930864,0,0.000000,0.000000,0.000000,0.000000,0.000000,0.000000,0.000000,0.000000,0.070000,0.000000
1777208318.958751,0,0.000000,0.000000,0.000000,0.000000,0.000000,0.000000,0.000000,0.000000,0.000000,0.000000
1777208318.959255,0,0.000000,0.000000,0.000000,0.000000,0.000000,0.000000,0.000000,0.000000,0.070000,0.000000
1777208318.987290,0,0.000000,0.000000,0.000000,0.000000,0.000000,0.000000,0.000000,0.000000,0.000000,0.000000
1777208318.987767,0,0.000000,0.000000,0.000000,0.000000,0.000000,0.000000,0.000000,0.000000,0.070000,0.000000
1777208319.016118,0,0.000000,0.000000,0.000000,0.000000,0.000000,0.000000,0.000000,0.000000,0.070000,0.000000
1777208319.016640,0,0.000000,0.000000,0.000000,0.000000,0.000000,0.000000,0.000000,0.000000,0.000000,0.000000
1777208319.046221,0,0.000000,0.000000,0.000000,0.000000,0.000000,0.000000,0.000000,0.000000,0.070000,0.000000
1777208319.046718,0,0.000000,0.000000,0.000000,0.000000,0.000000,0.000000,0.000000,0.000000,0.070000,0.000000
1777208319.074691,0,0.000000,0.000000,0.000000,0.000000,0.000000,0.000000,0.000000,0.000000,0.000000,0.000000
1777208319.075169,0,0.000000,0.000000,0.000000,0.000000,0.000000,0.000000,0.000000,0.000000,0.000000,0.000000
1777208319.102634,0,0.000000,0.000000,0.000000,0.000000,0.000000,0.000000,0.000000,0.000000,0.000000,0.000000
1777208319.103140,0,0.000000,0.000000,0.000000,0.000000,0.000000,0.000000,0.000000,0.000000,0.000000,0.200000
1777208319.134054,0,0.000000,0.000000,0.000000,0.000000,0.000000,0.000000,0.000000,0.000000,0.070000,0.000000
1777208319.134587,0,0.000000,0.000000,0.000000,0.000000,0.000000,0.000000,0.000000,0.000000,0.000000,0.020000
1777208319.162186,0,0.000000,0.000000,0.000000,0.000000,0.000000,0.000000,0.000000,0.000000,0.000000,0.000000
1777208319.162697,0,0.000000,0.000000,0.000000,0.000000,0.000000,0.000000,0.000000,0.000000,0.000000,0.000000
1777208319.189316,0,0.000000,0.000000,0.000000,0.000000,0.000000,0.000000,0.000000,0.000000,0.000000,0.020000
1777208319.189956,0,0.000000,0.000000,0.000000,0.000000,0.000000,0.000000,0.000000,0.000000,0.140000,0.000000
1777208319.218701,0,0.000000,0.000000,0.000000,0.000000,0.000000,0.000000,0.000000,0.000000,0.000000,0.020000
1777208319.246610,0,0.000000,0.000000,0.000000,0.000000,0.000000,0.000000,0.000000,0.000000,0.000000,0.000000
1777208319.247110,0,0.000000,0.000000,0.000000,0.000000,0.000000,0.000000,0.000000,0.000000,0.000000,0.000000
1777208319.276802,0,0.000000,0.000000,0.000000,0.000000,0.000000,0.000000,0.000000,0.000000,0.070000,0.050000
1777208319.277354,0,0.000000,0.000000,0.000000,0.000000,0.000000,0.000000,0.000000,0.000000,0.070000,0.000000
1777208319.306160,0,0.000000,0.000000,0.000000,0.000000,0.000000,0.000000,0.000000,0.000000,0.000000,0.000000
1777208319.306659,0,0.000000,0.000000,0.000000,0.000000,0.000000,0.000000,0.000000,0.000000,0.070000,0.000000
1777208319.307144,0,0.000000,0.000000,0.000000,0.000000,0.000000,0.000000,0.000000,0.000000,0.070000,0.020000
1777208319.334773,0,0.000000,0.000000,0.000000,0.000000,0.000000,0.000000,0.000000,0.000000,0.000000,0.000000
1777208319.335344,0,0.000000,0.000000,0.000000,0.000000,0.000000,0.000000,0.000000,0.000000,0.000000,0.000000
1777208319.362922,0,0.000000,0.000000,0.000000,0.000000,0.000000,0.000000,0.000000,0.000000,0.070000,0.020000
1777208319.363717,0,0.000000,0.000000,0.000000,0.000000,0.000000,0.000000,0.000000,0.000000,0.000000,0.000000
1777208319.391148,0,0.000000,0.000000,0.000000,0.000000,0.000000,0.000000,0.000000,0.000000,0.070000,0.000000
1777208319.418614,0,0.000000,0.000000,0.000000,0.000000,0.000000,0.000000,0.000000,0.000000,0.070000,0.020000
1777208319.445791,0,0.000000,0.000000,0.000000,0.000000,0.000000,0.000000,0.000000,0.000000,0.070000,0.000000
1777208319.446280,0,0.000000,0.000000,0.000000,0.000000,0.000000,0.000000,0.000000,0.000000,0.000000,0.000000
1777208319.447670,0,0.000000,0.000000,0.000000,0.000000,0.000000,0.000000,0.000000,0.000000,0.070000,0.000000
1777208319.474965,0,0.000000,0.000000,0.000000,0.000000,0.000000,0.000000,0.000000,0.000000,0.000000,0.020000
1777208319.475448,0,0.000000,0.000000,0.000000,0.000000,0.000000,0.000000,0.000000,0.000000,0.000000,0.000000
1777208319.504301,0,0.000000,0.000000,0.000000,0.000000,0.000000,0.000000,0.000000,0.000000,0.000000,0.020000
1777208319.531508,0,0.000000,0.000000,0.000000,0.000000,0.000000,0.000000,0.000000,0.000000,0.000000,0.000000
1777208319.532009,0,0.000000,0.000000,0.000000,0.000000,0.000000,0.000000,0.000000,0.000000,0.000000,0.000000
1777208319.561959,0,0.000000,0.000000,0.000000,0.000000,0.000000,0.000000,0.000000,0.000000,0.070000,0.020000
1777208319.562446,0,0.000000,0.000000,0.000000,0.000000,0.000000,0.000000,0.000000,0.000000,0.070000,0.020000
1777208319.589413,0,0.000000,0.000000,0.000000,0.000000,0.000000,0.000000,0.000000,0.000000,0.000000,0.000000
1777208319.589918,0,0.000000,0.000000,0.000000,0.000000,0.000000,0.000000,0.000000,0.000000,0.000000,0.020000
1777208319.619006,0,0.000000,0.000000,0.000000,0.000000,0.000000,0.000000,0.000000,0.000000,0.000000,0.000000
1777208319.645948,0,0.000000,0.000000,0.000000,0.000000,0.000000,0.000000,0.000000,0.000000,0.070000,0.000000
1777208319.646457,0,0.000000,0.000000,0.000000,0.000000,0.000000,0.000000,0.000000,0.000000,0.000000,0.050000
1777208319.646836,0,0.000000,0.000000,0.000000,0.000000,0.000000,0.000000,0.000000,0.000000,0.000000,0.000000
1777208319.674585,0,0.000000,0.000000,0.000000,0.000000,0.000000,0.000000,0.000000,0.000000,0.000000,0.020000
1777208319.701482,0,0.000000,0.000000,0.000000,0.000000,0.000000,0.000000,0.000000,0.000000,0.000000,0.000000
1777208319.701970,0,0.000000,0.000000,0.000000,0.000000,0.000000,0.000000,0.000000,0.000000,0.000000,0.000000
1777208319.702468,0,0.000000,0.000000,0.000000,0.000000,0.000000,0.000000,0.000000,0.000000,0.070000,0.000000
1777208319.729400,0,0.000000,0.000000,0.000000,0.000000,0.000000,0.000000,0.000000,0.000000,0.000000,0.000000
1777208319.733851,0,0.000000,0.000000,0.000000,0.000000,0.000000,0.000000,0.000000,0.000000,0.070000,0.000000
1777208319.746178,0,0.000000,0.000000,0.000000,0.000000,0.000000,0.000000,0.000000,0.000000,0.000000,0.000000
1777208319.747085,0,0.000000,0.000000,0.000000,0.000000,0.000000,0.000000,0.000000,0.000000,0.410000,0.020000
1777208319.766437,0,0.000000,0.000000,0.000000,0.000000,0.000000,0.000000,0.000000,0.000000,0.070000,0.020000
1777208319.767261,0,0.000000,0.000000,0.000000,0.000000,0.000000,0.000000,0.000000,0.000000,0.000000,0.000000
1777208319.781976,0,0.000000,0.000000,0.000000,0.000000,0.000000,0.000000,0.000000,0.000000,0.000000,0.020000
1777208319.805031,0,0.000000,0.000000,0.000000,0.000000,0.000000,0.000000,0.000000,0.000000,0.000000,0.000000
1777208319.820074,0,0.000000,0.000000,0.000000,0.000000,0.000000,0.000000,0.000000,0.000000,0.000000,0.000000
1777208319.826247,0,0.000000,0.000000,0.000000,0.000000,0.000000,0.000000,0.000000,0.000000,0.000000,0.000000
1777208319.843450,0,0.000000,0.000000,0.000000,0.000000,0.000000,0.000000,0.000000,0.000000,0.070000,0.000000
1777208319.873856,0,0.000000,0.000000,0.000000,0.000000,0.000000,0.000000,0.000000,0.000000,0.000000,0.020000
1777208319.879785,0,0.000000,0.000000,0.000000,0.000000,0.000000,0.000000,0.000000,0.000000,0.000000,0.020000
1777208319.894128,0,0.000000,0.000000,0.000000,0.000000,0.000000,0.000000,0.000000,0.000000,0.070000,0.000000
1777208319.915921,0,0.000000,0.000000,0.000000,0.000000,0.000000,0.000000,0.000000,0.000000,0.000000,0.020000
1777208319.930913,0,0.000000,0.000000,0.000000,0.000000,0.000000,0.000000,0.000000,0.000000,0.000000,0.000000
1777208319.931964,0,0.000000,0.000000,0.000000,0.000000,0.000000,0.000000,0.000000,0.000000,0.000000,0.020000
1777208319.945684,0,0.000000,0.000000,0.000000,0.000000,0.000000,0.000000,0.000000,0.000000,0.000000,0.000000
1777208319.961512,0,0.000000,0.000000,0.000000,0.000000,0.000000,0.000000,0.000000,0.000000,0.070000,0.020000
1777208319.976546,0,0.000000,0.000000,0.000000,0.000000,0.000000,0.000000,0.000000,0.000000,0.000000,0.000000
1777208320.001265,0,0.000000,0.000000,0.000000,0.000000,0.000000,0.000000,0.000000,0.000000,0.000000,0.000000
1777208320.017505,0,0.000000,0.000000,0.000000,0.000000,0.000000,0.000000,0.000000,0.000000,0.000000,0.020000
1777208320.030192,0,0.000000,0.000000,0.000000,0.000000,0.000000,0.000000,0.000000,0.000000,0.000000,0.000000
1777208320.045027,0,0.000000,0.000000,0.000000,0.000000,0.000000,0.000000,0.000000,0.000000,0.070000,0.020000
1777208320.066512,0,0.000000,0.000000,0.000000,0.000000,0.000000,0.000000,0.000000,0.000000,0.000000,0.000000
1777208320.083157,0,0.000000,0.000000,0.000000,0.000000,0.000000,0.000000,0.000000,0.000000,0.000000,0.000000
1777208320.089725,0,0.000000,0.000000,0.000000,0.000000,0.000000,0.000000,0.000000,0.000000,0.000000,0.020000
1777208320.096581,0,0.000000,0.000000,0.000000,0.000000,0.000000,0.000000,0.000000,0.000000,0.000000,0.020000
1777208320.128205,0,0.000000,0.000000,0.000000,0.000000,0.000000,0.000000,0.000000,0.000000,0.000000,0.370000
1777208320.143878,0,0.000000,0.000000,0.000000,0.000000,0.000000,0.000000,0.000000,0.000000,0.070000,0.000000
1777208320.145349,0,0.000000,0.000000,0.000000,0.000000,0.000000,0.000000,0.000000,0.000000,0.000000,0.020000
1777208320.172888,0,0.000000,0.000000,0.000000,0.000000,0.000000,0.000000,0.000000,0.000000,0.000000,0.020000
1777208320.179279,0,0.000000,0.000000,0.000000,0.000000,0.000000,0.000000,0.000000,0.000000,0.000000,0.000000
1777208320.210673,0,0.000000,0.000000,0.000000,0.000000,0.000000,0.000000,0.000000,0.000000,0.000000,0.000000
1777208320.212286,0,0.000000,0.000000,0.000000,0.000000,0.000000,0.000000,0.000000,0.000000,0.000000,0.210000
1777208320.230905,0,0.000000,0.000000,0.000000,0.000000,0.000000,0.000000,0.000000,0.000000,0.000000,0.000000
1777208320.238152,0,0.000000,0.000000,0.000000,0.000000,0.000000,0.000000,0.000000,0.000000,0.000000,0.000000
1777208320.253396,0,0.000000,0.000000,0.000000,0.000000,0.000000,0.000000,0.000000,0.000000,0.200000,0.140000
1777208320.276012,0,0.000000,0.000000,0.000000,0.000000,0.000000,0.000000,0.000000,0.000000,0.070000,0.000000
1777208320.277108,0,0.000000,0.000000,0.000000,0.000000,0.000000,0.000000,0.000000,0.000000,0.000000,0.100000
1777208320.298425,0,0.000000,0.000000,0.000000,0.000000,0.000000,0.000000,0.000000,0.000000,0.000000,0.020000
1777208320.314032,0,0.000000,0.000000,0.000000,0.000000,0.000000,0.000000,0.000000,0.000000,0.000000,0.140000
1777208320.328779,0,0.000000,0.000000,0.000000,0.000000,0.000000,0.000000,0.000000,0.000000,0.000000,0.000000
1777208320.350214,0,0.000000,0.000000,0.000000,0.000000,0.000000,0.000000,0.000000,0.000000,0.000000,0.000000
1777208320.388503,0,0.000000,0.000000,0.000000,0.000000,0.000000,0.000000,0.000000,0.000000,0.000000,0.020000
1777208320.390688,0,0.000000,0.000000,0.000000,0.000000,0.000000,0.000000,0.000000,0.000000,0.000000,0.000000
1777208320.396896,0,0.000000,0.000000,0.000000,0.000000,0.000000,0.000000,0.000000,0.000000,0.070000,0.000000
1777208320.404171,0,0.000000,0.000000,0.000000,0.000000,0.000000,0.000000,0.000000,0.000000,0.000000,0.000000
1777208320.428427,0,0.000000,0.000000,0.000000,0.000000,0.000000,0.000000,0.000000,0.000000,0.000000,0.000000
1777208320.443396,0,0.000000,0.000000,0.000000,0.000000,0.000000,0.000000,0.000000,0.000000,0.000000,0.000000
1777208320.465909,0,0.000000,0.000000,0.000000,0.000000,0.000000,0.000000,0.000000,0.000000,0.000000,0.000000
1777208320.471990,0,0.000000,0.000000,0.000000,0.000000,0.000000,0.000000,0.000000,0.000000,0.000000,0.020000
1777208320.488455,0,0.000000,0.000000,0.000000,0.000000,0.000000,0.000000,0.000000,0.000000,0.000000,0.000000
1777208320.503226,0,0.000000,0.000000,0.000000,0.000000,0.000000,0.000000,0.000000,0.000000,0.140000,0.000000
1777208320.509893,0,0.000000,0.000000,0.000000,0.000000,0.000000,0.000000,0.000000,0.000000,0.000000,0.000000
1777208320.532926,0,0.000000,0.000000,0.000000,0.000000,0.000000,0.000000,0.000000,0.000000,0.000000,0.100000
1777208320.557208,0,0.000000,0.000000,0.000000,0.000000,0.000000,0.000000,0.000000,0.000000,0.000000,0.000000
1777208320.561260,0,0.000000,0.000000,0.000000,0.000000,0.000000,0.000000,0.000000,0.000000,0.070000,0.000000
1777208320.578918,0,0.000000,0.000000,0.000000,0.000000,0.000000,0.000000,0.000000,0.000000,0.000000,0.000000
1777208320.601397,0,0.000000,0.000000,0.000000,0.000000,0.000000,0.000000,0.000000,0.000000,0.000000,0.020000
1777208320.606880,0,0.000000,0.000000,0.000000,0.000000,0.000000,0.000000,0.000000,0.000000,0.000000,0.000000
1777208320.623882,0,0.000000,0.000000,0.000000,0.000000,0.000000,0.000000,0.000000,0.000000,0.000000,0.000000
1777208320.637775,0,0.000000,0.000000,0.000000,0.000000,0.000000,0.000000,0.000000,0.000000,0.000000,0.020000
1777208320.660696,0,0.000000,0.000000,0.000000,0.000000,0.000000,0.000000,0.000000,0.000000,0.070000,0.000000
1777208320.674599,0,0.000000,0.000000,0.000000,0.000000,0.000000,0.000000,0.000000,0.000000,0.000000,0.100000
1777208320.689746,0,0.000000,0.000000,0.000000,0.000000,0.000000,0.000000,0.000000,0.000000,0.000000,0.000000
1777208320.696830,0,0.000000,0.000000,0.000000,0.000000,0.000000,0.000000,0.000000,0.000000,0.140000,0.000000
1777208320.713887,0,0.000000,0.000000,0.000000,0.000000,0.000000,0.000000,0.000000,0.000000,0.000000,0.000000
1777208320.735327,0,0.000000,0.000000,0.000000,0.000000,0.000000,0.000000,0.000000,0.000000,0.000000,0.000000
1777208320.750620,0,0.000000,0.000000,0.000000,0.000000,0.000000,0.000000,0.000000,0.000000,0.000000,0.000000
1777208320.765246,0,0.000000,0.000000,0.000000,0.000000,0.000000,0.000000,0.000000,0.000000,0.000000,0.000000
1777208320.779228,0,0.000000,0.000000,0.000000,0.000000,0.000000,0.000000,0.000000,0.000000,0.070000,0.020000
1777208320.794759,0,0.000000,0.000000,0.000000,0.000000,0.000000,0.000000,0.000000,0.000000,0.000000,0.000000
1777208320.811681,0,0.000000,0.000000,0.000000,0.000000,0.000000,0.000000,0.000000,0.000000,0.000000,0.000000
1777208320.825132,0,0.000000,0.000000,0.000000,0.000000,0.000000,0.000000,0.000000,0.000000,0.000000,0.000000
1777208320.846399,0,0.000000,0.000000,0.000000,0.000000,0.000000,0.000000,0.000000,0.000000,0.000000,0.020000
1777208320.847785,0,0.000000,0.000000,0.000000,0.000000,0.000000,0.000000,0.000000,0.000000,0.070000,0.020000
1777208320.870517,0,0.000000,0.000000,0.000000,0.000000,0.000000,0.000000,0.000000,0.000000,0.070000,0.000000
1777208320.891784,0,0.000000,0.000000,0.000000,0.000000,0.000000,0.000000,0.000000,0.000000,0.000000,0.000000
1777208320.909064,0,0.000000,0.000000,0.000000,0.000000,0.000000,0.000000,0.000000,0.000000,0.000000,0.000000
1777208320.924346,0,0.000000,0.000000,0.000000,0.000000,0.000000,0.000000,0.000000,0.000000,0.000000,0.000000
1777208320.928345,0,0.000000,0.000000,0.000000,0.000000,0.000000,0.000000,0.000000,0.000000,0.000000,0.000000
1777208320.943368,0,0.000000,0.000000,0.000000,0.000000,0.000000,0.000000,0.000000,0.000000,0.000000,0.020000
1777208320.959309,0,0.000000,0.000000,0.000000,0.000000,0.000000,0.000000,0.000000,0.000000,0.000000,0.000000
1777208320.982421,0,0.000000,0.000000,0.000000,0.000000,0.000000,0.000000,0.000000,0.000000,0.000000,0.000000
1777208320.989274,0,0.000000,0.000000,0.000000,0.000000,0.000000,0.000000,0.000000,0.000000,0.000000,0.070000
1777208321.005548,0,0.000000,0.000000,0.000000,0.000000,0.000000,0.000000,0.000000,0.000000,0.070000,0.000000
1777208321.019907,0,0.000000,0.000000,0.000000,0.000000,0.000000,0.000000,0.000000,0.000000,0.000000,0.000000
1777208321.046963,0,0.000000,0.000000,0.000000,0.000000,0.000000,0.000000,0.000000,0.000000,0.070000,0.000000
1777208321.056465,0,0.000000,0.000000,0.000000,0.000000,0.000000,0.000000,0.000000,0.000000,0.000000,0.000000
1777208321.088815,0,0.000000,0.000000,0.000000,0.000000,0.000000,0.000000,0.000000,0.000000,0.000000,0.140000
1777208321.091116,0,0.000000,0.000000,0.000000,0.000000,0.000000,0.000000,0.000000,0.000000,0.000000,0.000000
1777208321.101721,0,0.000000,0.000000,0.000000,0.000000,0.000000,0.000000,0.000000,0.000000,0.000000,0.020000
1777208321.117121,0,0.000000,0.000000,0.000000,0.000000,0.000000,0.000000,0.000000,0.000000,0.000000,0.020000
1777208321.140600,0,0.000000,0.000000,0.000000,0.000000,0.000000,0.000000,0.000000,0.000000,0.000000,0.020000
1777208321.146147,0,0.000000,0.000000,0.000000,0.000000,0.000000,0.000000,0.000000,0.000000,0.000000,0.100000
1777208321.169152,0,0.000000,0.000000,0.000000,0.000000,0.000000,0.000000,0.000000,0.000000,0.000000,0.000000
1777208321.176367,0,0.000000,0.000000,0.000000,0.000000,0.000000,0.000000,0.000000,0.000000,0.070000,0.000000
1777208321.183416,0,0.000000,0.000000,0.000000,0.000000,0.000000,0.000000,0.000000,0.000000,0.000000,0.020000
1777208321.206597,0,0.000000,0.000000,0.000000,0.000000,0.000000,0.000000,0.000000,0.000000,0.070000,0.070000
1777208321.222690,0,0.000000,0.000000,0.000000,0.000000,0.000000,0.000000,0.000000,0.000000,0.280000,0.000000
1777208321.245425,0,0.000000,0.000000,0.000000,0.000000,0.000000,0.000000,0.000000,0.000000,0.070000,0.000000
1777208321.250818,0,0.000000,0.000000,0.000000,0.000000,0.000000,0.000000,0.000000,0.000000,0.070000,0.020000
1777208321.266444,0,0.000000,0.000000,0.000000,0.000000,0.000000,0.000000,0.000000,0.000000,0.070000,0.020000
1777208321.290399,0,0.000000,0.000000,0.000000,0.000000,0.000000,0.000000,0.000000,0.000000,0.070000,0.000000
1777208321.297447,0,0.000000,0.000000,0.000000,0.000000,0.000000,0.000000,0.000000,0.000000,0.070000,0.000000
1777208321.314886,0,0.000000,0.000000,0.000000,0.000000,0.000000,0.000000,0.000000,0.000000,0.070000,0.000000
1777208321.336749,0,0.000000,0.000000,0.000000,0.000000,0.000000,0.000000,0.000000,0.000000,0.000000,0.000000
1777208321.341866,0,0.000000,0.000000,0.000000,0.000000,0.000000,0.000000,0.000000,0.000000,0.000000,0.140000
1777208321.358322,0,0.000000,0.000000,0.000000,0.000000,0.000000,0.000000,0.000000,0.000000,0.070000,0.020000
1777208321.371841,0,0.000000,0.000000,0.000000,0.000000,0.000000,0.000000,0.000000,0.000000,0.070000,0.000000
1777208321.395868,0,0.000000,0.000000,0.000000,0.000000,0.000000,0.000000,0.000000,0.000000,0.000000,0.020000
1777208321.401115,0,0.000000,0.000000,0.000000,0.000000,0.000000,0.000000,0.000000,0.000000,0.070000,0.000000
1777208321.425287,0,0.000000,0.000000,0.000000,0.000000,0.000000,0.000000,0.000000,0.000000,0.070000,0.000000
1777208321.431471,0,0.000000,0.000000,0.000000,0.000000,0.000000,0.000000,0.000000,0.000000,0.200000,0.000000
1777208321.447631,0,0.000000,0.000000,0.000000,0.000000,0.000000,0.000000,0.000000,0.000000,0.000000,0.070000
1777208321.462628,0,0.000000,0.000000,0.000000,0.000000,0.000000,0.000000,0.000000,0.000000,0.070000,0.000000
1777208321.479146,0,0.000000,0.000000,0.000000,0.000000,0.000000,0.000000,0.000000,0.000000,0.000000,0.000000
1777208321.510259,0,0.000000,0.000000,0.000000,0.000000,0.000000,0.000000,0.000000,0.000000,0.070000,0.000000
1777208321.513717,0,0.000000,0.000000,0.000000,0.000000,0.000000,0.000000,0.000000,0.000000,0.070000,0.070000
1777208321.521245,0,0.000000,0.000000,0.000000,0.000000,0.000000,0.000000,0.000000,0.000000,0.000000,0.000000
1777208321.544647,0,0.000000,0.000000,0.000000,0.000000,0.000000,0.000000,0.000000,0.000000,0.000000,0.000000
1777208321.551227,0,0.000000,0.000000,0.000000,0.000000,0.000000,0.000000,0.000000,0.000000,0.000000,0.000000
1777208321.566576,0,0.000000,0.000000,0.000000,0.000000,0.000000,0.000000,0.000000,0.000000,0.070000,0.000000
1777208321.591617,0,0.000000,0.000000,0.000000,0.000000,0.000000,0.000000,0.000000,0.000000,0.000000,0.000000
1777208321.604931,0,0.000000,0.000000,0.000000,0.000000,0.000000,0.000000,0.000000,0.000000,0.000000,0.000000
1777208321.611488,0,0.000000,0.000000,0.000000,0.000000,0.000000,0.000000,0.000000,0.000000,0.000000,0.020000
1777208321.636046,0,0.000000,0.000000,0.000000,0.000000,0.000000,0.000000,0.000000,0.000000,0.000000,0.000000
1777208321.650911,0,0.000000,0.000000,0.000000,0.000000,0.000000,0.000000,0.000000,0.000000,0.000000,0.000000
1777208321.666556,0,0.000000,0.000000,0.000000,0.000000,0.000000,0.000000,0.000000,0.000000,0.000000,0.550000
1777208321.678739,0,0.000000,0.000000,0.000000,0.000000,0.000000,0.000000,0.000000,0.000000,0.000000,0.000000
1777208321.701884,0,0.000000,0.000000,0.000000,0.000000,0.000000,0.000000,0.000000,0.000000,0.000000,0.000000
1777208321.708711,0,0.000000,0.000000,0.000000,0.000000,0.000000,0.000000,0.000000,0.000000,0.000000,0.000000
1777208321.724676,0,0.000000,0.000000,0.000000,0.000000,0.000000,0.000000,0.000000,0.000000,0.000000,0.000000
1777208321.739924,0,0.000000,0.000000,0.000000,0.000000,0.000000,0.000000,0.000000,0.000000,0.000000,0.000000
1777208321.764929,0,0.000000,0.000000,0.000000,0.000000,0.000000,0.000000,0.000000,0.000000,0.070000,0.000000
1777208321.768236,0,0.000000,0.000000,0.000000,0.000000,0.000000,0.000000,0.000000,0.000000,0.000000,0.000000
1777208321.785773,0,0.000000,0.000000,0.000000,0.000000,0.000000,0.000000,0.000000,0.000000,0.000000,0.020000
1777208321.799787,0,0.000000,0.000000,0.000000,0.000000,0.000000,0.000000,0.000000,0.000000,0.000000,0.000000
1777208321.815019,0,0.000000,0.000000,0.000000,0.000000,0.000000,0.000000,0.000000,0.000000,0.000000,0.000000
1777208321.830424,0,0.000000,0.000000,0.000000,0.000000,0.000000,0.000000,0.000000,0.000000,0.000000,0.000000
1777208321.836713,0,0.000000,0.000000,0.000000,0.000000,0.000000,0.000000,0.000000,0.000000,0.070000,0.000000
1777208321.860353,0,0.000000,0.000000,0.000000,0.000000,0.000000,0.000000,0.000000,0.000000,0.000000,0.000000
1777208321.867382,0,0.000000,0.000000,0.000000,0.000000,0.000000,0.000000,0.000000,0.000000,0.000000,0.000000
1777208321.883822,0,0.000000,0.000000,0.000000,0.000000,0.000000,0.000000,0.000000,0.000000,0.070000,0.000000
1777208321.906569,0,0.000000,0.000000,0.000000,0.000000,0.000000,0.000000,0.000000,0.000000,0.000000,0.000000
1777208321.918564,0,0.000000,0.000000,0.000000,0.000000,0.000000,0.000000,0.000000,0.000000,0.070000,0.020000
1777208321.934317,0,0.000000,0.000000,0.000000,0.000000,0.000000,0.000000,0.000000,0.000000,0.000000,0.000000
1777208321.956338,0,0.000000,0.000000,0.000000,0.000000,0.000000,0.000000,0.000000,0.000000,0.140000,0.000000
1777208321.963358,0,0.000000,0.000000,0.000000,0.000000,0.000000,0.000000,0.000000,0.000000,0.000000,0.070000
1777208321.987869,0,0.000000,0.000000,0.000000,0.000000,0.000000,0.000000,0.000000,0.000000,0.070000,0.000000
1777208321.989465,0,0.000000,0.000000,0.000000,0.000000,0.000000,0.000000,0.000000,0.000000,0.000000,0.020000
1777208322.010159,0,0.000000,0.000000,0.000000,0.000000,0.000000,0.000000,0.000000,0.000000,0.070000,0.020000
1777208322.024096,0,0.000000,0.000000,0.000000,0.000000,0.000000,0.000000,0.000000,0.000000,0.000000,0.000000
1777208322.047294,0,0.000000,0.000000,0.000000,0.000000,0.000000,0.000000,0.000000,0.000000,0.140000,0.000000
1777208322.061694,0,0.000000,0.000000,0.000000,0.000000,0.000000,0.000000,0.000000,0.000000,0.070000,0.100000
1777208322.069194,0,0.000000,0.000000,0.000000,0.000000,0.000000,0.000000,0.000000,0.000000,0.000000,0.000000
1777208322.084327,0,0.000000,0.000000,0.000000,0.000000,0.000000,0.000000,0.000000,0.000000,0.000000,0.020000
1777208322.108049,0,0.000000,0.000000,0.000000,0.000000,0.000000,0.000000,0.000000,0.000000,0.000000,0.020000
1777208322.114707,0,0.000000,0.000000,0.000000,0.000000,0.000000,0.000000,0.000000,0.000000,0.000000,0.000000
1777208322.130523,0,0.000000,0.000000,0.000000,0.000000,0.000000,0.000000,0.000000,0.000000,0.000000,0.020000
1777208322.152598,0,0.000000,0.000000,0.000000,0.000000,0.000000,0.000000,0.000000,0.000000,0.140000,0.000000
1777208322.167108,0,0.000000,0.000000,0.000000,0.000000,0.000000,0.000000,0.000000,0.000000,0.140000,0.000000
1777208322.172978,0,0.000000,0.000000,0.000000,0.000000,0.000000,0.000000,0.000000,0.000000,0.070000,0.000000
1777208322.189993,0,0.000000,0.000000,0.000000,0.000000,0.000000,0.000000,0.000000,0.000000,0.070000,0.000000
1777208322.212077,0,0.000000,0.000000,0.000000,0.000000,0.000000,0.000000,0.000000,0.000000,0.070000,0.020000
1777208322.218248,0,0.000000,0.000000,0.000000,0.000000,0.000000,0.000000,0.000000,0.000000,0.000000,0.000000
1777208322.233513,0,0.000000,0.000000,0.000000,0.000000,0.000000,0.000000,0.000000,0.000000,0.000000,0.000000
1777208322.256706,0,0.000000,0.000000,0.000000,0.000000,0.000000,0.000000,0.000000,0.000000,0.000000,0.000000
1777208322.271470,0,0.000000,0.000000,0.000000,0.000000,0.000000,0.000000,0.000000,0.000000,0.000000,0.000000
1777208322.279311,0,0.000000,0.000000,0.000000,0.000000,0.000000,0.000000,0.000000,0.000000,0.000000,0.020000
1777208322.294457,0,0.000000,0.000000,0.000000,0.000000,0.000000,0.000000,0.000000,0.000000,0.000000,0.070000
1777208322.324982,0,0.000000,0.000000,0.000000,0.000000,0.000000,0.000000,0.000000,0.000000,0.000000,0.020000
1777208322.326365,0,0.000000,0.000000,0.000000,0.000000,0.000000,0.000000,0.000000,0.000000,0.000000,0.000000
1777208322.348264,0,0.000000,0.000000,0.000000,0.000000,0.000000,0.000000,0.000000,0.000000,0.000000,0.020000
1777208322.360807,0,0.000000,0.000000,0.000000,0.000000,0.000000,0.000000,0.000000,0.000000,0.070000,0.000000
1777208322.368780,0,0.000000,0.000000,0.000000,0.000000,0.000000,0.000000,0.000000,0.000000,0.000000,0.020000
1777208322.399501,0,0.000000,0.000000,0.000000,0.000000,0.000000,0.000000,0.000000,0.000000,0.000000,0.000000
1777208322.401620,0,0.000000,0.000000,0.000000,0.000000,0.000000,0.000000,0.000000,0.000000,0.000000,0.000000
1777208322.421719,0,0.000000,0.000000,0.000000,0.000000,0.000000,0.000000,0.000000,0.000000,0.000000,0.000000
1777208322.436787,0,0.000000,0.000000,0.000000,0.000000,0.000000,0.000000,0.000000,0.000000,0.000000,0.000000
1777208322.453063,0,0.000000,0.000000,0.000000,0.000000,0.000000,0.000000,0.000000,0.000000,0.000000,0.020000
1777208322.469347,0,0.000000,0.000000,0.000000,0.000000,0.000000,0.000000,0.000000,0.000000,0.000000,0.100000
1777208322.482195,0,0.000000,0.000000,0.000000,0.000000,0.000000,0.000000,0.000000,0.000000,0.000000,0.000000
1777208322.498505,0,0.000000,0.000000,0.000000,0.000000,0.000000,0.000000,0.000000,0.000000,0.000000,0.020000
1777208322.506286,0,0.000000,0.000000,0.000000,0.000000,0.000000,0.000000,0.000000,0.000000,0.000000,0.000000
1777208322.527549,0,0.000000,0.000000,0.000000,0.000000,0.000000,0.000000,0.000000,0.000000,0.000000,0.000000
1777208322.534148,0,0.000000,0.000000,0.000000,0.000000,0.000000,0.000000,0.000000,0.000000,0.000000,0.000000
1777208322.557255,0,0.000000,0.000000,0.000000,0.000000,0.000000,0.000000,0.000000,0.000000,0.140000,0.000000
1777208322.563135,0,0.000000,0.000000,0.000000,0.000000,0.000000,0.000000,0.000000,0.000000,0.070000,0.020000
1777208322.587744,0,0.000000,0.000000,0.000000,0.000000,0.000000,0.000000,0.000000,0.000000,0.000000,0.000000
1777208322.601909,0,0.000000,0.000000,0.000000,0.000000,0.000000,0.000000,0.000000,0.000000,0.000000,0.000000
1777208322.609054,0,0.000000,0.000000,0.000000,0.000000,0.000000,0.000000,0.000000,0.000000,0.070000,0.020000
1777208322.625341,0,0.000000,0.000000,0.000000,0.000000,0.000000,0.000000,0.000000,0.000000,0.000000,0.020000
1777208322.647383,0,0.000000,0.000000,0.000000,0.000000,0.000000,0.000000,0.000000,0.000000,0.500000,0.000000
1777208322.654456,0,0.000000,0.000000,0.000000,0.000000,0.000000,0.000000,0.000000,0.000000,0.000000,0.000000
1777208322.675900,0,0.000000,0.000000,0.000000,0.000000,0.000000,0.000000,0.000000,0.000000,0.070000,0.000000
1777208322.683670,0,0.000000,0.000000,0.000000,0.000000,0.000000,0.000000,0.000000,0.000000,0.000000,0.000000
1777208322.707017,0,0.000000,0.000000,0.000000,0.000000,0.000000,0.000000,0.000000,0.000000,0.000000,0.000000
1777208322.721095,0,0.000000,0.000000,0.000000,0.000000,0.000000,0.000000,0.000000,0.000000,0.070000,0.000000
1777208322.730498,0,0.000000,0.000000,0.000000,0.000000,0.000000,0.000000,0.000000,0.000000,0.000000,0.000000
1777208322.761477,0,0.000000,0.000000,0.000000,0.000000,0.000000,0.000000,0.000000,0.000000,0.000000,0.000000
1777208322.775655,0,0.000000,0.000000,0.000000,0.000000,0.000000,0.000000,0.000000,0.000000,0.000000,0.020000
1777208322.777232,0,0.000000,0.000000,0.000000,0.000000,0.000000,0.000000,0.000000,0.000000,0.070000,0.000000
1777208322.799422,0,0.000000,0.000000,0.000000,0.000000,0.000000,0.000000,0.000000,0.000000,0.140000,0.020000
1777208322.812600,0,0.000000,0.000000,0.000000,0.000000,0.000000,0.000000,0.000000,0.000000,0.070000,0.370000
1777208322.827414,0,0.000000,0.000000,0.000000,0.000000,0.000000,0.000000,0.020000,0.000000,0.000000,0.000000
1777208322.851627,0,0.000000,0.000000,0.000000,0.000000,0.000000,0.000000,0.050000,0.000000,0.000000,0.000000
1777208322.864791,0,0.000000,0.000000,0.000000,0.000000,0.000000,0.000000,0.100000,0.000000,0.140000,0.000000
1777208322.872118,0,0.000000,0.000000,0.000000,0.000000,0.000000,0.000000,0.120000,0.000000,0.000000,0.000000
1777208322.887546,0,0.000000,0.000000,0.000000,0.000000,0.000000,0.000000,0.170000,0.000000,0.000000,0.000000
1777208322.901957,0,0.000000,0.000000,0.000000,0.000000,0.000000,0.000000,0.200000,0.000000,0.000000,0.000000
1777208322.915954,0,0.000000,0.000000,0.000000,0.000000,0.000000,0.000000,0.230000,0.000000,0.000000,0.020000
1777208322.931244,0,0.000000,0.000000,0.000000,0.000000,0.000000,0.000000,0.270000,0.000000,0.000000,0.020000
1777208322.953467,0,0.000000,0.000000,0.000000,0.000000,0.000000,0.000000,0.310000,0.000000,0.000000,0.000000
1777208322.961227,0,0.000000,0.000000,0.000000,0.000000,0.000000,0.000000,0.000000,0.000000,0.000000,0.000000
1777208322.985466,0,0.000000,0.000000,0.000000,0.000000,0.000000,0.000000,0.030000,0.000000,0.000000,0.020000
1777208322.999810,0,0.000000,0.000000,0.000000,0.000000,0.000000,0.000000,0.070000,0.000000,0.000000,0.000000
1777208323.006616,0,0.000000,0.000000,0.000000,0.000000,0.000000,0.000000,0.100000,0.000000,0.000000,0.000000
1777208323.024225,0,0.000000,0.000000,0.000000,0.000000,0.000000,0.000000,0.150000,0.000000,0.000000,0.000000
1777208323.045711,0,0.000000,0.000000,0.000000,0.000000,0.000000,0.000000,0.180000,0.000000,0.000000,0.140000
1777208323.061749,0,0.000000,0.000000,0.000000,0.000000,0.000000,0.000000,0.210000,0.000000,0.000000,0.020000
1777208323.074278,0,0.000000,0.000000,0.000000,0.000000,0.000000,0.000000,0.250000,0.000000,0.000000,0.020000
1777208323.090140,0,0.000000,0.000000,0.000000,0.000000,0.000000,0.000000,0.280000,0.000000,0.070000,0.020000
1777208323.095927,0,0.000000,0.000000,0.000000,0.000000,0.000000,0.000000,0.310000,0.000000,0.070000,0.020000
1777208323.120841,0,0.000000,0.000000,0.000000,0.000000,0.000000,0.000000,0.340000,0.000000,0.070000,0.000000
1777208323.136070,0,0.000000,0.000000,0.000000,0.000000,0.000000,0.000000,0.380000,0.000000,0.140000,0.070000
1777208323.141647,0,0.000000,0.000000,0.000000,0.000000,0.000000,0.000000,0.000000,0.000000,0.070000,0.330000
1777208323.165219,0,0.000000,0.000000,0.000000,0.000000,0.000000,0.000000,0.030000,0.000000,0.000000,0.020000
1777208323.187145,0,0.000000,0.000000,0.000000,0.000000,0.000000,0.000000,0.070000,0.000000,0.070000,0.000000
1777208323.189875,0,0.000000,0.000000,0.000000,0.000000,0.000000,0.000000,0.110000,0.000000,0.000000,0.000000
1777208323.209807,0,0.000000,0.000000,0.000000,0.000000,0.000000,0.000000,0.150000,0.000000,0.000000,0.070000
1777208323.223214,0,0.000000,0.000000,0.000000,0.000000,0.000000,0.000000,0.200000,0.000000,0.070000,0.000000
1777208323.238167,0,0.000000,0.000000,0.000000,0.000000,0.000000,0.000000,0.250000,0.000000,0.070000,0.020000
1777208323.246055,0,0.000000,0.000000,0.000000,0.000000,0.000000,0.000000,0.280000,0.000000,0.000000,0.070000
1777208323.268508,0,0.000000,0.000000,0.000000,0.000000,0.000000,0.000000,0.330000,0.000000,0.000000,0.020000
1777208323.283758,0,0.000000,0.000000,0.000000,0.000000,0.000000,0.000000,0.370000,0.000000,0.070000,0.000000
1777208323.298544,0,0.000000,0.000000,0.000000,0.000000,0.000000,0.000000,0.410000,0.000000,0.070000,0.000000
1777208323.313491,0,0.000000,0.000000,0.000000,0.000000,0.000000,0.000000,0.460000,0.000000,0.000000,0.020000
1777208323.343089,0,0.000000,0.000000,0.000000,0.000000,0.000000,0.000000,0.500000,0.000000,0.000000,0.020000
1777208323.344294,0,0.000000,0.000000,0.000000,0.000000,0.000000,0.000000,0.540000,0.000000,0.000000,0.000000
1777208323.358487,0,0.000000,0.000000,0.000000,0.000000,0.000000,0.000000,0.570000,0.000000,0.000000,0.000000
1777208323.373597,0,0.000000,0.000000,0.000000,0.000000,0.000000,0.000000,0.620000,0.000000,0.000000,0.020000
1777208323.397614,0,0.000000,0.000000,0.000000,0.000000,0.000000,0.000000,0.670000,0.000000,0.140000,0.000000
1777208323.402879,0,0.000000,0.000000,0.000000,0.000000,0.000000,0.000000,0.010000,0.000000,0.000000,0.000000
1777208323.418514,0,0.000000,0.000000,0.000000,0.000000,0.000000,0.000000,0.100000,0.000000,0.000000,0.070000
1777208323.433971,0,0.000000,0.000000,0.000000,0.000000,0.000000,0.000000,0.180000,0.000000,0.000000,0.000000
1777208323.455683,0,0.000000,0.000000,0.000000,0.000000,0.000000,0.000000,0.250000,0.000000,0.140000,0.000000
1777208323.462922,0,0.000000,0.000000,0.000000,0.000000,0.000000,0.000000,0.330000,0.000000,0.070000,0.020000
1777208323.477866,0,0.000000,0.000000,0.000000,0.000000,0.000000,0.000000,0.000000,0.000000,0.140000,0.000000
1777208323.493602,0,0.000000,0.000000,0.000000,0.000000,0.000000,0.000000,0.090000,0.000000,0.140000,0.000000
1777208323.522489,0,0.000000,0.000000,0.000000,0.000000,0.000000,0.000000,0.180000,0.000000,0.000000,0.070000
1777208323.522976,0,0.000000,0.000000,0.000000,0.000000,0.000000,0.000000,0.250000,0.000000,0.070000,0.000000
1777208323.538196,0,0.000000,0.000000,0.000000,0.000000,0.000000,0.000000,0.340000,0.000000,0.000000,0.020000
1777208323.553840,0,0.000000,0.000000,0.000000,0.000000,0.000000,0.000000,0.430000,0.000000,0.070000,0.000000
1777208323.576370,0,0.000000,0.000000,0.000000,0.000000,0.000000,0.000000,0.510000,0.000000,0.070000,0.180000
1777208323.595416,0,0.000000,0.000000,0.000000,0.000000,0.000000,0.000000,0.610000,0.000000,0.000000,0.000000
1777208323.599611,0,0.000000,0.000000,0.000000,0.000000,0.000000,0.000000,0.690000,0.000000,0.070000,0.020000
1777208323.613317,0,0.000000,0.000000,0.000000,0.000000,0.000000,0.000000,0.790000,0.000000,0.000000,0.000000
1777208323.629209,0,0.000000,0.000000,0.000000,0.000000,0.000000,0.000000,0.870000,0.000000,0.000000,0.100000
1777208323.654061,0,0.000000,0.000000,0.000000,0.000000,0.000000,0.000000,0.950000,0.000000,0.000000,0.020000
1777208323.664199,0,0.000000,0.000000,0.000000,0.000000,0.000000,0.000000,1.000000,0.000000,0.070000,0.000000
1777208323.678889,0,0.000000,0.000000,0.000000,0.000000,0.000000,0.000000,1.000000,0.000000,0.000000,0.000000
1777208323.708331,0,0.000000,0.000000,0.000000,0.000000,0.000000,0.000000,1.000000,0.000000,0.000000,0.140000
1777208323.710763,0,0.000000,0.000000,0.000000,0.000000,0.000000,0.000000,1.000000,0.000000,0.000000,0.000000
1777208323.718062,0,0.000000,0.000000,0.000000,0.000000,0.000000,0.000000,1.000000,0.000000,0.000000,0.000000
1777208323.733646,0,0.000000,0.000000,0.000000,0.000000,0.000000,0.000000,1.000000,0.000000,0.000000,0.000000
1777208323.764978,0,0.000000,0.000000,0.000000,0.000000,0.000000,0.000000,1.000000,0.000000,0.000000,0.000000
1777208323.766713,0,0.000000,0.000000,0.000000,0.000000,0.000000,0.000000,1.000000,0.000000,0.000000,0.000000
1777208323.779960,0,0.000000,0.000000,0.000000,0.000000,0.000000,0.000000,1.000000,0.000000,0.000000,0.070000
1777208323.811637,0,0.000000,0.000000,0.000000,0.000000,0.000000,0.000000,1.000000,0.000000,0.000000,0.000000
1777208323.813867,0,0.000000,0.000000,0.000000,0.000000,0.000000,0.000000,1.000000,0.000000,0.070000,0.070000
1777208323.825746,0,0.000000,0.000000,0.000000,0.000000,0.000000,0.000000,1.000000,0.000000,0.070000,0.000000
1777208323.841472,0,0.000000,0.000000,0.000000,0.000000,0.000000,0.000000,1.000000,0.000000,0.070000,0.000000
1777208323.863710,0,0.000000,0.000000,0.000000,0.000000,0.000000,0.000000,1.000000,0.000000,0.000000,0.000000
1777208323.870364,0,0.000000,0.000000,0.000000,0.000000,0.000000,0.000000,1.000000,0.000000,0.000000,0.020000
1777208323.885058,0,0.000000,0.000000,0.000000,0.000000,0.000000,0.000000,1.000000,0.000000,0.000000,0.000000
1777208323.922997,0,0.000000,0.000000,0.000000,0.000000,0.000000,0.000000,1.000000,0.000000,0.000000,0.020000
1777208323.923485,0,0.000000,0.000000,0.000000,0.000000,0.000000,0.000000,1.000000,0.000000,0.000000,0.100000
1777208323.934764,0,0.000000,0.000000,0.000000,0.000000,0.000000,0.000000,0.010000,0.000000,0.000000,0.000000
1777208323.957779,0,0.000000,0.000000,0.000000,0.000000,0.000000,0.000000,0.100000,0.000000,0.000000,0.000000
1777208323.961146,0,0.000000,0.000000,0.000000,0.000000,0.000000,0.000000,0.180000,0.000000,0.000000,0.020000
1777208323.980976,0,0.000000,0.000000,0.000000,0.000000,0.000000,0.000000,0.000000,0.000000,0.000000,0.660000
1777208324.011473,0,0.000000,0.000000,0.000000,0.000000,0.000000,0.000000,0.370000,0.000000,0.070000,0.000000
1777208324.017672,0,0.000000,0.000000,0.000000,0.000000,0.000000,0.000000,0.720000,0.000000,0.000000,0.000000
1777208324.026182,0,0.000000,0.000000,0.000000,0.000000,0.000000,0.000000,1.000000,0.000000,0.000000,0.020000
1777208324.060357,0,0.000000,0.000000,0.000000,0.000000,0.000000,0.000000,1.000000,0.000000,0.070000,0.020000
1777208324.060829,0,0.000000,0.000000,0.000000,0.000000,0.000000,0.000000,1.000000,0.000000,0.070000,0.020000
1777208324.071589,0,0.000000,0.000000,0.000000,0.000000,0.000000,0.000000,1.000000,0.000000,0.070000,0.000000
1777208324.085881,0,0.000000,0.000000,0.000000,0.000000,0.000000,0.000000,1.000000,0.000000,0.200000,0.100000
1777208324.108524,0,0.000000,0.000000,0.000000,0.000000,0.000000,0.000000,1.000000,0.000000,0.000000,0.000000
1777208324.115746,0,0.000000,0.000000,0.000000,0.000000,0.000000,0.000000,1.000000,0.000000,0.000000,0.000000
1777208324.143973,0,0.000000,0.000000,0.000000,0.000000,0.000000,0.000000,0.200000,0.000000,0.070000,0.210000
1777208324.153491,0,0.000000,0.000000,0.000000,0.000000,0.000000,0.000000,0.510000,0.000000,0.070000,0.000000
1777208324.154523,0,0.000000,0.000000,0.000000,0.000000,0.000000,0.000000,0.870000,0.000000,0.000000,0.020000
1777208324.176035,0,0.000000,0.000000,0.000000,0.000000,0.000000,0.000000,1.000000,0.000000,0.000000,0.000000
1777208324.192116,0,0.000000,0.000000,0.000000,0.000000,0.000000,0.000000,1.000000,0.000000,0.000000,0.100000
1777208324.216342,0,0.000000,0.000000,0.000000,0.000000,0.000000,0.000000,1.000000,0.000000,0.000000,0.020000
1777208324.220410,0,0.000000,0.000000,0.000000,0.000000,0.000000,0.000000,1.000000,0.000000,0.070000,0.000000
1777208324.235793,0,0.000000,0.000000,0.000000,0.000000,0.000000,0.000000,1.000000,0.000000,0.000000,0.020000
1777208324.268032,0,0.000000,0.000000,0.000000,0.000000,0.000000,0.000000,1.000000,0.000000,0.000000,0.000000
1777208324.269701,0,0.000000,0.000000,0.000000,0.000000,0.000000,0.000000,0.000000,0.000000,0.000000,0.430000
1777208324.282653,0,0.000000,0.000000,0.000000,0.000000,0.000000,0.000000,0.200000,0.000000,0.000000,0.000000
1777208324.298609,0,0.000000,0.000000,0.000000,0.000000,0.000000,0.000000,0.940000,0.000000,0.070000,0.020000
1777208324.312396,0,0.000000,0.000000,0.000000,0.000000,0.000000,0.000000,1.000000,0.000000,0.070000,0.000000
1777208324.327095,0,0.000000,0.000000,0.000000,0.000000,0.000000,0.000000,1.000000,0.000000,0.000000,0.020000
1777208324.342253,0,0.000000,0.000000,0.000000,0.000000,0.000000,0.000000,0.250000,0.000000,0.000000,0.000000
1777208324.357935,0,0.000000,0.000000,0.000000,0.000000,0.000000,0.000000,0.810000,0.000000,0.000000,0.000000
1777208324.380600,0,0.000000,0.000000,0.000000,0.000000,0.000000,0.000000,1.000000,0.000000,0.070000,0.000000
1777208324.400487,0,0.000000,0.000000,0.000000,0.000000,0.000000,0.000000,1.000000,0.000000,0.000000,0.000000
1777208324.417901,0,0.000000,0.000000,0.000000,0.000000,0.000000,0.000000,1.000000,0.000000,0.000000,0.020000
1777208324.425507,0,0.000000,0.000000,0.000000,0.000000,0.000000,0.000000,1.000000,0.000000,0.070000,0.000000
1777208324.442281,0,0.000000,0.000000,0.000000,0.000000,0.000000,0.000000,1.000000,0.000000,0.000000,0.000000
1777208324.456006,0,0.000000,0.000000,0.000000,0.000000,0.000000,0.000000,1.000000,0.000000,0.140000,0.020000
1777208324.471805,0,0.000000,0.000000,0.000000,0.000000,0.000000,0.000000,0.000000,0.000000,0.070000,0.760000
1777208324.492771,0,0.000000,0.000000,0.000000,0.000000,0.000000,0.000000,0.550000,0.000000,0.000000,0.000000
1777208324.515950,0,0.000000,0.000000,0.000000,0.000000,0.000000,0.000000,1.000000,0.000000,0.000000,0.000000
1777208324.517869,0,0.000000,0.000000,0.000000,0.000000,0.000000,0.000000,1.000000,0.000000,0.000000,0.020000
1777208324.521454,0,0.000000,0.000000,0.000000,0.000000,0.000000,0.000000,1.000000,0.000000,0.000000,0.020000
1777208324.553170,0,0.000000,0.000000,0.000000,0.000000,0.000000,0.000000,0.270000,0.000000,0.000000,0.140000
1777208324.576216,0,0.000000,0.000000,0.000000,0.000000,0.000000,0.000000,0.640000,0.000000,0.000000,0.020000
1777208324.578878,0,0.000000,0.000000,0.000000,0.000000,0.000000,0.000000,1.000000,0.000000,0.280000,0.020000
1777208324.589055,0,0.000000,0.000000,0.000000,0.000000,0.000000,0.000000,1.000000,0.000000,0.000000,0.000000
1777208324.618619,0,0.000000,0.000000,0.000000,0.000000,0.000000,0.000000,1.000000,0.000000,0.000000,0.000000
1777208324.625870,0,0.000000,0.000000,0.000000,0.000000,0.000000,0.000000,1.000000,0.000000,0.070000,0.000000
1777208324.626740,0,0.000000,0.000000,0.000000,0.000000,0.000000,0.000000,1.000000,0.000000,0.140000,0.020000
1777208324.649611,0,0.000000,0.000000,0.000000,0.000000,0.000000,0.000000,1.000000,0.000000,0.000000,0.000000
1777208324.672621,0,0.000000,0.000000,0.000000,0.000000,0.000000,0.000000,1.000000,0.000000,0.000000,0.000000
1777208324.679598,0,0.000000,0.000000,0.000000,0.000000,0.000000,0.000000,1.000000,0.000000,0.000000,0.000000
1777208324.697609,0,0.000000,0.000000,0.000000,0.000000,0.000000,0.000000,1.000000,0.000000,0.070000,0.000000
1777208324.717868,0,0.000000,0.000000,0.000000,0.000000,0.000000,0.000000,1.000000,0.000000,0.000000,0.020000
1777208324.724148,0,0.000000,0.000000,0.000000,0.000000,0.000000,0.000000,1.000000,0.000000,0.070000,0.000000
1777208324.740854,0,0.000000,0.000000,0.000000,0.000000,0.000000,0.000000,1.000000,0.000000,0.000000,0.000000
1777208324.755682,0,0.000000,0.000000,0.000000,0.000000,0.000000,0.000000,0.250000,0.000000,0.070000,0.020000
1777208324.779034,0,0.000000,0.000000,0.000000,0.000000,0.000000,0.000000,0.620000,0.000000,0.000000,0.020000
1777208324.793703,0,0.000000,0.000000,0.000000,0.000000,0.000000,0.000000,0.970000,0.000000,0.000000,0.000000
1777208324.806789,0,0.000000,0.000000,0.000000,0.000000,0.000000,0.000000,1.000000,0.000000,0.070000,0.020000
1777208324.824085,0,0.000000,0.000000,0.000000,0.000000,0.000000,0.000000,1.000000,0.000000,0.000000,0.100000
1777208324.838361,0,0.000000,0.000000,0.000000,0.000000,0.000000,0.000000,0.100000,0.000000,0.000000,0.000000
1777208324.844308,0,0.000000,0.000000,0.000000,0.000000,0.000000,0.000000,0.330000,0.000000,0.140000,0.000000
1777208324.869011,0,0.000000,0.000000,0.000000,0.000000,0.000000,0.000000,0.560000,0.000000,0.000000,0.000000
1777208324.884121,0,0.000000,0.000000,0.000000,0.000000,0.000000,0.000000,0.800000,0.000000,0.000000,0.100000
1777208324.889392,0,0.000000,0.000000,0.000000,0.000000,0.000000,0.000000,1.000000,0.000000,0.000000,0.000000
1777208324.912607,0,0.000000,0.000000,0.000000,0.000000,0.000000,0.000000,1.000000,0.000000,0.070000,0.140000
1777208324.933885,0,0.000000,0.000000,0.000000,0.000000,0.000000,0.000000,1.000000,0.000000,0.000000,0.020000
1777208324.948826,0,0.000000,0.000000,0.000000,0.000000,0.000000,0.000000,1.000000,0.000000,0.000000,0.020000
1777208324.955961,0,0.000000,0.000000,0.000000,0.000000,0.000000,0.000000,1.000000,0.000000,0.070000,0.020000
1777208324.971418,0,0.000000,0.000000,0.000000,0.000000,0.000000,0.000000,1.000000,0.000000,0.000000,0.020000
1777208325.000859,0,0.000000,0.000000,0.000000,0.000000,0.000000,0.000000,1.000000,0.000000,0.070000,0.000000
1777208325.001932,0,0.000000,0.000000,0.000000,0.000000,0.000000,0.000000,1.000000,0.000000,0.000000,0.000000
1777208325.035838,0,0.000000,0.000000,0.000000,0.000000,0.000000,0.000000,1.000000,0.000000,0.070000,0.020000
1777208325.040892,0,0.000000,0.000000,0.000000,0.000000,0.000000,0.000000,1.000000,0.000000,0.070000,0.000000
1777208325.046304,0,0.000000,0.000000,0.000000,0.000000,0.000000,0.000000,1.000000,0.000000,0.000000,0.000000
1777208325.064204,0,0.000000,0.000000,0.000000,0.000000,0.000000,0.000000,1.000000,0.000000,0.000000,0.000000
1777208325.078087,0,0.000000,0.000000,0.000000,0.000000,0.000000,0.000000,1.000000,0.000000,0.070000,0.020000
1777208325.093537,0,0.000000,0.000000,0.000000,0.000000,0.000000,0.000000,0.020000,0.000000,0.070000,0.000000
1777208325.114414,0,0.000000,0.000000,0.000000,0.000000,0.000000,0.000000,0.230000,0.000000,0.140000,0.000000
1777208325.131107,0,0.000000,0.000000,0.000000,0.000000,0.000000,0.000000,0.470000,0.000000,0.000000,0.000000
1777208325.136662,0,0.000000,0.000000,0.000000,0.000000,0.000000,0.000000,0.680000,0.000000,0.000000,0.020000
1777208325.152871,0,0.000000,0.000000,0.000000,0.000000,0.000000,0.000000,0.920000,0.000000,0.000000,0.070000
1777208325.167835,0,0.000000,0.000000,0.000000,0.000000,0.000000,0.000000,1.000000,0.000000,0.000000,0.000000
1777208325.188539,0,0.000000,0.000000,0.000000,0.000000,0.000000,0.000000,1.000000,0.000000,0.070000,0.000000
1777208325.204263,0,0.000000,0.000000,0.000000,0.000000,0.000000,0.000000,1.000000,0.000000,0.070000,0.000000
1777208325.211475,0,0.000000,0.000000,0.000000,0.000000,0.000000,0.000000,1.000000,0.000000,0.000000,0.000000
1777208325.233863,0,0.000000,0.000000,0.000000,0.000000,0.000000,0.000000,1.000000,0.000000,0.000000,0.000000
1777208325.249453,0,0.000000,0.000000,0.000000,0.000000,0.000000,0.000000,1.000000,0.000000,0.200000,0.000000
1777208325.257200,0,0.000000,0.000000,0.000000,0.000000,0.000000,0.000000,1.000000,0.000000,0.000000,0.020000
1777208325.280445,0,0.000000,0.000000,0.000000,0.000000,0.000000,0.000000,1.000000,0.000000,0.000000,0.000000
1777208325.295482,0,0.000000,0.000000,0.000000,0.000000,0.000000,0.000000,1.000000,0.000000,0.000000,0.000000
1777208325.302670,0,0.000000,0.000000,0.000000,0.000000,0.000000,0.000000,1.000000,0.000000,0.000000,0.070000
1777208325.325275,0,0.000000,0.000000,0.000000,0.000000,0.000000,0.000000,1.000000,0.000000,0.000000,0.020000
1777208325.342051,0,0.000000,0.000000,0.000000,0.000000,0.000000,0.000000,1.000000,0.000000,0.000000,0.000000
1777208325.355589,0,0.000000,0.000000,0.000000,0.000000,0.000000,0.000000,0.050000,0.000000,0.000000,0.000000
1777208325.361986,0,0.000000,0.000000,0.000000,0.000000,0.000000,0.000000,0.280000,0.000000,0.070000,0.070000
1777208325.384341,0,0.000000,0.000000,0.000000,0.000000,0.000000,0.000000,0.500000,0.000000,0.070000,0.020000
1777208325.399262,0,0.000000,0.000000,0.000000,0.000000,0.000000,0.000000,0.750000,0.000000,0.000000,0.070000
1777208325.413490,0,0.000000,0.000000,0.000000,0.000000,0.000000,0.000000,1.000000,0.000000,0.070000,0.000000
1777208325.446635,0,0.000000,0.000000,0.000000,0.000000,0.000000,0.000000,1.000000,0.000000,0.070000,0.000000
1777208325.448069,0,0.000000,0.000000,0.000000,0.000000,0.000000,0.000000,1.000000,0.000000,0.000000,0.000000
1777208325.459424,0,0.000000,0.000000,0.000000,0.000000,0.000000,0.000000,1.000000,0.000000,0.070000,0.020000
1777208325.476327,0,0.000000,0.000000,0.000000,0.000000,0.000000,0.000000,1.000000,0.000000,0.000000,0.000000
1777208325.499308,0,0.000000,0.000000,0.000000,0.000000,0.000000,0.000000,1.000000,0.000000,0.000000,0.020000
1777208325.502041,0,0.000000,0.000000,0.000000,0.000000,0.000000,0.000000,1.000000,0.000000,0.000000,0.000000
1777208325.528752,0,0.000000,0.000000,0.000000,0.000000,0.000000,0.000000,1.000000,0.000000,0.070000,0.000000
1777208325.535257,0,0.000000,0.000000,0.000000,0.000000,0.000000,0.000000,1.000000,0.000000,0.000000,0.000000
1777208325.564568,0,0.000000,0.000000,0.000000,0.000000,0.000000,0.000000,1.000000,0.000000,0.000000,0.020000
1777208325.567093,0,0.000000,0.000000,0.000000,0.000000,0.000000,0.000000,1.000000,0.000000,0.000000,0.000000
1777208325.579428,0,0.000000,0.000000,0.000000,0.000000,0.000000,0.000000,1.000000,0.000000,0.000000,0.180000
1777208325.595628,0,0.000000,0.000000,0.000000,0.000000,0.000000,0.000000,0.090000,0.000000,0.070000,0.020000
1777208325.619496,0,0.000000,0.000000,0.000000,0.000000,0.000000,0.000000,0.330000,0.000000,0.000000,0.000000
1777208325.624216,0,0.000000,0.000000,0.000000,0.000000,0.000000,0.000000,0.540000,0.000000,0.000000,0.020000
1777208325.643166,0,0.000000,0.000000,0.000000,0.000000,0.000000,0.000000,0.770000,0.000000,0.140000,0.000000
1777208325.654942,0,0.000000,0.000000,0.000000,0.000000,0.000000,0.000000,1.000000,0.000000,0.070000,0.000000
1777208325.677765,0,0.000000,0.000000,0.000000,0.000000,0.000000,0.000000,1.000000,0.000000,0.000000,0.140000
1777208325.684749,0,0.000000,0.000000,0.000000,0.000000,0.000000,0.000000,1.000000,0.000000,0.000000,0.000000
1777208325.699545,0,0.000000,0.000000,0.000000,0.000000,0.000000,0.000000,1.000000,0.000000,0.070000,0.000000
1777208325.722411,0,0.000000,0.000000,0.000000,0.000000,0.000000,0.000000,1.000000,0.000000,0.070000,0.140000
1777208325.736789,0,0.000000,0.000000,0.000000,0.000000,0.000000,0.000000,1.000000,0.000000,0.000000,0.000000
1777208325.754007,0,0.000000,0.000000,0.000000,0.000000,0.000000,0.000000,1.000000,0.000000,0.000000,0.070000
1777208325.758819,0,0.000000,0.000000,0.000000,0.000000,0.000000,0.000000,1.000000,0.000000,0.000000,0.020000
1777208325.781126,0,0.000000,0.000000,0.000000,0.000000,0.000000,0.000000,1.000000,0.000000,0.000000,0.020000
1777208325.798291,0,0.000000,0.000000,0.000000,0.000000,0.000000,0.000000,1.000000,0.000000,0.070000,0.020000
1777208325.812517,0,0.000000,0.000000,0.000000,0.000000,0.000000,0.000000,1.000000,0.000000,0.000000,0.210000
1777208325.819964,0,0.000000,0.000000,0.000000,0.000000,0.000000,0.000000,1.000000,0.000000,0.140000,0.000000
1777208325.844110,0,0.000000,0.000000,0.000000,0.000000,0.000000,0.000000,1.000000,0.000000,0.000000,0.000000
1777208325.858104,0,0.000000,0.000000,0.000000,0.000000,0.000000,0.000000,1.000000,0.000000,0.070000,0.000000
1777208325.881330,0,0.000000,0.000000,0.000000,0.000000,0.000000,0.000000,1.000000,0.000000,0.000000,0.020000
1777208325.884619,0,0.000000,0.000000,0.000000,0.000000,0.000000,0.000000,1.000000,0.000000,0.070000,0.070000
1777208325.903408,0,0.000000,0.000000,0.000000,0.000000,0.000000,0.000000,1.000000,0.000000,0.070000,0.000000
1777208325.923170,0,0.000000,0.000000,0.000000,0.000000,0.000000,0.000000,1.000000,0.000000,0.000000,0.070000
1777208325.932283,0,0.000000,0.000000,0.000000,0.000000,0.000000,0.000000,1.000000,0.000000,0.000000,0.020000
1777208325.948694,0,0.000000,0.000000,0.000000,0.000000,0.000000,0.000000,1.000000,0.000000,0.000000,0.020000
1777208325.963184,0,0.000000,0.000000,0.000000,0.000000,0.000000,0.000000,1.000000,0.000000,0.000000,0.000000
1777208325.976340,0,0.000000,0.000000,0.000000,0.000000,0.000000,0.000000,1.000000,0.000000,0.000000,0.070000
1777208325.992172,0,0.000000,0.000000,0.000000,0.000000,0.000000,0.000000,1.000000,0.000000,0.000000,0.000000
1777208326.015199,0,0.000000,0.000000,0.000000,0.000000,0.000000,0.000000,1.000000,0.000000,0.000000,0.100000
1777208326.031284,0,0.000000,0.000000,0.000000,0.000000,0.000000,0.000000,1.000000,0.000000,0.000000,0.000000
1777208326.044399,0,0.000000,0.000000,0.000000,0.000000,0.000000,0.000000,1.000000,0.000000,0.070000,0.000000
1777208326.062039,0,0.000000,0.000000,0.000000,0.000000,0.000000,0.000000,1.000000,0.000000,0.000000,0.000000
1777208326.066783,0,0.000000,0.000000,0.000000,0.000000,0.000000,0.000000,0.090000,0.000000,0.070000,0.000000
1777208326.091192,0,0.000000,0.000000,0.000000,0.000000,0.000000,0.000000,0.310000,0.000000,0.000000,0.070000
1777208326.105821,0,0.000000,0.000000,0.000000,0.000000,0.000000,0.000000,0.560000,0.000000,0.070000,0.000000
1777208326.120952,0,0.000000,0.000000,0.000000,0.000000,0.000000,0.000000,0.800000,0.000000,0.000000,0.000000
1777208326.158808,0,0.000000,0.000000,0.000000,0.000000,0.000000,0.000000,1.000000,0.000000,0.000000,0.020000
1777208326.160815,0,0.000000,0.000000,0.000000,0.000000,0.000000,0.000000,1.000000,0.000000,0.000000,0.000000
1777208326.173385,0,0.000000,0.000000,0.000000,0.000000,0.000000,0.000000,1.000000,0.000000,0.000000,0.000000
1777208326.174867,0,0.000000,0.000000,0.000000,0.000000,0.000000,0.000000,1.000000,0.000000,0.070000,0.000000
1777208326.195767,0,0.000000,0.000000,0.000000,0.000000,0.000000,0.000000,1.000000,0.000000,0.000000,0.020000
1777208326.211111,0,0.000000,0.000000,0.000000,0.000000,0.000000,0.000000,1.000000,0.000000,0.000000,0.100000
1777208326.233206,0,0.000000,0.000000,0.000000,0.000000,0.000000,0.000000,0.100000,0.000000,0.000000,0.000000
1777208326.238812,0,0.000000,0.000000,0.000000,0.000000,0.000000,0.000000,0.340000,0.000000,0.000000,0.020000
1777208326.255589,0,0.000000,0.000000,0.000000,0.000000,0.000000,0.000000,0.560000,0.000000,0.070000,0.020000
1777208326.269401,0,0.000000,0.000000,0.000000,0.000000,0.000000,0.000000,0.810000,0.000000,0.000000,0.000000
1777208326.301120,0,0.000000,0.000000,0.000000,0.000000,0.000000,0.000000,1.000000,0.000000,0.070000,0.020000
1777208326.302986,0,0.000000,0.000000,0.000000,0.000000,0.000000,0.000000,1.000000,0.000000,0.070000,0.000000
1777208326.315515,0,0.000000,0.000000,0.000000,0.000000,0.000000,0.000000,1.000000,0.000000,0.000000,0.000000
1777208326.345587,0,0.000000,0.000000,0.000000,0.000000,0.000000,0.000000,1.000000,0.000000,0.070000,0.020000
1777208326.346996,0,0.000000,0.000000,0.000000,0.000000,0.000000,0.000000,1.000000,0.000000,0.070000,0.000000
1777208326.360394,0,0.000000,0.000000,0.000000,0.000000,0.000000,0.000000,1.000000,0.000000,0.070000,0.000000
1777208326.383796,0,0.000000,0.000000,0.000000,0.000000,0.000000,0.000000,1.000000,0.000000,0.140000,0.100000
1777208326.389026,0,0.000000,0.000000,0.000000,0.000000,0.000000,0.000000,1.000000,0.000000,0.000000,0.020000
1777208326.404015,0,0.000000,0.000000,0.000000,0.000000,0.000000,0.000000,0.070000,0.000000,0.140000,0.000000
1777208326.430459,0,0.000000,0.000000,0.000000,0.000000,0.000000,0.000000,0.310000,0.000000,0.000000,0.000000
1777208326.441352,0,0.000000,0.000000,0.000000,0.000000,0.000000,0.000000,0.100000,0.000000,0.070000,0.020000
1777208326.449108,0,0.000000,0.000000,0.000000,0.000000,0.000000,0.000000,0.360000,0.000000,0.000000,0.000000
1777208326.473492,0,0.000000,0.000000,0.000000,0.000000,0.000000,0.000000,0.620000,0.000000,0.000000,0.000000
1777208326.478930,0,0.000000,0.000000,0.000000,0.000000,0.000000,0.000000,0.880000,0.000000,0.070000,0.000000
1777208326.495857,0,0.000000,0.000000,0.000000,0.000000,0.000000,0.000000,1.000000,0.000000,0.000000,0.000000
1777208326.518458,0,0.000000,0.000000,0.000000,0.000000,0.000000,0.000000,1.000000,0.000000,0.070000,0.020000
1777208326.532624,0,0.000000,0.000000,0.000000,0.000000,0.000000,0.000000,0.070000,0.000000,0.140000,0.020000
1777208326.539582,0,0.000000,0.000000,0.000000,0.000000,0.000000,0.000000,0.280000,0.000000,0.070000,0.000000
1777208326.556099,0,0.000000,0.000000,0.000000,0.000000,0.000000,0.000000,0.510000,0.000000,0.200000,0.000000
1777208326.570885,0,0.000000,0.000000,0.000000,0.000000,0.000000,0.000000,0.750000,0.000000,0.000000,0.020000
1777208326.592728,0,0.000000,0.000000,0.000000,0.000000,0.000000,0.000000,0.980000,0.000000,0.000000,0.000000
1777208326.608948,0,0.000000,0.000000,0.000000,0.000000,0.000000,0.000000,1.000000,0.000000,0.000000,0.000000
1777208326.631139,0,0.000000,0.000000,0.000000,0.000000,0.000000,0.000000,1.000000,0.000000,0.070000,0.020000
1777208326.633278,0,0.000000,0.000000,0.000000,0.000000,0.000000,0.000000,1.000000,0.000000,0.000000,0.000000
1777208326.652902,0,0.000000,0.000000,0.000000,0.000000,0.000000,0.000000,1.000000,0.000000,0.000000,0.020000
1777208326.659471,0,0.000000,0.000000,0.000000,0.000000,0.000000,0.000000,1.000000,0.000000,0.000000,0.020000
1777208326.687878,0,0.000000,0.000000,0.000000,0.000000,0.000000,0.000000,1.000000,0.000000,0.000000,0.020000
1777208326.705628,0,0.000000,0.000000,0.000000,0.000000,0.000000,0.000000,1.000000,0.000000,0.000000,0.000000
1777208326.720410,0,0.000000,0.000000,0.000000,0.000000,0.000000,0.000000,1.000000,0.000000,0.070000,0.020000
1777208326.721367,0,0.000000,0.000000,0.000000,0.000000,0.000000,0.000000,1.000000,0.000000,0.000000,0.180000
1777208326.744226,0,0.000000,0.000000,0.000000,0.000000,0.000000,0.000000,1.000000,0.000000,0.000000,0.000000
1777208326.758045,0,0.000000,0.000000,0.000000,0.000000,0.000000,0.000000,1.000000,0.000000,0.070000,0.000000
1777208326.774177,0,0.000000,0.000000,0.000000,0.000000,0.000000,0.000000,1.000000,0.000000,0.000000,0.100000
1777208326.797461,0,0.000000,0.000000,0.000000,0.000000,0.000000,0.000000,1.000000,0.000000,0.000000,0.140000
1777208326.799500,0,0.000000,0.000000,0.000000,0.000000,0.000000,0.000000,0.050000,0.000000,0.000000,0.070000
1777208326.826349,0,0.000000,0.000000,0.000000,0.000000,0.000000,0.000000,0.280000,0.000000,0.000000,0.000000
1777208326.831582,0,0.000000,0.000000,0.000000,0.000000,0.000000,0.000000,0.510000,0.000000,0.000000,0.180000
1777208326.847071,0,0.000000,0.000000,0.000000,0.000000,0.000000,0.000000,0.750000,0.000000,0.000000,0.020000
1777208326.863185,0,0.000000,0.000000,0.000000,0.000000,0.000000,0.000000,0.980000,0.000000,0.140000,0.100000
1777208326.884200,0,0.000000,0.000000,0.000000,0.000000,0.000000,0.000000,1.000000,0.000000,0.000000,0.000000
1777208326.901488,0,0.000000,0.000000,0.000000,0.000000,0.000000,0.000000,1.000000,0.000000,0.070000,0.000000
1777208326.914136,0,0.000000,0.000000,0.000000,0.000000,0.000000,0.000000,1.000000,0.000000,0.000000,0.000000
1777208326.922333,0,0.000000,0.000000,0.000000,0.000000,0.000000,0.000000,1.000000,0.000000,0.000000,0.000000
1777208326.936548,0,0.000000,0.000000,0.000000,0.000000,0.000000,0.000000,1.000000,0.000000,0.000000,0.020000
1777208326.958065,0,0.000000,0.000000,0.000000,0.000000,0.000000,0.000000,1.000000,0.000000,0.000000,0.000000
1777208326.973240,0,0.000000,0.000000,0.000000,0.000000,0.000000,0.000000,1.000000,0.000000,0.000000,0.000000
1777208326.981285,0,0.000000,0.000000,0.000000,0.000000,0.000000,0.000000,1.000000,0.000000,0.070000,0.000000
1777208327.003487,0,0.000000,0.000000,0.000000,0.000000,0.000000,0.000000,1.000000,0.000000,0.070000,0.000000
1777208327.020607,0,0.000000,0.000000,0.000000,0.000000,0.000000,0.000000,0.100000,0.000000,0.000000,0.020000
1777208327.026800,0,0.000000,0.000000,0.000000,0.000000,0.000000,0.000000,0.310000,0.000000,0.000000,0.100000
1777208327.049958,0,0.000000,0.000000,0.000000,0.000000,0.000000,0.000000,0.550000,0.000000,0.000000,0.020000
1777208327.057163,0,0.000000,0.000000,0.000000,0.000000,0.000000,0.000000,0.760000,0.000000,0.000000,0.140000
1777208327.081127,0,0.000000,0.000000,0.000000,0.000000,0.000000,0.000000,1.000000,0.000000,0.000000,0.000000
1777208327.095683,0,0.000000,0.000000,0.000000,0.000000,0.000000,0.000000,1.000000,0.000000,0.000000,0.000000
1777208327.102515,0,0.000000,0.000000,0.000000,0.000000,0.000000,0.000000,1.000000,0.000000,0.000000,0.000000
1777208327.118951,0,0.000000,0.000000,0.000000,0.000000,0.000000,0.000000,1.000000,0.000000,0.000000,0.000000
1777208327.132703,0,0.000000,0.000000,0.000000,0.000000,0.000000,0.000000,1.000000,0.000000,0.000000,0.070000
1777208327.147346,0,0.000000,0.000000,0.000000,0.000000,0.000000,0.000000,1.000000,0.000000,0.140000,0.020000
1777208327.161714,0,0.000000,0.000000,0.000000,0.000000,0.000000,0.000000,0.110000,0.000000,0.000000,0.000000
1777208327.187143,0,0.000000,0.000000,0.000000,0.000000,0.000000,0.000000,0.300000,0.000000,0.070000,0.000000
1777208327.209114,0,0.000000,0.000000,0.000000,0.000000,0.000000,0.000000,0.460000,0.000000,0.000000,0.070000
1777208327.220919,0,0.000000,0.000000,0.000000,0.000000,0.000000,0.000000,0.630000,0.000000,0.140000,0.020000
1777208327.222047,0,0.000000,0.000000,0.000000,0.000000,0.000000,0.000000,0.800000,0.000000,0.000000,0.000000
1777208327.254237,0,0.000000,0.000000,0.000000,0.000000,0.000000,0.000000,0.970000,0.000000,0.070000,0.070000
1777208327.255011,0,0.000000,0.000000,0.000000,0.000000,0.000000,0.000000,1.000000,0.000000,0.000000,0.070000
1777208327.275306,0,0.000000,0.000000,0.000000,0.000000,0.000000,0.000000,1.000000,0.000000,0.000000,0.000000
1777208327.290607,0,0.000000,0.000000,0.000000,0.000000,0.000000,0.000000,1.000000,0.000000,0.070000,0.000000
1777208327.314376,0,0.000000,0.000000,0.000000,0.000000,0.000000,0.000000,1.000000,0.000000,0.000000,0.000000
1777208327.318888,0,0.000000,0.000000,0.000000,0.000000,0.000000,0.000000,1.000000,0.000000,0.070000,0.000000
1777208327.334760,0,0.000000,0.000000,0.000000,0.000000,0.000000,0.000000,1.000000,0.000000,0.000000,0.000000
1777208327.351316,0,0.000000,0.000000,0.000000,0.000000,0.000000,0.000000,1.000000,0.000000,0.070000,0.000000
1777208327.388647,0,0.000000,0.000000,0.000000,0.000000,0.000000,0.000000,1.000000,0.000000,0.000000,0.000000
1777208327.394763,0,0.000000,0.000000,0.000000,0.000000,0.000000,0.000000,1.000000,0.000000,0.000000,0.020000
1777208327.396068,0,0.000000,0.000000,0.000000,0.000000,0.000000,0.000000,1.000000,0.000000,0.000000,0.020000
1777208327.410670,0,0.000000,0.000000,0.000000,0.000000,0.000000,0.000000,1.000000,0.000000,0.000000,0.020000
1777208327.433961,0,0.000000,0.000000,0.000000,0.000000,0.000000,0.000000,1.000000,0.000000,0.000000,0.070000
1777208327.447759,0,0.000000,0.000000,0.000000,0.000000,0.000000,0.000000,0.030000,0.000000,0.000000,0.020000
1777208327.464562,0,0.000000,0.000000,0.000000,0.000000,0.000000,0.000000,0.200000,0.000000,0.000000,0.000000
1777208327.468738,0,0.000000,0.000000,0.000000,0.000000,0.000000,0.000000,0.370000,0.000000,0.000000,0.000000
1777208327.493273,0,0.000000,0.000000,0.000000,0.000000,0.000000,0.000000,0.550000,0.000000,0.070000,0.020000
1777208327.508644,0,0.000000,0.000000,0.000000,0.000000,0.000000,0.000000,0.700000,0.000000,0.070000,0.020000
1777208327.514515,0,0.000000,0.000000,0.000000,0.000000,0.000000,0.000000,0.870000,0.000000,0.070000,0.000000
1777208327.539390,0,0.000000,0.000000,0.000000,0.000000,0.000000,0.000000,1.000000,0.000000,0.000000,0.000000
1777208327.551744,0,0.000000,0.000000,0.000000,0.000000,0.000000,0.000000,1.000000,0.000000,0.000000,0.000000
1777208327.566584,0,0.000000,0.000000,0.000000,0.000000,0.000000,0.000000,1.000000,0.000000,0.000000,0.000000
1777208327.582587,0,0.000000,0.000000,0.000000,0.000000,0.000000,0.000000,1.000000,0.000000,0.070000,0.070000
1777208327.597073,0,0.000000,0.000000,0.000000,0.000000,0.000000,0.000000,1.000000,0.000000,0.000000,0.000000
1777208327.605126,0,0.000000,0.000000,0.000000,0.000000,0.000000,0.000000,1.000000,0.000000,0.070000,0.020000
1777208327.630023,0,0.000000,0.000000,0.000000,0.000000,0.000000,0.000000,1.000000,0.000000,0.000000,0.020000
1777208327.635818,0,0.000000,0.000000,0.000000,0.000000,0.000000,0.000000,1.000000,0.000000,0.200000,0.000000
1777208327.658076,0,0.000000,0.000000,0.000000,0.000000,0.000000,0.000000,1.000000,0.000000,0.000000,0.180000
1777208327.672664,0,0.000000,0.000000,0.000000,0.000000,0.000000,0.000000,1.000000,0.000000,0.070000,0.000000
1777208327.696369,0,0.000000,0.000000,0.000000,0.000000,0.000000,0.000000,1.000000,0.000000,0.000000,0.000000
1777208327.697499,0,0.000000,0.000000,0.000000,0.000000,0.000000,0.000000,1.000000,0.000000,0.070000,0.020000
1777208327.718339,0,0.000000,0.000000,0.000000,0.000000,0.000000,0.000000,1.000000,0.000000,0.000000,0.000000
1777208327.731463,0,0.000000,0.000000,0.000000,0.000000,0.000000,0.000000,1.000000,0.000000,0.070000,0.000000
1777208327.738531,0,0.000000,0.000000,0.000000,0.000000,0.000000,0.000000,1.000000,0.000000,0.000000,0.000000
1777208327.764829,0,0.000000,0.000000,0.000000,0.000000,0.000000,0.000000,1.000000,0.000000,0.000000,0.070000
1777208327.785939,0,0.000000,0.000000,0.000000,0.000000,0.000000,0.000000,1.000000,0.000000,0.000000,0.000000
1777208327.788230,0,0.000000,0.000000,0.000000,0.000000,0.000000,0.000000,1.000000,0.000000,0.000000,0.000000
1777208327.798661,0,0.000000,0.000000,0.000000,0.000000,0.000000,0.000000,1.000000,0.000000,0.000000,0.000000
1777208327.823245,0,0.000000,0.000000,0.000000,0.000000,0.000000,0.000000,1.000000,0.000000,0.000000,0.000000
1777208327.845762,0,0.000000,0.000000,0.000000,0.000000,0.000000,0.000000,1.000000,0.000000,0.070000,0.000000
1777208327.853218,0,0.000000,0.000000,0.000000,0.000000,0.000000,0.000000,1.000000,0.000000,0.000000,0.000000
1777208327.867439,0,0.000000,0.000000,0.000000,0.000000,0.000000,0.000000,1.000000,0.000000,0.070000,0.140000
1777208327.890895,0,0.000000,0.000000,0.000000,0.000000,0.000000,0.000000,1.000000,0.000000,0.070000,0.070000
1777208327.906782,0,0.000000,0.000000,0.000000,0.000000,0.000000,0.000000,1.000000,0.000000,0.070000,0.000000
1777208327.912176,0,0.000000,0.000000,0.000000,0.000000,0.000000,0.000000,1.000000,0.000000,0.000000,0.020000
1777208327.934250,0,0.000000,0.000000,0.000000,0.000000,0.000000,0.000000,1.000000,0.000000,0.070000,0.000000
1777208327.941053,0,0.000000,0.000000,0.000000,0.000000,0.000000,0.000000,1.000000,0.000000,0.000000,0.020000
1777208327.965643,0,0.000000,0.000000,0.000000,0.000000,0.000000,0.000000,1.000000,0.000000,0.140000,0.000000
1777208327.979017,0,0.000000,0.000000,0.000000,0.000000,0.000000,0.000000,1.000000,0.000000,0.000000,0.000000
1777208327.993882,0,0.000000,0.000000,0.000000,0.000000,0.000000,0.000000,1.000000,0.000000,0.000000,0.000000
1777208328.001371,0,0.000000,0.000000,0.000000,0.000000,0.000000,0.000000,1.000000,0.000000,0.000000,0.000000
1777208328.025996,0,0.000000,0.000000,0.000000,0.000000,0.000000,0.000000,0.030000,0.000000,0.000000,0.000000
1777208328.032204,0,0.000000,0.000000,0.000000,0.000000,0.000000,0.000000,0.210000,0.000000,0.000000,0.000000
1777208328.079134,0,0.000000,0.000000,0.000000,0.000000,0.000000,0.000000,0.400000,0.000000,0.000000,0.000000
1777208328.080142,0,0.000000,0.000000,0.000000,0.000000,0.000000,0.000000,0.560000,0.000000,0.000000,0.020000
1777208328.083799,0,0.000000,0.000000,0.000000,0.000000,0.000000,0.000000,0.730000,0.000000,0.000000,0.000000
1777208328.091340,0,0.000000,0.000000,0.000000,0.000000,0.000000,0.000000,0.880000,0.000000,0.000000,0.000000
1777208328.115750,0,0.000000,0.000000,0.000000,0.000000,0.000000,0.000000,1.000000,0.000000,0.000000,0.070000
1777208328.132038,0,0.000000,0.000000,0.000000,0.000000,0.000000,0.000000,1.000000,0.000000,0.000000,0.020000
1777208328.143506,0,0.000000,0.000000,0.000000,0.000000,0.000000,0.000000,1.000000,0.000000,0.000000,0.000000
1777208328.159936,0,0.000000,0.000000,0.000000,0.000000,0.000000,0.000000,1.000000,0.000000,0.070000,0.140000
1777208328.181481,0,0.000000,0.000000,0.000000,0.000000,0.000000,0.000000,1.000000,0.000000,0.070000,0.020000
1777208328.183243,0,0.000000,0.000000,0.000000,0.000000,0.000000,0.000000,1.000000,0.000000,0.000000,0.000000
1777208328.198716,0,0.000000,0.000000,0.000000,0.000000,0.000000,0.000000,1.000000,0.000000,0.000000,0.000000
1777208328.219400,0,0.000000,0.000000,0.000000,0.000000,0.000000,0.000000,1.000000,0.000000,0.000000,0.020000
1777208328.229080,0,0.000000,0.000000,0.000000,0.000000,0.000000,0.000000,1.000000,0.000000,0.000000,0.020000
1777208328.241386,0,0.000000,0.000000,0.000000,0.000000,0.000000,0.000000,1.000000,0.000000,0.000000,0.020000
1777208328.255374,0,0.000000,0.000000,0.000000,0.000000,0.000000,0.000000,1.000000,0.000000,0.000000,0.000000
1777208328.279839,0,0.000000,0.000000,0.000000,0.000000,0.000000,0.000000,1.000000,0.000000,0.000000,0.020000
1777208328.286783,0,0.000000,0.000000,0.000000,0.000000,0.000000,0.000000,1.000000,0.000000,0.140000,0.020000
1777208328.302150,0,0.000000,0.000000,0.000000,0.000000,0.000000,0.000000,1.000000,0.000000,0.000000,0.000000
1777208328.317858,0,0.000000,0.000000,0.000000,0.000000,0.000000,0.000000,1.000000,0.000000,0.000000,0.140000
1777208328.347850,0,0.000000,0.000000,0.000000,0.000000,0.000000,0.000000,1.000000,0.000000,0.000000,0.000000
1777208328.356680,0,0.000000,0.000000,0.000000,0.000000,0.000000,0.000000,0.000000,0.000000,0.070000,0.280000
1777208328.369465,0,0.000000,0.000000,0.000000,0.000000,0.000000,0.000000,0.150000,0.000000,0.000000,0.000000
1777208328.387829,0,0.000000,0.000000,0.000000,0.000000,0.000000,0.000000,0.340000,0.000000,0.000000,0.000000
1777208328.399937,0,0.000000,0.000000,0.000000,0.000000,0.000000,0.000000,0.510000,0.000000,0.070000,0.020000
1777208328.407387,0,0.000000,0.000000,0.000000,0.000000,0.000000,0.000000,0.680000,0.000000,0.070000,0.000000
1777208328.429969,0,0.000000,0.000000,0.000000,0.000000,0.000000,0.000000,0.850000,0.000000,0.000000,0.020000
1777208328.445690,0,0.000000,0.000000,0.000000,0.000000,0.000000,0.000000,1.000000,0.000000,0.070000,0.000000
1777208328.451785,0,0.000000,0.000000,0.000000,0.000000,0.000000,0.000000,1.000000,0.000000,0.070000,0.000000
1777208328.475829,0,0.000000,0.000000,0.000000,0.000000,0.000000,0.000000,1.000000,0.000000,0.000000,0.020000
1777208328.481862,0,0.000000,0.000000,0.000000,0.000000,0.000000,0.000000,1.000000,0.000000,0.070000,0.000000
1777208328.505461,0,0.000000,0.000000,0.000000,0.000000,0.000000,0.000000,1.000000,0.000000,0.140000,0.000000
1777208328.528825,0,0.000000,0.000000,0.000000,0.000000,0.000000,0.000000,1.000000,0.000000,0.000000,0.070000
1777208328.534528,0,0.000000,0.000000,0.000000,0.000000,0.000000,0.000000,1.000000,0.000000,0.000000,0.000000
1777208328.548867,0,0.000000,0.000000,0.000000,0.000000,0.000000,0.000000,1.000000,0.000000,0.000000,0.140000
1777208328.565498,0,0.000000,0.000000,0.000000,0.000000,0.000000,0.000000,1.000000,0.000000,0.000000,0.000000
1777208328.596168,0,0.000000,0.000000,0.000000,0.000000,0.000000,0.000000,1.000000,0.000000,0.140000,0.020000
1777208328.597679,0,0.000000,0.000000,0.000000,0.000000,0.000000,0.000000,1.000000,0.000000,0.000000,0.070000
1777208328.610796,0,0.000000,0.000000,0.000000,0.000000,0.000000,0.000000,1.000000,0.000000,0.070000,0.000000
1777208328.634182,0,0.000000,0.000000,0.000000,0.000000,0.000000,0.000000,1.000000,0.000000,0.000000,0.000000
1777208328.639807,0,0.000000,0.000000,0.000000,0.000000,0.000000,0.000000,1.000000,0.000000,0.000000,0.000000
1777208328.662185,0,0.000000,0.000000,0.000000,0.000000,0.000000,0.000000,1.000000,0.000000,0.140000,0.000000
1777208328.669362,0,0.000000,0.000000,0.000000,0.000000,0.000000,0.000000,1.000000,0.000000,0.000000,0.000000
1777208328.692410,0,0.000000,0.000000,0.000000,0.000000,0.000000,0.000000,1.000000,0.000000,0.000000,0.000000
1777208328.707301,0,0.000000,0.000000,0.000000,0.000000,0.000000,0.000000,1.000000,0.000000,0.000000,0.000000
1777208328.731081,0,0.000000,0.000000,0.000000,0.000000,0.000000,0.000000,1.000000,0.000000,0.000000,0.020000
1777208328.736110,0,0.000000,0.000000,0.000000,0.000000,0.000000,0.000000,1.000000,0.000000,0.000000,0.020000
1777208328.743859,0,0.000000,0.000000,0.000000,0.000000,0.000000,0.000000,1.000000,0.000000,0.000000,0.000000
1777208328.767389,0,0.000000,0.000000,0.000000,0.000000,0.000000,0.000000,1.000000,0.000000,0.070000,0.000000
1777208328.790509,0,0.000000,0.000000,0.000000,0.000000,0.000000,0.000000,1.000000,0.000000,0.000000,0.000000
1777208328.796912,0,0.000000,0.000000,0.000000,0.000000,0.000000,0.000000,1.000000,0.000000,0.000000,0.020000
1777208328.812048,0,0.000000,0.000000,0.000000,0.000000,0.000000,0.000000,1.000000,0.000000,0.070000,0.020000
1777208328.829685,0,0.000000,0.000000,0.000000,0.000000,0.000000,0.000000,1.000000,0.000000,0.000000,0.000000
1777208328.850991,0,0.000000,0.000000,0.000000,0.000000,0.000000,0.000000,1.000000,0.000000,0.000000,0.000000
1777208328.852447,0,0.000000,0.000000,0.000000,0.000000,0.000000,0.000000,1.000000,0.000000,0.000000,0.000000
1777208328.872970,0,0.000000,0.000000,0.000000,0.000000,0.000000,0.000000,1.000000,0.000000,0.000000,0.070000
1777208328.888057,0,0.000000,0.000000,0.000000,0.000000,0.000000,0.000000,1.000000,0.000000,0.000000,0.000000
1777208328.917152,0,0.000000,0.000000,0.000000,0.000000,0.000000,0.000000,1.000000,0.000000,0.200000,0.070000
1777208328.921030,0,0.000000,0.000000,0.000000,0.000000,0.000000,0.000000,1.000000,0.000000,0.000000,0.000000
1777208328.933212,0,0.000000,0.000000,0.000000,0.000000,0.000000,0.000000,1.000000,0.000000,0.000000,0.000000
1777208328.961296,0,0.000000,0.000000,0.000000,0.000000,0.000000,0.000000,1.000000,0.000000,0.000000,0.020000
1777208328.965010,0,0.000000,0.000000,0.000000,0.000000,0.000000,0.000000,1.000000,0.000000,0.000000,0.000000
1777208328.975652,0,0.000000,0.000000,0.000000,0.000000,0.000000,0.000000,1.000000,0.000000,0.000000,0.000000
1777208328.998943,0,0.000000,0.000000,0.000000,0.000000,0.000000,0.000000,1.000000,0.000000,0.000000,0.000000
1777208329.005818,0,0.000000,0.000000,0.000000,0.000000,0.000000,0.000000,1.000000,0.000000,0.000000,0.020000
1777208329.022613,0,0.000000,0.000000,0.000000,0.000000,0.000000,0.000000,1.000000,0.000000,0.070000,0.020000
1777208329.037549,0,0.000000,0.000000,0.000000,0.000000,0.000000,0.000000,1.000000,0.000000,0.000000,0.000000
1777208329.061510,0,0.000000,0.000000,0.000000,0.000000,0.000000,0.000000,1.000000,0.000000,0.000000,0.020000
1777208329.067560,0,0.000000,0.000000,0.000000,0.000000,0.000000,0.000000,1.000000,0.000000,0.000000,0.020000
1777208329.083071,0,0.000000,0.000000,0.000000,0.000000,0.000000,0.000000,1.000000,0.000000,0.000000,0.020000
1777208329.097995,0,0.000000,0.000000,0.000000,0.000000,0.000000,0.000000,1.000000,0.000000,0.000000,0.000000
1777208329.112553,0,0.000000,0.000000,0.000000,0.000000,0.000000,0.000000,1.000000,0.000000,0.070000,0.000000
1777208329.127885,0,0.000000,0.000000,0.000000,0.000000,0.000000,0.000000,1.000000,0.000000,0.000000,0.070000
1777208329.142793,0,0.000000,0.000000,0.000000,0.000000,0.000000,0.000000,0.100000,0.000000,0.070000,0.000000
1777208329.165146,0,0.000000,0.000000,0.000000,0.000000,0.000000,0.000000,0.250000,0.000000,0.140000,0.000000
1777208329.179404,0,0.000000,0.000000,0.000000,0.000000,0.000000,0.000000,0.430000,0.000000,0.140000,0.180000
1777208329.202103,0,0.000000,0.000000,0.000000,0.000000,0.000000,0.000000,0.620000,0.000000,0.280000,0.100000
1777208329.203834,0,0.000000,0.000000,0.000000,0.000000,0.000000,0.000000,0.790000,0.000000,0.070000,0.000000
1777208329.223822,0,0.000000,0.000000,0.000000,0.000000,0.000000,0.000000,0.950000,0.000000,0.070000,0.140000
1777208329.247036,0,0.000000,0.000000,0.000000,0.000000,0.000000,0.000000,1.000000,0.000000,0.140000,0.020000
1777208329.247878,0,0.000000,0.000000,0.000000,0.000000,0.000000,0.000000,1.000000,0.000000,0.140000,0.000000
1777208329.270672,0,0.000000,0.000000,0.000000,0.000000,0.000000,0.000000,1.000000,0.000000,0.000000,0.000000
1777208329.285814,0,0.000000,0.000000,0.000000,0.000000,0.000000,0.000000,1.000000,0.000000,0.000000,0.000000
1777208329.300383,0,0.000000,0.000000,0.000000,0.000000,0.000000,0.000000,1.000000,0.000000,0.000000,0.000000
1777208329.322618,0,0.000000,0.000000,0.000000,0.000000,0.000000,0.000000,1.000000,0.000000,0.070000,0.000000
1777208329.329472,0,0.000000,0.000000,0.000000,0.000000,0.000000,0.000000,1.000000,0.000000,0.070000,0.020000
1777208329.344696,0,0.000000,0.000000,0.000000,0.000000,0.000000,0.000000,1.000000,0.000000,0.000000,0.000000
1777208329.368229,0,0.000000,0.000000,0.000000,0.000000,0.000000,0.000000,1.000000,0.000000,0.000000,0.000000
1777208329.374909,0,0.000000,0.000000,0.000000,0.000000,0.000000,0.000000,1.000000,0.000000,0.000000,0.020000
1777208329.391344,0,0.000000,0.000000,0.000000,0.000000,0.000000,0.000000,1.000000,0.000000,0.000000,0.000000
1777208329.406051,0,0.000000,0.000000,0.000000,0.000000,0.000000,0.000000,1.000000,0.000000,0.000000,0.070000
1777208329.430124,0,0.000000,0.000000,0.000000,0.000000,0.000000,0.000000,1.000000,0.000000,0.000000,0.000000
1777208329.441551,0,0.000000,0.000000,0.000000,0.000000,0.000000,0.000000,1.000000,0.000000,0.070000,0.180000
1777208329.466690,0,0.000000,0.000000,0.000000,0.000000,0.000000,0.000000,1.000000,0.000000,0.000000,0.000000
1777208329.468351,0,0.000000,0.000000,0.000000,0.000000,0.000000,0.000000,0.000000,0.000000,0.000000,0.250000
1777208329.480451,0,0.000000,0.000000,0.000000,0.000000,0.000000,0.000000,0.150000,0.000000,0.000000,0.070000
1777208329.496109,0,0.000000,0.000000,0.000000,0.000000,0.000000,0.000000,0.330000,0.000000,0.070000,0.000000
1777208329.510617,0,0.000000,0.000000,0.000000,0.000000,0.000000,0.000000,0.500000,0.000000,0.000000,0.000000
1777208329.533724,0,0.000000,0.000000,0.000000,0.000000,0.000000,0.000000,0.670000,0.000000,0.000000,0.000000
1777208329.547928,0,0.000000,0.000000,0.000000,0.000000,0.000000,0.000000,0.850000,0.000000,0.000000,0.020000
1777208329.562346,0,0.000000,0.000000,0.000000,0.000000,0.000000,0.000000,1.000000,0.000000,0.000000,0.000000
1777208329.584105,0,0.000000,0.000000,0.000000,0.000000,0.000000,0.000000,1.000000,0.000000,0.070000,0.070000
1777208329.591638,0,0.000000,0.000000,0.000000,0.000000,0.000000,0.000000,0.020000,0.000000,0.070000,0.000000
1777208329.610111,0,0.000000,0.000000,0.000000,0.000000,0.000000,0.000000,0.150000,0.000000,0.000000,0.070000
1777208329.615514,0,0.000000,0.000000,0.000000,0.000000,0.000000,0.000000,0.010000,0.000000,0.000000,0.000000
1777208329.631173,0,0.000000,0.000000,0.000000,0.000000,0.000000,0.000000,0.180000,0.000000,0.070000,0.000000
1777208329.646832,0,0.000000,0.000000,0.000000,0.000000,0.000000,0.000000,0.330000,0.000000,0.070000,0.140000
1777208329.669297,0,0.000000,0.000000,0.000000,0.000000,0.000000,0.000000,0.020000,0.000000,0.000000,0.000000
1777208329.674324,0,0.000000,0.000000,0.000000,0.000000,0.000000,0.000000,0.250000,0.000000,0.000000,0.000000
1777208329.690294,0,0.000000,0.000000,0.000000,0.000000,0.000000,0.000000,0.170000,0.000000,0.070000,0.000000
1777208329.705524,0,0.000000,0.000000,0.000000,0.000000,0.000000,0.000000,0.630000,0.000000,0.000000,0.000000
1777208329.734760,0,0.000000,0.000000,0.000000,0.000000,0.000000,0.000000,1.000000,0.000000,0.000000,0.000000
1777208329.743197,0,0.000000,0.000000,0.000000,0.000000,0.000000,0.000000,1.000000,0.000000,0.000000,0.000000
1777208329.748784,0,0.000000,0.000000,0.000000,0.000000,0.000000,0.000000,1.000000,0.000000,0.000000,0.020000
1777208329.764347,0,0.000000,0.000000,0.000000,0.000000,0.000000,0.000000,1.000000,0.000000,0.200000,0.180000
1777208329.788016,0,0.000000,0.000000,0.000000,0.000000,0.000000,0.000000,1.000000,0.000000,0.000000,0.020000
1777208329.803471,0,0.000000,0.000000,0.000000,0.000000,0.000000,0.000000,1.000000,0.000000,0.000000,0.020000
1777208329.827011,0,0.000000,0.000000,0.000000,0.000000,0.000000,0.000000,1.000000,0.000000,0.000000,0.020000
1777208329.828410,0,0.000000,0.000000,0.000000,0.000000,0.000000,0.000000,1.000000,0.000000,0.000000,0.020000
1777208329.848143,0,0.000000,0.000000,0.000000,0.000000,0.000000,0.000000,1.000000,0.000000,0.000000,0.000000
1777208329.854810,0,0.000000,0.000000,0.000000,0.000000,0.000000,0.000000,1.000000,0.000000,0.000000,0.000000
1777208329.878526,0,0.000000,0.000000,0.000000,0.000000,0.000000,0.000000,1.000000,0.000000,0.000000,0.020000
1777208329.885067,0,0.000000,0.000000,0.000000,0.000000,0.000000,0.000000,1.000000,0.000000,0.070000,0.020000
1777208329.909032,0,0.000000,0.000000,0.000000,0.000000,0.000000,0.000000,0.170000,0.000000,0.070000,0.000000
1777208329.915606,0,0.000000,0.000000,0.000000,0.000000,0.000000,0.000000,0.570000,0.000000,0.000000,0.020000
1777208329.944295,0,0.000000,0.000000,0.000000,0.000000,0.000000,0.000000,1.000000,0.000000,0.000000,0.000000
1777208329.958734,0,0.000000,0.000000,0.000000,0.000000,0.000000,0.000000,1.000000,0.000000,0.000000,0.100000
1777208329.973662,0,0.000000,0.000000,0.000000,0.000000,0.000000,0.000000,1.000000,0.000000,0.070000,0.000000
1777208329.981498,0,0.000000,0.000000,0.000000,0.000000,0.000000,0.000000,1.000000,0.000000,0.070000,0.070000
1777208330.003358,0,0.000000,0.000000,0.000000,0.000000,0.000000,0.000000,1.000000,0.000000,0.070000,0.000000
1777208330.010724,0,0.000000,0.000000,0.000000,0.000000,0.000000,0.000000,1.000000,0.000000,0.000000,0.000000
1777208330.026571,0,0.000000,0.000000,0.000000,0.000000,0.000000,0.000000,1.000000,0.000000,0.070000,0.020000
1777208330.049814,0,0.000000,0.000000,0.000000,0.000000,0.000000,0.000000,1.000000,0.000000,0.000000,0.000000
1777208330.052280,0,0.000000,0.000000,0.000000,0.000000,0.000000,0.000000,1.000000,0.000000,0.070000,0.000000
1777208330.074098,0,0.000000,0.000000,0.000000,0.000000,0.000000,0.000000,1.000000,0.000000,0.000000,0.070000
1777208330.087799,0,0.000000,0.000000,0.000000,0.000000,0.000000,0.000000,1.000000,0.000000,0.070000,0.000000
1777208330.110899,0,0.000000,0.000000,0.000000,0.000000,0.000000,0.000000,1.000000,0.000000,0.070000,0.020000
1777208330.126705,0,0.000000,0.000000,0.000000,0.000000,0.000000,0.000000,1.000000,0.000000,0.000000,0.000000
1777208330.128098,0,0.000000,0.000000,0.000000,0.000000,0.000000,0.000000,1.000000,0.000000,0.000000,0.000000
1777208330.148170,0,0.000000,0.000000,0.000000,0.000000,0.000000,0.000000,1.000000,0.000000,0.000000,0.000000
1777208330.171305,0,0.000000,0.000000,0.000000,0.000000,0.000000,0.000000,1.000000,0.000000,0.000000,0.000000
1777208330.172981,0,0.000000,0.000000,0.000000,0.000000,0.000000,0.000000,1.000000,0.000000,0.000000,0.020000
1777208330.207603,0,0.000000,0.000000,0.000000,0.000000,0.000000,0.000000,1.000000,0.000000,0.000000,0.070000
1777208330.209743,0,0.000000,0.000000,0.000000,0.000000,0.000000,0.000000,1.000000,0.000000,0.000000,0.020000
1777208330.229979,0,0.000000,0.000000,0.000000,0.000000,0.000000,0.000000,1.000000,0.000000,0.140000,0.000000
1777208330.237102,0,0.000000,0.000000,0.000000,0.000000,0.000000,0.000000,1.000000,0.000000,0.000000,0.020000
1777208330.251984,0,0.000000,0.000000,0.000000,0.000000,0.000000,0.000000,0.310000,0.000000,0.070000,0.000000
1777208330.274677,0,0.000000,0.000000,0.000000,0.000000,0.000000,0.000000,0.730000,0.000000,0.070000,0.000000
1777208330.282205,0,0.000000,0.000000,0.000000,0.000000,0.000000,0.000000,1.000000,0.000000,0.070000,0.000000
1777208330.314463,0,0.000000,0.000000,0.000000,0.000000,0.000000,0.000000,1.000000,0.000000,0.070000,0.000000
1777208330.315991,0,0.000000,0.000000,0.000000,0.000000,0.000000,0.000000,1.000000,0.000000,0.000000,0.000000
1777208330.334256,0,0.000000,0.000000,0.000000,0.000000,0.000000,0.000000,1.000000,0.000000,0.000000,0.000000
1777208330.341613,0,0.000000,0.000000,0.000000,0.000000,0.000000,0.000000,1.000000,0.000000,0.070000,0.000000
1777208330.358022,0,0.000000,0.000000,0.000000,0.000000,0.000000,0.000000,1.000000,0.000000,0.000000,0.000000
1777208330.373559,0,0.000000,0.000000,0.000000,0.000000,0.000000,0.000000,1.000000,0.000000,0.070000,0.000000
1777208330.390920,0,0.000000,0.000000,0.000000,0.000000,0.000000,0.000000,1.000000,0.000000,0.000000,0.020000
1777208330.410906,0,0.000000,0.000000,0.000000,0.000000,0.000000,0.000000,1.000000,0.000000,0.070000,0.000000
1777208330.425351,0,0.000000,0.000000,0.000000,0.000000,0.000000,0.000000,1.000000,0.000000,0.000000,0.000000
1777208330.431984,0,0.000000,0.000000,0.000000,0.000000,0.000000,0.000000,1.000000,0.000000,0.000000,0.000000
1777208330.447174,0,0.000000,0.000000,0.000000,0.000000,0.000000,0.000000,0.200000,0.000000,0.000000,0.000000
1777208330.470662,0,0.000000,0.000000,0.000000,0.000000,0.000000,0.000000,0.670000,0.000000,0.000000,0.020000
1777208330.502306,0,0.000000,0.000000,0.000000,0.000000,0.000000,0.000000,1.000000,0.000000,0.070000,0.000000
1777208330.503853,0,0.000000,0.000000,0.000000,0.000000,0.000000,0.000000,1.000000,0.000000,0.140000,0.000000
1777208330.507324,0,0.000000,0.000000,0.000000,0.000000,0.000000,0.000000,1.000000,0.000000,0.070000,0.000000
1777208330.521874,0,0.000000,0.000000,0.000000,0.000000,0.000000,0.000000,1.000000,0.000000,0.000000,0.020000
1777208330.536803,0,0.000000,0.000000,0.000000,0.000000,0.000000,0.000000,1.000000,0.000000,0.070000,0.020000
1777208330.560456,0,0.000000,0.000000,0.000000,0.000000,0.000000,0.000000,1.000000,0.000000,0.140000,0.000000
1777208330.575507,0,0.000000,0.000000,0.000000,0.000000,0.000000,0.000000,1.000000,0.000000,0.000000,0.000000
1777208330.598304,0,0.000000,0.000000,0.000000,0.000000,0.000000,0.000000,1.000000,0.000000,0.070000,0.000000
1777208330.611945,0,0.000000,0.000000,0.000000,0.000000,0.000000,0.000000,1.000000,0.000000,0.000000,0.000000
1777208330.626779,0,0.000000,0.000000,0.000000,0.000000,0.000000,0.000000,1.000000,0.000000,0.000000,0.020000
1777208330.634599,0,0.000000,0.000000,0.000000,0.000000,0.000000,0.000000,1.000000,0.000000,0.000000,0.000000
1777208330.658049,0,0.000000,0.000000,0.000000,0.000000,0.000000,0.000000,1.000000,0.000000,0.000000,0.000000
1777208330.670660,0,0.000000,0.000000,0.000000,0.000000,0.000000,0.000000,1.000000,0.000000,0.070000,0.020000
1777208330.678206,0,0.000000,0.000000,0.000000,0.000000,0.000000,0.000000,1.000000,0.000000,0.000000,0.020000
1777208330.702064,0,0.000000,0.000000,0.000000,0.000000,0.000000,0.000000,1.000000,0.000000,0.000000,0.000000
1777208330.708646,0,0.000000,0.000000,0.000000,0.000000,0.000000,0.000000,1.000000,0.000000,0.000000,0.000000
1777208330.724472,0,0.000000,0.000000,0.000000,0.000000,0.000000,0.000000,1.000000,0.000000,0.000000,0.020000
1777208330.747781,0,0.000000,0.000000,0.000000,0.000000,0.000000,0.000000,1.000000,0.000000,0.000000,0.000000
1777208330.749984,0,0.000000,0.000000,0.000000,0.000000,0.000000,0.000000,1.000000,0.000000,0.000000,0.020000
1777208330.769596,0,0.000000,0.000000,0.000000,0.000000,0.000000,0.000000,1.000000,0.000000,0.000000,0.020000
1777208330.793378,0,0.000000,0.000000,0.000000,0.000000,0.000000,0.000000,1.000000,0.000000,0.000000,0.100000
1777208330.796064,0,0.000000,0.000000,0.000000,0.000000,0.000000,0.000000,1.000000,0.000000,0.000000,0.000000
1777208330.814709,0,0.000000,0.000000,0.000000,0.000000,0.000000,0.000000,1.000000,0.000000,0.000000,0.000000
1777208330.821765,0,0.000000,0.000000,0.000000,0.000000,0.000000,0.000000,1.000000,0.000000,0.000000,0.020000
1777208330.845696,0,0.000000,0.000000,0.000000,0.000000,0.000000,0.000000,1.000000,0.000000,0.000000,0.000000
1777208330.869020,0,0.000000,0.000000,0.000000,0.000000,0.000000,0.000000,1.000000,0.000000,0.000000,0.000000
1777208330.874413,0,0.000000,0.000000,0.000000,0.000000,0.000000,0.000000,1.000000,0.000000,0.000000,0.000000
1777208330.889904,0,0.000000,0.000000,0.000000,0.000000,0.000000,0.000000,1.000000,0.000000,0.000000,0.000000
1777208330.905992,0,0.000000,0.000000,0.000000,0.000000,0.000000,0.000000,1.000000,0.000000,0.000000,0.000000
1777208330.926729,0,0.000000,0.000000,0.000000,0.000000,0.000000,0.000000,1.000000,0.000000,0.000000,0.000000
1777208330.941019,0,0.000000,0.000000,0.000000,0.000000,0.000000,0.000000,1.000000,0.000000,0.000000,0.000000
1777208330.948304,0,0.000000,0.000000,0.000000,0.000000,0.000000,0.000000,1.000000,0.000000,0.000000,0.000000
1777208330.970233,0,0.000000,0.000000,0.000000,0.000000,0.000000,0.000000,1.000000,0.000000,0.070000,0.070000
1777208330.980232,0,0.000000,0.000000,0.000000,0.000000,0.000000,0.000000,1.000000,0.000000,0.200000,0.000000
1777208330.993661,0,0.000000,0.000000,0.000000,0.000000,0.000000,0.000000,1.000000,0.000000,0.000000,0.000000
1777208331.017532,0,0.000000,0.000000,0.000000,0.000000,0.000000,0.000000,1.000000,0.000000,0.000000,0.000000
1777208331.032528,0,0.000000,0.000000,0.000000,0.000000,0.000000,0.000000,0.050000,0.000000,0.000000,0.000000
1777208331.040461,0,0.000000,0.000000,0.000000,0.000000,0.000000,0.000000,0.460000,0.000000,0.070000,0.000000
1777208331.055867,0,0.000000,0.000000,0.000000,0.000000,0.000000,0.000000,0.910000,0.000000,0.000000,0.000000
1777208331.071644,0,0.000000,0.000000,0.000000,0.000000,0.000000,0.000000,1.000000,0.000000,0.000000,0.020000
1777208331.094087,0,0.000000,0.000000,0.000000,0.000000,0.000000,0.000000,1.000000,0.000000,0.000000,0.000000
1777208331.116289,0,0.000000,0.000000,0.000000,0.000000,0.000000,0.000000,1.000000,0.000000,0.000000,0.000000
1777208331.118925,0,0.000000,0.000000,0.000000,0.000000,0.000000,0.000000,1.000000,0.000000,0.000000,0.000000
1777208331.129973,0,0.000000,0.000000,0.000000,0.000000,0.000000,0.000000,1.000000,0.000000,0.000000,0.000000
1777208331.152045,0,0.000000,0.000000,0.000000,0.000000,0.000000,0.000000,1.000000,0.000000,0.000000,0.020000
1777208331.168218,0,0.000000,0.000000,0.000000,0.000000,0.000000,0.000000,1.000000,0.000000,0.070000,0.000000
1777208331.174091,0,0.000000,0.000000,0.000000,0.000000,0.000000,0.000000,1.000000,0.000000,0.000000,0.000000
1777208331.205620,0,0.000000,0.000000,0.000000,0.000000,0.000000,0.000000,1.000000,0.000000,0.000000,0.000000
1777208331.206634,0,0.000000,0.000000,0.000000,0.000000,0.000000,0.000000,1.000000,0.000000,0.000000,0.020000
1777208331.227522,0,0.000000,0.000000,0.000000,0.000000,0.000000,0.000000,1.000000,0.000000,0.070000,0.020000
1777208331.241422,0,0.000000,0.000000,0.000000,0.000000,0.000000,0.000000,1.000000,0.000000,0.070000,0.000000
1777208331.265093,0,0.000000,0.000000,0.000000,0.000000,0.000000,0.000000,1.000000,0.000000,0.000000,0.020000
1777208331.271373,0,0.000000,0.000000,0.000000,0.000000,0.000000,0.000000,1.000000,0.000000,0.070000,0.000000
1777208331.288466,0,0.000000,0.000000,0.000000,0.000000,0.000000,0.000000,1.000000,0.000000,0.000000,0.000000
1777208331.302071,0,0.000000,0.000000,0.000000,0.000000,0.000000,0.000000,1.000000,0.000000,0.070000,0.020000
1777208331.318589,0,0.000000,0.000000,0.000000,0.000000,0.000000,0.000000,1.000000,0.000000,0.000000,0.000000
1777208331.331898,0,0.000000,0.000000,0.000000,0.000000,0.000000,0.000000,1.000000,0.000000,0.000000,0.000000
1777208331.356978,0,0.000000,0.000000,0.000000,0.000000,0.000000,0.000000,1.000000,0.000000,0.000000,0.000000
1777208331.361877,0,0.000000,0.000000,0.000000,0.000000,0.000000,0.000000,1.000000,0.000000,0.000000,0.000000
1777208331.386508,0,0.000000,0.000000,0.000000,0.000000,0.000000,0.000000,1.000000,0.000000,0.070000,0.000000
1777208331.408453,0,0.000000,0.000000,0.000000,0.000000,0.000000,0.000000,0.070000,0.000000,0.000000,0.020000
1777208331.411661,0,0.000000,0.000000,0.000000,0.000000,0.000000,0.000000,0.510000,0.000000,0.000000,0.000000
1777208331.429951,0,0.000000,0.000000,0.000000,0.000000,0.000000,0.000000,0.970000,0.000000,0.070000,0.020000
1777208331.436909,0,0.000000,0.000000,0.000000,0.000000,0.000000,0.000000,1.000000,0.000000,0.000000,0.000000
1777208331.460443,0,0.000000,0.000000,0.000000,0.000000,0.000000,0.000000,1.000000,0.000000,0.000000,0.020000
1777208331.476150,0,0.000000,0.000000,0.000000,0.000000,0.000000,0.000000,1.000000,0.000000,0.000000,0.020000
1777208331.481292,0,0.000000,0.000000,0.000000,0.000000,0.000000,0.000000,1.000000,0.000000,0.000000,0.000000
1777208331.504895,0,0.000000,0.000000,0.000000,0.000000,0.000000,0.000000,1.000000,0.000000,0.000000,0.000000
1777208331.519735,0,0.000000,0.000000,0.000000,0.000000,0.000000,0.000000,1.000000,0.000000,0.000000,0.070000
1777208331.527262,0,0.000000,0.000000,0.000000,0.000000,0.000000,0.000000,1.000000,0.000000,0.000000,0.000000
1777208331.541490,0,0.000000,0.000000,0.000000,0.000000,0.000000,0.000000,1.000000,0.000000,0.000000,0.020000
1777208331.557335,0,0.000000,0.000000,0.000000,0.000000,0.000000,0.000000,1.000000,0.000000,0.000000,0.000000
1777208331.580109,0,0.000000,0.000000,0.000000,0.000000,0.000000,0.000000,1.000000,0.000000,0.000000,0.000000
1777208331.591778,0,0.000000,0.000000,0.000000,0.000000,0.000000,0.000000,1.000000,0.000000,0.000000,0.000000
1777208331.611142,0,0.000000,0.000000,0.000000,0.000000,0.000000,0.000000,1.000000,0.000000,0.000000,0.000000
1777208331.625460,0,0.000000,0.000000,0.000000,0.000000,0.000000,0.000000,1.000000,0.000000,0.070000,0.020000
1777208331.641438,0,0.000000,0.000000,0.000000,0.000000,0.000000,0.000000,1.000000,0.000000,0.000000,0.000000
1777208331.662516,0,0.000000,0.000000,0.000000,0.000000,0.000000,0.000000,1.000000,0.000000,0.070000,0.140000
1777208331.665794,0,0.000000,0.000000,0.000000,0.000000,0.000000,0.000000,1.000000,0.000000,0.000000,0.000000
1777208331.693341,0,0.000000,0.000000,0.000000,0.000000,0.000000,0.000000,1.000000,0.000000,0.000000,0.100000
1777208331.699117,0,0.000000,0.000000,0.000000,0.000000,0.000000,0.000000,1.000000,0.000000,0.000000,0.000000
1777208331.716692,0,0.000000,0.000000,0.000000,0.000000,0.000000,0.000000,1.000000,0.000000,0.070000,0.020000
1777208331.731331,0,0.000000,0.000000,0.000000,0.000000,0.000000,0.000000,1.000000,0.000000,0.000000,0.020000
1777208331.743975,0,0.000000,0.000000,0.000000,0.000000,0.000000,0.000000,1.000000,0.000000,0.280000,0.020000
1777208331.768019,0,0.000000,0.000000,0.000000,0.000000,0.000000,0.000000,1.000000,0.000000,0.000000,0.020000
1777208331.782895,0,0.000000,0.000000,0.000000,0.000000,0.000000,0.000000,1.000000,0.000000,0.070000,0.020000
1777208331.798877,0,0.000000,0.000000,0.000000,0.000000,0.000000,0.000000,1.000000,0.000000,0.070000,0.000000
1777208331.812349,0,0.000000,0.000000,0.000000,0.000000,0.000000,0.000000,1.000000,0.000000,0.000000,0.000000
1777208331.829186,0,0.000000,0.000000,0.000000,0.000000,0.000000,0.000000,1.000000,0.000000,0.000000,0.070000
1777208331.834488,0,0.000000,0.000000,0.000000,0.000000,0.000000,0.000000,1.000000,0.000000,0.000000,0.020000
1777208331.857222,0,0.000000,0.000000,0.000000,0.000000,0.000000,0.000000,1.000000,0.000000,0.000000,0.000000
1777208331.873667,0,0.000000,0.000000,0.000000,0.000000,0.000000,0.000000,1.000000,0.000000,0.000000,0.000000
1777208331.879790,0,0.000000,0.000000,0.000000,0.000000,0.000000,0.000000,1.000000,0.000000,0.070000,0.000000
1777208331.903493,0,0.000000,0.000000,0.000000,0.000000,0.000000,0.000000,1.000000,0.000000,0.000000,0.000000
1777208331.909896,0,0.000000,0.000000,0.000000,0.000000,0.000000,0.000000,1.000000,0.000000,0.000000,0.000000
1777208331.936235,0,0.000000,0.000000,0.000000,0.000000,0.000000,0.000000,0.170000,0.000000,0.000000,0.000000
1777208331.957243,0,0.000000,0.000000,0.000000,0.000000,0.000000,0.000000,0.630000,0.000000,0.000000,0.000000
1777208331.958317,0,0.000000,0.000000,0.000000,0.000000,0.000000,0.000000,1.000000,0.000000,0.070000,0.000000
1777208331.968953,0,0.000000,0.000000,0.000000,0.000000,0.000000,0.000000,0.150000,0.000000,0.000000,0.000000
1777208331.992702,0,0.000000,0.000000,0.000000,0.000000,0.000000,0.000000,0.820000,0.000000,0.000000,0.000000
1777208332.006992,0,0.000000,0.000000,0.000000,0.000000,0.000000,0.000000,1.000000,0.000000,0.000000,0.020000
1777208332.029122,0,0.000000,0.000000,0.000000,0.000000,0.000000,0.000000,1.000000,0.000000,0.000000,0.000000
1777208332.031450,0,0.000000,0.000000,0.000000,0.000000,0.000000,0.000000,1.000000,0.000000,0.070000,0.020000
1777208332.068367,0,0.000000,0.000000,0.000000,0.000000,0.000000,0.000000,1.000000,0.000000,0.000000,0.000000
1777208332.073978,0,0.000000,0.000000,0.000000,0.000000,0.000000,0.000000,1.000000,0.000000,0.000000,0.000000
1777208332.075489,0,0.000000,0.000000,0.000000,0.000000,0.000000,0.000000,1.000000,0.000000,0.070000,0.000000
1777208332.098326,0,0.000000,0.000000,0.000000,0.000000,0.000000,0.000000,1.000000,0.000000,0.070000,0.000000
1777208332.120775,0,0.000000,0.000000,0.000000,0.000000,0.000000,0.000000,1.000000,0.000000,0.000000,0.000000
1777208332.126732,0,0.000000,0.000000,0.000000,0.000000,0.000000,0.000000,1.000000,0.000000,1.410000,0.000000
1777208332.150395,0,0.000000,0.000000,0.000000,0.000000,0.000000,0.000000,1.000000,0.000000,0.140000,0.000000
1777208332.156059,0,0.000000,0.000000,0.000000,0.000000,0.000000,0.000000,1.000000,0.000000,0.000000,0.070000
1777208332.171673,0,0.000000,0.000000,0.000000,0.000000,0.000000,0.000000,1.000000,0.000000,0.070000,0.000000
1777208332.194544,0,0.000000,0.000000,0.000000,0.000000,0.000000,0.000000,1.000000,0.000000,0.000000,0.020000
1777208332.211763,0,0.000000,0.000000,0.000000,0.000000,0.000000,0.000000,1.000000,0.000000,0.070000,0.070000
1777208332.216376,0,0.000000,0.000000,0.000000,0.000000,0.000000,0.000000,1.000000,0.000000,0.000000,0.000000
1777208332.242322,0,0.000000,0.000000,0.000000,0.000000,0.000000,0.000000,1.000000,0.000000,0.000000,0.000000
1777208332.254966,0,0.000000,0.000000,0.000000,0.000000,0.000000,0.000000,1.000000,0.000000,0.000000,0.000000
1777208332.269533,0,0.000000,0.000000,0.000000,0.000000,0.000000,0.000000,1.000000,0.000000,0.000000,0.000000
1777208332.284299,0,0.000000,0.000000,0.000000,0.000000,0.000000,0.000000,1.000000,0.000000,0.000000,0.000000
1777208332.291716,0,0.000000,0.000000,0.000000,0.000000,0.000000,0.000000,1.000000,0.000000,0.000000,0.020000
1777208332.314287,0,0.000000,0.000000,0.000000,0.000000,0.000000,0.000000,1.000000,0.000000,0.000000,0.000000
1777208332.329822,0,0.000000,0.000000,0.000000,0.000000,0.000000,0.000000,1.000000,0.000000,0.000000,0.000000
1777208332.337137,0,0.000000,0.000000,0.000000,0.000000,0.000000,0.000000,1.000000,0.000000,0.000000,0.100000
1777208332.351543,0,0.000000,0.000000,0.000000,0.000000,0.000000,0.000000,1.000000,0.000000,0.070000,0.020000
1777208332.368310,0,0.000000,0.000000,0.000000,0.000000,0.000000,0.000000,0.370000,0.000000,0.000000,0.000000
1777208332.382006,0,0.000000,0.000000,0.000000,0.000000,0.000000,0.000000,1.000000,0.000000,0.000000,0.000000
1777208332.412259,0,0.000000,0.000000,0.000000,0.000000,0.000000,0.000000,1.000000,0.000000,0.000000,0.000000
1777208332.415501,0,0.000000,0.000000,0.000000,0.000000,0.000000,0.000000,1.000000,0.000000,0.070000,0.000000
1777208332.435006,0,0.000000,0.000000,0.000000,0.000000,0.000000,0.000000,1.000000,0.000000,0.140000,0.020000
1777208332.449529,0,0.000000,0.000000,0.000000,0.000000,0.000000,0.000000,1.000000,0.000000,0.070000,0.070000
1777208332.471711,0,0.000000,0.000000,0.000000,0.000000,0.000000,0.000000,1.000000,0.000000,0.000000,0.020000
1777208332.474096,0,0.000000,0.000000,0.000000,0.000000,0.000000,0.000000,1.000000,0.000000,0.070000,0.020000
1777208332.495089,0,0.000000,0.000000,0.000000,0.000000,0.000000,0.000000,1.000000,0.000000,0.070000,0.000000
1777208332.510406,0,0.000000,0.000000,0.000000,0.000000,0.000000,0.000000,1.000000,0.000000,0.000000,0.000000
1777208332.533606,0,0.000000,0.000000,0.000000,0.000000,0.000000,0.000000,1.000000,0.000000,0.140000,0.070000
1777208332.536832,0,0.000000,0.000000,0.000000,0.000000,0.000000,0.000000,1.000000,0.000000,0.000000,0.020000
1777208332.572356,0,0.000000,0.000000,0.000000,0.000000,0.000000,0.000000,1.000000,0.000000,0.070000,0.070000
1777208332.574632,0,0.000000,0.000000,0.000000,0.000000,0.000000,0.000000,1.000000,0.000000,0.070000,0.000000
1777208332.587360,0,0.000000,0.000000,0.000000,0.000000,0.000000,0.000000,1.000000,0.000000,0.000000,0.070000
1777208332.599278,0,0.000000,0.000000,0.000000,0.000000,0.000000,0.000000,1.000000,0.000000,0.000000,0.000000
1777208332.615827,0,0.000000,0.000000,0.000000,0.000000,0.000000,0.000000,1.000000,0.000000,0.070000,0.000000
1777208332.630373,0,0.000000,0.000000,0.000000,0.000000,0.000000,0.000000,1.000000,0.000000,0.000000,0.000000
1777208332.653620,0,0.000000,0.000000,0.000000,0.000000,0.000000,0.000000,1.000000,0.000000,0.070000,0.000000
1777208332.659359,0,0.000000,0.000000,0.000000,0.000000,0.000000,0.000000,1.000000,0.000000,0.000000,0.020000
1777208332.675897,0,0.000000,0.000000,0.000000,0.000000,0.000000,0.000000,1.000000,0.000000,0.070000,0.000000
1777208332.697946,0,0.000000,0.000000,0.000000,0.000000,0.000000,0.000000,1.000000,0.000000,0.070000,0.100000
1777208332.714384,0,0.000000,0.000000,0.000000,0.000000,0.000000,0.000000,1.000000,0.000000,0.000000,0.020000
1777208332.727808,0,0.000000,0.000000,0.000000,0.000000,0.000000,0.000000,1.000000,0.000000,0.000000,0.020000
1777208332.751806,0,0.000000,0.000000,0.000000,0.000000,0.000000,0.000000,1.000000,0.000000,0.070000,0.000000
1777208332.757120,0,0.000000,0.000000,0.000000,0.000000,0.000000,0.000000,1.000000,0.000000,0.070000,0.070000
1777208332.775092,0,0.000000,0.000000,0.000000,0.000000,0.000000,0.000000,1.000000,0.000000,0.000000,0.020000
1777208332.803689,0,0.000000,0.000000,0.000000,0.000000,0.000000,0.000000,1.000000,0.000000,0.140000,0.000000
1777208332.805221,0,0.000000,0.000000,0.000000,0.000000,0.000000,0.000000,1.000000,0.000000,0.000000,0.000000
1777208332.832220,0,0.000000,0.000000,0.000000,0.000000,0.000000,0.000000,0.070000,0.000000,0.000000,0.020000
1777208332.833574,0,0.000000,0.000000,0.000000,0.000000,0.000000,0.000000,0.690000,0.000000,0.070000,0.000000
1777208332.846776,0,0.000000,0.000000,0.000000,0.000000,0.000000,0.000000,1.000000,0.000000,0.000000,0.000000
1777208332.870662,0,0.000000,0.000000,0.000000,0.000000,0.000000,0.000000,1.000000,0.000000,0.000000,0.070000
1777208332.886020,0,0.000000,0.000000,0.000000,0.000000,0.000000,0.000000,1.000000,0.000000,0.000000,0.000000
1777208332.892579,0,0.000000,0.000000,0.000000,0.000000,0.000000,0.000000,1.000000,0.000000,0.000000,0.020000
1777208332.909171,0,0.000000,0.000000,0.000000,0.000000,0.000000,0.000000,0.440000,0.000000,0.000000,0.000000
1777208332.930551,0,0.000000,0.000000,0.000000,0.000000,0.000000,0.000000,1.000000,0.000000,0.000000,0.070000
1777208332.946063,0,0.000000,0.000000,0.000000,0.000000,0.000000,0.000000,1.000000,0.000000,0.000000,0.100000
1777208332.969328,0,0.000000,0.000000,0.000000,0.000000,0.000000,0.000000,1.000000,0.000000,0.000000,0.000000
1777208332.970921,0,0.000000,0.000000,0.000000,0.000000,0.000000,0.000000,1.000000,0.000000,0.000000,0.020000
1777208332.987985,0,0.000000,0.000000,0.000000,0.000000,0.000000,0.000000,1.000000,0.000000,0.070000,0.000000
1777208332.995615,0,0.000000,0.000000,0.000000,0.000000,0.000000,0.000000,1.000000,0.000000,0.070000,0.000000
1777208333.018375,0,0.000000,0.000000,0.000000,0.000000,0.000000,0.000000,1.000000,0.000000,0.070000,0.000000
1777208333.025853,0,0.000000,0.000000,0.000000,0.000000,0.000000,0.000000,1.000000,0.000000,0.000000,0.000000
1777208333.057138,0,0.000000,0.000000,0.000000,0.000000,0.000000,0.000000,1.000000,0.000000,0.070000,0.000000
1777208333.072938,0,0.000000,0.000000,0.000000,0.000000,0.000000,0.000000,1.000000,0.000000,0.000000,0.000000
1777208333.087216,0,0.000000,0.000000,0.000000,0.000000,0.000000,0.000000,1.000000,0.000000,0.070000,0.000000
1777208333.111830,0,0.000000,0.000000,0.000000,0.000000,0.000000,0.000000,1.000000,0.000000,0.000000,0.020000
1777208333.114256,0,0.000000,0.000000,0.000000,0.000000,0.000000,0.000000,1.000000,0.000000,0.000000,0.000000
1777208333.132522,0,0.000000,0.000000,0.000000,0.000000,0.000000,0.000000,1.000000,0.000000,0.070000,0.000000
1777208333.148534,0,0.000000,0.000000,0.000000,0.000000,0.000000,0.000000,1.000000,0.000000,0.000000,0.100000
1777208333.154415,0,0.000000,0.000000,0.000000,0.000000,0.000000,0.000000,1.000000,0.000000,0.000000,0.000000
1777208333.182970,0,0.000000,0.000000,0.000000,0.000000,0.000000,0.000000,0.150000,0.000000,0.070000,0.000000
1777208333.197898,0,0.000000,0.000000,0.000000,0.000000,0.000000,0.000000,0.750000,0.000000,0.000000,0.000000
1777208333.198620,0,0.000000,0.000000,0.000000,0.000000,0.000000,0.000000,1.000000,0.000000,0.000000,0.000000
1777208333.213136,0,0.000000,0.000000,0.000000,0.000000,0.000000,0.000000,1.000000,0.000000,0.000000,0.020000
1777208333.220444,0,0.000000,0.000000,0.000000,0.000000,0.000000,0.000000,1.000000,0.000000,0.000000,0.000000
1777208333.245373,0,0.000000,0.000000,0.000000,0.000000,0.000000,0.000000,1.000000,0.000000,0.070000,0.020000
1777208333.260033,0,0.000000,0.000000,0.000000,0.000000,0.000000,0.000000,1.000000,0.000000,0.000000,0.000000
1777208333.276164,0,0.000000,0.000000,0.000000,0.000000,0.000000,0.000000,1.000000,0.000000,0.070000,0.000000
1777208333.290436,0,0.000000,0.000000,0.000000,0.000000,0.000000,0.000000,1.000000,0.000000,0.070000,0.020000
1777208333.306886,0,0.000000,0.000000,0.000000,0.000000,0.000000,0.000000,1.000000,0.000000,0.000000,0.000000
1777208333.312060,0,0.000000,0.000000,0.000000,0.000000,0.000000,0.000000,1.000000,0.000000,0.140000,0.000000
1777208333.336243,0,0.000000,0.000000,0.000000,0.000000,0.000000,0.000000,1.000000,0.000000,0.000000,0.000000
1777208333.341825,0,0.000000,0.000000,0.000000,0.000000,0.000000,0.000000,1.000000,0.000000,0.000000,0.000000
1777208333.363626,0,0.000000,0.000000,0.000000,0.000000,0.000000,0.000000,1.000000,0.000000,0.000000,0.000000
1777208333.371762,0,0.000000,0.000000,0.000000,0.000000,0.000000,0.000000,1.000000,0.000000,0.000000,0.000000
1777208333.388867,0,0.000000,0.000000,0.000000,0.000000,0.000000,0.000000,1.000000,0.000000,0.000000,0.000000
1777208333.411143,0,0.000000,0.000000,0.000000,0.000000,0.000000,0.000000,1.000000,0.000000,0.000000,0.070000
1777208333.424356,0,0.000000,0.000000,0.000000,0.000000,0.000000,0.000000,1.000000,0.000000,0.000000,0.000000
1777208333.448537,0,0.000000,0.000000,0.000000,0.000000,0.000000,0.000000,1.000000,0.000000,0.070000,0.000000
1777208333.464961,0,0.000000,0.000000,0.000000,0.000000,0.000000,0.000000,1.000000,0.000000,0.070000,0.140000
1777208333.466419,0,0.000000,0.000000,0.000000,0.000000,0.000000,0.000000,1.000000,0.000000,0.070000,0.000000
1777208333.493425,0,0.000000,0.000000,0.000000,0.000000,0.000000,0.000000,1.000000,0.000000,0.000000,0.020000
1777208333.499570,0,0.000000,0.000000,0.000000,0.000000,0.000000,0.000000,1.000000,0.000000,0.000000,0.000000
1777208333.523421,0,0.000000,0.000000,0.000000,0.000000,0.000000,0.000000,1.000000,0.000000,0.070000,0.020000
1777208333.554104,0,0.000000,0.000000,0.000000,0.000000,0.000000,0.000000,1.000000,0.000000,0.070000,0.020000
1777208333.556236,0,0.000000,0.000000,0.000000,0.000000,0.000000,0.000000,1.000000,0.000000,0.000000,0.000000
1777208333.559156,0,0.000000,0.000000,0.000000,0.000000,0.000000,0.000000,1.000000,0.000000,0.070000,0.000000
1777208333.598267,0,0.000000,0.000000,0.000000,0.000000,0.000000,0.000000,1.000000,0.000000,0.070000,0.000000
1777208333.613076,0,0.000000,0.000000,0.000000,0.000000,0.000000,0.000000,1.000000,0.000000,0.000000,0.000000
1777208333.628771,0,0.000000,0.000000,0.000000,0.000000,0.000000,0.000000,1.000000,0.000000,0.000000,0.020000
1777208333.630392,0,0.000000,0.000000,0.000000,0.000000,0.000000,0.000000,1.000000,0.000000,0.000000,0.020000
1777208333.634590,0,0.000000,0.000000,0.000000,0.000000,0.000000,0.000000,1.000000,0.000000,0.000000,0.000000
1777208333.650442,0,0.000000,0.000000,0.000000,0.000000,0.000000,0.000000,1.000000,0.000000,0.140000,0.000000
1777208333.673906,0,0.000000,0.000000,0.000000,0.000000,0.000000,0.000000,1.000000,0.000000,0.070000,0.000000
1777208333.676107,0,0.000000,0.000000,0.000000,0.000000,0.000000,0.000000,1.000000,0.000000,0.000000,0.020000
1777208333.696537,0,0.000000,0.000000,0.000000,0.000000,0.000000,0.000000,1.000000,0.000000,0.000000,0.000000
1777208333.719502,0,0.000000,0.000000,0.000000,0.000000,0.000000,0.000000,0.370000,0.000000,0.200000,0.000000
1777208333.724521,0,0.000000,0.000000,0.000000,0.000000,0.000000,0.000000,1.000000,0.000000,0.000000,0.020000
1777208333.741112,0,0.000000,0.000000,0.000000,0.000000,0.000000,0.000000,1.000000,0.000000,0.070000,0.000000
1777208333.754882,0,0.000000,0.000000,0.000000,0.000000,0.000000,0.000000,1.000000,0.000000,0.000000,0.000000
1777208333.776959,0,0.000000,0.000000,0.000000,0.000000,0.000000,0.000000,1.000000,0.000000,0.000000,0.000000
1777208333.784357,0,0.000000,0.000000,0.000000,0.000000,0.000000,0.000000,1.000000,0.000000,0.000000,0.020000
1777208333.798767,0,0.000000,0.000000,0.000000,0.000000,0.000000,0.000000,1.000000,0.000000,0.070000,0.000000
1777208333.830974,0,0.000000,0.000000,0.000000,0.000000,0.000000,0.000000,1.000000,0.000000,0.000000,0.000000
1777208333.831806,0,0.000000,0.000000,0.000000,0.000000,0.000000,0.000000,1.000000,0.000000,0.000000,0.020000
1777208333.844177,0,0.000000,0.000000,0.000000,0.000000,0.000000,0.000000,1.000000,0.000000,0.000000,0.100000
1777208333.859258,0,0.000000,0.000000,0.000000,0.000000,0.000000,0.000000,1.000000,0.000000,0.070000,0.000000
1777208333.885624,0,0.000000,0.000000,0.000000,0.000000,0.000000,0.000000,1.000000,0.000000,0.000000,0.000000
1777208333.896797,0,0.000000,0.000000,0.000000,0.000000,0.000000,0.000000,1.000000,0.000000,0.000000,0.000000
1777208333.905316,0,0.000000,0.000000,0.000000,0.000000,0.000000,0.000000,1.000000,0.000000,0.000000,0.000000
1777208333.919021,0,0.000000,0.000000,0.000000,0.000000,0.000000,0.000000,1.000000,0.000000,0.070000,0.000000
1777208333.942124,0,0.000000,0.000000,0.000000,0.000000,0.000000,0.000000,1.000000,0.000000,0.070000,0.000000
1777208333.966313,0,0.000000,0.000000,0.000000,0.000000,0.000000,0.000000,1.000000,0.000000,0.000000,0.020000
1777208333.971281,0,0.000000,0.000000,0.000000,0.000000,0.000000,0.000000,1.000000,0.000000,0.000000,0.000000
1777208333.985534,0,0.000000,0.000000,0.000000,0.000000,0.000000,0.000000,1.000000,0.000000,0.000000,0.020000
1777208334.001352,0,0.000000,0.000000,0.000000,0.000000,0.000000,0.000000,1.000000,0.000000,0.000000,0.000000
1777208334.016265,0,0.000000,0.000000,0.000000,0.000000,0.000000,0.000000,1.000000,0.000000,0.000000,0.000000
1777208334.039143,0,0.000000,0.000000,0.000000,0.000000,0.000000,0.000000,1.000000,0.000000,0.000000,0.000000
1777208334.047003,0,0.000000,0.000000,0.000000,0.000000,0.000000,0.000000,1.000000,0.000000,0.000000,0.000000
1777208334.063051,0,0.000000,0.000000,0.000000,0.000000,0.000000,0.000000,1.000000,0.000000,0.000000,0.020000
1777208334.084850,0,0.000000,0.000000,0.000000,0.000000,0.000000,0.000000,1.000000,0.000000,0.070000,0.000000
1777208334.101029,0,0.000000,0.000000,0.000000,0.000000,0.000000,0.000000,1.000000,0.000000,0.000000,0.000000
1777208334.106497,0,0.000000,0.000000,0.000000,0.000000,0.000000,0.000000,1.000000,0.000000,0.070000,0.000000
1777208334.143895,0,0.000000,0.000000,0.000000,0.000000,0.000000,0.000000,1.000000,0.000000,0.070000,0.020000
1777208334.145274,0,0.000000,0.000000,0.000000,0.000000,0.000000,0.000000,1.000000,0.000000,0.000000,0.020000
1777208334.158822,0,0.000000,0.000000,0.000000,0.000000,0.000000,0.000000,1.000000,0.000000,0.000000,0.000000
1777208334.166979,0,0.000000,0.000000,0.000000,0.000000,0.000000,0.000000,1.000000,0.000000,0.070000,0.000000
1777208334.181448,0,0.000000,0.000000,0.000000,0.000000,0.000000,0.000000,1.000000,0.000000,0.070000,0.000000
1777208334.206384,0,0.000000,0.000000,0.000000,0.000000,0.000000,0.000000,1.000000,0.000000,0.000000,0.000000
1777208334.226611,0,0.000000,0.000000,0.000000,0.000000,0.000000,0.000000,1.000000,0.000000,0.070000,0.000000
1777208334.229605,0,0.000000,0.000000,0.000000,0.000000,0.000000,0.000000,1.000000,0.000000,0.070000,0.000000
1777208334.257085,0,0.000000,0.000000,0.000000,0.000000,0.000000,0.000000,1.000000,0.000000,0.070000,0.000000
1777208334.258844,0,0.000000,0.000000,0.000000,0.000000,0.000000,0.000000,1.000000,0.000000,0.000000,0.000000
1777208334.279181,0,0.000000,0.000000,0.000000,0.000000,0.000000,0.000000,1.000000,0.000000,0.000000,0.020000
1777208334.303373,0,0.000000,0.000000,0.000000,0.000000,0.000000,0.000000,1.000000,0.000000,0.000000,0.000000
1777208334.318395,0,0.000000,0.000000,0.000000,0.000000,0.000000,0.000000,1.000000,0.000000,0.280000,0.000000
1777208334.324606,0,0.000000,0.000000,0.000000,0.000000,0.000000,0.000000,1.000000,0.000000,0.000000,0.000000
1777208334.348380,0,0.000000,0.000000,0.000000,0.000000,0.000000,0.000000,1.000000,0.000000,0.070000,0.100000
1777208334.354415,0,0.000000,0.000000,0.000000,0.000000,0.000000,0.000000,1.000000,0.000000,0.070000,0.000000
1777208334.378780,0,0.000000,0.000000,0.000000,0.000000,0.000000,0.000000,0.280000,0.000000,0.000000,0.020000
1777208334.385237,0,0.000000,0.000000,0.000000,0.000000,0.000000,0.000000,0.910000,0.000000,0.070000,0.000000
1777208334.407736,0,0.000000,0.000000,0.000000,0.000000,0.000000,0.000000,1.000000,0.000000,0.000000,0.070000
1777208334.415490,0,0.000000,0.000000,0.000000,0.000000,0.000000,0.000000,1.000000,0.000000,0.070000,0.020000
1777208334.437463,0,0.000000,0.000000,0.000000,0.000000,0.000000,0.000000,1.000000,0.000000,0.000000,0.000000
1777208334.445366,0,0.000000,0.000000,0.000000,0.000000,0.000000,0.000000,1.000000,0.000000,0.000000,0.020000
1777208334.469249,0,0.000000,0.000000,0.000000,0.000000,0.000000,0.000000,1.000000,0.000000,0.070000,0.000000
1777208334.474833,0,0.000000,0.000000,0.000000,0.000000,0.000000,0.000000,1.000000,0.000000,0.000000,0.000000
1777208334.490978,0,0.000000,0.000000,0.000000,0.000000,0.000000,0.000000,1.000000,0.000000,0.000000,0.000000
1777208334.505661,0,0.000000,0.000000,0.000000,0.000000,0.000000,0.000000,0.280000,0.000000,0.070000,0.000000
1777208334.520103,0,0.000000,0.000000,0.000000,0.000000,0.000000,0.000000,0.910000,0.000000,0.070000,0.070000
1777208334.542170,0,0.000000,0.000000,0.000000,0.000000,0.000000,0.000000,1.000000,0.000000,0.070000,0.000000
1777208334.558363,0,0.000000,0.000000,0.000000,0.000000,0.000000,0.000000,1.000000,0.000000,0.000000,0.000000
1777208334.563954,0,0.000000,0.000000,0.000000,0.000000,0.000000,0.000000,1.000000,0.000000,0.000000,0.020000
1777208334.585674,0,0.000000,0.000000,0.000000,0.000000,0.000000,0.000000,1.000000,0.000000,0.200000,0.020000
1777208334.604251,0,0.000000,0.000000,0.000000,0.000000,0.000000,0.000000,1.000000,0.000000,0.000000,0.000000
1777208334.617839,0,0.000000,0.000000,0.000000,0.000000,0.000000,0.000000,1.000000,0.000000,0.000000,0.100000
1777208334.642631,0,0.000000,0.000000,0.000000,0.000000,0.000000,0.000000,1.000000,0.000000,0.000000,0.000000
1777208334.644096,0,0.000000,0.000000,0.000000,0.000000,0.000000,0.000000,1.000000,0.000000,0.000000,0.000000
1777208334.656370,0,0.000000,0.000000,0.000000,0.000000,0.000000,0.000000,1.000000,0.000000,0.000000,0.000000
1777208334.675841,0,0.000000,0.000000,0.000000,0.000000,0.000000,0.000000,1.000000,0.000000,0.000000,0.020000
1777208334.701815,0,0.000000,0.000000,0.000000,0.000000,0.000000,0.000000,1.000000,0.000000,0.140000,0.000000
1777208334.706344,0,0.000000,0.000000,0.000000,0.000000,0.000000,0.000000,0.150000,0.000000,0.070000,0.000000
1777208334.780795,0,0.000000,0.000000,0.000000,0.000000,0.000000,0.000000,0.820000,0.000000,0.000000,0.000000
1777208334.781297,0,0.000000,0.000000,0.000000,0.000000,0.000000,0.000000,1.000000,0.000000,0.000000,0.070000
1777208334.781676,0,0.000000,0.000000,0.000000,0.000000,0.000000,0.000000,1.000000,0.000000,0.070000,0.070000
1777208334.782423,0,0.000000,0.000000,0.000000,0.000000,0.000000,0.000000,1.000000,0.000000,0.000000,0.000000
1777208334.831437,0,0.000000,0.000000,0.000000,0.000000,0.000000,0.000000,1.000000,0.000000,0.070000,0.020000
1777208334.831977,0,0.000000,0.000000,0.000000,2.000000,0.000000,0.000000,1.000000,0.000000,0.000000,0.020000
1777208334.832524,0,0.000000,2.000000,0.000000,2.000000,0.000000,0.000000,1.000000,0.000000,0.000000,0.140000
1777208334.883516,0,0.000000,2.000000,0.000000,2.000000,0.000000,0.000000,1.000000,0.000000,0.000000,0.000000
1777208334.884033,0,0.000000,2.000000,0.000000,2.000000,0.000000,0.000000,1.000000,0.000000,0.070000,0.000000
1777208334.884429,0,0.000000,2.000000,0.000000,2.000000,0.000000,0.000000,1.000000,0.000000,0.000000,0.000000
1777208334.885159,0,0.000000,2.000000,0.000000,2.000000,0.000000,0.000000,1.000000,0.000000,0.140000,0.000000
1777208334.912282,0,0.000000,2.000000,0.000000,2.000000,0.000000,0.000000,1.000000,0.000000,0.000000,0.000000
1777208334.939252,0,0.000000,2.000000,0.000000,2.000000,0.000000,0.000000,1.000000,0.000000,0.000000,0.000000
1777208334.965905,0,0.000000,2.000000,0.000000,2.000000,0.000000,0.000000,1.000000,0.000000,0.000000,0.000000
1777208334.966459,0,0.000000,2.000000,0.000000,2.000000,0.000000,0.000000,1.000000,0.000000,0.000000,0.000000
1777208334.998940,0,0.000000,2.000000,0.000000,2.000000,0.000000,0.000000,1.000000,0.000000,0.070000,0.000000
1777208335.000209,0,0.000000,2.000000,0.000000,2.000000,0.000000,0.000000,1.000000,0.000000,0.000000,0.020000
1777208335.029292,0,0.000000,2.000000,0.000000,2.000000,0.000000,0.000000,1.000000,0.000000,0.000000,0.000000
1777208335.057876,0,0.000000,2.000000,0.000000,2.000000,0.000000,0.000000,1.000000,0.000000,0.070000,0.000000
1777208335.058560,0,0.000000,2.000000,0.000000,2.000000,0.000000,0.000000,1.000000,0.000000,0.000000,0.000000
1777208335.059006,0,0.000000,2.000000,0.000000,2.000000,0.000000,0.000000,1.000000,0.000000,0.000000,0.000000
1777208335.085920,0,0.000000,2.000000,0.000000,2.000000,0.000000,0.000000,1.000000,0.000000,0.000000,0.000000
1777208335.086529,0,0.000000,2.000000,0.000000,2.000000,0.000000,0.000000,1.000000,0.000000,0.070000,0.020000
1777208335.114208,0,0.000000,2.000000,0.000000,2.000000,0.000000,0.000000,1.000000,0.000000,0.000000,0.070000
1777208335.115351,0,0.000000,2.000000,0.000000,2.000000,0.000000,0.000000,1.000000,0.000000,0.000000,0.020000
1777208335.142086,0,0.000000,2.000000,0.000000,2.000000,0.000000,0.000000,1.000000,0.000000,0.140000,0.000000
1777208335.142599,0,0.000000,2.000000,0.000000,2.000000,0.000000,0.000000,1.000000,0.000000,0.000000,0.020000
1777208335.169950,0,0.000000,2.000000,0.000000,2.000000,0.000000,0.000000,1.000000,0.000000,0.000000,0.000000
1777208335.198063,0,0.000000,2.000000,0.000000,2.000000,0.000000,0.000000,1.000000,0.000000,0.070000,0.020000
1777208335.226140,0,0.000000,2.000000,0.000000,2.000000,0.000000,0.000000,1.000000,0.000000,0.070000,0.000000
1777208335.226624,0,0.000000,2.000000,0.000000,2.000000,0.000000,0.000000,1.000000,0.000000,0.000000,0.000000
1777208335.227003,0,0.000000,2.000000,0.000000,2.000000,0.000000,0.000000,1.000000,0.000000,0.000000,0.070000
1777208335.254446,0,0.000000,2.000000,0.000000,2.000000,0.000000,0.000000,1.000000,0.000000,0.000000,0.000000
1777208335.282743,0,0.000000,2.000000,0.000000,2.000000,0.000000,0.000000,1.000000,0.000000,0.000000,0.020000
1777208335.283245,0,0.000000,2.000000,0.000000,2.000000,0.000000,0.000000,1.000000,0.000000,0.000000,0.000000
1777208335.310539,0,0.000000,2.000000,0.000000,2.000000,0.000000,0.000000,1.000000,0.000000,0.140000,0.020000
1777208335.311019,0,0.000000,2.000000,0.000000,2.000000,0.000000,0.000000,1.000000,0.000000,0.000000,0.070000
1777208335.337854,0,0.000000,2.000000,0.000000,2.000000,0.000000,0.000000,1.000000,0.000000,0.000000,0.000000
1777208335.338555,0,0.000000,2.000000,0.000000,2.000000,0.000000,0.000000,1.000000,0.000000,0.070000,0.020000
1777208335.365873,0,0.000000,2.000000,0.000000,2.000000,0.000000,0.000000,1.000000,0.000000,0.000000,0.000000
1777208335.366354,0,0.000000,2.000000,0.000000,2.000000,0.000000,0.000000,1.000000,0.000000,0.000000,0.000000
1777208335.393056,0,0.000000,2.000000,0.000000,2.000000,0.000000,0.000000,1.000000,0.000000,0.000000,0.000000
1777208335.393543,0,0.000000,2.000000,0.000000,2.000000,0.000000,0.000000,1.000000,0.000000,0.000000,0.020000
1777208335.420240,0,0.000000,2.000000,0.000000,2.000000,0.000000,0.000000,1.000000,0.000000,0.000000,0.070000
1777208335.420903,0,0.000000,2.000000,0.000000,2.000000,0.000000,0.000000,1.000000,0.000000,0.000000,0.000000
1777208335.448917,0,0.000000,2.000000,0.000000,2.000000,0.000000,0.000000,1.000000,0.000000,0.200000,0.020000
1777208335.476178,0,0.000000,2.000000,0.000000,2.000000,0.000000,0.000000,1.000000,0.000000,0.000000,0.020000
1777208335.476693,0,0.000000,2.000000,0.000000,2.000000,0.000000,0.000000,1.000000,0.000000,0.000000,0.070000
1777208335.503348,0,0.000000,2.000000,0.000000,2.000000,0.000000,0.000000,1.000000,0.000000,0.070000,0.000000
1777208335.503875,0,0.000000,2.000000,0.000000,2.000000,0.000000,0.000000,1.000000,0.000000,0.200000,0.000000
1777208335.531236,0,0.000000,2.000000,0.000000,2.000000,0.000000,0.000000,1.000000,0.000000,0.000000,0.000000
1777208335.531721,0,0.000000,2.000000,0.000000,2.000000,0.000000,0.000000,1.000000,0.000000,0.000000,0.000000
1777208335.559094,0,0.000000,2.000000,0.000000,2.000000,0.000000,0.000000,1.000000,0.000000,0.000000,0.000000
1777208335.586068,0,0.000000,2.000000,0.000000,2.000000,0.000000,0.000000,1.000000,0.000000,0.070000,0.000000
1777208335.586577,0,0.000000,2.000000,0.000000,2.000000,0.000000,0.000000,1.000000,0.000000,0.000000,0.000000
1777208335.587121,0,0.000000,2.000000,0.000000,2.000000,0.000000,0.000000,1.000000,0.000000,0.070000,0.000000
1777208335.614129,0,0.000000,2.000000,0.000000,2.000000,0.000000,0.000000,0.280000,0.000000,0.000000,0.000000
1777208335.641112,0,0.000000,2.000000,0.000000,2.000000,0.000000,0.000000,0.910000,0.000000,0.000000,0.000000
1777208335.641608,0,0.000000,2.000000,0.000000,2.000000,0.000000,0.000000,1.000000,0.000000,0.000000,0.000000
1777208335.668247,0,0.000000,2.000000,0.000000,2.000000,0.000000,0.000000,1.000000,0.000000,0.000000,0.000000
1777208335.668720,0,0.000000,2.000000,0.000000,2.000000,0.000000,0.000000,1.000000,0.000000,0.000000,0.000000
1777208335.695999,0,0.000000,2.000000,0.000000,2.000000,0.000000,0.000000,1.000000,0.000000,0.000000,0.020000
1777208335.723092,0,0.000000,2.000000,0.000000,2.000000,0.000000,0.000000,1.000000,0.000000,0.000000,0.000000
1777208335.723569,0,0.000000,2.000000,0.000000,2.000000,0.000000,0.000000,1.000000,0.000000,0.070000,0.020000
1777208335.750128,0,0.000000,2.000000,0.000000,2.000000,0.000000,0.000000,1.000000,0.000000,0.070000,0.020000
1777208335.750625,0,0.000000,2.000000,0.000000,2.000000,0.000000,0.000000,1.000000,0.000000,0.000000,0.020000
1777208335.800624,0,0.000000,2.000000,0.000000,2.000000,0.000000,0.000000,1.000000,0.000000,0.000000,0.020000
1777208335.801161,0,0.000000,2.000000,0.000000,2.000000,0.000000,0.000000,1.000000,0.000000,0.000000,0.000000
1777208335.801580,0,0.000000,2.000000,0.000000,2.000000,0.000000,0.000000,1.000000,0.000000,0.070000,0.020000
1777208335.801979,0,0.000000,2.000000,0.000000,2.000000,0.000000,0.000000,1.000000,0.000000,0.000000,0.000000
1777208335.802592,0,0.000000,2.000000,0.000000,2.000000,0.000000,0.000000,1.000000,0.000000,0.000000,0.000000
1777208335.851115,0,0.000000,2.000000,0.000000,2.000000,0.000000,0.000000,1.000000,0.000000,0.000000,0.000000
1777208335.851627,0,0.000000,2.000000,0.000000,2.000000,0.000000,0.000000,1.000000,0.000000,0.000000,0.000000
1777208335.852039,0,0.000000,2.000000,0.000000,2.000000,0.000000,0.000000,1.000000,0.000000,0.000000,0.000000
1777208335.877926,0,0.000000,2.000000,0.000000,2.000000,0.000000,0.000000,1.000000,0.000000,0.070000,0.000000
1777208335.904604,0,0.000000,2.000000,0.000000,2.000000,0.000000,0.000000,1.000000,0.000000,0.070000,0.000000
1777208335.931885,0,0.000000,2.000000,0.000000,2.000000,0.000000,0.000000,1.000000,0.000000,0.000000,0.000000
1777208335.932378,0,0.000000,2.000000,0.000000,2.000000,0.000000,0.000000,1.000000,0.000000,0.070000,0.020000
1777208335.959973,0,0.000000,2.000000,0.000000,2.000000,0.000000,0.000000,1.000000,0.000000,0.070000,0.020000
1777208335.960633,0,0.000000,2.000000,0.000000,2.000000,0.000000,0.000000,1.000000,0.000000,0.000000,0.020000
1777208335.989554,0,0.000000,2.000000,0.000000,2.000000,0.000000,0.000000,1.000000,0.000000,0.000000,0.000000
1777208335.991315,0,0.000000,2.000000,0.000000,2.000000,0.000000,0.000000,1.000000,0.000000,0.000000,0.020000
1777208336.021354,0,0.000000,2.000000,0.000000,2.000000,0.000000,0.000000,1.000000,0.000000,0.070000,0.000000
1777208336.021863,0,0.000000,2.000000,0.000000,2.000000,0.000000,0.000000,1.000000,0.000000,0.000000,0.000000
1777208336.052342,0,0.000000,2.000000,0.000000,2.000000,0.000000,0.000000,1.000000,0.000000,0.070000,0.020000
1777208336.079641,0,0.000000,2.000000,0.000000,2.000000,0.000000,0.000000,1.000000,0.000000,0.000000,0.000000
1777208336.080142,0,0.000000,2.000000,0.000000,2.000000,0.000000,0.000000,1.000000,0.000000,0.070000,0.000000
1777208336.107763,0,0.000000,2.000000,0.000000,2.000000,0.000000,0.000000,1.000000,0.000000,0.000000,0.020000
1777208336.108590,0,0.000000,2.000000,0.000000,2.000000,0.000000,0.000000,1.000000,0.000000,0.000000,0.000000
1777208336.135333,0,0.000000,2.000000,0.000000,2.000000,0.000000,0.000000,1.000000,0.000000,0.000000,0.000000
1777208336.135811,0,0.000000,2.000000,0.000000,2.000000,0.000000,0.000000,1.000000,0.000000,0.000000,0.020000
1777208336.136190,0,0.000000,2.000000,0.000000,2.000000,0.000000,0.000000,1.000000,0.000000,0.000000,0.020000
1777208336.162743,0,0.000000,2.000000,0.000000,2.000000,0.000000,0.000000,1.000000,0.000000,0.070000,0.000000
1777208336.163364,0,0.000000,2.000000,0.000000,2.000000,0.000000,0.000000,1.000000,0.000000,0.070000,0.000000
1777208336.190997,0,0.000000,2.000000,0.000000,2.000000,0.000000,0.000000,1.000000,0.000000,0.070000,0.000000
1777208336.218149,0,0.000000,2.000000,0.000000,2.000000,0.000000,0.000000,1.000000,0.000000,0.000000,0.000000
1777208336.245921,0,0.000000,2.000000,0.000000,2.000000,0.000000,0.000000,1.000000,0.000000,0.140000,0.020000
1777208336.246430,0,0.000000,2.000000,0.000000,2.000000,0.000000,0.000000,1.000000,0.000000,0.070000,0.000000
1777208336.247026,0,0.000000,2.000000,0.000000,2.000000,0.000000,0.000000,1.000000,0.000000,0.000000,0.000000
1777208336.274572,0,0.000000,2.000000,0.000000,2.000000,0.000000,0.000000,0.280000,0.000000,0.000000,0.000000
1777208336.275060,0,0.000000,2.000000,0.000000,2.000000,0.000000,0.000000,0.910000,0.000000,0.140000,0.000000
1777208336.301232,0,0.000000,2.000000,0.000000,2.000000,0.000000,0.000000,1.000000,0.000000,0.140000,0.020000
1777208336.301735,0,0.000000,2.000000,0.000000,2.000000,0.000000,0.000000,1.000000,0.000000,0.000000,0.000000
1777208336.328292,0,0.000000,2.000000,0.000000,2.000000,0.000000,0.000000,0.050000,0.000000,0.000000,0.020000
1777208336.329048,0,0.000000,2.000000,0.000000,2.000000,0.000000,0.000000,0.470000,0.000000,0.000000,0.000000
1777208336.355961,0,0.000000,2.000000,0.000000,2.000000,0.000000,0.000000,0.880000,0.000000,0.000000,0.000000
1777208336.383336,0,0.000000,2.000000,0.000000,2.000000,0.000000,0.000000,1.000000,0.000000,0.000000,0.020000
1777208336.383826,0,0.000000,2.000000,0.000000,2.000000,0.000000,0.000000,1.000000,0.000000,0.000000,0.000000
1777208336.410406,0,0.000000,2.000000,0.000000,2.000000,0.000000,0.000000,1.000000,0.000000,0.200000,0.000000
1777208336.411071,0,0.000000,2.000000,0.000000,2.000000,0.000000,0.000000,1.000000,0.000000,0.000000,0.000000
1777208336.438167,0,0.000000,2.000000,0.000000,2.000000,0.000000,0.000000,1.000000,0.000000,0.070000,0.000000
1777208336.464839,0,0.000000,2.000000,0.000000,2.000000,0.000000,0.000000,1.000000,0.000000,0.070000,0.000000
1777208336.465341,0,0.000000,2.000000,0.000000,2.000000,0.000000,0.000000,0.120000,0.000000,0.140000,0.020000
1777208336.465730,0,0.000000,2.000000,0.000000,2.000000,0.000000,0.000000,0.540000,0.000000,0.070000,0.000000
1777208336.493018,0,0.000000,2.000000,0.000000,2.000000,0.000000,0.000000,0.970000,0.000000,0.000000,0.000000
1777208336.519906,0,0.000000,2.000000,0.000000,2.000000,0.000000,0.000000,1.000000,0.000000,0.070000,0.000000
1777208336.547529,0,0.000000,2.000000,0.000000,2.000000,0.000000,0.000000,1.000000,0.000000,0.000000,0.000000
1777208336.548012,0,0.000000,2.000000,0.000000,2.000000,0.000000,0.000000,1.000000,0.000000,0.000000,0.020000
1777208336.548533,0,0.000000,2.000000,0.000000,2.000000,0.000000,0.000000,1.000000,0.000000,0.000000,0.020000
1777208336.575934,0,0.000000,2.000000,0.000000,2.000000,0.000000,0.000000,0.100000,0.000000,0.000000,0.020000
1777208336.603861,0,0.000000,2.000000,0.000000,2.000000,0.000000,0.000000,0.200000,0.000000,0.000000,0.000000
1777208336.604396,0,0.000000,2.000000,0.000000,2.000000,0.000000,0.000000,0.460000,0.000000,0.000000,0.000000
1777208336.631722,0,0.000000,2.000000,0.000000,2.000000,0.000000,0.000000,0.730000,0.000000,0.070000,0.000000
1777208336.632203,0,0.000000,2.000000,0.000000,2.000000,0.000000,0.000000,1.000000,0.000000,0.000000,0.020000
1777208336.659111,0,0.000000,2.000000,0.000000,2.000000,0.000000,0.000000,1.000000,0.000000,0.000000,0.100000
1777208336.659603,0,0.000000,2.000000,0.000000,2.000000,0.000000,0.000000,1.000000,0.000000,0.070000,0.000000
1777208336.686565,0,0.000000,2.000000,0.000000,2.000000,0.000000,0.000000,1.000000,0.000000,0.000000,0.020000
1777208336.687194,0,0.000000,2.000000,0.000000,2.000000,0.000000,0.000000,1.000000,0.000000,0.000000,0.000000
1777208336.713764,0,0.000000,2.000000,0.000000,2.000000,0.000000,0.000000,1.000000,0.000000,0.000000,0.020000
1777208336.742027,0,0.000000,2.000000,0.000000,2.000000,0.000000,0.000000,1.000000,0.000000,0.000000,0.000000
1777208336.742544,0,0.000000,2.000000,0.000000,2.000000,0.000000,0.000000,1.000000,0.000000,0.000000,0.070000
1777208336.743086,0,0.000000,2.000000,0.000000,2.000000,0.000000,0.000000,1.000000,0.000000,0.070000,0.020000
1777208336.769404,0,0.000000,2.000000,0.000000,2.000000,0.000000,0.000000,1.000000,0.000000,0.000000,0.000000
1777208336.770035,0,0.000000,2.000000,0.000000,2.000000,0.000000,0.000000,1.000000,0.000000,0.000000,0.000000
1777208336.796710,0,0.000000,2.000000,0.000000,2.000000,0.000000,0.000000,1.000000,0.000000,0.000000,0.000000
1777208336.822789,0,0.000000,2.000000,0.000000,2.000000,0.000000,0.000000,1.000000,0.000000,0.000000,0.000000
1777208336.823504,0,0.000000,2.000000,0.000000,2.000000,0.000000,0.000000,1.000000,0.000000,0.000000,0.020000
1777208336.851042,0,0.000000,0.000000,0.000000,0.000000,0.000000,0.000000,1.000000,0.000000,0.000000,0.000000
1777208336.877504,0,0.000000,0.000000,0.000000,0.000000,0.000000,0.000000,1.000000,0.000000,0.000000,0.000000
1777208336.878023,0,0.000000,0.000000,0.000000,0.000000,0.000000,0.000000,1.000000,0.000000,0.000000,0.020000
1777208336.904938,0,0.000000,0.000000,0.000000,0.000000,0.000000,0.000000,1.000000,0.000000,0.000000,0.070000
1777208336.905424,0,0.000000,0.000000,0.000000,0.000000,0.000000,0.000000,1.000000,0.000000,0.070000,0.020000
1777208336.931996,0,0.000000,0.000000,0.000000,0.000000,0.000000,0.000000,1.000000,0.000000,0.000000,0.000000
1777208336.932571,0,0.000000,0.000000,0.000000,0.000000,0.000000,0.000000,1.000000,0.000000,0.000000,0.020000
1777208336.960324,0,0.000000,0.000000,0.000000,0.000000,0.000000,0.000000,1.000000,0.000000,0.070000,0.000000
1777208336.987908,0,0.000000,0.000000,0.000000,0.000000,0.000000,0.000000,1.000000,0.000000,0.070000,0.020000
1777208336.988400,0,0.000000,0.000000,0.000000,0.000000,0.000000,0.000000,1.000000,0.000000,0.000000,0.020000
1777208337.018125,0,0.000000,0.000000,0.000000,0.000000,0.000000,0.000000,1.000000,0.000000,0.000000,0.000000
1777208337.018608,0,0.000000,0.000000,0.000000,0.000000,0.000000,0.000000,1.000000,0.000000,0.200000,0.000000
1777208337.048372,0,0.000000,0.000000,0.000000,0.000000,0.000000,0.000000,0.070000,0.000000,0.000000,0.020000
1777208337.048891,0,0.000000,0.000000,0.000000,0.000000,0.000000,0.000000,0.310000,0.000000,0.000000,0.000000
1777208337.076304,0,0.000000,0.000000,0.000000,0.000000,0.000000,0.000000,0.140000,0.000000,0.000000,0.020000
1777208337.076823,0,0.000000,0.000000,0.000000,0.000000,0.000000,0.000000,0.460000,0.000000,0.000000,0.000000
1777208337.103646,0,0.000000,0.000000,0.000000,0.000000,0.000000,0.000000,0.770000,0.000000,0.000000,0.000000
1777208337.104148,0,0.000000,0.000000,0.000000,0.000000,0.000000,0.000000,1.000000,0.000000,0.000000,0.000000
1777208337.131640,0,0.000000,0.000000,0.000000,0.000000,0.000000,0.000000,1.000000,0.000000,0.000000,0.000000
1777208337.132273,0,0.000000,0.000000,0.000000,0.000000,0.000000,0.000000,1.000000,0.000000,0.000000,0.020000
1777208337.159735,0,0.000000,0.000000,0.000000,0.000000,0.000000,0.000000,1.000000,0.000000,0.070000,0.000000
1777208337.187432,0,0.000000,0.000000,0.000000,0.000000,0.000000,0.000000,1.000000,0.000000,0.070000,0.000000
1777208337.188108,0,0.000000,0.000000,0.000000,0.000000,0.000000,0.000000,1.000000,0.000000,0.000000,0.000000
1777208337.215126,0,0.000000,0.000000,0.000000,0.000000,0.000000,0.000000,1.000000,0.000000,0.000000,0.020000
1777208337.215599,0,0.000000,0.000000,0.000000,0.000000,0.000000,0.000000,0.000000,0.000000,0.070000,0.250000
1777208337.216068,0,0.000000,0.000000,0.000000,0.000000,0.000000,0.000000,0.230000,0.000000,0.070000,0.070000
1777208337.242947,0,0.000000,0.000000,0.000000,0.000000,0.000000,0.000000,0.430000,0.000000,0.000000,0.000000
1777208337.243782,0,0.000000,0.000000,0.000000,0.000000,0.000000,0.000000,0.070000,0.000000,0.000000,0.020000
1777208337.293702,0,0.000000,0.000000,0.000000,0.000000,0.000000,0.000000,0.280000,0.000000,0.000000,0.000000
1777208337.294218,0,0.000000,0.000000,0.000000,0.000000,0.000000,0.000000,0.490000,0.000000,0.000000,0.000000
1777208337.294618,0,0.000000,0.000000,0.000000,0.000000,0.000000,0.000000,0.680000,0.000000,0.070000,0.000000
1777208337.295381,0,0.000000,0.000000,0.000000,0.000000,0.000000,0.000000,0.880000,0.000000,0.000000,0.020000
1777208337.343880,0,0.000000,0.000000,0.000000,0.000000,0.000000,0.000000,1.000000,0.000000,0.000000,0.000000
1777208337.344387,0,0.000000,0.000000,0.000000,0.000000,0.000000,0.000000,1.000000,0.000000,0.000000,0.020000
1777208337.344939,0,0.000000,0.000000,0.000000,0.000000,0.000000,0.000000,1.000000,0.000000,0.000000,0.020000
1777208337.371261,0,0.000000,0.000000,0.000000,0.000000,0.000000,0.000000,1.000000,0.000000,0.140000,0.020000
1777208337.398115,0,0.000000,0.000000,0.000000,0.000000,0.000000,0.000000,1.000000,0.000000,0.000000,0.000000
1777208337.425240,0,0.000000,0.000000,0.000000,0.000000,0.000000,0.000000,1.000000,0.000000,0.070000,0.020000
1777208337.425848,0,0.000000,0.000000,0.000000,0.000000,0.000000,0.000000,1.000000,0.000000,0.070000,0.070000
1777208337.452509,0,0.000000,0.000000,0.000000,0.000000,0.000000,0.000000,1.000000,0.000000,0.410000,0.000000
1777208337.452992,0,0.000000,0.000000,0.000000,0.000000,0.000000,0.000000,1.000000,0.000000,0.000000,0.000000
1777208337.479422,0,0.000000,0.000000,0.000000,0.000000,0.000000,0.000000,0.050000,0.000000,0.070000,0.020000
1777208337.479922,0,0.000000,0.000000,0.000000,0.000000,0.000000,0.000000,0.070000,0.000000,0.000000,0.000000
1777208337.506563,0,0.000000,0.000000,0.000000,0.000000,0.000000,0.000000,0.250000,0.000000,0.000000,0.000000
1777208337.507212,0,0.000000,0.000000,0.000000,0.000000,0.000000,0.000000,0.100000,0.000000,0.070000,0.000000
1777208337.533488,0,0.000000,0.000000,0.000000,0.000000,0.000000,0.000000,0.280000,0.000000,0.070000,0.000000
1777208337.560628,0,0.000000,0.000000,0.000000,0.000000,0.000000,0.000000,0.070000,0.000000,0.000000,0.000000
1777208337.561134,0,0.000000,0.000000,0.000000,0.000000,0.000000,0.000000,0.660000,0.000000,0.000000,0.070000
1777208337.588403,0,0.000000,0.000000,0.000000,0.000000,0.000000,0.000000,1.000000,0.000000,0.140000,0.000000
1777208337.588900,0,0.000000,0.000000,0.000000,0.000000,0.000000,0.000000,1.000000,0.000000,0.000000,0.000000
1777208337.615861,0,0.000000,0.000000,0.000000,0.000000,0.000000,0.000000,1.000000,0.000000,0.140000,0.000000
1777208337.616370,0,0.000000,0.000000,0.000000,0.000000,0.000000,0.000000,1.000000,0.000000,0.000000,0.020000
1777208337.643895,0,0.000000,0.000000,0.000000,0.000000,0.000000,0.000000,0.250000,0.000000,0.070000,0.000000
1777208337.670706,0,0.000000,0.000000,0.000000,0.000000,0.000000,0.000000,0.760000,0.000000,0.000000,0.000000
1777208337.671205,0,0.000000,0.000000,0.000000,0.000000,0.000000,0.000000,1.000000,0.000000,0.000000,0.070000
1777208337.671743,0,0.000000,0.000000,0.000000,0.000000,0.000000,0.000000,1.000000,0.000000,0.000000,0.020000
1777208337.698913,0,0.000000,0.000000,0.000000,0.000000,0.000000,0.000000,1.000000,0.000000,0.070000,0.000000
1777208337.725945,0,0.000000,0.000000,0.000000,0.000000,0.000000,0.000000,1.000000,0.000000,0.200000,0.000000
1777208337.726426,0,0.000000,0.000000,0.000000,0.000000,0.000000,0.000000,1.000000,0.000000,0.070000,0.000000
1777208337.753215,0,0.000000,0.000000,0.000000,0.000000,0.000000,0.000000,1.000000,0.000000,0.000000,0.070000
1777208337.753837,0,0.000000,0.000000,0.000000,0.000000,0.000000,0.000000,1.000000,0.000000,0.000000,0.000000
1777208337.780015,0,0.000000,0.000000,0.000000,0.000000,0.000000,0.000000,1.000000,0.000000,0.000000,0.000000
1777208337.806748,0,0.000000,0.000000,0.000000,0.000000,0.000000,0.000000,1.000000,0.000000,0.070000,0.140000
1777208337.834356,0,0.000000,0.000000,0.000000,0.000000,0.000000,0.000000,1.000000,0.000000,0.000000,0.020000
1777208337.834886,0,0.000000,0.000000,0.000000,0.000000,0.000000,0.000000,1.000000,0.000000,0.000000,0.100000
1777208337.835294,0,0.000000,0.000000,0.000000,0.000000,0.000000,0.000000,1.000000,0.000000,0.000000,0.000000
1777208337.861953,0,0.000000,0.000000,0.000000,0.000000,0.000000,0.000000,1.000000,0.000000,0.000000,0.020000
1777208337.862498,0,0.000000,0.000000,0.000000,0.000000,0.000000,0.000000,1.000000,0.000000,0.140000,0.000000
1777208337.889336,0,0.000000,0.000000,0.000000,0.000000,0.000000,0.000000,1.000000,0.000000,0.000000,0.000000
1777208337.889917,0,0.000000,0.000000,0.000000,0.000000,0.000000,0.000000,1.000000,0.000000,0.000000,0.000000
1777208337.918847,0,0.000000,0.000000,0.000000,0.000000,0.000000,0.000000,1.000000,0.000000,0.000000,0.000000
1777208337.945882,0,0.000000,0.000000,0.000000,0.000000,0.000000,0.000000,1.000000,0.000000,0.140000,0.070000
1777208337.946408,0,0.000000,0.000000,0.000000,0.000000,0.000000,0.000000,1.000000,0.000000,0.000000,0.000000
1777208337.973523,0,0.000000,0.000000,0.000000,0.000000,0.000000,0.000000,1.000000,0.000000,0.000000,0.000000
1777208337.974004,0,0.000000,0.000000,0.000000,0.000000,0.000000,0.000000,1.000000,0.000000,0.000000,0.000000
1777208338.002086,0,0.000000,0.000000,0.000000,0.000000,0.000000,0.000000,1.000000,0.000000,0.070000,0.020000
1777208338.002769,0,0.000000,0.000000,0.000000,0.000000,0.000000,0.000000,1.000000,0.000000,0.000000,0.020000
1777208338.032160,0,0.000000,0.000000,0.000000,0.000000,0.000000,0.000000,1.000000,0.000000,0.070000,0.000000
1777208338.061137,0,0.000000,0.000000,0.000000,0.000000,0.000000,0.000000,1.000000,0.000000,0.000000,0.020000
1777208338.061665,0,0.000000,0.000000,0.000000,0.000000,0.000000,0.000000,0.000000,0.000000,0.070000,0.400000
1777208338.062074,0,0.000000,0.000000,0.000000,0.000000,0.000000,0.000000,0.600000,0.000000,0.140000,0.000000
1777208338.112688,0,0.000000,0.000000,0.000000,0.000000,0.000000,0.000000,1.000000,0.000000,0.070000,0.000000
1777208338.113207,0,0.000000,0.000000,0.000000,0.000000,0.000000,0.000000,1.000000,0.000000,0.000000,0.000000
1777208338.113605,0,0.000000,0.000000,0.000000,0.000000,0.000000,0.000000,1.000000,0.000000,0.000000,0.000000
1777208338.114019,0,0.000000,0.000000,0.000000,0.000000,0.000000,0.000000,1.000000,0.000000,0.000000,0.000000
1777208338.114399,0,0.000000,0.000000,0.000000,0.000000,0.000000,0.000000,1.000000,0.000000,0.000000,0.020000
1777208338.163944,0,0.000000,0.000000,0.000000,0.000000,0.000000,0.000000,1.000000,0.000000,0.070000,0.000000
1777208338.164701,0,0.000000,0.000000,0.000000,0.000000,0.000000,0.000000,1.000000,0.000000,0.000000,0.000000
1777208338.165123,0,0.000000,0.000000,0.000000,0.000000,0.000000,0.000000,1.000000,0.000000,0.000000,0.000000
1777208338.214302,0,0.000000,0.000000,0.000000,0.000000,0.000000,0.000000,1.000000,0.000000,0.070000,0.000000
1777208338.214863,0,0.000000,0.000000,0.000000,0.000000,0.000000,0.000000,1.000000,0.000000,0.280000,0.020000
1777208338.215456,0,0.000000,0.000000,0.000000,0.000000,0.000000,0.000000,1.000000,0.000000,0.000000,0.000000
1777208338.264978,0,0.000000,0.000000,0.000000,0.000000,0.000000,0.000000,1.000000,0.000000,0.000000,0.000000
1777208338.265508,0,0.000000,0.000000,0.000000,0.000000,0.000000,0.000000,1.000000,0.000000,0.000000,0.000000
1777208338.266054,0,0.000000,0.000000,0.000000,0.000000,0.000000,0.000000,1.000000,0.000000,0.070000,0.000000
1777208338.292783,0,0.000000,0.000000,0.000000,0.000000,0.000000,0.000000,1.000000,0.000000,0.000000,0.000000
1777208338.320490,0,0.000000,0.000000,0.000000,0.000000,0.000000,0.000000,1.000000,0.000000,0.000000,0.000000
1777208338.346948,0,0.000000,0.000000,0.000000,0.000000,0.000000,0.000000,1.000000,0.000000,0.000000,0.000000
1777208338.347422,0,0.000000,0.000000,0.000000,0.000000,0.000000,0.000000,1.000000,0.000000,0.000000,0.000000
1777208338.347798,0,0.000000,0.000000,0.000000,0.000000,0.000000,0.000000,1.000000,0.000000,0.200000,0.000000
1777208338.374958,0,0.000000,0.000000,0.000000,0.000000,0.000000,0.000000,1.000000,0.000000,0.000000,0.000000
1777208338.403079,0,0.000000,0.000000,0.000000,0.000000,0.000000,0.000000,1.000000,0.000000,0.000000,0.000000
1777208338.429762,0,0.000000,0.000000,0.000000,0.000000,0.000000,0.000000,0.510000,0.000000,0.000000,0.000000
1777208338.430246,0,0.000000,0.000000,0.000000,0.000000,0.000000,0.000000,1.000000,0.000000,0.070000,0.000000
1777208338.430627,0,0.000000,0.000000,0.000000,0.000000,0.000000,0.000000,1.000000,0.000000,0.000000,0.000000
1777208338.458198,0,0.000000,0.000000,0.000000,0.000000,0.000000,0.000000,1.000000,0.000000,0.070000,0.000000
1777208338.458855,0,0.000000,0.000000,0.000000,0.000000,0.000000,0.000000,0.280000,0.000000,0.070000,0.020000
1777208338.485870,0,0.000000,0.000000,0.000000,0.000000,0.000000,0.000000,0.920000,0.000000,0.000000,0.000000
1777208338.486439,0,0.000000,0.000000,0.000000,0.000000,0.000000,0.000000,1.000000,0.000000,0.070000,0.000000
1777208338.512920,0,0.000000,0.000000,0.000000,0.000000,0.000000,0.000000,1.000000,0.000000,0.000000,0.000000
1777208338.513502,0,0.000000,0.000000,0.000000,0.000000,0.000000,0.000000,1.000000,0.000000,0.000000,0.000000
1777208338.540176,0,0.000000,0.000000,0.000000,0.000000,0.000000,0.000000,1.000000,0.000000,0.000000,0.000000
1777208338.566802,0,0.000000,0.000000,0.000000,0.000000,0.000000,0.000000,1.000000,0.000000,0.000000,0.000000
1777208338.567313,0,0.000000,0.000000,0.000000,0.000000,0.000000,0.000000,1.000000,0.000000,0.000000,0.000000
1777208338.594050,0,0.000000,0.000000,0.000000,0.000000,0.000000,0.000000,1.000000,0.000000,0.070000,0.000000
1777208338.594593,0,0.000000,0.000000,0.000000,0.000000,0.000000,0.000000,1.000000,0.000000,0.000000,0.020000
1777208338.643801,0,0.000000,0.000000,0.000000,0.000000,0.000000,0.000000,1.000000,0.000000,0.070000,0.020000
1777208338.644331,0,0.000000,0.000000,0.000000,0.000000,0.000000,0.000000,1.000000,0.000000,0.000000,0.020000
1777208338.644727,0,0.000000,0.000000,0.000000,0.000000,0.000000,0.000000,0.070000,0.000000,0.500000,0.020000
1777208338.645265,0,0.000000,0.000000,0.000000,0.000000,0.000000,0.000000,0.720000,0.000000,0.000000,0.070000
1777208338.694346,0,0.000000,0.000000,0.000000,0.000000,0.000000,0.000000,1.000000,0.000000,0.000000,0.020000
1777208338.694936,0,0.000000,0.000000,0.000000,0.000000,0.000000,0.000000,1.000000,0.000000,0.000000,0.020000
1777208338.695715,0,0.000000,0.000000,0.000000,0.000000,0.000000,0.000000,1.000000,0.000000,0.000000,0.000000
1777208338.723128,0,0.000000,0.000000,0.000000,0.000000,0.000000,0.000000,0.200000,0.000000,0.000000,0.020000
1777208338.750061,0,0.000000,0.000000,0.000000,0.000000,0.000000,0.000000,0.800000,0.000000,0.000000,0.000000
1777208338.750721,0,0.000000,0.000000,0.000000,0.000000,0.000000,0.000000,1.000000,0.000000,0.000000,0.000000
1777208338.777326,0,0.000000,0.000000,0.000000,0.000000,0.000000,0.000000,1.000000,0.000000,0.000000,0.000000
1777208338.777808,0,0.000000,0.000000,0.000000,0.000000,0.000000,0.000000,1.000000,0.000000,0.070000,0.000000
1777208338.805632,0,0.000000,0.000000,0.000000,0.000000,0.000000,0.000000,1.000000,0.000000,0.000000,0.020000
1777208338.833247,0,0.000000,0.000000,0.000000,0.000000,0.000000,0.000000,1.000000,0.000000,0.070000,0.020000
1777208338.833753,0,0.000000,0.000000,0.000000,0.000000,0.000000,0.000000,1.000000,0.000000,0.000000,0.000000
1777208338.860207,0,0.000000,2.000000,0.000000,2.000000,0.000000,0.000000,1.000000,0.000000,0.140000,0.000000
1777208338.860713,0,0.000000,2.000000,0.000000,2.000000,0.000000,0.000000,1.000000,0.000000,0.000000,0.000000
1777208338.887666,0,0.000000,2.000000,0.000000,2.000000,0.000000,0.000000,0.360000,0.000000,0.000000,0.070000
1777208338.914410,0,0.000000,2.000000,0.000000,2.000000,0.000000,0.000000,1.000000,0.000000,0.070000,0.070000
1777208338.914898,0,0.000000,2.000000,0.000000,2.000000,0.000000,0.000000,1.000000,0.000000,0.000000,0.000000
1777208338.942260,0,0.000000,2.000000,0.000000,2.000000,0.000000,0.000000,1.000000,0.000000,0.000000,0.000000
1777208338.942767,0,0.000000,2.000000,0.000000,2.000000,0.000000,0.000000,0.250000,0.000000,0.000000,0.000000
1777208338.970239,0,0.000000,2.000000,0.000000,2.000000,0.000000,0.000000,0.660000,0.000000,0.000000,0.000000
1777208338.970756,0,0.000000,2.000000,0.000000,2.000000,0.000000,0.000000,1.000000,0.000000,0.070000,0.100000
1777208338.997744,0,0.000000,2.000000,0.000000,2.000000,0.000000,0.000000,1.000000,0.000000,0.070000,0.000000
1777208338.998417,0,0.000000,2.000000,0.000000,2.000000,0.000000,0.000000,1.000000,0.000000,0.070000,0.000000
1777208339.026767,0,0.000000,2.000000,0.000000,2.000000,0.000000,0.000000,1.000000,0.000000,0.070000,0.000000
1777208339.055135,0,0.000000,2.000000,0.000000,2.000000,0.000000,0.000000,1.000000,0.000000,0.070000,0.020000
1777208339.055881,0,0.000000,2.000000,0.000000,2.000000,0.000000,0.000000,1.000000,0.000000,0.000000,0.000000
1777208339.056781,0,0.000000,2.000000,0.000000,2.000000,0.000000,0.000000,1.000000,0.000000,0.000000,0.000000
1777208339.083589,0,0.000000,2.000000,0.000000,2.000000,0.000000,0.000000,1.000000,0.000000,0.070000,0.000000
1777208339.084376,0,0.000000,2.000000,0.000000,2.000000,0.000000,0.000000,1.000000,0.000000,0.140000,0.100000
1777208339.111716,0,0.000000,2.000000,0.000000,2.000000,0.000000,0.000000,1.000000,0.000000,0.000000,0.100000
1777208339.112201,0,0.000000,2.000000,0.000000,2.000000,0.000000,0.000000,1.000000,0.000000,0.000000,0.020000
1777208339.138656,0,0.000000,2.000000,0.000000,2.000000,0.000000,0.000000,1.000000,0.000000,0.000000,0.020000
1777208339.166517,0,0.000000,2.000000,0.000000,2.000000,0.000000,0.000000,1.000000,0.000000,0.000000,0.000000
1777208339.166996,0,0.000000,2.000000,0.000000,2.000000,0.000000,0.000000,1.000000,0.000000,0.000000,0.000000
1777208339.194103,0,0.000000,2.000000,0.000000,2.000000,0.000000,0.000000,1.000000,0.000000,0.000000,0.000000
1777208339.194812,0,0.000000,2.000000,0.000000,2.000000,0.000000,0.000000,1.000000,0.000000,0.000000,0.020000
1777208339.222190,0,0.000000,2.000000,0.000000,2.000000,0.000000,0.000000,1.000000,0.000000,0.000000,0.000000
1777208339.222684,0,0.000000,2.000000,0.000000,2.000000,0.000000,0.000000,1.000000,0.000000,0.070000,0.020000
1777208339.249733,0,0.000000,2.000000,0.000000,2.000000,0.000000,0.000000,1.000000,0.000000,0.070000,0.000000
1777208339.250365,0,0.000000,2.000000,0.000000,2.000000,0.000000,0.000000,1.000000,0.000000,0.000000,0.000000
1777208339.278204,0,0.000000,2.000000,0.000000,2.000000,0.000000,0.000000,1.000000,0.000000,0.070000,0.000000
1777208339.307375,0,0.000000,2.000000,0.000000,2.000000,0.000000,0.000000,1.000000,0.000000,0.000000,0.000000
1777208339.307880,0,0.000000,2.000000,0.000000,2.000000,0.000000,0.000000,1.000000,0.000000,0.000000,0.000000
1777208339.334949,0,0.000000,2.000000,0.000000,2.000000,0.000000,0.000000,1.000000,0.000000,0.000000,0.000000
1777208339.335445,0,0.000000,2.000000,0.000000,2.000000,0.000000,0.000000,1.000000,0.000000,0.070000,0.000000
1777208339.362495,0,0.000000,2.000000,0.000000,2.000000,0.000000,0.000000,1.000000,0.000000,0.000000,0.020000
1777208339.363371,0,0.000000,2.000000,0.000000,2.000000,0.000000,0.000000,1.000000,0.000000,0.070000,0.020000
1777208339.392079,0,0.000000,2.000000,0.000000,2.000000,0.000000,0.000000,1.000000,0.000000,0.000000,0.020000
1777208339.392563,0,0.000000,2.000000,0.000000,2.000000,0.000000,0.000000,1.000000,0.000000,0.000000,0.020000
1777208339.420113,0,0.000000,2.000000,0.000000,2.000000,0.000000,0.000000,1.000000,0.000000,0.070000,0.000000
1777208339.420702,0,0.000000,2.000000,0.000000,2.000000,0.000000,0.000000,0.120000,0.000000,0.000000,0.000000
1777208339.447208,0,0.000000,2.000000,0.000000,2.000000,0.000000,0.000000,0.550000,0.000000,0.000000,0.020000
1777208339.447940,0,0.000000,2.000000,0.000000,2.000000,0.000000,0.000000,0.930000,0.000000,0.000000,0.000000
1777208339.475207,0,0.000000,2.000000,0.000000,2.000000,0.000000,0.000000,1.000000,0.000000,0.070000,0.000000
1777208339.502448,0,0.000000,2.000000,0.000000,2.000000,0.000000,0.000000,1.000000,0.000000,0.000000,0.000000
1777208339.502953,0,0.000000,2.000000,0.000000,2.000000,0.000000,0.000000,1.000000,0.000000,0.000000,0.020000
1777208339.529904,0,0.000000,2.000000,0.000000,2.000000,0.000000,0.000000,1.000000,0.000000,0.000000,0.000000
1777208339.530411,0,0.000000,2.000000,0.000000,2.000000,0.000000,0.000000,1.000000,0.000000,0.000000,0.020000
1777208339.557609,0,0.000000,2.000000,0.000000,2.000000,0.000000,0.000000,1.000000,0.000000,0.000000,0.000000
1777208339.584360,0,0.000000,2.000000,0.000000,2.000000,0.000000,0.000000,0.150000,0.000000,0.000000,0.070000
1777208339.584960,0,0.000000,2.000000,0.000000,2.000000,0.000000,0.000000,0.550000,0.000000,0.070000,0.000000
1777208339.585403,0,0.000000,2.000000,0.000000,2.000000,0.000000,0.000000,0.970000,0.000000,0.000000,0.000000
1777208339.612079,0,0.000000,2.000000,0.000000,2.000000,0.000000,0.000000,1.000000,0.000000,0.000000,0.000000
1777208339.612774,0,0.000000,2.000000,0.000000,2.000000,0.000000,0.000000,1.000000,0.000000,0.000000,0.020000
1777208339.640403,0,0.000000,2.000000,0.000000,2.000000,0.000000,0.000000,1.000000,0.000000,0.070000,0.000000
1777208339.666925,0,0.000000,2.000000,0.000000,2.000000,0.000000,0.000000,1.000000,0.000000,0.070000,0.000000
1777208339.667432,0,0.000000,2.000000,0.000000,2.000000,0.000000,0.000000,1.000000,0.000000,0.000000,0.000000
1777208339.694497,0,0.000000,2.000000,0.000000,2.000000,0.000000,0.000000,1.000000,0.000000,0.070000,0.020000
1777208339.694974,0,0.000000,2.000000,0.000000,2.000000,0.000000,0.000000,1.000000,0.000000,0.000000,0.020000
1777208339.721770,0,0.000000,2.000000,0.000000,2.000000,0.000000,0.000000,1.000000,0.000000,0.000000,0.000000
1777208339.722303,0,0.000000,2.000000,0.000000,2.000000,0.000000,0.000000,1.000000,0.000000,0.000000,0.020000
1777208339.750030,0,0.000000,2.000000,0.000000,2.000000,0.000000,0.000000,1.000000,0.000000,0.000000,0.020000
1777208339.776506,0,0.000000,2.000000,0.000000,2.000000,0.000000,0.000000,1.000000,0.000000,0.000000,0.070000
1777208339.777018,0,0.000000,2.000000,0.000000,2.000000,0.000000,0.000000,1.000000,0.000000,0.000000,0.000000
1777208339.804524,0,0.000000,2.000000,0.000000,2.000000,0.000000,0.000000,1.000000,0.000000,0.070000,0.000000
1777208339.831614,0,0.000000,2.000000,0.000000,2.000000,0.000000,0.000000,1.000000,0.000000,0.070000,0.020000
1777208339.832103,0,0.000000,2.000000,0.000000,2.000000,0.000000,0.000000,0.050000,0.000000,0.000000,0.000000
1777208339.832582,0,0.000000,2.000000,0.000000,2.000000,0.000000,0.000000,0.430000,0.000000,0.070000,0.000000
1777208339.858695,0,0.000000,2.000000,0.000000,2.000000,0.000000,0.000000,0.870000,0.000000,0.070000,0.000000
1777208339.859181,0,0.000000,2.000000,0.000000,2.000000,0.000000,0.000000,1.000000,0.000000,0.000000,0.000000
1777208339.885942,0,0.000000,2.000000,0.000000,2.000000,0.000000,0.000000,1.000000,0.000000,0.000000,0.000000
1777208339.912663,0,0.000000,2.000000,0.000000,2.000000,0.000000,0.000000,1.000000,0.000000,0.000000,0.000000
1777208339.913312,0,0.000000,2.000000,0.000000,2.000000,0.000000,0.000000,0.170000,0.000000,0.000000,0.000000
1777208339.939581,0,0.000000,2.000000,0.000000,2.000000,0.000000,0.000000,0.490000,0.000000,0.000000,0.020000
1777208339.940191,0,0.000000,2.000000,0.000000,2.000000,0.000000,0.000000,0.770000,0.000000,0.000000,0.020000
1777208339.967274,0,0.000000,2.000000,0.000000,2.000000,0.000000,0.000000,1.000000,0.000000,0.000000,0.000000
1777208339.967763,0,0.000000,2.000000,0.000000,2.000000,0.000000,0.000000,1.000000,0.000000,0.070000,0.070000
1777208339.994660,0,0.000000,2.000000,0.000000,2.000000,0.000000,0.000000,1.000000,0.000000,0.000000,0.020000
1777208340.025276,0,0.000000,2.000000,0.000000,2.000000,0.000000,0.000000,1.000000,0.000000,0.000000,0.000000
1777208340.025816,0,0.000000,2.000000,0.000000,2.000000,0.000000,0.000000,1.000000,0.000000,0.140000,0.020000
1777208340.054852,0,0.000000,2.000000,0.000000,2.000000,0.000000,0.000000,1.000000,0.000000,0.200000,0.000000
1777208340.055392,0,0.000000,2.000000,0.000000,2.000000,0.000000,0.000000,1.000000,0.000000,0.070000,0.000000
1777208340.084069,0,0.000000,2.000000,0.000000,2.000000,0.000000,0.000000,1.000000,0.000000,0.000000,0.000000
1777208340.084573,0,0.000000,2.000000,0.000000,2.000000,0.000000,0.000000,1.000000,0.000000,0.000000,0.020000
1777208340.111748,0,0.000000,2.000000,0.000000,2.000000,0.000000,0.000000,1.000000,0.000000,0.000000,0.000000
1777208340.112365,0,0.000000,2.000000,0.000000,2.000000,0.000000,0.000000,1.000000,0.000000,0.200000,0.000000
1777208340.139607,0,0.000000,2.000000,0.000000,2.000000,0.000000,0.000000,1.000000,0.000000,0.000000,0.000000
1777208340.140276,0,0.000000,2.000000,0.000000,2.000000,0.000000,0.000000,1.000000,0.000000,0.070000,0.000000
1777208340.168395,0,0.000000,2.000000,0.000000,2.000000,0.000000,0.000000,1.000000,0.000000,0.000000,0.020000
1777208340.195693,0,0.000000,2.000000,0.000000,2.000000,0.000000,0.000000,1.000000,0.000000,0.000000,0.020000
1777208340.196221,0,0.000000,2.000000,0.000000,2.000000,0.000000,0.000000,1.000000,0.000000,0.000000,0.000000
1777208340.196605,0,0.000000,2.000000,0.000000,2.000000,0.000000,0.000000,1.000000,0.000000,0.000000,0.000000
1777208340.223712,0,0.000000,2.000000,0.000000,2.000000,0.000000,0.000000,1.000000,0.000000,0.000000,0.000000
1777208340.224208,0,0.000000,2.000000,0.000000,2.000000,0.000000,0.000000,1.000000,0.000000,0.140000,0.000000
1777208340.252179,0,0.000000,2.000000,0.000000,2.000000,0.000000,0.000000,1.000000,0.000000,0.140000,0.000000
1777208340.279334,0,0.000000,2.000000,0.000000,2.000000,0.000000,0.000000,1.000000,0.000000,0.070000,0.020000
1777208340.279850,0,0.000000,2.000000,0.000000,2.000000,0.000000,0.000000,1.000000,0.000000,0.000000,0.020000
1777208340.307522,0,0.000000,2.000000,0.000000,2.000000,0.000000,0.000000,1.000000,0.000000,0.070000,0.000000
1777208340.308258,0,0.000000,2.000000,0.000000,2.000000,0.000000,0.000000,1.000000,0.000000,0.000000,0.000000
1777208340.335356,0,0.000000,2.000000,0.000000,2.000000,0.000000,0.000000,1.000000,0.000000,0.000000,0.000000
1777208340.335943,0,0.000000,2.000000,0.000000,2.000000,0.000000,0.000000,1.000000,0.000000,0.000000,0.000000
1777208340.362525,0,0.000000,2.000000,0.000000,2.000000,0.000000,0.000000,1.000000,0.000000,0.000000,0.000000
1777208340.363189,0,0.000000,2.000000,0.000000,2.000000,0.000000,0.000000,1.000000,0.000000,0.000000,0.000000
1777208340.390411,0,0.000000,2.000000,0.000000,2.000000,0.000000,0.000000,1.000000,0.000000,0.000000,0.000000
1777208340.417301,0,0.000000,2.000000,0.000000,2.000000,0.000000,0.000000,1.000000,0.000000,0.000000,0.020000
1777208340.417795,0,0.000000,2.000000,0.000000,2.000000,0.000000,0.000000,1.000000,0.000000,0.070000,0.000000
1777208340.444539,0,0.000000,2.000000,0.000000,2.000000,0.000000,0.000000,1.000000,0.000000,0.000000,0.000000
1777208340.445050,0,0.000000,2.000000,0.000000,2.000000,0.000000,0.000000,0.020000,0.000000,0.000000,0.020000
1777208340.471303,0,0.000000,2.000000,0.000000,2.000000,0.000000,0.000000,0.330000,0.000000,0.000000,0.020000
1777208340.471792,0,0.000000,2.000000,0.000000,2.000000,0.000000,0.000000,0.620000,0.000000,0.070000,0.000000
1777208340.498208,0,0.000000,2.000000,0.000000,2.000000,0.000000,0.000000,0.920000,0.000000,0.000000,0.020000
1777208340.498827,0,0.000000,2.000000,0.000000,2.000000,0.000000,0.000000,1.000000,0.000000,0.000000,0.000000
1777208340.525376,0,0.000000,2.000000,0.000000,2.000000,0.000000,0.000000,1.000000,0.000000,0.070000,0.000000
1777208340.552203,0,0.000000,2.000000,0.000000,2.000000,0.000000,0.000000,1.000000,0.000000,0.000000,0.020000
1777208340.552701,0,0.000000,2.000000,0.000000,2.000000,0.000000,0.000000,1.000000,0.000000,0.000000,0.020000
1777208340.581716,0,0.000000,2.000000,0.000000,2.000000,0.000000,0.000000,1.000000,0.000000,0.000000,0.000000
1777208340.582245,0,0.000000,2.000000,0.000000,2.000000,0.000000,0.000000,1.000000,0.000000,0.000000,0.000000
1777208340.610298,0,0.000000,2.000000,0.000000,2.000000,0.000000,0.000000,1.000000,0.000000,0.070000,0.070000
1777208340.638219,0,0.000000,2.000000,0.000000,2.000000,0.000000,0.000000,1.000000,0.000000,0.000000,0.020000
1777208340.638888,0,0.000000,2.000000,0.000000,2.000000,0.000000,0.000000,1.000000,0.000000,0.000000,0.000000
1777208340.639339,0,0.000000,2.000000,0.000000,2.000000,0.000000,0.000000,1.000000,0.000000,0.070000,0.000000
1777208340.666029,0,0.000000,2.000000,0.000000,2.000000,0.000000,0.000000,1.000000,0.000000,0.000000,0.000000
1777208340.666534,0,0.000000,2.000000,0.000000,2.000000,0.000000,0.000000,1.000000,0.000000,0.000000,0.070000
1777208340.693431,0,0.000000,2.000000,0.000000,2.000000,0.000000,0.000000,1.000000,0.000000,0.000000,0.000000
1777208340.720435,0,0.000000,2.000000,0.000000,2.000000,0.000000,0.000000,1.000000,0.000000,0.000000,0.000000
1777208340.747513,0,0.000000,2.000000,0.000000,2.000000,0.000000,0.000000,1.000000,0.000000,0.070000,0.000000
1777208340.748008,0,0.000000,2.000000,0.000000,2.000000,0.000000,0.000000,1.000000,0.000000,0.000000,0.000000
1777208340.748491,0,0.000000,2.000000,0.000000,2.000000,0.000000,0.000000,1.000000,0.000000,0.000000,0.020000
1777208340.775868,0,0.000000,2.000000,0.000000,2.000000,0.000000,0.000000,1.000000,0.000000,0.000000,0.020000
1777208340.776954,0,0.000000,2.000000,0.000000,2.000000,0.000000,0.000000,1.000000,0.000000,0.000000,0.000000
1777208340.804031,0,0.000000,2.000000,0.000000,2.000000,0.000000,0.000000,1.000000,0.000000,0.000000,0.020000
1777208340.831813,0,0.000000,2.000000,0.000000,2.000000,0.000000,0.000000,1.000000,0.000000,0.070000,0.100000
1777208340.832311,0,0.000000,2.000000,0.000000,2.000000,0.000000,0.000000,0.020000,0.000000,0.070000,0.000000
1777208340.832697,0,0.000000,0.000000,0.000000,0.000000,0.000000,0.000000,0.330000,0.000000,0.070000,0.070000
1777208340.859426,0,0.000000,0.000000,0.000000,0.000000,0.000000,0.000000,0.630000,0.000000,0.000000,0.020000
1777208340.886163,0,0.000000,0.000000,0.000000,0.000000,0.000000,0.000000,0.950000,0.000000,0.070000,0.020000
1777208340.886657,0,0.000000,0.000000,0.000000,0.000000,0.000000,0.000000,1.000000,0.000000,0.000000,0.000000
1777208340.914345,0,0.000000,0.000000,0.000000,0.000000,0.000000,0.000000,1.000000,0.000000,0.000000,0.000000
1777208340.940957,0,0.000000,0.000000,0.000000,0.000000,0.000000,0.000000,1.000000,0.000000,0.140000,0.020000
1777208340.941437,0,0.000000,0.000000,0.000000,0.000000,0.000000,0.000000,1.000000,0.000000,0.070000,0.020000
1777208340.941962,0,0.000000,0.000000,0.000000,0.000000,0.000000,0.000000,1.000000,0.000000,0.000000,0.000000
1777208340.968328,0,0.000000,0.000000,0.000000,0.000000,0.000000,0.000000,1.000000,0.000000,0.000000,0.100000
1777208340.995089,0,0.000000,0.000000,0.000000,0.000000,0.000000,0.000000,1.000000,0.000000,0.000000,0.000000
1777208340.995591,0,0.000000,0.000000,0.000000,0.000000,0.000000,0.000000,1.000000,0.000000,0.070000,0.000000
1777208341.025128,0,0.000000,0.000000,0.000000,0.000000,0.000000,0.000000,1.000000,0.000000,0.070000,0.020000
1777208341.025908,0,0.000000,0.000000,0.000000,0.000000,0.000000,0.000000,1.000000,0.000000,0.000000,0.020000
1777208341.054212,0,0.000000,0.000000,0.000000,0.000000,0.000000,0.000000,1.000000,0.000000,0.000000,0.020000
1777208341.054699,0,0.000000,0.000000,0.000000,0.000000,0.000000,0.000000,1.000000,0.000000,0.000000,0.000000
1777208341.082847,0,0.000000,0.000000,0.000000,0.000000,0.000000,0.000000,1.000000,0.000000,0.000000,0.020000
1777208341.109717,0,0.000000,0.000000,0.000000,0.000000,0.000000,0.000000,1.000000,0.000000,0.000000,0.020000
1777208341.110236,0,0.000000,0.000000,0.000000,0.000000,0.000000,0.000000,1.000000,0.000000,0.140000,0.000000
1777208341.110642,0,0.000000,0.000000,0.000000,0.000000,0.000000,0.000000,0.170000,0.000000,0.070000,0.000000
1777208341.138338,0,0.000000,0.000000,0.000000,0.000000,0.000000,0.000000,0.460000,0.000000,0.000000,0.000000
1777208341.165888,0,0.000000,0.000000,0.000000,0.000000,0.000000,0.000000,0.770000,0.000000,0.070000,0.000000
1777208341.166506,0,0.000000,0.000000,0.000000,0.000000,0.000000,0.000000,1.000000,0.000000,0.000000,0.000000
1777208341.195086,0,0.000000,0.000000,0.000000,0.000000,0.000000,0.000000,1.000000,0.000000,0.070000,0.000000
1777208341.222863,0,0.000000,0.000000,0.000000,0.000000,0.000000,0.000000,1.000000,0.000000,0.070000,0.000000
1777208341.223369,0,0.000000,0.000000,0.000000,0.000000,0.000000,0.000000,1.000000,0.000000,0.000000,0.000000
1777208341.223751,0,0.000000,0.000000,0.000000,0.000000,0.000000,0.000000,1.000000,0.000000,0.000000,0.020000
1777208341.252027,0,0.000000,0.000000,0.000000,0.000000,0.000000,0.000000,1.000000,0.000000,0.070000,0.020000
1777208341.279067,0,0.000000,0.000000,0.000000,0.000000,0.000000,0.000000,1.000000,0.000000,0.200000,0.020000
1777208341.279602,0,0.000000,0.000000,0.000000,0.000000,0.000000,0.000000,1.000000,0.000000,0.000000,0.020000
1777208341.280297,0,0.000000,0.000000,0.000000,0.000000,0.000000,0.000000,1.000000,0.000000,0.000000,0.000000
1777208341.307572,0,0.000000,0.000000,0.000000,0.000000,0.000000,0.000000,1.000000,0.000000,0.140000,0.000000
1777208341.334427,0,0.000000,0.000000,0.000000,0.000000,0.000000,0.000000,1.000000,0.000000,0.070000,0.000000
1777208341.335142,0,0.000000,0.000000,0.000000,0.000000,0.000000,0.000000,1.000000,0.000000,0.000000,0.000000
1777208341.361456,0,0.000000,0.000000,0.000000,0.000000,0.000000,0.000000,1.000000,0.000000,0.070000,0.000000
1777208341.362046,0,0.000000,0.000000,0.000000,0.000000,0.000000,0.000000,1.000000,0.000000,0.000000,0.000000
1777208341.362515,0,0.000000,0.000000,0.000000,0.000000,0.000000,0.000000,1.000000,0.000000,0.000000,0.000000
1777208341.389343,0,0.000000,0.000000,0.000000,0.000000,0.000000,0.000000,1.000000,0.000000,0.140000,0.000000
1777208341.417006,0,0.000000,0.000000,0.000000,0.000000,0.000000,0.000000,1.000000,0.000000,0.000000,0.000000
1777208341.444060,0,0.000000,0.000000,0.000000,0.000000,0.000000,0.000000,1.000000,0.000000,0.000000,0.020000
1777208341.444556,0,0.000000,0.000000,0.000000,0.000000,0.000000,0.000000,1.000000,0.000000,0.000000,0.000000
1777208341.445126,0,0.000000,0.000000,0.000000,0.000000,0.000000,0.000000,1.000000,0.000000,0.000000,0.000000
1777208341.471649,0,0.000000,0.000000,0.000000,0.000000,0.000000,0.000000,1.000000,0.000000,0.000000,0.000000
1777208341.498829,0,0.000000,0.000000,0.000000,0.000000,0.000000,0.000000,1.000000,0.000000,0.000000,0.000000
1777208341.499312,0,0.000000,0.000000,0.000000,0.000000,0.000000,0.000000,1.000000,0.000000,0.070000,0.000000
1777208341.525302,0,0.000000,0.000000,0.000000,0.000000,0.000000,0.000000,0.100000,0.000000,0.000000,0.000000
1777208341.525783,0,0.000000,0.000000,0.000000,0.000000,0.000000,0.000000,0.410000,0.000000,0.000000,0.000000
1777208341.575446,0,0.000000,0.000000,0.000000,0.000000,0.000000,0.000000,0.740000,0.000000,0.070000,0.020000
1777208341.575972,0,0.000000,0.000000,0.000000,0.000000,0.000000,0.000000,1.000000,0.000000,0.070000,0.000000
1777208341.576377,0,0.000000,0.000000,0.000000,0.000000,0.000000,0.000000,1.000000,0.000000,0.000000,0.020000
1777208341.576762,0,0.000000,0.000000,0.000000,0.000000,0.000000,0.000000,1.000000,0.000000,0.140000,0.000000
1777208341.577649,0,0.000000,0.000000,0.000000,0.000000,0.000000,0.000000,1.000000,0.000000,0.000000,0.000000
1777208341.626180,0,0.000000,0.000000,0.000000,0.000000,0.000000,0.000000,1.000000,0.000000,0.000000,0.000000
1777208341.626861,0,0.000000,0.000000,0.000000,0.000000,0.000000,0.000000,1.000000,0.000000,0.000000,0.000000
1777208341.627266,0,0.000000,0.000000,0.000000,0.000000,0.000000,0.000000,1.000000,0.000000,0.070000,0.000000
1777208341.676086,0,0.000000,0.000000,0.000000,0.000000,0.000000,0.000000,1.000000,0.000000,0.000000,0.020000
1777208341.676749,0,0.000000,0.000000,0.000000,0.000000,0.000000,0.000000,1.000000,0.000000,0.000000,0.000000
1777208341.725179,0,0.000000,0.000000,0.000000,0.000000,0.000000,0.000000,1.000000,0.000000,0.000000,0.000000
1777208341.725870,0,0.000000,0.000000,0.000000,0.000000,0.000000,0.000000,0.000000,0.000000,0.000000,0.250000
1777208341.726435,0,0.000000,0.000000,0.000000,0.000000,0.000000,0.000000,0.310000,0.000000,0.000000,0.000000
1777208341.726873,0,0.000000,0.000000,0.000000,0.000000,0.000000,0.000000,0.600000,0.000000,0.000000,0.000000
1777208341.753539,0,0.000000,0.000000,0.000000,0.000000,0.000000,0.000000,0.890000,0.000000,0.000000,0.000000
1777208341.780333,0,0.000000,0.000000,0.000000,0.000000,0.000000,0.000000,1.000000,0.000000,0.000000,0.000000
1777208341.807070,0,0.000000,0.000000,0.000000,0.000000,0.000000,0.000000,1.000000,0.000000,0.070000,0.000000
1777208341.807709,0,0.000000,0.000000,0.000000,0.000000,0.000000,0.000000,1.000000,0.000000,0.000000,0.020000
1777208341.834823,0,0.000000,0.000000,0.000000,0.000000,0.000000,0.000000,1.000000,0.000000,0.070000,0.020000
1777208341.835411,0,0.000000,0.000000,0.000000,0.000000,0.000000,0.000000,0.070000,0.000000,0.070000,0.020000
1777208341.863333,0,0.000000,0.000000,0.000000,0.000000,0.000000,0.000000,0.270000,0.000000,0.000000,0.020000
1777208341.863837,0,0.000000,0.000000,0.000000,0.000000,0.000000,0.000000,0.500000,0.000000,0.000000,0.000000
1777208341.890509,0,0.000000,0.000000,0.000000,0.000000,0.000000,0.000000,0.150000,0.000000,0.000000,0.000000
1777208341.890987,0,0.000000,0.000000,0.000000,0.000000,0.000000,0.000000,0.440000,0.000000,0.000000,0.000000
1777208341.917727,0,0.000000,0.000000,0.000000,0.000000,0.000000,0.000000,0.750000,0.000000,0.000000,0.000000
1777208341.918227,0,0.000000,0.000000,0.000000,0.000000,0.000000,0.000000,1.000000,0.000000,0.070000,0.000000
1777208341.944978,0,0.000000,0.000000,0.000000,0.000000,0.000000,0.000000,1.000000,0.000000,0.000000,0.070000
1777208341.945642,0,0.000000,0.000000,0.000000,0.000000,0.000000,0.000000,1.000000,0.000000,0.000000,0.020000
1777208341.972768,0,0.000000,0.000000,0.000000,0.000000,0.000000,0.000000,1.000000,0.000000,0.000000,0.000000
1777208342.000000,0,0.000000,0.000000,0.000000,0.000000,0.000000,0.000000,1.000000,0.000000,0.000000,0.000000
1777208342.000550,0,0.000000,0.000000,0.000000,0.000000,0.000000,0.000000,1.000000,0.000000,0.000000,0.020000
1777208342.031258,0,0.000000,0.000000,0.000000,0.000000,0.000000,0.000000,1.000000,0.000000,0.070000,0.020000
1777208342.031944,0,0.000000,0.000000,0.000000,0.000000,0.000000,0.000000,1.000000,0.000000,0.070000,0.000000
1777208342.060455,0,0.000000,0.000000,0.000000,0.000000,0.000000,0.000000,1.000000,0.000000,0.140000,0.000000
1777208342.060946,0,0.000000,0.000000,0.000000,0.000000,0.000000,0.000000,0.020000,0.000000,0.000000,0.020000
1777208342.090551,0,0.000000,0.000000,0.000000,0.000000,0.000000,0.000000,0.150000,0.000000,0.070000,0.020000
1777208342.091214,0,0.000000,0.000000,0.000000,0.000000,0.000000,0.000000,0.300000,0.000000,0.000000,0.070000
1777208342.118565,0,0.000000,0.000000,0.000000,0.000000,0.000000,0.000000,0.430000,0.000000,0.000000,0.020000
1777208342.146819,0,0.000000,0.000000,0.000000,0.000000,0.000000,0.000000,0.560000,0.000000,0.140000,0.020000
1777208342.147303,0,0.000000,0.000000,0.000000,0.000000,0.000000,0.000000,0.700000,0.000000,0.140000,0.210000
1777208342.175582,0,0.000000,0.000000,0.000000,0.000000,0.000000,0.000000,0.850000,0.000000,0.000000,0.000000
1777208342.176065,0,0.000000,0.000000,0.000000,0.000000,0.000000,0.000000,0.980000,0.000000,0.000000,0.000000
1777208342.204163,0,0.000000,0.000000,0.000000,0.000000,0.000000,0.000000,1.000000,0.000000,0.000000,0.000000
1777208342.204680,0,0.000000,0.000000,0.000000,0.000000,0.000000,0.000000,1.000000,0.000000,0.070000,0.000000
1777208342.232764,0,0.000000,0.000000,0.000000,0.000000,0.000000,0.000000,1.000000,0.000000,0.070000,0.020000
1777208342.260589,0,0.000000,0.000000,0.000000,0.000000,0.000000,0.000000,0.000000,0.000000,0.000000,0.400000
1777208342.261114,0,0.000000,0.000000,0.000000,0.000000,0.000000,0.000000,0.100000,0.000000,0.070000,0.000000
1777208342.289116,0,0.000000,0.000000,0.000000,0.000000,0.000000,0.000000,0.230000,0.000000,0.070000,0.000000
1777208342.289609,0,0.000000,0.000000,0.000000,0.000000,0.000000,0.000000,0.340000,0.000000,0.000000,0.210000
1777208342.316593,0,0.000000,0.000000,0.000000,0.000000,0.000000,0.000000,0.460000,0.000000,0.000000,0.000000
1777208342.317077,0,0.000000,0.000000,0.000000,0.000000,0.000000,0.000000,0.570000,0.000000,0.000000,0.000000
1777208342.344259,0,0.000000,0.000000,0.000000,0.000000,0.000000,0.000000,0.690000,0.000000,0.000000,0.070000
1777208342.344751,0,0.000000,0.000000,0.000000,0.000000,0.000000,0.000000,0.810000,0.000000,0.000000,0.000000
1777208342.372377,0,0.000000,0.000000,0.000000,0.000000,0.000000,0.000000,0.920000,0.000000,0.070000,0.140000
1777208342.399016,0,0.000000,0.000000,0.000000,0.000000,0.000000,0.000000,1.000000,0.000000,0.000000,0.000000
1777208342.399616,0,0.000000,0.000000,0.000000,0.000000,0.000000,0.000000,1.000000,0.000000,0.000000,0.000000
1777208342.400065,0,0.000000,0.000000,0.000000,0.000000,0.000000,0.000000,1.000000,0.000000,0.000000,0.020000
1777208342.427049,0,0.000000,0.000000,0.000000,0.000000,0.000000,0.000000,1.000000,0.000000,0.000000,0.000000
1777208342.427649,0,0.000000,0.000000,0.000000,0.000000,0.000000,0.000000,1.000000,0.000000,0.000000,0.020000
1777208342.454907,0,0.000000,0.000000,0.000000,0.000000,0.000000,0.000000,1.000000,0.000000,0.000000,0.020000
1777208342.481573,0,0.000000,0.000000,0.000000,0.000000,0.000000,0.000000,1.000000,0.000000,0.000000,0.000000
1777208342.482092,0,0.000000,0.000000,0.000000,0.000000,0.000000,0.000000,1.000000,0.000000,0.070000,0.020000
1777208342.510698,0,0.000000,0.000000,0.000000,0.000000,0.000000,0.000000,1.000000,0.000000,0.070000,0.000000
1777208342.511373,0,0.000000,0.000000,0.000000,0.000000,0.000000,0.000000,1.000000,0.000000,0.000000,0.020000
1777208342.538437,0,0.000000,0.000000,0.000000,0.000000,0.000000,0.000000,1.000000,0.000000,0.200000,0.000000
1777208342.566239,0,0.000000,0.000000,0.000000,0.000000,0.000000,0.000000,1.000000,0.000000,0.000000,0.000000
1777208342.566752,0,0.000000,0.000000,0.000000,0.000000,0.000000,0.000000,1.000000,0.000000,0.000000,0.000000
1777208342.594135,0,0.000000,0.000000,0.000000,0.000000,0.000000,0.000000,1.000000,0.000000,0.000000,0.000000
1777208342.594696,0,0.000000,0.000000,0.000000,0.000000,0.000000,0.000000,1.000000,0.000000,0.000000,0.000000
1777208342.621779,0,0.000000,0.000000,0.000000,0.000000,0.000000,0.000000,1.000000,0.000000,0.070000,0.100000
1777208342.648686,0,0.000000,0.000000,0.000000,0.000000,0.000000,0.000000,1.000000,0.000000,0.000000,0.020000
1777208342.649248,0,0.000000,0.000000,0.000000,0.000000,0.000000,0.000000,1.000000,0.000000,0.000000,0.020000
1777208342.676643,0,0.000000,0.000000,0.000000,0.000000,0.000000,0.000000,1.000000,0.000000,0.070000,0.020000
1777208342.677145,0,0.000000,0.000000,0.000000,0.000000,0.000000,0.000000,1.000000,0.000000,0.000000,0.000000
1777208342.677676,0,0.000000,0.000000,0.000000,0.000000,0.000000,0.000000,1.000000,0.000000,0.000000,0.020000
1777208342.705401,0,0.000000,0.000000,0.000000,0.000000,0.000000,0.000000,1.000000,0.000000,0.000000,0.000000
1777208342.705914,0,0.000000,0.000000,0.000000,0.000000,0.000000,0.000000,1.000000,0.000000,0.000000,0.000000
1777208342.732682,0,0.000000,0.000000,0.000000,0.000000,0.000000,0.000000,1.000000,0.000000,0.000000,0.000000
1777208342.733341,0,0.000000,0.000000,0.000000,0.000000,0.000000,0.000000,1.000000,0.000000,0.000000,0.000000
1777208342.760976,0,0.000000,0.000000,0.000000,0.000000,0.000000,0.000000,1.000000,0.000000,0.000000,0.000000
1777208342.787697,0,0.000000,0.000000,0.000000,0.000000,0.000000,0.000000,1.000000,0.000000,0.000000,0.000000
1777208342.788178,0,0.000000,0.000000,0.000000,0.000000,0.000000,0.000000,1.000000,0.000000,0.000000,0.020000
1777208342.815608,0,0.000000,0.000000,0.000000,0.000000,0.000000,0.000000,1.000000,0.000000,0.000000,0.000000
1777208342.816255,0,0.000000,0.000000,0.000000,0.000000,0.000000,0.000000,0.020000,0.000000,0.000000,0.020000
1777208342.842594,0,0.000000,0.000000,0.000000,0.000000,0.000000,0.000000,0.140000,0.000000,0.000000,0.000000
1777208342.843097,0,0.000000,2.000000,0.000000,2.000000,0.000000,0.000000,0.250000,0.000000,0.000000,0.020000
1777208342.870248,0,0.000000,2.000000,0.000000,2.000000,0.000000,0.000000,0.360000,0.000000,0.000000,0.020000
1777208342.896436,0,0.000000,2.000000,0.000000,2.000000,0.000000,0.000000,0.460000,0.000000,0.000000,0.000000
1777208342.896935,0,0.000000,2.000000,0.000000,2.000000,0.000000,0.000000,0.570000,0.000000,0.070000,0.000000
1777208342.897475,0,0.000000,2.000000,0.000000,2.000000,0.000000,0.000000,0.700000,0.000000,0.000000,0.000000
1777208342.924818,0,0.000000,2.000000,0.000000,2.000000,0.000000,0.000000,0.810000,0.000000,0.000000,0.000000
1777208342.952582,0,0.000000,2.000000,0.000000,2.000000,0.000000,0.000000,0.930000,0.000000,0.000000,0.000000
1777208342.953177,0,0.000000,2.000000,0.000000,2.000000,0.000000,0.000000,1.000000,0.000000,0.070000,0.020000
1777208342.979913,0,0.000000,2.000000,0.000000,2.000000,0.000000,0.000000,1.000000,0.000000,0.070000,0.000000
1777208342.980618,0,0.000000,2.000000,0.000000,2.000000,0.000000,0.000000,1.000000,0.000000,0.000000,0.000000
1777208343.007408,0,0.000000,2.000000,0.000000,2.000000,0.000000,0.000000,1.000000,0.000000,0.000000,0.020000
1777208343.036094,0,0.000000,2.000000,0.000000,2.000000,0.000000,0.000000,1.000000,0.000000,0.070000,0.000000
1777208343.036611,0,0.000000,2.000000,0.000000,2.000000,0.000000,0.000000,1.000000,0.000000,0.000000,0.000000
1777208343.066885,0,0.000000,2.000000,0.000000,2.000000,0.000000,0.000000,1.000000,0.000000,0.000000,0.070000
1777208343.067389,0,0.000000,2.000000,0.000000,2.000000,0.000000,0.000000,1.000000,0.000000,0.000000,0.020000
1777208343.101315,0,0.000000,2.000000,0.000000,2.000000,0.000000,0.000000,0.020000,0.000000,0.000000,0.000000
1777208343.101834,0,0.000000,2.000000,0.000000,2.000000,0.000000,0.000000,0.100000,0.000000,0.000000,0.000000
1777208343.129825,0,0.000000,2.000000,0.000000,2.000000,0.000000,0.000000,0.000000,0.000000,0.000000,0.000000
1777208343.130323,0,0.000000,2.000000,0.000000,2.000000,0.000000,0.000000,0.070000,0.000000,0.070000,0.020000
1777208343.157738,0,0.000000,2.000000,0.000000,2.000000,0.000000,0.000000,0.150000,0.000000,0.070000,0.000000
1777208343.158245,0,0.000000,2.000000,0.000000,2.000000,0.000000,0.000000,0.210000,0.000000,0.000000,0.000000
1777208343.158671,0,0.000000,2.000000,0.000000,2.000000,0.000000,0.000000,0.300000,0.000000,0.000000,0.020000
1777208343.185969,0,0.000000,2.000000,0.000000,2.000000,0.000000,0.000000,0.370000,0.000000,0.000000,0.000000
1777208343.213282,0,0.000000,2.000000,0.000000,2.000000,0.000000,0.000000,0.440000,0.000000,0.000000,0.020000
1777208343.213826,0,0.000000,2.000000,0.000000,2.000000,0.000000,0.000000,0.510000,0.000000,0.070000,0.000000
1777208343.241323,0,0.000000,2.000000,0.000000,2.000000,0.000000,0.000000,0.570000,0.000000,0.000000,0.020000
1777208343.270561,0,0.000000,2.000000,0.000000,2.000000,0.000000,0.000000,0.010000,0.000000,0.000000,0.000000
1777208343.271062,0,0.000000,2.000000,0.000000,2.000000,0.000000,0.000000,0.100000,0.000000,0.070000,0.000000
1777208343.271447,0,0.000000,2.000000,0.000000,2.000000,0.000000,0.000000,0.180000,0.000000,0.000000,0.000000
1777208343.300773,0,0.000000,2.000000,0.000000,2.000000,0.000000,0.000000,0.270000,0.000000,0.070000,0.000000
1777208343.327124,0,0.000000,2.000000,0.000000,2.000000,0.000000,0.000000,0.030000,0.000000,0.070000,0.000000
1777208343.327616,0,0.000000,2.000000,0.000000,2.000000,0.000000,0.000000,0.140000,0.000000,0.140000,0.000000
1777208343.328075,0,0.000000,2.000000,0.000000,2.000000,0.000000,0.000000,0.010000,0.000000,0.000000,0.020000
1777208343.354798,0,0.000000,2.000000,0.000000,2.000000,0.000000,0.000000,0.210000,0.000000,0.070000,0.100000
1777208343.355481,0,0.000000,2.000000,0.000000,2.000000,0.000000,0.000000,0.410000,0.000000,0.070000,0.070000
1777208343.381947,0,0.000000,2.000000,0.000000,2.000000,0.000000,0.000000,0.600000,0.000000,0.070000,0.020000
1777208343.409808,0,0.000000,2.000000,0.000000,2.000000,0.000000,0.000000,0.800000,0.000000,0.000000,0.000000
1777208343.410453,0,0.000000,2.000000,0.000000,2.000000,0.000000,0.000000,1.000000,0.000000,0.070000,0.020000
1777208343.437473,0,0.000000,2.000000,0.000000,2.000000,0.000000,0.000000,1.000000,0.000000,0.070000,0.000000
1777208343.438796,0,0.000000,2.000000,0.000000,2.000000,0.000000,0.000000,1.000000,0.000000,0.200000,0.020000
1777208343.465944,0,0.000000,2.000000,0.000000,2.000000,0.000000,0.000000,1.000000,0.000000,0.070000,0.000000
1777208343.466446,0,0.000000,2.000000,0.000000,2.000000,0.000000,0.000000,1.000000,0.000000,0.000000,0.000000
1777208343.493651,0,0.000000,2.000000,0.000000,2.000000,0.000000,0.000000,1.000000,0.000000,0.000000,0.000000
1777208343.520193,0,0.000000,2.000000,0.000000,2.000000,0.000000,0.000000,1.000000,0.000000,0.070000,0.000000
1777208343.520684,0,0.000000,2.000000,0.000000,2.000000,0.000000,0.000000,1.000000,0.000000,0.070000,0.000000
1777208343.521217,0,0.000000,2.000000,0.000000,2.000000,0.000000,0.000000,1.000000,0.000000,0.000000,0.000000
1777208343.549829,0,0.000000,2.000000,0.000000,2.000000,0.000000,0.000000,1.000000,0.000000,0.000000,0.100000
1777208343.577259,0,0.000000,2.000000,0.000000,2.000000,0.000000,0.000000,1.000000,0.000000,0.000000,0.000000
1777208343.604766,0,0.000000,2.000000,0.000000,2.000000,0.000000,0.000000,1.000000,0.000000,0.000000,0.000000
1777208343.605256,0,0.000000,2.000000,0.000000,2.000000,0.000000,0.000000,1.000000,0.000000,0.000000,0.070000
1777208343.631835,0,0.000000,2.000000,0.000000,2.000000,0.000000,0.000000,1.000000,0.000000,0.000000,0.070000
1777208343.632342,0,0.000000,2.000000,0.000000,2.000000,0.000000,0.000000,1.000000,0.000000,0.000000,0.070000
1777208343.632727,0,0.000000,2.000000,0.000000,2.000000,0.000000,0.000000,1.000000,0.000000,0.000000,0.000000
1777208343.659896,0,0.000000,2.000000,0.000000,2.000000,0.000000,0.000000,1.000000,0.000000,0.000000,0.000000
1777208343.686996,0,0.000000,2.000000,0.000000,2.000000,0.000000,0.000000,1.000000,0.000000,0.070000,0.020000
1777208343.687482,0,0.000000,2.000000,0.000000,2.000000,0.000000,0.000000,1.000000,0.000000,0.000000,0.020000
1777208343.713821,0,0.000000,2.000000,0.000000,2.000000,0.000000,0.000000,1.000000,0.000000,0.000000,0.000000
1777208343.714320,0,0.000000,2.000000,0.000000,2.000000,0.000000,0.000000,1.000000,0.000000,0.000000,0.000000
1777208343.742834,0,0.000000,2.000000,0.000000,2.000000,0.000000,0.000000,1.000000,0.000000,0.070000,0.000000
1777208343.743528,0,0.000000,2.000000,0.000000,2.000000,0.000000,0.000000,0.100000,0.000000,0.000000,0.020000
1777208343.770579,0,0.000000,2.000000,0.000000,2.000000,0.000000,0.000000,0.310000,0.000000,0.140000,0.000000
1777208343.771194,0,0.000000,2.000000,0.000000,2.000000,0.000000,0.000000,0.500000,0.000000,0.000000,0.000000
1777208343.799176,0,0.000000,2.000000,0.000000,2.000000,0.000000,0.000000,0.720000,0.000000,0.000000,0.000000
1777208343.799691,0,0.000000,2.000000,0.000000,2.000000,0.000000,0.000000,0.890000,0.000000,0.000000,0.000000
1777208343.826797,0,0.000000,2.000000,0.000000,2.000000,0.000000,0.000000,1.000000,0.000000,0.000000,0.000000
1777208343.855727,0,0.000000,2.000000,0.000000,2.000000,0.000000,0.000000,1.000000,0.000000,0.000000,0.000000
1777208343.882448,0,0.000000,2.000000,0.000000,2.000000,0.000000,0.000000,1.000000,0.000000,0.000000,0.000000
1777208343.882936,0,0.000000,2.000000,0.000000,2.000000,0.000000,0.000000,1.000000,0.000000,0.000000,0.000000
1777208343.883317,0,0.000000,2.000000,0.000000,2.000000,0.000000,0.000000,1.000000,0.000000,0.070000,0.100000
1777208343.912020,0,0.000000,2.000000,0.000000,2.000000,0.000000,0.000000,1.000000,0.000000,0.000000,0.000000
1777208343.940112,0,0.000000,2.000000,0.000000,2.000000,0.000000,0.000000,0.030000,0.000000,0.000000,0.020000
1777208343.940618,0,0.000000,2.000000,0.000000,2.000000,0.000000,0.000000,0.200000,0.000000,0.000000,0.020000
1777208343.968212,0,0.000000,2.000000,0.000000,2.000000,0.000000,0.000000,0.340000,0.000000,0.000000,0.000000
1777208343.968873,0,0.000000,2.000000,0.000000,2.000000,0.000000,0.000000,0.510000,0.000000,0.070000,0.000000
1777208343.969425,0,0.000000,2.000000,0.000000,2.000000,0.000000,0.000000,0.690000,0.000000,0.000000,0.000000
1777208343.996305,0,0.000000,2.000000,0.000000,2.000000,0.000000,0.000000,0.860000,0.000000,0.000000,0.000000
1777208343.996795,0,0.000000,2.000000,0.000000,2.000000,0.000000,0.000000,1.000000,0.000000,0.070000,0.000000
1777208344.023764,0,0.000000,2.000000,0.000000,2.000000,0.000000,0.000000,1.000000,0.000000,0.000000,0.020000
1777208344.052476,0,0.000000,2.000000,0.000000,2.000000,0.000000,0.000000,1.000000,0.000000,0.070000,0.000000
1777208344.052959,0,0.000000,2.000000,0.000000,2.000000,0.000000,0.000000,1.000000,0.000000,0.000000,0.000000
1777208344.080466,0,0.000000,2.000000,0.000000,2.000000,0.000000,0.000000,1.000000,0.000000,0.070000,0.020000
1777208344.080949,0,0.000000,2.000000,0.000000,2.000000,0.000000,0.000000,1.000000,0.000000,0.000000,0.000000
1777208344.111136,0,0.000000,2.000000,0.000000,2.000000,0.000000,0.000000,1.000000,0.000000,0.000000,0.100000
1777208344.111615,0,0.000000,2.000000,0.000000,2.000000,0.000000,0.000000,1.000000,0.000000,0.000000,0.000000
1777208344.138514,0,0.000000,2.000000,0.000000,2.000000,0.000000,0.000000,1.000000,0.000000,0.000000,0.180000
1777208344.139003,0,0.000000,2.000000,0.000000,2.000000,0.000000,0.000000,1.000000,0.000000,0.000000,0.070000
1777208344.166453,0,0.000000,2.000000,0.000000,2.000000,0.000000,0.000000,1.000000,0.000000,0.070000,0.020000
1777208344.167030,0,0.000000,2.000000,0.000000,2.000000,0.000000,0.000000,1.000000,0.000000,0.000000,0.020000
1777208344.194298,0,0.000000,2.000000,0.000000,2.000000,0.000000,0.000000,1.000000,0.000000,0.000000,0.000000
1777208344.194876,0,0.000000,2.000000,0.000000,2.000000,0.000000,0.000000,1.000000,0.000000,0.000000,0.020000
1777208344.222520,0,0.000000,2.000000,0.000000,2.000000,0.000000,0.000000,1.000000,0.000000,0.000000,0.000000
1777208344.249807,0,0.000000,2.000000,0.000000,2.000000,0.000000,0.000000,1.000000,0.000000,0.000000,0.020000
1777208344.250306,0,0.000000,2.000000,0.000000,2.000000,0.000000,0.000000,1.000000,0.000000,0.000000,0.070000
1777208344.250787,0,0.000000,2.000000,0.000000,2.000000,0.000000,0.000000,1.000000,0.000000,0.000000,0.140000
1777208344.277493,0,0.000000,2.000000,0.000000,2.000000,0.000000,0.000000,1.000000,0.000000,0.070000,0.000000
1777208344.278176,0,0.000000,2.000000,0.000000,2.000000,0.000000,0.000000,0.070000,0.000000,0.000000,0.020000
1777208344.305378,0,0.000000,2.000000,0.000000,2.000000,0.000000,0.000000,0.250000,0.000000,0.070000,0.000000
1777208344.332521,0,0.000000,2.000000,0.000000,2.000000,0.000000,0.000000,0.400000,0.000000,0.000000,0.000000
1777208344.333020,0,0.000000,2.000000,0.000000,2.000000,0.000000,0.000000,0.570000,0.000000,0.000000,0.000000
1777208344.360473,0,0.000000,2.000000,0.000000,2.000000,0.000000,0.000000,0.750000,0.000000,0.070000,0.000000
1777208344.360981,0,0.000000,2.000000,0.000000,2.000000,0.000000,0.000000,0.930000,0.000000,0.070000,0.020000
1777208344.387234,0,0.000000,2.000000,0.000000,2.000000,0.000000,0.000000,0.000000,0.000000,0.000000,0.020000
1777208344.387924,0,0.000000,2.000000,0.000000,2.000000,0.000000,0.000000,0.150000,0.000000,0.000000,0.000000
1777208344.416574,0,0.000000,2.000000,0.000000,2.000000,0.000000,0.000000,0.310000,0.000000,0.070000,0.000000
1777208344.417159,0,0.000000,2.000000,0.000000,2.000000,0.000000,0.000000,0.070000,0.000000,0.000000,0.000000
1777208344.444007,0,0.000000,2.000000,0.000000,2.000000,0.000000,0.000000,0.230000,0.000000,0.000000,0.000000
1777208344.471567,0,0.000000,2.000000,0.000000,2.000000,0.000000,0.000000,0.400000,0.000000,0.070000,0.020000
1777208344.498773,0,0.000000,2.000000,0.000000,2.000000,0.000000,0.000000,0.560000,0.000000,0.070000,0.020000
1777208344.499259,0,0.000000,2.000000,0.000000,2.000000,0.000000,0.000000,0.720000,0.000000,0.000000,0.070000
1777208344.499644,0,0.000000,2.000000,0.000000,2.000000,0.000000,0.000000,0.870000,0.000000,0.000000,0.020000
1777208344.526259,0,0.000000,2.000000,0.000000,2.000000,0.000000,0.000000,1.000000,0.000000,0.000000,0.070000
1777208344.553615,0,0.000000,2.000000,0.000000,2.000000,0.000000,0.000000,1.000000,0.000000,0.000000,0.000000
1777208344.554101,0,0.000000,2.000000,0.000000,2.000000,0.000000,0.000000,1.000000,0.000000,0.070000,0.100000
1777208344.580892,0,0.000000,2.000000,0.000000,2.000000,0.000000,0.000000,1.000000,0.000000,0.070000,0.000000
1777208344.581394,0,0.000000,2.000000,0.000000,2.000000,0.000000,0.000000,0.120000,0.000000,0.140000,0.000000
1777208344.608010,0,0.000000,2.000000,0.000000,2.000000,0.000000,0.000000,0.280000,0.000000,0.070000,0.020000
1777208344.608500,0,0.000000,2.000000,0.000000,2.000000,0.000000,0.000000,0.440000,0.000000,0.000000,0.070000
1777208344.635472,0,0.000000,2.000000,0.000000,2.000000,0.000000,0.000000,0.620000,0.000000,0.070000,0.020000
1777208344.635953,0,0.000000,2.000000,0.000000,2.000000,0.000000,0.000000,0.790000,0.000000,0.000000,0.000000
1777208344.663299,0,0.000000,2.000000,0.000000,2.000000,0.000000,0.000000,0.940000,0.000000,0.070000,0.000000
1777208344.690875,0,0.000000,2.000000,0.000000,2.000000,0.000000,0.000000,1.000000,0.000000,0.000000,0.100000
1777208344.691360,0,0.000000,2.000000,0.000000,2.000000,0.000000,0.000000,1.000000,0.000000,0.070000,0.000000
1777208344.718382,0,0.000000,2.000000,0.000000,2.000000,0.000000,0.000000,1.000000,0.000000,0.070000,0.070000
1777208344.718888,0,0.000000,2.000000,0.000000,2.000000,0.000000,0.000000,1.000000,0.000000,0.070000,0.020000
1777208344.745450,0,0.000000,2.000000,0.000000,2.000000,0.000000,0.000000,1.000000,0.000000,0.000000,0.020000
1777208344.745936,0,0.000000,2.000000,0.000000,2.000000,0.000000,0.000000,1.000000,0.000000,0.000000,0.000000
1777208344.772871,0,0.000000,2.000000,0.000000,2.000000,0.000000,0.000000,1.000000,0.000000,0.000000,0.000000
1777208344.773378,0,0.000000,2.000000,0.000000,2.000000,0.000000,0.000000,1.000000,0.000000,0.000000,0.000000
1777208344.800082,0,0.000000,2.000000,0.000000,2.000000,0.000000,0.000000,1.000000,0.000000,0.000000,0.020000
1777208344.826461,0,0.000000,2.000000,0.000000,2.000000,0.000000,0.000000,1.000000,0.000000,0.000000,0.000000
1777208344.826967,0,0.000000,2.000000,0.000000,2.000000,0.000000,0.000000,1.000000,0.000000,0.070000,0.000000
1777208344.854259,0,0.000000,2.000000,0.000000,2.000000,0.000000,0.000000,1.000000,0.000000,0.000000,0.020000
1777208344.854764,0,0.000000,0.000000,0.000000,0.000000,0.000000,0.000000,1.000000,0.000000,0.000000,0.020000
1777208344.880962,0,0.000000,0.000000,0.000000,0.000000,0.000000,0.000000,1.000000,0.000000,0.070000,0.100000
1777208344.881451,0,0.000000,0.000000,0.000000,0.000000,0.000000,0.000000,1.000000,0.000000,0.070000,0.020000
1777208344.907457,0,0.000000,0.000000,0.000000,0.000000,0.000000,0.000000,1.000000,0.000000,0.070000,0.000000
1777208344.907958,0,0.000000,0.000000,0.000000,0.000000,0.000000,0.000000,1.000000,0.000000,0.070000,0.020000
1777208344.935063,0,0.000000,0.000000,0.000000,0.000000,0.000000,0.000000,1.000000,0.000000,0.000000,0.020000
1777208344.962353,0,0.000000,0.000000,0.000000,0.000000,0.000000,0.000000,1.000000,0.000000,0.000000,0.000000
1777208344.962837,0,0.000000,0.000000,0.000000,0.000000,0.000000,0.000000,0.090000,0.000000,0.140000,0.020000
1777208344.989605,0,0.000000,0.000000,0.000000,0.000000,0.000000,0.000000,0.250000,0.000000,0.070000,0.000000
1777208344.990106,0,0.000000,0.000000,0.000000,0.000000,0.000000,0.000000,0.400000,0.000000,0.070000,0.000000
1777208345.016289,0,0.000000,0.000000,0.000000,0.000000,0.000000,0.000000,0.560000,0.000000,0.000000,0.070000
1777208345.016783,0,0.000000,0.000000,0.000000,0.000000,0.000000,0.000000,0.740000,0.000000,0.000000,0.000000
1777208345.044061,0,0.000000,0.000000,0.000000,0.000000,0.000000,0.000000,0.910000,0.000000,0.000000,0.000000
1777208345.044547,0,0.000000,0.000000,0.000000,0.000000,0.000000,0.000000,1.000000,0.000000,0.000000,0.000000
1777208345.075628,0,0.000000,0.000000,0.000000,0.000000,0.000000,0.000000,1.000000,0.000000,0.070000,0.000000
1777208345.103511,0,0.000000,0.000000,0.000000,0.000000,0.000000,0.000000,1.000000,0.000000,0.000000,0.000000
1777208345.104010,0,0.000000,0.000000,0.000000,0.000000,0.000000,0.000000,1.000000,0.000000,0.070000,0.020000
1777208345.134365,0,0.000000,0.000000,0.000000,0.000000,0.000000,0.000000,1.000000,0.000000,0.070000,0.000000
1777208345.161587,0,0.000000,0.000000,0.000000,0.000000,0.000000,0.000000,1.000000,0.000000,0.000000,0.020000
1777208345.162075,0,0.000000,0.000000,0.000000,0.000000,0.000000,0.000000,1.000000,0.000000,0.070000,0.020000
1777208345.162458,0,0.000000,0.000000,0.000000,0.000000,0.000000,0.000000,1.000000,0.000000,0.000000,0.020000
1777208345.190023,0,0.000000,0.000000,0.000000,0.000000,0.000000,0.000000,1.000000,0.000000,0.000000,0.020000
1777208345.217556,0,0.000000,0.000000,0.000000,0.000000,0.000000,0.000000,1.000000,0.000000,0.070000,0.000000
1777208345.218044,0,0.000000,0.000000,0.000000,0.000000,0.000000,0.000000,1.000000,0.000000,0.000000,0.100000
1777208345.245781,0,0.000000,0.000000,0.000000,0.000000,0.000000,0.000000,1.000000,0.000000,0.070000,0.000000
1777208345.246291,0,0.000000,0.000000,0.000000,0.000000,0.000000,0.000000,0.000000,0.000000,0.000000,0.400000
1777208345.246675,0,0.000000,0.000000,0.000000,0.000000,0.000000,0.000000,0.150000,0.000000,0.000000,0.020000
1777208345.273452,0,0.000000,0.000000,0.000000,0.000000,0.000000,0.000000,0.010000,0.000000,0.000000,0.000000
1777208345.273948,0,0.000000,0.000000,0.000000,0.000000,0.000000,0.000000,0.230000,0.000000,0.070000,0.020000
1777208345.302287,0,0.000000,0.000000,0.000000,0.000000,0.000000,0.000000,0.440000,0.000000,0.000000,0.020000
1777208345.330325,0,0.000000,0.000000,0.000000,0.000000,0.000000,0.000000,0.680000,0.000000,0.070000,0.000000
1777208345.330916,0,0.000000,0.000000,0.000000,0.000000,0.000000,0.000000,0.870000,0.000000,0.000000,0.020000
1777208345.358856,0,0.000000,0.000000,0.000000,0.000000,0.000000,0.000000,1.000000,0.000000,0.000000,0.020000
1777208345.359363,0,0.000000,0.000000,0.000000,0.000000,0.000000,0.000000,1.000000,0.000000,0.070000,0.000000
1777208345.386098,0,0.000000,0.000000,0.000000,0.000000,0.000000,0.000000,1.000000,0.000000,0.410000,0.000000
1777208345.386580,0,0.000000,0.000000,0.000000,0.000000,0.000000,0.000000,1.000000,0.000000,0.070000,0.020000
1777208345.414054,0,0.000000,0.000000,0.000000,0.000000,0.000000,0.000000,1.000000,0.000000,0.070000,0.000000
1777208345.441421,0,0.000000,0.000000,0.000000,0.000000,0.000000,0.000000,1.000000,0.000000,0.000000,0.020000
1777208345.441907,0,0.000000,0.000000,0.000000,0.000000,0.000000,0.000000,1.000000,0.000000,0.070000,0.000000
1777208345.442460,0,0.000000,0.000000,0.000000,0.000000,0.000000,0.000000,1.000000,0.000000,0.000000,0.000000
1777208345.469257,0,0.000000,0.000000,0.000000,0.000000,0.000000,0.000000,1.000000,0.000000,0.000000,0.020000
1777208345.495403,0,0.000000,0.000000,0.000000,0.000000,0.000000,0.000000,1.000000,0.000000,0.000000,0.020000
1777208345.495915,0,0.000000,0.000000,0.000000,0.000000,0.000000,0.000000,1.000000,0.000000,0.000000,0.000000
1777208345.523234,0,0.000000,0.000000,0.000000,0.000000,0.000000,0.000000,1.000000,0.000000,0.000000,0.020000
1777208345.549835,0,0.000000,0.000000,0.000000,0.000000,0.000000,0.000000,0.050000,0.000000,0.000000,0.000000
1777208345.550323,0,0.000000,0.000000,0.000000,0.000000,0.000000,0.000000,0.150000,0.000000,0.000000,0.070000
1777208345.550708,0,0.000000,0.000000,0.000000,0.000000,0.000000,0.000000,0.030000,0.000000,0.000000,0.070000
1777208345.577723,0,0.000000,0.000000,0.000000,0.000000,0.000000,0.000000,0.180000,0.000000,0.000000,0.000000
1777208345.604817,0,0.000000,0.000000,0.000000,0.000000,0.000000,0.000000,0.330000,0.000000,0.070000,0.070000
1777208345.605507,0,0.000000,0.000000,0.000000,0.000000,0.000000,0.000000,0.470000,0.000000,0.000000,0.180000
1777208345.632051,0,0.000000,0.000000,0.000000,0.000000,0.000000,0.000000,0.620000,0.000000,0.000000,0.070000
1777208345.632702,0,0.000000,0.000000,0.000000,0.000000,0.000000,0.000000,0.750000,0.000000,0.000000,0.020000
1777208345.659155,0,0.000000,0.000000,0.000000,0.000000,0.000000,0.000000,0.910000,0.000000,0.000000,0.000000
1777208345.659656,0,0.000000,0.000000,0.000000,0.000000,0.000000,0.000000,1.000000,0.000000,0.140000,0.020000
1777208345.687017,0,0.000000,0.000000,0.000000,0.000000,0.000000,0.000000,1.000000,0.000000,0.280000,0.140000
1777208345.715769,0,0.000000,0.000000,0.000000,0.000000,0.000000,0.000000,1.000000,0.000000,0.000000,0.020000
1777208345.716337,0,0.000000,0.000000,0.000000,0.000000,0.000000,0.000000,0.050000,0.000000,0.070000,0.070000
1777208345.743939,0,0.000000,0.000000,0.000000,0.000000,0.000000,0.000000,0.150000,0.000000,0.140000,0.020000
1777208345.744450,0,0.000000,0.000000,0.000000,0.000000,0.000000,0.000000,0.070000,0.000000,0.000000,0.020000
1777208345.771687,0,0.000000,0.000000,0.000000,0.000000,0.000000,0.000000,0.280000,0.000000,0.000000,0.000000
1777208345.772261,0,0.000000,0.000000,0.000000,0.000000,0.000000,0.000000,0.490000,0.000000,0.000000,0.000000
1777208345.798888,0,0.000000,0.000000,0.000000,0.000000,0.000000,0.000000,0.700000,0.000000,0.000000,0.140000
1777208345.799397,0,0.000000,0.000000,0.000000,0.000000,0.000000,0.000000,0.920000,0.000000,0.000000,0.000000
1777208345.826976,0,0.000000,0.000000,0.000000,0.000000,0.000000,0.000000,1.000000,0.000000,0.000000,0.000000
1777208345.853686,0,0.000000,0.000000,0.000000,0.000000,0.000000,0.000000,1.000000,0.000000,0.000000,0.000000
1777208345.854168,0,0.000000,0.000000,0.000000,0.000000,0.000000,0.000000,1.000000,0.000000,0.000000,0.000000
1777208345.883228,0,0.000000,0.000000,0.000000,0.000000,0.000000,0.000000,1.000000,0.000000,0.000000,0.020000
1777208345.910143,0,0.000000,0.000000,0.000000,0.000000,0.000000,0.000000,1.000000,0.000000,0.070000,0.020000
1777208345.910629,0,0.000000,0.000000,0.000000,0.000000,0.000000,0.000000,1.000000,0.000000,0.000000,0.000000
1777208345.911009,0,0.000000,0.000000,0.000000,0.000000,0.000000,0.000000,1.000000,0.000000,0.000000,0.000000
1777208345.937896,0,0.000000,0.000000,0.000000,0.000000,0.000000,0.000000,1.000000,0.000000,0.070000,0.000000
1777208345.938379,0,0.000000,0.000000,0.000000,0.000000,0.000000,0.000000,1.000000,0.000000,0.000000,0.000000
1777208345.965783,0,0.000000,0.000000,0.000000,0.000000,0.000000,0.000000,1.000000,0.000000,0.000000,0.000000
1777208345.992273,0,0.000000,0.000000,0.000000,0.000000,0.000000,0.000000,1.000000,0.000000,0.000000,0.000000
1777208345.992776,0,0.000000,0.000000,0.000000,0.000000,0.000000,0.000000,1.000000,0.000000,0.000000,0.000000
1777208346.019912,0,0.000000,0.000000,0.000000,0.000000,0.000000,0.000000,1.000000,0.000000,0.000000,0.020000
1777208346.020388,0,0.000000,0.000000,0.000000,0.000000,0.000000,0.000000,1.000000,0.000000,0.070000,0.020000
1777208346.047565,0,0.000000,0.000000,0.000000,0.000000,0.000000,0.000000,1.000000,0.000000,0.000000,0.020000
1777208346.048063,0,0.000000,0.000000,0.000000,0.000000,0.000000,0.000000,1.000000,0.000000,0.070000,0.020000
1777208346.076283,0,0.000000,0.000000,0.000000,0.000000,0.000000,0.000000,1.000000,0.000000,0.000000,0.000000
1777208346.076788,0,0.000000,0.000000,0.000000,0.000000,0.000000,0.000000,1.000000,0.000000,0.000000,0.000000
1777208346.106652,0,0.000000,0.000000,0.000000,0.000000,0.000000,0.000000,1.000000,0.000000,0.000000,0.000000
1777208346.107184,0,0.000000,0.000000,0.000000,0.000000,0.000000,0.000000,1.000000,0.000000,0.070000,0.000000
1777208346.135547,0,0.000000,0.000000,0.000000,0.000000,0.000000,0.000000,1.000000,0.000000,0.070000,0.020000
1777208346.162631,0,0.000000,0.000000,0.000000,0.000000,0.000000,0.000000,1.000000,0.000000,0.070000,0.000000
1777208346.163121,0,0.000000,0.000000,0.000000,0.000000,0.000000,0.000000,1.000000,0.000000,0.000000,0.000000
1777208346.189642,0,0.000000,0.000000,0.000000,0.000000,0.000000,0.000000,1.000000,0.000000,0.000000,0.000000
1777208346.190137,0,0.000000,0.000000,0.000000,0.000000,0.000000,0.000000,1.000000,0.000000,0.000000,0.000000
1777208346.216803,0,0.000000,0.000000,0.000000,0.000000,0.000000,0.000000,1.000000,0.000000,0.000000,0.020000
1777208346.244370,0,0.000000,0.000000,0.000000,0.000000,0.000000,0.000000,0.000000,0.000000,0.000000,0.690000
1777208346.244842,0,0.000000,0.000000,0.000000,0.000000,0.000000,0.000000,0.200000,0.000000,0.000000,0.000000
1777208346.245354,0,0.000000,0.000000,0.000000,0.000000,0.000000,0.000000,0.410000,0.000000,0.000000,0.000000
1777208346.245774,0,0.000000,0.000000,0.000000,0.000000,0.000000,0.000000,0.620000,0.000000,0.000000,0.000000
1777208346.272279,0,0.000000,0.000000,0.000000,0.000000,0.000000,0.000000,0.830000,0.000000,0.000000,0.020000
1777208346.298945,0,0.000000,0.000000,0.000000,0.000000,0.000000,0.000000,1.000000,0.000000,0.000000,0.000000
1777208346.325805,0,0.000000,0.000000,0.000000,0.000000,0.000000,0.000000,1.000000,0.000000,0.000000,0.000000
1777208346.326294,0,0.000000,0.000000,0.000000,0.000000,0.000000,0.000000,1.000000,0.000000,0.000000,0.070000
1777208346.353893,0,0.000000,0.000000,0.000000,0.000000,0.000000,0.000000,0.020000,0.000000,0.000000,0.000000
1777208346.354372,0,0.000000,0.000000,0.000000,0.000000,0.000000,0.000000,0.180000,0.000000,0.070000,0.000000
1777208346.381472,0,0.000000,0.000000,0.000000,0.000000,0.000000,0.000000,0.330000,0.000000,0.070000,0.020000
1777208346.381959,0,0.000000,0.000000,0.000000,0.000000,0.000000,0.000000,0.090000,0.000000,0.070000,0.000000
1777208346.408957,0,0.000000,0.000000,0.000000,0.000000,0.000000,0.000000,0.310000,0.000000,0.000000,0.000000
1777208346.436099,0,0.000000,0.000000,0.000000,0.000000,0.000000,0.000000,0.560000,0.000000,0.000000,0.020000
1777208346.436633,0,0.000000,0.000000,0.000000,0.000000,0.000000,0.000000,0.790000,0.000000,0.000000,0.000000
1777208346.464105,0,0.000000,0.000000,0.000000,0.000000,0.000000,0.000000,1.000000,0.000000,0.000000,0.000000
1777208346.464613,0,0.000000,0.000000,0.000000,0.000000,0.000000,0.000000,1.000000,0.000000,0.000000,0.000000
1777208346.491313,0,0.000000,0.000000,0.000000,0.000000,0.000000,0.000000,1.000000,0.000000,0.000000,0.070000
1777208346.491851,0,0.000000,0.000000,0.000000,0.000000,0.000000,0.000000,1.000000,0.000000,0.000000,0.000000
1777208346.518638,0,0.000000,0.000000,0.000000,0.000000,0.000000,0.000000,1.000000,0.000000,0.070000,0.000000
1777208346.519151,0,0.000000,0.000000,0.000000,0.000000,0.000000,0.000000,1.000000,0.000000,0.000000,0.000000
1777208346.545812,0,0.000000,0.000000,0.000000,0.000000,0.000000,0.000000,1.000000,0.000000,0.000000,0.020000
1777208346.546364,0,0.000000,0.000000,0.000000,0.000000,0.000000,0.000000,1.000000,0.000000,0.000000,0.020000
1777208346.573539,0,0.000000,0.000000,0.000000,0.000000,0.000000,0.000000,1.000000,0.000000,0.070000,0.020000
1777208346.574037,0,0.000000,0.000000,0.000000,0.000000,0.000000,0.000000,1.000000,0.000000,0.000000,0.070000
1777208346.600955,0,0.000000,0.000000,0.000000,0.000000,0.000000,0.000000,1.000000,0.000000,0.000000,0.000000
1777208346.628040,0,0.000000,0.000000,0.000000,0.000000,0.000000,0.000000,1.000000,0.000000,0.070000,0.020000
1777208346.628543,0,0.000000,0.000000,0.000000,0.000000,0.000000,0.000000,1.000000,0.000000,0.000000,0.020000
1777208346.655517,0,0.000000,0.000000,0.000000,0.000000,0.000000,0.000000,1.000000,0.000000,0.000000,0.020000
1777208346.656176,0,0.000000,0.000000,0.000000,0.000000,0.000000,0.000000,1.000000,0.000000,0.000000,0.000000
1777208346.683943,0,0.000000,0.000000,0.000000,0.000000,0.000000,0.000000,1.000000,0.000000,0.000000,0.000000
1777208346.684440,0,0.000000,0.000000,0.000000,0.000000,0.000000,0.000000,1.000000,0.000000,0.000000,0.020000
1777208346.711209,0,0.000000,0.000000,0.000000,0.000000,0.000000,0.000000,0.180000,0.000000,0.000000,0.020000
1777208346.711704,0,0.000000,0.000000,0.000000,0.000000,0.000000,0.000000,0.410000,0.000000,0.000000,0.000000
1777208346.739086,0,0.000000,0.000000,0.000000,0.000000,0.000000,0.000000,0.670000,0.000000,0.000000,0.000000
1777208346.766328,0,0.000000,0.000000,0.000000,0.000000,0.000000,0.000000,0.890000,0.000000,0.070000,0.000000
1777208346.766840,0,0.000000,0.000000,0.000000,0.000000,0.000000,0.000000,1.000000,0.000000,0.000000,0.000000
1777208346.794060,0,0.000000,0.000000,0.000000,0.000000,0.000000,0.000000,1.000000,0.000000,0.000000,0.070000
1777208346.794565,0,0.000000,0.000000,0.000000,0.000000,0.000000,0.000000,1.000000,0.000000,0.000000,0.000000
1777208346.821814,0,0.000000,0.000000,0.000000,0.000000,0.000000,0.000000,0.050000,0.000000,0.000000,0.020000
1777208346.822296,0,0.000000,0.000000,0.000000,0.000000,0.000000,0.000000,0.230000,0.000000,0.000000,0.000000
1777208346.849114,0,0.000000,0.000000,0.000000,0.000000,0.000000,0.000000,0.400000,0.000000,0.000000,0.020000
1777208346.876227,0,0.000000,0.000000,0.000000,0.000000,0.000000,0.000000,0.570000,0.000000,0.000000,0.020000
1777208346.876718,0,0.000000,0.000000,0.000000,0.000000,0.000000,0.000000,0.750000,0.000000,0.000000,0.020000
1777208346.903373,0,0.000000,0.000000,0.000000,0.000000,0.000000,0.000000,0.930000,0.000000,0.000000,0.000000
1777208346.903899,0,0.000000,0.000000,0.000000,0.000000,0.000000,0.000000,1.000000,0.000000,0.070000,0.000000
1777208346.932217,0,0.000000,0.000000,0.000000,0.000000,0.000000,0.000000,1.000000,0.000000,0.000000,0.210000
1777208346.932727,0,0.000000,0.000000,0.000000,0.000000,0.000000,0.000000,1.000000,0.000000,0.000000,0.000000
1777208346.959187,0,0.000000,0.000000,0.000000,0.000000,0.000000,0.000000,1.000000,0.000000,0.000000,0.020000
1777208346.959672,0,0.000000,0.000000,0.000000,0.000000,0.000000,0.000000,1.000000,0.000000,0.070000,0.020000
1777208346.986776,0,0.000000,0.000000,0.000000,0.000000,0.000000,0.000000,1.000000,0.000000,0.000000,0.000000
1777208346.987265,0,0.000000,0.000000,0.000000,0.000000,0.000000,0.000000,1.000000,0.000000,0.000000,0.000000
1777208347.014403,0,0.000000,0.000000,0.000000,0.000000,0.000000,0.000000,1.000000,0.000000,0.000000,0.000000
1777208347.014908,0,0.000000,0.000000,0.000000,0.000000,0.000000,0.000000,1.000000,0.000000,0.140000,0.070000
1777208347.041421,0,0.000000,0.000000,0.000000,0.000000,0.000000,0.000000,1.000000,0.000000,0.000000,0.000000
1777208347.068316,0,0.000000,0.000000,0.000000,0.000000,0.000000,0.000000,1.000000,0.000000,0.070000,0.000000
1777208347.068801,0,0.000000,0.000000,0.000000,0.000000,0.000000,0.000000,1.000000,0.000000,0.070000,0.000000
1777208347.097466,0,0.000000,0.000000,0.000000,0.000000,0.000000,0.000000,1.000000,0.000000,0.070000,0.000000
1777208347.097968,0,0.000000,0.000000,0.000000,0.000000,0.000000,0.000000,1.000000,0.000000,0.000000,0.020000
1777208347.129582,0,0.000000,0.000000,0.000000,0.000000,0.000000,0.000000,1.000000,0.000000,0.000000,0.000000
1777208347.160880,0,0.000000,0.000000,0.000000,0.000000,0.000000,0.000000,1.000000,0.000000,0.000000,0.000000
1777208347.161453,0,0.000000,0.000000,0.000000,0.000000,0.000000,0.000000,1.000000,0.000000,0.000000,0.070000
1777208347.161955,0,0.000000,0.000000,0.000000,0.000000,0.000000,0.000000,1.000000,0.000000,0.000000,0.070000
1777208347.188944,0,0.000000,0.000000,0.000000,0.000000,0.000000,0.000000,1.000000,0.000000,0.000000,0.000000
1777208347.189521,0,0.000000,0.000000,0.000000,0.000000,0.000000,0.000000,1.000000,0.000000,0.070000,0.020000
1777208347.217021,0,0.000000,0.000000,0.000000,0.000000,0.000000,0.000000,1.000000,0.000000,0.000000,0.000000
1777208347.217510,0,0.000000,0.000000,0.000000,0.000000,0.000000,0.000000,1.000000,0.000000,0.000000,0.000000
1777208347.245565,0,0.000000,0.000000,0.000000,0.000000,0.000000,0.000000,1.000000,0.000000,0.070000,0.000000
1777208347.246060,0,0.000000,0.000000,0.000000,0.000000,0.000000,0.000000,0.050000,0.000000,0.000000,0.020000
1777208347.273848,0,0.000000,0.000000,0.000000,0.000000,0.000000,0.000000,0.230000,0.000000,0.070000,0.020000
1777208347.300880,0,0.000000,0.000000,0.000000,0.000000,0.000000,0.000000,0.380000,0.000000,0.000000,0.000000
1777208347.301367,0,0.000000,0.000000,0.000000,0.000000,0.000000,0.000000,0.560000,0.000000,0.000000,0.070000
1777208347.301902,0,0.000000,0.000000,0.000000,0.000000,0.000000,0.000000,0.730000,0.000000,0.140000,0.020000
1777208347.329306,0,0.000000,0.000000,0.000000,0.000000,0.000000,0.000000,0.050000,0.000000,0.000000,0.020000
1777208347.357014,0,0.000000,0.000000,0.000000,0.000000,0.000000,0.000000,0.230000,0.000000,0.000000,0.020000
1777208347.384243,0,0.000000,0.000000,0.000000,0.000000,0.000000,0.000000,0.430000,0.000000,0.000000,0.020000
1777208347.384744,0,0.000000,0.000000,0.000000,0.000000,0.000000,0.000000,0.630000,0.000000,0.000000,0.210000
1777208347.385216,0,0.000000,0.000000,0.000000,0.000000,0.000000,0.000000,0.830000,0.000000,0.070000,0.020000
1777208347.412127,0,0.000000,0.000000,0.000000,0.000000,0.000000,0.000000,1.000000,0.000000,0.000000,0.020000
1777208347.439716,0,0.000000,0.000000,0.000000,0.000000,0.000000,0.000000,1.000000,0.000000,0.000000,0.020000
1777208347.440321,0,0.000000,0.000000,0.000000,0.000000,0.000000,0.000000,1.000000,0.000000,0.000000,0.020000
1777208347.468080,0,0.000000,0.000000,0.000000,0.000000,0.000000,0.000000,1.000000,0.000000,0.070000,0.000000
1777208347.468552,0,0.000000,0.000000,0.000000,0.000000,0.000000,0.000000,1.000000,0.000000,0.000000,0.000000
1777208347.469020,0,0.000000,0.000000,0.000000,0.000000,0.000000,0.000000,1.000000,0.000000,0.110000,0.000000
1777208347.495842,0,0.000000,0.000000,0.000000,0.000000,0.000000,0.000000,1.000000,0.000000,0.050000,0.020000
1777208347.523289,0,0.000000,0.000000,0.000000,0.000000,0.000000,0.000000,1.000000,0.000000,0.110000,0.070000
1777208347.523783,0,0.000000,0.000000,0.000000,0.000000,0.000000,0.000000,1.000000,0.000000,0.000000,0.000000
1777208347.550666,0,0.000000,0.000000,0.000000,0.000000,0.000000,0.000000,1.000000,0.000000,0.000000,0.020000
1777208347.551230,0,0.000000,0.000000,0.000000,0.000000,0.000000,0.000000,1.000000,0.000000,0.000000,0.020000
1777208347.577552,0,0.000000,0.000000,0.000000,0.000000,0.000000,0.000000,0.050000,0.000000,0.180000,0.020000
1777208347.578037,0,0.000000,0.000000,0.000000,0.000000,0.000000,0.000000,0.230000,0.000000,0.050000,0.020000
1777208347.604361,0,0.000000,0.000000,0.000000,0.000000,0.000000,0.000000,0.440000,0.000000,0.050000,0.020000
1777208347.604853,0,0.000000,0.000000,0.000000,0.000000,0.000000,0.000000,0.660000,0.000000,0.050000,0.000000
1777208347.631895,0,0.000000,0.000000,0.000000,0.000000,0.000000,0.000000,0.850000,0.000000,0.110000,0.000000
1777208347.658549,0,0.000000,0.000000,0.000000,0.000000,0.000000,0.000000,1.000000,0.000000,0.000000,0.000000
1777208347.659042,0,0.000000,0.000000,0.000000,0.000000,0.000000,0.000000,1.000000,0.000000,0.050000,0.020000
1777208347.685558,0,0.000000,0.000000,0.000000,0.000000,0.000000,0.000000,0.020000,0.000000,0.110000,0.000000
1777208347.712849,0,0.000000,0.000000,0.000000,0.000000,0.000000,0.000000,0.180000,0.000000,0.000000,0.000000
1777208347.713351,0,0.000000,0.000000,0.000000,0.000000,0.000000,0.000000,0.330000,0.000000,0.180000,0.000000
1777208347.740996,0,0.000000,0.000000,0.000000,0.000000,0.000000,0.000000,0.470000,0.000000,0.050000,0.020000
1777208347.741478,0,0.000000,0.000000,0.000000,0.000000,0.000000,0.000000,0.630000,0.000000,0.000000,0.000000
1777208347.768163,0,0.000000,0.000000,0.000000,0.000000,0.000000,0.000000,0.790000,0.000000,0.050000,0.000000
1777208347.795017,0,0.000000,0.000000,0.000000,0.000000,0.000000,0.000000,0.930000,0.000000,0.000000,0.000000
1777208347.795509,0,0.000000,0.000000,0.000000,0.000000,0.000000,0.000000,1.000000,0.000000,0.000000,0.070000
1777208347.795890,0,0.000000,0.000000,0.000000,0.000000,0.000000,0.000000,1.000000,0.000000,0.050000,0.020000
1777208347.822971,0,0.000000,0.000000,0.000000,0.000000,0.000000,0.000000,1.000000,0.000000,0.110000,0.000000
1777208347.849772,0,0.000000,0.000000,0.000000,0.000000,0.000000,0.000000,1.000000,0.000000,0.050000,0.020000
1777208347.850249,0,0.000000,0.000000,0.000000,0.000000,0.000000,0.000000,1.000000,0.000000,0.180000,0.140000
1777208347.850633,0,0.000000,0.000000,0.000000,0.000000,0.000000,0.000000,1.000000,0.000000,0.000000,0.070000
1777208347.877026,0,0.000000,0.000000,0.000000,0.000000,0.000000,0.000000,1.000000,0.000000,0.110000,0.020000
1777208347.877838,0,0.000000,0.000000,0.000000,0.000000,0.000000,0.000000,1.000000,0.000000,0.000000,0.000000
1777208347.927178,0,0.000000,0.000000,0.000000,0.000000,0.000000,0.000000,0.090000,0.000000,0.050000,0.000000
1777208347.927690,0,0.000000,0.000000,0.000000,0.000000,0.000000,0.000000,0.230000,0.000000,0.000000,0.020000
1777208347.928112,0,0.000000,0.000000,0.000000,0.000000,0.000000,0.000000,0.400000,0.000000,0.110000,0.000000
1777208347.976976,0,0.000000,0.000000,0.000000,0.000000,0.000000,0.000000,0.550000,0.000000,0.110000,0.000000
1777208347.977512,0,0.000000,0.000000,0.000000,0.000000,0.000000,0.000000,0.680000,0.000000,0.050000,0.000000
1777208347.978059,0,0.000000,0.000000,0.000000,0.000000,0.000000,0.000000,0.850000,0.000000,0.000000,0.000000
1777208347.978451,0,0.000000,0.000000,0.000000,0.000000,0.000000,0.000000,0.010000,0.000000,0.000000,0.000000
1777208348.004385,0,0.000000,0.000000,0.000000,0.000000,0.000000,0.000000,0.180000,0.000000,0.050000,0.020000
1777208348.031143,0,0.000000,0.000000,0.000000,0.000000,0.000000,0.000000,0.330000,0.000000,0.000000,0.000000
1777208348.057964,0,0.000000,0.000000,0.000000,0.000000,0.000000,0.000000,0.470000,0.000000,0.000000,0.000000
1777208348.058487,0,0.000000,0.000000,0.000000,0.000000,0.000000,0.000000,0.640000,0.000000,0.000000,0.000000
1777208348.086368,0,0.000000,0.000000,0.000000,0.000000,0.000000,0.000000,0.800000,0.000000,0.050000,0.000000
1777208348.086845,0,0.000000,0.000000,0.000000,0.000000,0.000000,0.000000,0.940000,0.000000,0.110000,0.020000
1777208348.115209,0,0.000000,0.000000,0.000000,0.000000,0.000000,0.000000,1.000000,0.000000,0.050000,0.000000
1777208348.115804,0,0.000000,0.000000,0.000000,0.000000,0.000000,0.000000,1.000000,0.000000,0.000000,0.000000
1777208348.143514,0,0.000000,0.000000,0.000000,0.000000,0.000000,0.000000,1.000000,0.000000,0.000000,0.000000
1777208348.144093,0,0.000000,0.000000,0.000000,0.000000,0.000000,0.000000,1.000000,0.000000,0.000000,0.020000
1777208348.171430,0,0.000000,0.000000,0.000000,0.000000,0.000000,0.000000,0.000000,0.000000,0.050000,0.370000
1777208348.198841,0,0.000000,0.000000,0.000000,0.000000,0.000000,0.000000,0.070000,0.000000,0.250000,0.000000
1777208348.199332,0,0.000000,0.000000,0.000000,0.000000,0.000000,0.000000,0.180000,0.000000,0.050000,0.070000
1777208348.226593,0,0.000000,0.000000,0.000000,0.000000,0.200000,0.000000,0.310000,0.000000,0.000000,0.000000
1777208348.227152,0,0.000000,0.000000,0.000000,0.000000,0.560000,0.000000,0.430000,0.000000,0.110000,0.020000
1777208348.254653,0,0.000000,0.000000,0.000000,0.000000,0.970000,0.000000,0.560000,0.000000,0.000000,0.000000
1777208348.255196,0,0.000000,0.000000,0.000000,0.000000,1.000000,0.000000,0.680000,0.000000,0.050000,0.020000
1777208348.283931,0,0.000000,0.000000,0.000000,0.000000,1.000000,0.000000,0.800000,0.000000,0.000000,0.000000
1777208348.284431,0,0.000000,0.000000,0.000000,0.000000,0.000000,0.000000,0.930000,0.000000,0.250000,0.000000
1777208348.311644,0,0.000000,0.000000,0.000000,0.000000,0.280000,0.000000,1.000000,0.000000,0.000000,0.070000
1777208348.312141,0,0.000000,0.000000,0.000000,0.000000,0.560000,0.000000,1.000000,0.000000,0.050000,0.000000
1777208348.339819,0,0.000000,0.000000,0.000000,0.000000,0.810000,0.000000,1.000000,0.000000,0.110000,0.000000
1777208348.367611,0,0.000000,0.000000,0.000000,0.000000,0.020000,0.000000,1.000000,0.000000,0.000000,0.000000
1777208348.368111,0,0.000000,0.000000,0.000000,0.000000,0.300000,0.000000,1.000000,0.000000,0.000000,0.070000
1777208348.395546,0,0.000000,0.000000,0.000000,0.000000,0.570000,0.000000,1.000000,0.000000,0.110000,0.070000
1777208348.396025,0,0.000000,0.000000,0.000000,0.000000,0.820000,0.000000,1.000000,0.000000,0.000000,0.000000
1777208348.423320,0,0.000000,0.000000,0.000000,0.000000,1.000000,0.000000,1.000000,0.000000,0.110000,0.020000
1777208348.423826,0,0.000000,0.000000,0.000000,0.000000,1.000000,0.000000,1.000000,0.000000,0.050000,0.020000
1777208348.451364,0,0.000000,0.000000,0.000000,0.000000,1.000000,0.000000,0.010000,0.000000,0.000000,0.000000
1777208348.451921,0,0.000000,0.000000,0.000000,0.000000,1.000000,0.000000,0.100000,0.000000,0.000000,0.000000
1777208348.479152,0,0.000000,0.000000,0.000000,0.000000,1.000000,0.000000,0.180000,0.000000,0.110000,0.000000
1777208348.479685,0,0.000000,0.000000,0.000000,0.000000,1.000000,0.000000,0.280000,0.000000,0.110000,0.070000
1777208348.505948,0,0.000000,0.000000,0.000000,0.000000,1.000000,0.000000,0.360000,0.000000,0.000000,0.000000
1777208348.506610,0,0.000000,0.000000,0.000000,0.000000,1.000000,0.000000,0.440000,0.000000,0.110000,0.000000
1777208348.556579,0,0.000000,0.000000,0.000000,0.000000,1.000000,0.000000,0.540000,0.000000,0.000000,0.000000
1777208348.557093,0,0.000000,0.000000,0.000000,0.000000,0.000000,0.000000,0.620000,0.000000,0.250000,0.020000
1777208348.557554,0,0.000000,0.000000,0.000000,0.000000,0.250000,0.000000,0.700000,0.000000,0.050000,0.000000
1777208348.558457,0,0.000000,0.000000,0.000000,0.000000,0.510000,0.000000,0.790000,0.000000,0.050000,0.000000
1777208348.585155,0,0.000000,0.000000,0.000000,0.000000,0.810000,0.000000,0.870000,0.000000,0.180000,0.020000
1777208348.611742,0,0.000000,0.000000,0.000000,0.000000,0.000000,0.000000,0.970000,0.000000,0.250000,0.000000
1777208348.638957,0,0.000000,0.000000,0.000000,0.000000,0.200000,0.000000,1.000000,0.000000,0.110000,0.000000
1777208348.639466,0,0.000000,0.000000,0.000000,0.000000,0.410000,0.000000,1.000000,0.000000,0.000000,0.020000
1777208348.666286,0,0.000000,0.000000,0.000000,0.000000,0.620000,0.000000,1.000000,0.000000,0.000000,0.070000
1777208348.666782,0,0.000000,0.000000,0.000000,0.000000,0.850000,0.000000,1.000000,0.000000,0.110000,0.000000
1777208348.694198,0,0.000000,0.000000,0.000000,0.000000,1.000000,0.000000,0.000000,0.000000,0.180000,0.000000
1777208348.721385,0,0.000000,0.000000,0.000000,0.000000,1.000000,0.000000,0.070000,0.000000,0.050000,0.070000
1777208348.721894,0,0.000000,0.000000,0.000000,0.000000,1.000000,0.000000,0.150000,0.000000,0.050000,0.210000
1777208348.749060,0,0.000000,0.000000,0.000000,0.000000,1.000000,0.000000,0.210000,0.000000,0.000000,0.000000
1777208348.749569,0,0.000000,0.000000,0.000000,0.000000,1.000000,0.000000,0.280000,0.000000,0.180000,0.000000
1777208348.750108,0,0.000000,0.000000,0.000000,0.000000,1.000000,0.000000,0.340000,0.000000,0.050000,0.020000
1777208348.776233,0,0.000000,0.000000,0.000000,0.000000,1.000000,0.000000,0.410000,0.000000,0.000000,0.000000
1777208348.803272,0,0.000000,0.000000,0.000000,0.000000,0.050000,0.000000,0.490000,0.000000,0.050000,0.020000
1777208348.803779,0,0.000000,0.000000,0.000000,0.000000,0.280000,0.000000,0.030000,0.000000,0.050000,0.020000
1777208348.833272,0,0.000000,0.000000,0.000000,0.000000,0.500000,0.000000,0.100000,0.000000,0.050000,0.140000
1777208348.833788,0,0.000000,0.000000,0.000000,0.000000,0.730000,0.000000,0.180000,0.000000,0.000000,0.070000
1777208348.860298,0,0.000000,0.000000,0.000000,0.000000,0.940000,0.000000,0.250000,0.000000,0.000000,0.000000
1777208348.860795,0,0.000000,0.000000,0.000000,0.000000,1.000000,0.000000,0.330000,0.000000,0.050000,0.000000
1777208348.887472,0,0.000000,0.000000,0.000000,0.000000,1.000000,0.000000,0.400000,0.000000,0.050000,0.020000
1777208348.887980,0,0.000000,0.000000,0.000000,0.000000,1.000000,0.000000,0.470000,0.000000,0.000000,0.070000
1777208348.914302,0,0.000000,0.000000,0.000000,0.000000,1.000000,0.000000,0.550000,0.000000,0.050000,0.000000
1777208348.941585,0,0.000000,0.000000,0.000000,0.000000,1.000000,0.000000,0.620000,0.000000,0.110000,0.000000
1777208348.942078,0,0.000000,0.000000,0.000000,0.000000,1.000000,0.000000,0.690000,0.000000,0.000000,0.020000
1777208348.970066,0,0.000000,0.000000,0.000000,0.000000,1.000000,0.000000,0.770000,0.000000,0.050000,0.020000
1777208348.970608,0,0.000000,0.000000,0.000000,0.000000,1.000000,0.000000,0.850000,0.000000,0.180000,0.000000
1777208348.997426,0,0.000000,0.000000,0.000000,0.000000,1.000000,0.000000,0.930000,0.000000,0.110000,0.000000
1777208348.997923,0,0.000000,0.000000,0.000000,0.000000,1.000000,0.000000,1.000000,0.000000,0.050000,0.000000
1777208349.024982,0,0.000000,0.000000,0.000000,0.000000,1.000000,0.000000,1.000000,0.000000,0.110000,0.020000
1777208349.025870,0,0.000000,0.000000,0.000000,0.000000,0.070000,0.000000,1.000000,0.000000,0.050000,0.000000
1777208349.052793,0,0.000000,0.000000,0.000000,0.000000,0.310000,0.000000,1.000000,0.000000,0.000000,0.000000
1777208349.053418,0,0.000000,0.000000,0.000000,0.000000,0.510000,0.000000,1.000000,0.000000,0.110000,0.020000
1777208349.080411,0,0.000000,0.000000,0.000000,0.000000,0.750000,0.000000,1.000000,0.000000,0.050000,0.000000
1777208349.109799,0,0.000000,0.000000,0.000000,0.000000,0.980000,0.000000,1.000000,0.000000,0.000000,0.070000
1777208349.110459,0,0.000000,0.000000,0.000000,0.000000,1.000000,0.000000,1.000000,0.000000,0.110000,0.000000
1777208349.138567,0,0.000000,0.000000,0.000000,0.000000,1.000000,0.000000,0.000000,0.000000,0.000000,0.070000
1777208349.139066,0,0.000000,0.000000,0.000000,0.000000,1.000000,0.000000,0.050000,0.000000,0.050000,0.000000
1777208349.167133,0,0.000000,0.000000,0.000000,0.000000,1.000000,0.000000,0.120000,0.000000,0.050000,0.020000
1777208349.167640,0,0.000000,0.000000,0.000000,0.000000,1.000000,0.000000,0.180000,0.000000,0.000000,0.020000
1777208349.196574,0,0.000000,0.000000,0.000000,0.000000,1.000000,0.000000,0.250000,0.000000,0.000000,0.000000
1777208349.224064,0,0.000000,0.000000,0.000000,0.000000,1.000000,0.000000,0.310000,0.000000,0.110000,0.000000
1777208349.224720,0,0.000000,0.000000,0.000000,0.000000,1.000000,0.000000,0.380000,0.000000,0.000000,0.020000
1777208349.225270,0,0.000000,0.000000,0.000000,0.000000,1.000000,0.000000,0.440000,0.000000,0.050000,0.000000
1777208349.252571,0,0.000000,0.000000,0.000000,0.000000,1.000000,0.000000,0.510000,0.000000,0.050000,0.000000
1777208349.253165,0,0.000000,0.000000,0.000000,0.000000,1.000000,0.000000,0.570000,0.000000,0.000000,0.000000
1777208349.280025,0,0.000000,0.000000,0.000000,0.000000,1.000000,0.000000,0.660000,0.000000,0.050000,0.020000
1777208349.280684,0,0.000000,0.000000,0.000000,0.000000,1.000000,0.000000,0.720000,0.000000,0.050000,0.020000
1777208349.307609,0,0.000000,0.000000,0.000000,0.000000,1.000000,0.000000,0.790000,0.000000,0.110000,0.000000
1777208349.336988,0,0.000000,0.000000,0.000000,0.000000,1.000000,0.000000,0.850000,0.000000,0.000000,0.000000
1777208349.337634,0,0.000000,0.000000,0.000000,0.000000,1.000000,0.000000,0.920000,0.000000,0.050000,0.020000
1777208349.365036,0,0.000000,0.000000,0.000000,0.000000,1.000000,0.000000,0.990000,0.000000,0.050000,0.000000
1777208349.365526,0,0.000000,0.000000,0.000000,0.000000,1.000000,0.000000,1.000000,0.000000,0.050000,0.070000
1777208349.392320,0,0.000000,0.000000,0.000000,0.000000,1.000000,0.000000,1.000000,0.000000,0.110000,0.000000
1777208349.392827,0,0.000000,0.000000,0.000000,0.000000,1.000000,0.000000,1.000000,0.000000,0.050000,0.000000
1777208349.419860,0,0.000000,0.000000,0.000000,0.000000,1.000000,0.000000,1.000000,0.000000,0.050000,0.000000
1777208349.420448,0,0.000000,0.000000,0.000000,0.000000,1.000000,0.000000,1.000000,0.000000,0.000000,0.020000
1777208349.449217,0,0.000000,0.000000,0.000000,0.000000,1.000000,0.000000,0.030000,0.000000,0.050000,0.000000
1777208349.449835,0,0.000000,0.000000,0.000000,0.000000,1.000000,0.000000,0.100000,0.000000,0.000000,0.000000
1777208349.477279,0,0.000000,0.000000,0.000000,0.000000,1.000000,0.000000,0.150000,0.000000,0.000000,0.000000
1777208349.503829,0,0.000000,0.000000,0.000000,0.000000,0.050000,0.000000,0.210000,0.000000,0.000000,0.020000
1777208349.504354,0,0.000000,0.000000,0.000000,0.000000,0.250000,0.000000,0.280000,0.000000,0.000000,0.020000
1777208349.531628,0,0.000000,0.000000,0.000000,0.000000,0.460000,0.000000,0.340000,0.000000,0.000000,0.000000
1777208349.559984,0,0.000000,0.000000,0.000000,0.000000,0.700000,0.000000,0.400000,0.000000,0.050000,0.000000
1777208349.560493,0,0.000000,0.000000,0.000000,0.000000,0.930000,0.000000,0.460000,0.000000,0.050000,0.000000
1777208349.561038,0,0.000000,0.000000,0.000000,0.000000,1.000000,0.000000,0.510000,0.000000,0.110000,0.000000
1777208349.588567,0,0.000000,0.000000,0.000000,0.000000,0.120000,0.000000,0.570000,0.000000,0.110000,0.000000
1777208349.616146,0,0.000000,0.000000,0.000000,0.000000,0.340000,0.000000,0.640000,0.000000,0.000000,0.000000
1777208349.616672,0,0.000000,0.000000,0.000000,0.000000,0.560000,0.000000,0.700000,0.000000,0.000000,0.000000
1777208349.643503,0,0.000000,0.000000,0.000000,0.000000,0.790000,0.000000,0.760000,0.000000,0.110000,0.000000
1777208349.643994,0,0.000000,0.000000,0.000000,0.000000,1.000000,0.000000,0.820000,0.000000,0.110000,0.000000
1777208349.670635,0,0.000000,0.000000,0.000000,0.000000,1.000000,0.000000,0.880000,0.000000,0.110000,0.000000
1777208349.671139,0,0.000000,0.000000,0.000000,0.000000,1.000000,0.000000,0.940000,0.000000,0.000000,0.000000
1777208349.697698,0,0.000000,0.000000,0.000000,0.000000,1.000000,0.000000,1.000000,0.000000,0.000000,0.020000
1777208349.698504,0,0.000000,0.000000,0.000000,0.000000,1.000000,0.000000,1.000000,0.000000,0.050000,0.000000
1777208349.725781,0,0.000000,0.000000,0.000000,0.000000,1.000000,0.000000,1.000000,0.000000,0.050000,0.020000
1777208349.726288,0,0.000000,0.000000,0.000000,0.000000,1.000000,0.000000,1.000000,0.000000,0.000000,0.000000
1777208349.753597,0,0.000000,0.000000,0.000000,0.000000,1.000000,0.000000,1.000000,0.000000,0.000000,0.000000
1777208349.780359,0,0.000000,0.000000,0.000000,0.000000,1.000000,0.000000,1.000000,0.000000,0.000000,0.000000
1777208349.780842,0,0.000000,0.000000,0.000000,0.000000,1.000000,0.000000,1.000000,0.000000,0.050000,0.020000
1777208349.807549,0,0.000000,0.000000,0.000000,0.000000,1.000000,0.000000,1.000000,0.000000,0.000000,0.140000
1777208349.808088,0,0.000000,0.000000,0.000000,0.000000,1.000000,0.000000,1.000000,0.000000,0.110000,0.000000
1777208349.834724,0,0.000000,0.000000,0.000000,0.000000,1.000000,0.000000,1.000000,0.000000,0.050000,0.000000
1777208349.835227,0,0.000000,0.000000,0.000000,0.000000,1.000000,0.000000,1.000000,0.000000,0.050000,0.020000
1777208349.861675,0,0.000000,0.000000,0.000000,0.000000,1.000000,0.000000,0.000000,0.000000,0.050000,0.000000
1777208349.888393,0,0.000000,0.000000,0.000000,0.000000,1.000000,0.000000,0.050000,0.000000,0.000000,0.020000
1777208349.888901,0,0.000000,0.000000,0.000000,0.000000,1.000000,0.000000,0.100000,0.000000,0.000000,0.000000
1777208349.915343,0,0.000000,0.000000,0.000000,0.000000,1.000000,0.000000,0.150000,0.000000,0.000000,0.000000
1777208349.916115,0,0.000000,0.000000,0.000000,0.000000,1.000000,0.000000,0.180000,0.000000,0.050000,0.000000
1777208349.943875,0,0.000000,0.000000,0.000000,0.000000,1.000000,0.000000,0.230000,0.000000,0.000000,0.020000
1777208349.944388,0,0.000000,0.000000,0.000000,0.000000,0.000000,0.000000,0.270000,0.000000,0.250000,0.020000
1777208349.970743,0,0.000000,0.000000,0.000000,0.000000,0.200000,0.000000,0.310000,0.000000,0.050000,0.000000
1777208349.971244,0,0.000000,0.000000,0.000000,0.000000,0.430000,0.000000,0.360000,0.000000,0.110000,0.000000
1777208350.020696,0,0.000000,0.000000,0.000000,0.000000,0.640000,0.000000,0.400000,0.000000,0.050000,0.000000
1777208350.021214,0,0.000000,0.000000,0.000000,0.000000,0.870000,0.000000,0.430000,0.000000,0.050000,0.000000
1777208350.021605,0,0.000000,0.000000,0.000000,0.000000,1.000000,0.000000,0.490000,0.000000,0.110000,0.000000
1777208350.022048,0,0.000000,0.000000,0.000000,0.000000,1.000000,0.000000,0.510000,0.000000,0.110000,0.020000
1777208350.070221,0,0.000000,0.000000,0.000000,0.000000,0.000000,0.000000,0.560000,0.000000,0.250000,0.210000
1777208350.070725,0,0.000000,0.000000,0.000000,0.000000,0.180000,0.000000,0.620000,0.000000,0.000000,0.000000
1777208350.071284,0,0.000000,0.000000,0.000000,0.000000,0.100000,0.000000,0.660000,0.000000,0.050000,0.000000
1777208350.097217,0,0.000000,0.000000,0.000000,0.000000,0.310000,0.000000,0.700000,0.000000,0.000000,0.020000
1777208350.125888,0,0.000000,0.000000,0.000000,0.000000,0.540000,0.000000,0.750000,0.000000,0.050000,0.070000
1777208350.156046,0,0.000000,0.000000,0.000000,0.000000,0.750000,0.000000,0.790000,0.000000,0.050000,0.020000
1777208350.156553,0,0.000000,0.000000,0.000000,0.000000,0.970000,0.000000,0.820000,0.000000,0.110000,0.000000
1777208350.156945,0,0.000000,0.000000,0.000000,0.000000,1.000000,0.000000,0.870000,0.000000,0.110000,0.000000
1777208350.183348,0,0.000000,0.000000,0.000000,0.000000,1.000000,0.000000,0.920000,0.000000,0.000000,0.020000
1777208350.183830,0,0.000000,0.000000,0.000000,0.000000,1.000000,0.000000,0.950000,0.000000,0.000000,0.000000
1777208350.210320,0,0.000000,0.000000,0.000000,0.000000,1.000000,0.000000,1.000000,0.000000,0.050000,0.000000
1777208350.210831,0,0.000000,0.000000,0.000000,0.000000,1.000000,0.000000,1.000000,0.000000,0.000000,0.020000
1777208350.238198,0,0.000000,0.000000,0.000000,0.000000,1.000000,0.000000,1.000000,0.000000,0.000000,0.020000
1777208350.265614,0,0.000000,0.000000,0.000000,0.000000,1.000000,0.000000,1.000000,0.000000,0.050000,0.020000
1777208350.266098,0,0.000000,0.000000,0.000000,0.000000,1.000000,0.000000,1.000000,0.000000,0.000000,0.000000
1777208350.293000,0,0.000000,0.000000,0.000000,0.000000,1.000000,0.000000,1.000000,0.000000,0.000000,0.000000
1777208350.320417,0,0.000000,0.000000,0.000000,0.000000,1.000000,0.000000,1.000000,0.000000,0.000000,0.000000
1777208350.321113,0,0.000000,0.000000,0.000000,0.000000,1.000000,0.000000,1.000000,0.000000,0.000000,0.000000
1777208350.321724,0,0.000000,0.000000,0.000000,0.000000,1.000000,0.000000,1.000000,0.000000,0.050000,0.020000
1777208350.348484,0,0.000000,0.000000,0.000000,0.000000,1.000000,0.000000,1.000000,0.000000,0.050000,0.000000
1777208350.349115,0,0.000000,0.000000,0.000000,0.000000,1.000000,0.000000,1.000000,0.000000,0.050000,0.020000
1777208350.375320,0,0.000000,0.000000,0.000000,0.000000,1.000000,0.000000,1.000000,0.000000,0.000000,0.000000
1777208350.376002,0,0.000000,0.000000,0.000000,0.000000,1.000000,0.000000,1.000000,0.000000,0.110000,0.070000
1777208350.402657,0,0.000000,0.000000,0.000000,0.000000,1.000000,0.000000,1.000000,0.000000,0.050000,0.000000
1777208350.429724,0,0.000000,0.000000,0.000000,0.000000,1.000000,0.000000,1.000000,0.000000,0.000000,0.070000
1777208350.430332,0,0.000000,0.000000,0.000000,0.000000,1.000000,0.000000,1.000000,0.000000,0.000000,0.020000
1777208350.457009,0,0.000000,0.000000,0.000000,0.000000,1.000000,0.000000,1.000000,0.000000,0.000000,0.020000
1777208350.457673,0,0.000000,0.000000,0.000000,0.000000,1.000000,0.000000,1.000000,0.000000,0.050000,0.000000
1777208350.484131,0,0.000000,0.000000,0.000000,0.000000,1.000000,0.000000,1.000000,0.000000,0.050000,0.000000
1777208350.510741,0,0.000000,0.000000,0.000000,0.000000,1.000000,0.000000,1.000000,0.000000,0.000000,0.000000
1777208350.537851,0,0.000000,0.000000,0.000000,0.000000,1.000000,0.000000,1.000000,0.000000,0.050000,0.020000
1777208350.538540,0,0.000000,0.000000,0.000000,0.000000,1.000000,0.000000,1.000000,0.000000,0.050000,0.020000
1777208350.565375,0,0.000000,0.000000,0.000000,0.000000,1.000000,0.000000,1.000000,0.000000,0.110000,0.000000
1777208350.565856,0,0.000000,0.000000,0.000000,0.000000,1.000000,0.000000,1.000000,0.000000,0.000000,0.070000
1777208350.566235,0,0.000000,0.000000,0.000000,0.000000,1.000000,0.000000,1.000000,0.000000,0.000000,0.000000
1777208350.592225,0,0.000000,0.000000,0.000000,0.000000,1.000000,0.000000,1.000000,0.000000,0.110000,0.140000
1777208350.621520,0,0.000000,0.000000,0.000000,0.000000,1.000000,0.000000,1.000000,0.000000,0.000000,0.020000
1777208350.622017,0,0.000000,0.000000,0.000000,0.000000,1.000000,0.000000,1.000000,0.000000,0.000000,0.000000
1777208350.648785,0,0.000000,0.000000,0.000000,0.000000,1.000000,0.000000,1.000000,0.000000,0.110000,0.000000
1777208350.649325,0,0.000000,0.000000,0.000000,0.000000,1.000000,0.000000,0.010000,0.000000,0.000000,0.000000
1777208350.675952,0,0.000000,0.000000,0.000000,0.000000,1.000000,0.000000,0.070000,0.000000,0.180000,0.000000
1777208350.676645,0,0.000000,0.000000,0.000000,0.000000,1.000000,0.000000,0.100000,0.000000,0.000000,0.070000
1777208350.703654,0,0.000000,0.000000,0.000000,0.000000,0.010000,0.000000,0.150000,0.000000,0.000000,0.000000
1777208350.704148,0,0.000000,0.000000,0.000000,0.000000,0.230000,0.000000,0.000000,0.000000,0.000000,0.000000
1777208350.731131,0,0.000000,0.000000,0.000000,0.000000,0.440000,0.000000,0.050000,0.000000,0.050000,0.070000
1777208350.731634,0,0.000000,0.000000,0.000000,0.000000,0.670000,0.000000,0.090000,0.000000,0.050000,0.000000
1777208350.758461,0,0.000000,0.000000,0.000000,0.000000,0.890000,0.000000,0.140000,0.000000,0.110000,0.000000
1777208350.785433,0,0.000000,0.000000,0.000000,0.000000,1.000000,0.000000,0.180000,0.000000,0.000000,0.000000
1777208350.786163,0,0.000000,0.000000,0.000000,0.000000,0.100000,0.000000,0.230000,0.000000,0.110000,0.000000
1777208350.812570,0,0.000000,0.000000,0.000000,0.000000,0.310000,0.000000,0.270000,0.000000,0.050000,0.100000
1777208350.813179,0,0.000000,0.000000,0.000000,0.000000,0.540000,0.000000,0.310000,0.000000,0.050000,0.000000
1777208350.842208,0,0.000000,0.000000,0.000000,0.000000,0.760000,0.000000,0.360000,0.000000,0.000000,0.000000
1777208350.869529,0,0.000000,0.000000,0.000000,0.000000,0.050000,0.000000,0.400000,0.000000,0.000000,0.020000
1777208350.870022,0,0.000000,0.000000,0.000000,0.000000,0.340000,0.000000,0.440000,0.000000,0.050000,0.000000
1777208350.870409,0,0.000000,0.000000,0.000000,0.000000,0.000000,0.000000,0.490000,0.000000,0.250000,0.020000
1777208350.897848,0,0.000000,0.000000,0.000000,0.000000,0.230000,0.000000,0.510000,0.000000,0.000000,0.000000
1777208350.924989,0,0.000000,0.000000,0.000000,0.000000,0.500000,0.000000,0.570000,0.000000,0.050000,0.020000
1777208350.925512,0,0.000000,0.000000,0.000000,0.000000,0.750000,0.000000,0.620000,0.000000,0.050000,0.020000
1777208350.952437,0,0.000000,0.000000,0.000000,0.000000,1.000000,0.000000,0.670000,0.000000,0.000000,0.070000
1777208350.952963,0,0.000000,0.000000,0.000000,0.000000,1.000000,0.000000,0.700000,0.000000,0.050000,0.000000
1777208350.980716,0,0.000000,0.000000,0.000000,0.000000,1.000000,0.000000,0.010000,0.000000,0.000000,0.000000
1777208350.981213,0,0.000000,0.000000,0.000000,0.000000,1.000000,0.000000,0.070000,0.000000,0.000000,0.020000
1777208351.008404,0,0.000000,0.000000,0.000000,0.000000,1.000000,0.000000,0.100000,0.000000,0.050000,0.020000
1777208351.035285,0,0.000000,0.000000,0.000000,0.000000,1.000000,0.000000,0.150000,0.000000,0.000000,0.070000
1777208351.035770,0,0.000000,0.000000,0.000000,0.000000,0.090000,0.000000,0.200000,0.000000,0.050000,0.000000
1777208351.062725,0,0.000000,0.000000,0.000000,0.000000,0.280000,0.000000,0.250000,0.000000,0.180000,0.000000
1777208351.063215,0,0.000000,0.000000,0.000000,0.000000,0.460000,0.000000,0.300000,0.000000,0.050000,0.000000
1777208351.089552,0,0.000000,0.000000,0.000000,0.000000,0.630000,0.000000,0.340000,0.000000,0.110000,0.020000
1777208351.118857,0,0.000000,0.000000,0.000000,0.000000,0.810000,0.000000,0.380000,0.000000,0.050000,0.020000
1777208351.119379,0,0.000000,0.000000,0.000000,0.000000,1.000000,0.000000,0.430000,0.000000,0.110000,0.000000
1777208351.150146,0,0.000000,0.000000,0.000000,0.000000,1.000000,0.000000,0.490000,0.000000,0.000000,0.000000
1777208351.150641,0,0.000000,0.000000,0.000000,0.000000,0.000000,0.000000,0.510000,0.000000,0.250000,0.000000
1777208351.151028,0,0.000000,0.000000,0.000000,0.000000,0.150000,0.000000,0.570000,0.000000,0.000000,0.020000
1777208351.180847,0,0.000000,0.000000,0.000000,0.000000,0.300000,0.000000,0.620000,0.000000,0.000000,0.020000
1777208351.181341,0,0.000000,0.000000,0.000000,0.000000,0.430000,0.000000,0.000000,0.000000,0.000000,0.280000
1777208351.208321,0,0.000000,0.000000,0.000000,0.000000,0.570000,0.000000,0.030000,0.000000,0.050000,0.000000
1777208351.208855,0,0.000000,0.000000,0.000000,0.000000,0.750000,0.000000,0.090000,0.000000,0.110000,0.000000
1777208351.235946,0,0.000000,0.000000,0.000000,0.000000,0.090000,0.000000,0.140000,0.000000,0.110000,0.000000
1777208351.236629,0,0.000000,0.000000,0.000000,0.000000,0.090000,0.000000,0.000000,0.000000,0.000000,0.000000
1777208351.263417,0,0.000000,0.000000,0.000000,0.000000,0.230000,0.000000,0.070000,0.000000,0.000000,0.020000
1777208351.264007,0,0.000000,0.000000,0.000000,0.000000,0.370000,0.000000,0.110000,0.000000,0.000000,0.000000
1777208351.290871,0,0.000000,0.000000,0.000000,0.000000,0.500000,0.000000,0.170000,0.000000,0.000000,0.020000
1777208351.317224,0,0.000000,0.000000,0.000000,0.000000,0.630000,0.000000,0.210000,0.000000,0.110000,0.020000
1777208351.317704,0,0.000000,0.000000,0.000000,0.000000,0.760000,0.000000,0.270000,0.000000,0.110000,0.000000
1777208351.344032,0,0.000000,0.000000,0.000000,0.000000,0.910000,0.000000,0.310000,0.000000,0.180000,0.100000
1777208351.344523,0,0.000000,0.000000,0.000000,0.000000,1.000000,0.000000,0.370000,0.000000,0.110000,0.020000
1777208351.371137,0,0.000000,0.000000,0.000000,0.000000,1.000000,0.000000,0.410000,0.000000,0.050000,0.100000
1777208351.371619,0,0.000000,0.000000,0.000000,0.000000,1.000000,0.000000,0.460000,0.000000,0.000000,0.000000
1777208351.397993,0,0.000000,0.000000,0.000000,0.000000,0.000000,0.000000,0.510000,0.000000,0.310000,0.020000
1777208351.398484,0,0.000000,0.000000,0.000000,0.000000,0.120000,0.000000,0.560000,0.000000,0.000000,0.000000
1777208351.424869,0,0.000000,0.000000,0.000000,0.000000,0.250000,0.000000,0.620000,0.000000,0.050000,0.100000
1777208351.453091,0,0.000000,0.000000,0.000000,0.000000,0.380000,0.000000,0.670000,0.000000,0.000000,0.000000
1777208351.453580,0,0.000000,0.000000,0.000000,0.000000,0.510000,0.000000,0.720000,0.000000,0.050000,0.000000
1777208351.480703,0,0.000000,0.000000,0.000000,0.000000,0.630000,0.000000,0.760000,0.000000,0.000000,0.020000
1777208351.507692,0,0.000000,0.000000,0.000000,0.000000,0.770000,0.000000,0.810000,0.000000,0.050000,0.000000
1777208351.508197,0,0.000000,0.000000,0.000000,0.000000,0.890000,0.000000,0.870000,0.000000,0.050000,0.000000
1777208351.535540,0,0.000000,0.000000,0.000000,0.000000,1.000000,0.000000,0.920000,0.000000,0.000000,0.000000
1777208351.562078,0,0.000000,0.000000,0.000000,0.000000,1.000000,0.000000,0.970000,0.000000,0.050000,0.000000
1777208351.562570,0,0.000000,0.000000,0.000000,0.000000,1.000000,0.000000,1.000000,0.000000,0.110000,0.140000
1777208351.562981,0,0.000000,0.000000,0.000000,0.000000,1.000000,0.000000,1.000000,0.000000,0.000000,0.020000
1777208351.589708,0,0.000000,0.000000,0.000000,0.000000,1.000000,0.000000,0.010000,0.000000,0.000000,0.020000
1777208351.590346,0,0.000000,0.000000,0.000000,0.000000,1.000000,0.000000,0.070000,0.000000,0.000000,0.000000
1777208351.616410,0,0.000000,0.000000,0.000000,0.000000,1.000000,0.000000,0.120000,0.000000,0.180000,0.000000
1777208351.643668,0,0.000000,0.000000,0.000000,0.000000,1.000000,0.000000,0.180000,0.000000,0.050000,0.000000
1777208351.644163,0,0.000000,0.000000,0.000000,0.000000,1.000000,0.000000,0.230000,0.000000,0.000000,0.000000
1777208351.672317,0,0.000000,0.000000,0.000000,0.000000,1.000000,0.000000,0.300000,0.000000,0.000000,0.020000
1777208351.672808,0,0.000000,0.000000,0.000000,0.000000,1.000000,0.000000,0.360000,0.000000,0.000000,0.000000
1777208351.721743,0,0.000000,0.000000,0.000000,0.000000,1.000000,0.000000,0.410000,0.000000,0.000000,0.000000
1777208351.722289,0,0.000000,0.000000,0.000000,0.000000,1.000000,0.000000,0.470000,0.000000,0.050000,0.000000
1777208351.722932,0,0.000000,0.000000,0.000000,0.000000,1.000000,0.000000,0.540000,0.000000,0.050000,0.000000
1777208351.723533,0,0.000000,0.000000,0.000000,0.000000,1.000000,0.000000,0.570000,0.000000,0.000000,0.000000
1777208351.724045,0,0.000000,0.000000,0.000000,0.000000,0.070000,0.000000,0.640000,0.000000,0.000000,0.000000
1777208351.749853,0,0.000000,0.000000,0.000000,0.000000,0.200000,0.000000,0.700000,0.000000,0.180000,0.000000
1777208351.798306,0,0.000000,0.000000,0.000000,0.000000,0.030000,0.000000,0.750000,0.000000,0.050000,0.020000
1777208351.798814,0,0.000000,0.000000,0.000000,0.000000,0.200000,0.000000,0.010000,0.000000,0.000000,0.020000
1777208351.799207,0,0.000000,0.000000,0.000000,0.000000,0.360000,0.000000,0.070000,0.000000,0.050000,0.020000
1777208351.799730,0,0.000000,0.000000,0.000000,0.000000,0.510000,0.000000,0.140000,0.000000,0.110000,0.070000
1777208351.800117,0,0.000000,0.000000,0.000000,0.000000,0.680000,0.000000,0.200000,0.000000,0.000000,0.000000
1777208351.848363,0,0.000000,0.000000,0.000000,0.000000,0.850000,0.000000,0.250000,0.000000,0.000000,0.020000
1777208351.848878,0,0.000000,0.000000,0.000000,0.000000,1.000000,0.000000,0.310000,0.000000,0.000000,0.000000
1777208351.849294,0,0.000000,0.000000,0.000000,0.000000,1.000000,0.000000,0.370000,0.000000,0.000000,0.000000
1777208351.896724,0,0.000000,0.000000,0.000000,0.000000,1.000000,0.000000,0.430000,0.000000,0.050000,0.000000
1777208351.897274,0,0.000000,0.000000,0.000000,0.000000,1.000000,0.000000,0.490000,0.000000,0.000000,0.000000
1777208351.947005,0,0.000000,0.000000,0.000000,0.000000,1.000000,0.000000,0.550000,0.000000,0.000000,0.000000
1777208351.947511,0,0.000000,0.000000,0.000000,0.000000,1.000000,0.000000,0.000000,0.000000,0.110000,0.000000
1777208351.948242,0,0.000000,0.000000,0.000000,0.000000,0.000000,0.000000,0.070000,0.000000,0.250000,0.000000
1777208351.975253,0,0.000000,0.000000,0.000000,0.000000,0.110000,0.000000,0.000000,0.000000,0.110000,0.250000
1777208352.004047,0,0.000000,0.000000,0.000000,0.000000,0.230000,0.000000,0.000000,0.000000,0.050000,0.000000
1777208352.004559,0,0.000000,0.000000,0.000000,0.000000,0.360000,0.000000,0.070000,0.000000,0.000000,0.000000
1777208352.031229,0,0.000000,0.000000,0.000000,0.000000,0.470000,0.000000,0.140000,0.000000,0.050000,0.000000
1777208352.058850,0,0.000000,0.000000,0.000000,0.000000,0.610000,0.000000,0.200000,0.000000,0.050000,0.070000
1777208352.059351,0,0.000000,0.000000,0.000000,0.000000,0.730000,0.000000,0.280000,0.000000,0.110000,0.000000
1777208352.085982,0,0.000000,0.000000,0.000000,0.000000,0.860000,0.000000,0.340000,0.000000,0.000000,0.000000
1777208352.086481,0,0.000000,0.000000,0.000000,0.000000,0.980000,0.000000,0.400000,0.000000,0.050000,0.020000
1777208352.087059,0,0.000000,0.000000,0.000000,0.000000,1.000000,0.000000,0.470000,0.000000,0.110000,0.020000
1777208352.114859,0,0.000000,0.000000,0.000000,0.000000,1.000000,0.000000,0.550000,0.000000,0.050000,0.070000
1777208352.143576,0,0.000000,0.000000,0.000000,0.000000,1.000000,0.000000,0.610000,0.000000,0.050000,0.000000
1777208352.144299,0,0.000000,0.000000,0.000000,0.000000,0.050000,0.000000,0.680000,0.000000,0.000000,0.000000
1777208352.174085,0,0.000000,0.000000,0.000000,0.000000,0.150000,0.000000,0.740000,0.000000,0.050000,0.000000
1777208352.174696,0,0.000000,0.000000,0.000000,0.000000,0.280000,0.000000,0.810000,0.000000,0.050000,0.000000
1777208352.202449,0,0.000000,0.000000,0.000000,0.000000,0.400000,0.000000,0.870000,0.000000,0.000000,0.000000
1777208352.202935,0,0.000000,0.000000,0.000000,0.000000,0.510000,0.000000,0.940000,0.000000,0.000000,0.070000
1777208352.230371,0,0.000000,0.000000,0.000000,0.000000,0.630000,0.000000,1.000000,0.000000,0.110000,0.000000
1777208352.257338,0,0.000000,0.000000,0.000000,0.000000,0.070000,0.000000,1.000000,0.000000,0.050000,0.140000
1777208352.257842,0,0.000000,0.000000,0.000000,0.000000,0.180000,0.000000,1.000000,0.000000,0.110000,0.000000
1777208352.258233,0,0.000000,0.000000,0.000000,0.000000,0.000000,0.000000,1.000000,0.000000,0.050000,0.000000
1777208352.284881,0,0.000000,0.000000,0.000000,0.000000,0.010000,0.000000,1.000000,0.000000,0.050000,0.000000
1777208352.285431,0,0.000000,0.000000,0.000000,0.000000,0.070000,0.000000,1.000000,0.000000,0.000000,0.000000
1777208352.312673,0,0.000000,0.000000,0.000000,0.000000,0.730000,0.000000,0.010000,0.000000,0.000000,0.000000
1777208352.340119,0,0.000000,0.000000,0.000000,0.000000,1.000000,0.000000,0.070000,0.000000,0.180000,0.000000
1777208352.340614,0,0.000000,0.000000,0.000000,0.000000,1.000000,0.000000,0.140000,0.000000,0.000000,0.000000
1777208352.367962,0,0.000000,0.000000,0.000000,0.000000,1.000000,0.000000,0.000000,0.000000,0.110000,0.000000
1777208352.368887,0,0.000000,0.000000,0.000000,0.000000,1.000000,0.000000,0.090000,0.000000,0.050000,0.020000
1777208352.396665,0,0.000000,0.000000,0.000000,0.000000,1.000000,0.000000,0.180000,0.000000,0.000000,0.000000
1777208352.397262,0,0.000000,0.000000,0.000000,0.000000,1.000000,0.000000,0.270000,0.000000,0.000000,0.070000
1777208352.424049,0,0.000000,0.000000,0.000000,0.000000,1.000000,0.000000,0.360000,0.000000,0.110000,0.000000
1777208352.424665,0,0.000000,0.000000,0.000000,0.000000,0.340000,0.000000,0.440000,0.000000,0.000000,0.020000
1777208352.451700,0,0.000000,0.000000,0.000000,0.000000,0.940000,0.000000,0.510000,0.000000,0.050000,0.070000
1777208352.479219,0,0.000000,0.000000,0.000000,0.000000,1.000000,0.000000,0.070000,0.000000,0.050000,0.000000
1777208352.479728,0,0.000000,0.000000,0.000000,0.000000,1.000000,0.000000,0.180000,0.000000,0.050000,0.000000
1777208352.507211,0,0.000000,0.000000,0.000000,0.000000,0.000000,0.000000,0.280000,0.000000,0.250000,0.000000
1777208352.507867,0,0.000000,0.000000,0.000000,0.000000,0.300000,0.000000,0.370000,0.000000,0.000000,0.000000
1777208352.534634,0,0.000000,0.000000,0.000000,0.000000,0.800000,0.000000,0.470000,0.000000,0.000000,0.000000
1777208352.535147,0,0.000000,0.000000,0.000000,0.000000,1.000000,0.000000,0.570000,0.000000,0.000000,0.000000
1777208352.563485,0,0.000000,0.000000,0.000000,0.000000,1.000000,0.000000,0.680000,0.000000,0.000000,0.000000
1777208352.589791,0,0.000000,0.000000,0.000000,0.000000,1.000000,0.000000,0.760000,0.000000,0.110000,0.000000
1777208352.590285,0,0.000000,0.000000,0.000000,0.000000,1.000000,0.000000,0.870000,0.000000,0.110000,0.000000
1777208352.590668,0,0.000000,0.000000,0.000000,0.000000,1.000000,0.000000,0.980000,0.000000,0.110000,0.000000
1777208352.617527,0,0.000000,0.000000,0.000000,0.000000,1.000000,0.000000,1.000000,0.000000,0.110000,0.000000
1777208352.644822,0,0.000000,0.000000,0.000000,0.000000,1.000000,0.000000,1.000000,0.000000,0.000000,0.000000
1777208352.645329,0,0.000000,0.000000,0.000000,0.000000,1.000000,0.000000,1.000000,0.000000,0.110000,0.100000
1777208352.671927,0,0.000000,0.000000,0.000000,0.000000,1.000000,0.000000,1.000000,0.000000,0.110000,0.020000
1777208352.699005,0,0.000000,0.000000,0.000000,0.000000,1.000000,0.000000,1.000000,0.000000,0.110000,0.000000
1777208352.699479,0,0.000000,0.000000,0.000000,0.000000,1.000000,0.000000,1.000000,0.000000,0.000000,0.000000
1777208352.725899,0,0.000000,0.000000,0.000000,0.000000,1.000000,0.000000,1.000000,0.000000,0.050000,0.000000
1777208352.726398,0,0.000000,0.000000,0.000000,0.000000,1.000000,0.000000,1.000000,0.000000,0.000000,0.020000
1777208352.726784,0,0.000000,0.000000,0.000000,0.000000,1.000000,0.000000,1.000000,0.000000,0.000000,0.070000
1777208352.753509,0,0.000000,0.000000,0.000000,0.000000,1.000000,0.000000,1.000000,0.000000,0.000000,0.020000
1777208352.779825,0,0.000000,0.000000,0.000000,0.000000,1.000000,0.000000,1.000000,0.000000,0.110000,0.000000
1777208352.780302,0,0.000000,0.000000,0.000000,0.000000,1.000000,0.000000,1.000000,0.000000,0.000000,0.000000
1777208352.806799,0,0.000000,0.000000,0.000000,0.000000,1.000000,0.000000,1.000000,0.000000,0.000000,0.100000
1777208352.807293,0,0.000000,0.000000,0.000000,0.000000,1.000000,0.000000,1.000000,0.000000,0.000000,0.000000
1777208352.834489,0,0.000000,0.000000,0.000000,0.000000,1.000000,0.000000,1.000000,0.000000,0.000000,0.000000
1777208352.860737,0,0.000000,0.000000,0.000000,0.000000,1.000000,0.000000,1.000000,0.000000,0.050000,0.020000
1777208352.861253,0,0.000000,0.000000,0.000000,0.000000,1.000000,0.000000,1.000000,0.000000,0.050000,0.000000
1777208352.888610,0,0.000000,0.000000,0.000000,0.000000,1.000000,0.000000,1.000000,0.000000,0.110000,0.000000
1777208352.889252,0,0.000000,0.000000,0.000000,0.000000,1.000000,0.000000,0.000000,0.000000,0.000000,0.280000
1777208352.916188,0,0.000000,0.000000,0.000000,0.000000,1.000000,0.000000,0.070000,0.000000,0.050000,0.000000
1777208352.943546,0,0.000000,0.000000,0.000000,0.000000,1.000000,0.000000,0.150000,0.000000,0.110000,0.020000
1777208352.969839,0,0.000000,0.000000,0.000000,0.000000,1.000000,0.000000,0.210000,0.000000,0.050000,0.000000
1777208352.970490,0,0.000000,0.000000,0.000000,0.000000,0.120000,0.000000,0.300000,0.000000,0.050000,0.000000
1777208352.970921,0,0.000000,0.000000,0.000000,0.000000,0.620000,0.000000,0.370000,0.000000,0.000000,0.000000
1777208353.020950,0,0.000000,0.000000,0.000000,0.000000,1.000000,0.000000,0.460000,0.000000,0.110000,0.020000
1777208353.021657,0,0.000000,0.000000,0.000000,0.000000,1.000000,0.000000,0.540000,0.000000,0.000000,0.000000
1777208353.022071,0,0.000000,0.000000,0.000000,0.000000,1.000000,0.000000,0.620000,0.000000,0.050000,0.000000
1777208353.022440,0,0.000000,0.000000,0.000000,0.000000,1.000000,0.000000,0.050000,0.000000,0.050000,0.100000
1777208353.022803,0,0.000000,0.000000,0.000000,0.000000,1.000000,0.000000,0.110000,0.000000,0.050000,0.070000
1777208353.072260,0,0.000000,0.000000,0.000000,0.000000,1.000000,0.000000,0.180000,0.000000,0.000000,0.000000
1777208353.072791,0,0.000000,0.000000,0.000000,0.000000,1.000000,0.000000,0.250000,0.000000,0.110000,0.070000
1777208353.121924,0,0.000000,0.000000,0.000000,0.000000,1.000000,0.000000,0.330000,0.000000,0.000000,0.020000
1777208353.122410,0,0.000000,0.000000,0.000000,0.000000,1.000000,0.000000,0.400000,0.000000,0.000000,0.000000
1777208353.122803,0,0.000000,0.000000,0.000000,0.000000,1.000000,0.000000,0.460000,0.000000,0.000000,0.000000
1777208353.123187,0,0.000000,0.000000,0.000000,0.000000,1.000000,0.000000,0.510000,0.000000,0.000000,0.180000
1777208353.123578,0,0.000000,0.000000,0.000000,0.000000,1.000000,0.000000,0.600000,0.000000,0.050000,0.000000
1777208353.150598,0,0.000000,0.000000,0.000000,0.000000,1.000000,0.000000,0.670000,0.000000,0.110000,0.000000
1777208353.204246,0,0.000000,0.000000,0.000000,0.000000,1.000000,0.000000,0.740000,0.000000,0.000000,0.000000
1777208353.204830,0,0.000000,0.000000,0.000000,0.000000,1.000000,0.000000,0.810000,0.000000,0.000000,0.000000
1777208353.205215,0,0.000000,0.000000,0.000000,0.000000,1.000000,0.000000,0.870000,0.000000,0.050000,0.000000
1777208353.252224,0,0.000000,0.000000,0.000000,0.000000,1.000000,0.000000,0.940000,0.000000,0.000000,0.020000
1777208353.301194,0,0.000000,0.000000,0.000000,0.000000,1.000000,0.000000,1.000000,0.000000,0.000000,0.000000
1777208353.301704,0,0.000000,0.000000,0.000000,0.000000,1.000000,0.000000,1.000000,0.000000,0.110000,0.000000
1777208353.302126,0,0.000000,0.000000,0.000000,0.000000,1.000000,0.000000,1.000000,0.000000,0.110000,0.000000
1777208353.302685,0,0.000000,0.000000,0.000000,0.000000,1.000000,0.000000,1.000000,0.000000,0.000000,0.000000
1777208353.351514,0,0.000000,0.000000,0.000000,0.000000,1.000000,0.000000,1.000000,0.000000,0.050000,0.000000
1777208353.352043,0,0.000000,0.000000,0.000000,0.000000,1.000000,0.000000,0.000000,0.000000,0.000000,0.000000
1777208353.352633,0,0.000000,0.000000,0.000000,0.000000,1.000000,0.000000,0.050000,0.000000,0.050000,0.020000
1777208353.353052,0,0.000000,0.000000,0.000000,0.000000,1.000000,0.000000,0.100000,0.000000,0.000000,0.000000
1777208353.353445,0,0.000000,0.000000,0.000000,0.000000,1.000000,0.000000,0.150000,0.000000,0.000000,0.000000
1777208353.410385,0,0.000000,0.000000,0.000000,0.000000,1.000000,0.000000,0.200000,0.000000,0.110000,0.000000
1777208353.460160,0,0.000000,0.000000,0.000000,0.000000,1.000000,0.000000,0.250000,0.000000,0.000000,0.000000
1777208353.460680,0,0.000000,0.000000,0.000000,0.000000,1.000000,0.000000,0.310000,0.000000,0.000000,0.020000
1777208353.461079,0,0.000000,0.000000,0.000000,0.000000,0.200000,0.000000,0.360000,0.000000,0.000000,0.070000
1777208353.461462,0,0.000000,0.000000,0.000000,0.000000,0.690000,0.000000,0.400000,0.000000,0.180000,0.000000
1777208353.461842,0,0.000000,0.000000,0.000000,0.000000,1.000000,0.000000,0.460000,0.000000,0.000000,0.020000
1777208353.462598,0,0.000000,0.000000,0.000000,0.000000,1.000000,0.000000,0.510000,0.000000,0.110000,0.020000
1777208353.510910,0,0.000000,0.000000,0.000000,0.000000,1.000000,0.000000,0.560000,0.000000,0.050000,0.020000
1777208353.559475,0,0.000000,0.000000,0.000000,0.000000,1.000000,0.000000,0.620000,0.000000,0.110000,0.000000
1777208353.607791,0,0.000000,0.000000,0.000000,0.000000,1.000000,0.000000,0.680000,0.000000,0.110000,0.020000
1777208353.608261,0,0.000000,0.000000,0.000000,0.000000,1.000000,0.000000,0.730000,0.000000,0.000000,0.000000
1777208353.608640,0,0.000000,0.000000,0.000000,0.000000,1.000000,0.000000,0.770000,0.000000,0.110000,0.000000
1777208353.609027,0,0.000000,0.000000,0.000000,0.000000,1.000000,0.000000,0.930000,0.000000,0.050000,0.000000
1777208353.656578,0,0.000000,0.000000,0.000000,0.000000,0.730000,0.000000,1.000000,0.000000,0.000000,0.000000
1777208353.657100,0,0.000000,0.000000,0.000000,0.000000,1.000000,0.000000,1.000000,0.000000,0.000000,0.000000
1777208353.683893,0,0.000000,0.000000,0.000000,0.000000,1.000000,0.000000,1.000000,0.000000,0.000000,0.000000
1777208353.684439,0,0.000000,0.000000,0.000000,0.000000,1.000000,0.000000,1.000000,0.000000,0.000000,0.000000
1777208353.710919,0,0.000000,0.000000,0.000000,0.000000,1.000000,0.000000,1.000000,0.000000,0.000000,0.000000
1777208353.738223,0,0.000000,0.000000,0.000000,0.000000,1.000000,0.000000,1.000000,0.000000,0.000000,0.020000
1777208353.738710,0,0.000000,0.000000,0.000000,0.000000,1.000000,0.000000,1.000000,0.000000,0.050000,0.000000
1777208353.765733,0,0.000000,0.000000,0.000000,0.000000,1.000000,0.000000,1.000000,0.000000,0.110000,0.000000
1777208353.766223,0,0.000000,0.000000,0.000000,0.000000,1.000000,0.000000,1.000000,0.000000,0.110000,0.000000
1777208353.792293,0,0.000000,0.000000,0.000000,0.000000,1.000000,0.000000,1.000000,0.000000,0.050000,0.000000
1777208353.792798,0,0.000000,0.000000,0.000000,0.000000,1.000000,0.000000,1.000000,0.000000,0.050000,0.000000
1777208353.843065,0,0.000000,0.000000,0.000000,0.000000,1.000000,0.000000,1.000000,0.000000,0.050000,0.000000
1777208353.843658,0,0.000000,0.000000,0.000000,0.000000,1.000000,0.000000,1.000000,0.000000,0.000000,0.000000
1777208353.844083,0,0.000000,0.000000,0.000000,0.000000,1.000000,0.000000,1.000000,0.000000,0.000000,0.000000
1777208353.844626,0,0.000000,0.000000,0.000000,0.000000,1.000000,0.000000,1.000000,0.000000,0.000000,0.020000
1777208353.893054,0,0.000000,0.000000,0.000000,0.000000,1.000000,0.000000,1.000000,0.000000,0.000000,0.000000
1777208353.893566,0,0.000000,0.000000,0.000000,0.000000,1.000000,0.000000,1.000000,0.000000,0.000000,0.000000
1777208353.893963,0,0.000000,0.000000,0.000000,0.000000,1.000000,0.000000,1.000000,0.000000,0.000000,0.000000
1777208353.942112,0,0.000000,0.000000,0.000000,0.000000,1.000000,0.000000,1.000000,0.000000,0.180000,0.000000
1777208353.942604,0,0.000000,0.000000,0.000000,0.000000,1.000000,0.000000,1.000000,0.000000,0.000000,0.000000
1777208353.943159,0,0.000000,0.000000,0.000000,0.000000,1.000000,0.000000,1.000000,0.000000,0.050000,0.020000
1777208353.943566,0,0.000000,0.000000,0.000000,0.000000,0.100000,0.000000,1.000000,0.000000,0.000000,0.070000
1777208353.991984,0,0.000000,0.000000,0.000000,0.000000,0.600000,0.000000,1.000000,0.000000,0.050000,0.000000
1777208353.992483,0,0.000000,0.000000,0.000000,0.000000,1.000000,0.000000,1.000000,0.000000,0.000000,0.070000
1777208354.018429,0,0.000000,0.000000,0.000000,0.000000,1.000000,0.000000,1.000000,0.000000,0.110000,0.000000
1777208354.067745,0,0.000000,0.000000,0.000000,0.000000,1.000000,0.000000,1.000000,0.000000,0.110000,0.020000
1777208354.068260,0,0.000000,0.000000,0.000000,0.000000,1.000000,0.000000,1.000000,0.000000,0.050000,0.020000
1777208354.068652,0,0.000000,0.000000,0.000000,0.000000,1.000000,0.000000,0.010000,0.000000,0.110000,0.000000
1777208354.069220,0,0.000000,0.000000,0.000000,0.000000,1.000000,0.000000,0.050000,0.000000,0.000000,0.000000
1777208354.069622,0,0.000000,0.000000,0.000000,0.000000,1.000000,0.000000,0.090000,0.000000,0.050000,0.000000
1777208354.095776,0,0.000000,0.000000,0.000000,0.000000,1.000000,0.000000,0.120000,0.000000,0.050000,0.000000
1777208354.122368,0,0.000000,0.000000,0.000000,0.000000,1.000000,0.000000,0.000000,0.000000,0.110000,0.000000
1777208354.173693,0,0.000000,0.000000,0.000000,0.000000,0.000000,0.000000,0.050000,0.000000,0.310000,0.100000
1777208354.174202,0,0.000000,0.000000,0.000000,0.000000,0.510000,0.000000,0.090000,0.000000,0.180000,0.020000
1777208354.174590,0,0.000000,0.000000,0.000000,0.000000,0.140000,0.000000,0.000000,0.000000,0.110000,0.000000
1777208354.174956,0,0.000000,0.000000,0.000000,0.000000,0.550000,0.000000,0.050000,0.000000,0.000000,0.000000
1777208354.175710,0,0.000000,0.000000,0.000000,0.000000,1.000000,0.000000,0.110000,0.000000,0.050000,0.000000
1777208354.202803,0,0.000000,0.000000,0.000000,0.000000,1.000000,0.000000,0.180000,0.000000,0.000000,0.000000
1777208354.229279,0,0.000000,0.000000,0.000000,0.000000,1.000000,0.000000,0.230000,0.000000,0.050000,0.000000
1777208354.257262,0,0.000000,0.000000,0.000000,0.000000,1.000000,0.000000,0.280000,0.000000,0.000000,0.000000
1777208354.285172,0,0.000000,0.000000,0.000000,0.000000,1.000000,0.000000,0.090000,0.000000,0.000000,0.020000
1777208354.285833,0,0.000000,0.000000,0.000000,0.000000,1.000000,0.000000,0.310000,0.000000,0.000000,0.000000
1777208354.286249,0,0.000000,0.000000,0.000000,0.000000,1.000000,0.000000,0.510000,0.000000,0.050000,0.000000
1777208354.312986,0,0.000000,0.000000,0.000000,0.000000,1.000000,0.000000,0.750000,0.000000,0.000000,0.000000
1777208354.313469,0,0.000000,0.000000,0.000000,0.000000,1.000000,0.000000,0.980000,0.000000,0.050000,0.070000
1777208354.340023,0,0.000000,0.000000,0.000000,0.000000,1.000000,0.000000,1.000000,0.000000,0.050000,0.000000
1777208354.340529,0,0.000000,0.000000,0.000000,0.000000,1.000000,0.000000,1.000000,0.000000,0.000000,0.070000
1777208354.368040,0,0.000000,0.000000,0.000000,0.000000,1.000000,0.000000,1.000000,0.000000,0.000000,0.000000
1777208354.395099,0,0.000000,0.000000,0.000000,0.000000,1.000000,0.000000,1.000000,0.000000,0.050000,0.000000
1777208354.395637,0,0.000000,0.000000,0.000000,0.000000,1.000000,0.000000,1.000000,0.000000,0.050000,0.100000
1777208354.423299,0,0.000000,0.000000,0.000000,0.000000,1.000000,0.000000,1.000000,0.000000,0.000000,0.000000
1777208354.423792,0,0.000000,0.000000,0.000000,0.000000,1.000000,0.000000,1.000000,0.000000,0.000000,0.000000
1777208354.451355,0,0.000000,0.000000,0.000000,0.000000,1.000000,0.000000,1.000000,0.000000,0.000000,0.000000
1777208354.451840,0,0.000000,0.000000,0.000000,0.000000,1.000000,0.000000,1.000000,0.000000,0.000000,0.000000
1777208354.478448,0,0.000000,0.000000,0.000000,0.000000,1.000000,0.000000,1.000000,0.000000,0.050000,0.020000
1777208354.479122,0,0.000000,0.000000,0.000000,0.000000,1.000000,0.000000,1.000000,0.000000,0.050000,0.020000
1777208354.506027,0,0.000000,0.000000,0.000000,0.000000,1.000000,0.000000,1.000000,0.000000,0.110000,0.000000
1777208354.506537,0,0.000000,0.000000,0.000000,0.000000,1.000000,0.000000,1.000000,0.000000,0.050000,0.070000
1777208354.532427,0,0.000000,0.000000,0.000000,0.000000,1.000000,0.000000,1.000000,0.000000,0.000000,0.020000
1777208354.559669,0,0.000000,0.000000,0.000000,0.000000,1.000000,0.000000,0.070000,0.000000,0.000000,0.000000
1777208354.560153,0,0.000000,0.000000,0.000000,0.000000,1.000000,0.000000,0.310000,0.000000,0.110000,0.000000
1777208354.587876,0,0.000000,0.000000,0.000000,0.000000,1.000000,0.000000,0.560000,0.000000,0.000000,0.070000
1777208354.614914,0,0.000000,0.000000,0.000000,0.000000,1.000000,0.000000,0.770000,0.000000,0.110000,0.000000
1777208354.615436,0,0.000000,0.000000,0.000000,0.000000,1.000000,0.000000,0.090000,0.000000,0.000000,0.000000
1777208354.641782,0,0.000000,0.000000,0.000000,0.000000,1.000000,0.000000,0.330000,0.000000,0.000000,0.000000
1777208354.642270,0,0.000000,0.000000,0.000000,0.000000,1.000000,0.000000,0.570000,0.000000,0.000000,0.000000
1777208354.642824,0,0.000000,0.000000,0.000000,0.000000,1.000000,0.000000,0.820000,0.000000,0.000000,0.100000
1777208354.669666,0,0.000000,0.000000,0.000000,0.000000,1.000000,0.000000,1.000000,0.000000,0.110000,0.020000
1777208354.699358,0,0.000000,0.000000,0.000000,0.000000,1.000000,0.000000,1.000000,0.000000,0.050000,0.020000
1777208354.725922,0,0.000000,0.000000,0.000000,0.000000,1.000000,0.000000,0.010000,0.000000,0.050000,0.000000
1777208354.726409,0,0.000000,0.000000,0.000000,0.000000,1.000000,0.000000,0.200000,0.000000,0.050000,0.000000
1777208354.726933,0,0.000000,0.000000,0.000000,0.000000,0.000000,0.000000,0.380000,0.000000,0.690000,0.000000
1777208354.754000,0,0.000000,0.000000,0.000000,0.000000,0.430000,0.000000,0.560000,0.000000,0.050000,0.000000
1777208354.780771,0,0.000000,0.000000,0.000000,0.000000,0.870000,0.000000,0.750000,0.000000,0.000000,0.000000
1777208354.781264,0,0.000000,0.000000,0.000000,0.000000,1.000000,0.000000,0.050000,0.000000,0.000000,0.070000
1777208354.807792,0,0.000000,0.000000,0.000000,0.000000,1.000000,0.000000,0.230000,0.000000,0.000000,0.000000
1777208354.808298,0,0.000000,0.000000,0.000000,0.000000,1.000000,0.000000,0.430000,0.000000,0.050000,0.000000
1777208354.808828,0,0.000000,0.000000,0.000000,0.000000,1.000000,0.000000,0.620000,0.000000,0.000000,0.000000
1777208354.835051,0,0.000000,0.000000,0.000000,0.000000,1.000000,0.000000,0.820000,0.000000,0.000000,0.000000
1777208354.862238,0,0.000000,0.000000,0.000000,0.000000,1.000000,0.000000,1.000000,0.000000,0.000000,0.000000
1777208354.862716,0,0.000000,0.000000,0.000000,0.000000,1.000000,0.000000,1.000000,0.000000,0.110000,0.020000
1777208354.889295,0,0.000000,0.000000,0.000000,0.000000,1.000000,0.000000,1.000000,0.000000,0.180000,0.000000
1777208354.916577,0,0.000000,0.000000,0.000000,0.000000,0.200000,0.000000,1.000000,0.000000,0.000000,0.020000
1777208354.917071,0,0.000000,0.000000,0.000000,0.000000,0.670000,0.000000,1.000000,0.000000,0.000000,0.000000
1777208354.943641,0,0.000000,0.000000,0.000000,0.000000,1.000000,0.000000,1.000000,0.000000,0.000000,0.000000
1777208354.944127,0,0.000000,0.000000,0.000000,0.000000,1.000000,0.000000,1.000000,0.000000,0.000000,0.020000
1777208354.971323,0,0.000000,0.000000,0.000000,0.000000,1.000000,0.000000,1.000000,0.000000,0.000000,0.020000
1777208354.971801,0,0.000000,0.000000,0.000000,0.000000,1.000000,0.000000,1.000000,0.000000,0.050000,0.140000
1777208354.998721,0,0.000000,0.000000,0.000000,0.000000,1.000000,0.000000,1.000000,0.000000,0.050000,0.000000
1777208355.025402,0,0.000000,0.000000,0.000000,0.000000,1.000000,0.000000,1.000000,0.000000,0.050000,0.020000
1777208355.025879,0,0.000000,0.000000,0.000000,0.000000,1.000000,0.000000,1.000000,0.000000,0.110000,0.000000
1777208355.053451,0,0.000000,0.000000,0.000000,0.000000,1.000000,0.000000,1.000000,0.000000,0.110000,0.020000
1777208355.053954,0,0.000000,0.000000,0.000000,0.000000,1.000000,0.000000,1.000000,0.000000,0.000000,0.000000
1777208355.080829,0,0.000000,0.000000,0.000000,0.000000,1.000000,0.000000,1.000000,0.000000,0.000000,0.000000
1777208355.081310,0,0.000000,0.000000,0.000000,0.000000,1.000000,0.000000,1.000000,0.000000,0.050000,0.000000
1777208355.107777,0,0.000000,0.000000,0.000000,0.000000,1.000000,0.000000,1.000000,0.000000,0.050000,0.020000
1777208355.108275,0,0.000000,0.000000,0.000000,0.000000,1.000000,0.000000,1.000000,0.000000,0.000000,0.020000
1777208355.135485,0,0.000000,0.000000,0.000000,0.000000,1.000000,0.000000,0.100000,0.000000,0.000000,0.000000
1777208355.163623,0,0.000000,0.000000,0.000000,0.000000,1.000000,0.000000,0.310000,0.000000,0.110000,0.000000
1777208355.164117,0,0.000000,0.000000,0.000000,0.000000,0.250000,0.000000,0.500000,0.000000,0.000000,0.000000
1777208355.192717,0,0.000000,0.000000,0.000000,0.000000,1.000000,0.000000,0.700000,0.000000,0.000000,0.020000
1777208355.193218,0,0.000000,0.000000,0.000000,0.000000,1.000000,0.000000,0.880000,0.000000,0.050000,0.020000
1777208355.193747,0,0.000000,0.000000,0.000000,0.000000,1.000000,0.000000,1.000000,0.000000,0.000000,0.000000
1777208355.222267,0,0.000000,0.000000,0.000000,0.000000,1.000000,0.000000,1.000000,0.000000,0.050000,0.000000
1777208355.222763,0,0.000000,0.000000,0.000000,0.000000,1.000000,0.000000,1.000000,0.000000,0.000000,0.020000
1777208355.249215,0,0.000000,0.000000,0.000000,0.000000,1.000000,0.000000,0.110000,0.000000,0.000000,0.000000
1777208355.250387,0,0.000000,0.000000,0.000000,0.000000,1.000000,0.000000,0.280000,0.000000,0.000000,0.000000
1777208355.277844,0,0.000000,0.000000,0.000000,0.000000,1.000000,0.000000,0.440000,0.000000,0.180000,0.000000
1777208355.305142,0,0.000000,0.000000,0.000000,0.000000,1.000000,0.000000,0.610000,0.000000,0.000000,0.210000
1777208355.305620,0,0.000000,0.000000,0.000000,0.000000,1.000000,0.000000,0.760000,0.000000,0.050000,0.000000
1777208355.332799,0,0.000000,0.000000,0.000000,0.000000,1.000000,0.000000,0.930000,0.000000,0.050000,0.000000
1777208355.359529,0,0.000000,0.000000,0.000000,0.000000,1.000000,0.000000,1.000000,0.000000,0.000000,0.000000
1777208355.360006,0,0.000000,0.000000,0.000000,0.000000,1.000000,0.000000,0.010000,0.000000,0.050000,0.000000
1777208355.360384,0,0.000000,0.000000,0.000000,0.000000,1.000000,0.000000,0.180000,0.000000,0.000000,0.000000
1777208355.387093,0,0.000000,0.000000,0.000000,0.000000,1.000000,0.000000,0.340000,0.000000,0.000000,0.000000
1777208355.414418,0,0.000000,0.000000,0.000000,0.000000,1.000000,0.000000,0.470000,0.000000,0.050000,0.020000
1777208355.414931,0,0.000000,0.000000,0.000000,0.000000,1.000000,0.000000,0.620000,0.000000,0.110000,0.000000
1777208355.441712,0,0.000000,0.000000,0.000000,0.000000,0.750000,0.000000,0.790000,0.000000,0.050000,0.000000
1777208355.442287,0,0.000000,0.000000,0.000000,0.000000,1.000000,0.000000,0.940000,0.000000,0.050000,0.020000
1777208355.468989,0,0.000000,0.000000,0.000000,0.000000,1.000000,0.000000,1.000000,0.000000,0.110000,0.000000
1777208355.469574,0,0.000000,0.000000,0.000000,0.000000,1.000000,0.000000,1.000000,0.000000,0.050000,0.020000
1777208355.497718,0,0.000000,0.000000,0.000000,0.000000,1.000000,0.000000,1.000000,0.000000,0.000000,0.020000
1777208355.524995,0,0.000000,0.000000,0.000000,0.000000,1.000000,0.000000,1.000000,0.000000,0.180000,0.000000
1777208355.525570,0,0.000000,0.000000,0.000000,0.000000,1.000000,0.000000,1.000000,0.000000,0.000000,0.000000
1777208355.552202,0,0.000000,0.000000,0.000000,0.000000,1.000000,0.000000,1.000000,0.000000,0.050000,0.000000
1777208355.580166,0,0.000000,0.000000,0.000000,0.000000,1.000000,0.000000,1.000000,0.000000,0.110000,0.000000
1777208355.580681,0,0.000000,0.000000,0.000000,0.000000,1.000000,0.000000,0.050000,0.000000,0.000000,0.000000
1777208355.607508,0,0.000000,0.000000,0.000000,0.000000,1.000000,0.000000,0.200000,0.000000,0.000000,0.000000
1777208355.607989,0,0.000000,0.000000,0.000000,0.000000,1.000000,0.000000,0.370000,0.000000,0.110000,0.000000
1777208355.608369,0,0.000000,0.000000,0.000000,0.000000,0.570000,0.000000,0.070000,0.000000,0.000000,0.020000
1777208355.635143,0,0.000000,0.000000,0.000000,0.000000,1.000000,0.000000,0.230000,0.000000,0.000000,0.020000
1777208355.663455,0,0.000000,0.000000,0.000000,0.000000,0.440000,0.000000,0.400000,0.000000,0.000000,0.000000
1777208355.663965,0,0.000000,0.000000,0.000000,0.000000,1.000000,0.000000,0.560000,0.000000,0.000000,0.020000
1777208355.690646,0,0.000000,0.000000,0.000000,0.000000,1.000000,0.000000,0.730000,0.000000,0.050000,0.070000
1777208355.717236,0,0.000000,0.000000,0.000000,0.000000,1.000000,0.000000,0.880000,0.000000,0.050000,0.000000
1777208355.717721,0,0.000000,0.000000,0.000000,0.000000,0.440000,0.000000,1.000000,0.000000,0.110000,0.070000
1777208355.718216,0,0.000000,0.000000,0.000000,0.000000,1.000000,0.000000,1.000000,0.000000,0.000000,0.000000
1777208355.745845,0,0.000000,0.000000,0.000000,0.000000,1.000000,0.000000,1.000000,0.000000,0.050000,0.000000
1777208355.773564,0,0.000000,0.000000,0.000000,0.000000,1.000000,0.000000,1.000000,0.000000,0.110000,0.000000
1777208355.774039,0,0.000000,0.000000,0.000000,0.000000,1.000000,0.000000,1.000000,0.000000,0.110000,0.020000
1777208355.801273,0,0.000000,0.000000,0.000000,0.000000,1.000000,0.000000,1.000000,0.000000,0.050000,0.000000
1777208355.801750,0,0.000000,0.000000,0.000000,0.000000,1.000000,0.000000,1.000000,0.000000,0.000000,0.070000
1777208355.828665,0,0.000000,0.000000,0.000000,0.000000,1.000000,0.000000,1.000000,0.000000,0.000000,0.000000
1777208355.829293,0,0.000000,0.000000,0.000000,0.000000,1.000000,0.000000,1.000000,0.000000,0.050000,0.000000
1777208355.855879,0,0.000000,0.000000,0.000000,0.000000,1.000000,0.000000,1.000000,0.000000,0.050000,0.000000
1777208355.856359,0,0.000000,0.000000,0.000000,0.000000,0.550000,0.000000,1.000000,0.000000,0.050000,0.000000
1777208355.883354,0,0.000000,0.000000,0.000000,0.000000,1.000000,0.000000,1.000000,0.000000,0.000000,0.000000
1777208355.910903,0,0.000000,0.000000,0.000000,0.000000,1.000000,0.000000,1.000000,0.000000,0.000000,0.000000
1777208355.938314,0,0.000000,0.000000,0.000000,0.000000,1.000000,0.000000,1.000000,0.000000,0.000000,0.000000
1777208355.938811,0,0.000000,0.000000,0.000000,0.000000,1.000000,0.000000,1.000000,0.000000,0.050000,0.020000
1777208355.939200,0,0.000000,0.000000,0.000000,0.000000,1.000000,0.000000,1.000000,0.000000,0.110000,0.020000
1777208355.968496,0,0.000000,0.000000,0.000000,0.000000,1.000000,0.000000,1.000000,0.000000,0.000000,0.000000
1777208355.969051,0,0.000000,0.000000,0.000000,0.000000,1.000000,0.000000,1.000000,0.000000,0.110000,0.000000
1777208355.996337,0,0.000000,0.000000,0.000000,0.000000,1.000000,0.000000,1.000000,0.000000,0.000000,0.020000
1777208355.996833,0,0.000000,0.000000,0.000000,0.000000,1.000000,0.000000,0.090000,0.000000,0.000000,0.070000
1777208356.023032,0,0.000000,0.000000,0.000000,0.000000,0.340000,0.000000,0.230000,0.000000,0.110000,0.000000
1777208356.049635,0,0.000000,0.000000,0.000000,0.000000,0.430000,0.000000,0.000000,0.000000,0.000000,0.280000
1777208356.050122,0,0.000000,0.000000,0.000000,0.000000,1.000000,0.000000,0.210000,0.000000,0.110000,0.020000
1777208356.050503,0,0.000000,0.000000,0.000000,0.000000,1.000000,0.000000,0.430000,0.000000,0.000000,0.000000
1777208356.076786,0,0.000000,0.000000,0.000000,0.000000,1.000000,0.000000,0.660000,0.000000,0.000000,0.000000
1777208356.103640,0,0.000000,0.000000,0.000000,0.000000,1.000000,0.000000,0.870000,0.000000,0.050000,0.020000
1777208356.130845,0,0.000000,0.000000,0.000000,0.000000,1.000000,0.000000,1.000000,0.000000,0.050000,0.000000
1777208356.131339,0,0.000000,0.000000,0.000000,0.000000,1.000000,0.000000,0.000000,0.000000,0.000000,0.470000
1777208356.131720,0,0.000000,0.000000,0.000000,0.000000,1.000000,0.000000,0.250000,0.000000,0.000000,0.000000
1777208356.158638,0,0.000000,0.000000,0.000000,0.000000,1.000000,0.000000,0.510000,0.000000,0.110000,0.000000
1777208356.159367,0,0.000000,0.000000,0.000000,0.000000,1.000000,0.000000,0.790000,0.000000,0.110000,0.000000
1777208356.186847,0,0.000000,0.000000,0.000000,0.000000,1.000000,0.000000,1.000000,0.000000,0.050000,0.020000
1777208356.187349,0,0.000000,0.000000,0.000000,0.000000,0.050000,0.000000,1.000000,0.000000,0.050000,0.000000
1777208356.217006,0,0.000000,0.000000,0.000000,0.000000,1.000000,0.000000,1.000000,0.000000,0.050000,0.000000
1777208356.244561,0,0.000000,0.000000,0.000000,0.000000,0.000000,0.000000,1.000000,0.000000,0.250000,0.000000
1777208356.245046,0,0.000000,0.000000,0.000000,0.000000,0.560000,0.000000,1.000000,0.000000,0.110000,0.000000
1777208356.271658,0,0.000000,0.000000,0.000000,0.000000,1.000000,0.000000,1.000000,0.000000,0.000000,0.070000
1777208356.272146,0,0.000000,0.000000,0.000000,0.000000,1.000000,0.000000,1.000000,0.000000,0.000000,0.000000
1777208356.298901,0,0.000000,0.000000,0.000000,0.000000,1.000000,0.000000,1.000000,0.000000,0.050000,0.000000
1777208356.299397,0,0.000000,0.000000,0.000000,0.000000,1.000000,0.000000,1.000000,0.000000,0.000000,0.000000
1777208356.325802,0,0.000000,0.000000,0.000000,0.000000,1.000000,0.000000,1.000000,0.000000,0.050000,0.000000
1777208356.326294,0,0.000000,0.000000,0.000000,0.000000,1.000000,0.000000,1.000000,0.000000,0.050000,0.020000
1777208356.353702,0,0.000000,0.000000,0.000000,0.000000,1.000000,0.000000,1.000000,0.000000,0.050000,0.020000
1777208356.354379,0,0.000000,0.000000,0.000000,0.000000,1.000000,0.000000,1.000000,0.000000,0.000000,0.070000
1777208356.381171,0,0.000000,0.000000,0.000000,0.000000,1.000000,0.000000,1.000000,0.000000,0.000000,0.070000
1777208356.408549,0,0.000000,0.000000,0.000000,0.000000,1.000000,0.000000,1.000000,0.000000,0.050000,0.020000
1777208356.438058,0,0.000000,0.000000,0.000000,0.000000,1.000000,0.000000,1.000000,0.000000,0.110000,0.070000
1777208356.438530,0,0.000000,0.000000,0.000000,0.000000,1.000000,0.000000,1.000000,0.000000,0.000000,0.000000
1777208356.465780,0,0.000000,0.000000,0.000000,0.000000,1.000000,0.000000,1.000000,0.000000,0.050000,0.000000
1777208356.466266,0,0.000000,0.000000,0.000000,0.000000,1.000000,0.000000,1.000000,0.000000,0.110000,0.000000
1777208356.493418,0,0.000000,0.000000,0.000000,0.000000,1.000000,0.000000,1.000000,0.000000,0.050000,0.000000
1777208356.493920,0,0.000000,0.000000,0.000000,0.000000,1.000000,0.000000,1.000000,0.000000,0.050000,0.000000
1777208356.521566,0,0.000000,0.000000,0.000000,0.000000,1.000000,0.000000,1.000000,0.000000,0.110000,0.000000
1777208356.522085,0,0.000000,0.000000,0.000000,0.000000,1.000000,0.000000,1.000000,0.000000,0.110000,0.070000
1777208356.549322,0,0.000000,0.000000,0.000000,0.000000,1.000000,0.000000,0.100000,0.000000,0.050000,0.000000
1777208356.549988,0,0.000000,0.000000,0.000000,0.000000,1.000000,0.000000,0.370000,0.000000,0.050000,0.000000
1777208356.550409,0,0.000000,0.000000,0.000000,0.000000,1.000000,0.000000,0.620000,0.000000,0.000000,0.000000
1777208356.577589,0,0.000000,0.000000,0.000000,0.000000,1.000000,0.000000,0.880000,0.000000,0.180000,0.020000
1777208356.604178,0,0.000000,0.000000,0.000000,0.000000,1.000000,0.000000,1.000000,0.000000,0.000000,0.100000
1777208356.630600,0,0.000000,0.000000,0.000000,0.000000,1.000000,0.000000,1.000000,0.000000,0.050000,0.000000
1777208356.631124,0,0.000000,0.000000,0.000000,0.000000,1.000000,0.000000,1.000000,0.000000,0.050000,0.020000
1777208356.680802,0,0.000000,0.000000,0.000000,0.000000,1.000000,0.000000,1.000000,0.000000,0.050000,0.000000
1777208356.681394,0,0.000000,0.000000,0.000000,0.000000,1.000000,0.000000,1.000000,0.000000,0.110000,0.000000
1777208356.681789,0,0.000000,0.000000,0.000000,0.000000,1.000000,0.000000,1.000000,0.000000,0.000000,0.020000
1777208356.682156,0,0.000000,0.000000,0.000000,0.000000,1.000000,0.000000,1.000000,0.000000,0.110000,0.020000
1777208356.682599,0,0.000000,0.000000,0.000000,0.000000,1.000000,0.000000,1.000000,0.000000,0.050000,0.000000
1777208356.682983,0,0.000000,0.000000,0.000000,0.000000,1.000000,0.000000,1.000000,0.000000,0.000000,0.000000
1777208356.731432,0,0.000000,0.000000,0.000000,0.000000,1.000000,0.000000,0.000000,0.000000,0.110000,0.280000
1777208356.732147,0,0.000000,0.000000,0.000000,0.000000,1.000000,0.000000,0.000000,0.000000,0.110000,0.430000
1777208356.780568,0,0.000000,0.000000,0.000000,0.000000,1.000000,0.000000,0.330000,0.000000,0.050000,0.020000
1777208356.781069,0,0.000000,0.000000,0.000000,0.000000,1.000000,0.000000,0.620000,0.000000,0.000000,0.000000
1777208356.829910,0,0.000000,0.000000,0.000000,0.000000,1.000000,0.000000,0.930000,0.000000,0.000000,0.020000
1777208356.830446,0,0.000000,0.000000,0.000000,0.000000,0.100000,0.000000,1.000000,0.000000,0.000000,0.000000
1777208356.830842,0,0.000000,0.000000,0.000000,0.000000,0.680000,0.000000,1.000000,0.000000,0.000000,0.020000
1777208356.831425,0,0.000000,0.000000,0.000000,0.000000,1.000000,0.000000,1.000000,0.000000,0.110000,0.000000
1777208356.880761,0,0.000000,0.000000,0.000000,0.000000,0.000000,0.000000,1.000000,0.000000,0.250000,0.000000
1777208356.881242,0,0.000000,0.000000,0.000000,0.000000,0.550000,0.000000,1.000000,0.000000,0.110000,0.000000
1777208356.881621,0,0.000000,0.000000,0.000000,0.000000,1.000000,0.000000,1.000000,0.000000,0.000000,0.020000
1777208356.882169,0,0.000000,0.000000,0.000000,0.000000,1.000000,0.000000,1.000000,0.000000,0.050000,0.000000
1777208356.930942,0,0.000000,0.000000,0.000000,0.000000,1.000000,0.000000,1.000000,0.000000,0.050000,0.000000
1777208356.931457,0,0.000000,0.000000,0.000000,0.000000,1.000000,0.000000,1.000000,0.000000,0.180000,0.000000
1777208356.932007,0,0.000000,0.000000,0.000000,0.000000,1.000000,0.000000,1.000000,0.000000,0.000000,0.020000
1777208357.011093,0,0.000000,0.000000,0.000000,0.000000,1.000000,0.000000,1.000000,0.000000,0.000000,0.000000
1777208357.061571,0,0.000000,0.000000,0.000000,0.000000,1.000000,0.000000,1.000000,0.000000,0.110000,0.070000
1777208357.062108,0,0.000000,0.000000,0.000000,0.000000,1.000000,0.000000,1.000000,0.000000,0.180000,0.000000
1777208357.062511,0,0.000000,0.000000,0.000000,0.000000,1.000000,0.000000,1.000000,0.000000,0.000000,0.000000
1777208357.062876,0,0.000000,0.000000,0.000000,0.000000,1.000000,0.000000,1.000000,0.000000,0.110000,0.020000
1777208357.154136,0,0.000000,0.000000,0.000000,0.000000,1.000000,0.000000,1.000000,0.000000,0.180000,0.020000
1777208357.212169,0,0.000000,0.000000,0.000000,0.000000,1.000000,0.000000,1.000000,0.000000,0.000000,0.000000
1777208357.273544,0,0.000000,0.000000,0.000000,0.000000,1.000000,0.000000,1.000000,0.000000,0.050000,0.180000
1777208357.299969,0,0.000000,0.000000,0.000000,0.000000,1.000000,0.000000,1.000000,0.000000,0.050000,0.070000
1777208357.300545,0,0.000000,0.000000,0.000000,0.000000,1.000000,0.000000,0.660000,0.000000,0.050000,0.070000
1777208357.349560,0,0.000000,0.000000,0.000000,0.000000,1.000000,0.000000,1.000000,0.000000,0.050000,0.020000
1777208357.350236,0,0.000000,0.000000,0.000000,0.000000,1.000000,0.000000,1.000000,0.000000,0.000000,0.000000
1777208357.400234,0,0.000000,0.000000,0.000000,0.000000,1.000000,0.000000,1.000000,0.000000,0.050000,0.000000
1777208357.400817,0,0.000000,0.000000,0.000000,0.000000,1.000000,0.000000,1.000000,0.000000,0.180000,0.000000
1777208357.401241,0,0.000000,0.000000,0.000000,0.000000,1.000000,0.000000,1.000000,0.000000,0.000000,0.020000
1777208357.401633,0,0.000000,0.000000,0.000000,0.000000,1.000000,0.000000,1.000000,0.000000,0.050000,0.070000
1777208357.453384,0,0.000000,0.000000,0.000000,0.000000,1.000000,0.000000,1.000000,0.000000,0.180000,0.000000
1777208357.502331,0,0.000000,0.000000,0.000000,0.000000,1.000000,0.000000,1.000000,0.000000,0.000000,0.000000
1777208357.502988,0,0.000000,0.000000,0.000000,0.000000,1.000000,0.000000,1.000000,0.000000,0.110000,0.000000
1777208357.503417,0,0.000000,0.000000,0.000000,0.000000,1.000000,0.000000,1.000000,0.000000,0.000000,0.020000
1777208357.552983,0,0.000000,0.000000,0.000000,0.000000,1.000000,0.000000,0.630000,0.000000,0.050000,0.000000
1777208357.602557,0,0.000000,0.000000,0.000000,0.000000,1.000000,0.000000,0.930000,0.000000,0.000000,0.000000
1777208357.652483,0,0.000000,0.000000,0.000000,0.000000,1.000000,0.000000,1.000000,0.000000,0.110000,0.000000
1777208357.701783,0,0.000000,0.000000,0.000000,0.000000,1.000000,0.000000,1.000000,0.000000,0.000000,0.000000
1777208357.702302,0,0.000000,0.000000,0.000000,0.000000,1.000000,0.000000,1.000000,0.000000,0.000000,0.020000
1777208357.702701,0,0.000000,0.000000,0.000000,0.000000,1.000000,0.000000,1.000000,0.000000,0.110000,0.000000
1777208357.703070,0,0.000000,0.000000,0.000000,0.000000,1.000000,0.000000,1.000000,0.000000,0.050000,0.020000
1777208357.753099,0,0.000000,0.000000,0.000000,0.000000,1.000000,0.000000,0.760000,0.000000,0.000000,0.000000
1777208357.802486,0,0.000000,0.000000,0.000000,0.000000,1.000000,0.000000,0.000000,0.000000,0.050000,0.280000
1777208357.853103,0,0.000000,0.000000,0.000000,0.000000,0.000000,0.000000,0.280000,0.000000,0.370000,0.070000
1777208357.853602,0,0.000000,0.000000,0.000000,0.000000,1.000000,0.000000,0.560000,0.000000,0.000000,0.000000
1777208357.853992,0,0.000000,0.000000,0.000000,0.000000,1.000000,0.000000,1.000000,0.000000,0.110000,0.000000
1777208357.854362,0,0.000000,0.000000,0.000000,0.000000,1.000000,0.000000,0.110000,0.000000,0.000000,0.100000
1777208357.905989,0,0.000000,0.000000,0.000000,0.000000,1.000000,0.000000,1.000000,0.000000,0.050000,0.000000
1777208357.906507,0,0.000000,0.000000,0.000000,0.000000,1.000000,0.000000,1.000000,0.000000,0.000000,0.000000
1777208357.906898,0,0.000000,0.000000,0.000000,0.000000,1.000000,0.000000,1.000000,0.000000,0.000000,0.000000
1777208357.957663,0,0.000000,0.000000,0.000000,0.000000,0.140000,0.000000,1.000000,0.000000,0.000000,0.020000
1777208357.958368,0,0.000000,0.000000,0.000000,0.000000,1.000000,0.000000,1.000000,0.000000,0.110000,0.000000
1777208358.008110,0,0.000000,0.000000,0.000000,0.000000,1.000000,0.000000,1.000000,0.000000,0.000000,0.000000
1777208358.008617,0,0.000000,0.000000,0.000000,0.000000,1.000000,0.000000,1.000000,0.000000,0.000000,0.000000
1777208358.058308,0,0.000000,0.000000,0.000000,0.000000,1.000000,0.000000,1.000000,0.000000,0.180000,0.000000
1777208358.058817,0,0.000000,0.000000,0.000000,0.000000,1.000000,0.000000,1.000000,0.000000,0.050000,0.070000
1777208358.059210,0,0.000000,0.000000,0.000000,0.000000,1.000000,0.000000,1.000000,0.000000,0.050000,0.000000
1777208358.085860,0,0.000000,0.000000,0.000000,0.000000,1.000000,0.000000,0.070000,0.000000,0.050000,0.000000
1777208358.136336,0,0.000000,0.000000,0.000000,0.000000,1.000000,0.000000,0.680000,0.000000,0.050000,0.000000
1777208358.136841,0,0.000000,0.000000,0.000000,0.000000,0.140000,0.000000,0.980000,0.000000,0.250000,0.000000
1777208358.137465,0,0.000000,0.000000,0.000000,0.000000,1.000000,0.000000,1.000000,0.000000,0.000000,0.000000
1777208358.137909,0,0.000000,0.000000,0.000000,0.000000,1.000000,0.000000,1.000000,0.000000,0.000000,0.000000
1777208358.138278,0,0.000000,0.000000,0.000000,0.000000,1.000000,0.000000,1.000000,0.000000,0.110000,0.020000
1777208358.189957,0,0.000000,0.000000,0.000000,0.000000,1.000000,0.000000,0.150000,0.000000,0.000000,0.070000
1777208358.190471,0,0.000000,0.000000,0.000000,0.000000,1.000000,0.000000,0.310000,0.000000,0.050000,0.000000
1777208358.191054,0,0.000000,0.000000,0.000000,0.000000,1.000000,0.000000,0.500000,0.000000,0.000000,0.000000
1777208358.262909,0,0.000000,0.000000,0.000000,0.000000,1.000000,0.000000,0.680000,0.000000,0.000000,0.000000
1777208358.312512,0,0.000000,0.000000,0.000000,0.000000,1.000000,0.000000,0.870000,0.000000,0.050000,0.020000
1777208358.367685,0,0.000000,0.000000,0.000000,0.000000,1.000000,0.000000,1.000000,0.000000,0.000000,0.000000
1777208358.418506,0,0.000000,0.000000,0.000000,0.000000,1.000000,0.000000,1.000000,0.000000,0.050000,0.070000
1777208358.419008,0,0.000000,0.000000,0.000000,0.000000,1.000000,0.000000,1.000000,0.000000,0.000000,0.070000
1777208358.419401,0,0.000000,0.000000,0.000000,0.000000,1.000000,0.000000,1.000000,0.000000,0.050000,0.000000
1777208358.419871,0,0.000000,0.000000,0.000000,0.000000,1.000000,0.000000,1.000000,0.000000,0.110000,0.000000
1777208358.446622,0,0.000000,0.000000,0.000000,0.000000,1.000000,0.000000,0.430000,0.000000,0.110000,0.000000
1777208358.447151,0,0.000000,0.000000,0.000000,0.000000,0.410000,0.000000,0.810000,0.000000,0.000000,0.000000
1777208358.497623,0,0.000000,0.000000,0.000000,0.000000,1.000000,0.000000,1.000000,0.000000,0.050000,0.100000
1777208358.549064,0,0.000000,0.000000,0.000000,0.000000,1.000000,0.000000,1.000000,0.000000,0.180000,0.000000
1777208358.549580,0,0.000000,0.000000,0.000000,0.000000,1.000000,0.000000,1.000000,0.000000,0.000000,0.000000
1777208358.549979,0,0.000000,0.000000,0.000000,0.000000,0.140000,0.000000,1.000000,0.000000,0.110000,0.000000
1777208358.550347,0,0.000000,0.000000,0.000000,0.000000,0.370000,0.000000,1.000000,0.000000,0.000000,0.020000
1777208358.656175,0,0.000000,0.000000,0.000000,0.000000,1.000000,0.000000,1.000000,0.000000,0.000000,0.070000
1777208358.657744,0,0.000000,0.000000,0.000000,0.000000,1.000000,0.000000,1.000000,0.000000,0.000000,0.000000
1777208358.710778,0,0.000000,0.000000,0.000000,0.000000,1.000000,0.000000,1.000000,0.000000,0.000000,0.020000
1777208358.761312,0,0.000000,0.000000,0.000000,0.000000,1.000000,0.000000,1.000000,0.000000,0.000000,0.000000
1777208358.761822,0,0.000000,0.000000,0.000000,0.000000,1.000000,0.000000,1.000000,0.000000,0.000000,0.000000
1777208358.841141,0,0.000000,0.000000,0.000000,0.000000,1.000000,0.000000,0.380000,0.000000,0.000000,0.000000
1777208358.894074,0,0.000000,0.000000,0.000000,0.000000,1.000000,0.000000,0.050000,0.000000,0.050000,0.020000
1777208358.894599,0,0.000000,0.000000,0.000000,0.000000,1.000000,0.000000,0.400000,0.000000,0.050000,0.000000
1777208358.894995,0,0.000000,0.000000,0.000000,0.000000,1.000000,0.000000,0.500000,0.000000,0.050000,0.000000
1777208358.895368,0,0.000000,0.000000,0.000000,0.000000,1.000000,0.000000,0.930000,0.000000,0.110000,0.000000
1777208358.945965,0,0.000000,0.000000,0.000000,0.000000,1.000000,0.000000,1.000000,0.000000,0.050000,0.000000
1777208358.996505,0,0.000000,0.000000,0.000000,0.000000,1.000000,0.000000,1.000000,0.000000,0.050000,0.000000
1777208358.997191,0,0.000000,0.000000,0.000000,0.000000,1.000000,0.000000,1.000000,0.000000,0.000000,0.000000
1777208359.048003,0,0.000000,0.000000,0.000000,0.000000,1.000000,0.000000,1.000000,0.000000,0.000000,0.000000
1777208359.048514,0,0.000000,0.000000,0.000000,0.000000,1.000000,0.000000,1.000000,0.000000,0.000000,0.000000
1777208359.075859,0,0.000000,0.000000,0.000000,0.000000,1.000000,0.000000,1.000000,0.000000,0.000000,0.020000
1777208359.148511,0,0.000000,0.000000,0.000000,0.000000,0.560000,0.000000,1.000000,0.000000,0.050000,0.020000
1777208359.210964,0,0.000000,0.000000,0.000000,0.000000,1.000000,0.000000,1.000000,0.000000,0.050000,0.020000
1777208359.211640,0,0.000000,0.000000,0.000000,0.000000,1.000000,0.000000,1.000000,0.000000,0.000000,0.100000
1777208359.263244,0,0.000000,0.000000,0.000000,0.000000,1.000000,0.000000,1.000000,0.000000,0.000000,0.000000
1777208359.263753,0,0.000000,0.000000,0.000000,0.000000,1.000000,0.000000,0.460000,0.000000,0.050000,0.000000
1777208359.264150,0,0.000000,0.000000,0.000000,0.000000,1.000000,0.000000,1.000000,0.000000,0.000000,0.000000
1777208359.264518,0,0.000000,0.000000,0.000000,0.000000,1.000000,0.000000,0.110000,0.000000,0.110000,0.000000
1777208359.265100,0,0.000000,0.000000,0.000000,0.000000,0.000000,0.000000,0.750000,0.000000,0.250000,0.020000
1777208359.318755,0,0.000000,0.000000,0.000000,0.000000,0.870000,0.000000,0.940000,0.000000,0.000000,0.000000
1777208359.319446,0,0.000000,0.000000,0.000000,0.000000,0.250000,0.000000,1.000000,0.000000,0.000000,0.000000
1777208359.319857,0,0.000000,0.000000,0.000000,0.000000,0.910000,0.000000,1.000000,0.000000,0.050000,0.000000
1777208359.320226,0,0.000000,0.000000,0.000000,0.000000,1.000000,0.000000,1.000000,0.000000,0.180000,0.020000
1777208359.380917,0,0.000000,0.000000,0.000000,0.000000,0.210000,0.000000,1.000000,0.000000,0.000000,0.000000
1777208359.432466,0,0.000000,0.000000,0.000000,0.000000,0.170000,0.000000,1.000000,0.000000,0.000000,0.000000
1777208359.432974,0,0.000000,0.000000,0.000000,0.000000,0.700000,0.000000,1.000000,0.000000,0.000000,0.000000
1777208359.433371,0,0.000000,0.000000,0.000000,0.000000,1.000000,0.000000,1.000000,0.000000,0.180000,0.000000
1777208359.433743,0,0.000000,0.000000,0.000000,0.000000,1.000000,0.000000,0.050000,0.000000,0.180000,0.000000
1777208359.434416,0,0.000000,0.000000,0.000000,0.000000,1.000000,0.000000,0.310000,0.000000,0.050000,0.070000
1777208359.485960,0,0.000000,0.000000,0.000000,0.000000,1.000000,0.000000,0.440000,0.000000,0.050000,0.000000
1777208359.486495,0,0.000000,0.000000,0.000000,0.000000,1.000000,0.000000,0.560000,0.000000,0.000000,0.020000
1777208359.486898,0,0.000000,0.000000,0.000000,0.000000,1.000000,0.000000,0.690000,0.000000,0.050000,0.020000
1777208359.538794,0,0.000000,0.000000,0.000000,0.000000,1.000000,0.000000,0.830000,0.000000,0.110000,0.000000
1777208359.539322,0,0.000000,0.000000,0.000000,0.000000,1.000000,0.000000,0.090000,0.000000,0.050000,0.070000
1777208359.539774,0,0.000000,0.000000,0.000000,0.000000,1.000000,0.000000,0.200000,0.000000,0.000000,0.000000
1777208359.540427,0,0.000000,0.000000,0.000000,0.000000,1.000000,0.000000,0.310000,0.000000,0.050000,0.020000
1777208359.592341,0,0.000000,0.000000,0.000000,0.000000,1.000000,0.000000,0.430000,0.000000,0.110000,0.070000
1777208359.592855,0,0.000000,0.000000,0.000000,0.000000,1.000000,0.000000,0.540000,0.000000,0.050000,0.020000
1777208359.593247,0,0.000000,0.000000,0.000000,0.000000,1.000000,0.000000,0.660000,0.000000,0.050000,0.000000
1777208359.593771,0,0.000000,0.000000,0.000000,0.000000,0.380000,0.000000,0.100000,0.000000,0.000000,0.180000
1777208359.594150,0,0.000000,0.000000,0.000000,0.000000,0.920000,0.000000,0.210000,0.000000,0.110000,0.070000
1777208359.644990,0,0.000000,0.000000,0.000000,0.000000,1.000000,0.000000,0.340000,0.000000,0.050000,0.000000
1777208359.696306,0,0.000000,0.000000,0.000000,0.000000,1.000000,0.000000,0.460000,0.000000,0.000000,0.000000
1777208359.696811,0,0.000000,0.000000,0.000000,0.000000,1.000000,0.000000,0.560000,0.000000,0.000000,0.020000
1777208359.697207,0,0.000000,0.000000,0.000000,0.000000,1.000000,0.000000,0.680000,0.000000,0.050000,0.000000
1777208359.697586,0,0.000000,0.000000,0.000000,0.000000,1.000000,0.000000,0.810000,0.000000,0.050000,0.000000
1777208359.698126,0,0.000000,0.000000,0.000000,0.000000,1.000000,0.000000,0.930000,0.000000,0.000000,0.070000
1777208359.748583,0,0.000000,0.000000,0.000000,0.000000,1.000000,0.000000,1.000000,0.000000,0.050000,0.000000
1777208359.749089,0,0.000000,0.000000,0.000000,0.000000,1.000000,0.000000,1.000000,0.000000,0.050000,0.000000
1777208359.749646,0,0.000000,0.000000,0.000000,0.000000,1.000000,0.000000,1.000000,0.000000,0.000000,0.000000
1777208359.801203,0,0.000000,0.000000,0.000000,0.000000,1.000000,0.000000,1.000000,0.000000,0.050000,0.000000
1777208359.801723,0,0.000000,0.000000,0.000000,0.000000,1.000000,0.000000,1.000000,0.000000,0.000000,0.000000
1777208359.802277,0,0.000000,0.000000,0.000000,0.000000,1.000000,0.000000,1.000000,0.000000,0.050000,0.020000
1777208359.802671,0,0.000000,0.000000,0.000000,0.000000,1.000000,0.000000,1.000000,0.000000,0.050000,0.000000
1777208359.854612,0,0.000000,0.000000,0.000000,0.000000,1.000000,0.000000,1.000000,0.000000,0.000000,0.000000
1777208359.855132,0,0.000000,0.000000,0.000000,0.000000,0.070000,0.000000,1.000000,0.000000,0.180000,0.000000
1777208359.855717,0,0.000000,0.000000,0.000000,0.000000,0.000000,0.000000,1.000000,0.000000,0.250000,0.000000
1777208359.906090,0,0.000000,0.000000,0.000000,0.000000,0.000000,0.000000,1.000000,0.000000,0.370000,0.020000
1777208359.906626,0,0.000000,0.000000,0.000000,0.000000,0.930000,0.000000,1.000000,0.000000,0.050000,0.000000
1777208359.907699,0,0.000000,0.000000,0.000000,0.000000,0.500000,0.000000,1.000000,0.000000,0.000000,0.000000
1777208359.958812,0,0.000000,0.000000,0.000000,0.000000,1.000000,0.000000,1.000000,0.000000,0.000000,0.000000
1777208359.959341,0,0.000000,0.000000,0.000000,0.000000,1.000000,0.000000,1.000000,0.000000,0.110000,0.000000
1777208359.959733,0,0.000000,0.000000,0.000000,0.000000,1.000000,0.000000,1.000000,0.000000,0.000000,0.020000
1777208359.960284,0,0.000000,0.000000,0.000000,0.000000,1.000000,0.000000,1.000000,0.000000,0.050000,0.000000
1777208360.009825,0,0.000000,0.000000,0.000000,0.000000,0.270000,0.000000,1.000000,0.000000,0.000000,0.000000
1777208360.010677,0,0.000000,0.000000,0.000000,0.000000,1.000000,0.000000,1.000000,0.000000,0.050000,0.000000
1777208360.038807,0,0.000000,0.000000,0.000000,0.000000,1.000000,0.000000,1.000000,0.000000,0.000000,0.000000
1777208360.067492,0,0.000000,0.000000,0.000000,0.000000,1.000000,0.000000,1.000000,0.000000,0.110000,0.020000
1777208360.068028,0,0.000000,0.000000,0.000000,0.000000,1.000000,0.000000,1.000000,0.000000,0.050000,0.000000
1777208360.068935,0,0.000000,0.000000,0.000000,0.000000,1.000000,0.000000,1.000000,0.000000,0.000000,0.000000
1777208360.097073,0,0.000000,0.000000,0.000000,0.000000,0.330000,0.000000,1.000000,0.000000,0.110000,0.000000
1777208360.097597,0,0.000000,0.000000,0.000000,0.000000,0.340000,0.000000,1.000000,0.000000,0.000000,0.000000
1777208360.125500,0,0.000000,0.000000,0.000000,0.000000,1.000000,0.000000,1.000000,0.000000,0.050000,0.020000
1777208360.125999,0,0.000000,0.000000,0.000000,0.000000,1.000000,0.000000,0.070000,0.000000,0.050000,0.000000
1777208360.153592,0,0.000000,0.000000,0.000000,0.000000,0.230000,0.000000,0.180000,0.000000,0.050000,0.000000
1777208360.154098,0,0.000000,0.000000,0.000000,0.000000,1.000000,0.000000,0.300000,0.000000,0.000000,0.020000
1777208360.183632,0,0.000000,0.000000,0.000000,0.000000,1.000000,0.000000,0.410000,0.000000,0.000000,0.020000
1777208360.219011,0,0.000000,0.000000,0.000000,0.000000,1.000000,0.000000,0.510000,0.000000,0.000000,0.000000
1777208360.219519,0,0.000000,0.000000,0.000000,0.000000,1.000000,0.000000,0.640000,0.000000,0.050000,0.020000
1777208360.249636,0,0.000000,0.000000,0.000000,0.000000,1.000000,0.000000,0.770000,0.000000,0.110000,0.000000
1777208360.250121,0,0.000000,0.000000,0.000000,0.000000,1.000000,0.000000,0.880000,0.000000,0.050000,0.000000
1777208360.250505,0,0.000000,0.000000,0.000000,0.000000,1.000000,0.000000,0.000000,0.000000,0.180000,0.020000
1777208360.300974,0,0.000000,0.000000,0.000000,0.000000,1.000000,0.000000,0.070000,0.000000,0.000000,0.000000
1777208360.301500,0,0.000000,0.000000,0.000000,0.000000,1.000000,0.000000,0.210000,0.000000,0.110000,0.020000
1777208360.353433,0,0.000000,0.000000,0.000000,0.000000,1.000000,0.000000,0.370000,0.000000,0.000000,0.000000
1777208360.354094,0,0.000000,0.000000,0.000000,0.000000,1.000000,0.000000,0.510000,0.000000,0.000000,0.000000
1777208360.354503,0,0.000000,0.000000,0.000000,0.000000,1.000000,0.000000,0.070000,0.000000,0.000000,0.000000
1777208360.354887,0,0.000000,0.000000,0.000000,0.000000,0.400000,0.000000,0.230000,0.000000,0.110000,0.000000
1777208360.355329,0,0.000000,0.000000,0.000000,0.000000,1.000000,0.000000,0.380000,0.000000,0.000000,0.020000
1777208360.383250,0,0.000000,0.000000,0.000000,0.000000,0.100000,0.000000,0.740000,0.000000,0.500000,0.020000
1777208360.411047,0,0.000000,0.000000,0.000000,0.000000,1.000000,0.000000,0.890000,0.000000,0.000000,0.020000
1777208360.411546,0,0.000000,0.000000,0.000000,0.000000,1.000000,0.000000,1.000000,0.000000,0.000000,0.020000
1777208360.439771,0,0.000000,0.000000,0.000000,0.000000,1.000000,0.000000,1.000000,0.000000,0.000000,0.000000
1777208360.468285,0,0.000000,0.000000,0.000000,0.000000,1.000000,0.000000,1.000000,0.000000,0.000000,0.000000
1777208360.495560,0,0.000000,0.000000,0.000000,0.000000,1.000000,0.000000,1.000000,0.000000,0.000000,0.000000
1777208360.496051,0,0.000000,0.000000,0.000000,0.000000,1.000000,0.000000,1.000000,0.000000,0.000000,0.000000
1777208360.547676,0,0.000000,0.000000,0.000000,0.000000,1.000000,0.000000,1.000000,0.000000,0.050000,0.020000
1777208360.600137,0,0.000000,0.000000,0.000000,0.000000,1.000000,0.000000,1.000000,0.000000,0.110000,0.020000
1777208360.600667,0,0.000000,0.000000,0.000000,0.000000,1.000000,0.000000,1.000000,0.000000,0.110000,0.000000
1777208360.601084,0,0.000000,0.000000,0.000000,0.000000,1.000000,0.000000,1.000000,0.000000,0.000000,0.020000
1777208360.601458,0,0.000000,0.000000,0.000000,0.000000,1.000000,0.000000,1.000000,0.000000,0.000000,0.000000
1777208360.601848,0,0.000000,0.000000,0.000000,0.000000,1.000000,0.000000,1.000000,0.000000,0.000000,0.000000
1777208360.602527,0,0.000000,0.000000,0.000000,0.000000,0.510000,0.000000,1.000000,0.000000,0.000000,0.000000
1777208360.629936,0,0.000000,0.000000,0.000000,0.000000,1.000000,0.000000,1.000000,0.000000,0.050000,0.000000
1777208360.680921,0,0.000000,0.000000,0.000000,0.000000,1.000000,0.000000,1.000000,0.000000,0.050000,0.000000
1777208360.731497,0,0.000000,0.000000,0.000000,0.000000,1.000000,0.000000,1.000000,0.000000,0.000000,0.000000
1777208360.782776,0,0.000000,0.000000,0.000000,0.000000,1.000000,0.000000,1.000000,0.000000,0.110000,0.100000
1777208360.783462,0,0.000000,0.000000,0.000000,0.000000,1.000000,0.000000,1.000000,0.000000,0.000000,0.070000
1777208360.783880,0,0.000000,0.000000,0.000000,0.000000,1.000000,0.000000,1.000000,0.000000,0.180000,0.000000
1777208360.784258,0,0.000000,0.000000,0.000000,0.000000,1.000000,0.000000,1.000000,0.000000,0.000000,0.000000
1777208360.784625,0,0.000000,0.000000,0.000000,0.000000,1.000000,0.000000,1.000000,0.000000,0.000000,0.000000
1777208360.835319,0,0.000000,0.000000,0.000000,0.000000,1.000000,0.000000,1.000000,0.000000,0.000000,0.000000
1777208360.835844,0,0.000000,0.000000,0.000000,0.000000,1.000000,0.000000,1.000000,0.000000,0.050000,0.000000
1777208360.836411,0,0.000000,0.000000,0.000000,0.000000,1.000000,0.000000,1.000000,0.000000,0.050000,0.020000
1777208360.836816,0,0.000000,0.000000,0.000000,0.000000,1.000000,0.000000,1.000000,0.000000,0.050000,0.000000
1777208360.887901,0,0.000000,0.000000,0.000000,0.000000,1.000000,0.000000,1.000000,0.000000,0.000000,0.000000
1777208360.888566,0,0.000000,0.000000,0.000000,0.000000,1.000000,0.000000,1.000000,0.000000,0.180000,0.000000
1777208360.916944,0,0.000000,0.000000,0.000000,0.000000,1.000000,0.000000,1.000000,0.000000,0.000000,0.000000
1777208360.944571,0,0.000000,0.000000,0.000000,0.000000,1.000000,0.000000,1.000000,0.000000,0.000000,0.020000
1777208360.945080,0,0.000000,0.000000,0.000000,0.000000,1.000000,0.000000,1.000000,0.000000,0.050000,0.020000
1777208360.973966,0,0.000000,0.000000,0.000000,0.000000,1.000000,0.000000,1.000000,0.000000,0.000000,0.070000
1777208361.002275,0,0.000000,0.000000,0.000000,0.000000,1.000000,0.000000,1.000000,0.000000,0.000000,0.000000
1777208361.002856,0,0.000000,0.000000,0.000000,0.000000,0.170000,0.000000,1.000000,0.000000,0.000000,0.000000
1777208361.003283,0,0.000000,0.000000,0.000000,0.000000,1.000000,0.000000,1.000000,0.000000,0.050000,0.020000
1777208361.032455,0,0.000000,0.000000,0.000000,0.000000,1.000000,0.000000,1.000000,0.000000,0.000000,0.000000
1777208361.060649,0,0.000000,0.000000,0.000000,0.000000,1.000000,0.000000,1.000000,0.000000,0.000000,0.020000
1777208361.061150,0,0.000000,0.000000,0.000000,0.000000,0.630000,0.000000,1.000000,0.000000,0.000000,0.000000
1777208361.061573,0,0.000000,0.000000,0.000000,0.000000,1.000000,0.000000,1.000000,0.000000,0.110000,0.000000
1777208361.090647,0,0.000000,0.000000,0.000000,0.000000,1.000000,0.000000,1.000000,0.000000,0.000000,0.000000
1777208361.118789,0,0.000000,0.000000,0.000000,0.000000,1.000000,0.000000,1.000000,0.000000,0.000000,0.000000
1777208361.119296,0,0.000000,0.000000,0.000000,0.000000,1.000000,0.000000,0.020000,0.000000,0.110000,0.020000
1777208361.119950,0,0.000000,0.000000,0.000000,0.000000,1.000000,0.000000,0.180000,0.000000,0.050000,0.020000
1777208361.147927,0,0.000000,0.000000,0.000000,0.000000,1.000000,0.000000,0.360000,0.000000,0.000000,0.070000
1777208361.148428,0,0.000000,0.000000,0.000000,0.000000,1.000000,0.000000,0.510000,0.000000,0.050000,0.000000
1777208361.177134,0,0.000000,0.000000,0.000000,0.000000,0.630000,0.000000,0.680000,0.000000,0.050000,0.020000
1777208361.212185,0,0.000000,0.000000,0.000000,0.000000,1.000000,0.000000,0.860000,0.000000,0.050000,0.070000
1777208361.212773,0,0.000000,0.000000,0.000000,0.000000,1.000000,0.000000,1.000000,0.000000,0.110000,0.100000
1777208361.213518,0,0.000000,0.000000,0.000000,0.000000,1.000000,0.000000,1.000000,0.000000,0.110000,0.070000
1777208361.247660,0,0.000000,0.000000,0.000000,0.000000,1.000000,0.000000,1.000000,0.000000,0.180000,0.100000
1777208361.248439,0,0.000000,0.000000,0.000000,0.000000,0.400000,0.000000,1.000000,0.000000,0.050000,0.020000
1777208361.276881,0,0.000000,0.000000,0.000000,0.000000,1.000000,0.000000,1.000000,0.000000,0.050000,0.000000
1777208361.277404,0,0.000000,0.000000,0.000000,0.000000,1.000000,0.000000,1.000000,0.000000,0.050000,0.020000
1777208361.277903,0,0.000000,0.000000,0.000000,0.000000,1.000000,0.000000,1.000000,0.000000,0.000000,0.000000
1777208361.306287,0,0.000000,0.000000,0.000000,0.000000,1.000000,0.000000,1.000000,0.000000,0.000000,0.020000
1777208361.335047,0,0.000000,0.000000,0.000000,0.000000,1.000000,0.000000,1.000000,0.000000,0.050000,0.020000
1777208361.335531,0,0.000000,0.000000,0.000000,0.000000,1.000000,0.000000,1.000000,0.000000,0.050000,0.000000
1777208361.363908,0,0.000000,0.000000,0.000000,0.000000,1.000000,0.000000,1.000000,0.000000,0.000000,0.000000
1777208361.364484,0,0.000000,0.000000,0.000000,0.000000,1.000000,0.000000,1.000000,0.000000,0.000000,0.000000
1777208361.392822,0,0.000000,0.000000,0.000000,0.000000,0.230000,0.000000,1.000000,0.000000,0.000000,0.070000
1777208361.393344,0,0.000000,0.000000,0.000000,0.000000,1.000000,0.000000,0.000000,0.000000,0.110000,0.020000
1777208361.421750,0,0.000000,0.000000,0.000000,0.000000,1.000000,0.000000,0.180000,0.000000,0.110000,0.020000
1777208361.422236,0,0.000000,0.000000,0.000000,0.000000,1.000000,0.000000,0.070000,0.000000,0.110000,0.000000
1777208361.450830,0,0.000000,0.000000,0.000000,0.000000,1.000000,0.000000,0.270000,0.000000,0.180000,0.000000
1777208361.479766,0,0.000000,0.000000,0.000000,0.000000,1.000000,0.000000,0.500000,0.000000,0.050000,0.000000
1777208361.480301,0,0.000000,0.000000,0.000000,0.000000,1.000000,0.000000,0.720000,0.000000,0.110000,0.020000
1777208361.508929,0,0.000000,0.000000,0.000000,0.000000,1.000000,0.000000,0.930000,0.000000,0.050000,0.020000
1777208361.509649,0,0.000000,0.000000,0.000000,0.000000,1.000000,0.000000,1.000000,0.000000,0.180000,0.180000
1777208361.510173,0,0.000000,0.000000,0.000000,0.000000,1.000000,0.000000,1.000000,0.000000,0.000000,0.020000
1777208361.539472,0,0.000000,0.000000,0.000000,0.000000,0.510000,0.000000,1.000000,0.000000,0.050000,0.000000
1777208361.540037,0,0.000000,0.000000,0.000000,0.000000,1.000000,0.000000,1.000000,0.000000,0.050000,0.100000
1777208361.567829,0,0.000000,0.000000,0.000000,0.000000,1.000000,0.000000,1.000000,0.000000,0.110000,0.000000
1777208361.568516,0,0.000000,0.000000,0.000000,0.000000,1.000000,0.000000,1.000000,0.000000,0.110000,0.020000
1777208361.599202,0,0.000000,0.000000,0.000000,0.000000,1.000000,0.000000,1.000000,0.000000,0.000000,0.000000
1777208361.627708,0,0.000000,0.000000,0.000000,0.000000,0.100000,0.000000,1.000000,0.000000,0.110000,0.000000
1777208361.628318,0,0.000000,0.000000,0.000000,0.000000,1.000000,0.000000,1.000000,0.000000,0.050000,0.000000
1777208361.656513,0,0.000000,0.000000,0.000000,0.000000,1.000000,0.000000,1.000000,0.000000,0.050000,0.000000
1777208361.657008,0,0.000000,0.000000,0.000000,0.000000,1.000000,0.000000,1.000000,0.000000,0.000000,0.000000
1777208361.684528,0,0.000000,0.000000,0.000000,0.000000,1.000000,0.000000,1.000000,0.000000,0.180000,0.020000
1777208361.685038,0,0.000000,0.000000,0.000000,0.000000,1.000000,0.000000,1.000000,0.000000,0.000000,0.000000
1777208361.714186,0,0.000000,0.000000,0.000000,0.000000,1.000000,0.000000,1.000000,0.000000,0.180000,0.000000
1777208361.742657,0,0.000000,0.000000,0.000000,0.000000,1.000000,0.000000,1.000000,0.000000,0.000000,0.000000
1777208361.743139,0,0.000000,0.000000,0.000000,0.000000,1.000000,0.000000,1.000000,0.000000,0.000000,0.000000
1777208361.743813,0,0.000000,0.000000,0.000000,0.000000,1.000000,0.000000,1.000000,0.000000,0.050000,0.000000
1777208361.772579,0,0.000000,0.000000,0.000000,0.000000,1.000000,0.000000,1.000000,0.000000,0.050000,0.000000
1777208361.773185,0,0.000000,0.000000,0.000000,0.000000,1.000000,0.000000,1.000000,0.000000,0.000000,0.140000
1777208361.801439,0,0.000000,0.000000,0.000000,0.000000,1.000000,0.000000,1.000000,0.000000,0.050000,0.000000
1777208361.829444,0,0.000000,0.000000,0.000000,0.000000,1.000000,0.000000,1.000000,0.000000,0.050000,0.000000
1777208361.829932,0,0.000000,0.000000,0.000000,0.000000,1.000000,0.000000,1.000000,0.000000,0.050000,0.000000
1777208361.830323,0,0.000000,0.000000,0.000000,0.000000,1.000000,0.000000,0.050000,0.000000,0.050000,0.000000
1777208361.858838,0,0.000000,0.000000,0.000000,0.000000,1.000000,0.000000,0.270000,0.000000,0.050000,0.020000
1777208361.887155,0,0.000000,0.000000,0.000000,0.000000,1.000000,0.000000,0.500000,0.000000,0.110000,0.000000
1777208361.887645,0,0.000000,0.000000,0.000000,0.000000,1.000000,0.000000,0.690000,0.000000,0.050000,0.000000
1777208361.916394,0,0.000000,0.000000,0.000000,0.000000,1.000000,0.000000,0.890000,0.000000,0.050000,0.000000
1777208361.916911,0,0.000000,0.000000,0.000000,0.000000,1.000000,0.000000,1.000000,0.000000,0.110000,0.000000
1777208361.944617,0,0.000000,0.000000,0.000000,0.000000,1.000000,0.000000,1.000000,0.000000,0.110000,0.000000
1777208361.945116,0,0.000000,0.000000,0.000000,0.000000,1.000000,0.000000,1.000000,0.000000,0.000000,0.180000
1777208361.973310,0,0.000000,0.000000,0.000000,0.000000,1.000000,0.000000,1.000000,0.000000,0.000000,0.000000
1777208361.973911,0,0.000000,0.000000,0.000000,0.000000,1.000000,0.000000,1.000000,0.000000,0.050000,0.070000
1777208362.005553,0,0.000000,0.000000,0.000000,0.000000,1.000000,0.000000,1.000000,0.000000,0.110000,0.070000
1777208362.006059,0,0.000000,0.000000,0.000000,0.000000,1.000000,0.000000,1.000000,0.000000,0.000000,0.000000
1777208362.034462,0,0.000000,0.000000,0.000000,0.000000,1.000000,0.000000,1.000000,0.000000,0.000000,0.020000
1777208362.034973,0,0.000000,0.000000,0.000000,0.000000,1.000000,0.000000,1.000000,0.000000,0.050000,0.020000
1777208362.062934,0,0.000000,0.000000,0.000000,0.000000,1.000000,0.000000,1.000000,0.000000,0.050000,0.000000
1777208362.063431,0,0.000000,0.000000,0.000000,0.000000,1.000000,0.000000,1.000000,0.000000,0.000000,0.000000
1777208362.091772,0,0.000000,0.000000,0.000000,0.000000,1.000000,0.000000,1.000000,0.000000,0.050000,0.020000
1777208362.092499,0,0.000000,0.000000,0.000000,0.000000,1.000000,0.000000,1.000000,0.000000,0.000000,0.020000
1777208362.120578,0,0.000000,0.000000,0.000000,0.000000,1.000000,0.000000,1.000000,0.000000,0.180000,0.020000
1777208362.121236,0,0.000000,0.000000,0.000000,0.000000,1.000000,0.000000,1.000000,0.000000,0.000000,0.000000
1777208362.149246,0,0.000000,0.000000,0.000000,0.000000,1.000000,0.000000,1.000000,0.000000,0.050000,0.020000
1777208362.203420,0,0.000000,0.000000,0.000000,0.000000,1.000000,0.000000,1.000000,0.000000,0.110000,0.020000
1777208362.203920,0,0.000000,0.000000,0.000000,0.000000,0.170000,0.000000,1.000000,0.000000,0.050000,0.000000
1777208362.204324,0,0.000000,0.000000,0.000000,0.000000,1.000000,0.000000,1.000000,0.000000,0.000000,0.020000
1777208362.204704,0,0.000000,0.000000,0.000000,0.000000,1.000000,0.000000,1.000000,0.000000,0.000000,0.000000
1777208362.205105,0,0.000000,0.000000,0.000000,0.000000,1.000000,0.000000,1.000000,0.000000,0.050000,0.000000
1777208362.261234,0,0.000000,0.000000,0.000000,0.000000,1.000000,0.000000,1.000000,0.000000,0.050000,0.020000
1777208362.261786,0,0.000000,0.000000,0.000000,0.000000,0.400000,0.000000,1.000000,0.000000,0.000000,0.020000
1777208362.262631,0,0.000000,0.000000,0.000000,0.000000,1.000000,0.000000,1.000000,0.000000,0.050000,0.020000
1777208362.263041,0,0.000000,0.000000,0.000000,0.000000,1.000000,0.000000,1.000000,0.000000,0.000000,0.020000
1777208362.263412,0,0.000000,0.000000,0.000000,0.000000,1.000000,0.000000,1.000000,0.000000,0.000000,0.000000
1777208362.314255,0,0.000000,0.000000,0.000000,0.000000,1.000000,0.000000,0.010000,0.000000,0.000000,0.020000
1777208362.314769,0,0.000000,0.000000,0.000000,0.000000,1.000000,0.000000,0.230000,0.000000,0.110000,0.000000
1777208362.366678,0,0.000000,0.000000,0.000000,0.000000,0.280000,0.000000,0.430000,0.000000,0.000000,0.000000
1777208362.367194,0,0.000000,0.000000,0.000000,0.000000,1.000000,0.000000,0.640000,0.000000,0.050000,0.100000
1777208362.367786,0,0.000000,0.000000,0.000000,0.000000,0.680000,0.000000,0.870000,0.000000,0.050000,0.000000
1777208362.368192,0,0.000000,0.000000,0.000000,0.000000,1.000000,0.000000,1.000000,0.000000,0.000000,0.000000
1777208362.368557,0,0.000000,0.000000,0.000000,0.000000,1.000000,0.000000,1.000000,0.000000,0.000000,0.020000
1777208362.420987,0,0.000000,0.000000,0.000000,0.000000,1.000000,0.000000,1.000000,0.000000,0.050000,0.000000
1777208362.421662,0,0.000000,0.000000,0.000000,0.000000,1.000000,0.000000,1.000000,0.000000,0.180000,0.000000
1777208362.422082,0,0.000000,0.000000,0.000000,0.000000,1.000000,0.000000,1.000000,0.000000,0.050000,0.020000
1777208362.473193,0,0.000000,0.000000,0.000000,0.000000,1.000000,0.000000,1.000000,0.000000,0.000000,0.020000
1777208362.473717,0,0.000000,0.000000,0.000000,0.000000,1.000000,0.000000,1.000000,0.000000,0.110000,0.020000
1777208362.474311,0,0.000000,0.000000,0.000000,0.000000,1.000000,0.000000,1.000000,0.000000,0.000000,0.020000
1777208362.526337,0,0.000000,0.000000,0.000000,0.000000,1.000000,0.000000,1.000000,0.000000,0.050000,0.000000
1777208362.526850,0,0.000000,0.000000,0.000000,0.000000,1.000000,0.000000,1.000000,0.000000,0.000000,0.000000
1777208362.527401,0,0.000000,0.000000,0.000000,0.000000,1.000000,0.000000,1.000000,0.000000,0.000000,0.020000
1777208362.579603,0,0.000000,0.000000,0.000000,0.000000,1.000000,0.000000,1.000000,0.000000,0.000000,0.000000
1777208362.580121,0,0.000000,0.000000,0.000000,0.000000,1.000000,0.000000,1.000000,0.000000,0.000000,0.000000
1777208362.580525,0,0.000000,0.000000,0.000000,0.000000,0.460000,0.000000,1.000000,0.000000,0.000000,0.000000
1777208362.581050,0,0.000000,0.000000,0.000000,0.000000,0.630000,0.000000,1.000000,0.000000,0.180000,0.020000
1777208362.632329,0,0.000000,0.000000,0.000000,0.000000,1.000000,0.000000,1.000000,0.000000,0.000000,0.020000
1777208362.632849,0,0.000000,0.000000,0.000000,0.000000,1.000000,0.000000,1.000000,0.000000,0.050000,0.020000
1777208362.633445,0,0.000000,0.000000,0.000000,0.000000,0.000000,0.000000,1.000000,0.000000,0.370000,0.000000
1777208362.633847,0,0.000000,0.000000,0.000000,0.000000,0.870000,0.000000,1.000000,0.000000,0.000000,0.100000
1777208362.686080,0,0.000000,0.000000,0.000000,0.000000,1.000000,0.000000,1.000000,0.000000,0.000000,0.000000
1777208362.686758,0,0.000000,0.000000,0.000000,0.000000,1.000000,0.000000,1.000000,0.000000,0.050000,0.100000
1777208362.687162,0,0.000000,0.000000,0.000000,0.000000,1.000000,0.000000,1.000000,0.000000,0.050000,0.020000
1777208362.738131,0,0.000000,0.000000,0.000000,0.000000,1.000000,0.000000,1.000000,0.000000,0.000000,0.000000
1777208362.738653,0,0.000000,0.000000,0.000000,0.000000,1.000000,0.000000,1.000000,0.000000,0.000000,0.070000
1777208362.739423,0,0.000000,0.000000,0.000000,0.000000,1.000000,0.000000,1.000000,0.000000,0.110000,0.020000
1777208362.767106,0,0.000000,0.000000,0.000000,0.000000,1.000000,0.000000,1.000000,0.000000,0.110000,0.000000
1777208362.795103,0,0.000000,0.000000,0.000000,0.000000,0.100000,0.000000,1.000000,0.000000,0.180000,0.000000
1777208362.824039,0,0.000000,0.000000,0.000000,0.000000,1.000000,0.000000,1.000000,0.000000,0.000000,0.000000
1777208362.824534,0,0.000000,0.000000,0.000000,0.000000,1.000000,0.000000,1.000000,0.000000,0.050000,0.000000
1777208362.851848,0,0.000000,0.000000,0.000000,0.000000,1.000000,0.000000,1.000000,0.000000,0.000000,0.000000
1777208362.852324,0,0.000000,0.000000,0.000000,0.000000,1.000000,0.000000,1.000000,0.000000,0.000000,0.020000
1777208362.880294,0,0.000000,0.000000,0.000000,0.000000,1.000000,0.000000,1.000000,0.000000,0.000000,0.000000
1777208362.880776,0,0.000000,0.000000,0.000000,0.000000,1.000000,0.000000,1.000000,0.000000,0.000000,0.000000
1777208362.908132,0,0.000000,0.000000,0.000000,0.000000,1.000000,0.000000,1.000000,0.000000,0.000000,0.000000
1777208362.908762,0,0.000000,0.000000,0.000000,0.000000,1.000000,0.000000,0.110000,0.000000,0.050000,0.000000
1777208362.936315,0,0.000000,0.000000,0.000000,0.000000,1.000000,0.000000,0.340000,0.000000,0.050000,0.020000
1777208362.937241,0,0.000000,0.000000,0.000000,0.000000,1.000000,0.000000,0.270000,0.000000,0.050000,0.000000
1777208362.965086,0,0.000000,0.000000,0.000000,0.000000,1.000000,0.000000,0.620000,0.000000,0.110000,0.000000
1777208362.965777,0,0.000000,0.000000,0.000000,0.000000,1.000000,0.000000,1.000000,0.000000,0.110000,0.020000
1777208362.992719,0,0.000000,0.000000,0.000000,0.000000,1.000000,0.000000,0.250000,0.000000,0.050000,0.000000
1777208362.993306,0,0.000000,0.000000,0.000000,0.000000,0.280000,0.000000,0.690000,0.000000,0.000000,0.020000
1777208363.021024,0,0.000000,0.000000,0.000000,0.000000,1.000000,0.000000,1.000000,0.000000,0.050000,0.020000
1777208363.049515,0,0.000000,0.000000,0.000000,0.000000,0.210000,0.000000,1.000000,0.000000,0.000000,0.000000
1777208363.077325,0,0.000000,0.000000,0.000000,0.000000,0.940000,0.000000,1.000000,0.000000,0.000000,0.000000
1777208363.077820,0,0.000000,0.000000,0.000000,0.000000,1.000000,0.000000,1.000000,0.000000,0.110000,0.000000
1777208363.078213,0,0.000000,0.000000,0.000000,0.000000,0.000000,0.000000,0.100000,0.000000,0.250000,0.000000
1777208363.106172,0,0.000000,0.000000,0.000000,0.000000,0.500000,0.000000,0.570000,0.000000,0.000000,0.000000
1777208363.106672,0,0.000000,0.000000,0.000000,0.000000,1.000000,0.000000,0.200000,0.000000,0.050000,0.020000
1777208363.134595,0,0.000000,0.000000,0.000000,0.000000,1.000000,0.000000,0.640000,0.000000,0.050000,0.020000
1777208363.135069,0,0.000000,0.000000,0.000000,0.000000,1.000000,0.000000,1.000000,0.000000,0.000000,0.000000
1777208363.164494,0,0.000000,0.000000,0.000000,0.000000,1.000000,0.000000,1.000000,0.000000,0.000000,0.000000
1777208363.165097,0,0.000000,0.000000,0.000000,0.000000,1.000000,0.000000,1.000000,0.000000,0.110000,0.000000
1777208363.194178,0,0.000000,0.000000,0.000000,0.000000,1.000000,0.000000,1.000000,0.000000,0.050000,0.000000
1777208363.194724,0,0.000000,0.000000,0.000000,0.000000,1.000000,0.000000,1.000000,0.000000,0.050000,0.020000
1777208363.224691,0,0.000000,0.000000,0.000000,0.000000,1.000000,0.000000,1.000000,0.000000,0.000000,0.000000
1777208363.254413,0,0.000000,0.000000,0.000000,0.000000,1.000000,0.000000,1.000000,0.000000,0.000000,0.020000
1777208363.254913,0,0.000000,0.000000,0.000000,0.000000,1.000000,0.000000,1.000000,0.000000,0.000000,0.000000
1777208363.282132,0,0.000000,0.000000,0.000000,0.000000,1.000000,0.000000,1.000000,0.000000,0.000000,0.000000
1777208363.282642,0,0.000000,0.000000,0.000000,0.000000,1.000000,0.000000,0.250000,0.000000,0.050000,0.000000
1777208363.283038,0,0.000000,0.000000,0.000000,0.000000,1.000000,0.000000,0.700000,0.000000,0.110000,0.020000
1777208363.312770,0,0.000000,0.000000,0.000000,0.000000,1.000000,0.000000,1.000000,0.000000,0.000000,0.000000
1777208363.340353,0,0.000000,0.000000,0.000000,0.000000,1.000000,0.000000,1.000000,0.000000,0.110000,0.000000
1777208363.340871,0,0.000000,0.000000,0.000000,0.000000,1.000000,0.000000,1.000000,0.000000,0.110000,0.070000
1777208363.341281,0,0.000000,0.000000,0.000000,0.000000,1.000000,0.000000,1.000000,0.000000,0.180000,0.000000
1777208363.392575,0,0.000000,0.000000,0.000000,0.000000,1.000000,0.000000,1.000000,0.000000,0.110000,0.020000
1777208363.393214,0,0.000000,0.000000,0.000000,0.000000,1.000000,0.000000,1.000000,0.000000,0.000000,0.000000
1777208363.393614,0,0.000000,0.000000,0.000000,0.000000,1.000000,0.000000,1.000000,0.000000,0.000000,0.000000
1777208363.393986,0,0.000000,0.000000,0.000000,0.000000,1.000000,0.000000,1.000000,0.000000,0.050000,0.070000
1777208363.394418,0,0.000000,0.000000,0.000000,0.000000,1.000000,0.000000,1.000000,0.000000,0.050000,0.100000
1777208363.444997,0,0.000000,0.000000,0.000000,0.000000,1.000000,0.000000,1.000000,0.000000,0.050000,0.020000
1777208363.445697,0,0.000000,0.000000,0.000000,0.000000,1.000000,0.000000,1.000000,0.000000,0.000000,0.000000
1777208363.446136,0,0.000000,0.000000,0.000000,0.000000,1.000000,0.000000,1.000000,0.000000,0.050000,0.000000
1777208363.498607,0,0.000000,0.000000,0.000000,0.000000,0.180000,0.000000,1.000000,0.000000,0.000000,0.000000
1777208363.499096,0,0.000000,0.000000,0.000000,0.000000,0.670000,0.000000,1.000000,0.000000,0.110000,0.000000
1777208363.549603,0,0.000000,0.000000,0.000000,0.000000,1.000000,0.000000,1.000000,0.000000,0.050000,0.020000
1777208363.550113,0,0.000000,0.000000,0.000000,0.000000,1.000000,0.000000,0.170000,0.000000,0.000000,0.000000
1777208363.550512,0,0.000000,0.000000,0.000000,0.000000,1.000000,0.000000,0.560000,0.000000,0.000000,0.020000
1777208363.551106,0,0.000000,0.000000,0.000000,0.000000,0.000000,0.000000,1.000000,0.000000,0.370000,0.000000
1777208363.551555,0,0.000000,0.000000,0.000000,0.000000,0.280000,0.000000,1.000000,0.000000,0.110000,0.000000
1777208363.601731,0,0.000000,0.000000,0.000000,0.000000,0.560000,0.000000,0.200000,0.000000,0.000000,0.000000
1777208363.602450,0,0.000000,0.000000,0.000000,0.000000,0.820000,0.000000,0.510000,0.000000,0.110000,0.000000
1777208363.603050,0,0.000000,0.000000,0.000000,0.000000,0.000000,0.000000,0.870000,0.000000,0.250000,0.000000
1777208363.629496,0,0.000000,0.000000,0.000000,0.000000,0.230000,0.000000,1.000000,0.000000,0.000000,0.000000
1777208363.681863,0,0.000000,0.000000,0.000000,0.000000,0.470000,0.000000,1.000000,0.000000,0.000000,0.020000
1777208363.682374,0,0.000000,0.000000,0.000000,0.000000,0.730000,0.000000,1.000000,0.000000,0.000000,0.000000
1777208363.682797,0,0.000000,0.000000,0.000000,0.000000,0.940000,0.000000,1.000000,0.000000,0.050000,0.020000
1777208363.683382,0,0.000000,0.000000,0.000000,0.000000,1.000000,0.000000,1.000000,0.000000,0.000000,0.020000
1777208363.683786,0,0.000000,0.000000,0.000000,0.000000,1.000000,0.000000,1.000000,0.000000,0.000000,0.000000
1777208363.734221,0,0.000000,0.000000,0.000000,0.000000,1.000000,0.000000,1.000000,0.000000,0.000000,0.020000
1777208363.734758,0,0.000000,0.000000,0.000000,0.000000,1.000000,0.000000,0.000000,0.000000,0.110000,0.810000
1777208363.735894,0,0.000000,0.000000,0.000000,0.000000,1.000000,0.000000,0.340000,0.000000,0.110000,0.000000
1777208363.762944,0,0.000000,0.000000,0.000000,0.000000,1.000000,0.000000,0.680000,0.000000,0.000000,0.000000
1777208363.812400,0,0.000000,0.000000,0.000000,0.000000,0.050000,0.000000,1.000000,0.000000,0.050000,0.020000
1777208363.812934,0,0.000000,0.000000,0.000000,0.000000,0.310000,0.000000,1.000000,0.000000,0.050000,0.000000
1777208363.813581,0,0.000000,0.000000,0.000000,0.000000,0.540000,0.000000,1.000000,0.000000,0.050000,0.180000
1777208363.862748,0,0.000000,0.000000,0.000000,0.000000,0.790000,0.000000,1.000000,0.000000,0.050000,0.000000
1777208363.863453,0,0.000000,0.000000,0.000000,0.000000,1.000000,0.000000,1.000000,0.000000,0.050000,0.180000
1777208363.863865,0,0.000000,0.000000,0.000000,0.000000,1.000000,0.000000,1.000000,0.000000,0.000000,0.000000
1777208363.864237,0,0.000000,0.000000,0.000000,0.000000,1.000000,0.000000,1.000000,0.000000,0.050000,0.070000
1777208363.890487,0,0.000000,0.000000,0.000000,0.000000,1.000000,0.000000,1.000000,0.000000,0.000000,0.000000
1777208363.940923,0,0.000000,0.000000,0.000000,0.000000,0.000000,0.000000,1.000000,0.000000,0.810000,0.000000
1777208363.941651,0,0.000000,0.000000,0.000000,0.000000,0.100000,0.000000,1.000000,0.000000,0.000000,0.000000
1777208363.942239,0,0.000000,0.000000,0.000000,0.000000,0.270000,0.000000,1.000000,0.000000,0.000000,0.000000
1777208363.942670,0,0.000000,0.000000,0.000000,0.000000,0.430000,0.000000,1.000000,0.000000,0.000000,0.070000
1777208363.969141,0,0.000000,0.000000,0.000000,0.000000,0.610000,0.000000,1.000000,0.000000,0.050000,0.000000
1777208363.996130,0,0.000000,0.000000,0.000000,0.000000,0.750000,0.000000,1.000000,0.000000,0.180000,0.000000
1777208364.023555,0,0.000000,0.000000,0.000000,0.000000,0.930000,0.000000,1.000000,0.000000,0.000000,0.020000
1777208364.050595,0,0.000000,0.000000,0.000000,0.000000,1.000000,0.000000,1.000000,0.000000,0.050000,0.000000
1777208364.051088,0,0.000000,0.000000,0.000000,0.000000,1.000000,0.000000,0.180000,0.000000,0.050000,0.000000
1777208364.051562,0,0.000000,0.000000,0.000000,0.000000,1.000000,0.000000,0.510000,0.000000,0.000000,0.000000
1777208364.079333,0,0.000000,0.000000,0.000000,0.000000,1.000000,0.000000,0.870000,0.000000,0.000000,0.000000
1777208364.106484,0,0.000000,0.000000,0.000000,0.000000,1.000000,0.000000,1.000000,0.000000,0.000000,0.000000
1777208364.106988,0,0.000000,0.000000,0.000000,0.000000,1.000000,0.000000,1.000000,0.000000,0.110000,0.000000
1777208364.107372,0,0.000000,0.000000,0.000000,0.000000,1.000000,0.000000,1.000000,0.000000,0.000000,0.000000
1777208364.156499,0,0.000000,0.000000,0.000000,0.000000,1.000000,0.000000,1.000000,0.000000,0.000000,0.000000
1777208364.157166,0,0.000000,0.000000,0.000000,0.000000,1.000000,0.000000,1.000000,0.000000,0.050000,0.000000
1777208364.157580,0,0.000000,0.000000,0.000000,0.000000,1.000000,0.000000,1.000000,0.000000,0.050000,0.000000
1777208364.158077,0,0.000000,0.000000,0.000000,0.000000,1.000000,0.000000,1.000000,0.000000,0.000000,0.000000
1777208364.185294,0,0.000000,0.000000,0.000000,0.000000,1.000000,0.000000,1.000000,0.000000,0.000000,0.000000
1777208364.212783,0,0.000000,0.000000,0.000000,0.000000,1.000000,0.000000,1.000000,0.000000,0.050000,0.070000
1777208364.242761,0,0.000000,0.000000,0.000000,0.000000,1.000000,0.000000,1.000000,0.000000,0.000000,0.000000
1777208364.243280,0,0.000000,0.000000,0.000000,0.000000,1.000000,0.000000,1.000000,0.000000,0.000000,0.000000
1777208364.269755,0,0.000000,0.000000,0.000000,0.000000,1.000000,0.000000,0.090000,0.000000,0.050000,0.020000
1777208364.270369,0,0.000000,0.000000,0.000000,0.000000,0.100000,0.000000,0.430000,0.000000,0.110000,0.000000
1777208364.296668,0,0.000000,0.000000,0.000000,0.000000,0.250000,0.000000,0.760000,0.000000,0.000000,0.000000
1777208364.297301,0,0.000000,0.000000,0.000000,0.000000,0.430000,0.000000,1.000000,0.000000,0.000000,0.100000
1777208364.324902,0,0.000000,0.000000,0.000000,0.000000,0.010000,0.000000,1.000000,0.000000,0.180000,0.000000
1777208364.351993,0,0.000000,0.000000,0.000000,0.000000,0.210000,0.000000,1.000000,0.000000,0.000000,0.000000
1777208364.352503,0,0.000000,0.000000,0.000000,0.000000,0.000000,0.000000,1.000000,0.000000,0.250000,0.000000
1777208364.352897,0,0.000000,0.000000,0.000000,0.000000,0.200000,0.000000,1.000000,0.000000,0.110000,0.000000
1777208364.380277,0,0.000000,0.000000,0.000000,0.000000,0.410000,0.000000,1.000000,0.000000,0.110000,0.070000
1777208364.408443,0,0.000000,0.000000,0.000000,0.000000,0.620000,0.000000,1.000000,0.000000,0.000000,0.020000
1777208364.408945,0,0.000000,0.000000,0.000000,0.000000,0.830000,0.000000,1.000000,0.000000,0.000000,0.000000
1777208364.436430,0,0.000000,0.000000,0.000000,0.000000,1.000000,0.000000,1.000000,0.000000,0.110000,0.000000
1777208364.436980,0,0.000000,0.000000,0.000000,0.000000,0.100000,0.000000,0.200000,0.000000,0.000000,0.000000
1777208364.464852,0,0.000000,0.000000,0.000000,0.000000,0.340000,0.000000,0.510000,0.000000,0.180000,0.000000
1777208364.465353,0,0.000000,0.000000,0.000000,0.000000,0.620000,0.000000,0.870000,0.000000,0.000000,0.000000
1777208364.492046,0,0.000000,0.000000,0.000000,0.000000,0.880000,0.000000,1.000000,0.000000,0.110000,0.020000
1777208364.492526,0,0.000000,0.000000,0.000000,0.000000,1.000000,0.000000,1.000000,0.000000,0.000000,0.000000
1777208364.519318,0,0.000000,0.000000,0.000000,0.000000,1.000000,0.000000,1.000000,0.000000,0.000000,0.000000
1777208364.519806,0,0.000000,0.000000,0.000000,0.000000,1.000000,0.000000,1.000000,0.000000,0.110000,0.020000
1777208364.547194,0,0.000000,0.000000,0.000000,0.000000,1.000000,0.000000,1.000000,0.000000,0.000000,0.180000
1777208364.574841,0,0.000000,0.000000,0.000000,0.000000,1.000000,0.000000,1.000000,0.000000,0.050000,0.020000
1777208364.575434,0,0.000000,0.000000,0.000000,0.000000,0.010000,0.000000,1.000000,0.000000,0.110000,0.000000
1777208364.602171,0,0.000000,0.000000,0.000000,0.000000,0.200000,0.000000,1.000000,0.000000,0.000000,0.020000
1777208364.602682,0,0.000000,0.000000,0.000000,0.000000,0.370000,0.000000,1.000000,0.000000,0.110000,0.020000
1777208364.628966,0,0.000000,0.000000,0.000000,0.000000,0.560000,0.000000,0.000000,0.000000,0.110000,0.280000
1777208364.629465,0,0.000000,0.000000,0.000000,0.000000,0.740000,0.000000,0.340000,0.000000,0.000000,0.000000
1777208364.656360,0,0.000000,0.000000,0.000000,0.000000,0.910000,0.000000,0.680000,0.000000,0.000000,0.020000
1777208364.656998,0,0.000000,0.000000,0.000000,0.000000,0.050000,0.000000,1.000000,0.000000,0.050000,0.000000
1777208364.683958,0,0.000000,0.000000,0.000000,0.000000,0.180000,0.000000,1.000000,0.000000,0.050000,0.000000
1777208364.711225,0,0.000000,0.000000,0.000000,0.000000,0.330000,0.000000,1.000000,0.000000,0.110000,0.000000
1777208364.711710,0,0.000000,0.000000,0.000000,0.000000,0.490000,0.000000,0.070000,0.000000,0.050000,0.000000
1777208364.738519,0,0.000000,0.000000,0.000000,0.000000,0.640000,0.000000,0.360000,0.000000,0.050000,0.020000
1777208364.739141,0,0.000000,0.000000,0.000000,0.000000,0.790000,0.000000,0.620000,0.000000,0.050000,0.000000
1777208364.765875,0,0.000000,0.000000,0.000000,0.000000,0.940000,0.000000,0.910000,0.000000,0.110000,0.000000
1777208364.766365,0,0.000000,0.000000,0.000000,0.000000,0.070000,0.000000,1.000000,0.000000,0.000000,0.070000
1777208364.792799,0,0.000000,0.000000,0.000000,0.000000,0.200000,0.000000,1.000000,0.000000,0.050000,0.000000
1777208364.819387,0,0.000000,0.000000,0.000000,0.000000,0.360000,0.000000,1.000000,0.000000,0.050000,0.000000
1777208364.819878,0,0.000000,0.000000,0.000000,0.000000,0.500000,0.000000,1.000000,0.000000,0.110000,0.000000
1777208364.847091,0,0.000000,0.000000,0.000000,0.000000,0.000000,0.000000,1.000000,0.000000,0.250000,0.020000
1777208364.873866,0,0.000000,0.000000,0.000000,0.000000,0.180000,0.000000,1.000000,0.000000,0.000000,0.100000
1777208364.874346,0,0.000000,0.000000,0.000000,0.000000,0.360000,0.000000,1.000000,0.000000,0.050000,0.020000
1777208364.874865,0,0.000000,0.000000,0.000000,0.000000,0.510000,0.000000,1.000000,0.000000,0.180000,0.000000
1777208364.901189,0,0.000000,0.000000,0.000000,0.000000,0.690000,0.000000,1.000000,0.000000,0.050000,0.020000
1777208364.901675,0,0.000000,0.000000,0.000000,0.000000,0.870000,0.000000,1.000000,0.000000,0.050000,0.000000
1777208364.929476,0,0.000000,0.000000,0.000000,0.000000,1.000000,0.000000,1.000000,0.000000,0.000000,0.000000
1777208364.929974,0,0.000000,0.000000,0.000000,0.000000,1.000000,0.000000,1.000000,0.000000,0.050000,0.000000
1777208364.958184,0,0.000000,0.000000,0.000000,0.000000,1.000000,0.000000,1.000000,0.000000,0.000000,0.000000
1777208364.958775,0,0.000000,0.000000,0.000000,0.000000,1.000000,0.000000,1.000000,0.000000,0.110000,0.020000
1777208364.985384,0,0.000000,0.000000,0.000000,0.000000,1.000000,0.000000,1.000000,0.000000,0.050000,0.020000
1777208365.012201,0,0.000000,0.000000,0.000000,0.000000,1.000000,0.000000,1.000000,0.000000,0.000000,0.020000
1777208365.012707,0,0.000000,0.000000,0.000000,0.000000,1.000000,0.000000,1.000000,0.000000,0.000000,0.100000
1777208365.040162,0,0.000000,0.000000,0.000000,0.000000,1.000000,0.000000,0.110000,0.000000,0.050000,0.020000
1777208365.040667,0,0.000000,0.000000,0.000000,0.000000,1.000000,0.000000,0.370000,0.000000,0.050000,0.000000
1777208365.067513,0,0.000000,0.000000,0.000000,0.000000,1.000000,0.000000,0.630000,0.000000,0.050000,0.000000
1777208365.068068,0,0.000000,0.000000,0.000000,0.000000,0.050000,0.000000,0.910000,0.000000,0.000000,0.000000
1777208365.094297,0,0.000000,0.000000,0.000000,0.000000,0.230000,0.000000,1.000000,0.000000,0.110000,0.020000
