epoch,mark,Measured Torque (R),Desired Torque (R),Measured Torque (L),Desired Torque (L),Gait/100 (R),Toe FSR (R),Gait/100 (L),Toe FSR (L),Heel FSR (R),Heel FSR (L)
1777213861.125619,0,0.000000,0.300000,0.000000,0.300000,0.000000,0.000000,0.000000,0.000000,0.000000,2.000000
1777213861.255019,0,0.000000,0.300000,0.000000,0.300000,0.000000,0.000000,0.000000,0.000000,0.000000,0.000000
1777213861.304035,0,0.000000,0.300000,0.000000,0.300000,0.000000,0.000000,0.000000,0.000000,0.500000,0.000000
1777213861.305927,0,0.000000,0.300000,0.000000,0.300000,0.000000,0.000000,0.000000,0.000000,0.000000,0.150000
1777213861.306300,0,0.000000,0.300000,0.000000,0.300000,0.000000,0.000000,0.000000,0.000000,0.500000,0.000000
1777213861.358766,0,0.000000,0.300000,0.000000,0.300000,0.000000,0.000000,0.000000,0.000000,0.000000,0.000000
1777213861.360559,0,0.000000,0.300000,0.000000,0.300000,0.000000,0.000000,0.000000,0.000000,0.000000,0.070000
1777213861.360936,0,0.000000,0.300000,0.000000,0.300000,0.000000,0.000000,0.000000,0.000000,0.330000,0.000000
1777213861.384674,0,0.000000,0.300000,0.000000,0.300000,0.000000,0.000000,0.000000,0.000000,0.330000,0.070000
1777213861.410259,0,0.000000,0.300000,0.000000,0.300000,0.000000,0.000000,0.000000,0.000000,0.000000,0.000000
1777213861.436206,0,0.000000,0.300000,0.000000,0.300000,0.000000,0.000000,0.000000,0.000000,0.000000,0.000000
1777213861.436644,0,0.000000,0.300000,0.000000,0.300000,0.000000,0.000000,0.000000,0.000000,0.660000,0.000000
1777213861.462806,0,0.000000,0.300000,0.000000,0.300000,0.000000,0.000000,0.000000,0.000000,0.000000,0.070000
1777213861.463236,0,0.000000,0.300000,0.000000,0.300000,0.000000,0.000000,0.000000,0.000000,0.660000,0.150000
1777213861.491359,0,0.000000,0.300000,0.000000,0.300000,0.000000,0.000000,0.000000,0.000000,0.000000,0.000000
1777213861.522132,0,0.000000,0.300000,0.000000,0.300000,0.000000,0.000000,0.000000,0.000000,0.330000,0.000000
1777213861.522563,0,0.000000,0.300000,0.000000,0.300000,0.000000,0.000000,0.000000,0.000000,0.330000,0.070000
1777213861.522969,0,0.000000,0.300000,0.000000,0.300000,0.000000,0.000000,0.000000,0.000000,0.000000,0.000000
1777213861.551261,0,0.000000,0.300000,0.000000,0.300000,0.000000,0.000000,0.000000,0.000000,0.660000,0.000000
1777213861.575413,0,0.000000,0.300000,0.000000,0.300000,0.000000,0.000000,0.000000,0.000000,0.330000,0.000000
1777213861.575846,0,0.000000,0.300000,0.000000,0.300000,0.000000,0.000000,0.000000,0.000000,0.000000,0.000000
1777213861.601673,0,0.000000,0.300000,0.000000,0.300000,0.000000,0.000000,0.000000,0.000000,0.000000,0.010000
1777213861.602235,0,0.000000,0.300000,0.000000,0.300000,0.000000,0.000000,0.000000,0.000000,0.000000,0.000000
1777213861.632125,0,0.000000,0.300000,0.000000,0.300000,0.000000,0.000000,0.000000,0.000000,0.330000,0.010000
1777213861.659739,0,0.000000,0.300000,0.000000,0.300000,0.000000,0.000000,0.000000,0.000000,0.330000,0.000000
1777213861.660177,0,0.000000,0.300000,0.000000,0.300000,0.000000,0.000000,0.000000,0.000000,0.330000,0.000000
1777213861.687615,0,0.000000,0.300000,0.000000,0.300000,0.000000,0.000000,0.000000,0.000000,0.000000,0.010000
1777213861.688037,0,0.000000,0.300000,0.000000,0.300000,0.000000,0.000000,0.000000,0.000000,0.000000,0.010000
1777213861.715893,0,0.000000,0.300000,0.000000,0.300000,0.000000,0.000000,0.000000,0.000000,0.330000,0.000000
1777213861.716324,0,0.000000,0.300000,0.000000,0.300000,0.000000,0.000000,0.000000,0.000000,0.000000,0.000000
1777213861.742508,0,0.000000,0.300000,0.000000,0.300000,0.000000,0.000000,0.000000,0.000000,0.000000,0.000000
1777213861.768498,0,0.000000,0.300000,0.000000,0.300000,0.000000,0.000000,0.000000,0.000000,0.000000,0.010000
1777213861.768931,0,0.000000,0.300000,0.000000,0.300000,0.000000,0.000000,0.000000,0.000000,0.000000,0.000000
1777213861.769356,0,0.000000,0.300000,0.000000,0.300000,0.000000,0.000000,0.000000,0.000000,0.250000,0.000000
1777213861.796592,0,0.000000,0.300000,0.000000,0.300000,0.000000,0.000000,0.000000,0.000000,0.000000,0.000000
1777213861.824171,0,0.000000,0.300000,0.000000,0.300000,0.000000,0.000000,0.000000,0.000000,0.500000,0.000000
1777213861.824602,0,0.000000,0.300000,0.000000,0.300000,0.000000,0.000000,0.000000,0.000000,0.000000,0.000000
1777213861.851519,0,0.000000,0.300000,0.000000,0.300000,0.000000,0.000000,0.000000,0.000000,0.000000,0.000000
1777213861.851958,0,0.000000,0.300000,0.000000,0.300000,0.000000,0.000000,0.000000,0.000000,0.250000,0.000000
1777213861.879258,0,0.000000,0.300000,0.000000,0.300000,0.000000,0.000000,0.000000,0.000000,0.000000,0.000000
1777213861.879766,0,0.000000,0.300000,0.000000,0.300000,0.000000,0.000000,0.000000,0.000000,0.000000,0.010000
1777213861.908592,0,0.000000,0.300000,0.000000,0.300000,0.000000,0.000000,0.000000,0.000000,0.000000,0.000000
1777213861.937059,0,0.000000,0.300000,0.000000,0.300000,0.000000,0.000000,0.000000,0.000000,0.000000,0.010000
1777213861.937480,0,0.000000,0.300000,0.000000,0.300000,0.000000,0.000000,0.000000,0.000000,0.000000,0.010000
1777213861.966244,0,0.000000,0.300000,0.000000,0.300000,0.000000,0.000000,0.000000,0.000000,0.000000,0.050000
1777213861.966675,0,0.000000,0.300000,0.000000,0.300000,0.000000,0.000000,0.000000,0.000000,0.000000,0.000000
1777213861.997557,0,0.000000,0.300000,0.000000,0.300000,0.000000,0.000000,0.000000,0.000000,0.250000,0.000000
1777213861.997979,0,0.000000,0.300000,0.000000,0.300000,0.000000,0.000000,0.000000,0.000000,0.250000,0.000000
1777213862.024392,0,0.000000,0.300000,0.000000,0.300000,0.000000,0.000000,0.000000,0.000000,0.000000,0.000000
1777213862.024821,0,0.000000,0.300000,0.000000,0.300000,0.000000,0.000000,0.000000,0.000000,0.250000,0.000000
1777213862.025140,0,0.000000,0.300000,0.000000,0.300000,0.000000,0.000000,0.000000,0.000000,0.250000,0.010000
1777213862.049451,0,0.000000,0.300000,0.000000,0.300000,0.000000,0.000000,0.000000,0.000000,0.250000,0.000000
1777213862.051139,0,0.000000,0.300000,0.000000,0.300000,0.000000,0.000000,0.000000,0.000000,0.000000,0.000000
1777213862.074915,0,0.000000,0.300000,0.000000,0.300000,0.000000,0.000000,0.000000,0.000000,0.150000,0.000000
1777213862.100139,0,0.000000,0.300000,0.000000,0.300000,0.000000,0.000000,0.000000,0.000000,0.150000,0.000000
1777213862.100590,0,0.000000,0.300000,0.000000,0.300000,0.000000,0.000000,0.000000,0.000000,0.150000,0.010000
1777213862.125928,0,0.000000,0.300000,0.000000,0.300000,0.000000,0.000000,0.000000,0.000000,0.150000,0.010000
1777213862.126464,0,0.000000,0.300000,0.000000,0.300000,0.000000,0.000000,0.000000,0.000000,0.150000,0.000000
1777213862.152193,0,0.000000,0.300000,0.000000,0.300000,0.000000,0.000000,0.000000,0.000000,0.500000,0.010000
1777213862.179585,0,0.000000,0.300000,0.000000,0.300000,0.000000,0.000000,0.000000,0.000000,0.330000,0.000000
1777213862.180140,0,0.000000,0.300000,0.000000,0.300000,0.000000,0.000000,0.000000,0.000000,0.000000,0.100000
1777213862.208035,0,0.000000,0.300000,0.000000,0.300000,0.000000,0.000000,0.000000,0.000000,0.150000,0.050000
1777213862.233608,0,0.000000,0.300000,0.000000,0.300000,0.000000,0.000000,0.000000,0.000000,0.330000,0.000000
1777213862.259941,0,0.000000,0.300000,0.000000,0.300000,0.000000,0.000000,0.000000,0.000000,0.000000,0.000000
1777213862.260386,0,0.000000,0.300000,0.000000,0.300000,0.000000,0.000000,0.000000,0.000000,0.000000,0.000000
1777213862.260715,0,0.000000,0.300000,0.000000,0.300000,0.000000,0.000000,0.000000,0.000000,0.000000,0.000000
1777213862.286020,0,0.000000,0.300000,0.000000,0.300000,0.000000,0.000000,0.000000,0.000000,0.000000,0.000000
1777213862.286464,0,0.000000,0.300000,0.000000,0.300000,0.000000,0.000000,0.000000,0.000000,0.150000,0.010000
1777213862.313406,0,0.000000,0.300000,0.000000,0.300000,0.000000,0.000000,0.000000,0.000000,0.000000,0.000000
1777213862.313854,0,0.000000,0.300000,0.000000,0.300000,0.000000,0.000000,0.000000,0.000000,0.000000,0.010000
1777213862.340942,0,0.000000,0.300000,0.000000,0.300000,0.000000,0.000000,0.000000,0.000000,0.150000,0.000000
1777213862.366595,0,0.000000,0.300000,0.000000,0.300000,0.000000,0.000000,0.000000,0.000000,0.000000,0.000000
1777213862.367133,0,0.000000,0.300000,0.000000,0.300000,0.000000,0.000000,0.000000,0.000000,0.000000,0.000000
1777213862.368599,0,0.000000,0.300000,0.000000,0.300000,0.000000,0.000000,0.000000,0.000000,0.330000,0.000000
1777213862.417186,0,0.000000,0.300000,0.000000,0.300000,0.000000,0.000000,0.000000,0.000000,0.000000,0.000000
1777213862.417620,0,0.000000,0.300000,0.000000,0.300000,0.000000,0.000000,0.000000,0.000000,0.000000,0.000000
1777213862.417952,0,0.000000,0.300000,0.000000,0.300000,0.000000,0.000000,0.000000,0.000000,0.150000,0.000000
1777213862.418269,0,0.000000,0.300000,0.000000,0.300000,0.000000,0.000000,0.000000,0.000000,0.150000,0.000000
1777213862.465987,0,0.000000,0.300000,0.000000,0.300000,0.000000,0.000000,0.000000,0.000000,0.330000,0.010000
1777213862.466422,0,0.000000,0.300000,0.000000,0.300000,0.000000,0.000000,0.000000,0.000000,0.000000,0.000000
1777213862.467332,0,0.000000,0.300000,0.000000,0.300000,0.000000,0.000000,0.000000,0.000000,0.330000,0.010000
1777213862.515547,0,0.000000,0.300000,0.000000,0.300000,0.000000,0.000000,0.000000,0.000000,0.000000,0.010000
1777213862.516004,0,0.000000,0.300000,0.000000,0.300000,0.000000,0.000000,0.000000,0.000000,0.000000,0.000000
1777213862.517034,0,0.000000,0.300000,0.000000,0.300000,0.000000,0.000000,0.000000,0.000000,0.000000,0.010000
1777213862.565787,0,0.000000,0.300000,0.000000,0.300000,0.000000,0.000000,0.000000,0.000000,0.150000,0.000000
1777213862.566244,0,0.000000,0.300000,0.000000,0.300000,0.000000,0.000000,0.000000,0.000000,0.150000,0.000000
1777213862.566596,0,0.000000,0.300000,0.000000,0.300000,0.000000,0.000000,0.000000,0.000000,0.000000,0.010000
1777213862.616579,0,0.000000,0.300000,0.000000,0.300000,0.000000,0.000000,0.000000,0.000000,0.150000,0.000000
1777213862.617079,0,0.000000,0.300000,0.000000,0.300000,0.000000,0.000000,0.000000,0.000000,0.330000,0.050000
1777213862.617472,0,0.000000,0.300000,0.000000,0.300000,0.000000,0.000000,0.000000,0.000000,0.000000,0.000000
1777213862.618399,0,0.000000,0.300000,0.000000,0.300000,0.000000,0.000000,0.000000,0.000000,0.000000,0.000000
1777213862.676774,0,0.000000,0.300000,0.000000,0.300000,0.000000,0.000000,0.000000,0.000000,0.000000,0.010000
1777213862.677280,0,0.000000,0.300000,0.000000,0.300000,0.000000,0.000000,0.000000,0.000000,0.150000,0.000000
1777213862.679030,0,0.000000,0.300000,0.000000,0.300000,0.000000,0.000000,0.000000,0.000000,0.000000,0.050000
1777213862.706988,0,0.000000,0.300000,0.000000,0.300000,0.000000,0.000000,0.000000,0.000000,0.330000,0.000000
1777213862.707623,0,0.000000,0.300000,0.000000,0.300000,0.000000,0.000000,0.000000,0.000000,0.150000,0.070000
1777213862.734605,0,0.000000,0.300000,0.000000,0.300000,0.000000,0.000000,0.000000,0.000000,0.150000,0.000000
1777213862.763320,0,0.000000,0.300000,0.000000,0.300000,0.000000,0.000000,0.000000,0.000000,0.150000,0.010000
1777213862.763757,0,0.000000,0.300000,0.000000,0.300000,0.000000,0.000000,0.000000,0.000000,0.150000,0.000000
1777213862.793493,0,0.000000,0.300000,0.000000,0.300000,0.000000,0.000000,0.000000,0.000000,0.000000,0.050000
1777213862.793931,0,0.000000,0.300000,0.000000,0.300000,0.000000,0.000000,0.000000,0.000000,0.000000,0.050000
1777213862.823412,0,0.000000,0.300000,0.000000,0.300000,0.000000,0.000000,0.000000,0.000000,0.000000,0.010000
1777213862.823848,0,0.000000,0.300000,0.000000,0.300000,0.000000,0.000000,0.000000,0.000000,0.150000,0.000000
1777213862.854964,0,0.000000,0.300000,0.000000,0.300000,0.000000,0.000000,0.000000,0.000000,0.150000,0.010000
1777213862.914127,0,0.000000,0.300000,0.000000,0.300000,0.000000,0.000000,0.000000,0.000000,0.000000,0.000000
1777213862.914709,0,0.000000,0.300000,0.000000,0.300000,0.000000,0.000000,0.000000,0.000000,0.000000,0.000000
1777213862.915170,0,0.000000,0.300000,0.000000,0.300000,0.000000,0.000000,0.000000,0.000000,0.150000,0.070000
1777213862.938623,0,0.000000,0.300000,0.000000,0.300000,0.000000,0.000000,0.000000,0.000000,0.150000,0.010000
1777213862.939730,0,0.000000,0.300000,0.000000,0.300000,0.000000,0.000000,0.000000,0.000000,0.330000,0.000000
1777213862.940171,0,0.000000,0.300000,0.000000,0.300000,0.000000,0.000000,0.000000,0.000000,0.150000,0.000000
1777213862.950420,0,0.000000,0.300000,0.000000,0.300000,0.000000,0.000000,0.000000,0.000000,0.000000,0.000000
1777213862.964306,0,0.000000,0.300000,0.000000,0.300000,0.000000,0.000000,0.000000,0.000000,0.150000,0.010000
1777213862.980778,0,0.000000,0.300000,0.000000,0.300000,0.000000,0.000000,0.000000,0.000000,0.000000,0.050000
1777213862.987637,0,0.000000,0.300000,0.000000,0.300000,0.000000,0.000000,0.000000,0.000000,0.330000,0.000000
1777213863.011776,0,0.000000,0.300000,0.000000,0.300000,0.000000,0.000000,0.000000,0.000000,0.150000,0.000000
1777213863.025363,0,0.000000,0.300000,0.000000,0.300000,0.000000,0.000000,0.000000,0.000000,0.150000,0.000000
1777213863.040469,0,0.000000,0.300000,0.000000,0.300000,0.000000,0.000000,0.000000,0.000000,0.000000,0.010000
1777213863.063551,0,0.000000,0.300000,0.000000,0.300000,0.000000,0.000000,0.000000,0.000000,0.150000,0.010000
1777213863.069890,0,0.000000,0.300000,0.000000,0.300000,0.000000,0.000000,0.000000,0.000000,0.000000,0.000000
1777213863.085991,0,0.000000,0.300000,0.000000,0.300000,0.000000,0.000000,0.000000,0.000000,0.000000,0.000000
1777213863.092355,0,0.000000,0.300000,0.000000,0.300000,0.000000,0.000000,0.000000,0.000000,0.000000,0.000000
1777213863.109209,0,0.000000,0.300000,0.000000,0.300000,0.000000,0.000000,0.000000,0.000000,0.000000,0.000000
1777213863.124643,0,0.000000,0.300000,0.000000,0.300000,0.000000,0.000000,0.000000,0.000000,0.000000,0.010000
1777213863.145552,0,0.000000,0.300000,0.000000,0.300000,0.000000,0.000000,0.000000,0.000000,0.150000,0.000000
1777213863.168565,0,0.000000,0.300000,0.000000,0.300000,0.000000,0.000000,0.000000,0.000000,0.000000,0.000000
1777213863.172020,0,0.000000,0.300000,0.000000,0.300000,0.000000,0.000000,0.000000,0.000000,0.150000,0.000000
1777213863.199955,0,0.000000,0.300000,0.000000,0.300000,0.000000,0.000000,0.000000,0.000000,0.000000,0.010000
1777213863.204981,0,0.000000,0.300000,0.000000,0.300000,0.000000,0.000000,0.000000,0.000000,0.150000,0.000000
1777213863.228335,0,0.000000,0.300000,0.000000,0.300000,0.000000,0.000000,0.000000,0.000000,0.150000,0.000000
1777213863.236269,0,0.000000,0.300000,0.000000,0.300000,0.000000,0.000000,0.000000,0.000000,0.000000,0.010000
1777213863.250514,0,0.000000,0.300000,0.000000,0.300000,0.000000,0.000000,0.000000,0.000000,0.150000,0.000000
1777213863.280304,0,0.000000,0.300000,0.000000,0.300000,0.000000,0.000000,0.000000,0.000000,0.330000,0.000000
1777213863.281366,0,0.000000,0.300000,0.000000,0.300000,0.000000,0.000000,0.000000,0.000000,0.000000,0.010000
1777213863.295859,0,0.000000,0.300000,0.000000,0.300000,0.000000,0.000000,0.000000,0.000000,0.150000,0.010000
1777213863.304762,0,0.000000,0.300000,0.000000,0.300000,0.000000,0.000000,0.000000,0.000000,0.000000,0.010000
1777213863.325038,0,0.000000,0.300000,0.000000,0.300000,0.000000,0.000000,0.000000,0.000000,0.000000,0.000000
1777213863.339888,0,0.000000,0.300000,0.000000,0.300000,0.000000,0.000000,0.000000,0.000000,0.000000,0.000000
1777213863.355026,0,0.000000,0.300000,0.000000,0.300000,0.000000,0.000000,0.000000,0.000000,0.150000,0.000000
1777213863.370130,0,0.000000,0.300000,0.000000,0.300000,0.000000,0.000000,0.000000,0.000000,0.150000,0.050000
1777213863.386000,0,0.000000,0.300000,0.000000,0.300000,0.000000,0.000000,0.000000,0.000000,0.330000,0.010000
1777213863.416037,0,0.000000,0.300000,0.000000,0.300000,0.000000,0.000000,0.000000,0.000000,0.150000,0.000000
1777213863.418211,0,0.000000,0.300000,0.000000,0.300000,0.000000,0.000000,0.000000,0.000000,0.150000,0.010000
1777213863.430888,0,0.000000,0.300000,0.000000,0.300000,0.000000,0.000000,0.000000,0.000000,0.150000,0.010000
1777213863.453619,0,0.000000,0.300000,0.000000,0.300000,0.000000,0.000000,0.000000,0.000000,0.000000,0.000000
1777213863.460961,0,0.000000,0.300000,0.000000,0.300000,0.000000,0.000000,0.000000,0.000000,0.330000,0.010000
1777213863.476564,0,0.000000,0.300000,0.000000,0.300000,0.000000,0.000000,0.000000,0.000000,0.330000,0.010000
1777213863.490520,0,0.000000,0.300000,0.000000,0.300000,0.000000,0.000000,0.000000,0.000000,0.000000,0.000000
1777213863.515376,0,0.000000,0.300000,0.000000,0.300000,0.000000,0.000000,0.000000,0.000000,0.150000,0.000000
1777213863.527441,0,0.000000,0.300000,0.000000,0.300000,0.000000,0.000000,0.000000,0.000000,0.000000,0.000000
1777213863.542457,0,0.000000,0.300000,0.000000,0.300000,0.000000,0.000000,0.000000,0.000000,0.150000,0.000000
1777213863.557353,0,0.000000,0.300000,0.000000,0.300000,0.000000,0.000000,0.000000,0.000000,0.150000,0.000000
1777213863.565974,0,0.000000,0.300000,0.000000,0.300000,0.000000,0.000000,0.000000,0.000000,0.000000,0.000000
1777213863.587441,0,0.000000,0.300000,0.000000,0.300000,0.000000,0.000000,0.000000,0.000000,0.000000,0.000000
1777213863.594965,0,0.000000,0.300000,0.000000,0.300000,0.000000,0.000000,0.000000,0.000000,0.000000,0.000000
1777213863.618739,0,0.000000,0.300000,0.000000,0.300000,0.000000,0.000000,0.000000,0.000000,0.000000,0.000000
1777213863.625063,0,0.000000,0.300000,0.000000,0.300000,0.000000,0.000000,0.000000,0.000000,0.330000,0.000000
1777213863.640363,0,0.000000,0.300000,0.000000,0.300000,0.000000,0.000000,0.000000,0.000000,0.000000,0.000000
1777213863.670002,0,0.000000,0.300000,0.000000,0.300000,0.000000,0.000000,0.000000,0.000000,0.000000,0.000000
1777213863.679379,0,0.000000,0.300000,0.000000,0.300000,0.000000,0.000000,0.000000,0.000000,0.150000,0.000000
1777213863.685527,0,0.000000,0.300000,0.000000,0.300000,0.000000,0.000000,0.000000,0.000000,0.150000,0.000000
1777213863.714259,0,0.000000,0.300000,0.000000,0.300000,0.000000,0.000000,0.000000,0.000000,0.500000,0.000000
1777213863.722114,0,0.000000,0.300000,0.000000,0.300000,0.000000,0.000000,0.000000,0.000000,0.000000,0.000000
1777213863.737354,0,0.000000,0.300000,0.000000,0.300000,0.000000,0.000000,0.000000,0.000000,0.150000,0.000000
1777213863.761934,0,0.000000,0.300000,0.000000,0.300000,0.000000,0.000000,0.000000,0.000000,0.000000,0.000000
1777213863.767843,0,0.000000,0.300000,0.000000,0.300000,0.000000,0.000000,0.000000,0.000000,0.000000,0.000000
1777213863.782300,0,0.000000,0.300000,0.000000,0.300000,0.000000,0.000000,0.000000,0.000000,0.000000,0.020000
1777213863.805947,0,0.000000,0.300000,0.000000,0.300000,0.000000,0.000000,0.000000,0.000000,0.000000,0.050000
1777213863.812258,0,0.000000,0.300000,0.000000,0.300000,0.000000,0.000000,0.000000,0.000000,0.000000,0.000000
1777213863.835858,0,0.000000,0.300000,0.000000,0.300000,0.000000,0.000000,0.000000,0.000000,0.150000,0.000000
1777213863.842728,0,0.000000,0.300000,0.000000,0.300000,0.000000,0.000000,0.000000,0.000000,0.150000,0.000000
1777213863.873096,0,0.000000,0.300000,0.000000,0.300000,0.000000,0.000000,0.000000,0.000000,0.150000,0.000000
1777213863.873613,0,0.000000,0.300000,0.000000,0.300000,0.000000,0.000000,0.000000,0.000000,0.000000,0.000000
1777213863.897095,0,0.000000,0.300000,0.000000,0.300000,0.000000,0.000000,0.000000,0.000000,0.000000,0.000000
1777213863.902298,0,0.000000,0.300000,0.000000,0.300000,0.000000,0.000000,0.000000,0.000000,0.000000,0.000000
1777213863.925240,0,0.000000,0.300000,0.000000,0.300000,0.000000,0.000000,0.000000,0.000000,0.150000,0.000000
1777213863.968877,0,0.000000,0.300000,0.000000,0.300000,0.000000,0.000000,0.000000,0.000000,0.150000,0.000000
1777213863.997650,0,0.000000,0.300000,0.000000,0.300000,0.000000,0.000000,0.000000,0.000000,0.000000,0.000000
1777213863.998672,0,0.000000,0.300000,0.000000,0.300000,0.000000,0.000000,0.000000,0.000000,0.150000,0.000000
1777213864.023915,0,0.000000,0.300000,0.000000,0.300000,0.000000,0.000000,0.000000,0.000000,0.000000,0.000000
1777213864.024788,0,0.000000,0.300000,0.000000,0.300000,0.000000,0.000000,0.000000,0.000000,0.500000,0.000000
1777213864.049810,0,0.000000,0.300000,0.000000,0.300000,0.000000,0.000000,0.000000,0.000000,0.000000,0.020000
1777213864.074638,0,0.000000,0.300000,0.000000,0.300000,0.000000,0.000000,0.000000,0.000000,0.330000,0.000000
1777213864.120798,0,0.000000,0.300000,0.000000,1.000000,0.000000,0.000000,0.000000,0.000000,0.150000,0.140000
1777213864.121946,0,0.000000,1.000000,0.000000,1.000000,0.000000,0.000000,0.000000,0.000000,0.150000,0.000000
1777213864.122357,0,0.000000,1.000000,0.000000,1.000000,0.000000,0.000000,0.000000,0.000000,0.330000,0.000000
1777213864.183206,0,0.000000,1.000000,0.000000,1.000000,0.000000,0.000000,0.000000,0.000000,0.000000,0.050000
1777213864.183665,0,0.000000,1.000000,0.000000,1.000000,0.000000,0.000000,0.000000,0.000000,0.150000,0.000000
1777213864.184021,0,0.000000,1.000000,0.000000,1.000000,0.000000,0.000000,0.000000,0.000000,0.150000,0.000000
1777213864.184878,0,0.000000,1.000000,0.000000,1.000000,0.000000,0.000000,0.000000,0.000000,0.150000,0.000000
1777213864.185321,0,0.000000,1.000000,0.000000,1.000000,0.000000,0.000000,0.000000,0.000000,0.330000,0.020000
1777213864.244142,0,0.000000,1.000000,0.000000,1.000000,0.000000,0.000000,0.000000,0.000000,0.000000,0.000000
1777213864.245239,0,0.000000,1.000000,0.000000,1.000000,0.000000,0.000000,0.000000,0.000000,0.000000,0.000000
1777213864.245679,0,0.000000,1.000000,0.000000,1.000000,0.000000,0.000000,0.000000,0.000000,0.150000,0.020000
1777213864.246044,0,0.000000,1.000000,0.000000,1.000000,0.000000,0.000000,0.000000,0.000000,0.000000,0.050000
1777213864.303422,0,0.000000,1.000000,0.000000,1.000000,0.000000,0.000000,0.000000,0.000000,0.000000,0.000000
1777213864.304176,0,0.000000,1.000000,0.000000,1.000000,0.000000,0.000000,0.000000,0.000000,0.000000,0.170000
1777213864.334997,0,0.000000,1.000000,0.000000,1.000000,0.000000,0.000000,0.000000,0.000000,0.330000,0.000000
1777213864.365927,0,0.000000,1.000000,0.000000,1.000000,0.000000,0.000000,0.000000,0.000000,0.150000,0.000000
1777213864.366416,0,0.000000,1.000000,0.000000,1.000000,0.000000,0.000000,0.000000,0.000000,0.000000,0.000000
1777213864.398511,0,0.000000,1.000000,0.000000,1.000000,0.000000,0.000000,0.000000,0.000000,0.000000,0.020000
1777213864.399038,0,0.000000,1.000000,0.000000,1.000000,0.000000,0.000000,0.000000,0.000000,0.330000,0.000000
1777213864.431331,0,0.000000,1.000000,0.000000,1.000000,0.000000,0.000000,0.000000,0.000000,0.000000,0.000000
1777213864.431822,0,0.000000,1.000000,0.000000,1.000000,0.000000,0.000000,0.000000,0.000000,0.000000,0.000000
1777213864.463457,0,0.000000,1.000000,0.000000,1.000000,0.000000,0.000000,0.000000,0.000000,0.000000,0.000000
1777213864.464399,0,0.000000,1.000000,0.000000,1.000000,0.000000,0.000000,0.000000,0.000000,0.000000,0.070000
1777213864.496653,0,0.000000,1.000000,0.000000,1.000000,0.000000,0.000000,0.000000,0.000000,0.330000,0.020000
1777213864.497132,0,0.000000,1.000000,0.000000,1.000000,0.000000,0.000000,0.000000,0.000000,0.150000,0.000000
1777213864.497511,0,0.000000,1.000000,0.000000,1.000000,0.000000,0.000000,0.000000,0.000000,0.000000,0.000000
1777213864.529314,0,0.000000,1.000000,0.000000,1.000000,0.000000,0.000000,0.000000,0.000000,0.000000,0.000000
1777213864.529808,0,0.000000,1.000000,0.000000,1.000000,0.000000,0.000000,0.000000,0.000000,0.150000,0.000000
1777213864.561956,0,0.000000,1.000000,0.000000,1.000000,0.000000,0.000000,0.000000,0.000000,0.000000,0.000000
1777213864.562628,0,0.000000,1.000000,0.000000,1.000000,0.000000,0.000000,0.000000,0.000000,0.000000,0.000000
1777213864.594833,0,0.000000,1.000000,0.000000,1.000000,0.000000,0.000000,0.000000,0.000000,0.000000,0.000000
1777213864.595314,0,0.000000,1.000000,0.000000,1.000000,0.000000,0.000000,0.000000,0.000000,0.000000,0.000000
1777213864.595848,0,0.000000,1.000000,0.000000,1.000000,0.000000,0.000000,0.000000,0.000000,0.500000,0.000000
1777213864.629695,0,0.000000,1.000000,0.000000,1.000000,0.000000,0.000000,0.000000,0.000000,0.000000,0.020000
1777213864.665034,0,0.000000,1.000000,0.000000,1.000000,0.000000,0.000000,0.000000,0.000000,0.000000,0.280000
1777213864.665671,0,0.000000,1.000000,0.000000,1.000000,0.000000,0.000000,0.000000,0.000000,0.000000,0.000000
1777213864.666180,0,0.000000,1.000000,0.000000,1.000000,0.000000,0.000000,0.000000,0.000000,0.000000,0.000000
1777213864.705891,0,0.000000,1.000000,0.000000,1.000000,0.000000,0.000000,0.000000,0.000000,0.000000,0.000000
1777213864.706381,0,0.000000,1.000000,0.000000,1.000000,0.000000,0.000000,0.000000,0.000000,0.000000,0.000000
1777213864.739060,0,0.000000,1.000000,0.000000,1.000000,0.000000,0.000000,0.000000,0.000000,0.330000,0.000000
1777213864.739539,0,0.000000,1.000000,0.000000,1.000000,0.000000,0.000000,0.000000,0.000000,0.000000,0.000000
1777213864.772432,0,0.000000,1.000000,0.000000,1.000000,0.000000,0.000000,0.000000,0.000000,0.150000,0.000000
1777213864.772951,0,0.000000,1.000000,0.000000,1.000000,0.000000,0.000000,0.000000,0.000000,0.000000,0.070000
1777213864.773333,0,0.000000,1.000000,0.000000,1.000000,0.000000,0.000000,0.000000,0.000000,0.000000,0.000000
1777213864.774772,0,0.000000,1.000000,0.000000,1.000000,0.000000,0.000000,0.000000,0.000000,0.150000,0.000000
1777213864.808043,0,0.000000,1.000000,0.000000,1.000000,0.000000,0.000000,0.000000,0.000000,0.330000,0.050000
1777213864.843947,0,0.000000,1.000000,0.000000,1.000000,0.000000,0.000000,0.000000,0.000000,0.500000,0.000000
1777213864.844455,0,0.000000,1.000000,0.000000,1.000000,0.000000,0.000000,0.000000,0.000000,0.000000,0.000000
1777213864.878361,0,0.000000,1.000000,0.000000,1.000000,0.000000,0.000000,0.000000,0.000000,0.000000,0.000000
1777213864.878839,0,0.000000,1.000000,0.000000,1.000000,0.000000,0.000000,0.000000,0.000000,0.150000,0.000000
1777213864.879209,0,0.000000,1.000000,0.000000,1.000000,0.000000,0.000000,0.000000,0.000000,0.000000,0.000000
1777213864.913098,0,0.000000,1.000000,0.000000,1.000000,0.000000,0.000000,0.000000,0.000000,0.330000,0.000000
1777213864.913614,0,0.000000,1.000000,0.000000,1.000000,0.000000,0.000000,0.000000,0.000000,0.000000,0.000000
1777213864.948486,0,0.000000,1.000000,0.000000,1.000000,0.000000,0.000000,0.000000,0.000000,0.500000,0.000000
1777213864.948986,0,0.000000,1.000000,0.000000,1.000000,0.000000,0.000000,0.000000,0.000000,0.000000,0.000000
1777213864.982437,0,0.000000,1.000000,0.000000,1.000000,0.000000,0.000000,0.000000,0.000000,0.150000,0.050000
1777213864.982956,0,0.000000,1.000000,0.000000,1.000000,0.000000,0.000000,0.000000,0.000000,0.150000,0.000000
1777213865.016310,0,0.000000,1.000000,0.000000,1.000000,0.000000,0.000000,0.000000,0.000000,0.150000,0.000000
1777213865.016833,0,0.000000,1.000000,0.000000,1.000000,0.000000,0.000000,0.000000,0.000000,0.000000,0.000000
1777213865.017223,0,0.000000,1.000000,0.000000,1.000000,0.000000,0.000000,0.000000,0.000000,0.000000,0.000000
1777213865.050320,0,0.000000,1.000000,0.000000,1.000000,0.000000,0.000000,0.000000,0.000000,0.330000,0.000000
1777213865.050810,0,0.000000,1.000000,0.000000,1.000000,0.000000,0.000000,0.000000,0.000000,0.330000,0.000000
1777213865.051634,0,0.000000,1.000000,0.000000,1.000000,0.000000,0.000000,0.000000,0.000000,0.000000,0.020000
1777213865.085710,0,0.000000,1.000000,0.000000,1.000000,0.000000,0.000000,0.000000,0.000000,0.330000,0.000000
1777213865.086195,0,0.000000,1.000000,0.000000,1.000000,0.000000,0.000000,0.000000,0.000000,0.000000,0.000000
1777213865.120574,0,0.000000,1.000000,0.000000,1.000000,0.000000,0.000000,0.000000,0.000000,0.150000,0.000000
1777213865.121052,0,0.000000,1.000000,0.000000,1.000000,0.000000,0.000000,0.000000,0.000000,0.000000,0.000000
1777213865.154779,0,0.000000,1.000000,0.000000,1.000000,0.000000,0.000000,0.000000,0.000000,0.000000,0.000000
1777213865.155262,0,0.000000,1.000000,0.000000,1.000000,0.000000,0.000000,0.000000,0.000000,0.000000,0.000000
1777213865.191034,0,0.000000,1.000000,0.000000,1.000000,0.000000,0.000000,0.000000,0.000000,0.000000,0.000000
1777213865.191516,0,0.000000,1.000000,0.000000,1.000000,0.000000,0.000000,0.000000,0.000000,0.000000,0.000000
1777213865.191894,0,0.000000,1.000000,0.000000,1.000000,0.000000,0.000000,0.000000,0.000000,0.150000,0.000000
1777213865.226217,0,0.000000,1.000000,0.000000,1.000000,0.000000,0.000000,0.000000,0.000000,0.150000,0.000000
1777213865.226707,0,0.000000,1.000000,0.000000,1.000000,0.000000,0.000000,0.000000,0.000000,0.150000,0.000000
1777213865.260611,0,0.000000,1.000000,0.000000,1.000000,0.000000,0.000000,0.000000,0.000000,0.000000,0.000000
1777213865.261101,0,0.000000,1.000000,0.000000,1.000000,0.000000,0.000000,0.000000,0.000000,0.000000,0.000000
1777213865.293881,0,0.000000,1.000000,0.000000,1.000000,0.000000,0.000000,0.000000,0.000000,0.500000,0.000000
1777213865.294378,0,0.000000,1.000000,0.000000,1.000000,0.000000,0.000000,0.000000,0.000000,0.000000,0.000000
1777213865.294957,0,0.000000,1.000000,0.000000,1.000000,0.000000,0.000000,0.000000,0.000000,0.000000,0.000000
1777213865.330687,0,0.000000,1.000000,0.000000,1.000000,0.000000,0.000000,0.000000,0.000000,0.000000,0.000000
1777213865.331195,0,0.000000,1.000000,0.000000,1.000000,0.000000,0.000000,0.000000,0.000000,0.000000,0.000000
1777213865.365156,0,0.000000,1.000000,0.000000,1.000000,0.000000,0.000000,0.000000,0.000000,0.150000,0.000000
1777213865.365651,0,0.000000,1.000000,0.000000,1.000000,0.000000,0.000000,0.000000,0.000000,0.000000,0.070000
1777213865.366508,0,0.000000,1.000000,0.000000,1.000000,0.000000,0.000000,0.000000,0.000000,0.330000,0.000000
1777213865.396037,0,0.000000,1.000000,0.000000,1.000000,0.000000,0.000000,0.000000,0.000000,0.000000,0.000000
1777213865.428004,0,0.000000,1.000000,0.000000,1.000000,0.000000,0.000000,0.000000,0.000000,0.150000,0.000000
1777213865.428545,0,0.000000,1.000000,0.000000,1.000000,0.000000,0.000000,0.000000,0.000000,0.000000,0.000000
1777213865.428950,0,0.000000,1.000000,0.000000,1.000000,0.000000,0.000000,0.000000,0.000000,0.150000,0.000000
1777213865.460080,0,0.000000,1.000000,0.000000,1.000000,0.000000,0.000000,0.000000,0.000000,0.000000,0.000000
1777213865.492318,0,0.000000,1.000000,0.000000,1.000000,0.000000,0.000000,0.000000,0.000000,0.150000,0.000000
1777213865.492816,0,0.000000,1.000000,0.000000,1.000000,0.000000,0.000000,0.000000,0.000000,0.000000,0.000000
1777213865.493851,0,0.000000,1.000000,0.000000,1.000000,0.000000,0.000000,0.000000,0.000000,0.000000,0.070000
1777213865.525108,0,0.000000,1.000000,0.000000,1.000000,0.000000,0.000000,0.000000,0.000000,0.000000,0.000000
1777213865.525878,0,0.000000,1.000000,0.000000,1.000000,0.000000,0.000000,0.000000,0.000000,0.150000,0.000000
1777213865.556427,0,0.000000,1.000000,0.000000,1.000000,0.000000,0.000000,0.000000,0.000000,0.150000,0.000000
1777213865.556918,0,0.000000,1.000000,0.000000,1.000000,0.000000,0.000000,0.000000,0.000000,0.000000,0.000000
1777213865.586824,0,0.000000,1.000000,0.000000,1.000000,0.000000,0.000000,0.000000,0.000000,0.000000,0.000000
1777213865.587319,0,0.000000,1.000000,0.000000,1.000000,0.000000,0.000000,0.000000,0.000000,0.000000,0.000000
1777213865.588365,0,0.000000,1.000000,0.000000,1.000000,0.000000,0.000000,0.000000,0.000000,0.330000,0.000000
1777213865.618508,0,0.000000,1.000000,0.000000,1.000000,0.000000,0.000000,0.000000,0.000000,0.000000,0.000000
1777213865.619440,0,0.000000,1.000000,0.000000,1.000000,0.000000,0.000000,0.000000,0.000000,0.000000,0.000000
1777213865.651736,0,0.000000,1.000000,0.000000,1.000000,0.000000,0.000000,0.000000,0.000000,0.150000,0.000000
1777213865.652391,0,0.000000,1.000000,0.000000,1.000000,0.000000,0.000000,0.000000,0.000000,0.000000,0.000000
1777213865.685611,0,0.000000,1.000000,0.000000,1.000000,0.000000,0.000000,0.000000,0.000000,0.000000,0.000000
1777213865.718667,0,0.000000,1.000000,0.000000,1.000000,0.000000,0.000000,0.000000,0.000000,0.000000,0.000000
1777213865.719178,0,0.000000,1.000000,0.000000,1.000000,0.000000,0.000000,0.000000,0.000000,0.000000,0.020000
1777213865.719945,0,0.000000,1.000000,0.000000,1.000000,0.000000,0.000000,0.000000,0.000000,0.000000,0.000000
1777213865.750889,0,0.000000,1.000000,0.000000,1.000000,0.000000,0.000000,0.000000,0.000000,0.150000,0.000000
1777213865.751379,0,0.000000,1.000000,0.000000,1.000000,0.000000,0.000000,0.000000,0.000000,0.000000,0.000000
1777213865.782348,0,0.000000,1.000000,0.000000,1.000000,0.000000,0.000000,0.000000,0.000000,0.330000,0.020000
1777213865.783067,0,0.000000,1.000000,0.000000,1.000000,0.000000,0.000000,0.000000,0.000000,0.150000,0.000000
1777213865.812418,0,0.000000,1.000000,0.000000,1.000000,0.000000,0.000000,0.000000,0.000000,0.000000,0.000000
1777213865.843826,0,0.000000,1.000000,0.000000,1.000000,0.000000,0.000000,0.000000,0.000000,0.000000,0.000000
1777213865.844761,0,0.000000,1.000000,0.000000,1.000000,0.000000,0.000000,0.000000,0.000000,0.150000,0.000000
1777213865.845165,0,0.000000,1.000000,0.000000,1.000000,0.000000,0.000000,0.000000,0.000000,0.150000,0.000000
1777213865.875913,0,0.000000,1.000000,0.000000,1.000000,0.000000,0.000000,0.000000,0.000000,0.150000,0.000000
1777213865.876417,0,0.000000,1.000000,0.000000,1.000000,0.000000,0.000000,0.000000,0.000000,0.150000,0.000000
1777213865.907845,0,0.000000,1.000000,0.000000,1.000000,0.000000,0.000000,0.000000,0.000000,0.000000,0.100000
1777213865.937865,0,0.000000,1.000000,0.000000,1.000000,0.000000,0.000000,0.000000,0.000000,0.150000,0.000000
1777213865.938408,0,0.000000,1.000000,0.000000,1.000000,0.000000,0.000000,0.000000,0.000000,0.500000,0.000000
1777213865.938806,0,0.000000,1.000000,0.000000,1.000000,0.000000,0.000000,0.000000,0.000000,0.000000,0.050000
1777213865.969517,0,0.000000,1.000000,0.000000,1.000000,0.000000,0.000000,0.000000,0.000000,0.000000,0.000000
1777213865.970000,0,0.000000,1.000000,0.000000,1.000000,0.000000,0.000000,0.000000,0.000000,0.000000,0.020000
1777213865.970624,0,0.000000,1.000000,0.000000,1.000000,0.000000,0.000000,0.000000,0.000000,0.150000,0.000000
1777213866.000614,0,0.000000,1.000000,0.000000,1.000000,0.000000,0.000000,0.000000,0.000000,0.000000,0.000000
1777213866.058040,0,0.000000,1.000000,0.000000,1.000000,0.000000,0.000000,0.000000,0.000000,0.000000,0.000000
1777213866.058555,0,0.000000,1.000000,0.000000,1.000000,0.000000,0.000000,0.000000,0.000000,0.000000,0.000000
1777213866.058965,0,0.000000,1.000000,0.000000,1.000000,0.000000,0.000000,0.000000,0.000000,0.330000,0.000000
1777213866.059354,0,0.000000,1.000000,0.000000,1.000000,0.000000,0.000000,0.000000,0.000000,0.000000,0.000000
1777213866.060099,0,0.000000,1.000000,0.000000,1.000000,0.000000,0.000000,0.000000,0.000000,0.150000,0.000000
1777213866.060531,0,0.000000,1.000000,0.000000,1.000000,0.000000,0.000000,0.000000,0.000000,0.000000,0.000000
1777213866.115800,0,0.000000,1.000000,0.000000,0.000000,0.000000,0.000000,0.000000,0.000000,0.000000,0.000000
1777213866.116316,0,0.000000,1.000000,0.000000,0.000000,0.000000,0.000000,0.000000,0.000000,0.000000,0.000000
1777213866.117173,0,0.000000,0.000000,0.000000,0.000000,0.000000,0.000000,0.000000,0.000000,0.150000,0.000000
1777213866.171382,0,0.000000,0.000000,0.000000,0.000000,0.000000,0.000000,0.000000,0.000000,0.330000,0.050000
1777213866.171891,0,0.000000,0.000000,0.000000,0.000000,0.000000,0.000000,0.000000,0.000000,0.000000,0.000000
1777213866.227201,0,0.000000,0.000000,0.000000,0.000000,0.000000,0.000000,0.000000,0.000000,0.000000,0.000000
1777213866.227733,0,0.000000,0.000000,0.000000,0.000000,0.000000,0.000000,0.000000,0.000000,0.000000,0.000000
1777213866.228133,0,0.000000,0.000000,0.000000,0.000000,0.000000,0.000000,0.000000,0.000000,0.000000,0.000000
1777213866.228508,0,0.000000,0.000000,0.000000,0.000000,0.000000,0.000000,0.000000,0.000000,0.000000,0.000000
1777213866.229421,0,0.000000,0.000000,0.000000,0.000000,0.000000,0.000000,0.000000,0.000000,0.000000,0.000000
1777213866.284533,0,0.000000,0.000000,0.000000,0.000000,0.000000,0.000000,0.000000,0.000000,0.000000,0.000000
1777213866.285023,0,0.000000,0.000000,0.000000,0.000000,0.000000,0.000000,0.000000,0.000000,0.000000,0.000000
1777213866.285408,0,0.000000,0.000000,0.000000,0.000000,0.000000,0.000000,0.000000,0.000000,0.000000,0.000000
1777213866.286020,0,0.000000,0.000000,0.000000,0.000000,0.000000,0.000000,0.000000,0.000000,0.150000,0.000000
1777213866.286432,0,0.000000,0.000000,0.000000,0.000000,0.000000,0.000000,0.000000,0.000000,0.000000,0.000000
1777213866.340943,0,0.000000,0.000000,0.000000,0.000000,0.000000,0.000000,0.000000,0.000000,0.150000,0.000000
1777213866.341687,0,0.000000,0.000000,0.000000,0.000000,0.000000,0.000000,0.000000,0.000000,0.000000,0.000000
1777213866.342303,0,0.000000,0.000000,0.000000,0.000000,0.000000,0.000000,0.000000,0.000000,0.000000,0.000000
1777213866.397041,0,0.000000,0.000000,0.000000,0.000000,0.000000,0.000000,0.000000,0.000000,0.330000,0.000000
1777213866.397547,0,0.000000,0.000000,0.000000,0.000000,0.000000,0.000000,0.000000,0.000000,0.000000,0.000000
1777213866.398534,0,0.000000,0.000000,0.000000,0.000000,0.000000,0.000000,0.000000,0.000000,0.000000,0.000000
1777213866.399047,0,0.000000,0.000000,0.000000,0.000000,0.000000,0.000000,0.000000,0.000000,0.000000,0.000000
1777213866.429010,0,0.000000,0.000000,0.000000,0.000000,0.000000,0.000000,0.000000,0.000000,0.150000,0.000000
1777213866.459879,0,0.000000,0.000000,0.000000,0.000000,0.000000,0.000000,0.000000,0.000000,0.000000,0.000000
1777213866.490333,0,0.000000,0.000000,0.000000,0.000000,0.000000,0.000000,0.000000,0.000000,0.000000,0.000000
1777213866.490821,0,0.000000,0.000000,0.000000,0.000000,0.000000,0.000000,0.000000,0.000000,0.000000,0.000000
1777213866.520700,0,0.000000,0.000000,0.000000,0.000000,0.000000,0.000000,0.000000,0.000000,0.000000,0.000000
1777213866.521183,0,0.000000,0.000000,0.000000,0.000000,0.000000,0.000000,0.000000,0.000000,0.150000,0.000000
1777213866.550143,0,0.000000,0.000000,0.000000,0.000000,0.000000,0.000000,0.000000,0.000000,0.150000,0.020000
1777213866.550686,0,0.000000,0.000000,0.000000,0.000000,0.000000,0.000000,0.000000,0.000000,0.150000,0.490000
1777213866.582022,0,0.000000,0.000000,0.000000,0.000000,0.000000,0.000000,0.000000,0.000000,0.150000,0.000000
1777213866.582536,0,0.000000,0.000000,0.000000,0.000000,0.000000,0.000000,0.000000,0.000000,0.000000,0.360000
1777213866.613662,0,0.000000,0.000000,0.000000,0.000000,0.000000,0.000000,0.000000,0.000000,0.150000,0.000000
1777213866.614164,0,0.000000,0.000000,0.000000,0.000000,0.000000,0.000000,0.000000,0.000000,0.000000,0.000000
1777213866.644307,0,0.000000,0.000000,0.000000,0.000000,0.000000,0.000000,0.000000,0.000000,0.000000,0.000000
1777213866.644815,0,0.000000,0.000000,0.000000,0.000000,0.000000,0.000000,0.000000,0.000000,0.000000,0.000000
1777213866.681937,0,0.000000,0.000000,0.000000,0.000000,0.000000,0.000000,0.000000,0.000000,0.000000,0.000000
1777213866.682460,0,0.000000,0.000000,0.000000,0.000000,0.000000,0.000000,0.000000,0.000000,0.000000,0.000000
1777213866.716071,0,0.000000,0.000000,0.000000,0.000000,0.000000,0.000000,0.000000,0.000000,0.000000,0.000000
1777213866.716753,0,0.000000,0.000000,0.000000,0.000000,0.000000,0.000000,0.000000,0.000000,0.150000,0.000000
1777213866.717483,0,0.000000,0.000000,0.000000,0.000000,0.000000,0.000000,0.000000,0.000000,0.150000,0.000000
1777213866.748077,0,0.000000,0.000000,0.000000,0.000000,0.000000,0.000000,0.000000,0.000000,0.000000,0.020000
1777213866.748681,0,0.000000,0.000000,0.000000,0.000000,0.000000,0.000000,0.000000,0.000000,0.000000,0.070000
1777213866.779120,0,0.000000,0.000000,0.000000,0.000000,0.000000,0.000000,0.000000,0.000000,0.000000,0.000000
1777213866.811410,0,0.000000,0.000000,0.000000,0.000000,0.000000,0.000000,0.000000,0.000000,0.000000,0.000000
1777213866.812158,0,0.000000,0.000000,0.000000,0.000000,0.000000,0.000000,0.000000,0.000000,0.330000,0.000000
1777213866.812683,0,0.000000,0.000000,0.000000,0.000000,0.000000,0.000000,0.000000,0.000000,0.150000,0.000000
1777213866.844884,0,0.000000,0.000000,0.000000,0.000000,0.000000,0.000000,0.000000,0.000000,0.000000,0.000000
1777213866.845460,0,0.000000,0.000000,0.000000,0.000000,0.000000,0.000000,0.000000,0.000000,0.000000,0.020000
1777213866.876038,0,0.000000,0.000000,0.000000,0.000000,0.000000,0.000000,0.000000,0.000000,0.150000,0.000000
1777213866.876540,0,0.000000,0.000000,0.000000,0.000000,0.000000,0.000000,0.000000,0.000000,0.000000,0.180000
1777213866.907673,0,0.000000,0.000000,0.000000,0.000000,0.000000,0.000000,0.000000,0.000000,0.000000,0.000000
1777213866.908216,0,0.000000,0.000000,0.000000,0.000000,0.000000,0.000000,0.000000,0.000000,0.150000,0.020000
1777213866.938820,0,0.000000,0.000000,0.000000,0.000000,0.000000,0.000000,0.000000,0.000000,0.300000,0.000000
1777213866.939319,0,0.000000,0.000000,0.000000,0.000000,0.000000,0.000000,0.000000,0.000000,0.150000,0.000000
1777213866.939704,0,0.000000,0.000000,0.000000,0.000000,0.000000,0.000000,0.000000,0.000000,0.300000,0.000000
1777213866.970234,0,0.000000,0.000000,0.000000,0.000000,0.000000,0.000000,0.000000,0.000000,0.000000,0.020000
1777213867.001154,0,0.000000,0.000000,0.000000,0.000000,1.000000,0.000000,0.000000,0.000000,0.000000,0.000000
1777213867.001679,0,0.000000,0.000000,0.000000,0.000000,0.200000,0.000000,0.000000,0.000000,0.300000,0.000000
1777213867.002070,0,0.000000,0.000000,0.000000,0.000000,1.000000,0.000000,0.000000,0.000000,0.150000,0.000000
1777213867.032502,0,0.000000,0.000000,0.000000,0.000000,1.000000,0.000000,0.000000,0.000000,0.000000,0.000000
1777213867.063123,0,0.000000,0.000000,0.000000,0.000000,0.890000,0.000000,0.000000,0.000000,0.150000,0.000000
1777213867.063635,0,0.000000,0.000000,0.000000,0.000000,0.570000,0.000000,0.000000,0.000000,0.000000,0.000000
1777213867.094335,0,0.000000,0.000000,0.000000,0.000000,1.000000,0.000000,0.000000,0.000000,0.000000,0.000000
1777213867.094848,0,0.000000,0.000000,0.000000,0.000000,0.570000,0.000000,0.000000,0.000000,0.300000,0.000000
1777213867.124909,0,0.000000,0.000000,0.000000,0.000000,0.000000,0.000000,0.000000,0.000000,0.300000,0.000000
1777213867.125497,0,0.000000,0.000000,0.000000,0.000000,1.000000,0.000000,0.000000,0.000000,0.000000,0.050000
1777213867.156913,0,0.000000,0.000000,0.000000,0.000000,0.000000,0.000000,0.000000,0.000000,0.300000,0.000000
1777213867.186840,0,0.000000,0.000000,0.000000,0.000000,0.000000,0.000000,0.000000,0.000000,0.300000,0.000000
1777213867.187333,0,0.000000,0.000000,0.000000,0.000000,0.810000,0.000000,0.000000,0.000000,0.000000,0.000000
1777213867.187718,0,0.000000,0.000000,0.000000,0.000000,1.000000,0.000000,0.000000,0.000000,0.000000,0.000000
1777213867.217422,0,0.000000,0.000000,0.000000,0.000000,0.180000,0.000000,0.000000,0.000000,0.300000,0.000000
1777213867.217918,0,0.000000,0.000000,0.000000,0.000000,0.360000,0.000000,0.000000,0.000000,0.150000,0.000000
1777213867.218300,0,0.000000,0.000000,0.000000,0.000000,0.360000,0.000000,0.000000,0.000000,0.150000,0.000000
1777213867.248878,0,0.000000,0.000000,0.000000,0.000000,0.120000,0.000000,0.000000,0.000000,0.000000,0.000000
1777213867.278569,0,0.000000,0.000000,0.000000,0.000000,0.180000,0.000000,0.000000,0.000000,0.000000,0.000000
1777213867.279079,0,0.000000,0.000000,0.000000,0.000000,0.180000,0.000000,0.000000,0.000000,0.300000,0.000000
1777213867.311579,0,0.000000,0.000000,0.000000,0.000000,0.250000,0.000000,0.000000,0.000000,0.000000,0.000000
1777213867.312065,0,0.000000,0.000000,0.000000,0.000000,0.110000,0.000000,0.000000,0.000000,0.150000,0.000000
1777213867.312445,0,0.000000,0.000000,0.000000,0.000000,1.000000,0.000000,0.000000,0.000000,0.000000,0.020000
1777213867.342952,0,0.000000,0.000000,0.000000,0.000000,0.000000,0.000000,0.000000,0.000000,0.300000,0.000000
1777213867.343445,0,0.000000,0.000000,0.000000,0.000000,0.250000,0.000000,0.000000,0.000000,0.150000,0.000000
1777213867.374941,0,0.000000,0.000000,0.000000,0.000000,0.000000,0.000000,0.000000,0.000000,0.300000,0.000000
1777213867.375530,0,0.000000,0.000000,0.000000,0.000000,0.760000,0.000000,0.000000,0.000000,0.000000,0.000000
1777213867.405737,0,0.000000,0.000000,0.000000,0.000000,1.000000,0.000000,0.000000,0.000000,0.150000,0.000000
1777213867.406249,0,0.000000,0.000000,0.000000,0.000000,0.250000,0.000000,0.000000,0.000000,0.000000,0.000000
1777213867.435695,0,0.000000,0.000000,0.000000,0.000000,0.750000,0.000000,0.000000,0.000000,0.000000,0.000000
1777213867.436205,0,0.000000,0.000000,0.000000,0.000000,0.000000,0.000000,0.000000,0.000000,0.440000,0.000000
1777213867.466696,0,0.000000,0.000000,0.000000,0.000000,0.250000,0.000000,0.000000,0.000000,0.000000,0.000000
1777213867.467207,0,0.000000,0.000000,0.000000,0.000000,0.280000,0.000000,0.000000,0.000000,0.150000,0.000000
1777213867.498418,0,0.000000,0.000000,0.000000,0.000000,0.000000,0.000000,0.000000,0.000000,0.440000,0.000000
1777213867.529262,0,0.000000,0.000000,0.000000,0.000000,0.660000,0.000000,0.000000,0.000000,0.150000,0.000000
1777213867.529748,0,0.000000,0.000000,0.000000,0.000000,1.000000,0.000000,0.000000,0.000000,0.150000,0.000000
1777213867.530130,0,0.000000,0.000000,0.000000,0.000000,1.000000,0.000000,0.000000,0.000000,0.000000,0.000000
1777213867.560518,0,0.000000,0.000000,0.000000,0.000000,0.550000,0.000000,0.000000,0.000000,0.150000,0.000000
1777213867.561033,0,0.000000,0.000000,0.000000,0.000000,1.000000,0.000000,0.000000,0.000000,0.150000,0.000000
1777213867.591534,0,0.000000,0.000000,0.000000,0.000000,0.760000,0.000000,0.000000,0.000000,0.000000,0.000000
1777213867.592137,0,0.000000,0.000000,0.000000,0.000000,1.000000,0.000000,0.000000,0.000000,0.000000,0.000000
1777213867.622266,0,0.000000,0.000000,0.000000,0.000000,0.340000,0.000000,0.000000,0.000000,0.000000,0.000000
1777213867.622816,0,0.000000,0.000000,0.000000,0.000000,0.000000,0.000000,0.000000,0.000000,0.440000,0.000000
1777213867.652591,0,0.000000,0.000000,0.000000,0.000000,0.760000,0.000000,0.000000,0.000000,0.150000,0.000000
1777213867.653389,0,0.000000,0.000000,0.000000,0.000000,0.120000,0.000000,0.000000,0.000000,0.000000,0.000000
1777213867.685629,0,0.000000,0.000000,0.000000,0.000000,0.810000,0.000000,0.000000,0.000000,0.000000,0.000000
1777213867.686167,0,0.000000,0.000000,0.000000,0.000000,0.100000,0.000000,0.000000,0.000000,0.000000,0.000000
1777213867.720334,0,0.000000,0.000000,0.000000,0.000000,0.000000,0.000000,0.000000,0.000000,0.300000,0.000000
1777213867.720816,0,0.000000,0.000000,0.000000,0.000000,0.250000,0.000000,0.000000,0.000000,0.000000,0.000000
1777213867.752713,0,0.000000,0.000000,0.000000,0.000000,0.750000,0.000000,0.000000,0.000000,0.000000,0.000000
1777213867.753215,0,0.000000,0.000000,0.000000,0.000000,0.330000,0.000000,0.000000,0.000000,0.150000,0.000000
1777213867.753606,0,0.000000,0.000000,0.000000,0.000000,1.000000,0.000000,0.000000,0.000000,0.000000,0.000000
1777213867.784026,0,0.000000,0.000000,0.000000,0.000000,0.760000,0.000000,0.000000,0.000000,0.000000,0.000000
1777213867.784785,0,0.000000,0.000000,0.000000,0.000000,1.000000,0.000000,0.000000,0.000000,0.000000,0.000000
1777213867.814489,0,0.000000,0.000000,0.000000,0.000000,1.000000,0.000000,0.000000,0.000000,0.000000,0.050000
1777213867.814988,0,0.000000,0.000000,0.000000,0.000000,1.000000,0.000000,0.000000,0.000000,0.000000,0.000000
1777213867.845989,0,0.000000,0.000000,0.000000,0.000000,0.210000,0.000000,0.000000,0.000000,0.300000,0.000000
1777213867.847089,0,0.000000,0.000000,0.000000,0.000000,1.000000,0.000000,0.000000,0.000000,0.150000,0.000000
1777213867.877717,0,0.000000,0.000000,0.000000,0.000000,1.000000,0.000000,0.000000,0.000000,0.000000,0.000000
1777213867.878295,0,0.000000,0.000000,0.000000,0.000000,1.000000,0.000000,0.000000,0.000000,0.150000,0.000000
1777213867.908391,0,0.000000,0.000000,0.000000,0.000000,1.000000,0.000000,0.000000,0.000000,0.150000,0.000000
1777213867.908890,0,0.000000,0.000000,0.000000,0.000000,0.660000,0.000000,0.000000,0.000000,0.150000,0.000000
1777213867.939144,0,0.000000,0.000000,0.000000,0.000000,0.500000,0.000000,0.000000,0.000000,0.150000,0.000000
1777213867.939634,0,0.000000,0.000000,0.000000,0.000000,0.460000,0.000000,0.000000,0.000000,0.150000,0.000000
1777213867.970531,0,0.000000,0.000000,0.000000,0.000000,0.400000,0.000000,0.000000,0.000000,0.150000,0.000000
1777213867.971040,0,0.000000,0.000000,0.000000,0.000000,0.000000,0.000000,0.000000,0.000000,0.300000,0.000000
1777213868.002269,0,0.000000,0.000000,0.000000,0.000000,0.000000,0.000000,0.000000,0.000000,0.600000,0.020000
1777213868.032684,0,0.000000,0.000000,0.000000,0.000000,0.250000,0.000000,0.000000,0.000000,0.300000,0.000000
1777213868.033177,0,0.000000,0.000000,0.000000,0.000000,1.000000,0.000000,0.000000,0.000000,0.600000,0.000000
1777213868.033563,0,0.000000,0.000000,0.000000,0.000000,1.000000,0.000000,0.000000,0.000000,0.000000,0.000000
1777213868.063926,0,0.000000,0.000000,0.000000,0.000000,0.000000,0.000000,0.000000,0.000000,0.440000,0.000000
1777213868.064415,0,0.000000,0.000000,0.000000,0.000000,0.930000,0.000000,0.000000,0.000000,0.150000,0.000000
1777213868.095898,0,0.000000,0.000000,0.000000,0.000000,1.000000,0.000000,0.000000,0.000000,0.000000,0.000000
1777213868.096572,0,0.000000,0.000000,0.000000,0.000000,1.000000,0.000000,0.000000,0.000000,0.000000,0.000000
1777213868.128022,0,0.000000,0.000000,0.000000,1.000000,0.310000,0.000000,0.000000,0.000000,0.150000,0.000000
1777213868.128535,0,0.000000,1.000000,0.000000,1.000000,1.000000,0.000000,0.000000,0.000000,0.000000,0.000000
1777213868.159745,0,0.000000,1.000000,0.000000,1.000000,0.500000,0.000000,0.000000,0.000000,0.000000,0.000000
1777213868.160251,0,0.000000,1.000000,0.000000,1.000000,1.000000,0.000000,0.000000,0.000000,0.000000,0.000000
1777213868.190430,0,0.000000,1.000000,0.000000,1.000000,1.000000,0.000000,0.000000,0.000000,0.000000,0.000000
1777213868.190927,0,0.000000,1.000000,0.000000,1.000000,1.000000,0.000000,0.000000,0.000000,0.000000,0.000000
1777213868.191880,0,0.000000,1.000000,0.000000,1.000000,0.370000,0.000000,0.000000,0.000000,0.000000,0.000000
1777213868.222243,0,0.000000,1.000000,0.000000,1.000000,0.330000,0.000000,0.000000,0.000000,0.000000,0.000000
1777213868.222767,0,0.000000,1.000000,0.000000,1.000000,0.200000,0.000000,0.000000,0.000000,0.300000,0.000000
1777213868.252270,0,0.000000,1.000000,0.000000,1.000000,0.400000,0.000000,0.000000,0.000000,0.300000,0.000000
1777213868.252780,0,0.000000,1.000000,0.000000,1.000000,1.000000,0.000000,0.000000,0.000000,0.000000,0.000000
1777213868.284029,0,0.000000,1.000000,0.000000,1.000000,1.000000,0.000000,0.000000,0.000000,0.000000,0.000000
1777213868.315146,0,0.000000,1.000000,0.000000,1.000000,0.000000,0.000000,0.000000,0.000000,0.300000,0.000000
1777213868.315650,0,0.000000,1.000000,0.000000,1.000000,1.000000,0.000000,0.000000,0.000000,0.000000,0.000000
1777213868.346317,0,0.000000,1.000000,0.000000,1.000000,1.000000,0.000000,0.000000,0.000000,0.000000,0.000000
1777213868.346807,0,0.000000,1.000000,0.000000,1.000000,1.000000,0.000000,0.000000,0.000000,0.000000,0.000000
1777213868.377984,0,0.000000,1.000000,0.000000,1.000000,1.000000,0.000000,0.000000,0.000000,0.150000,0.020000
1777213868.378480,0,0.000000,1.000000,0.000000,1.000000,1.000000,0.000000,0.000000,0.000000,0.300000,0.000000
1777213868.409705,0,0.000000,1.000000,0.000000,1.000000,1.000000,0.000000,0.000000,0.000000,0.000000,0.050000
1777213868.410196,0,0.000000,1.000000,0.000000,1.000000,1.000000,0.000000,0.000000,0.000000,0.000000,0.000000
1777213868.440391,0,0.000000,1.000000,0.000000,1.000000,1.000000,0.000000,0.000000,0.000000,0.150000,0.000000
1777213868.440921,0,0.000000,1.000000,0.000000,1.000000,1.000000,0.000000,0.000000,0.000000,0.000000,0.000000
1777213868.470924,0,0.000000,1.000000,0.000000,1.000000,0.660000,0.000000,0.000000,0.000000,0.300000,0.000000
1777213868.471442,0,0.000000,1.000000,0.000000,1.000000,1.000000,0.000000,0.000000,0.000000,0.150000,0.000000
1777213868.502897,0,0.000000,1.000000,0.000000,1.000000,1.000000,0.000000,0.000000,0.000000,0.150000,0.000000
1777213868.503389,0,0.000000,1.000000,0.000000,1.000000,1.000000,0.000000,0.000000,0.000000,0.150000,0.000000
1777213868.533971,0,0.000000,1.000000,0.000000,1.000000,1.000000,0.000000,0.000000,0.000000,0.000000,0.000000
1777213868.534466,0,0.000000,1.000000,0.000000,1.000000,1.000000,0.000000,0.000000,0.000000,0.000000,0.000000
1777213868.565136,0,0.000000,1.000000,0.000000,1.000000,1.000000,0.000000,0.000000,0.000000,0.000000,0.000000
1777213868.565633,0,0.000000,1.000000,0.000000,1.000000,1.000000,0.000000,0.000000,0.000000,0.000000,0.000000
1777213868.596524,0,0.000000,1.000000,0.000000,1.000000,1.000000,0.000000,0.000000,0.000000,0.150000,0.000000
1777213868.597042,0,0.000000,1.000000,0.000000,1.000000,0.500000,0.000000,0.000000,0.000000,0.000000,0.000000
1777213868.597621,0,0.000000,1.000000,0.000000,1.000000,0.000000,0.000000,0.000000,0.000000,0.300000,0.000000
1777213868.628591,0,0.000000,1.000000,0.000000,1.000000,0.500000,0.000000,0.000000,0.000000,0.300000,0.000000
1777213868.629192,0,0.000000,1.000000,0.000000,1.000000,1.000000,0.000000,0.000000,0.000000,0.000000,0.180000
1777213868.660646,0,0.000000,1.000000,0.000000,1.000000,0.750000,0.000000,0.000000,0.000000,0.150000,0.000000
1777213868.693033,0,0.000000,1.000000,0.000000,1.000000,1.000000,0.000000,0.000000,0.000000,0.300000,0.000000
1777213868.693552,0,0.000000,1.000000,0.000000,1.000000,1.000000,0.000000,0.000000,0.000000,0.000000,0.000000
1777213868.693955,0,0.000000,1.000000,0.000000,1.000000,1.000000,0.000000,0.000000,0.000000,0.440000,0.000000
1777213868.730157,0,0.000000,1.000000,0.000000,1.000000,1.000000,0.000000,0.000000,0.000000,0.150000,0.020000
1777213868.731040,0,0.000000,1.000000,0.000000,1.000000,1.000000,0.000000,0.000000,0.000000,0.000000,0.000000
1777213868.764708,0,0.000000,1.000000,0.000000,1.000000,1.000000,0.000000,0.000000,0.000000,0.000000,0.000000
1777213868.765211,0,0.000000,1.000000,0.000000,1.000000,1.000000,0.000000,0.000000,0.000000,0.000000,0.000000
1777213868.765719,0,0.000000,1.000000,0.000000,1.000000,1.000000,0.000000,0.000000,0.000000,0.150000,0.000000
1777213868.796727,0,0.000000,1.000000,0.000000,1.000000,1.000000,0.000000,0.000000,0.000000,0.000000,0.000000
1777213868.797228,0,0.000000,1.000000,0.000000,1.000000,1.000000,0.000000,0.000000,0.000000,0.000000,0.000000
1777213868.828427,0,0.000000,1.000000,0.000000,1.000000,1.000000,0.000000,0.000000,0.000000,0.000000,0.000000
1777213868.829301,0,0.000000,1.000000,0.000000,1.000000,0.000000,0.000000,0.000000,0.000000,0.300000,0.000000
1777213868.860651,0,0.000000,1.000000,0.000000,1.000000,1.000000,0.000000,0.000000,0.000000,0.000000,0.000000
1777213868.861164,0,0.000000,1.000000,0.000000,1.000000,0.400000,0.000000,0.000000,0.000000,0.000000,0.000000
1777213868.892618,0,0.000000,1.000000,0.000000,1.000000,0.800000,0.000000,0.000000,0.000000,0.150000,0.000000
1777213868.893130,0,0.000000,1.000000,0.000000,1.000000,0.250000,0.000000,0.000000,0.000000,0.000000,0.000000
1777213868.923562,0,0.000000,1.000000,0.000000,1.000000,0.200000,0.000000,0.000000,0.000000,0.150000,0.000000
1777213868.924051,0,0.000000,1.000000,0.000000,1.000000,1.000000,0.000000,0.000000,0.000000,0.000000,0.020000
1777213868.955762,0,0.000000,1.000000,0.000000,1.000000,0.200000,0.000000,0.000000,0.000000,0.300000,0.000000
1777213868.956428,0,0.000000,1.000000,0.000000,1.000000,1.000000,0.000000,0.000000,0.000000,0.000000,0.020000
1777213868.987916,0,0.000000,1.000000,0.000000,1.000000,1.000000,0.000000,0.000000,0.000000,0.150000,0.000000
1777213868.988411,0,0.000000,1.000000,0.000000,1.000000,1.000000,0.000000,0.000000,0.000000,0.000000,0.000000
1777213869.020172,0,0.000000,1.000000,0.000000,1.000000,0.000000,0.000000,0.000000,0.000000,0.300000,0.000000
1777213869.020667,0,0.000000,1.000000,0.000000,1.000000,1.000000,0.000000,0.000000,0.000000,0.150000,0.000000
1777213869.052106,0,0.000000,1.000000,0.000000,1.000000,1.000000,0.000000,0.000000,0.000000,0.000000,0.000000
1777213869.052702,0,0.000000,1.000000,0.000000,1.000000,0.000000,0.000000,0.000000,0.000000,0.300000,0.000000
1777213869.053318,0,0.000000,1.000000,0.000000,1.000000,1.000000,0.000000,0.000000,0.000000,0.150000,0.000000
1777213869.084577,0,0.000000,1.000000,0.000000,1.000000,1.000000,0.000000,0.000000,0.000000,0.000000,0.000000
1777213869.085182,0,0.000000,1.000000,0.000000,1.000000,0.110000,0.000000,0.000000,0.000000,0.150000,0.000000
1777213869.116497,0,0.000000,1.000000,0.000000,1.000000,0.000000,0.000000,0.000000,0.000000,0.440000,0.000000
1777213869.148074,0,0.000000,1.000000,0.000000,1.000000,0.000000,0.000000,0.000000,0.000000,0.300000,0.000000
1777213869.148571,0,0.000000,1.000000,0.000000,1.000000,0.340000,0.000000,0.000000,0.000000,0.150000,0.000000
1777213869.148967,0,0.000000,1.000000,0.000000,1.000000,0.460000,0.000000,0.000000,0.000000,0.150000,0.020000
1777213869.180208,0,0.000000,1.000000,0.000000,1.000000,0.370000,0.000000,0.000000,0.000000,0.150000,0.000000
1777213869.180795,0,0.000000,1.000000,0.000000,1.000000,0.500000,0.000000,0.000000,0.000000,0.000000,0.000000
1777213869.212256,0,0.000000,1.000000,0.000000,1.000000,0.110000,0.000000,0.000000,0.000000,0.000000,0.000000
1777213869.212757,0,0.000000,1.000000,0.000000,1.000000,0.250000,0.000000,0.000000,0.000000,0.750000,0.000000
1777213869.244230,0,0.000000,1.000000,0.000000,1.000000,0.460000,0.000000,0.000000,0.000000,0.150000,0.000000
1777213869.244735,0,0.000000,1.000000,0.000000,1.000000,1.000000,0.000000,0.000000,0.000000,0.150000,0.000000
1777213869.276181,0,0.000000,1.000000,0.000000,1.000000,0.200000,0.000000,0.000000,0.000000,0.300000,0.000000
1777213869.276678,0,0.000000,1.000000,0.000000,1.000000,1.000000,0.000000,0.000000,0.000000,0.150000,0.000000
1777213869.307076,0,0.000000,1.000000,0.000000,1.000000,1.000000,0.000000,0.000000,0.000000,0.000000,0.050000
1777213869.307866,0,0.000000,1.000000,0.000000,1.000000,0.310000,0.000000,0.000000,0.000000,0.000000,0.000000
1777213869.308312,0,0.000000,1.000000,0.000000,1.000000,0.810000,0.000000,0.000000,0.000000,0.000000,0.050000
1777213869.340809,0,0.000000,1.000000,0.000000,1.000000,0.000000,0.000000,0.000000,0.000000,0.300000,0.000000
1777213869.371534,0,0.000000,1.000000,0.000000,1.000000,0.170000,0.000000,0.000000,0.000000,0.150000,0.000000
1777213869.372034,0,0.000000,1.000000,0.000000,1.000000,0.250000,0.000000,0.000000,0.000000,0.150000,0.000000
1777213869.404242,0,0.000000,1.000000,0.000000,1.000000,1.000000,0.000000,0.000000,0.000000,0.150000,0.000000
1777213869.404755,0,0.000000,1.000000,0.000000,1.000000,0.100000,0.000000,0.000000,0.000000,0.300000,0.000000
1777213869.405149,0,0.000000,1.000000,0.000000,1.000000,0.180000,0.000000,0.000000,0.000000,0.000000,0.000000
1777213869.436467,0,0.000000,1.000000,0.000000,1.000000,0.430000,0.000000,0.000000,0.000000,0.150000,0.000000
1777213869.437358,0,0.000000,1.000000,0.000000,1.000000,1.000000,0.000000,0.000000,0.000000,0.000000,0.000000
1777213869.467107,0,0.000000,1.000000,0.000000,1.000000,0.000000,0.000000,0.000000,0.000000,0.300000,0.000000
1777213869.498288,0,0.000000,1.000000,0.000000,1.000000,1.000000,0.000000,0.000000,0.000000,0.300000,0.000000
1777213869.498789,0,0.000000,1.000000,0.000000,1.000000,1.000000,0.000000,0.000000,0.000000,0.150000,0.000000
1777213869.529646,0,0.000000,1.000000,0.000000,1.000000,0.330000,0.000000,0.000000,0.000000,0.000000,0.000000
1777213869.530137,0,0.000000,1.000000,0.000000,1.000000,1.000000,0.000000,0.000000,0.000000,0.000000,0.000000
1777213869.530525,0,0.000000,1.000000,0.000000,1.000000,0.820000,0.000000,0.000000,0.000000,0.300000,0.100000
1777213869.561500,0,0.000000,1.000000,0.000000,1.000000,0.000000,0.000000,0.000000,0.000000,0.440000,0.000000
1777213869.562015,0,0.000000,1.000000,0.000000,1.000000,0.700000,0.000000,0.000000,0.000000,0.150000,0.000000
1777213869.592006,0,0.000000,1.000000,0.000000,1.000000,1.000000,0.000000,0.000000,0.000000,0.000000,0.000000
1777213869.592528,0,0.000000,1.000000,0.000000,1.000000,1.000000,0.000000,0.000000,0.000000,0.000000,0.000000
1777213869.623367,0,0.000000,1.000000,0.000000,1.000000,1.000000,0.000000,0.000000,0.000000,0.000000,0.000000
1777213869.623867,0,0.000000,1.000000,0.000000,1.000000,0.700000,0.000000,0.000000,0.000000,0.000000,0.000000
1777213869.655023,0,0.000000,1.000000,0.000000,1.000000,0.400000,0.000000,0.000000,0.000000,0.300000,0.000000
1777213869.655621,0,0.000000,1.000000,0.000000,1.000000,0.340000,0.000000,0.000000,0.000000,0.000000,0.000000
1777213869.687277,0,0.000000,1.000000,0.000000,1.000000,0.460000,0.000000,0.000000,0.000000,0.000000,0.000000
1777213869.687768,0,0.000000,1.000000,0.000000,1.000000,1.000000,0.000000,0.000000,0.000000,0.150000,0.000000
1777213869.724474,0,0.000000,1.000000,0.000000,1.000000,0.000000,0.000000,0.000000,0.000000,0.440000,0.000000
1777213869.726043,0,0.000000,1.000000,0.000000,1.000000,1.000000,0.000000,0.000000,0.000000,0.150000,0.000000
1777213869.758365,0,0.000000,1.000000,0.000000,1.000000,0.340000,0.000000,0.000000,0.000000,0.000000,0.000000
1777213869.758953,0,0.000000,1.000000,0.000000,1.000000,0.150000,0.000000,0.000000,0.000000,0.440000,0.000000
1777213869.760006,0,0.000000,1.000000,0.000000,1.000000,0.200000,0.000000,0.000000,0.000000,0.150000,0.000000
1777213869.790005,0,0.000000,1.000000,0.000000,1.000000,0.930000,0.000000,0.000000,0.000000,0.000000,0.000000
1777213869.790613,0,0.000000,1.000000,0.000000,1.000000,1.000000,0.000000,0.000000,0.000000,0.150000,0.140000
1777213869.819766,0,0.000000,1.000000,0.000000,1.000000,0.100000,0.000000,0.000000,0.000000,0.300000,0.000000
1777213869.820261,0,0.000000,1.000000,0.000000,1.000000,0.100000,0.000000,0.000000,0.000000,0.150000,0.000000
1777213869.850821,0,0.000000,1.000000,0.000000,1.000000,0.500000,0.000000,0.000000,0.000000,0.300000,0.000000
1777213869.880393,0,0.000000,1.000000,0.000000,1.000000,1.000000,0.000000,0.000000,0.000000,0.150000,0.000000
1777213869.880906,0,0.000000,1.000000,0.000000,1.000000,1.000000,0.000000,0.000000,0.000000,0.000000,0.000000
1777213869.881293,0,0.000000,1.000000,0.000000,1.000000,0.570000,0.000000,0.000000,0.000000,0.300000,0.000000
1777213869.912933,0,0.000000,1.000000,0.000000,1.000000,0.680000,0.000000,0.000000,0.000000,0.000000,0.000000
1777213869.944082,0,0.000000,1.000000,0.000000,1.000000,1.000000,0.000000,0.000000,0.000000,0.150000,0.000000
1777213869.944651,0,0.000000,1.000000,0.000000,1.000000,0.460000,0.000000,0.000000,0.000000,0.150000,0.000000
1777213869.945039,0,0.000000,1.000000,0.000000,1.000000,0.000000,0.000000,0.000000,0.000000,0.300000,0.000000
1777213869.975857,0,0.000000,1.000000,0.000000,1.000000,0.180000,0.000000,0.000000,0.000000,0.150000,0.000000
1777213869.976362,0,0.000000,1.000000,0.000000,1.000000,1.000000,0.000000,0.000000,0.000000,0.150000,0.000000
1777213870.007181,0,0.000000,1.000000,0.000000,1.000000,0.540000,0.000000,0.000000,0.000000,0.150000,0.000000
1777213870.007891,0,0.000000,1.000000,0.000000,1.000000,0.000000,0.000000,0.000000,0.000000,0.600000,0.000000
1777213870.038510,0,0.000000,1.000000,0.000000,1.000000,0.150000,0.000000,0.000000,0.000000,0.150000,0.000000
1777213870.039092,0,0.000000,1.000000,0.000000,1.000000,0.110000,0.000000,0.000000,0.000000,0.300000,0.070000
1777213870.069364,0,0.000000,1.000000,0.000000,1.000000,0.070000,0.000000,0.000000,0.000000,0.000000,0.000000
1777213870.069852,0,0.000000,1.000000,0.000000,1.000000,1.000000,0.000000,0.000000,0.000000,0.150000,0.000000
1777213870.100364,0,0.000000,1.000000,0.000000,1.000000,0.140000,0.000000,0.000000,0.000000,0.300000,0.000000
1777213870.100864,0,0.000000,1.000000,0.000000,0.000000,1.000000,0.000000,0.000000,0.000000,0.150000,0.000000
1777213870.131288,0,0.000000,1.000000,0.000000,0.000000,1.000000,0.000000,0.000000,0.000000,0.000000,0.000000
1777213870.131836,0,0.000000,0.000000,0.000000,0.000000,0.280000,0.000000,0.000000,0.000000,0.150000,0.000000
1777213870.161349,0,0.000000,0.000000,0.000000,0.000000,0.340000,0.000000,0.000000,0.000000,0.150000,0.000000
1777213870.161855,0,0.000000,0.000000,0.000000,0.000000,1.000000,0.000000,0.000000,0.000000,0.150000,0.000000
1777213870.162609,0,0.000000,0.000000,0.000000,0.000000,0.200000,0.000000,0.000000,0.000000,0.150000,0.000000
1777213870.192611,0,0.000000,0.000000,0.000000,0.000000,0.460000,0.000000,0.000000,0.000000,0.000000,0.000000
1777213870.193420,0,0.000000,0.000000,0.000000,0.000000,0.430000,0.000000,0.000000,0.000000,0.000000,0.000000
1777213870.223733,0,0.000000,0.000000,0.000000,0.000000,0.600000,0.000000,0.000000,0.000000,0.000000,0.000000
1777213870.253931,0,0.000000,0.000000,0.000000,0.000000,0.690000,0.000000,0.000000,0.000000,0.000000,0.020000
1777213870.254417,0,0.000000,0.000000,0.000000,0.000000,1.000000,0.000000,0.000000,0.000000,0.150000,0.000000
1777213870.254900,0,0.000000,0.000000,0.000000,0.000000,0.690000,0.000000,0.000000,0.000000,0.150000,0.000000
1777213870.286071,0,0.000000,0.000000,0.000000,0.000000,0.830000,0.000000,0.000000,0.000000,0.300000,0.000000
1777213870.316410,0,0.000000,0.000000,0.000000,0.000000,1.000000,0.000000,0.000000,0.000000,0.000000,0.000000
1777213870.316904,0,0.000000,0.000000,0.000000,0.000000,0.230000,0.000000,0.000000,0.000000,0.150000,0.000000
1777213870.317468,0,0.000000,0.000000,0.000000,0.000000,0.000000,0.000000,0.000000,0.000000,0.300000,0.000000
1777213870.348497,0,0.000000,0.000000,0.000000,0.000000,1.000000,0.000000,0.000000,0.000000,0.150000,0.000000
1777213870.349071,0,0.000000,0.000000,0.000000,0.000000,1.000000,0.000000,0.000000,0.000000,0.000000,0.000000
1777213870.381150,0,0.000000,0.000000,0.000000,0.000000,1.000000,0.000000,0.000000,0.000000,0.150000,0.000000
1777213870.411419,0,0.000000,0.000000,0.000000,0.000000,0.000000,0.000000,0.000000,0.000000,0.300000,0.050000
1777213870.411929,0,0.000000,0.000000,0.000000,0.000000,1.000000,0.000000,0.000000,0.000000,0.000000,0.000000
1777213870.412452,0,0.000000,0.000000,0.000000,0.000000,1.000000,0.000000,0.000000,0.000000,0.000000,0.000000
1777213870.443360,0,0.000000,0.000000,0.000000,0.000000,0.280000,0.000000,0.000000,0.000000,0.000000,0.000000
1777213870.474161,0,0.000000,0.000000,0.000000,0.000000,0.250000,0.000000,0.000000,0.000000,0.300000,0.000000
1777213870.474669,0,0.000000,0.000000,0.000000,0.000000,0.500000,0.000000,0.000000,0.000000,0.150000,0.000000
1777213870.475065,0,0.000000,0.000000,0.000000,0.000000,0.610000,0.000000,0.000000,0.000000,0.150000,0.000000
1777213870.506476,0,0.000000,0.000000,0.000000,0.000000,0.410000,0.000000,0.000000,0.000000,0.150000,0.020000
1777213870.536660,0,0.000000,0.000000,0.000000,0.000000,1.000000,0.000000,0.000000,0.000000,0.150000,0.000000
1777213870.537158,0,0.000000,0.000000,0.000000,0.000000,1.000000,0.000000,0.000000,0.000000,0.150000,0.000000
1777213870.537689,0,0.000000,0.000000,0.000000,0.000000,0.300000,0.000000,0.000000,0.000000,0.000000,0.000000
1777213870.566899,0,0.000000,0.000000,0.000000,0.000000,0.510000,0.000000,0.000000,0.000000,0.000000,0.000000
1777213870.567386,0,0.000000,0.000000,0.000000,0.000000,0.300000,0.000000,0.000000,0.000000,0.150000,0.000000
1777213870.597508,0,0.000000,0.000000,0.000000,0.000000,1.000000,0.000000,0.000000,0.000000,0.150000,0.050000
1777213870.598181,0,0.000000,0.000000,0.000000,0.000000,0.100000,0.000000,0.000000,0.000000,0.300000,0.000000
1777213870.628668,0,0.000000,0.000000,0.000000,0.000000,0.200000,0.000000,0.000000,0.000000,0.150000,0.000000
1777213870.629422,0,0.000000,0.000000,0.000000,0.000000,0.150000,0.000000,0.000000,0.000000,0.300000,0.000000
1777213870.660019,0,0.000000,0.000000,0.000000,0.000000,1.000000,0.000000,0.000000,0.000000,0.000000,0.000000
1777213870.660503,0,0.000000,0.000000,0.000000,0.000000,0.070000,0.000000,0.000000,0.000000,0.150000,0.000000
1777213870.693799,0,0.000000,0.000000,0.000000,0.000000,1.000000,0.000000,0.000000,0.000000,0.000000,0.000000
1777213870.694300,0,0.000000,0.000000,0.000000,0.000000,0.000000,0.000000,0.000000,0.000000,0.300000,0.000000
1777213870.727264,0,0.000000,0.000000,0.000000,0.000000,0.000000,0.000000,0.000000,0.000000,0.300000,0.000000
1777213870.727822,0,0.000000,0.000000,0.000000,0.000000,0.360000,0.000000,0.000000,0.000000,0.150000,0.000000
1777213870.786172,0,0.000000,0.000000,0.000000,0.000000,0.750000,0.000000,0.000000,0.000000,0.150000,0.000000
1777213870.786704,0,0.000000,0.000000,0.000000,0.000000,0.070000,0.000000,0.000000,0.000000,0.000000,0.020000
1777213870.787163,0,0.000000,0.000000,0.000000,0.000000,0.000000,0.000000,0.000000,0.000000,0.440000,0.000000
1777213870.787586,0,0.000000,0.000000,0.000000,0.000000,0.200000,0.000000,0.000000,0.000000,0.000000,0.000000
1777213870.788269,0,0.000000,0.000000,0.000000,0.000000,0.000000,0.000000,0.000000,0.000000,0.300000,0.000000
1777213870.788689,0,0.000000,0.000000,0.000000,0.000000,0.100000,0.000000,0.000000,0.000000,0.000000,0.000000
1777213870.842714,0,0.000000,0.000000,0.000000,0.000000,0.000000,0.000000,0.000000,0.000000,0.300000,0.000000
1777213870.843238,0,0.000000,0.000000,0.000000,0.000000,0.000000,0.000000,0.000000,0.000000,0.440000,0.000000
1777213870.843907,0,0.000000,0.000000,0.000000,0.000000,1.000000,0.000000,0.000000,0.000000,0.000000,0.000000
1777213870.844331,0,0.000000,0.000000,0.000000,0.000000,1.000000,0.000000,0.000000,0.000000,0.150000,0.000000
1777213870.900154,0,0.000000,0.000000,0.000000,0.000000,0.690000,0.000000,0.000000,0.000000,0.150000,0.000000
1777213870.900677,0,0.000000,0.000000,0.000000,0.000000,1.000000,0.000000,0.000000,0.000000,0.150000,0.000000
1777213870.901408,0,0.000000,0.000000,0.000000,0.000000,0.200000,0.000000,0.000000,0.000000,0.150000,0.000000
1777213870.901830,0,0.000000,0.000000,0.000000,0.000000,1.000000,0.000000,0.000000,0.000000,0.150000,0.000000
1777213870.957381,0,0.000000,0.000000,0.000000,0.000000,1.000000,0.000000,0.000000,0.000000,0.000000,0.000000
1777213870.957950,0,0.000000,0.000000,0.000000,0.000000,0.200000,0.000000,0.000000,0.000000,0.000000,0.000000
1777213870.959225,0,0.000000,0.000000,0.000000,0.000000,0.100000,0.000000,0.000000,0.000000,0.000000,0.000000
1777213870.991295,0,0.000000,0.000000,0.000000,0.000000,1.000000,0.000000,0.000000,0.000000,0.150000,0.000000
1777213871.021836,0,0.000000,0.000000,0.000000,0.000000,0.750000,0.000000,0.000000,0.000000,0.000000,0.000000
1777213871.022321,0,0.000000,0.000000,0.000000,0.000000,0.400000,0.000000,0.000000,0.000000,0.150000,0.000000
1777213871.052051,0,0.000000,0.000000,0.000000,0.000000,0.250000,0.000000,0.000000,0.000000,0.000000,0.000000
1777213871.085052,0,0.000000,0.000000,0.000000,0.000000,0.410000,0.000000,0.000000,0.000000,0.000000,0.000000
1777213871.085533,0,0.000000,0.000000,0.000000,0.000000,1.000000,0.000000,0.000000,0.000000,0.000000,0.000000
1777213871.085915,0,0.000000,0.000000,0.000000,0.000000,0.370000,0.000000,0.000000,0.000000,0.150000,0.000000
1777213871.115867,0,0.000000,0.000000,0.000000,0.000000,0.000000,0.000000,0.000000,0.000000,0.300000,0.070000
1777213871.147284,0,0.000000,0.000000,0.000000,0.000000,0.090000,0.000000,0.000000,0.000000,0.000000,0.000000
1777213871.147795,0,0.000000,0.000000,0.000000,0.000000,0.000000,0.000000,0.000000,0.000000,0.300000,0.000000
1777213871.177581,0,0.000000,0.000000,0.000000,0.000000,0.550000,0.000000,0.000000,0.000000,0.000000,0.000000
1777213871.178092,0,0.000000,0.000000,0.000000,0.000000,0.760000,0.000000,0.000000,0.000000,0.150000,0.000000
1777213871.208673,0,0.000000,0.000000,0.000000,0.000000,1.000000,0.000000,0.000000,0.000000,0.150000,0.000000
1777213871.209161,0,0.000000,0.000000,0.000000,0.000000,0.760000,0.000000,0.000000,0.000000,0.000000,0.000000
1777213871.209540,0,0.000000,0.000000,0.000000,0.000000,1.000000,0.000000,0.000000,0.000000,0.000000,0.000000
1777213871.239687,0,0.000000,0.000000,0.000000,0.000000,0.400000,0.000000,0.000000,0.000000,0.300000,0.000000
1777213871.240178,0,0.000000,0.000000,0.000000,0.000000,1.000000,0.000000,0.000000,0.000000,0.000000,0.000000
1777213871.240761,0,0.000000,0.000000,0.000000,0.000000,0.000000,0.000000,0.000000,0.000000,0.440000,0.000000
1777213871.272195,0,0.000000,0.000000,0.000000,0.000000,0.000000,0.000000,0.000000,0.000000,0.440000,0.000000
1777213871.272691,0,0.000000,0.000000,0.000000,0.000000,1.000000,0.000000,0.000000,0.000000,0.000000,0.000000
1777213871.303151,0,0.000000,0.000000,0.000000,0.000000,0.620000,0.000000,0.000000,0.000000,0.150000,0.000000
1777213871.303668,0,0.000000,0.000000,0.000000,0.000000,0.150000,0.000000,0.000000,0.000000,0.300000,0.020000
1777213871.333399,0,0.000000,0.000000,0.000000,0.000000,1.000000,0.000000,0.000000,0.000000,0.150000,0.000000
1777213871.333938,0,0.000000,0.000000,0.000000,0.000000,1.000000,0.000000,0.000000,0.000000,0.150000,0.000000
1777213871.364466,0,0.000000,0.000000,0.000000,0.000000,0.510000,0.000000,0.000000,0.000000,0.000000,0.000000
1777213871.395168,0,0.000000,0.000000,0.000000,0.000000,0.140000,0.000000,0.000000,0.000000,0.150000,0.000000
1777213871.395901,0,0.000000,0.000000,0.000000,0.000000,1.000000,0.000000,0.000000,0.000000,0.150000,0.000000
1777213871.425626,0,0.000000,0.000000,0.000000,0.000000,0.050000,0.000000,0.000000,0.000000,0.000000,0.000000
1777213871.426146,0,0.000000,0.000000,0.000000,0.000000,0.340000,0.000000,0.000000,0.000000,0.150000,0.000000
1777213871.426561,0,0.000000,0.000000,0.000000,0.000000,1.000000,0.000000,0.000000,0.000000,0.000000,0.000000
1777213871.456900,0,0.000000,0.000000,0.000000,0.000000,0.100000,0.000000,0.000000,0.000000,0.300000,0.000000
1777213871.457384,0,0.000000,0.000000,0.000000,0.000000,0.000000,0.000000,0.000000,0.000000,0.300000,0.000000
1777213871.488031,0,0.000000,0.000000,0.000000,0.000000,0.200000,0.000000,0.000000,0.000000,0.300000,0.000000
1777213871.517712,0,0.000000,0.000000,0.000000,0.000000,1.000000,0.000000,0.000000,0.000000,0.000000,0.000000
1777213871.518202,0,0.000000,0.000000,0.000000,0.000000,1.000000,0.000000,0.000000,0.000000,0.150000,0.000000
1777213871.574452,0,0.000000,0.000000,0.000000,0.000000,1.000000,0.000000,0.000000,0.000000,0.000000,0.000000
1777213871.574948,0,0.000000,0.000000,0.000000,0.000000,0.070000,0.000000,0.000000,0.000000,0.150000,0.000000
1777213871.575333,0,0.000000,0.000000,0.000000,0.000000,0.050000,0.000000,0.000000,0.000000,0.000000,0.000000
1777213871.575726,0,0.000000,0.000000,0.000000,0.000000,0.230000,0.000000,0.000000,0.000000,0.300000,0.000000
1777213871.576103,0,0.000000,0.000000,0.000000,0.000000,1.000000,0.000000,0.000000,0.000000,0.000000,0.000000
1777213871.632693,0,0.000000,0.000000,0.000000,0.000000,0.370000,0.000000,0.000000,0.000000,0.000000,0.000000
1777213871.633186,0,0.000000,0.000000,0.000000,0.000000,0.000000,0.000000,0.000000,0.000000,0.300000,0.000000
1777213871.633572,0,0.000000,0.000000,0.000000,0.000000,0.000000,0.000000,0.000000,0.000000,0.300000,0.050000
1777213871.688516,0,0.000000,0.000000,0.000000,0.000000,0.280000,0.000000,0.000000,0.000000,0.000000,0.000000
1777213871.750496,0,0.000000,0.000000,0.000000,0.000000,0.820000,0.000000,0.000000,0.000000,0.300000,0.000000
1777213871.751371,0,0.000000,0.000000,0.000000,0.000000,1.000000,0.000000,0.000000,0.000000,0.000000,0.000000
1777213871.751875,0,0.000000,0.000000,0.000000,0.000000,1.000000,0.000000,0.000000,0.000000,0.000000,0.000000
1777213871.752262,0,0.000000,0.000000,0.000000,0.000000,0.330000,0.000000,0.000000,0.000000,0.000000,0.000000
1777213871.752669,0,0.000000,0.000000,0.000000,0.000000,0.400000,0.000000,0.000000,0.000000,0.300000,0.000000
1777213871.809385,0,0.000000,0.000000,0.000000,0.000000,0.280000,0.000000,0.000000,0.000000,0.440000,0.000000
1777213871.810143,0,0.000000,0.000000,0.000000,0.000000,1.000000,0.000000,0.000000,0.000000,0.150000,0.000000
1777213871.810796,0,0.000000,0.000000,0.000000,0.000000,1.000000,0.000000,0.000000,0.000000,0.000000,0.000000
1777213871.811223,0,0.000000,0.000000,0.000000,0.000000,0.500000,0.000000,0.000000,0.000000,0.150000,0.000000
1777213871.867868,0,0.000000,0.000000,0.000000,0.000000,0.370000,0.000000,0.000000,0.000000,0.150000,0.000000
1777213871.868379,0,0.000000,0.000000,0.000000,0.000000,0.310000,0.000000,0.000000,0.000000,0.000000,0.020000
1777213871.869051,0,0.000000,0.000000,0.000000,0.000000,0.000000,0.000000,0.000000,0.000000,0.600000,0.000000
1777213871.924315,0,0.000000,0.000000,0.000000,0.000000,0.180000,0.000000,0.000000,0.000000,0.150000,0.000000
1777213871.924850,0,0.000000,0.000000,0.000000,0.000000,0.400000,0.000000,0.000000,0.000000,0.000000,0.000000
1777213871.925579,0,0.000000,0.000000,0.000000,0.000000,1.000000,0.000000,0.000000,0.000000,0.000000,0.000000
1777213871.926008,0,0.000000,0.000000,0.000000,0.000000,0.570000,0.000000,0.000000,0.000000,0.150000,0.000000
1777213871.981282,0,0.000000,0.000000,0.000000,0.000000,0.200000,0.000000,0.000000,0.000000,0.000000,0.000000
1777213871.981787,0,0.000000,0.000000,0.000000,0.000000,1.000000,0.000000,0.000000,0.000000,0.000000,0.000000
1777213871.982445,0,0.000000,0.000000,0.000000,0.000000,1.000000,0.000000,0.000000,0.000000,0.000000,0.100000
1777213871.982852,0,0.000000,0.000000,0.000000,0.000000,0.770000,0.000000,0.000000,0.000000,0.000000,0.000000
1777213872.039769,0,0.000000,0.000000,0.000000,0.000000,0.430000,0.000000,0.000000,0.000000,0.000000,0.000000
1777213872.040292,0,0.000000,0.000000,0.000000,0.000000,1.000000,0.000000,0.000000,0.000000,0.000000,0.000000
1777213872.041128,0,0.000000,0.000000,0.000000,0.000000,0.100000,0.000000,0.000000,0.000000,0.150000,0.000000
1777213872.096107,0,0.000000,0.000000,0.000000,0.000000,0.930000,0.000000,0.000000,0.000000,0.150000,0.070000
1777213872.096621,0,0.000000,0.000000,0.000000,0.000000,0.230000,0.000000,0.000000,0.000000,0.000000,0.000000
1777213872.097352,0,0.000000,0.000000,0.000000,0.000000,0.310000,0.000000,0.000000,0.000000,0.000000,0.000000
1777213872.097771,0,0.000000,0.000000,0.000000,1.000000,0.400000,0.000000,0.000000,0.000000,0.300000,0.000000
1777213872.128890,0,0.000000,1.000000,0.000000,1.000000,1.000000,0.000000,0.000000,0.000000,0.000000,0.100000
1777213872.160710,0,0.000000,1.000000,0.000000,1.000000,0.500000,0.000000,0.000000,0.000000,0.150000,0.000000
1777213872.161335,0,0.000000,1.000000,0.000000,1.000000,1.000000,0.000000,0.000000,0.000000,0.000000,0.000000
1777213872.193971,0,0.000000,1.000000,0.000000,1.000000,0.600000,0.000000,0.000000,0.000000,0.150000,0.000000
1777213872.194483,0,0.000000,1.000000,0.000000,1.000000,1.000000,0.000000,0.000000,0.000000,0.150000,0.000000
1777213872.225520,0,0.000000,1.000000,0.000000,1.000000,1.000000,0.000000,0.000000,0.000000,0.150000,0.000000
1777213872.226247,0,0.000000,1.000000,0.000000,1.000000,0.690000,0.000000,0.000000,0.000000,0.300000,0.000000
1777213872.227300,0,0.000000,1.000000,0.000000,1.000000,0.690000,0.000000,0.000000,0.000000,0.000000,0.000000
1777213872.285345,0,0.000000,1.000000,0.000000,1.000000,0.570000,0.000000,0.000000,0.000000,0.000000,0.000000
1777213872.285868,0,0.000000,1.000000,0.000000,1.000000,1.000000,0.000000,0.000000,0.000000,0.000000,0.000000
1777213872.286252,0,0.000000,1.000000,0.000000,1.000000,0.570000,0.000000,0.000000,0.000000,0.000000,0.000000
1777213872.287210,0,0.000000,1.000000,0.000000,1.000000,0.150000,0.000000,0.000000,0.000000,0.300000,0.000000
1777213872.287688,0,0.000000,1.000000,0.000000,1.000000,0.000000,0.000000,0.000000,0.000000,0.300000,0.000000
1777213872.343976,0,0.000000,1.000000,0.000000,1.000000,0.000000,0.000000,0.000000,0.000000,0.300000,0.000000
1777213872.344530,0,0.000000,1.000000,0.000000,1.000000,0.070000,0.000000,0.000000,0.000000,0.150000,0.000000
1777213872.345306,0,0.000000,1.000000,0.000000,1.000000,1.000000,0.000000,0.000000,0.000000,0.150000,0.000000
1777213872.345792,0,0.000000,1.000000,0.000000,1.000000,0.860000,0.000000,0.000000,0.000000,0.000000,0.000000
1777213872.403756,0,0.000000,1.000000,0.000000,1.000000,0.330000,0.000000,0.000000,0.000000,0.000000,0.000000
1777213872.404262,0,0.000000,1.000000,0.000000,1.000000,0.000000,0.000000,0.000000,0.000000,0.910000,0.000000
1777213872.404952,0,0.000000,1.000000,0.000000,1.000000,0.660000,0.000000,0.000000,0.000000,0.150000,0.000000
1777213872.462704,0,0.000000,1.000000,0.000000,1.000000,0.090000,0.000000,0.000000,0.000000,0.000000,0.000000
1777213872.463216,0,0.000000,1.000000,0.000000,1.000000,0.370000,0.000000,0.000000,0.000000,0.000000,0.000000
1777213872.463611,0,0.000000,1.000000,0.000000,1.000000,0.340000,0.000000,0.000000,0.000000,0.150000,0.000000
1777213872.464237,0,0.000000,1.000000,0.000000,1.000000,1.000000,0.000000,0.000000,0.000000,0.000000,0.000000
1777213872.464642,0,0.000000,1.000000,0.000000,1.000000,0.370000,0.000000,0.000000,0.000000,0.000000,0.000000
1777213872.521488,0,0.000000,1.000000,0.000000,1.000000,0.110000,0.000000,0.000000,0.000000,0.300000,0.000000
1777213872.522065,0,0.000000,1.000000,0.000000,1.000000,1.000000,0.000000,0.000000,0.000000,0.300000,0.000000
1777213872.522718,0,0.000000,1.000000,0.000000,1.000000,0.000000,0.000000,0.000000,0.000000,0.300000,0.280000
1777213872.523129,0,0.000000,1.000000,0.000000,1.000000,0.870000,0.000000,0.000000,0.000000,0.150000,0.000000
1777213872.577701,0,0.000000,1.000000,0.000000,1.000000,0.510000,0.000000,0.000000,0.000000,0.000000,0.000000
1777213872.578284,0,0.000000,1.000000,0.000000,1.000000,1.000000,0.000000,0.000000,0.000000,0.150000,0.000000
1777213872.579062,0,0.000000,1.000000,0.000000,1.000000,0.680000,0.000000,0.000000,0.000000,0.000000,0.000000
1777213872.608684,0,0.000000,1.000000,0.000000,1.000000,0.860000,0.000000,0.000000,0.000000,0.150000,0.000000
1777213872.639251,0,0.000000,1.000000,0.000000,1.000000,0.460000,0.000000,0.000000,0.000000,0.000000,0.070000
1777213872.640014,0,0.000000,1.000000,0.000000,1.000000,0.600000,0.000000,0.000000,0.000000,0.000000,0.000000
1777213872.670592,0,0.000000,1.000000,0.000000,1.000000,0.400000,0.000000,0.000000,0.000000,0.000000,0.020000
1777213872.671112,0,0.000000,1.000000,0.000000,1.000000,0.370000,0.000000,0.000000,0.000000,0.000000,0.000000
1777213872.702421,0,0.000000,1.000000,0.000000,1.000000,0.180000,0.000000,0.000000,0.000000,0.150000,0.000000
1777213872.702952,0,0.000000,1.000000,0.000000,1.000000,0.500000,0.000000,0.000000,0.000000,0.000000,0.000000
1777213872.738218,0,0.000000,1.000000,0.000000,1.000000,1.000000,0.000000,0.000000,0.000000,0.000000,0.000000
1777213872.738713,0,0.000000,1.000000,0.000000,1.000000,0.550000,0.000000,0.000000,0.000000,0.000000,0.000000
1777213872.771109,0,0.000000,1.000000,0.000000,1.000000,0.000000,0.000000,0.000000,0.000000,0.300000,0.000000
1777213872.771617,0,0.000000,1.000000,0.000000,1.000000,0.000000,0.000000,0.000000,0.000000,0.300000,0.000000
1777213872.801717,0,0.000000,1.000000,0.000000,1.000000,0.410000,0.000000,0.000000,0.000000,0.440000,0.000000
1777213872.802209,0,0.000000,1.000000,0.000000,1.000000,1.000000,0.000000,0.000000,0.000000,0.000000,0.000000
1777213872.833302,0,0.000000,1.000000,0.000000,1.000000,1.000000,0.000000,0.000000,0.000000,0.150000,0.000000
1777213872.865311,0,0.000000,1.000000,0.000000,1.000000,1.000000,0.000000,0.000000,0.000000,0.000000,0.000000
1777213872.865838,0,0.000000,1.000000,0.000000,1.000000,0.330000,0.000000,0.000000,0.000000,0.000000,0.070000
1777213872.866335,0,0.000000,1.000000,0.000000,1.000000,0.550000,0.000000,0.000000,0.000000,0.000000,0.000000
1777213872.898459,0,0.000000,1.000000,0.000000,1.000000,1.000000,0.000000,0.000000,0.000000,0.000000,0.000000
1777213872.898956,0,0.000000,1.000000,0.000000,1.000000,0.560000,0.000000,0.000000,0.000000,0.000000,0.000000
1777213872.930979,0,0.000000,1.000000,0.000000,1.000000,0.440000,0.000000,0.000000,0.000000,0.000000,0.000000
1777213872.931662,0,0.000000,1.000000,0.000000,1.000000,0.000000,0.000000,0.000000,0.000000,0.300000,0.000000
1777213872.933301,0,0.000000,1.000000,0.000000,1.000000,1.000000,0.000000,0.000000,0.000000,0.000000,0.000000
1777213872.964119,0,0.000000,1.000000,0.000000,1.000000,1.000000,0.000000,0.000000,0.000000,0.150000,0.000000
1777213872.995407,0,0.000000,1.000000,0.000000,1.000000,1.000000,0.000000,0.000000,0.000000,0.000000,0.000000
1777213872.995907,0,0.000000,1.000000,0.000000,1.000000,0.090000,0.000000,0.000000,0.000000,0.150000,0.000000
1777213872.996337,0,0.000000,1.000000,0.000000,1.000000,1.000000,0.000000,0.000000,0.000000,0.000000,0.000000
1777213873.027592,0,0.000000,1.000000,0.000000,1.000000,1.000000,0.000000,0.000000,0.000000,0.000000,0.020000
1777213873.028079,0,0.000000,1.000000,0.000000,1.000000,0.620000,0.000000,0.000000,0.000000,0.150000,0.000000
1777213873.058993,0,0.000000,1.000000,0.000000,1.000000,0.150000,0.000000,0.000000,0.000000,0.000000,0.000000
1777213873.059507,0,0.000000,1.000000,0.000000,1.000000,0.000000,0.000000,0.000000,0.000000,0.300000,0.000000
1777213873.090764,0,0.000000,1.000000,0.000000,1.000000,0.770000,0.000000,0.000000,0.000000,0.150000,0.000000
1777213873.091268,0,0.000000,1.000000,0.000000,1.000000,0.280000,0.000000,0.000000,0.000000,0.150000,0.000000
1777213873.123306,0,0.000000,1.000000,0.000000,1.000000,1.000000,0.000000,0.000000,0.000000,0.000000,0.050000
1777213873.123829,0,0.000000,1.000000,0.000000,1.000000,0.100000,0.000000,0.000000,0.000000,0.000000,0.000000
1777213873.156233,0,0.000000,1.000000,0.000000,1.000000,1.000000,0.000000,0.000000,0.000000,0.150000,0.000000
1777213873.156808,0,0.000000,1.000000,0.000000,1.000000,0.000000,0.000000,0.000000,0.000000,0.440000,0.000000
1777213873.158221,0,0.000000,1.000000,0.000000,1.000000,0.750000,0.000000,0.000000,0.000000,0.000000,0.000000
1777213873.188296,0,0.000000,1.000000,0.000000,1.000000,0.140000,0.000000,0.000000,0.000000,0.000000,0.000000
1777213873.188920,0,0.000000,1.000000,0.000000,1.000000,0.110000,0.000000,0.000000,0.000000,0.000000,0.000000
1777213873.221367,0,0.000000,1.000000,0.000000,1.000000,0.790000,0.000000,0.000000,0.000000,0.000000,0.000000
1777213873.253018,0,0.000000,1.000000,0.000000,1.000000,0.500000,0.000000,0.000000,0.000000,0.000000,0.000000
1777213873.253560,0,0.000000,1.000000,0.000000,1.000000,0.200000,0.000000,0.000000,0.000000,0.150000,0.250000
1777213873.253976,0,0.000000,1.000000,0.000000,1.000000,1.000000,0.000000,0.000000,0.000000,0.150000,0.000000
1777213873.286324,0,0.000000,1.000000,0.000000,1.000000,0.400000,0.000000,0.000000,0.000000,0.150000,0.000000
1777213873.286930,0,0.000000,1.000000,0.000000,1.000000,0.000000,0.000000,0.000000,0.000000,0.300000,0.000000
1777213873.319471,0,0.000000,1.000000,0.000000,1.000000,1.000000,0.000000,0.000000,0.000000,0.150000,0.000000
1777213873.320007,0,0.000000,1.000000,0.000000,1.000000,1.000000,0.000000,0.000000,0.000000,0.000000,0.000000
1777213873.350206,0,0.000000,1.000000,0.000000,1.000000,0.500000,0.000000,0.000000,0.000000,0.300000,0.000000
1777213873.350866,0,0.000000,1.000000,0.000000,1.000000,1.000000,0.000000,0.000000,0.000000,0.000000,0.000000
1777213873.351390,0,0.000000,1.000000,0.000000,1.000000,0.170000,0.000000,0.000000,0.000000,0.150000,0.000000
1777213873.381478,0,0.000000,1.000000,0.000000,1.000000,0.430000,0.000000,0.000000,0.000000,0.000000,0.000000
1777213873.382148,0,0.000000,1.000000,0.000000,1.000000,0.440000,0.000000,0.000000,0.000000,0.000000,0.000000
1777213873.412585,0,0.000000,1.000000,0.000000,1.000000,0.000000,0.000000,0.000000,0.000000,0.440000,0.000000
1777213873.413120,0,0.000000,1.000000,0.000000,1.000000,0.890000,0.000000,0.000000,0.000000,0.000000,0.000000
1777213873.444538,0,0.000000,1.000000,0.000000,1.000000,0.890000,0.000000,0.000000,0.000000,0.000000,0.000000
1777213873.475131,0,0.000000,1.000000,0.000000,1.000000,0.150000,0.000000,0.000000,0.000000,0.000000,0.000000
1777213873.475695,0,0.000000,1.000000,0.000000,1.000000,0.000000,0.000000,0.000000,0.000000,0.300000,0.000000
1777213873.509139,0,0.000000,1.000000,0.000000,1.000000,1.000000,0.000000,0.000000,0.000000,0.000000,0.000000
1777213873.509662,0,0.000000,1.000000,0.000000,1.000000,0.000000,0.000000,0.000000,0.000000,0.300000,0.000000
1777213873.510289,0,0.000000,1.000000,0.000000,1.000000,1.000000,0.000000,0.000000,0.000000,0.000000,0.000000
1777213873.540628,0,0.000000,1.000000,0.000000,1.000000,1.000000,0.000000,0.000000,0.000000,0.150000,0.000000
1777213873.571582,0,0.000000,1.000000,0.000000,1.000000,0.870000,0.000000,0.000000,0.000000,0.000000,0.000000
1777213873.572096,0,0.000000,1.000000,0.000000,1.000000,1.000000,0.000000,0.000000,0.000000,0.150000,0.000000
1777213873.572484,0,0.000000,1.000000,0.000000,1.000000,1.000000,0.000000,0.000000,0.000000,0.150000,0.000000
1777213873.603202,0,0.000000,1.000000,0.000000,1.000000,0.250000,0.000000,0.000000,0.000000,0.300000,0.000000
1777213873.636257,0,0.000000,1.000000,0.000000,1.000000,1.000000,0.000000,0.000000,0.000000,0.000000,0.000000
1777213873.636790,0,0.000000,1.000000,0.000000,1.000000,1.000000,0.000000,0.000000,0.000000,0.000000,0.000000
1777213873.671806,0,0.000000,1.000000,0.000000,1.000000,1.000000,0.000000,0.000000,0.000000,0.000000,0.000000
1777213873.672343,0,0.000000,1.000000,0.000000,1.000000,0.210000,0.000000,0.000000,0.000000,0.150000,0.000000
1777213873.709830,0,0.000000,1.000000,0.000000,1.000000,0.620000,0.000000,0.000000,0.000000,0.000000,0.000000
1777213873.710479,0,0.000000,1.000000,0.000000,1.000000,0.250000,0.000000,0.000000,0.000000,0.000000,0.000000
1777213873.710931,0,0.000000,1.000000,0.000000,1.000000,1.000000,0.000000,0.000000,0.000000,0.150000,0.000000
1777213873.750311,0,0.000000,1.000000,0.000000,1.000000,0.000000,0.000000,0.000000,0.000000,0.300000,0.000000
1777213873.750881,0,0.000000,1.000000,0.000000,1.000000,0.140000,0.000000,0.000000,0.000000,0.000000,0.000000
1777213873.751314,0,0.000000,1.000000,0.000000,1.000000,0.680000,0.000000,0.000000,0.000000,0.150000,0.000000
1777213873.752176,0,0.000000,1.000000,0.000000,1.000000,1.000000,0.000000,0.000000,0.000000,0.000000,0.000000
1777213873.786751,0,0.000000,1.000000,0.000000,1.000000,0.150000,0.000000,0.000000,0.000000,0.150000,0.000000
1777213873.787453,0,0.000000,1.000000,0.000000,1.000000,0.150000,0.000000,0.000000,0.000000,0.300000,0.000000
1777213873.820935,0,0.000000,1.000000,0.000000,1.000000,1.000000,0.000000,0.000000,0.000000,0.150000,0.000000
1777213873.821440,0,0.000000,1.000000,0.000000,1.000000,1.000000,0.000000,0.000000,0.000000,0.000000,0.000000
1777213873.852824,0,0.000000,1.000000,0.000000,1.000000,1.000000,0.000000,0.000000,0.000000,0.150000,0.000000
1777213873.853366,0,0.000000,1.000000,0.000000,1.000000,0.000000,0.000000,0.000000,0.000000,0.300000,0.000000
1777213873.885361,0,0.000000,1.000000,0.000000,1.000000,0.000000,0.000000,0.000000,0.000000,0.300000,0.000000
1777213873.886175,0,0.000000,1.000000,0.000000,1.000000,1.000000,0.000000,0.000000,0.000000,0.000000,0.000000
1777213873.886671,0,0.000000,1.000000,0.000000,1.000000,0.000000,0.000000,0.000000,0.000000,0.440000,0.070000
1777213873.919305,0,0.000000,1.000000,0.000000,1.000000,0.230000,0.000000,0.000000,0.000000,0.150000,0.000000
1777213873.919959,0,0.000000,1.000000,0.000000,1.000000,0.460000,0.000000,0.000000,0.000000,0.000000,0.000000
1777213873.952639,0,0.000000,1.000000,0.000000,1.000000,0.280000,0.000000,0.000000,0.000000,0.000000,0.000000
1777213873.953502,0,0.000000,1.000000,0.000000,1.000000,0.660000,0.000000,0.000000,0.000000,0.300000,0.000000
1777213873.953924,0,0.000000,1.000000,0.000000,1.000000,0.760000,0.000000,0.000000,0.000000,0.000000,0.000000
1777213873.985744,0,0.000000,1.000000,0.000000,1.000000,0.000000,0.000000,0.000000,0.000000,0.300000,0.000000
1777213874.018864,0,0.000000,1.000000,0.000000,1.000000,0.000000,0.000000,0.000000,0.000000,0.440000,0.000000
1777213874.019477,0,0.000000,1.000000,0.000000,1.000000,1.000000,0.000000,0.000000,0.000000,0.150000,0.000000
1777213874.020784,0,0.000000,1.000000,0.000000,1.000000,0.760000,0.000000,0.000000,0.000000,0.150000,0.000000
1777213874.051812,0,0.000000,1.000000,0.000000,1.000000,0.000000,0.000000,0.000000,0.000000,0.440000,0.000000
1777213874.052450,0,0.000000,1.000000,0.000000,1.000000,1.000000,0.000000,0.000000,0.000000,0.300000,0.000000
1777213874.083875,0,0.000000,1.000000,0.000000,1.000000,0.330000,0.000000,0.000000,0.000000,0.000000,0.000000
1777213874.084427,0,0.000000,1.000000,0.000000,1.000000,0.400000,0.000000,0.000000,0.000000,0.150000,0.000000
1777213874.117620,0,0.000000,1.000000,0.000000,1.000000,0.200000,0.000000,0.000000,0.000000,0.150000,0.000000
1777213874.149891,0,0.000000,1.000000,0.000000,0.000000,0.760000,0.000000,0.000000,0.000000,0.150000,0.000000
1777213874.183645,0,0.000000,0.000000,0.000000,0.000000,0.570000,0.000000,0.000000,0.000000,0.000000,0.000000
1777213874.184170,0,0.000000,0.000000,0.000000,0.000000,0.120000,0.000000,0.000000,0.000000,0.000000,0.000000
1777213874.184577,0,0.000000,0.000000,0.000000,0.000000,0.000000,0.000000,0.000000,0.000000,0.300000,0.000000
1777213874.184987,0,0.000000,0.000000,0.000000,0.000000,0.870000,0.000000,0.000000,0.000000,0.000000,0.000000
1777213874.185801,0,0.000000,0.000000,0.000000,0.000000,0.300000,0.000000,0.000000,0.000000,0.150000,0.000000
1777213874.217499,0,0.000000,0.000000,0.000000,0.000000,0.460000,0.000000,0.000000,0.000000,0.150000,0.000000
1777213874.249576,0,0.000000,0.000000,0.000000,0.000000,0.500000,0.000000,0.000000,0.000000,0.300000,0.000000
1777213874.250103,0,0.000000,0.000000,0.000000,0.000000,0.360000,0.000000,0.000000,0.000000,0.150000,0.000000
1777213874.282346,0,0.000000,0.000000,0.000000,0.000000,1.000000,0.000000,0.000000,0.000000,0.000000,0.000000
1777213874.283188,0,0.000000,0.000000,0.000000,0.000000,0.000000,0.000000,0.000000,0.000000,0.300000,0.000000
1777213874.313363,0,0.000000,0.000000,0.000000,0.000000,1.000000,0.000000,0.000000,0.000000,0.000000,0.000000
1777213874.313889,0,0.000000,0.000000,0.000000,0.000000,1.000000,0.000000,0.000000,0.000000,0.000000,0.000000
1777213874.314394,0,0.000000,0.000000,0.000000,0.000000,0.250000,0.000000,0.000000,0.000000,0.000000,0.000000
1777213874.344978,0,0.000000,0.000000,0.000000,0.000000,0.700000,0.000000,0.000000,0.000000,0.150000,0.070000
1777213874.345539,0,0.000000,0.000000,0.000000,0.000000,0.250000,0.000000,0.000000,0.000000,0.000000,0.000000
1777213874.375438,0,0.000000,0.000000,0.000000,0.000000,1.000000,0.000000,0.000000,0.000000,0.000000,0.000000
1777213874.375990,0,0.000000,0.000000,0.000000,0.000000,0.110000,0.000000,0.000000,0.000000,0.300000,0.000000
1777213874.407248,0,0.000000,0.000000,0.000000,0.000000,0.250000,0.000000,0.000000,0.000000,0.300000,0.000000
1777213874.407761,0,0.000000,0.000000,0.000000,0.000000,0.200000,0.000000,0.000000,0.000000,0.000000,0.000000
1777213874.439582,0,0.000000,0.000000,0.000000,0.000000,0.500000,0.000000,0.000000,0.000000,0.300000,0.000000
1777213874.440400,0,0.000000,0.000000,0.000000,0.000000,0.120000,0.000000,0.000000,0.000000,0.150000,0.000000
1777213874.473198,0,0.000000,0.000000,0.000000,0.000000,0.250000,0.000000,0.000000,0.000000,0.150000,0.000000
1777213874.473694,0,0.000000,0.000000,0.000000,0.000000,0.000000,0.000000,0.000000,0.000000,0.440000,0.000000
1777213874.506607,0,0.000000,0.000000,0.000000,0.000000,0.870000,0.000000,0.000000,0.000000,0.000000,0.000000
1777213874.507649,0,0.000000,0.000000,0.000000,0.000000,0.630000,0.000000,0.000000,0.000000,0.150000,0.000000
1777213874.539121,0,0.000000,0.000000,0.000000,0.000000,1.000000,0.000000,0.000000,0.000000,0.000000,0.000000
1777213874.539743,0,0.000000,0.000000,0.000000,0.000000,0.280000,0.000000,0.000000,0.000000,0.000000,0.000000
1777213874.571400,0,0.000000,0.000000,0.000000,0.000000,0.150000,0.000000,0.000000,0.000000,0.000000,0.000000
1777213874.571996,0,0.000000,0.000000,0.000000,0.000000,0.330000,0.000000,0.000000,0.000000,0.000000,0.000000
1777213874.606045,0,0.000000,0.000000,0.000000,0.000000,0.500000,0.000000,0.000000,0.000000,0.300000,0.000000
1777213874.606577,0,0.000000,0.000000,0.000000,0.000000,1.000000,0.000000,0.000000,0.000000,0.000000,0.000000
1777213874.637976,0,0.000000,0.000000,0.000000,0.000000,0.070000,0.000000,0.000000,0.000000,0.000000,0.050000
1777213874.638479,0,0.000000,0.000000,0.000000,0.000000,1.000000,0.000000,0.000000,0.000000,0.150000,0.000000
1777213874.670957,0,0.000000,0.000000,0.000000,0.000000,0.120000,0.000000,0.000000,0.000000,0.300000,0.100000
1777213874.671520,0,0.000000,0.000000,0.000000,0.000000,1.000000,0.000000,0.000000,0.000000,0.000000,0.000000
1777213874.704528,0,0.000000,0.000000,0.000000,0.000000,1.000000,0.000000,0.000000,0.000000,0.150000,0.000000
1777213874.705034,0,0.000000,0.000000,0.000000,0.000000,0.500000,0.000000,0.000000,0.000000,0.000000,0.020000
1777213874.705447,0,0.000000,0.000000,0.000000,0.000000,0.070000,0.000000,0.000000,0.000000,0.000000,0.070000
1777213874.742383,0,0.000000,0.000000,0.000000,0.000000,0.000000,0.000000,0.000000,0.000000,0.750000,0.000000
1777213874.742919,0,0.000000,0.000000,0.000000,0.000000,0.430000,0.000000,0.000000,0.000000,0.000000,0.000000
1777213874.779675,0,0.000000,0.000000,0.000000,0.000000,0.120000,0.000000,0.000000,0.000000,0.150000,0.000000
1777213874.780218,0,0.000000,0.000000,0.000000,0.000000,0.140000,0.000000,0.000000,0.000000,0.000000,0.000000
1777213874.813609,0,0.000000,0.000000,0.000000,0.000000,0.770000,0.000000,0.000000,0.000000,0.000000,0.000000
1777213874.814113,0,0.000000,0.000000,0.000000,0.000000,0.000000,0.000000,0.000000,0.000000,0.440000,0.000000
1777213874.814507,0,0.000000,0.000000,0.000000,0.000000,0.000000,0.000000,0.000000,0.000000,0.300000,0.020000
1777213874.847555,0,0.000000,0.000000,0.000000,0.000000,1.000000,0.000000,0.000000,0.000000,0.000000,0.000000
1777213874.848107,0,0.000000,0.000000,0.000000,0.000000,0.110000,0.000000,0.000000,0.000000,0.300000,0.000000
1777213874.882786,0,0.000000,0.000000,0.000000,0.000000,1.000000,0.000000,0.000000,0.000000,0.000000,0.000000
1777213874.883391,0,0.000000,0.000000,0.000000,0.000000,0.000000,0.000000,0.000000,0.000000,0.300000,0.000000
1777213874.883798,0,0.000000,0.000000,0.000000,0.000000,1.000000,0.000000,0.000000,0.000000,0.000000,0.000000
1777213874.918719,0,0.000000,0.000000,0.000000,0.000000,1.000000,0.000000,0.000000,0.000000,0.150000,0.000000
1777213874.952386,0,0.000000,0.000000,0.000000,0.000000,0.700000,0.000000,0.000000,0.000000,0.000000,0.000000
1777213874.952919,0,0.000000,0.000000,0.000000,0.000000,0.560000,0.000000,0.000000,0.000000,0.150000,0.000000
1777213874.953329,0,0.000000,0.000000,0.000000,0.000000,1.000000,0.000000,0.000000,0.000000,0.150000,0.000000
1777213874.989777,0,0.000000,0.000000,0.000000,0.000000,1.000000,0.000000,0.000000,0.000000,0.000000,0.000000
1777213874.990278,0,0.000000,0.000000,0.000000,0.000000,1.000000,0.000000,0.000000,0.000000,0.000000,0.000000
1777213875.024276,0,0.000000,0.000000,0.000000,0.000000,0.400000,0.000000,0.000000,0.000000,0.300000,0.000000
1777213875.024817,0,0.000000,0.000000,0.000000,0.000000,1.000000,0.000000,0.000000,0.000000,0.000000,0.000000
1777213875.025248,0,0.000000,0.000000,0.000000,0.000000,0.600000,0.000000,0.000000,0.000000,0.000000,0.000000
1777213875.061729,0,0.000000,0.000000,0.000000,0.000000,1.000000,0.000000,0.000000,0.000000,0.150000,0.000000
1777213875.093913,0,0.000000,0.000000,0.000000,0.000000,1.000000,0.000000,0.000000,0.000000,0.440000,0.000000
1777213875.094444,0,0.000000,0.000000,0.000000,0.000000,0.280000,0.000000,0.000000,0.000000,0.300000,0.000000
1777213875.094839,0,0.000000,0.000000,0.000000,0.000000,1.000000,0.000000,0.000000,0.000000,0.150000,0.000000
1777213875.126813,0,0.000000,0.000000,0.000000,0.000000,1.000000,0.000000,0.000000,0.000000,0.300000,0.000000
1777213875.127331,0,0.000000,0.000000,0.000000,0.000000,0.000000,0.000000,0.000000,0.000000,0.300000,0.000000
1777213875.127736,0,0.000000,0.000000,0.000000,0.000000,1.000000,0.000000,0.000000,0.000000,0.300000,0.000000
1777213875.160842,0,0.000000,0.000000,0.000000,0.000000,1.000000,0.000000,0.000000,0.000000,0.000000,0.000000
1777213875.161406,0,0.000000,0.000000,0.000000,0.000000,0.620000,0.000000,0.000000,0.000000,0.000000,0.000000
1777213875.195388,0,0.000000,0.000000,0.000000,0.000000,0.750000,0.000000,0.000000,0.000000,0.000000,0.000000
1777213875.227931,0,0.000000,0.000000,0.000000,0.000000,0.000000,0.000000,0.000000,0.000000,0.440000,0.000000
1777213875.228466,0,0.000000,0.000000,0.000000,0.000000,1.000000,0.000000,0.000000,0.000000,0.000000,0.000000
1777213875.228884,0,0.000000,0.000000,0.000000,0.000000,0.000000,0.000000,0.000000,0.000000,0.300000,0.000000
1777213875.261908,0,0.000000,0.000000,0.000000,0.000000,0.820000,0.000000,0.000000,0.000000,0.150000,0.000000
1777213875.262452,0,0.000000,0.000000,0.000000,0.000000,1.000000,0.000000,0.000000,0.000000,0.000000,0.000000
1777213875.262857,0,0.000000,0.000000,0.000000,0.000000,0.200000,0.000000,0.000000,0.000000,0.300000,0.000000
1777213875.295776,0,0.000000,0.000000,0.000000,0.000000,0.170000,0.000000,0.000000,0.000000,0.150000,0.000000
1777213875.296665,0,0.000000,0.000000,0.000000,0.000000,0.360000,0.000000,0.000000,0.000000,0.000000,0.000000
1777213875.328805,0,0.000000,0.000000,0.000000,0.000000,1.000000,0.000000,0.000000,0.000000,0.000000,0.000000
1777213875.329301,0,0.000000,0.000000,0.000000,0.000000,1.000000,0.000000,0.000000,0.000000,0.000000,0.000000
1777213875.360707,0,0.000000,0.000000,0.000000,0.000000,1.000000,0.000000,0.000000,0.000000,0.150000,0.000000
1777213875.361483,0,0.000000,0.000000,0.000000,0.000000,0.360000,0.000000,0.000000,0.000000,0.000000,0.000000
1777213875.392293,0,0.000000,0.000000,0.000000,0.000000,0.180000,0.000000,0.000000,0.000000,0.150000,0.000000
1777213875.392816,0,0.000000,0.000000,0.000000,0.000000,1.000000,0.000000,0.000000,0.000000,0.000000,0.000000
1777213875.423712,0,0.000000,0.000000,0.000000,0.000000,0.000000,0.000000,0.000000,0.000000,0.300000,0.000000
1777213875.424231,0,0.000000,0.000000,0.000000,0.000000,0.000000,0.000000,0.000000,0.000000,0.300000,0.000000
1777213875.456713,0,0.000000,0.000000,0.000000,0.000000,0.340000,0.000000,0.000000,0.000000,0.150000,0.000000
1777213875.457257,0,0.000000,0.000000,0.000000,0.000000,0.140000,0.000000,0.000000,0.000000,0.150000,0.000000
1777213875.491347,0,0.000000,0.000000,0.000000,0.000000,0.340000,0.000000,0.000000,0.000000,0.000000,0.000000
1777213875.492520,0,0.000000,0.000000,0.000000,0.000000,0.630000,0.000000,0.000000,0.000000,0.000000,0.000000
1777213875.524932,0,0.000000,0.000000,0.000000,0.000000,0.680000,0.000000,0.000000,0.000000,0.150000,0.000000
1777213875.525618,0,0.000000,0.000000,0.000000,0.000000,1.000000,0.000000,0.000000,0.000000,0.150000,0.000000
1777213875.558281,0,0.000000,0.000000,0.000000,0.000000,0.460000,0.000000,0.000000,0.000000,0.000000,0.000000
1777213875.558897,0,0.000000,0.000000,0.000000,0.000000,0.340000,0.000000,0.000000,0.000000,0.000000,0.000000
1777213875.559345,0,0.000000,0.000000,0.000000,0.000000,1.000000,0.000000,0.000000,0.000000,0.000000,0.000000
1777213875.592108,0,0.000000,0.000000,0.000000,0.000000,0.110000,0.000000,0.000000,0.000000,0.150000,0.000000
1777213875.592642,0,0.000000,0.000000,0.000000,0.000000,1.000000,0.000000,0.000000,0.000000,0.150000,0.000000
1777213875.623990,0,0.000000,0.000000,0.000000,0.000000,0.280000,0.000000,0.000000,0.000000,0.000000,0.000000
1777213875.624496,0,0.000000,0.000000,0.000000,0.000000,1.000000,0.000000,0.000000,0.000000,0.000000,0.000000
1777213875.625197,0,0.000000,0.000000,0.000000,0.000000,0.510000,0.000000,0.000000,0.000000,0.000000,0.000000
1777213875.656470,0,0.000000,0.000000,0.000000,0.000000,0.310000,0.000000,0.000000,0.000000,0.150000,0.000000
1777213875.687649,0,0.000000,0.000000,0.000000,0.000000,0.090000,0.000000,0.000000,0.000000,0.150000,0.020000
1777213875.688157,0,0.000000,0.000000,0.000000,0.000000,0.850000,0.000000,0.000000,0.000000,0.000000,0.000000
1777213875.718672,0,0.000000,0.000000,0.000000,0.000000,0.210000,0.000000,0.000000,0.000000,0.150000,0.020000
1777213875.719203,0,0.000000,0.000000,0.000000,0.000000,0.250000,0.000000,0.000000,0.000000,0.000000,0.000000
1777213875.752624,0,0.000000,0.000000,0.000000,0.000000,0.150000,0.000000,0.000000,0.000000,0.000000,0.000000
1777213875.753147,0,0.000000,0.000000,0.000000,0.000000,0.330000,0.000000,0.000000,0.000000,0.150000,0.070000
1777213875.786690,0,0.000000,0.000000,0.000000,0.000000,0.200000,0.000000,0.000000,0.000000,0.000000,0.000000
1777213875.787213,0,0.000000,0.000000,0.000000,0.000000,0.090000,0.000000,0.000000,0.000000,0.000000,0.000000
1777213875.817033,0,0.000000,0.000000,0.000000,0.000000,0.690000,0.000000,0.000000,0.000000,0.000000,0.000000
1777213875.817568,0,0.000000,0.000000,0.000000,0.000000,0.510000,0.000000,0.000000,0.000000,0.000000,0.000000
1777213875.817959,0,0.000000,0.000000,0.000000,0.000000,0.680000,0.000000,0.000000,0.000000,0.150000,0.000000
1777213875.847829,0,0.000000,0.000000,0.000000,0.000000,0.150000,0.000000,0.000000,0.000000,0.150000,0.000000
1777213875.848551,0,0.000000,0.000000,0.000000,0.000000,0.250000,0.000000,0.000000,0.000000,0.150000,0.000000
1777213875.848993,0,0.000000,0.000000,0.000000,0.000000,1.000000,0.000000,0.000000,0.000000,0.150000,0.000000
1777213875.880864,0,0.000000,0.000000,0.000000,0.000000,0.570000,0.000000,0.000000,0.000000,0.000000,0.000000
1777213875.912922,0,0.000000,0.000000,0.000000,0.000000,0.300000,0.000000,0.000000,0.000000,0.150000,0.000000
1777213875.913642,0,0.000000,0.000000,0.000000,0.000000,1.000000,0.000000,0.000000,0.000000,0.000000,0.000000
1777213875.944861,0,0.000000,0.000000,0.000000,0.000000,1.000000,0.000000,0.000000,0.000000,0.150000,0.000000
1777213875.945440,0,0.000000,0.000000,0.000000,0.000000,1.000000,0.000000,0.000000,0.000000,0.000000,0.250000
1777213875.976285,0,0.000000,0.000000,0.000000,0.000000,1.000000,0.000000,0.000000,0.000000,0.000000,0.000000
1777213875.976778,0,0.000000,0.000000,0.000000,0.000000,0.150000,0.000000,0.000000,0.000000,0.000000,0.000000
1777213876.008221,0,0.000000,0.000000,0.000000,0.000000,0.250000,0.000000,0.000000,0.000000,0.000000,0.000000
1777213876.008713,0,0.000000,0.000000,0.000000,0.000000,0.600000,0.000000,0.000000,0.000000,0.150000,0.000000
1777213876.039225,0,0.000000,0.000000,0.000000,0.000000,0.000000,0.000000,0.000000,0.000000,0.300000,0.000000
1777213876.039719,0,0.000000,0.000000,0.000000,0.000000,1.000000,0.000000,0.000000,0.000000,0.000000,0.000000
1777213876.070601,0,0.000000,0.000000,0.000000,0.000000,0.360000,0.000000,0.000000,0.000000,0.000000,0.000000
1777213876.071115,0,0.000000,0.000000,0.000000,0.000000,0.890000,0.000000,0.000000,0.000000,0.150000,0.000000
1777213876.103915,0,0.000000,0.000000,0.000000,0.000000,0.090000,0.000000,0.000000,0.000000,0.150000,0.070000
1777213876.104482,0,0.000000,0.000000,0.000000,0.000000,0.440000,0.000000,0.000000,0.000000,0.000000,0.000000
1777213876.135212,0,0.000000,0.000000,0.000000,0.000000,1.000000,0.000000,0.000000,0.000000,0.000000,0.000000
1777213876.135776,0,0.000000,0.000000,0.000000,0.000000,1.000000,0.000000,0.000000,0.000000,0.000000,0.000000
1777213876.167737,0,0.000000,0.000000,0.000000,0.000000,0.280000,0.000000,0.000000,0.000000,0.000000,0.000000
1777213876.168295,0,0.000000,0.000000,0.000000,0.000000,0.400000,0.000000,0.000000,0.000000,0.000000,0.000000
1777213876.200299,0,0.000000,0.000000,0.000000,0.000000,0.000000,0.000000,0.000000,0.000000,0.300000,0.000000
1777213876.200817,0,0.000000,0.000000,0.000000,0.000000,1.000000,0.000000,0.000000,0.000000,0.150000,0.070000
1777213876.232028,0,0.000000,0.000000,0.000000,0.000000,0.200000,0.000000,0.000000,0.000000,0.150000,0.000000
1777213876.232535,0,0.000000,0.000000,0.000000,0.000000,0.090000,0.000000,0.000000,0.000000,0.150000,0.000000
1777213876.233156,0,0.000000,0.000000,0.000000,0.000000,1.000000,0.000000,0.000000,0.000000,0.000000,0.000000
1777213876.264580,0,0.000000,0.000000,0.000000,0.000000,0.360000,0.000000,0.000000,0.000000,0.000000,0.000000
1777213876.265131,0,0.000000,0.000000,0.000000,0.000000,0.570000,0.000000,0.000000,0.000000,0.000000,0.000000
1777213876.296490,0,0.000000,0.000000,0.000000,0.000000,0.680000,0.000000,0.000000,0.000000,0.000000,0.000000
1777213876.297000,0,0.000000,0.000000,0.000000,0.000000,0.000000,0.000000,0.000000,0.000000,0.300000,0.000000
1777213876.329064,0,0.000000,0.000000,0.000000,0.000000,0.000000,0.000000,0.000000,0.000000,0.300000,0.000000
1777213876.329577,0,0.000000,0.000000,0.000000,0.000000,1.000000,0.000000,0.000000,0.000000,0.000000,0.000000
1777213876.360984,0,0.000000,0.000000,0.000000,0.000000,1.000000,0.000000,0.000000,0.000000,0.000000,0.000000
1777213876.361488,0,0.000000,0.000000,0.000000,0.000000,0.370000,0.000000,0.000000,0.000000,0.000000,0.000000
1777213876.392358,0,0.000000,0.000000,0.000000,0.000000,0.140000,0.000000,0.000000,0.000000,0.150000,0.000000
1777213876.392866,0,0.000000,0.000000,0.000000,0.000000,0.760000,0.000000,0.000000,0.000000,0.150000,0.000000
1777213876.393250,0,0.000000,0.000000,0.000000,0.000000,0.090000,0.000000,0.000000,0.000000,0.150000,0.000000
1777213876.426378,0,0.000000,0.000000,0.000000,0.000000,1.000000,0.000000,0.000000,0.000000,0.000000,0.000000
1777213876.457603,0,0.000000,0.000000,0.000000,0.000000,0.180000,0.000000,0.000000,0.000000,0.000000,0.000000
1777213876.458101,0,0.000000,0.000000,0.000000,0.000000,0.200000,0.000000,0.000000,0.000000,0.000000,0.000000
1777213876.458581,0,0.000000,0.000000,0.000000,0.000000,0.000000,0.000000,0.000000,0.000000,0.300000,0.000000
1777213876.490815,0,0.000000,0.000000,0.000000,0.000000,0.200000,0.000000,0.000000,0.000000,0.300000,0.020000
1777213876.491364,0,0.000000,0.000000,0.000000,0.000000,0.000000,0.000000,0.000000,0.000000,0.300000,0.000000
1777213876.522575,0,0.000000,0.000000,0.000000,0.000000,0.000000,0.000000,0.000000,0.000000,0.300000,0.000000
1777213876.523072,0,0.000000,0.000000,0.000000,0.000000,1.000000,0.000000,0.000000,0.000000,0.000000,0.000000
1777213876.554072,0,0.000000,0.000000,0.000000,0.000000,1.000000,0.000000,0.000000,0.000000,0.150000,0.000000
1777213876.554569,0,0.000000,0.000000,0.000000,0.000000,0.400000,0.000000,0.000000,0.000000,0.150000,0.000000
1777213876.586386,0,0.000000,0.000000,0.000000,0.000000,0.000000,0.000000,0.000000,0.000000,0.300000,0.000000
1777213876.586946,0,0.000000,0.000000,0.000000,0.000000,1.000000,0.000000,0.000000,0.000000,0.150000,0.000000
1777213876.618874,0,0.000000,0.000000,0.000000,0.000000,0.460000,0.000000,0.000000,0.000000,0.000000,0.000000
1777213876.619399,0,0.000000,0.000000,0.000000,0.000000,0.630000,0.000000,0.000000,0.000000,0.000000,0.000000
1777213876.650030,0,0.000000,0.000000,0.000000,0.000000,0.200000,0.000000,0.000000,0.000000,0.000000,0.000000
1777213876.650524,0,0.000000,0.000000,0.000000,0.000000,0.310000,0.000000,0.000000,0.000000,0.150000,0.000000
1777213876.681412,0,0.000000,0.000000,0.000000,0.000000,0.280000,0.000000,0.000000,0.000000,0.000000,0.000000
1777213876.681915,0,0.000000,0.000000,0.000000,0.000000,0.000000,0.000000,0.000000,0.000000,0.300000,0.000000
1777213876.712756,0,0.000000,0.000000,0.000000,0.000000,0.110000,0.000000,0.000000,0.000000,0.150000,0.000000
1777213876.713279,0,0.000000,0.000000,0.000000,0.000000,0.110000,0.000000,0.000000,0.000000,0.600000,0.000000
1777213876.746651,0,0.000000,0.000000,0.000000,0.000000,0.280000,0.000000,0.000000,0.000000,0.000000,0.000000
1777213876.747344,0,0.000000,0.000000,0.000000,0.000000,0.000000,0.000000,0.000000,0.000000,0.300000,0.000000
1777213876.781067,0,0.000000,0.000000,0.000000,0.000000,1.000000,0.000000,0.000000,0.000000,0.150000,0.000000
1777213876.781558,0,0.000000,0.000000,0.000000,0.000000,0.400000,0.000000,0.000000,0.000000,0.000000,0.000000
1777213876.781957,0,0.000000,0.000000,0.000000,0.000000,1.000000,0.000000,0.000000,0.000000,0.000000,0.000000
1777213876.815804,0,0.000000,0.000000,0.000000,0.000000,0.500000,0.000000,0.000000,0.000000,0.300000,0.000000
1777213876.816433,0,0.000000,0.000000,0.000000,0.000000,1.000000,0.000000,0.000000,0.000000,0.000000,0.000000
1777213876.849011,0,0.000000,0.000000,0.000000,0.000000,1.000000,0.000000,0.000000,0.000000,0.150000,0.000000
1777213876.849651,0,0.000000,0.000000,0.000000,0.000000,0.500000,0.000000,0.000000,0.000000,0.000000,0.000000
1777213876.883282,0,0.000000,0.000000,0.000000,0.000000,1.000000,0.000000,0.000000,0.000000,0.000000,0.000000
1777213876.883932,0,0.000000,0.000000,0.000000,0.000000,0.000000,0.000000,0.000000,0.000000,0.440000,0.000000
1777213876.916839,0,0.000000,0.000000,0.000000,0.000000,0.000000,0.000000,0.000000,0.000000,0.300000,0.000000
1777213876.917343,0,0.000000,0.000000,0.000000,0.000000,0.400000,0.000000,0.000000,0.000000,0.150000,0.020000
1777213876.917835,0,0.000000,0.000000,0.000000,0.000000,1.000000,0.000000,0.000000,0.000000,0.000000,0.000000
1777213876.947897,0,0.000000,0.000000,0.000000,0.000000,1.000000,0.000000,0.000000,0.000000,0.000000,0.000000
1777213876.979060,0,0.000000,0.000000,0.000000,0.000000,1.000000,0.000000,0.000000,0.000000,0.150000,0.000000
1777213876.979568,0,0.000000,0.000000,0.000000,0.000000,1.000000,0.000000,0.000000,0.000000,0.150000,0.000000
1777213877.010232,0,0.000000,0.000000,0.000000,0.000000,0.500000,0.000000,0.000000,0.000000,0.000000,0.020000
1777213877.010845,0,0.000000,0.000000,0.000000,0.000000,1.000000,0.000000,0.000000,0.000000,0.000000,0.000000
1777213877.011394,0,0.000000,0.000000,0.000000,0.000000,1.000000,0.000000,0.000000,0.000000,0.000000,0.000000
1777213877.042920,0,0.000000,0.000000,0.000000,0.000000,1.000000,0.000000,0.000000,0.000000,0.150000,0.000000
1777213877.043668,0,0.000000,0.000000,0.000000,0.000000,0.230000,0.000000,0.000000,0.000000,0.150000,0.000000
1777213877.075931,0,0.000000,0.000000,0.000000,0.000000,1.000000,0.000000,0.000000,0.000000,0.150000,0.000000
1777213877.076418,0,0.000000,0.000000,0.000000,0.000000,0.230000,0.000000,0.000000,0.000000,0.000000,0.000000
1777213877.107092,0,0.000000,0.000000,0.000000,0.000000,0.000000,0.000000,0.000000,0.000000,0.440000,0.000000
1777213877.107620,0,0.000000,0.000000,0.000000,0.000000,0.680000,0.000000,0.000000,0.000000,0.000000,0.000000
1777213877.138502,0,0.000000,0.000000,0.000000,0.000000,0.180000,0.000000,0.000000,0.000000,0.000000,0.000000
1777213877.139052,0,0.000000,0.000000,0.000000,0.000000,1.000000,0.000000,0.000000,0.000000,0.000000,0.000000
1777213877.140221,0,0.000000,0.000000,0.000000,0.000000,0.270000,0.000000,0.000000,0.000000,0.150000,0.000000
1777213877.170113,0,0.000000,0.000000,0.000000,0.000000,0.000000,0.000000,0.000000,0.000000,0.600000,0.070000
1777213877.170881,0,0.000000,0.000000,0.000000,0.000000,0.000000,0.000000,0.000000,0.000000,0.600000,0.000000
1777213877.203764,0,0.000000,0.000000,0.000000,0.000000,0.250000,0.000000,0.000000,0.000000,0.000000,0.000000
1777213877.204326,0,0.000000,0.000000,0.000000,0.000000,1.000000,0.000000,0.000000,0.000000,0.000000,0.000000
1777213877.234111,0,0.000000,0.000000,0.000000,0.000000,0.000000,0.000000,0.000000,0.000000,0.440000,0.000000
1777213877.237428,0,0.000000,0.000000,0.000000,0.000000,0.620000,0.000000,0.000000,0.000000,0.000000,0.000000
1777213877.268419,0,0.000000,0.000000,0.000000,0.000000,1.000000,0.000000,0.000000,0.000000,0.150000,0.000000
1777213877.268955,0,0.000000,0.000000,0.000000,0.000000,0.000000,0.000000,0.000000,0.000000,0.300000,0.000000
1777213877.299375,0,0.000000,0.000000,0.000000,0.000000,1.000000,0.000000,0.000000,0.000000,0.150000,0.000000
1777213877.299896,0,0.000000,0.000000,0.000000,0.000000,0.400000,0.000000,0.000000,0.000000,0.000000,0.020000
1777213877.330833,0,0.000000,0.000000,0.000000,0.000000,0.330000,0.000000,0.000000,0.000000,0.300000,0.000000
1777213877.331324,0,0.000000,0.000000,0.000000,0.000000,0.180000,0.000000,0.000000,0.000000,0.150000,0.000000
1777213877.360355,0,0.000000,0.000000,0.000000,0.000000,0.500000,0.000000,0.000000,0.000000,0.150000,0.000000
1777213877.360865,0,0.000000,0.000000,0.000000,0.000000,0.550000,0.000000,0.000000,0.000000,0.000000,0.000000
1777213877.392499,0,0.000000,0.000000,0.000000,0.000000,1.000000,0.000000,0.000000,0.000000,0.000000,0.000000
1777213877.393037,0,0.000000,0.000000,0.000000,0.000000,0.550000,0.000000,0.000000,0.000000,0.000000,0.000000
1777213877.423627,0,0.000000,0.000000,0.000000,0.000000,0.890000,0.000000,0.000000,0.000000,0.300000,0.000000
1777213877.454994,0,0.000000,0.000000,0.000000,0.000000,0.200000,0.000000,0.000000,0.000000,0.150000,0.000000
1777213877.455494,0,0.000000,0.000000,0.000000,0.000000,0.400000,0.000000,0.000000,0.000000,0.150000,0.000000
1777213877.455885,0,0.000000,0.000000,0.000000,0.000000,1.000000,0.000000,0.000000,0.000000,0.000000,0.000000
1777213877.488006,0,0.000000,0.000000,0.000000,0.000000,0.000000,0.000000,0.000000,0.000000,0.300000,0.000000
1777213877.488542,0,0.000000,0.000000,0.000000,0.000000,0.930000,0.000000,0.000000,0.000000,0.150000,0.020000
1777213877.520787,0,0.000000,0.000000,0.000000,0.000000,0.610000,0.000000,0.000000,0.000000,0.000000,0.000000
1777213877.521301,0,0.000000,0.000000,0.000000,0.000000,0.500000,0.000000,0.000000,0.000000,0.000000,0.000000
1777213877.550945,0,0.000000,0.000000,0.000000,0.000000,1.000000,0.000000,0.000000,0.000000,0.000000,0.000000
1777213877.551466,0,0.000000,0.000000,0.000000,0.000000,0.200000,0.000000,0.000000,0.000000,0.150000,0.000000
1777213877.551973,0,0.000000,0.000000,0.000000,0.000000,0.000000,0.000000,0.000000,0.000000,0.300000,0.000000
1777213877.582659,0,0.000000,0.000000,0.000000,0.000000,0.500000,0.000000,0.000000,0.000000,0.000000,0.000000
1777213877.612588,0,0.000000,0.000000,0.000000,0.000000,1.000000,0.000000,0.000000,0.000000,0.000000,0.000000
1777213877.613112,0,0.000000,0.000000,0.000000,0.000000,1.000000,0.000000,0.000000,0.000000,0.150000,0.000000
1777213877.613526,0,0.000000,0.000000,0.000000,0.000000,0.890000,0.000000,0.000000,0.000000,0.000000,0.000000
1777213877.643145,0,0.000000,0.000000,0.000000,0.000000,0.300000,0.000000,0.000000,0.000000,0.150000,0.330000
1777213877.674067,0,0.000000,0.000000,0.000000,0.000000,0.000000,0.000000,0.000000,0.000000,0.300000,0.000000
1777213877.674699,0,0.000000,0.000000,0.000000,0.000000,1.000000,0.000000,0.000000,0.000000,0.150000,0.000000
1777213877.704876,0,0.000000,0.000000,0.000000,0.000000,0.750000,0.000000,0.000000,0.000000,0.150000,0.000000
1777213877.705521,0,0.000000,0.000000,0.000000,0.000000,0.540000,0.000000,0.000000,0.000000,0.150000,0.000000
1777213877.735914,0,0.000000,0.000000,0.000000,0.000000,1.000000,0.000000,0.000000,0.000000,0.150000,0.000000
1777213877.736598,0,0.000000,0.000000,0.000000,0.000000,0.360000,0.000000,0.000000,0.000000,0.150000,0.000000
1777213877.772816,0,0.000000,0.000000,0.000000,0.000000,1.000000,0.000000,0.000000,0.000000,0.000000,0.000000
1777213877.773319,0,0.000000,0.000000,0.000000,0.000000,0.680000,0.000000,0.000000,0.000000,0.150000,0.000000
1777213877.774285,0,0.000000,0.000000,0.000000,0.000000,0.300000,0.000000,0.000000,0.000000,0.000000,0.000000
1777213877.808480,0,0.000000,0.000000,0.000000,0.000000,1.000000,0.000000,0.000000,0.000000,0.000000,0.000000
1777213877.809002,0,0.000000,0.000000,0.000000,0.000000,1.000000,0.000000,0.000000,0.000000,0.150000,0.000000
1777213877.839756,0,0.000000,0.000000,0.000000,0.000000,0.170000,0.000000,0.000000,0.000000,0.000000,0.000000
1777213877.872348,0,0.000000,0.000000,0.000000,0.000000,0.680000,0.000000,0.000000,0.000000,0.000000,0.000000
1777213877.872848,0,0.000000,0.000000,0.000000,0.000000,1.000000,0.000000,0.000000,0.000000,0.000000,0.000000
1777213877.902554,0,0.000000,0.000000,0.000000,0.000000,0.120000,0.000000,0.000000,0.000000,0.000000,0.000000
1777213877.903210,0,0.000000,0.000000,0.000000,0.000000,0.050000,0.000000,0.000000,0.000000,0.000000,0.000000
1777213877.903761,0,0.000000,0.000000,0.000000,0.000000,0.070000,0.000000,0.000000,0.000000,0.150000,0.000000
1777213877.904988,0,0.000000,0.000000,0.000000,0.000000,0.000000,0.000000,0.000000,0.000000,0.300000,0.000000
1777213877.936195,0,0.000000,0.000000,0.000000,0.000000,0.870000,0.000000,0.000000,0.000000,0.000000,0.000000
1777213877.936680,0,0.000000,0.000000,0.000000,0.000000,1.000000,0.000000,0.000000,0.000000,0.000000,0.000000
1777213877.968480,0,0.000000,0.000000,0.000000,0.000000,0.400000,0.000000,0.000000,0.000000,0.300000,0.000000
1777213877.969040,0,0.000000,0.000000,0.000000,0.000000,1.000000,0.000000,0.000000,0.000000,0.000000,0.000000
1777213878.001339,0,0.000000,0.000000,0.000000,0.000000,1.000000,0.000000,0.000000,0.000000,0.150000,0.100000
1777213878.001927,0,0.000000,0.000000,0.000000,0.000000,0.050000,0.000000,0.000000,0.000000,0.150000,0.000000
1777213878.032936,0,0.000000,0.000000,0.000000,0.000000,0.340000,0.000000,0.000000,0.000000,0.150000,0.000000
1777213878.033459,0,0.000000,0.000000,0.000000,0.000000,1.000000,0.000000,0.000000,0.000000,0.000000,0.000000
1777213878.064703,0,0.000000,0.000000,0.000000,0.000000,0.200000,0.000000,0.000000,0.000000,0.000000,0.000000
1777213878.065301,0,0.000000,0.000000,0.000000,0.000000,0.000000,0.000000,0.000000,0.000000,0.440000,0.000000
1777213878.095781,0,0.000000,0.000000,0.000000,0.000000,0.370000,0.000000,0.000000,0.000000,0.000000,0.000000
1777213878.096312,0,0.000000,0.000000,0.000000,0.000000,0.000000,0.000000,0.000000,0.000000,0.300000,0.000000
1777213878.126965,0,0.000000,0.000000,0.000000,0.000000,0.000000,0.000000,0.000000,0.000000,0.300000,0.070000
1777213878.127490,0,0.000000,0.000000,0.000000,0.000000,1.000000,0.000000,0.000000,0.000000,0.000000,0.000000
1777213878.158045,0,0.000000,0.000000,0.000000,0.000000,0.750000,0.000000,0.000000,0.000000,0.000000,0.000000
1777213878.158625,0,0.000000,0.000000,0.000000,0.000000,1.000000,0.000000,0.000000,0.000000,0.000000,0.000000
1777213878.189329,0,0.000000,0.000000,0.000000,0.000000,0.250000,0.000000,0.000000,0.000000,0.000000,0.000000
1777213878.189843,0,0.000000,0.000000,0.000000,0.000000,0.070000,0.000000,0.000000,0.000000,0.150000,0.000000
1777213878.190332,0,0.000000,0.000000,0.000000,0.000000,0.090000,0.000000,0.000000,0.000000,0.000000,0.000000
1777213878.221254,0,0.000000,0.000000,0.000000,0.000000,0.830000,0.000000,0.000000,0.000000,0.000000,0.020000
1777213878.251946,0,0.000000,0.000000,0.000000,0.000000,0.000000,0.000000,0.000000,0.000000,0.300000,0.000000
1777213878.252561,0,0.000000,0.000000,0.000000,0.000000,1.000000,0.000000,0.000000,0.000000,0.000000,0.000000
1777213878.284413,0,0.000000,0.000000,0.000000,0.000000,0.000000,0.000000,0.000000,0.000000,0.440000,0.000000
1777213878.284921,0,0.000000,0.000000,0.000000,0.000000,0.070000,0.000000,0.000000,0.000000,0.300000,0.000000
1777213878.285326,0,0.000000,0.000000,0.000000,0.000000,0.730000,0.000000,0.000000,0.000000,0.150000,0.000000
1777213878.316381,0,0.000000,0.000000,0.000000,0.000000,0.000000,0.000000,0.000000,0.000000,0.300000,0.000000
1777213878.316881,0,0.000000,0.000000,0.000000,0.000000,1.000000,0.000000,0.000000,0.000000,0.000000,0.000000
1777213878.348050,0,0.000000,0.000000,0.000000,0.000000,0.510000,0.000000,0.000000,0.000000,0.150000,0.000000
1777213878.348543,0,0.000000,0.000000,0.000000,0.000000,1.000000,0.000000,0.000000,0.000000,0.150000,0.000000
1777213878.380194,0,0.000000,0.000000,0.000000,0.000000,0.030000,0.000000,0.000000,0.000000,0.000000,0.000000
1777213878.380731,0,0.000000,0.000000,0.000000,0.000000,0.800000,0.000000,0.000000,0.000000,0.000000,0.000000
1777213878.411919,0,0.000000,0.000000,0.000000,0.000000,0.030000,0.000000,0.000000,0.000000,0.150000,0.000000
1777213878.412443,0,0.000000,0.000000,0.000000,0.000000,0.500000,0.000000,0.000000,0.000000,0.000000,0.000000
1777213878.443829,0,0.000000,0.000000,0.000000,0.000000,1.000000,0.000000,0.000000,0.000000,0.150000,0.000000
1777213878.444323,0,0.000000,0.000000,0.000000,0.000000,0.000000,0.000000,0.000000,0.000000,0.300000,0.000000
1777213878.475935,0,0.000000,0.000000,0.000000,0.000000,0.930000,0.000000,0.000000,0.000000,0.000000,0.000000
1777213878.476448,0,0.000000,0.000000,0.000000,0.000000,0.100000,0.000000,0.000000,0.000000,0.150000,0.000000
1777213878.510044,0,0.000000,0.000000,0.000000,0.000000,0.370000,0.000000,0.000000,0.000000,0.000000,0.000000
1777213878.510559,0,0.000000,0.000000,0.000000,0.000000,1.000000,0.000000,0.000000,0.000000,0.000000,0.000000
1777213878.540752,0,0.000000,0.000000,0.000000,0.000000,0.100000,0.000000,0.000000,0.000000,0.000000,0.000000
1777213878.541256,0,0.000000,0.000000,0.000000,0.000000,0.930000,0.000000,0.000000,0.000000,0.000000,0.020000
1777213878.542131,0,0.000000,0.000000,0.000000,0.000000,1.000000,0.000000,0.000000,0.000000,0.150000,0.000000
1777213878.572458,0,0.000000,0.000000,0.000000,0.000000,0.050000,0.000000,0.000000,0.000000,0.000000,0.000000
1777213878.572953,0,0.000000,0.000000,0.000000,0.000000,0.100000,0.000000,0.000000,0.000000,0.000000,0.000000
1777213878.604307,0,0.000000,0.000000,0.000000,0.000000,0.850000,0.000000,0.000000,0.000000,0.000000,0.000000
1777213878.604855,0,0.000000,0.000000,0.000000,0.000000,1.000000,0.000000,0.000000,0.000000,0.150000,0.000000
1777213878.645174,0,0.000000,0.000000,0.000000,0.000000,1.000000,0.000000,0.000000,0.000000,0.000000,0.000000
1777213878.645753,0,0.000000,0.000000,0.000000,0.000000,0.200000,0.000000,0.000000,0.000000,0.000000,0.000000
1777213878.689320,0,0.000000,0.000000,0.000000,0.000000,0.200000,0.000000,0.000000,0.000000,0.000000,0.000000
1777213878.689880,0,0.000000,0.000000,0.000000,0.000000,0.250000,0.000000,0.000000,0.000000,0.000000,0.000000
1777213878.690589,0,0.000000,0.000000,0.000000,0.000000,0.180000,0.000000,0.000000,0.000000,0.000000,0.000000
1777213878.737331,0,0.000000,0.000000,0.000000,0.000000,1.000000,0.000000,0.000000,0.000000,0.150000,0.000000
1777213878.738108,0,0.000000,0.000000,0.000000,0.000000,1.000000,0.000000,0.000000,0.000000,0.150000,0.000000
1777213878.738833,0,0.000000,0.000000,0.000000,0.000000,0.180000,0.000000,0.000000,0.000000,0.000000,0.000000
1777213878.784974,0,0.000000,0.000000,0.000000,0.000000,0.440000,0.000000,0.000000,0.000000,0.150000,0.000000
1777213878.785499,0,0.000000,0.000000,0.000000,0.000000,0.250000,0.000000,0.000000,0.000000,0.000000,0.050000
1777213878.832608,0,0.000000,0.000000,0.000000,0.000000,0.180000,0.000000,0.000000,0.000000,0.300000,0.000000
1777213878.833709,0,0.000000,0.000000,0.000000,0.000000,1.000000,0.000000,0.000000,0.000000,0.150000,0.000000
1777213878.834193,0,0.000000,0.000000,0.000000,0.000000,0.150000,0.000000,0.000000,0.000000,0.000000,0.000000
1777213878.880405,0,0.000000,0.000000,0.000000,0.000000,0.280000,0.000000,0.000000,0.000000,0.150000,0.000000
1777213878.880933,0,0.000000,0.000000,0.000000,0.000000,0.000000,0.000000,0.000000,0.000000,0.300000,0.000000
1777213878.881331,0,0.000000,0.000000,0.000000,0.000000,1.000000,0.000000,0.000000,0.000000,0.000000,0.000000
1777213878.881849,0,0.000000,0.000000,0.000000,0.000000,1.000000,0.000000,0.000000,0.000000,0.000000,0.000000
1777213878.923874,0,0.000000,0.000000,0.000000,0.000000,0.280000,0.000000,0.000000,0.000000,0.000000,0.000000
1777213878.924403,0,0.000000,0.000000,0.000000,0.000000,0.000000,0.000000,0.000000,0.000000,0.300000,0.000000
1777213878.924938,0,0.000000,0.000000,0.000000,0.000000,1.000000,0.000000,0.000000,0.000000,0.000000,0.000000
1777213878.965410,0,0.000000,0.000000,0.000000,0.000000,0.000000,0.000000,0.000000,0.000000,0.300000,0.000000
1777213878.965961,0,0.000000,0.000000,0.000000,0.000000,0.370000,0.000000,0.000000,0.000000,0.000000,0.020000
1777213879.004101,0,0.000000,0.000000,0.000000,0.000000,0.760000,0.000000,0.000000,0.000000,0.000000,0.000000
1777213879.004840,0,0.000000,0.000000,0.000000,0.000000,0.460000,0.000000,0.000000,0.000000,0.150000,0.000000
1777213879.005277,0,0.000000,0.000000,0.000000,0.000000,0.360000,0.000000,0.000000,0.000000,0.150000,0.000000
1777213879.047661,0,0.000000,0.000000,0.000000,0.000000,1.000000,0.000000,0.000000,0.000000,0.150000,0.000000
1777213879.048173,0,0.000000,0.000000,0.000000,0.000000,1.000000,0.000000,0.000000,0.000000,0.000000,0.000000
1777213879.048570,0,0.000000,0.000000,0.000000,0.000000,0.000000,0.000000,0.000000,0.000000,0.300000,0.000000
1777213879.092530,0,0.000000,0.000000,0.000000,0.000000,0.430000,0.000000,0.000000,0.000000,0.000000,0.000000
1777213879.093081,0,0.000000,0.000000,0.000000,0.000000,0.330000,0.000000,0.000000,0.000000,0.000000,0.000000
1777213879.094006,0,0.000000,0.000000,0.000000,0.000000,0.000000,0.000000,0.000000,0.000000,0.440000,0.000000
1777213879.130669,0,0.000000,0.000000,0.000000,0.000000,1.000000,0.000000,0.000000,0.000000,0.000000,0.000000
1777213879.131176,0,0.000000,0.000000,0.000000,0.000000,0.000000,0.000000,0.000000,0.000000,0.300000,0.000000
1777213879.131573,0,0.000000,0.000000,0.000000,0.000000,0.000000,0.000000,0.000000,0.000000,0.300000,0.000000
1777213879.171732,0,0.000000,0.000000,0.000000,0.000000,0.100000,0.000000,0.000000,0.000000,0.000000,0.000000
1777213879.172965,0,0.000000,0.000000,0.000000,0.000000,1.000000,0.000000,0.000000,0.000000,0.150000,0.000000
1777213879.216376,0,0.000000,0.000000,0.000000,0.000000,0.000000,0.000000,0.000000,0.000000,0.300000,0.000000
1777213879.216957,0,0.000000,0.000000,0.000000,0.000000,1.000000,0.000000,0.000000,0.000000,0.150000,0.000000
1777213879.217502,0,0.000000,0.000000,0.000000,0.000000,0.210000,0.000000,0.000000,0.000000,0.000000,0.000000
1777213879.260688,0,0.000000,0.000000,0.000000,0.000000,0.600000,0.000000,0.000000,0.000000,0.150000,0.000000
1777213879.261227,0,0.000000,0.000000,0.000000,0.000000,1.000000,0.000000,0.000000,0.000000,0.000000,0.000000
1777213879.302420,0,0.000000,0.000000,0.000000,0.000000,0.690000,0.000000,0.000000,0.000000,0.000000,0.000000
1777213879.302961,0,0.000000,0.000000,0.000000,0.000000,0.330000,0.000000,0.000000,0.000000,0.150000,0.000000
1777213879.303377,0,0.000000,0.000000,0.000000,0.000000,0.200000,0.000000,0.000000,0.000000,0.000000,0.000000
1777213879.303998,0,0.000000,0.000000,0.000000,0.000000,0.000000,0.000000,0.000000,0.000000,0.300000,0.020000
1777213879.341079,0,0.000000,0.000000,0.000000,0.000000,0.110000,0.000000,0.000000,0.000000,0.000000,0.000000
1777213879.341597,0,0.000000,0.000000,0.000000,0.000000,0.430000,0.000000,0.000000,0.000000,0.000000,0.000000
1777213879.383352,0,0.000000,0.000000,0.000000,0.000000,0.330000,0.000000,0.000000,0.000000,0.000000,0.050000
1777213879.384772,0,0.000000,0.000000,0.000000,0.000000,0.000000,0.000000,0.000000,0.000000,0.300000,0.000000
1777213879.385839,0,0.000000,0.000000,0.000000,0.000000,1.000000,0.000000,0.000000,0.000000,0.000000,0.000000
1777213879.425989,0,0.000000,0.000000,0.000000,0.000000,0.200000,0.000000,0.000000,0.000000,0.000000,0.000000
1777213879.426528,0,0.000000,0.000000,0.000000,0.000000,0.090000,0.000000,0.000000,0.000000,0.300000,0.000000
1777213879.426955,0,0.000000,0.000000,0.000000,0.000000,0.000000,0.000000,0.000000,0.000000,0.300000,0.000000
1777213879.467205,0,0.000000,0.000000,0.000000,0.000000,1.000000,0.000000,0.000000,0.000000,0.000000,0.000000
1777213879.467715,0,0.000000,0.000000,0.000000,0.000000,1.000000,0.000000,0.000000,0.000000,0.000000,0.000000
1777213879.512279,0,0.000000,0.000000,0.000000,0.000000,1.000000,0.000000,0.000000,0.000000,0.000000,0.000000
1777213879.512796,0,0.000000,0.000000,0.000000,0.000000,0.540000,0.000000,0.000000,0.000000,0.150000,0.000000
1777213879.555414,0,0.000000,0.000000,0.000000,0.000000,1.000000,0.000000,0.000000,0.000000,0.150000,0.000000
1777213879.556690,0,0.000000,0.000000,0.000000,0.000000,0.000000,0.000000,0.000000,0.000000,0.300000,0.000000
1777213879.557634,0,0.000000,0.000000,0.000000,0.000000,0.430000,0.000000,0.000000,0.000000,0.000000,0.000000
1777213879.558593,0,0.000000,0.000000,0.000000,0.000000,0.370000,0.000000,0.000000,0.000000,0.000000,0.000000
1777213879.599798,0,0.000000,0.000000,0.000000,0.000000,1.000000,0.000000,0.000000,0.000000,0.000000,0.000000
1777213879.600515,0,0.000000,0.000000,0.000000,0.000000,0.280000,0.000000,0.000000,0.000000,0.300000,0.000000
1777213879.601315,0,0.000000,0.000000,0.000000,0.000000,0.550000,0.000000,0.000000,0.000000,0.150000,0.000000
1777213879.641037,0,0.000000,0.000000,0.000000,0.000000,0.150000,0.000000,0.000000,0.000000,0.150000,0.000000
1777213879.641626,0,0.000000,0.000000,0.000000,0.000000,0.000000,0.000000,0.000000,0.000000,0.300000,0.000000
1777213879.642030,0,0.000000,0.000000,0.000000,0.000000,0.930000,0.000000,0.000000,0.000000,0.150000,0.000000
1777213879.684552,0,0.000000,0.000000,0.000000,0.000000,0.360000,0.000000,0.000000,0.000000,0.000000,0.000000
1777213879.685102,0,0.000000,0.000000,0.000000,0.000000,1.000000,0.000000,0.000000,0.000000,0.000000,0.000000
1777213879.725798,0,0.000000,0.000000,0.000000,0.000000,0.300000,0.000000,0.000000,0.000000,0.150000,0.000000
1777213879.726355,0,0.000000,0.000000,0.000000,0.000000,0.000000,0.000000,0.000000,0.000000,0.300000,0.000000
1777213879.726775,0,0.000000,0.000000,0.000000,0.000000,0.930000,0.000000,0.000000,0.000000,0.150000,0.000000
1777213879.727491,0,0.000000,0.000000,0.000000,0.000000,0.070000,0.000000,0.000000,0.000000,0.150000,0.000000
1777213879.769584,0,0.000000,0.000000,0.000000,0.000000,1.000000,0.000000,0.000000,0.000000,0.000000,0.000000
1777213879.770097,0,0.000000,0.000000,0.000000,0.000000,0.210000,0.000000,0.000000,0.000000,0.000000,0.000000
1777213879.817583,0,0.000000,0.000000,0.000000,0.000000,0.000000,0.000000,0.000000,0.000000,0.440000,0.000000
1777213879.818767,0,0.000000,0.000000,0.000000,0.000000,0.090000,0.000000,0.000000,0.000000,0.150000,0.000000
1777213879.819757,0,0.000000,0.000000,0.000000,0.000000,0.100000,0.000000,0.000000,0.000000,0.150000,0.000000
1777213879.865360,0,0.000000,0.000000,0.000000,0.000000,0.280000,0.000000,0.000000,0.000000,0.300000,0.000000
1777213879.865973,0,0.000000,0.000000,0.000000,0.000000,0.330000,0.000000,0.000000,0.000000,0.150000,0.000000
1777213879.866382,0,0.000000,0.000000,0.000000,0.000000,0.000000,0.000000,0.000000,0.000000,0.300000,0.000000
1777213879.906800,0,0.000000,0.000000,0.000000,0.000000,0.250000,0.000000,0.000000,0.000000,0.600000,0.000000
1777213879.907543,0,0.000000,0.000000,0.000000,0.000000,1.000000,0.000000,0.000000,0.000000,0.000000,0.000000
1777213879.908084,0,0.000000,0.000000,0.000000,0.000000,1.000000,0.000000,0.000000,0.000000,0.000000,0.000000
1777213879.951557,0,0.000000,0.000000,0.000000,0.000000,0.300000,0.000000,0.000000,0.000000,0.150000,0.000000
1777213879.952410,0,0.000000,0.000000,0.000000,0.000000,0.000000,0.000000,0.000000,0.000000,0.300000,0.000000
1777213879.952977,0,0.000000,0.000000,0.000000,0.000000,0.570000,0.000000,0.000000,0.000000,0.000000,0.000000
1777213879.995394,0,0.000000,0.000000,0.000000,0.000000,0.400000,0.000000,0.000000,0.000000,0.000000,0.000000
1777213879.996533,0,0.000000,0.000000,0.000000,0.000000,0.140000,0.000000,0.000000,0.000000,0.150000,0.050000
1777213879.997223,0,0.000000,0.000000,0.000000,0.000000,1.000000,0.000000,0.000000,0.000000,0.150000,0.000000
1777213880.038340,0,0.000000,0.000000,0.000000,0.000000,1.000000,0.000000,0.000000,0.000000,0.150000,0.000000
1777213880.038863,0,0.000000,0.000000,0.000000,0.000000,0.280000,0.000000,0.000000,0.000000,0.000000,0.000000
1777213880.039250,0,0.000000,0.000000,0.000000,0.000000,1.000000,0.000000,0.000000,0.000000,0.000000,0.360000
1777213880.080348,0,0.000000,0.000000,0.000000,0.000000,0.360000,0.000000,0.000000,0.000000,0.000000,0.000000
1777213880.080904,0,0.000000,0.000000,0.000000,0.000000,1.000000,0.000000,0.000000,0.000000,0.000000,0.000000
1777213880.122739,0,0.000000,0.000000,0.000000,0.000000,0.460000,0.000000,0.000000,0.000000,0.000000,0.000000
1777213880.123353,0,0.000000,0.000000,0.000000,0.000000,1.000000,0.000000,0.000000,0.000000,0.000000,0.000000
1777213880.123770,0,0.000000,0.000000,0.000000,0.000000,0.120000,0.000000,0.000000,0.000000,0.300000,0.000000
1777213880.162273,0,0.000000,0.000000,0.000000,0.000000,0.860000,0.000000,0.000000,0.000000,0.150000,0.280000
1777213880.162777,0,0.000000,0.000000,0.000000,0.000000,0.230000,0.000000,0.000000,0.000000,0.000000,0.000000
1777213880.204437,0,0.000000,0.000000,0.000000,0.000000,0.110000,0.000000,0.000000,0.000000,0.300000,0.000000
1777213880.205009,0,0.000000,0.000000,0.000000,0.000000,0.360000,0.000000,0.000000,0.000000,0.000000,0.000000
1777213880.205420,0,0.000000,0.000000,0.000000,0.000000,1.000000,0.000000,0.000000,0.000000,0.000000,0.000000
1777213880.250947,0,0.000000,0.000000,0.000000,0.000000,0.360000,0.000000,0.000000,0.000000,0.000000,0.000000
1777213880.251477,0,0.000000,0.000000,0.000000,0.000000,0.410000,0.000000,0.000000,0.000000,0.150000,0.000000
1777213880.251892,0,0.000000,0.000000,0.000000,0.000000,0.000000,0.000000,0.000000,0.000000,0.300000,0.000000
1777213880.294148,0,0.000000,0.000000,0.000000,0.000000,0.410000,0.000000,0.000000,0.000000,0.000000,0.000000
1777213880.294657,0,0.000000,0.000000,0.000000,0.000000,0.400000,0.000000,0.000000,0.000000,0.000000,0.000000
1777213880.295044,0,0.000000,0.000000,0.000000,0.000000,0.000000,0.000000,0.000000,0.000000,0.300000,0.000000
1777213880.337743,0,0.000000,0.000000,0.000000,0.000000,1.000000,0.000000,0.000000,0.000000,0.000000,0.000000
1777213880.338301,0,0.000000,0.000000,0.000000,0.000000,1.000000,0.000000,0.000000,0.000000,0.000000,0.000000
1777213880.338711,0,0.000000,0.000000,0.000000,0.000000,0.750000,0.000000,0.000000,0.000000,0.150000,0.000000
1777213880.377780,0,0.000000,0.000000,0.000000,0.000000,1.000000,0.000000,0.000000,0.000000,0.150000,0.000000
1777213880.378299,0,0.000000,0.000000,0.000000,0.000000,0.100000,0.000000,0.000000,0.000000,0.150000,0.000000
1777213880.379126,0,0.000000,0.000000,0.000000,0.000000,1.000000,0.000000,0.000000,0.000000,0.150000,0.000000
1777213880.422543,0,0.000000,0.000000,0.000000,0.000000,1.000000,0.000000,0.000000,0.000000,0.000000,0.000000
1777213880.423270,0,0.000000,0.000000,0.000000,0.000000,1.000000,0.000000,0.000000,0.000000,0.150000,0.000000
1777213880.423832,0,0.000000,0.000000,0.000000,0.000000,1.000000,0.000000,0.000000,0.000000,0.000000,0.000000
1777213880.468137,0,0.000000,0.000000,0.000000,0.000000,0.330000,0.000000,0.000000,0.000000,0.150000,0.020000
1777213880.469204,0,0.000000,0.000000,0.000000,0.000000,1.000000,0.000000,0.000000,0.000000,0.000000,0.000000
1777213880.510612,0,0.000000,0.000000,0.000000,0.000000,0.280000,0.000000,0.000000,0.000000,0.000000,0.000000
1777213880.511311,0,0.000000,0.000000,0.000000,0.000000,0.000000,0.000000,0.000000,0.000000,0.300000,0.000000
1777213880.511790,0,0.000000,0.000000,0.000000,0.000000,1.000000,0.000000,0.000000,0.000000,0.150000,0.000000
1777213880.512520,0,0.000000,0.000000,0.000000,0.000000,1.000000,0.000000,0.000000,0.000000,0.150000,0.000000
1777213880.553702,0,0.000000,0.000000,0.000000,0.000000,0.760000,0.000000,0.000000,0.000000,0.000000,0.000000
1777213880.554766,0,0.000000,0.000000,0.000000,0.000000,1.000000,0.000000,0.000000,0.000000,0.150000,0.000000
1777213880.555916,0,0.000000,0.000000,0.000000,0.000000,1.000000,0.000000,0.000000,0.000000,0.150000,0.000000
1777213880.595726,0,0.000000,0.000000,0.000000,0.000000,0.550000,0.000000,0.000000,0.000000,0.000000,0.000000
1777213880.596222,0,0.000000,0.000000,0.000000,0.000000,1.000000,0.000000,0.000000,0.000000,0.150000,0.000000
1777213880.639796,0,0.000000,0.000000,0.000000,0.000000,1.000000,0.000000,0.000000,0.000000,0.000000,0.000000
1777213880.640304,0,0.000000,0.000000,0.000000,0.000000,0.760000,0.000000,0.000000,0.000000,0.150000,0.000000
1777213880.641072,0,0.000000,0.000000,0.000000,0.000000,1.000000,0.000000,0.000000,0.000000,0.000000,0.000000
1777213880.681687,0,0.000000,0.000000,0.000000,0.000000,0.870000,0.000000,0.000000,0.000000,0.000000,0.000000
1777213880.682195,0,0.000000,0.000000,0.000000,0.000000,0.150000,0.000000,0.000000,0.000000,0.300000,0.000000
1777213880.683419,0,0.000000,0.000000,0.000000,0.000000,0.000000,0.000000,0.000000,0.000000,0.600000,0.000000
1777213880.722924,0,0.000000,0.000000,0.000000,0.000000,0.070000,0.000000,0.000000,0.000000,0.000000,0.000000
1777213880.723416,0,0.000000,0.000000,0.000000,0.000000,0.210000,0.000000,0.000000,0.000000,0.000000,0.000000
1777213880.764029,0,0.000000,0.000000,0.000000,0.000000,1.000000,0.000000,0.000000,0.000000,0.150000,0.000000
1777213880.764612,0,0.000000,0.000000,0.000000,0.000000,0.430000,0.000000,0.000000,0.000000,0.000000,0.360000
1777213880.765088,0,0.000000,0.000000,0.000000,0.000000,0.300000,0.000000,0.000000,0.000000,0.300000,0.000000
1777213880.819732,0,0.000000,0.000000,0.000000,0.000000,0.440000,0.000000,0.000000,0.000000,0.000000,0.000000
1777213880.820257,0,0.000000,0.000000,0.000000,0.000000,0.500000,0.000000,0.000000,0.000000,0.000000,0.000000
1777213880.820678,0,0.000000,0.000000,0.000000,0.000000,1.000000,0.000000,0.000000,0.000000,0.150000,0.000000
1777213880.871028,0,0.000000,0.000000,0.000000,0.000000,0.340000,0.000000,0.000000,0.000000,0.000000,0.000000
1777213880.871572,0,0.000000,0.000000,0.000000,0.000000,0.000000,0.000000,0.000000,0.000000,0.300000,0.000000
1777213880.871972,0,0.000000,0.000000,0.000000,0.000000,0.120000,0.000000,0.000000,0.000000,0.000000,0.000000
1777213880.872663,0,0.000000,0.000000,0.000000,0.000000,0.210000,0.000000,0.000000,0.000000,0.150000,0.000000
1777213880.914472,0,0.000000,0.000000,0.000000,0.000000,0.660000,0.000000,0.000000,0.000000,0.000000,0.000000
1777213880.915551,0,0.000000,0.000000,0.000000,0.000000,1.000000,0.000000,0.000000,0.000000,0.000000,0.000000
1777213880.916059,0,0.000000,0.000000,0.000000,0.000000,0.370000,0.000000,0.000000,0.000000,0.000000,0.000000
1777213880.953881,0,0.000000,0.000000,0.000000,0.000000,0.870000,0.000000,0.000000,0.000000,0.000000,0.000000
1777213880.954403,0,0.000000,0.000000,0.000000,0.000000,0.800000,0.000000,0.000000,0.000000,0.000000,0.000000
1777213880.955066,0,0.000000,0.000000,0.000000,0.000000,0.150000,0.000000,0.000000,0.000000,0.000000,0.000000
1777213880.995838,0,0.000000,0.000000,0.000000,0.000000,1.000000,0.000000,0.000000,0.000000,0.000000,0.000000
1777213880.996336,0,0.000000,0.000000,0.000000,0.000000,0.770000,0.000000,0.000000,0.000000,0.000000,0.000000
1777213880.997383,0,0.000000,0.000000,0.000000,0.000000,0.170000,0.000000,0.000000,0.000000,0.300000,0.000000
1777213881.041106,0,0.000000,0.000000,0.000000,0.000000,0.000000,0.000000,0.000000,0.000000,0.300000,0.000000
1777213881.041709,0,0.000000,0.000000,0.000000,0.000000,0.000000,0.000000,0.000000,0.000000,0.300000,0.000000
1777213881.083894,0,0.000000,0.000000,0.000000,0.000000,0.000000,0.000000,0.000000,0.000000,0.300000,0.000000
1777213881.084433,0,0.000000,0.000000,0.000000,0.000000,0.000000,0.000000,0.000000,0.000000,0.300000,0.020000
1777213881.128686,0,0.000000,0.000000,0.000000,0.000000,1.000000,0.000000,0.000000,0.000000,0.150000,0.000000
1777213881.129633,0,0.000000,0.000000,0.000000,0.000000,1.000000,0.000000,0.000000,0.000000,0.150000,0.000000
1777213881.130735,0,0.000000,0.000000,0.000000,0.000000,0.370000,0.000000,0.000000,0.000000,0.000000,0.000000
1777213881.131636,0,0.000000,0.000000,0.000000,0.000000,0.300000,0.000000,0.000000,0.000000,0.000000,0.000000
1777213881.172089,0,0.000000,0.000000,0.000000,0.000000,0.000000,0.000000,0.000000,0.000000,0.300000,0.000000
1777213881.172596,0,0.000000,0.000000,0.000000,0.000000,0.000000,0.000000,0.000000,0.000000,0.440000,0.000000
1777213881.172996,0,0.000000,0.000000,0.000000,0.000000,0.810000,0.000000,0.000000,0.000000,0.000000,0.000000
1777213881.213306,0,0.000000,0.000000,0.000000,0.000000,0.360000,0.000000,0.000000,0.000000,0.150000,0.000000
1777213881.213807,0,0.000000,0.000000,0.000000,0.000000,1.000000,0.000000,0.000000,0.000000,0.150000,0.000000
1777213881.214283,0,0.000000,0.000000,0.000000,0.000000,0.360000,0.000000,0.000000,0.000000,0.440000,0.000000
1777213881.258939,0,0.000000,0.000000,0.000000,0.000000,0.070000,0.000000,0.000000,0.000000,0.150000,0.000000
1777213881.259467,0,0.000000,0.000000,0.000000,0.000000,0.030000,0.000000,0.000000,0.000000,0.000000,0.000000
1777213881.259863,0,0.000000,0.000000,0.000000,0.000000,0.000000,0.000000,0.000000,0.000000,0.440000,0.000000
1777213881.305803,0,0.000000,0.000000,0.000000,0.000000,0.430000,0.000000,0.000000,0.000000,0.000000,0.000000
1777213881.306924,0,0.000000,0.000000,0.000000,0.000000,0.800000,0.000000,0.000000,0.000000,0.000000,0.000000
1777213881.347508,0,0.000000,0.000000,0.000000,0.000000,1.000000,0.000000,0.000000,0.000000,0.000000,0.000000
1777213881.348304,0,0.000000,0.000000,0.000000,0.000000,0.000000,0.000000,0.000000,0.000000,0.600000,0.000000
1777213881.348912,0,0.000000,0.000000,0.000000,0.000000,1.000000,0.000000,0.000000,0.000000,0.150000,0.000000
1777213881.350357,0,0.000000,0.000000,0.000000,0.000000,1.000000,0.000000,0.000000,0.000000,0.000000,0.000000
1777213881.391947,0,0.000000,0.000000,0.000000,0.000000,1.000000,0.000000,0.000000,0.000000,0.000000,0.000000
1777213881.392493,0,0.000000,0.000000,0.000000,0.000000,0.000000,0.000000,0.000000,0.000000,0.440000,0.000000
1777213881.392909,0,0.000000,0.000000,0.000000,0.000000,0.550000,0.000000,0.000000,0.000000,0.300000,0.000000
1777213881.433976,0,0.000000,0.000000,0.000000,0.000000,0.150000,0.000000,0.000000,0.000000,0.000000,0.000000
1777213881.434506,0,0.000000,0.000000,0.000000,0.000000,1.000000,0.000000,0.000000,0.000000,0.150000,0.000000
1777213881.475202,0,0.000000,0.000000,0.000000,0.000000,0.270000,0.000000,0.000000,0.000000,0.150000,0.000000
1777213881.475701,0,0.000000,0.000000,0.000000,0.000000,0.140000,0.000000,0.000000,0.000000,0.150000,0.000000
1777213881.476739,0,0.000000,0.000000,0.000000,0.000000,0.000000,0.000000,0.000000,0.000000,0.300000,0.000000
1777213881.519928,0,0.000000,0.000000,0.000000,0.000000,0.000000,0.000000,0.000000,0.000000,0.300000,0.000000
1777213881.520468,0,0.000000,0.000000,0.000000,0.000000,1.000000,0.000000,0.000000,0.000000,0.000000,0.000000
1777213881.565526,0,0.000000,0.000000,0.000000,0.000000,0.370000,0.000000,0.000000,0.000000,0.150000,0.020000
1777213881.566025,0,0.000000,0.000000,0.000000,0.000000,0.100000,0.000000,0.000000,0.000000,0.150000,0.000000
1777213881.566411,0,0.000000,0.000000,0.000000,0.000000,0.850000,0.000000,0.000000,0.000000,0.000000,0.000000
1777213881.608483,0,0.000000,0.000000,0.000000,0.000000,0.300000,0.000000,0.000000,0.000000,0.000000,0.020000
1777213881.609026,0,0.000000,0.000000,0.000000,0.000000,0.410000,0.000000,0.000000,0.000000,0.000000,0.000000
1777213881.609643,0,0.000000,0.000000,0.000000,0.000000,0.200000,0.000000,0.000000,0.000000,0.150000,0.000000
1777213881.654309,0,0.000000,0.000000,0.000000,0.000000,0.100000,0.000000,0.000000,0.000000,0.000000,0.000000
1777213881.654856,0,0.000000,0.000000,0.000000,0.000000,0.000000,0.000000,0.000000,0.000000,0.300000,0.000000
1777213881.655250,0,0.000000,0.000000,0.000000,0.000000,0.000000,0.000000,0.000000,0.000000,0.300000,0.000000
1777213881.699258,0,0.000000,0.000000,0.000000,0.000000,0.150000,0.000000,0.000000,0.000000,0.000000,0.000000
1777213881.699771,0,0.000000,0.000000,0.000000,0.000000,0.140000,0.000000,0.000000,0.000000,0.150000,0.000000
1777213881.741272,0,0.000000,0.000000,0.000000,0.000000,0.300000,0.000000,0.000000,0.000000,0.000000,0.000000
1777213881.741847,0,0.000000,0.000000,0.000000,0.000000,0.460000,0.000000,0.000000,0.000000,0.000000,0.000000
1777213881.742263,0,0.000000,0.000000,0.000000,0.000000,0.200000,0.000000,0.000000,0.000000,0.150000,0.000000
1777213881.742638,0,0.000000,0.000000,0.000000,0.000000,1.000000,0.000000,0.000000,0.000000,0.000000,0.020000
1777213881.786767,0,0.000000,0.000000,0.000000,0.000000,1.000000,0.000000,0.000000,0.000000,0.000000,0.000000
1777213881.787320,0,0.000000,0.000000,0.000000,0.000000,0.630000,0.000000,0.000000,0.000000,0.000000,0.000000
1777213881.787735,0,0.000000,0.000000,0.000000,0.000000,1.000000,0.000000,0.000000,0.000000,0.000000,0.000000
1777213881.833651,0,0.000000,0.000000,0.000000,0.000000,0.000000,0.000000,0.000000,0.000000,0.300000,0.000000
1777213881.834198,0,0.000000,0.000000,0.000000,0.000000,0.340000,0.000000,0.000000,0.000000,0.000000,0.000000
1777213881.835381,0,0.000000,0.000000,0.000000,0.000000,0.830000,0.000000,0.000000,0.000000,0.000000,0.020000
1777213881.874580,0,0.000000,0.000000,0.000000,0.000000,1.000000,0.000000,0.000000,0.000000,0.000000,0.000000
1777213881.875074,0,0.000000,0.000000,0.000000,0.000000,0.370000,0.000000,0.000000,0.000000,0.000000,0.000000
1777213881.875579,0,0.000000,0.000000,0.000000,0.000000,0.550000,0.000000,0.000000,0.000000,0.150000,0.000000
1777213881.916492,0,0.000000,0.000000,0.000000,0.000000,0.360000,0.000000,0.000000,0.000000,0.000000,0.000000
1777213881.916991,0,0.000000,0.000000,0.000000,0.000000,0.340000,0.000000,0.000000,0.000000,0.000000,0.000000
1777213881.917388,0,0.000000,0.000000,0.000000,0.000000,0.110000,0.000000,0.000000,0.000000,0.000000,0.000000
1777213881.959569,0,0.000000,0.000000,0.000000,0.000000,1.000000,0.000000,0.000000,0.000000,0.150000,0.000000
1777213881.960080,0,0.000000,0.000000,0.000000,0.000000,0.110000,0.000000,0.000000,0.000000,0.000000,0.000000
1777213882.002354,0,0.000000,0.000000,0.000000,0.000000,0.250000,0.000000,0.000000,0.000000,0.000000,0.000000
1777213882.002857,0,0.000000,0.000000,0.000000,0.000000,0.430000,0.000000,0.000000,0.000000,0.150000,0.000000
1777213882.003256,0,0.000000,0.000000,0.000000,0.000000,0.180000,0.000000,0.000000,0.000000,0.000000,0.000000
1777213882.045581,0,0.000000,0.000000,0.000000,0.000000,0.250000,0.000000,0.000000,0.000000,0.150000,0.000000
1777213882.046096,0,0.000000,0.000000,0.000000,0.000000,1.000000,0.000000,0.000000,0.000000,0.150000,0.000000
1777213882.086730,0,0.000000,0.000000,0.000000,0.000000,1.000000,0.000000,0.000000,0.000000,0.000000,0.000000
1777213882.087307,0,0.000000,0.000000,0.000000,0.000000,0.660000,0.000000,0.000000,0.000000,0.150000,0.000000
1777213882.087713,0,0.000000,0.000000,0.000000,0.000000,0.180000,0.000000,0.000000,0.000000,0.000000,0.000000
1777213882.088116,0,0.000000,0.000000,0.000000,0.000000,0.690000,0.000000,0.000000,0.000000,0.150000,0.000000
1777213882.131104,0,0.000000,0.000000,0.000000,0.000000,0.620000,0.000000,0.000000,0.000000,0.000000,0.000000
1777213882.132095,0,0.000000,0.000000,0.000000,0.000000,0.000000,0.000000,0.000000,0.000000,0.300000,0.000000
1777213882.132556,0,0.000000,0.000000,0.000000,0.000000,0.930000,0.000000,0.000000,0.000000,0.000000,0.000000
1777213882.173532,0,0.000000,0.000000,0.000000,0.000000,0.250000,0.000000,0.000000,0.000000,0.300000,0.000000
1777213882.174232,0,0.000000,0.000000,0.000000,0.000000,1.000000,0.000000,0.000000,0.000000,0.000000,0.000000
1777213882.174944,0,0.000000,0.000000,0.000000,0.000000,0.250000,0.000000,0.000000,0.000000,0.000000,0.000000
1777213882.219805,0,0.000000,0.000000,0.000000,0.000000,0.200000,0.000000,0.000000,0.000000,0.150000,0.000000
1777213882.220335,0,0.000000,0.000000,0.000000,0.000000,0.540000,0.000000,0.000000,0.000000,0.150000,0.000000
1777213882.265375,0,0.000000,0.000000,0.000000,0.000000,0.200000,0.000000,0.000000,0.000000,0.000000,0.000000
1777213882.265930,0,0.000000,0.000000,0.000000,0.000000,1.000000,0.000000,0.000000,0.000000,0.000000,0.000000
1777213882.266376,0,0.000000,0.000000,0.000000,0.000000,1.000000,0.000000,0.000000,0.000000,0.150000,0.000000
1777213882.305768,0,0.000000,0.000000,0.000000,0.000000,0.270000,0.000000,0.000000,0.000000,0.000000,0.000000
1777213882.306310,0,0.000000,0.000000,0.000000,0.000000,0.000000,0.000000,0.000000,0.000000,0.300000,0.000000
1777213882.306720,0,0.000000,0.000000,0.000000,0.000000,0.200000,0.000000,0.000000,0.000000,0.150000,0.000000
1777213882.307653,0,0.000000,0.000000,0.000000,0.000000,0.660000,0.000000,0.000000,0.000000,0.000000,0.000000
1777213882.355714,0,0.000000,0.000000,0.000000,0.000000,0.210000,0.000000,0.000000,0.000000,0.000000,0.000000
1777213882.356287,0,0.000000,0.000000,0.000000,0.000000,0.000000,0.000000,0.000000,0.000000,0.300000,0.020000
1777213882.404544,0,0.000000,0.000000,0.000000,0.000000,1.000000,0.000000,0.000000,0.000000,0.000000,0.000000
1777213882.405686,0,0.000000,0.000000,0.000000,0.000000,0.750000,0.000000,0.000000,0.000000,0.150000,0.000000
1777213882.406652,0,0.000000,0.000000,0.000000,0.000000,1.000000,0.000000,0.000000,0.000000,0.150000,0.000000
1777213882.408015,0,0.000000,0.000000,0.000000,0.000000,0.250000,0.000000,0.000000,0.000000,0.000000,0.000000
1777213882.447759,0,0.000000,0.000000,0.000000,0.000000,1.000000,0.000000,0.000000,0.000000,0.000000,0.000000
1777213882.448263,0,0.000000,0.000000,0.000000,0.000000,1.000000,0.000000,0.000000,0.000000,0.150000,0.000000
1777213882.448649,0,0.000000,0.000000,0.000000,0.000000,1.000000,0.000000,0.000000,0.000000,0.000000,0.000000
1777213882.487772,0,0.000000,0.000000,0.000000,0.000000,1.000000,0.000000,0.000000,0.000000,0.150000,0.000000
1777213882.488425,0,0.000000,0.000000,0.000000,0.000000,0.000000,0.000000,0.000000,0.000000,0.300000,0.000000
1777213882.533100,0,0.000000,0.000000,0.000000,0.000000,0.000000,0.000000,0.000000,0.000000,0.440000,0.400000
1777213882.533635,0,0.000000,0.000000,0.000000,0.000000,0.150000,0.000000,0.000000,0.000000,0.000000,0.000000
1777213882.534035,0,0.000000,0.000000,0.000000,0.000000,0.620000,0.000000,0.000000,0.000000,0.150000,0.000000
1777213882.535383,0,0.000000,0.000000,0.000000,0.000000,0.330000,0.000000,0.000000,0.000000,0.000000,0.000000
1777213882.574576,0,0.000000,0.000000,0.000000,0.000000,0.660000,0.000000,0.000000,0.000000,0.300000,0.000000
1777213882.575131,0,0.000000,0.000000,0.000000,0.000000,1.000000,0.000000,0.000000,0.000000,0.150000,0.000000
1777213882.576038,0,0.000000,0.000000,0.000000,0.000000,0.000000,0.000000,0.000000,0.000000,0.750000,0.000000
1777213882.618145,0,0.000000,0.000000,0.000000,0.000000,0.000000,0.000000,0.000000,0.000000,0.440000,0.000000
1777213882.619163,0,0.000000,0.000000,0.000000,0.000000,0.070000,0.000000,0.000000,0.000000,0.150000,0.000000
1777213882.659229,0,0.000000,0.000000,0.000000,0.000000,1.000000,0.000000,0.000000,0.000000,0.150000,0.000000
1777213882.659779,0,0.000000,0.000000,0.000000,0.000000,0.000000,0.000000,0.000000,0.000000,0.300000,0.000000
1777213882.660213,0,0.000000,0.000000,0.000000,0.000000,0.370000,0.000000,0.000000,0.000000,0.000000,0.000000
1777213882.702917,0,0.000000,0.000000,0.000000,0.000000,1.000000,0.000000,0.000000,0.000000,0.000000,0.000000
1777213882.703432,0,0.000000,0.000000,0.000000,0.000000,0.500000,0.000000,0.000000,0.000000,0.000000,0.000000
1777213882.744202,0,0.000000,0.000000,0.000000,0.000000,0.000000,0.000000,0.000000,0.000000,0.300000,0.000000
1777213882.744718,0,0.000000,0.000000,0.000000,0.000000,0.870000,0.000000,0.000000,0.000000,0.000000,0.000000
1777213882.745116,0,0.000000,0.000000,0.000000,0.000000,0.660000,0.000000,0.000000,0.000000,0.150000,0.000000
1777213882.745660,0,0.000000,0.000000,0.000000,0.000000,0.000000,0.000000,0.000000,0.000000,0.300000,0.000000
1777213882.787608,0,0.000000,0.000000,0.000000,0.000000,0.870000,0.000000,0.000000,0.000000,0.150000,0.000000
1777213882.788406,0,0.000000,0.000000,0.000000,0.000000,1.000000,0.000000,0.000000,0.000000,0.000000,0.000000
1777213882.830388,0,0.000000,0.000000,0.000000,0.000000,0.200000,0.000000,0.000000,0.000000,0.000000,0.000000
1777213882.830937,0,0.000000,0.000000,0.000000,0.000000,0.180000,0.000000,0.000000,0.000000,0.000000,0.000000
1777213882.831409,0,0.000000,0.000000,0.000000,0.000000,0.800000,0.000000,0.000000,0.000000,0.000000,0.000000
1777213882.869919,0,0.000000,0.000000,0.000000,0.000000,0.000000,0.000000,0.000000,0.000000,0.300000,0.000000
1777213882.870445,0,0.000000,0.000000,0.000000,0.000000,0.000000,0.000000,0.000000,0.000000,0.300000,0.000000
1777213882.870971,0,0.000000,0.000000,0.000000,0.000000,0.720000,0.000000,0.000000,0.000000,0.000000,0.000000
1777213882.912076,0,0.000000,0.000000,0.000000,0.000000,0.280000,0.000000,0.000000,0.000000,0.150000,0.000000
1777213882.912580,0,0.000000,0.000000,0.000000,0.000000,0.200000,0.000000,0.000000,0.000000,0.000000,0.000000
1777213882.953599,0,0.000000,0.000000,0.000000,0.000000,0.540000,0.000000,0.000000,0.000000,0.150000,0.000000
1777213882.954124,0,0.000000,0.000000,0.000000,0.000000,1.000000,0.000000,0.000000,0.000000,0.000000,0.000000
1777213882.954520,0,0.000000,0.000000,0.000000,0.000000,0.000000,0.000000,0.000000,0.000000,0.440000,0.000000
1777213882.997493,0,0.000000,0.000000,0.000000,0.000000,0.000000,0.000000,0.000000,0.000000,0.300000,0.000000
1777213882.998486,0,0.000000,0.000000,0.000000,0.000000,0.810000,0.000000,0.000000,0.000000,0.000000,0.000000
1777213882.999036,0,0.000000,0.000000,0.000000,0.000000,1.000000,0.000000,0.000000,0.000000,0.000000,0.020000
1777213883.046875,0,0.000000,0.000000,0.000000,0.000000,1.000000,0.000000,0.000000,0.000000,0.150000,0.000000
1777213883.047431,0,0.000000,0.000000,0.000000,0.000000,1.000000,0.000000,0.000000,0.000000,0.000000,0.000000
1777213883.087680,0,0.000000,0.000000,0.000000,0.000000,0.000000,0.000000,0.000000,0.000000,0.300000,0.000000
1777213883.088746,0,0.000000,0.000000,0.000000,0.000000,0.500000,0.000000,0.000000,0.000000,0.150000,0.000000
1777213883.089465,0,0.000000,0.000000,0.000000,0.000000,0.400000,0.000000,0.000000,0.000000,0.000000,0.000000
1777213883.128300,0,0.000000,0.000000,0.000000,0.000000,1.000000,0.000000,0.000000,0.000000,0.000000,0.000000
1777213883.128805,0,0.000000,0.000000,0.000000,0.000000,1.000000,0.000000,0.000000,0.000000,0.000000,0.000000
1777213883.129192,0,0.000000,0.000000,0.000000,0.000000,1.000000,0.000000,0.000000,0.000000,0.000000,0.000000
1777213883.167839,0,0.000000,0.000000,0.000000,0.000000,0.000000,0.000000,0.000000,0.000000,0.300000,0.000000
1777213883.168370,0,0.000000,0.000000,0.000000,0.000000,0.820000,0.000000,0.000000,0.000000,0.000000,0.000000
1777213883.168765,0,0.000000,0.000000,0.000000,0.000000,0.330000,0.000000,0.000000,0.000000,0.000000,0.000000
1777213883.209030,0,0.000000,0.000000,0.000000,0.000000,0.000000,0.000000,0.000000,0.000000,0.300000,0.000000
1777213883.209577,0,0.000000,0.000000,0.000000,0.000000,1.000000,0.000000,0.000000,0.000000,0.000000,0.000000
1777213883.210078,0,0.000000,0.000000,0.000000,0.000000,0.050000,0.000000,0.000000,0.000000,0.150000,0.000000
1777213883.249235,0,0.000000,0.000000,0.000000,0.000000,0.070000,0.000000,0.000000,0.000000,0.150000,0.000000
1777213883.249773,0,0.000000,0.000000,0.000000,0.000000,0.070000,0.000000,0.000000,0.000000,0.150000,0.000000
1777213883.286957,0,0.000000,0.000000,0.000000,0.000000,0.000000,0.000000,0.000000,0.000000,0.300000,0.000000
1777213883.287478,0,0.000000,0.000000,0.000000,0.000000,0.750000,0.000000,0.000000,0.000000,0.000000,0.000000
1777213883.287915,0,0.000000,0.000000,0.000000,0.000000,0.360000,0.000000,0.000000,0.000000,0.000000,0.000000
1777213883.329014,0,0.000000,0.000000,0.000000,0.000000,1.000000,0.000000,0.000000,0.000000,0.150000,0.000000
1777213883.329531,0,0.000000,0.000000,0.000000,0.000000,0.180000,0.000000,0.000000,0.000000,0.150000,0.000000
1777213883.371423,0,0.000000,0.000000,0.000000,0.000000,0.280000,0.000000,0.000000,0.000000,0.000000,0.000000
1777213883.371924,0,0.000000,0.000000,0.000000,0.000000,1.000000,0.000000,0.000000,0.000000,0.000000,0.000000
1777213883.372324,0,0.000000,0.000000,0.000000,0.000000,0.000000,0.000000,0.000000,0.000000,0.300000,0.000000
1777213883.413146,0,0.000000,0.000000,0.000000,0.000000,0.250000,0.000000,0.000000,0.000000,0.000000,0.000000
1777213883.413659,0,0.000000,0.000000,0.000000,0.000000,0.500000,0.000000,0.000000,0.000000,0.000000,0.000000
1777213883.453025,0,0.000000,0.000000,0.000000,0.000000,1.000000,0.000000,0.000000,0.000000,0.150000,0.000000
1777213883.453595,0,0.000000,0.000000,0.000000,0.000000,0.200000,0.000000,0.000000,0.000000,0.000000,0.000000
1777213883.454025,0,0.000000,0.000000,0.000000,0.000000,0.210000,0.000000,0.000000,0.000000,0.150000,0.000000
1777213883.490012,0,0.000000,0.000000,0.000000,0.000000,1.000000,0.000000,0.000000,0.000000,0.150000,0.000000
1777213883.490733,0,0.000000,0.000000,0.000000,0.000000,0.210000,0.000000,0.000000,0.000000,0.000000,0.000000
1777213883.491324,0,0.000000,0.000000,0.000000,0.000000,1.000000,0.000000,0.000000,0.000000,0.150000,0.000000
1777213883.492750,0,0.000000,0.000000,0.000000,0.000000,0.000000,0.000000,0.000000,0.000000,0.440000,0.000000
1777213883.536409,0,0.000000,0.000000,0.000000,0.000000,0.330000,0.000000,0.000000,0.000000,0.150000,0.000000
1777213883.537199,0,0.000000,0.000000,0.000000,0.000000,0.000000,0.000000,0.000000,0.000000,0.300000,0.000000
1777213883.582015,0,0.000000,0.000000,0.000000,0.000000,0.370000,0.000000,0.000000,0.000000,0.150000,0.000000
1777213883.583105,0,0.000000,0.000000,0.000000,0.000000,0.250000,0.000000,0.000000,0.000000,0.300000,0.000000
1777213883.623465,0,0.000000,0.000000,0.000000,0.000000,1.000000,0.000000,0.000000,0.000000,0.000000,0.000000
1777213883.624010,0,0.000000,0.000000,0.000000,0.000000,1.000000,0.000000,0.000000,0.000000,0.000000,0.000000
1777213883.624432,0,0.000000,0.000000,0.000000,0.000000,0.600000,0.000000,0.000000,0.000000,0.000000,0.000000
1777213883.663066,0,0.000000,0.000000,0.000000,0.000000,1.000000,0.000000,0.000000,0.000000,0.000000,0.070000
1777213883.663607,0,0.000000,0.000000,0.000000,0.000000,0.000000,0.000000,0.000000,0.000000,0.300000,0.000000
1777213883.664021,0,0.000000,0.000000,0.000000,0.000000,1.000000,0.000000,0.000000,0.000000,0.000000,0.000000
1777213883.664707,0,0.000000,0.000000,0.000000,0.000000,0.800000,0.000000,0.000000,0.000000,0.150000,0.000000
1777213883.705372,0,0.000000,0.000000,0.000000,0.000000,1.000000,0.000000,0.000000,0.000000,0.150000,0.000000
1777213883.705931,0,0.000000,0.000000,0.000000,0.000000,0.800000,0.000000,0.000000,0.000000,0.600000,0.000000
1777213883.748774,0,0.000000,0.000000,0.000000,0.000000,1.000000,0.000000,0.000000,0.000000,0.150000,0.000000
1777213883.749272,0,0.000000,0.000000,0.000000,0.000000,0.800000,0.000000,0.000000,0.000000,0.000000,0.000000
1777213883.792558,0,0.000000,0.000000,0.000000,0.000000,0.000000,0.000000,0.000000,0.000000,0.300000,0.000000
1777213883.793104,0,0.000000,0.000000,0.000000,0.000000,0.500000,0.000000,0.000000,0.000000,0.150000,0.000000
1777213883.793546,0,0.000000,0.000000,0.000000,0.000000,0.500000,0.000000,0.000000,0.000000,0.000000,0.000000
1777213883.838547,0,0.000000,0.000000,0.000000,0.000000,1.000000,0.000000,0.000000,0.000000,0.000000,0.000000
1777213883.839064,0,0.000000,0.000000,0.000000,0.000000,0.000000,0.000000,0.000000,0.000000,0.440000,0.000000
1777213883.839463,0,0.000000,0.000000,0.000000,0.000000,1.000000,0.000000,0.000000,0.000000,0.150000,0.020000
1777213883.881036,0,0.000000,0.000000,0.000000,0.000000,0.400000,0.000000,0.000000,0.000000,0.300000,0.000000
1777213883.881564,0,0.000000,0.000000,0.000000,0.000000,1.000000,0.000000,0.000000,0.000000,0.150000,0.050000
1777213883.881968,0,0.000000,0.000000,0.000000,0.000000,0.400000,0.000000,0.000000,0.000000,0.000000,0.000000
1777213883.927565,0,0.000000,0.000000,0.000000,0.000000,0.000000,0.000000,0.000000,0.000000,0.750000,0.000000
1777213883.928924,0,0.000000,0.000000,0.000000,0.000000,1.000000,0.000000,0.000000,0.000000,0.000000,0.000000
1777213883.929976,0,0.000000,0.000000,0.000000,0.000000,0.110000,0.000000,0.000000,0.000000,0.150000,0.000000
1777213883.971715,0,0.000000,0.000000,0.000000,0.000000,1.000000,0.000000,0.000000,0.000000,0.150000,0.000000
1777213883.973058,0,0.000000,0.000000,0.000000,0.000000,0.500000,0.000000,0.000000,0.000000,0.000000,0.000000
1777213883.974206,0,0.000000,0.000000,0.000000,0.000000,1.000000,0.000000,0.000000,0.000000,0.000000,0.000000
1777213884.011894,0,0.000000,0.000000,0.000000,0.000000,0.280000,0.000000,0.000000,0.000000,0.150000,0.000000
1777213884.012395,0,0.000000,0.000000,0.000000,0.000000,1.000000,0.000000,0.000000,0.000000,0.000000,0.000000
1777213884.012781,0,0.000000,0.000000,0.000000,0.000000,0.000000,0.000000,0.000000,0.000000,0.300000,0.000000
1777213884.054693,0,0.000000,0.000000,0.000000,0.000000,0.330000,0.000000,0.000000,0.000000,0.000000,0.000000
1777213884.055745,0,0.000000,0.000000,0.000000,0.000000,0.690000,0.000000,0.000000,0.000000,0.000000,0.000000
1777213884.056697,0,0.000000,0.000000,0.000000,0.000000,1.000000,0.000000,0.000000,0.000000,0.000000,0.000000
1777213884.095639,0,0.000000,0.000000,0.000000,0.000000,0.100000,0.000000,0.000000,0.000000,0.150000,0.000000
1777213884.096214,0,0.000000,0.000000,0.000000,0.000000,0.550000,0.000000,0.000000,0.000000,0.000000,0.000000
1777213884.135349,0,0.000000,0.000000,0.000000,0.000000,0.000000,0.000000,0.000000,0.000000,0.300000,0.000000
1777213884.135859,0,0.000000,0.000000,0.000000,0.000000,1.000000,0.000000,0.000000,0.000000,0.150000,0.000000
1777213884.136256,0,0.000000,0.000000,0.000000,0.000000,0.400000,0.000000,0.000000,0.000000,0.150000,0.000000
1777213884.136895,0,0.000000,0.000000,0.000000,0.000000,0.150000,0.000000,0.000000,0.000000,0.300000,0.000000
1777213884.175620,0,0.000000,0.000000,0.000000,0.000000,1.000000,0.000000,0.000000,0.000000,0.000000,0.000000
1777213884.176163,0,0.000000,0.000000,0.000000,0.000000,0.510000,0.000000,0.000000,0.000000,0.000000,0.000000
1777213884.218208,0,0.000000,0.000000,0.000000,0.000000,1.000000,0.000000,0.000000,0.000000,0.000000,0.000000
1777213884.218707,0,0.000000,0.000000,0.000000,0.000000,1.000000,0.000000,0.000000,0.000000,0.150000,0.000000
1777213884.257765,0,0.000000,0.000000,0.000000,0.000000,0.730000,0.000000,0.000000,0.000000,0.000000,0.000000
1777213884.258288,0,0.000000,0.000000,0.000000,0.000000,0.090000,0.000000,0.000000,0.000000,0.150000,0.000000
1777213884.258697,0,0.000000,0.000000,0.000000,0.000000,0.310000,0.000000,0.000000,0.000000,0.150000,0.000000
1777213884.259181,0,0.000000,0.000000,0.000000,0.000000,0.100000,0.000000,0.000000,0.000000,0.000000,0.020000
1777213884.294965,0,0.000000,0.000000,0.000000,0.000000,0.510000,0.000000,0.000000,0.000000,0.000000,0.000000
1777213884.295626,0,0.000000,0.000000,0.000000,0.000000,1.000000,0.000000,0.000000,0.000000,0.000000,0.000000
1777213884.333056,0,0.000000,0.000000,0.000000,0.000000,0.300000,0.000000,0.000000,0.000000,0.000000,0.000000
1777213884.333587,0,0.000000,0.000000,0.000000,0.000000,0.370000,0.000000,0.000000,0.000000,0.150000,0.000000
1777213884.333995,0,0.000000,0.000000,0.000000,0.000000,1.000000,0.000000,0.000000,0.000000,0.000000,0.000000
1777213884.374459,0,0.000000,0.000000,0.000000,0.000000,0.110000,0.000000,0.000000,0.000000,0.300000,0.000000
1777213884.374989,0,0.000000,0.000000,0.000000,0.000000,1.000000,0.000000,0.000000,0.000000,0.000000,0.000000
1777213884.416192,0,0.000000,0.000000,0.000000,0.000000,1.000000,0.000000,0.000000,0.000000,0.150000,0.000000
1777213884.416728,0,0.000000,0.000000,0.000000,0.000000,0.050000,0.000000,0.000000,0.000000,0.150000,0.000000
1777213884.417366,0,0.000000,0.000000,0.000000,0.000000,0.150000,0.000000,0.000000,0.000000,0.300000,0.000000
1777213884.458299,0,0.000000,0.000000,0.000000,0.000000,0.150000,0.000000,0.000000,0.000000,0.150000,0.000000
1777213884.459038,0,0.000000,0.000000,0.000000,0.000000,1.000000,0.000000,0.000000,0.000000,0.000000,0.000000
1777213884.500093,0,0.000000,0.000000,0.000000,0.000000,0.000000,0.000000,0.000000,0.000000,0.440000,0.000000
1777213884.500621,0,0.000000,0.000000,0.000000,0.000000,0.340000,0.000000,0.000000,0.000000,0.000000,0.000000
1777213884.543479,0,0.000000,0.000000,0.000000,0.000000,0.400000,0.000000,0.000000,0.000000,0.000000,0.000000
1777213884.544036,0,0.000000,0.000000,0.000000,0.000000,1.000000,0.000000,0.000000,0.000000,0.000000,0.000000
1777213884.544440,0,0.000000,0.000000,0.000000,0.000000,0.370000,0.000000,0.000000,0.000000,0.000000,0.000000
1777213884.544814,0,0.000000,0.000000,0.000000,0.000000,1.000000,0.000000,0.000000,0.000000,0.150000,0.000000
1777213884.587356,0,0.000000,0.000000,0.000000,0.000000,0.280000,0.000000,0.000000,0.000000,0.000000,0.020000
1777213884.588378,0,0.000000,0.000000,0.000000,0.000000,0.920000,0.000000,0.000000,0.000000,0.000000,0.000000
1777213884.628828,0,0.000000,0.000000,0.000000,0.000000,0.120000,0.000000,0.000000,0.000000,0.150000,0.000000
1777213884.629391,0,0.000000,0.000000,0.000000,0.000000,0.050000,0.000000,0.000000,0.000000,0.300000,0.000000
1777213884.629792,0,0.000000,0.000000,0.000000,0.000000,0.930000,0.000000,0.000000,0.000000,0.150000,0.000000
1777213884.630296,0,0.000000,0.000000,0.000000,0.000000,0.600000,0.000000,0.000000,0.000000,0.150000,0.000000
1777213884.671729,0,0.000000,0.000000,0.000000,0.000000,1.000000,0.000000,0.000000,0.000000,0.150000,0.020000
1777213884.672831,0,0.000000,0.000000,0.000000,0.000000,0.050000,0.000000,0.000000,0.000000,0.000000,0.000000
1777213884.674181,0,0.000000,0.000000,0.000000,0.000000,1.000000,0.000000,0.000000,0.000000,0.150000,0.000000
1777213884.711030,0,0.000000,0.000000,0.000000,0.000000,0.100000,0.000000,0.000000,0.000000,0.000000,0.000000
1777213884.711570,0,0.000000,0.000000,0.000000,0.000000,0.120000,0.000000,0.000000,0.000000,0.300000,0.000000
1777213884.712485,0,0.000000,0.000000,0.000000,0.000000,0.000000,0.000000,0.000000,0.000000,0.300000,0.020000
1777213884.754105,0,0.000000,0.000000,0.000000,0.000000,1.000000,0.000000,0.000000,0.000000,0.000000,0.000000
1777213884.755437,0,0.000000,0.000000,0.000000,0.000000,0.510000,0.000000,0.000000,0.000000,0.150000,0.000000
1777213884.797920,0,0.000000,0.000000,0.000000,0.000000,0.250000,0.000000,0.000000,0.000000,0.150000,0.000000
1777213884.798670,0,0.000000,0.000000,0.000000,0.000000,0.000000,0.000000,0.000000,0.000000,0.300000,0.000000
1777213884.842916,0,0.000000,0.000000,0.000000,0.000000,0.050000,0.000000,0.000000,0.000000,0.000000,0.000000
1777213884.843457,0,0.000000,0.000000,0.000000,0.000000,0.500000,0.000000,0.000000,0.000000,0.150000,0.000000
1777213884.843853,0,0.000000,0.000000,0.000000,0.000000,0.140000,0.000000,0.000000,0.000000,0.000000,0.000000
1777213884.885077,0,0.000000,0.000000,0.000000,0.000000,0.000000,0.000000,0.000000,0.000000,0.300000,0.000000
1777213884.885576,0,0.000000,0.000000,0.000000,0.000000,1.000000,0.000000,0.000000,0.000000,0.000000,0.000000
1777213884.923129,0,0.000000,0.000000,0.000000,0.000000,0.280000,0.000000,0.000000,0.000000,0.600000,0.000000
1777213884.923636,0,0.000000,0.000000,0.000000,0.000000,0.940000,0.000000,0.000000,0.000000,0.150000,0.000000
1777213884.924031,0,0.000000,0.000000,0.000000,0.000000,1.000000,0.000000,0.000000,0.000000,0.000000,0.000000
1777213884.924412,0,0.000000,0.000000,0.000000,0.000000,0.330000,0.000000,0.000000,0.000000,0.150000,0.000000
1777213884.962943,0,0.000000,0.000000,0.000000,0.000000,0.870000,0.000000,0.000000,0.000000,0.000000,0.000000
1777213884.963460,0,0.000000,0.000000,0.000000,0.000000,0.100000,0.000000,0.000000,0.000000,0.440000,0.000000
1777213884.963880,0,0.000000,0.000000,0.000000,0.000000,0.120000,0.000000,0.000000,0.000000,0.000000,0.000000
1777213885.004415,0,0.000000,0.000000,0.000000,0.000000,0.550000,0.000000,0.000000,0.000000,0.000000,0.000000
1777213885.004965,0,0.000000,0.000000,0.000000,0.000000,1.000000,0.000000,0.000000,0.000000,0.000000,0.000000
1777213885.046106,0,0.000000,0.000000,0.000000,0.000000,0.330000,0.000000,0.000000,0.000000,0.150000,0.000000
1777213885.046742,0,0.000000,0.000000,0.000000,0.000000,1.000000,0.000000,0.000000,0.000000,0.000000,0.000000
1777213885.047438,0,0.000000,0.000000,0.000000,0.000000,0.510000,0.000000,0.000000,0.000000,0.150000,0.000000
1777213885.087905,0,0.000000,0.000000,0.000000,0.000000,0.000000,0.000000,0.000000,0.000000,0.750000,0.000000
1777213885.088424,0,0.000000,0.000000,0.000000,0.000000,0.070000,0.000000,0.000000,0.000000,0.000000,0.000000
1777213885.088872,0,0.000000,0.000000,0.000000,0.000000,0.600000,0.000000,0.000000,0.000000,0.300000,0.000000
1777213885.128356,0,0.000000,0.000000,0.000000,0.000000,0.200000,0.000000,0.000000,0.000000,0.000000,0.000000
1777213885.128878,0,0.000000,0.000000,0.000000,0.000000,0.460000,0.000000,0.000000,0.000000,0.000000,0.000000
1777213885.129275,0,0.000000,0.000000,0.000000,0.000000,1.000000,0.000000,0.000000,0.000000,0.000000,0.000000
1777213885.168921,0,0.000000,0.000000,0.000000,0.000000,0.150000,0.000000,0.000000,0.000000,0.150000,0.000000
1777213885.169431,0,0.000000,0.000000,0.000000,0.000000,1.000000,0.000000,0.000000,0.000000,0.000000,0.000000
1777213885.212922,0,0.000000,0.000000,0.000000,0.000000,0.100000,0.000000,0.000000,0.000000,0.000000,0.000000
1777213885.213485,0,0.000000,0.000000,0.000000,0.000000,0.850000,0.000000,0.000000,0.000000,0.000000,0.000000
1777213885.214423,0,0.000000,0.000000,0.000000,0.000000,0.400000,0.000000,0.000000,0.000000,0.000000,0.000000
1777213885.255411,0,0.000000,0.000000,0.000000,0.000000,0.070000,0.000000,0.000000,0.000000,0.000000,0.050000
1777213885.256333,0,0.000000,0.000000,0.000000,0.000000,0.000000,0.000000,0.000000,0.000000,0.300000,0.000000
1777213885.256926,0,0.000000,0.000000,0.000000,0.000000,1.000000,0.000000,0.000000,0.000000,0.000000,0.000000
1777213885.296520,0,0.000000,0.000000,0.000000,0.000000,0.000000,0.000000,0.000000,0.000000,0.300000,0.000000
1777213885.297025,0,0.000000,0.000000,0.000000,0.000000,0.000000,0.000000,0.000000,0.000000,0.300000,0.000000
1777213885.297431,0,0.000000,0.000000,0.000000,0.000000,0.820000,0.000000,0.000000,0.000000,0.000000,0.000000
1777213885.340287,0,0.000000,0.000000,0.000000,0.000000,0.460000,0.000000,0.000000,0.000000,0.000000,0.000000
1777213885.340815,0,0.000000,0.000000,0.000000,0.000000,0.150000,0.000000,0.000000,0.000000,0.300000,0.000000
1777213885.378387,0,0.000000,0.000000,0.000000,0.000000,0.210000,0.000000,0.000000,0.000000,0.000000,0.000000
1777213885.378901,0,0.000000,0.000000,0.000000,0.000000,0.000000,0.000000,0.000000,0.000000,0.300000,0.000000
1777213885.379292,0,0.000000,0.000000,0.000000,0.000000,0.510000,0.000000,0.000000,0.000000,0.150000,0.000000
1777213885.380332,0,0.000000,0.000000,0.000000,0.000000,0.500000,0.000000,0.000000,0.000000,0.300000,0.000000
1777213885.422951,0,0.000000,0.000000,0.000000,0.000000,0.440000,0.000000,0.000000,0.000000,0.000000,0.000000
1777213885.463923,0,0.000000,0.000000,0.000000,0.000000,1.000000,0.000000,0.000000,0.000000,0.000000,0.000000
1777213885.464866,0,0.000000,0.000000,0.000000,0.000000,0.690000,0.000000,0.000000,0.000000,0.000000,0.000000
1777213885.465411,0,0.000000,0.000000,0.000000,0.000000,0.680000,0.000000,0.000000,0.000000,0.000000,0.000000
1777213885.465843,0,0.000000,0.000000,0.000000,0.000000,0.000000,0.000000,0.000000,0.000000,0.300000,0.000000
1777213885.508575,0,0.000000,0.000000,0.000000,0.000000,0.630000,0.000000,0.000000,0.000000,0.150000,0.000000
1777213885.509120,0,0.000000,0.000000,0.000000,0.000000,0.100000,0.000000,0.000000,0.000000,0.440000,0.000000
1777213885.509671,0,0.000000,0.000000,0.000000,0.000000,0.340000,0.000000,0.000000,0.000000,0.150000,0.000000
1777213885.551928,0,0.000000,0.000000,0.000000,0.000000,0.050000,0.000000,0.000000,0.000000,0.150000,0.000000
1777213885.552438,0,0.000000,0.000000,0.000000,0.000000,0.930000,0.000000,0.000000,0.000000,0.000000,0.020000
1777213885.593954,0,0.000000,0.000000,0.000000,0.000000,0.250000,0.000000,0.000000,0.000000,0.300000,0.020000
1777213885.594453,0,0.000000,0.000000,0.000000,0.000000,1.000000,0.000000,0.000000,0.000000,0.000000,0.000000
1777213885.594842,0,0.000000,0.000000,0.000000,0.000000,1.000000,0.000000,0.000000,0.000000,0.000000,0.050000
1777213885.636462,0,0.000000,0.000000,0.000000,0.000000,0.000000,0.000000,0.000000,0.000000,0.300000,0.000000
1777213885.637122,0,0.000000,0.000000,0.000000,0.000000,0.090000,0.000000,0.000000,0.000000,0.150000,0.000000
1777213885.679906,0,0.000000,0.000000,0.000000,0.000000,0.000000,0.000000,0.000000,0.000000,0.440000,0.000000
1777213885.680421,0,0.000000,0.000000,0.000000,0.000000,0.660000,0.000000,0.000000,0.000000,0.000000,0.000000
1777213885.680896,0,0.000000,0.000000,0.000000,0.000000,0.760000,0.000000,0.000000,0.000000,0.150000,0.020000
1777213885.681526,0,0.000000,0.000000,0.000000,0.000000,0.200000,0.000000,0.000000,0.000000,0.150000,0.000000
1777213885.724329,0,0.000000,0.000000,0.000000,0.000000,1.000000,0.000000,0.000000,0.000000,0.000000,0.000000
1777213885.724827,0,0.000000,0.000000,0.000000,0.000000,0.180000,0.000000,0.000000,0.000000,0.000000,0.000000
1777213885.725309,0,0.000000,0.000000,0.000000,0.000000,0.500000,0.000000,0.000000,0.000000,0.150000,0.000000
1777213885.763939,0,0.000000,0.000000,0.000000,0.000000,0.000000,0.000000,0.000000,0.000000,0.440000,0.000000
1777213885.764634,0,0.000000,0.000000,0.000000,0.000000,0.690000,0.000000,0.000000,0.000000,0.000000,0.000000
1777213885.807507,0,0.000000,0.000000,0.000000,0.000000,0.300000,0.000000,0.000000,0.000000,0.000000,0.000000
1777213885.808015,0,0.000000,0.000000,0.000000,0.000000,0.500000,0.000000,0.000000,0.000000,0.000000,0.000000
1777213885.808413,0,0.000000,0.000000,0.000000,0.000000,0.000000,0.000000,0.000000,0.000000,0.300000,0.000000
1777213885.854888,0,0.000000,0.000000,0.000000,0.000000,0.070000,0.000000,0.000000,0.000000,0.000000,0.000000
1777213885.855426,0,0.000000,0.000000,0.000000,0.000000,0.110000,0.000000,0.000000,0.000000,0.300000,0.000000
1777213885.855819,0,0.000000,0.000000,0.000000,0.000000,0.000000,0.000000,0.000000,0.000000,0.440000,0.020000
1777213885.894341,0,0.000000,0.000000,0.000000,0.000000,1.000000,0.000000,0.000000,0.000000,0.150000,0.000000
1777213885.894852,0,0.000000,0.000000,0.000000,0.000000,0.500000,0.000000,0.000000,0.000000,0.300000,0.000000
1777213885.895699,0,0.000000,0.000000,0.000000,0.000000,1.000000,0.000000,0.000000,0.000000,0.000000,0.000000
1777213885.947955,0,0.000000,0.000000,0.000000,0.000000,0.000000,0.000000,0.000000,0.000000,0.750000,0.000000
1777213885.948510,0,0.000000,0.000000,0.000000,0.000000,0.100000,0.000000,0.000000,0.000000,0.300000,0.000000
1777213885.949792,0,0.000000,0.000000,0.000000,0.000000,0.270000,0.000000,0.000000,0.000000,0.300000,0.000000
1777213885.997583,0,0.000000,0.000000,0.000000,0.000000,0.140000,0.000000,0.000000,0.000000,0.000000,0.000000
1777213885.998161,0,0.000000,0.000000,0.000000,0.000000,0.510000,0.000000,0.000000,0.000000,0.150000,0.020000
1777213885.998592,0,0.000000,0.000000,0.000000,0.000000,0.000000,0.000000,0.000000,0.000000,0.300000,0.000000
1777213886.043237,0,0.000000,0.000000,0.000000,0.000000,0.000000,0.000000,0.000000,0.000000,0.300000,0.000000
1777213886.043752,0,0.000000,0.000000,0.000000,0.000000,0.000000,0.000000,0.000000,0.000000,0.440000,0.000000
1777213886.044154,0,0.000000,0.000000,0.000000,0.000000,1.000000,0.000000,0.000000,0.000000,0.150000,0.000000
1777213886.088286,0,0.000000,0.000000,0.000000,0.000000,0.700000,0.000000,0.000000,0.000000,0.750000,0.000000
1777213886.089458,0,0.000000,0.000000,0.000000,0.000000,1.000000,0.000000,0.000000,0.000000,0.000000,0.000000
1777213886.090175,0,0.000000,0.000000,0.000000,0.000000,0.200000,0.000000,0.000000,0.000000,0.000000,0.000000
1777213886.131136,0,0.000000,0.000000,0.000000,0.000000,0.280000,0.000000,0.000000,0.000000,0.000000,0.020000
1777213886.131858,0,0.000000,0.000000,0.000000,0.000000,0.700000,0.000000,0.000000,0.000000,0.000000,0.000000
1777213886.132329,0,0.000000,0.000000,0.000000,0.000000,0.140000,0.000000,0.000000,0.000000,0.000000,0.000000
1777213886.177856,0,0.000000,0.000000,0.000000,0.000000,0.400000,0.000000,0.000000,0.000000,0.000000,0.070000
1777213886.178930,0,0.000000,0.000000,0.000000,0.000000,0.100000,0.000000,0.000000,0.000000,0.000000,0.000000
1777213886.179431,0,0.000000,0.000000,0.000000,0.000000,0.760000,0.000000,0.000000,0.000000,0.300000,0.000000
1777213886.225037,0,0.000000,0.000000,0.000000,0.000000,0.210000,0.000000,0.000000,0.000000,0.000000,0.000000
1777213886.225604,0,0.000000,0.000000,0.000000,0.000000,0.400000,0.000000,0.000000,0.000000,0.000000,0.000000
1777213886.226082,0,0.000000,0.000000,0.000000,0.000000,1.000000,0.000000,0.000000,0.000000,0.000000,0.000000
1777213886.265248,0,0.000000,0.000000,0.000000,0.000000,0.200000,0.000000,0.000000,0.000000,0.000000,0.000000
1777213886.265777,0,0.000000,0.000000,0.000000,0.000000,0.110000,0.000000,0.000000,0.000000,0.150000,0.000000
1777213886.266171,0,0.000000,0.000000,0.000000,0.000000,1.000000,0.000000,0.000000,0.000000,0.000000,0.000000
1777213886.310081,0,0.000000,0.000000,0.000000,0.000000,0.000000,0.000000,0.000000,0.000000,0.300000,0.000000
1777213886.311319,0,0.000000,0.000000,0.000000,0.000000,0.210000,0.000000,0.000000,0.000000,0.150000,0.000000
1777213886.311835,0,0.000000,0.000000,0.000000,0.000000,0.100000,0.000000,0.000000,0.000000,0.150000,0.000000
1777213886.354500,0,0.000000,0.000000,0.000000,0.000000,0.870000,0.000000,0.000000,0.000000,0.150000,0.000000
1777213886.355006,0,0.000000,0.000000,0.000000,0.000000,1.000000,0.000000,0.000000,0.000000,0.000000,0.000000
1777213886.355393,0,0.000000,0.000000,0.000000,0.000000,1.000000,0.000000,0.000000,0.000000,0.000000,0.000000
1777213886.395573,0,0.000000,0.000000,0.000000,0.000000,0.620000,0.000000,0.000000,0.000000,0.000000,0.000000
1777213886.396078,0,0.000000,0.000000,0.000000,0.000000,0.760000,0.000000,0.000000,0.000000,0.300000,0.000000
1777213886.396468,0,0.000000,0.000000,0.000000,0.000000,1.000000,0.000000,0.000000,0.000000,0.150000,0.000000
1777213886.438991,0,0.000000,0.000000,0.000000,0.000000,1.000000,0.000000,0.000000,0.000000,0.000000,0.000000
1777213886.439506,0,0.000000,0.000000,0.000000,0.000000,0.000000,0.000000,0.000000,0.000000,0.300000,0.000000
1777213886.481764,0,0.000000,0.000000,0.000000,0.000000,0.150000,0.000000,0.000000,0.000000,0.000000,0.000000
1777213886.482281,0,0.000000,0.000000,0.000000,0.000000,1.000000,0.000000,0.000000,0.000000,0.000000,0.000000
1777213886.482687,0,0.000000,0.000000,0.000000,0.000000,0.330000,0.000000,0.000000,0.000000,0.150000,0.000000
1777213886.523098,0,0.000000,0.000000,0.000000,0.000000,0.000000,0.000000,0.000000,0.000000,0.300000,0.000000
1777213886.523612,0,0.000000,0.000000,0.000000,0.000000,0.090000,0.000000,0.000000,0.000000,0.000000,0.000000
1777213886.524003,0,0.000000,0.000000,0.000000,0.000000,0.000000,0.000000,0.000000,0.000000,0.300000,0.000000
1777213886.565392,0,0.000000,0.000000,0.000000,0.000000,0.870000,0.000000,0.000000,0.000000,0.000000,0.000000
1777213886.565895,0,0.000000,0.000000,0.000000,0.000000,1.000000,0.000000,0.000000,0.000000,0.000000,0.000000
1777213886.607772,0,0.000000,0.000000,0.000000,0.000000,1.000000,0.000000,0.000000,0.000000,0.150000,0.000000
1777213886.608302,0,0.000000,0.000000,0.000000,0.000000,0.750000,0.000000,0.000000,0.000000,0.150000,0.000000
1777213886.608707,0,0.000000,0.000000,0.000000,0.000000,0.620000,0.000000,0.000000,0.000000,0.150000,0.000000
1777213886.609079,0,0.000000,0.000000,0.000000,0.000000,0.400000,0.000000,0.000000,0.000000,0.150000,0.000000
1777213886.651374,0,0.000000,0.000000,0.000000,0.000000,0.180000,0.000000,0.000000,0.000000,0.300000,0.000000
1777213886.651918,0,0.000000,0.000000,0.000000,0.000000,0.000000,0.000000,0.000000,0.000000,0.300000,0.000000
1777213886.652753,0,0.000000,0.000000,0.000000,0.000000,1.000000,0.000000,0.000000,0.000000,0.000000,0.000000
1777213886.695293,0,0.000000,0.000000,0.000000,0.000000,0.330000,0.000000,0.000000,0.000000,0.150000,0.000000
1777213886.695922,0,0.000000,0.000000,0.000000,0.000000,1.000000,0.000000,0.000000,0.000000,0.000000,0.020000
1777213886.738047,0,0.000000,0.000000,0.000000,0.000000,1.000000,0.000000,0.000000,0.000000,0.150000,0.000000
1777213886.738597,0,0.000000,0.000000,0.000000,0.000000,1.000000,0.000000,0.000000,0.000000,0.150000,0.000000
1777213886.739021,0,0.000000,0.000000,0.000000,0.000000,0.100000,0.000000,0.000000,0.000000,0.300000,0.000000
1777213886.781718,0,0.000000,0.000000,0.000000,0.000000,1.000000,0.000000,0.000000,0.000000,0.600000,0.000000
1777213886.782222,0,0.000000,0.000000,0.000000,0.000000,0.210000,0.000000,0.000000,0.000000,0.300000,0.000000
1777213886.782701,0,0.000000,0.000000,0.000000,0.000000,0.000000,0.000000,0.000000,0.000000,0.440000,0.000000
1777213886.818551,0,0.000000,0.000000,0.000000,0.000000,1.000000,0.000000,0.000000,0.000000,0.000000,0.000000
1777213886.819066,0,0.000000,0.000000,0.000000,0.000000,0.280000,0.000000,0.000000,0.000000,0.000000,0.000000
1777213886.820015,0,0.000000,0.000000,0.000000,0.000000,1.000000,0.000000,0.000000,0.000000,0.150000,0.000000
1777213886.856643,0,0.000000,0.000000,0.000000,0.000000,1.000000,0.000000,0.000000,0.000000,0.000000,0.000000
1777213886.857153,0,0.000000,0.000000,0.000000,0.000000,1.000000,0.000000,0.000000,0.000000,0.000000,0.000000
1777213886.857948,0,0.000000,0.000000,0.000000,0.000000,0.280000,0.000000,0.000000,0.000000,0.300000,0.000000
1777213886.900506,0,0.000000,0.000000,0.000000,0.000000,0.410000,0.000000,0.000000,0.000000,0.000000,0.000000
1777213886.901813,0,0.000000,0.000000,0.000000,0.000000,0.430000,0.000000,0.000000,0.000000,0.000000,0.000000
1777213886.940624,0,0.000000,0.000000,0.000000,0.000000,0.150000,0.000000,0.000000,0.000000,0.000000,0.020000
1777213886.941290,0,0.000000,0.000000,0.000000,0.000000,0.120000,0.000000,0.000000,0.000000,0.300000,0.000000
1777213886.942053,0,0.000000,0.000000,0.000000,0.000000,0.200000,0.000000,0.000000,0.000000,0.000000,0.000000
1777213886.982275,0,0.000000,0.000000,0.000000,0.000000,0.000000,0.000000,0.000000,0.000000,0.300000,0.000000
1777213886.982801,0,0.000000,0.000000,0.000000,0.000000,1.000000,0.000000,0.000000,0.000000,0.150000,0.000000
1777213886.983340,0,0.000000,0.000000,0.000000,0.000000,0.330000,0.000000,0.000000,0.000000,0.750000,0.000000
1777213887.022903,0,0.000000,0.000000,0.000000,0.000000,0.330000,0.000000,0.000000,0.000000,0.150000,0.000000
1777213887.062467,0,0.000000,0.000000,0.000000,0.000000,0.500000,0.000000,0.000000,0.000000,0.300000,0.000000
1777213887.063001,0,0.000000,0.000000,0.000000,0.000000,0.500000,0.000000,0.000000,0.000000,0.000000,0.020000
1777213887.063418,0,0.000000,0.000000,0.000000,0.000000,0.000000,0.000000,0.000000,0.000000,0.300000,0.000000
1777213887.064271,0,0.000000,0.000000,0.000000,0.000000,0.090000,0.000000,0.000000,0.000000,0.300000,0.000000
1777213887.108757,0,0.000000,0.000000,0.000000,0.000000,1.000000,0.000000,0.000000,0.000000,0.150000,0.000000
1777213887.109291,0,0.000000,0.000000,0.000000,0.000000,0.270000,0.000000,0.000000,0.000000,0.000000,0.000000
1777213887.150385,0,0.000000,0.000000,0.000000,0.000000,0.250000,0.000000,0.000000,0.000000,0.150000,0.000000
1777213887.150918,0,0.000000,0.000000,0.000000,0.000000,1.000000,0.000000,0.000000,0.000000,0.000000,0.400000
1777213887.151311,0,0.000000,0.000000,0.000000,0.000000,0.000000,0.000000,0.000000,0.000000,0.300000,0.000000
1777213887.193097,0,0.000000,0.000000,0.000000,0.000000,0.000000,0.000000,0.000000,0.000000,0.300000,0.000000
1777213887.193605,0,0.000000,0.000000,0.000000,0.000000,1.000000,0.000000,0.000000,0.000000,0.000000,0.000000
1777213887.241018,0,0.000000,0.000000,0.000000,0.000000,1.000000,0.000000,0.000000,0.000000,0.000000,0.000000
1777213887.242256,0,0.000000,0.000000,0.000000,0.000000,0.300000,0.000000,0.000000,0.000000,0.150000,0.000000
1777213887.242781,0,0.000000,0.000000,0.000000,0.000000,0.250000,0.000000,0.000000,0.000000,0.000000,0.000000
1777213887.285898,0,0.000000,0.000000,0.000000,0.000000,0.270000,0.000000,0.000000,0.000000,0.300000,0.000000
1777213887.286398,0,0.000000,0.000000,0.000000,0.000000,0.600000,0.000000,0.000000,0.000000,0.000000,0.000000
1777213887.287139,0,0.000000,0.000000,0.000000,0.000000,0.540000,0.000000,0.000000,0.000000,0.000000,0.000000
1777213887.331234,0,0.000000,0.000000,0.000000,0.000000,0.250000,0.000000,0.000000,0.000000,0.150000,0.000000
1777213887.331831,0,0.000000,0.000000,0.000000,0.000000,0.250000,0.000000,0.000000,0.000000,0.150000,0.000000
1777213887.332244,0,0.000000,0.000000,0.000000,0.000000,0.310000,0.000000,0.000000,0.000000,0.000000,0.000000
1777213887.332666,0,0.000000,0.000000,0.000000,0.000000,0.200000,0.000000,0.000000,0.000000,0.000000,0.000000
1777213887.375059,0,0.000000,0.000000,0.000000,0.000000,0.680000,0.000000,0.000000,0.000000,0.000000,0.000000
1777213887.375577,0,0.000000,0.000000,0.000000,0.000000,0.110000,0.000000,0.000000,0.000000,0.000000,0.000000
1777213887.416050,0,0.000000,0.000000,0.000000,0.000000,1.000000,0.000000,0.000000,0.000000,0.150000,0.000000
1777213887.416586,0,0.000000,0.000000,0.000000,0.000000,0.000000,0.000000,0.000000,0.000000,0.440000,0.000000
1777213887.416991,0,0.000000,0.000000,0.000000,0.000000,0.000000,0.000000,0.000000,0.000000,0.300000,0.020000
1777213887.418014,0,0.000000,0.000000,0.000000,0.000000,0.000000,0.000000,0.000000,0.000000,0.440000,0.000000
1777213887.460244,0,0.000000,0.000000,0.000000,0.000000,0.000000,0.000000,0.000000,0.000000,0.300000,0.000000
1777213887.460758,0,0.000000,0.000000,0.000000,0.000000,1.000000,0.000000,0.000000,0.000000,0.000000,0.000000
1777213887.503814,0,0.000000,0.000000,0.000000,0.000000,0.330000,0.000000,0.000000,0.000000,0.150000,0.000000
1777213887.504908,0,0.000000,0.000000,0.000000,0.000000,0.000000,0.000000,0.000000,0.000000,0.440000,0.000000
1777213887.505847,0,0.000000,0.000000,0.000000,0.000000,0.000000,0.000000,0.000000,0.000000,0.300000,0.000000
1777213887.550567,0,0.000000,0.000000,0.000000,0.000000,1.000000,0.000000,0.000000,0.000000,0.000000,0.000000
1777213887.551104,0,0.000000,0.000000,0.000000,0.000000,0.070000,0.000000,0.000000,0.000000,0.000000,0.000000
1777213887.591347,0,0.000000,0.000000,0.000000,0.000000,0.000000,0.000000,0.000000,0.000000,0.440000,0.000000
1777213887.591856,0,0.000000,0.000000,0.000000,0.000000,0.870000,0.000000,0.000000,0.000000,0.150000,0.000000
1777213887.592809,0,0.000000,0.000000,0.000000,0.000000,0.050000,0.000000,0.000000,0.000000,0.000000,0.000000
1777213887.593275,0,0.000000,0.000000,0.000000,0.000000,0.820000,0.000000,0.000000,0.000000,0.150000,0.000000
1777213887.636050,0,0.000000,0.000000,0.000000,0.000000,0.330000,0.000000,0.000000,0.000000,0.000000,0.000000
1777213887.636585,0,0.000000,0.000000,0.000000,0.000000,0.540000,0.000000,0.000000,0.000000,0.000000,0.000000
1777213887.636977,0,0.000000,0.000000,0.000000,0.000000,0.400000,0.000000,0.000000,0.000000,0.150000,0.000000
1777213887.677500,0,0.000000,0.000000,0.000000,0.000000,0.280000,0.000000,0.000000,0.000000,0.000000,0.000000
1777213887.678005,0,0.000000,0.000000,0.000000,0.000000,0.000000,0.000000,0.000000,0.000000,0.300000,0.000000
1777213887.678863,0,0.000000,0.000000,0.000000,0.000000,0.870000,0.000000,0.000000,0.000000,0.000000,0.000000
1777213887.725445,0,0.000000,0.000000,0.000000,0.000000,0.690000,0.000000,0.000000,0.000000,0.300000,0.000000
1777213887.725981,0,0.000000,0.000000,0.000000,0.000000,1.000000,0.000000,0.000000,0.000000,0.000000,0.000000
1777213887.768799,0,0.000000,0.000000,0.000000,0.000000,0.050000,0.000000,0.000000,0.000000,0.150000,0.000000
1777213887.769334,0,0.000000,0.000000,0.000000,0.000000,1.000000,0.000000,0.000000,0.000000,0.000000,0.000000
1777213887.769745,0,0.000000,0.000000,0.000000,0.000000,1.000000,0.000000,0.000000,0.000000,0.150000,0.020000
1777213887.813018,0,0.000000,0.000000,0.000000,0.000000,0.330000,0.000000,0.000000,0.000000,0.150000,0.000000
1777213887.813544,0,0.000000,0.000000,0.000000,0.000000,0.280000,0.000000,0.000000,0.000000,0.150000,0.000000
1777213887.813942,0,0.000000,0.000000,0.000000,0.000000,1.000000,0.000000,0.000000,0.000000,0.150000,0.000000
1777213887.857933,0,0.000000,0.000000,0.000000,0.000000,0.170000,0.000000,0.000000,0.000000,0.150000,0.000000
1777213887.859953,0,0.000000,0.000000,0.000000,0.000000,0.230000,0.000000,0.000000,0.000000,0.150000,0.000000
1777213887.860677,0,0.000000,0.000000,0.000000,0.000000,0.340000,0.000000,0.000000,0.000000,0.000000,0.000000
1777213887.905015,0,0.000000,0.000000,0.000000,0.000000,1.000000,0.000000,0.000000,0.000000,0.000000,0.000000
1777213887.906172,0,0.000000,0.000000,0.000000,0.000000,1.000000,0.000000,0.000000,0.000000,0.000000,0.000000
1777213887.906655,0,0.000000,0.000000,0.000000,0.000000,0.000000,0.000000,0.000000,0.000000,0.300000,0.000000
1777213887.950673,0,0.000000,0.000000,0.000000,0.000000,0.000000,0.000000,0.000000,0.000000,0.300000,0.000000
1777213887.951343,0,0.000000,0.000000,0.000000,0.000000,0.680000,0.000000,0.000000,0.000000,0.000000,0.000000
1777213887.952178,0,0.000000,0.000000,0.000000,0.000000,0.120000,0.000000,0.000000,0.000000,0.440000,0.000000
1777213887.992234,0,0.000000,0.000000,0.000000,0.000000,0.120000,0.000000,0.000000,0.000000,0.000000,0.000000
1777213887.992787,0,0.000000,0.000000,0.000000,0.000000,0.690000,0.000000,0.000000,0.000000,0.000000,0.000000
1777213887.993200,0,0.000000,0.000000,0.000000,0.000000,0.120000,0.000000,0.000000,0.000000,0.150000,0.000000
1777213888.038270,0,0.000000,0.000000,0.000000,0.000000,0.000000,0.000000,0.000000,0.000000,0.300000,0.000000
1777213888.039133,0,0.000000,0.000000,0.000000,0.000000,1.000000,0.000000,0.000000,0.000000,0.000000,0.000000
1777213888.080657,0,0.000000,0.000000,0.000000,0.000000,0.000000,0.000000,0.000000,0.000000,0.300000,0.000000
1777213888.081192,0,0.000000,0.000000,0.000000,0.000000,0.280000,0.000000,0.000000,0.000000,0.000000,0.110000
1777213888.081581,0,0.000000,0.000000,0.000000,0.000000,1.000000,0.000000,0.000000,0.000000,0.000000,0.000000
1777213888.081951,0,0.000000,0.000000,0.000000,0.000000,0.550000,0.000000,0.000000,0.000000,0.000000,0.000000
1777213888.124163,0,0.000000,0.000000,0.000000,0.000000,1.000000,0.000000,0.000000,0.000000,0.000000,0.000000
1777213888.125228,0,0.000000,0.000000,0.000000,0.000000,1.000000,0.000000,0.000000,0.000000,0.000000,0.000000
1777213888.167814,0,0.000000,0.000000,0.000000,0.000000,0.810000,0.000000,0.000000,0.000000,0.150000,0.000000
1777213888.168445,0,0.000000,0.000000,0.000000,0.000000,0.100000,0.000000,0.000000,0.000000,0.150000,0.000000
1777213888.169032,0,0.000000,0.000000,0.000000,0.000000,0.280000,0.000000,0.000000,0.000000,0.150000,0.000000
1777213888.170208,0,0.000000,0.000000,0.000000,0.000000,0.100000,0.000000,0.000000,0.000000,0.000000,0.000000
1777213888.213740,0,0.000000,0.000000,0.000000,0.000000,0.200000,0.000000,0.000000,0.000000,0.150000,0.000000
1777213888.214242,0,0.000000,0.000000,0.000000,0.000000,0.200000,0.000000,0.000000,0.000000,0.150000,0.000000
1777213888.254928,0,0.000000,0.000000,0.000000,0.000000,0.200000,0.000000,0.000000,0.000000,0.000000,0.000000
1777213888.255429,0,0.000000,0.000000,0.000000,0.000000,0.000000,0.000000,0.000000,0.000000,0.300000,0.000000
1777213888.255815,0,0.000000,0.000000,0.000000,0.000000,1.000000,0.000000,0.000000,0.000000,0.000000,0.340000
1777213888.299445,0,0.000000,0.000000,0.000000,0.000000,0.820000,0.000000,0.000000,0.000000,0.000000,0.000000
1777213888.300488,0,0.000000,0.000000,0.000000,0.000000,0.510000,0.000000,0.000000,0.000000,0.000000,0.000000
1777213888.343524,0,0.000000,0.000000,0.000000,0.000000,1.000000,0.000000,0.000000,0.000000,0.150000,0.000000
1777213888.344084,0,0.000000,0.000000,0.000000,0.000000,0.070000,0.000000,0.000000,0.000000,0.750000,0.000000
1777213888.344477,0,0.000000,0.000000,0.000000,0.000000,0.750000,0.000000,0.000000,0.000000,0.000000,0.000000
1777213888.384923,0,0.000000,0.000000,0.000000,0.000000,0.360000,0.000000,0.000000,0.000000,0.000000,0.000000
1777213888.385425,0,0.000000,0.000000,0.000000,0.000000,0.950000,0.000000,0.000000,0.000000,0.150000,0.000000
1777213888.385864,0,0.000000,0.000000,0.000000,0.000000,1.000000,0.000000,0.000000,0.000000,0.000000,0.000000
1777213888.386280,0,0.000000,0.000000,0.000000,0.000000,0.070000,0.000000,0.000000,0.000000,0.000000,0.000000
1777213888.427160,0,0.000000,0.000000,0.000000,0.000000,0.500000,0.000000,0.000000,0.000000,0.150000,0.000000
1777213888.427683,0,0.000000,0.000000,0.000000,0.000000,0.930000,0.000000,0.000000,0.000000,0.000000,0.000000
1777213888.428613,0,0.000000,0.000000,0.000000,0.000000,0.000000,0.000000,0.000000,0.000000,0.440000,0.020000
1777213888.468540,0,0.000000,0.000000,0.000000,0.000000,0.050000,0.000000,0.000000,0.000000,0.000000,0.000000
1777213888.469069,0,0.000000,0.000000,0.000000,0.000000,0.070000,0.000000,0.000000,0.000000,0.000000,0.000000
1777213888.512049,0,0.000000,0.000000,0.000000,0.000000,0.640000,0.000000,0.000000,0.000000,0.000000,0.000000
1777213888.512559,0,0.000000,0.000000,0.000000,0.000000,0.460000,0.000000,0.000000,0.000000,0.150000,0.000000
1777213888.513655,0,0.000000,0.000000,0.000000,0.000000,0.200000,0.000000,0.000000,0.000000,0.000000,0.000000
1777213888.556979,0,0.000000,0.000000,0.000000,0.000000,0.200000,0.000000,0.000000,0.000000,0.000000,0.000000
1777213888.557495,0,0.000000,0.000000,0.000000,0.000000,0.300000,0.000000,0.000000,0.000000,0.150000,0.000000
1777213888.602321,0,0.000000,0.000000,0.000000,0.000000,0.660000,0.000000,0.000000,0.000000,0.150000,0.000000
1777213888.602825,0,0.000000,0.000000,0.000000,0.000000,0.150000,0.000000,0.000000,0.000000,0.300000,0.000000
1777213888.603214,0,0.000000,0.000000,0.000000,0.000000,0.910000,0.000000,0.000000,0.000000,0.000000,0.000000
1777213888.646937,0,0.000000,0.000000,0.000000,0.000000,0.630000,0.000000,0.000000,0.000000,0.000000,0.000000
1777213888.647480,0,0.000000,0.000000,0.000000,0.000000,0.410000,0.000000,0.000000,0.000000,0.000000,0.000000
1777213888.647872,0,0.000000,0.000000,0.000000,0.000000,0.000000,0.000000,0.000000,0.000000,0.440000,0.000000
1777213888.648247,0,0.000000,0.000000,0.000000,0.000000,0.180000,0.000000,0.000000,0.000000,0.150000,0.000000
1777213888.691675,0,0.000000,0.000000,0.000000,0.000000,0.210000,0.000000,0.000000,0.000000,0.000000,0.000000
1777213888.692235,0,0.000000,0.000000,0.000000,0.000000,1.000000,0.000000,0.000000,0.000000,0.000000,0.000000
1777213888.693162,0,0.000000,0.000000,0.000000,0.000000,0.000000,0.000000,0.000000,0.000000,0.300000,0.000000
1777213888.738432,0,0.000000,0.000000,0.000000,0.000000,1.000000,0.000000,0.000000,0.000000,0.150000,0.000000
1777213888.738947,0,0.000000,0.000000,0.000000,0.000000,0.500000,0.000000,0.000000,0.000000,0.000000,0.000000
1777213888.739340,0,0.000000,0.000000,0.000000,0.000000,1.000000,0.000000,0.000000,0.000000,0.000000,0.000000
1777213888.785258,0,0.000000,0.000000,0.000000,0.000000,0.000000,0.000000,0.000000,0.000000,0.300000,0.000000
1777213888.786304,0,0.000000,0.000000,0.000000,0.000000,0.000000,0.000000,0.000000,0.000000,0.300000,0.000000
1777213888.831571,0,0.000000,0.000000,0.000000,0.000000,0.000000,0.000000,0.000000,0.000000,0.440000,0.000000
1777213888.832222,0,0.000000,0.000000,0.000000,0.000000,0.150000,0.000000,0.000000,0.000000,0.300000,0.000000
1777213888.833063,0,0.000000,0.000000,0.000000,0.000000,1.000000,0.000000,0.000000,0.000000,0.150000,0.000000
1777213888.833740,0,0.000000,0.000000,0.000000,0.000000,0.140000,0.000000,0.000000,0.000000,0.000000,0.000000
1777213888.875897,0,0.000000,0.000000,0.000000,0.000000,0.510000,0.000000,0.000000,0.000000,0.150000,0.000000
1777213888.876399,0,0.000000,0.000000,0.000000,0.000000,0.270000,0.000000,0.000000,0.000000,0.000000,0.000000
1777213888.876811,0,0.000000,0.000000,0.000000,0.000000,0.370000,0.000000,0.000000,0.000000,0.150000,0.000000
1777213888.915931,0,0.000000,0.000000,0.000000,0.000000,1.000000,0.000000,0.000000,0.000000,0.000000,0.000000
1777213888.916524,0,0.000000,0.000000,0.000000,0.000000,0.300000,0.000000,0.000000,0.000000,0.150000,0.000000
1777213888.916931,0,0.000000,0.000000,0.000000,0.000000,1.000000,0.000000,0.000000,0.000000,0.000000,0.000000
1777213888.959534,0,0.000000,0.000000,0.000000,0.000000,0.430000,0.000000,0.000000,0.000000,0.000000,0.000000
1777213888.960067,0,0.000000,0.000000,0.000000,0.000000,1.000000,0.000000,0.000000,0.000000,0.000000,0.000000
1777213888.960459,0,0.000000,0.000000,0.000000,0.000000,0.090000,0.000000,0.000000,0.000000,0.300000,0.000000
1777213889.004799,0,0.000000,0.000000,0.000000,0.000000,0.610000,0.000000,0.000000,0.000000,0.000000,0.000000
1777213889.005329,0,0.000000,0.000000,0.000000,0.000000,1.000000,0.000000,0.000000,0.000000,0.150000,0.000000
1777213889.047485,0,0.000000,0.000000,0.000000,0.000000,0.100000,0.000000,0.000000,0.000000,0.150000,0.000000
1777213889.048010,0,0.000000,0.000000,0.000000,0.000000,0.250000,0.000000,0.000000,0.000000,0.000000,0.000000
1777213889.048413,0,0.000000,0.000000,0.000000,0.000000,0.000000,0.000000,0.000000,0.000000,0.300000,0.000000
1777213889.092466,0,0.000000,0.000000,0.000000,0.000000,0.000000,0.000000,0.000000,0.000000,0.300000,0.000000
1777213889.093099,0,0.000000,0.000000,0.000000,0.000000,0.150000,0.000000,0.000000,0.000000,0.300000,0.070000
1777213889.093823,0,0.000000,0.000000,0.000000,0.000000,0.140000,0.000000,0.000000,0.000000,0.300000,0.000000
1777213889.137262,0,0.000000,0.000000,0.000000,0.000000,1.000000,0.000000,0.000000,0.000000,0.000000,0.000000
1777213889.138036,0,0.000000,0.000000,0.000000,0.000000,0.460000,0.000000,0.000000,0.000000,0.000000,0.000000
1777213889.138820,0,0.000000,0.000000,0.000000,0.000000,0.200000,0.000000,0.000000,0.000000,0.300000,0.000000
1777213889.176820,0,0.000000,0.000000,0.000000,0.000000,0.000000,0.000000,0.000000,0.000000,0.300000,0.000000
1777213889.177508,0,0.000000,0.000000,0.000000,0.000000,0.700000,0.000000,0.000000,0.000000,0.150000,0.020000
1777213889.178009,0,0.000000,0.000000,0.000000,0.000000,0.230000,0.000000,0.000000,0.000000,0.000000,0.000000
1777213889.223144,0,0.000000,0.000000,0.000000,0.000000,0.550000,0.000000,0.000000,0.000000,0.000000,0.000000
1777213889.224756,0,0.000000,0.000000,0.000000,0.000000,0.630000,0.000000,0.000000,0.000000,0.150000,0.000000
1777213889.277332,0,0.000000,0.000000,0.000000,0.000000,1.000000,0.000000,0.000000,0.000000,0.150000,0.020000
1777213889.278230,0,0.000000,0.000000,0.000000,0.000000,0.360000,0.000000,0.000000,0.000000,0.000000,0.000000
1777213889.278936,0,0.000000,0.000000,0.000000,0.000000,0.560000,0.000000,0.000000,0.000000,0.150000,0.000000
1777213889.279799,0,0.000000,0.000000,0.000000,0.000000,1.000000,0.000000,0.000000,0.000000,0.150000,0.000000
1777213889.332365,0,0.000000,0.000000,0.000000,0.000000,0.000000,0.000000,0.000000,0.000000,0.300000,0.000000
1777213889.332938,0,0.000000,0.000000,0.000000,0.000000,0.000000,0.000000,0.000000,0.000000,0.440000,0.000000
1777213889.333376,0,0.000000,0.000000,0.000000,0.000000,0.820000,0.000000,0.000000,0.000000,0.000000,0.000000
1777213889.386747,0,0.000000,0.000000,0.000000,0.000000,0.820000,0.000000,0.000000,0.000000,0.150000,0.000000
1777213889.387280,0,0.000000,0.000000,0.000000,0.000000,0.770000,0.000000,0.000000,0.000000,0.000000,0.000000
1777213889.387685,0,0.000000,0.000000,0.000000,0.000000,1.000000,0.000000,0.000000,0.000000,0.000000,0.000000
1777213889.388058,0,0.000000,0.000000,0.000000,0.000000,0.230000,0.000000,0.000000,0.000000,0.000000,0.000000
1777213889.439674,0,0.000000,0.000000,0.000000,0.000000,1.000000,0.000000,0.000000,0.000000,0.000000,0.000000
1777213889.440470,0,0.000000,0.000000,0.000000,0.000000,0.370000,0.000000,0.000000,0.000000,0.000000,0.050000
1777213889.441146,0,0.000000,0.000000,0.000000,0.000000,0.600000,0.000000,0.000000,0.000000,0.000000,0.000000
1777213889.493860,0,0.000000,0.000000,0.000000,0.000000,0.000000,0.000000,0.000000,0.000000,0.300000,0.000000
1777213889.494387,0,0.000000,0.000000,0.000000,0.000000,0.000000,0.000000,0.000000,0.000000,0.300000,0.000000
1777213889.494792,0,0.000000,0.000000,0.000000,0.000000,0.090000,0.000000,0.000000,0.000000,0.000000,0.000000
1777213889.495196,0,0.000000,0.000000,0.000000,0.000000,1.000000,0.000000,0.000000,0.000000,0.000000,0.000000
1777213889.545161,0,0.000000,0.000000,0.000000,0.000000,0.200000,0.000000,0.000000,0.000000,0.440000,0.000000
1777213889.545700,0,0.000000,0.000000,0.000000,0.000000,0.330000,0.000000,0.000000,0.000000,0.000000,0.000000
1777213889.546099,0,0.000000,0.000000,0.000000,0.000000,0.090000,0.000000,0.000000,0.000000,0.150000,0.000000
1777213889.589130,0,0.000000,0.000000,0.000000,0.000000,1.000000,0.000000,0.000000,0.000000,0.000000,0.000000
1777213889.589861,0,0.000000,0.000000,0.000000,0.000000,0.330000,0.000000,0.000000,0.000000,0.150000,0.000000
1777213889.590392,0,0.000000,0.000000,0.000000,0.000000,0.460000,0.000000,0.000000,0.000000,0.150000,0.070000
1777213889.590974,0,0.000000,0.000000,0.000000,0.000000,0.000000,0.000000,0.000000,0.000000,0.300000,0.000000
1777213889.637468,0,0.000000,0.000000,0.000000,0.000000,0.000000,0.000000,0.000000,0.000000,0.300000,0.000000
1777213889.638001,0,0.000000,0.000000,0.000000,0.000000,0.870000,0.000000,0.000000,0.000000,0.000000,0.000000
1777213889.638523,0,0.000000,0.000000,0.000000,0.000000,0.000000,0.000000,0.000000,0.000000,0.300000,0.000000
1777213889.680000,0,0.000000,0.000000,0.000000,0.000000,0.200000,0.000000,0.000000,0.000000,0.000000,0.000000
1777213889.680888,0,0.000000,0.000000,0.000000,0.000000,0.800000,0.000000,0.000000,0.000000,0.150000,0.000000
1777213889.681424,0,0.000000,0.000000,0.000000,0.000000,0.200000,0.000000,0.000000,0.000000,0.000000,0.000000
1777213889.725942,0,0.000000,0.000000,0.000000,0.000000,0.150000,0.000000,0.000000,0.000000,0.000000,0.000000
1777213889.726593,0,0.000000,0.000000,0.000000,0.000000,1.000000,0.000000,0.000000,0.000000,0.000000,0.000000
1777213889.727203,0,0.000000,0.000000,0.000000,0.000000,1.000000,0.000000,0.000000,0.000000,0.150000,0.000000
1777213889.769616,0,0.000000,0.000000,0.000000,0.000000,0.870000,0.000000,0.000000,0.000000,0.000000,0.000000
1777213889.770265,0,0.000000,0.000000,0.000000,0.000000,0.000000,0.000000,0.000000,0.000000,0.300000,0.000000
1777213889.770673,0,0.000000,0.000000,0.000000,0.000000,1.000000,0.000000,0.000000,0.000000,0.150000,0.000000
1777213889.811583,0,0.000000,0.000000,0.000000,0.000000,0.000000,0.000000,0.000000,0.000000,0.300000,0.000000
1777213889.812137,0,0.000000,0.000000,0.000000,0.000000,0.360000,0.000000,0.000000,0.000000,0.150000,0.000000
1777213889.854208,0,0.000000,0.000000,0.000000,0.000000,0.330000,0.000000,0.000000,0.000000,0.150000,0.000000
1777213889.854777,0,0.000000,0.000000,0.000000,0.000000,0.370000,0.000000,0.000000,0.000000,0.000000,0.000000
1777213889.855184,0,0.000000,0.000000,0.000000,0.000000,0.300000,0.000000,0.000000,0.000000,0.000000,0.000000
1777213889.896353,0,0.000000,0.000000,0.000000,0.000000,0.070000,0.000000,0.000000,0.000000,0.150000,0.000000
1777213889.896866,0,0.000000,0.000000,0.000000,0.000000,0.000000,0.000000,0.000000,0.000000,0.300000,0.000000
1777213889.897830,0,0.000000,0.000000,0.000000,0.000000,0.680000,0.000000,0.000000,0.000000,0.000000,0.000000
1777213889.943434,0,0.000000,0.000000,0.000000,0.000000,0.000000,0.000000,0.000000,0.000000,0.600000,0.000000
1777213889.944023,0,0.000000,0.000000,0.000000,0.000000,0.610000,0.000000,0.000000,0.000000,0.000000,0.100000
1777213889.987975,0,0.000000,0.000000,0.000000,0.000000,0.000000,0.000000,0.000000,0.000000,0.440000,0.000000
1777213889.988478,0,0.000000,0.000000,0.000000,0.000000,1.000000,0.000000,0.000000,0.000000,0.300000,0.000000
1777213889.988884,0,0.000000,0.000000,0.000000,0.000000,0.460000,0.000000,0.000000,0.000000,0.150000,0.000000
1777213889.989260,0,0.000000,0.000000,0.000000,0.000000,1.000000,0.000000,0.000000,0.000000,0.150000,0.000000
1777213890.029373,0,0.000000,0.000000,0.000000,0.000000,0.300000,0.000000,0.000000,0.000000,0.000000,0.000000
1777213890.029876,0,0.000000,0.000000,0.000000,0.000000,1.000000,0.000000,0.000000,0.000000,0.150000,0.000000
1777213890.030269,0,0.000000,0.000000,0.000000,0.000000,0.120000,0.000000,0.000000,0.000000,0.000000,0.000000
1777213890.072680,0,0.000000,0.000000,0.000000,0.000000,0.440000,0.000000,0.000000,0.000000,0.150000,0.000000
1777213890.073222,0,0.000000,0.000000,0.000000,0.000000,0.250000,0.000000,0.000000,0.000000,0.000000,0.000000
1777213890.074148,0,0.000000,0.000000,0.000000,0.000000,1.000000,0.000000,0.000000,0.000000,0.150000,0.000000
1777213890.114883,0,0.000000,0.000000,0.000000,0.000000,0.550000,0.000000,0.000000,0.000000,0.000000,0.000000
1777213890.115400,0,0.000000,0.000000,0.000000,0.000000,1.000000,0.000000,0.000000,0.000000,0.000000,0.000000
1777213890.161947,0,0.000000,0.000000,0.000000,0.000000,1.000000,0.000000,0.000000,0.000000,0.000000,0.070000
1777213890.162519,0,0.000000,0.000000,0.000000,0.000000,0.150000,0.000000,0.000000,0.000000,0.150000,0.000000
1777213890.203805,0,0.000000,0.000000,0.000000,0.000000,0.030000,0.000000,0.000000,0.000000,0.150000,0.000000
1777213890.204686,0,0.000000,0.000000,0.000000,0.000000,0.800000,0.000000,0.000000,0.000000,0.000000,0.000000
1777213890.205454,0,0.000000,0.000000,0.000000,0.000000,0.070000,0.000000,0.000000,0.000000,0.150000,0.000000
1777213890.206614,0,0.000000,0.000000,0.000000,0.000000,0.660000,0.000000,0.000000,0.000000,0.300000,0.000000
1777213890.250718,0,0.000000,0.000000,0.000000,0.000000,0.110000,0.000000,0.000000,0.000000,0.150000,0.000000
1777213890.251254,0,0.000000,0.000000,0.000000,0.000000,0.750000,0.000000,0.000000,0.000000,0.000000,0.000000
1777213890.251668,0,0.000000,0.000000,0.000000,0.000000,1.000000,0.000000,0.000000,0.000000,0.150000,0.000000
1777213890.293512,0,0.000000,0.000000,0.000000,0.000000,0.050000,0.000000,0.000000,0.000000,0.300000,0.000000
1777213890.294011,0,0.000000,0.000000,0.000000,0.000000,0.250000,0.000000,0.000000,0.000000,0.000000,0.000000
1777213890.294517,0,0.000000,0.000000,0.000000,0.000000,0.870000,0.000000,0.000000,0.000000,0.000000,0.000000
1777213890.336144,0,0.000000,0.000000,0.000000,0.000000,0.200000,0.000000,0.000000,0.000000,0.000000,0.000000
1777213890.336766,0,0.000000,0.000000,0.000000,0.000000,0.000000,0.000000,0.000000,0.000000,0.300000,0.020000
1777213890.337298,0,0.000000,0.000000,0.000000,0.000000,0.700000,0.000000,0.000000,0.000000,0.000000,0.000000
1777213890.378556,0,0.000000,0.000000,0.000000,0.000000,1.000000,0.000000,0.000000,0.000000,0.150000,0.000000
1777213890.379074,0,0.000000,0.000000,0.000000,0.000000,0.050000,0.000000,0.000000,0.000000,0.150000,0.000000
1777213890.380101,0,0.000000,0.000000,0.000000,0.000000,0.560000,0.000000,0.000000,0.000000,0.000000,0.000000
1777213890.420182,0,0.000000,0.000000,0.000000,0.000000,0.200000,0.000000,0.000000,0.000000,0.150000,0.020000
1777213890.420694,0,0.000000,0.000000,0.000000,0.000000,0.050000,0.000000,0.000000,0.000000,0.150000,0.000000
1777213890.462393,0,0.000000,0.000000,0.000000,0.000000,0.560000,0.000000,0.000000,0.000000,0.150000,0.000000
1777213890.462890,0,0.000000,0.000000,0.000000,0.000000,1.000000,0.000000,0.000000,0.000000,0.000000,0.000000
1777213890.463279,0,0.000000,0.000000,0.000000,0.000000,0.000000,0.000000,0.000000,0.000000,0.300000,0.000000
1777213890.503406,0,0.000000,0.000000,0.000000,0.000000,0.150000,0.000000,0.000000,0.000000,0.150000,0.000000
1777213890.503924,0,0.000000,0.000000,0.000000,0.000000,0.430000,0.000000,0.000000,0.000000,0.300000,0.000000
1777213890.545121,0,0.000000,0.000000,0.000000,0.000000,0.400000,0.000000,0.000000,0.000000,0.000000,0.000000
1777213890.545856,0,0.000000,0.000000,0.000000,0.000000,0.500000,0.000000,0.000000,0.000000,0.150000,0.000000
1777213890.546367,0,0.000000,0.000000,0.000000,0.000000,1.000000,0.000000,0.000000,0.000000,0.150000,0.020000
1777213890.589457,0,0.000000,0.000000,0.000000,0.000000,0.890000,0.000000,0.000000,0.000000,0.000000,0.000000
1777213890.590518,0,0.000000,0.000000,0.000000,0.000000,0.000000,0.000000,0.000000,0.000000,0.300000,0.050000
1777213890.591436,0,0.000000,0.000000,0.000000,0.000000,0.050000,0.000000,0.000000,0.000000,0.150000,0.000000
1777213890.633689,0,0.000000,0.000000,0.000000,0.000000,0.930000,0.000000,0.000000,0.000000,0.000000,0.000000
1777213890.634190,0,0.000000,0.000000,0.000000,0.000000,0.230000,0.000000,0.000000,0.000000,0.000000,0.000000
1777213890.634595,0,0.000000,0.000000,0.000000,0.000000,0.510000,0.000000,0.000000,0.000000,0.150000,0.000000
1777213890.635249,0,0.000000,0.000000,0.000000,0.000000,1.000000,0.000000,0.000000,0.000000,0.150000,0.000000
1777213890.678966,0,0.000000,0.000000,0.000000,0.000000,0.000000,0.000000,0.000000,0.000000,0.300000,0.000000
1777213890.679509,0,0.000000,0.000000,0.000000,0.000000,0.310000,0.000000,0.000000,0.000000,0.000000,0.000000
1777213890.725802,0,0.000000,0.000000,0.000000,0.000000,0.330000,0.000000,0.000000,0.000000,0.000000,0.000000
1777213890.726377,0,0.000000,0.000000,0.000000,0.000000,0.340000,0.000000,0.000000,0.000000,0.150000,0.000000
1777213890.726800,0,0.000000,0.000000,0.000000,0.000000,0.000000,0.000000,0.000000,0.000000,0.300000,0.000000
1777213890.771116,0,0.000000,0.000000,0.000000,0.000000,0.820000,0.000000,0.000000,0.000000,0.000000,0.000000
1777213890.771618,0,0.000000,0.000000,0.000000,0.000000,0.750000,0.000000,0.000000,0.000000,0.300000,0.020000
1777213890.772514,0,0.000000,0.000000,0.000000,0.000000,0.330000,0.000000,0.000000,0.000000,0.000000,0.000000
1777213890.813001,0,0.000000,0.000000,0.000000,0.000000,0.110000,0.000000,0.000000,0.000000,0.150000,0.000000
1777213890.813550,0,0.000000,0.000000,0.000000,0.000000,0.110000,0.000000,0.000000,0.000000,0.150000,0.000000
1777213890.814877,0,0.000000,0.000000,0.000000,0.000000,1.000000,0.000000,0.000000,0.000000,0.000000,0.000000
1777213890.860014,0,0.000000,0.000000,0.000000,0.000000,0.150000,0.000000,0.000000,0.000000,0.000000,0.000000
1777213890.860526,0,0.000000,0.000000,0.000000,0.000000,0.940000,0.000000,0.000000,0.000000,0.000000,0.020000
1777213890.860931,0,0.000000,0.000000,0.000000,0.000000,1.000000,0.000000,0.000000,0.000000,0.000000,0.000000
1777213890.906886,0,0.000000,0.000000,0.000000,0.000000,0.050000,0.000000,0.000000,0.000000,0.300000,0.000000
1777213890.907717,0,0.000000,0.000000,0.000000,0.000000,0.120000,0.000000,0.000000,0.000000,0.150000,0.000000
1777213890.908246,0,0.000000,0.000000,0.000000,0.000000,0.070000,0.000000,0.000000,0.000000,0.300000,0.000000
1777213890.947801,0,0.000000,0.000000,0.000000,0.000000,0.640000,0.000000,0.000000,0.000000,0.000000,0.000000
1777213890.948322,0,0.000000,0.000000,0.000000,0.000000,0.200000,0.000000,0.000000,0.000000,0.000000,0.020000
1777213890.992540,0,0.000000,0.000000,0.000000,0.000000,0.250000,0.000000,0.000000,0.000000,0.300000,0.000000
1777213890.993061,0,0.000000,0.000000,0.000000,0.000000,0.000000,0.000000,0.000000,0.000000,0.300000,0.000000
1777213891.037588,0,0.000000,0.000000,0.000000,0.000000,0.620000,0.000000,0.000000,0.000000,0.150000,0.000000
1777213891.038295,0,0.000000,0.000000,0.000000,0.000000,0.210000,0.000000,0.000000,0.000000,0.000000,0.000000
1777213891.038815,0,0.000000,0.000000,0.000000,0.000000,0.690000,0.000000,0.000000,0.000000,0.000000,0.000000
1777213891.039326,0,0.000000,0.000000,0.000000,0.000000,0.330000,0.000000,0.000000,0.000000,0.000000,0.000000
1777213891.081340,0,0.000000,0.000000,0.000000,0.000000,0.000000,0.000000,0.000000,0.000000,0.300000,0.000000
1777213891.082225,0,0.000000,0.000000,0.000000,0.000000,0.000000,0.000000,0.000000,0.000000,0.300000,0.000000
1777213891.083110,0,0.000000,0.000000,0.000000,0.000000,1.000000,0.000000,0.000000,0.000000,0.000000,0.000000
1777213891.084436,0,0.000000,0.000000,0.000000,0.000000,0.000000,0.000000,0.000000,0.000000,0.440000,0.000000
1777213891.127687,0,0.000000,0.000000,0.000000,0.000000,1.000000,0.000000,0.000000,0.000000,0.000000,0.000000
1777213891.128284,0,0.000000,0.000000,0.000000,0.000000,1.000000,0.000000,0.000000,0.000000,0.000000,0.000000
1777213891.128680,0,0.000000,0.000000,0.000000,0.000000,1.000000,0.000000,0.000000,0.000000,0.000000,0.020000
1777213891.169983,0,0.000000,0.000000,0.000000,0.000000,1.000000,0.000000,0.000000,0.000000,0.000000,0.000000
1777213891.170502,0,0.000000,0.000000,0.000000,0.000000,1.000000,0.000000,0.000000,0.000000,0.000000,0.000000
1777213891.215290,0,0.000000,0.000000,0.000000,0.000000,0.000000,0.000000,0.000000,0.000000,0.300000,0.360000
1777213891.216551,0,0.000000,0.000000,0.000000,0.000000,0.560000,0.000000,0.000000,0.000000,0.000000,0.000000
1777213891.217565,0,0.000000,0.000000,0.000000,0.000000,1.000000,0.000000,0.000000,0.000000,0.000000,0.000000
1777213891.218847,0,0.000000,0.000000,0.000000,0.000000,0.560000,0.000000,0.000000,0.000000,0.150000,0.000000
1777213891.265372,0,0.000000,0.000000,0.000000,0.000000,0.400000,0.000000,0.000000,0.000000,0.600000,0.000000
1777213891.266914,0,0.000000,0.000000,0.000000,0.000000,0.560000,0.000000,0.000000,0.000000,0.000000,0.000000
1777213891.308389,0,0.000000,0.000000,0.000000,0.000000,0.360000,0.000000,0.000000,0.000000,0.150000,0.000000
1777213891.309028,0,0.000000,0.000000,0.000000,0.000000,0.750000,0.000000,0.000000,0.000000,0.000000,0.000000
1777213891.309437,0,0.000000,0.000000,0.000000,0.000000,0.000000,0.000000,0.000000,0.000000,0.300000,0.000000
1777213891.351408,0,0.000000,0.000000,0.000000,0.000000,0.330000,0.000000,0.000000,0.000000,0.150000,0.000000
1777213891.352008,0,0.000000,0.000000,0.000000,0.000000,0.000000,0.000000,0.000000,0.000000,0.300000,0.000000
1777213891.352775,0,0.000000,0.000000,0.000000,0.000000,0.550000,0.000000,0.000000,0.000000,0.000000,0.000000
1777213891.395808,0,0.000000,0.000000,0.000000,0.000000,0.870000,0.000000,0.000000,0.000000,0.150000,0.000000
1777213891.396313,0,0.000000,0.000000,0.000000,0.000000,0.600000,0.000000,0.000000,0.000000,0.000000,0.000000
1777213891.396799,0,0.000000,0.000000,0.000000,0.000000,0.800000,0.000000,0.000000,0.000000,0.000000,0.000000
1777213891.437801,0,0.000000,0.000000,0.000000,0.000000,1.000000,0.000000,0.000000,0.000000,0.000000,0.000000
1777213891.438303,0,0.000000,0.000000,0.000000,0.000000,0.600000,0.000000,0.000000,0.000000,0.150000,0.000000
1777213891.438692,0,0.000000,0.000000,0.000000,0.000000,0.070000,0.000000,0.000000,0.000000,0.150000,0.000000
1777213891.478529,0,0.000000,0.000000,0.000000,0.000000,0.250000,0.000000,0.000000,0.000000,0.000000,0.000000
1777213891.479375,0,0.000000,0.000000,0.000000,0.000000,1.000000,0.000000,0.000000,0.000000,0.000000,0.000000
1777213891.480042,0,0.000000,0.000000,0.000000,0.000000,0.090000,0.000000,0.000000,0.000000,0.000000,0.000000
1777213891.520967,0,0.000000,0.000000,0.000000,0.000000,0.200000,0.000000,0.000000,0.000000,0.000000,0.000000
1777213891.521461,0,0.000000,0.000000,0.000000,0.000000,0.300000,0.000000,0.000000,0.000000,0.000000,0.000000
1777213891.521944,0,0.000000,0.000000,0.000000,0.000000,0.720000,0.000000,0.000000,0.000000,0.150000,0.000000
1777213891.565366,0,0.000000,0.000000,0.000000,0.000000,1.000000,0.000000,0.000000,0.000000,0.000000,0.000000
1777213891.565888,0,0.000000,0.000000,0.000000,0.000000,0.200000,0.000000,0.000000,0.000000,0.150000,0.000000
1777213891.611315,0,0.000000,0.000000,0.000000,0.000000,0.000000,0.000000,0.000000,0.000000,0.300000,0.000000
1777213891.611827,0,0.000000,0.000000,0.000000,0.000000,0.400000,0.000000,0.000000,0.000000,0.000000,0.000000
1777213891.612217,0,0.000000,0.000000,0.000000,0.000000,0.760000,0.000000,0.000000,0.000000,0.150000,0.020000
1777213891.654016,0,0.000000,0.000000,0.000000,0.000000,0.460000,0.000000,0.000000,0.000000,0.000000,0.020000
1777213891.654505,0,0.000000,0.000000,0.000000,0.000000,0.000000,0.000000,0.000000,0.000000,0.300000,0.000000
1777213891.654890,0,0.000000,0.000000,0.000000,0.000000,0.930000,0.000000,0.000000,0.000000,0.150000,0.000000
1777213891.698198,0,0.000000,0.000000,0.000000,0.000000,0.310000,0.000000,0.000000,0.000000,0.000000,0.000000
1777213891.698720,0,0.000000,0.000000,0.000000,0.000000,0.500000,0.000000,0.000000,0.000000,0.150000,0.000000
1777213891.736342,0,0.000000,0.000000,0.000000,0.000000,1.000000,0.000000,0.000000,0.000000,0.000000,0.000000
1777213891.736843,0,0.000000,0.000000,0.000000,0.000000,0.000000,0.000000,0.000000,0.000000,0.600000,0.000000
1777213891.737233,0,0.000000,0.000000,0.000000,0.000000,1.000000,0.000000,0.000000,0.000000,0.000000,0.020000
1777213891.780544,0,0.000000,0.000000,0.000000,0.000000,0.000000,0.000000,0.000000,0.000000,0.300000,0.020000
1777213891.781072,0,0.000000,0.000000,0.000000,0.000000,0.110000,0.000000,0.000000,0.000000,0.150000,0.000000
1777213891.781464,0,0.000000,0.000000,0.000000,0.000000,1.000000,0.000000,0.000000,0.000000,0.150000,0.000000
1777213891.820564,0,0.000000,0.000000,0.000000,0.000000,1.000000,0.000000,0.000000,0.000000,0.000000,0.000000
1777213891.821086,0,0.000000,0.000000,0.000000,0.000000,0.200000,0.000000,0.000000,0.000000,0.150000,0.000000
1777213891.821478,0,0.000000,0.000000,0.000000,0.000000,0.070000,0.000000,0.000000,0.000000,0.150000,0.000000
1777213891.863519,0,0.000000,0.000000,0.000000,0.000000,0.000000,0.000000,0.000000,0.000000,0.440000,0.000000
1777213891.864022,0,0.000000,0.000000,0.000000,0.000000,0.560000,0.000000,0.000000,0.000000,0.000000,0.000000
1777213891.864490,0,0.000000,0.000000,0.000000,0.000000,0.050000,0.000000,0.000000,0.000000,0.000000,0.000000
1777213891.908635,0,0.000000,0.000000,0.000000,0.000000,0.110000,0.000000,0.000000,0.000000,0.000000,0.000000
1777213891.909141,0,0.000000,0.000000,0.000000,0.000000,0.200000,0.000000,0.000000,0.000000,0.000000,0.000000
1777213891.952541,0,0.000000,0.000000,0.000000,0.000000,0.330000,0.000000,0.000000,0.000000,0.300000,0.000000
1777213891.953037,0,0.000000,0.000000,0.000000,0.000000,0.120000,0.000000,0.000000,0.000000,0.000000,0.000000
1777213891.953424,0,0.000000,0.000000,0.000000,0.000000,0.200000,0.000000,0.000000,0.000000,0.150000,0.020000
1777213891.998394,0,0.000000,0.000000,0.000000,0.000000,1.000000,0.000000,0.000000,0.000000,0.000000,0.000000
1777213891.999496,0,0.000000,0.000000,0.000000,0.000000,0.200000,0.000000,0.000000,0.000000,0.150000,0.000000
1777213892.000475,0,0.000000,0.000000,0.000000,0.000000,0.000000,0.000000,0.000000,0.000000,0.300000,0.000000
1777213892.042558,0,0.000000,0.000000,0.000000,0.000000,0.430000,0.000000,0.000000,0.000000,0.000000,0.000000
1777213892.043412,0,0.000000,0.000000,0.000000,0.000000,0.910000,0.000000,0.000000,0.000000,0.150000,0.000000
1777213892.044116,0,0.000000,0.000000,0.000000,0.000000,0.370000,0.000000,0.000000,0.000000,0.000000,0.000000
1777213892.083186,0,0.000000,0.000000,0.000000,0.000000,0.660000,0.000000,0.000000,0.000000,0.300000,0.000000
1777213892.083762,0,0.000000,0.000000,0.000000,0.000000,0.400000,0.000000,0.000000,0.000000,0.150000,0.000000
1777213892.084251,0,0.000000,0.000000,0.000000,0.000000,0.540000,0.000000,0.000000,0.000000,0.150000,0.000000
1777213892.125584,0,0.000000,0.000000,0.000000,0.000000,0.000000,0.000000,0.000000,0.000000,0.600000,0.020000
1777213892.126222,0,0.000000,0.000000,0.000000,0.000000,0.000000,0.000000,0.000000,0.000000,0.440000,0.000000
1777213892.127464,0,0.000000,0.000000,0.000000,0.000000,1.000000,0.000000,0.000000,0.000000,0.000000,0.000000
1777213892.171084,0,0.000000,0.000000,0.000000,0.000000,1.000000,0.000000,0.000000,0.000000,0.150000,0.000000
1777213892.171607,0,0.000000,0.000000,0.000000,0.000000,1.000000,0.000000,0.000000,0.000000,0.000000,0.000000
1777213892.213638,0,0.000000,0.000000,0.000000,0.000000,0.400000,0.000000,0.000000,0.000000,0.150000,0.000000
1777213892.214141,0,0.000000,0.000000,0.000000,0.000000,1.000000,0.000000,0.000000,0.000000,0.150000,0.000000
1777213892.214538,0,0.000000,0.000000,0.000000,0.000000,0.400000,0.000000,0.000000,0.000000,0.150000,0.000000
1777213892.254626,0,0.000000,0.000000,0.000000,0.000000,0.140000,0.000000,0.000000,0.000000,0.150000,0.000000
1777213892.255141,0,0.000000,0.000000,0.000000,0.000000,0.100000,0.000000,0.000000,0.000000,0.000000,0.000000
1777213892.255533,0,0.000000,0.000000,0.000000,0.000000,1.000000,0.000000,0.000000,0.000000,0.150000,0.000000
1777213892.296705,0,0.000000,0.000000,0.000000,0.000000,0.560000,0.000000,0.000000,0.000000,0.000000,0.110000
1777213892.297486,0,0.000000,0.000000,0.000000,0.000000,0.000000,0.000000,0.000000,0.000000,0.300000,0.000000
1777213892.298309,0,0.000000,0.000000,0.000000,0.000000,0.250000,0.000000,0.000000,0.000000,0.000000,0.000000
1777213892.339652,0,0.000000,0.000000,0.000000,0.000000,1.000000,0.000000,0.000000,0.000000,0.150000,0.000000
1777213892.340928,0,0.000000,0.000000,0.000000,0.000000,0.500000,0.000000,0.000000,0.000000,0.150000,0.000000
1777213892.341894,0,0.000000,0.000000,0.000000,0.000000,1.000000,0.000000,0.000000,0.000000,0.000000,0.000000
1777213892.382444,0,0.000000,0.000000,0.000000,0.000000,1.000000,0.000000,0.000000,0.000000,0.000000,0.000000
1777213892.382946,0,0.000000,0.000000,0.000000,0.000000,1.000000,0.000000,0.000000,0.000000,0.000000,0.000000
1777213892.423242,0,0.000000,0.000000,0.000000,0.000000,1.000000,0.000000,0.000000,0.000000,0.000000,0.000000
1777213892.423750,0,0.000000,0.000000,0.000000,0.000000,1.000000,0.000000,0.000000,0.000000,0.000000,0.000000
1777213892.424140,0,0.000000,0.000000,0.000000,0.000000,1.000000,0.000000,0.000000,0.000000,0.150000,0.000000
1777213892.471067,0,0.000000,0.000000,0.000000,0.000000,1.000000,0.000000,0.000000,0.000000,0.000000,0.000000
1777213892.471648,0,0.000000,0.000000,0.000000,0.000000,1.000000,0.000000,0.000000,0.000000,0.000000,0.000000
1777213892.472172,0,0.000000,0.000000,0.000000,0.000000,0.500000,0.000000,0.000000,0.000000,0.000000,0.000000
1777213892.512871,0,0.000000,0.000000,0.000000,0.000000,0.000000,0.000000,0.000000,0.000000,0.300000,0.000000
1777213892.513402,0,0.000000,0.000000,0.000000,0.000000,1.000000,0.000000,0.000000,0.000000,0.150000,0.000000
1777213892.513808,0,0.000000,0.000000,0.000000,0.000000,0.070000,0.000000,0.000000,0.000000,0.000000,0.000000
1777213892.556788,0,0.000000,0.000000,0.000000,0.000000,1.000000,0.000000,0.000000,0.000000,0.150000,0.000000
1777213892.557300,0,0.000000,0.000000,0.000000,0.000000,0.150000,0.000000,0.000000,0.000000,0.150000,0.000000
1777213892.597414,0,0.000000,0.000000,0.000000,0.000000,1.000000,0.000000,0.000000,0.000000,0.000000,0.000000
1777213892.597940,0,0.000000,0.000000,0.000000,0.000000,0.360000,0.000000,0.000000,0.000000,0.150000,0.000000
1777213892.598579,0,0.000000,0.000000,0.000000,0.000000,0.000000,0.000000,0.000000,0.000000,0.910000,0.000000
1777213892.599077,0,0.000000,0.000000,0.000000,0.000000,0.150000,0.000000,0.000000,0.000000,0.000000,0.000000
1777213892.640487,0,0.000000,0.000000,0.000000,0.000000,0.560000,0.000000,0.000000,0.000000,0.000000,0.000000
1777213892.641159,0,0.000000,0.000000,0.000000,0.000000,0.000000,0.000000,0.000000,0.000000,0.300000,0.000000
1777213892.681902,0,0.000000,0.000000,0.000000,0.000000,1.000000,0.000000,0.000000,0.000000,0.000000,0.000000
1777213892.682444,0,0.000000,0.000000,0.000000,0.000000,0.200000,0.000000,0.000000,0.000000,0.000000,0.000000
1777213892.721978,0,0.000000,0.000000,0.000000,0.000000,0.540000,0.000000,0.000000,0.000000,0.000000,0.000000
1777213892.723065,0,0.000000,0.000000,0.000000,0.000000,0.440000,0.000000,0.000000,0.000000,0.000000,0.020000
1777213892.723997,0,0.000000,0.000000,0.000000,0.000000,1.000000,0.000000,0.000000,0.000000,0.000000,0.000000
1777213892.768023,0,0.000000,0.000000,0.000000,0.000000,0.000000,0.000000,0.000000,0.000000,0.300000,0.000000
1777213892.768651,0,0.000000,0.000000,0.000000,0.000000,0.000000,0.000000,0.000000,0.000000,0.300000,0.000000
1777213892.769061,0,0.000000,0.000000,0.000000,0.000000,1.000000,0.000000,0.000000,0.000000,0.000000,0.000000
1777213892.809669,0,0.000000,0.000000,0.000000,0.000000,0.400000,0.000000,0.000000,0.000000,0.000000,0.000000
1777213892.810182,0,0.000000,0.000000,0.000000,0.000000,1.000000,0.000000,0.000000,0.000000,0.000000,0.000000
1777213892.810917,0,0.000000,0.000000,0.000000,0.000000,0.000000,0.000000,0.000000,0.000000,0.750000,0.000000
1777213892.811372,0,0.000000,0.000000,0.000000,0.000000,0.690000,0.000000,0.000000,0.000000,0.000000,0.000000
1777213892.850808,0,0.000000,0.000000,0.000000,0.000000,0.410000,0.000000,0.000000,0.000000,0.000000,0.000000
1777213892.851308,0,0.000000,0.000000,0.000000,0.000000,1.000000,0.000000,0.000000,0.000000,0.150000,0.070000
1777213892.890880,0,0.000000,0.000000,0.000000,0.000000,1.000000,0.000000,0.000000,0.000000,0.000000,0.000000
1777213892.891720,0,0.000000,0.000000,0.000000,0.000000,0.000000,0.000000,0.000000,0.000000,0.440000,0.000000
1777213892.892380,0,0.000000,0.000000,0.000000,0.000000,0.050000,0.000000,0.000000,0.000000,0.150000,0.000000
1777213892.892907,0,0.000000,0.000000,0.000000,0.000000,0.100000,0.000000,0.000000,0.000000,0.000000,0.000000
1777213892.934178,0,0.000000,0.000000,0.000000,0.000000,0.750000,0.000000,0.000000,0.000000,0.000000,0.000000
1777213892.934766,0,0.000000,0.000000,0.000000,0.000000,0.370000,0.000000,0.000000,0.000000,0.000000,0.000000
1777213892.978823,0,0.000000,0.000000,0.000000,0.000000,0.680000,0.000000,0.000000,0.000000,0.000000,0.000000
1777213892.979336,0,0.000000,0.000000,0.000000,0.000000,1.000000,0.000000,0.000000,0.000000,0.000000,0.000000
1777213892.979782,0,0.000000,0.000000,0.000000,0.000000,0.330000,0.000000,0.000000,0.000000,0.000000,0.000000
1777213893.022746,0,0.000000,0.000000,0.000000,0.000000,1.000000,0.000000,0.000000,0.000000,0.150000,0.000000
1777213893.023403,0,0.000000,0.000000,0.000000,0.000000,0.370000,0.000000,0.000000,0.000000,0.000000,0.000000
1777213893.066215,0,0.000000,0.000000,0.000000,0.000000,0.230000,0.000000,0.000000,0.000000,0.000000,0.000000
1777213893.066760,0,0.000000,0.000000,0.000000,0.000000,0.560000,0.000000,0.000000,0.000000,0.000000,0.000000
1777213893.067173,0,0.000000,0.000000,0.000000,0.000000,0.100000,0.000000,0.000000,0.000000,0.300000,0.000000
1777213893.068084,0,0.000000,0.000000,0.000000,0.000000,0.460000,0.000000,0.000000,0.000000,0.150000,0.000000
1777213893.109777,0,0.000000,0.000000,0.000000,0.000000,0.210000,0.000000,0.000000,0.000000,0.000000,0.000000
1777213893.111206,0,0.000000,0.000000,0.000000,0.000000,1.000000,0.000000,0.000000,0.000000,0.000000,0.070000
1777213893.150285,0,0.000000,0.000000,0.000000,0.000000,0.370000,0.000000,0.000000,0.000000,0.150000,0.000000
1777213893.150830,0,0.000000,0.000000,0.000000,0.000000,0.200000,0.000000,0.000000,0.000000,0.000000,0.000000
1777213893.151236,0,0.000000,0.000000,0.000000,0.000000,0.150000,0.000000,0.000000,0.000000,0.150000,0.020000
1777213893.197082,0,0.000000,0.000000,0.000000,0.000000,0.250000,0.000000,0.000000,0.000000,0.000000,0.000000
1777213893.198234,0,0.000000,0.000000,0.000000,0.000000,1.000000,0.000000,0.000000,0.000000,0.000000,0.000000
1777213893.238946,0,0.000000,0.000000,0.000000,0.000000,0.430000,0.000000,0.000000,0.000000,0.000000,0.070000
1777213893.239521,0,0.000000,0.000000,0.000000,0.000000,0.400000,0.000000,0.000000,0.000000,0.000000,0.000000
1777213893.239944,0,0.000000,0.000000,0.000000,0.000000,0.100000,0.000000,0.000000,0.000000,0.300000,0.000000
1777213893.240851,0,0.000000,0.000000,0.000000,0.000000,0.000000,0.000000,0.000000,0.000000,0.300000,0.000000
1777213893.278576,0,0.000000,0.000000,0.000000,0.000000,0.760000,0.000000,0.000000,0.000000,0.150000,0.000000
1777213893.279126,0,0.000000,0.000000,0.000000,0.000000,1.000000,0.000000,0.000000,0.000000,0.150000,0.000000
1777213893.319183,0,0.000000,0.000000,0.000000,0.000000,0.120000,0.000000,0.000000,0.000000,0.300000,0.000000
1777213893.319951,0,0.000000,0.000000,0.000000,0.000000,0.000000,0.000000,0.000000,0.000000,0.300000,0.000000
1777213893.320505,0,0.000000,0.000000,0.000000,0.000000,0.270000,0.000000,0.000000,0.000000,0.000000,0.000000
1777213893.370542,0,0.000000,0.000000,0.000000,0.000000,0.280000,0.000000,0.000000,0.000000,0.000000,0.000000
1777213893.371091,0,0.000000,0.000000,0.000000,0.000000,0.510000,0.000000,0.000000,0.000000,0.150000,0.000000
1777213893.416644,0,0.000000,0.000000,0.000000,0.000000,0.410000,0.000000,0.000000,0.000000,0.000000,0.000000
1777213893.417162,0,0.000000,0.000000,0.000000,0.000000,1.000000,0.000000,0.000000,0.000000,0.150000,0.000000
1777213893.417586,0,0.000000,0.000000,0.000000,0.000000,1.000000,0.000000,0.000000,0.000000,0.000000,0.000000
1777213893.460119,0,0.000000,0.000000,0.000000,0.000000,1.000000,0.000000,0.000000,0.000000,0.000000,0.000000
1777213893.461321,0,0.000000,0.000000,0.000000,0.000000,1.000000,0.000000,0.000000,0.000000,0.150000,0.000000
1777213893.462299,0,0.000000,0.000000,0.000000,0.000000,1.000000,0.000000,0.000000,0.000000,0.150000,0.000000
1777213893.463229,0,0.000000,0.000000,0.000000,0.000000,1.000000,0.000000,0.000000,0.000000,0.150000,0.000000
1777213893.501024,0,0.000000,0.000000,0.000000,0.000000,0.560000,0.000000,0.000000,0.000000,0.000000,0.020000
1777213893.501565,0,0.000000,0.000000,0.000000,0.000000,0.330000,0.000000,0.000000,0.000000,0.000000,0.000000
1777213893.501983,0,0.000000,0.000000,0.000000,0.000000,0.560000,0.000000,0.000000,0.000000,0.150000,0.000000
1777213893.540767,0,0.000000,0.000000,0.000000,0.000000,1.000000,0.000000,0.000000,0.000000,0.000000,0.000000
1777213893.541307,0,0.000000,0.000000,0.000000,0.000000,0.280000,0.000000,0.000000,0.000000,0.300000,0.000000
1777213893.541703,0,0.000000,0.000000,0.000000,0.000000,0.000000,0.000000,0.000000,0.000000,0.300000,0.000000
1777213893.583718,0,0.000000,0.000000,0.000000,0.000000,1.000000,0.000000,0.000000,0.000000,0.150000,0.000000
1777213893.584775,0,0.000000,0.000000,0.000000,0.000000,0.610000,0.000000,0.000000,0.000000,0.000000,0.020000
1777213893.622604,0,0.000000,0.000000,0.000000,0.000000,0.140000,0.000000,0.000000,0.000000,0.000000,0.000000
1777213893.623189,0,0.000000,0.000000,0.000000,0.000000,0.560000,0.000000,0.000000,0.000000,0.150000,0.000000
1777213893.623619,0,0.000000,0.000000,0.000000,0.000000,0.310000,0.000000,0.000000,0.000000,0.150000,0.000000
1777213893.666092,0,0.000000,0.000000,0.000000,0.000000,0.250000,0.000000,0.000000,0.000000,0.150000,0.000000
1777213893.666593,0,0.000000,0.000000,0.000000,0.000000,1.000000,0.000000,0.000000,0.000000,0.000000,0.000000
1777213893.667553,0,0.000000,0.000000,0.000000,0.000000,0.440000,0.000000,0.000000,0.000000,0.000000,0.000000
1777213893.707304,0,0.000000,0.000000,0.000000,0.000000,0.000000,0.000000,0.000000,0.000000,0.440000,0.000000
1777213893.707827,0,0.000000,0.000000,0.000000,0.000000,0.540000,0.000000,0.000000,0.000000,0.000000,0.000000
1777213893.750301,0,0.000000,0.000000,0.000000,0.000000,0.890000,0.000000,0.000000,0.000000,0.150000,0.000000
1777213893.750832,0,0.000000,0.000000,0.000000,0.000000,1.000000,0.000000,0.000000,0.000000,0.150000,0.050000
1777213893.751229,0,0.000000,0.000000,0.000000,0.000000,0.000000,0.000000,0.000000,0.000000,0.300000,0.000000
1777213893.790162,0,0.000000,0.000000,0.000000,0.000000,1.000000,0.000000,0.000000,0.000000,0.000000,0.000000
1777213893.791458,0,0.000000,0.000000,0.000000,0.000000,0.100000,0.000000,0.000000,0.000000,0.000000,0.000000
1777213893.826915,0,0.000000,0.000000,0.000000,0.000000,0.180000,0.000000,0.000000,0.000000,0.150000,0.000000
1777213893.827430,0,0.000000,0.000000,0.000000,0.000000,1.000000,0.000000,0.000000,0.000000,0.000000,0.000000
1777213893.827834,0,0.000000,0.000000,0.000000,0.000000,0.440000,0.000000,0.000000,0.000000,0.000000,0.000000
1777213893.871587,0,0.000000,0.000000,0.000000,0.000000,0.890000,0.000000,0.000000,0.000000,0.150000,0.000000
1777213893.872094,0,0.000000,0.000000,0.000000,0.000000,0.000000,0.000000,0.000000,0.000000,0.600000,0.000000
1777213893.913751,0,0.000000,0.000000,0.000000,0.000000,0.540000,0.000000,0.000000,0.000000,0.000000,0.000000
1777213893.914299,0,0.000000,0.000000,0.000000,0.000000,1.000000,0.000000,0.000000,0.000000,0.000000,0.000000
1777213893.914705,0,0.000000,0.000000,0.000000,0.000000,0.000000,0.000000,0.000000,0.000000,0.300000,0.000000
1777213893.958652,0,0.000000,0.000000,0.000000,0.000000,1.000000,0.000000,0.000000,0.000000,0.150000,0.000000
1777213893.959158,0,0.000000,0.000000,0.000000,0.000000,1.000000,0.000000,0.000000,0.000000,0.000000,0.000000
1777213893.959551,0,0.000000,0.000000,0.000000,0.000000,0.750000,0.000000,0.000000,0.000000,0.150000,0.000000
1777213893.998585,0,0.000000,0.000000,0.000000,0.000000,0.460000,0.000000,0.000000,0.000000,0.000000,0.000000
1777213893.999107,0,0.000000,0.000000,0.000000,0.000000,0.100000,0.000000,0.000000,0.000000,0.300000,0.000000
1777213893.999536,0,0.000000,0.000000,0.000000,0.000000,0.230000,0.000000,0.000000,0.000000,0.000000,0.000000
1777213894.041447,0,0.000000,0.000000,0.000000,0.000000,0.510000,0.000000,0.000000,0.000000,0.000000,0.000000
1777213894.042046,0,0.000000,0.000000,0.000000,0.000000,0.280000,0.000000,0.000000,0.000000,0.300000,0.000000
1777213894.042459,0,0.000000,0.000000,0.000000,0.000000,1.000000,0.000000,0.000000,0.000000,0.000000,0.070000
1777213894.083097,0,0.000000,0.000000,0.000000,0.000000,0.250000,0.000000,0.000000,0.000000,0.000000,0.000000
1777213894.083656,0,0.000000,0.000000,0.000000,0.000000,0.250000,0.000000,0.000000,0.000000,0.000000,0.000000
1777213894.084070,0,0.000000,0.000000,0.000000,0.000000,0.300000,0.000000,0.000000,0.000000,0.000000,0.000000
1777213894.125393,0,0.000000,0.000000,0.000000,0.000000,1.000000,0.000000,0.000000,0.000000,0.300000,0.020000
1777213894.126243,0,0.000000,0.000000,0.000000,0.000000,0.510000,0.000000,0.000000,0.000000,0.000000,0.000000
1777213894.169705,0,0.000000,0.000000,0.000000,0.000000,0.680000,0.000000,0.000000,0.000000,0.150000,0.000000
1777213894.170196,0,0.000000,0.000000,0.000000,0.000000,0.250000,0.000000,0.000000,0.000000,0.300000,0.000000
1777213894.170621,0,0.000000,0.000000,0.000000,0.000000,0.400000,0.000000,0.000000,0.000000,0.150000,0.000000
1777213894.214913,0,0.000000,0.000000,0.000000,0.000000,1.000000,0.000000,0.000000,0.000000,0.150000,0.000000
1777213894.215431,0,0.000000,0.000000,0.000000,0.000000,0.440000,0.000000,0.000000,0.000000,0.000000,0.000000
1777213894.215845,0,0.000000,0.000000,0.000000,0.000000,1.000000,0.000000,0.000000,0.000000,0.000000,0.000000
1777213894.258435,0,0.000000,0.000000,0.000000,0.000000,1.000000,0.000000,0.000000,0.000000,0.000000,0.000000
1777213894.258977,0,0.000000,0.000000,0.000000,0.000000,0.000000,0.000000,0.000000,0.000000,0.440000,0.000000
1777213894.299345,0,0.000000,0.000000,0.000000,0.000000,0.550000,0.000000,0.000000,0.000000,0.000000,0.000000
1777213894.299849,0,0.000000,0.000000,0.000000,0.000000,0.400000,0.000000,0.000000,0.000000,0.150000,0.020000
1777213894.300238,0,0.000000,0.000000,0.000000,0.000000,0.000000,0.000000,0.000000,0.000000,0.300000,0.000000
1777213894.300633,0,0.000000,0.000000,0.000000,0.000000,0.000000,0.000000,0.000000,0.000000,0.300000,0.000000
1777213894.343419,0,0.000000,0.000000,0.000000,0.000000,0.750000,0.000000,0.000000,0.000000,0.440000,0.000000
1777213894.343947,0,0.000000,0.000000,0.000000,0.000000,1.000000,0.000000,0.000000,0.000000,0.150000,0.000000
1777213894.344349,0,0.000000,0.000000,0.000000,0.000000,0.000000,0.000000,0.000000,0.000000,0.300000,0.000000
1777213894.391721,0,0.000000,0.000000,0.000000,0.000000,1.000000,0.000000,0.000000,0.000000,0.000000,0.000000
1777213894.392439,0,0.000000,0.000000,0.000000,0.000000,0.000000,0.000000,0.000000,0.000000,0.440000,0.000000
1777213894.438198,0,0.000000,0.000000,0.000000,0.000000,0.180000,0.000000,0.000000,0.000000,0.150000,0.000000
1777213894.438689,0,0.000000,0.000000,0.000000,0.000000,1.000000,0.000000,0.000000,0.000000,0.000000,0.020000
1777213894.439093,0,0.000000,0.000000,0.000000,0.000000,1.000000,0.000000,0.000000,0.000000,0.000000,0.000000
1777213894.439525,0,0.000000,0.000000,0.000000,0.000000,0.890000,0.000000,0.000000,0.000000,0.000000,0.000000
1777213894.481760,0,0.000000,0.000000,0.000000,0.000000,0.510000,0.000000,0.000000,0.000000,0.000000,0.000000
1777213894.482526,0,0.000000,0.000000,0.000000,0.000000,1.000000,0.000000,0.000000,0.000000,0.150000,0.000000
1777213894.526780,0,0.000000,0.000000,0.000000,0.000000,0.230000,0.000000,0.000000,0.000000,0.000000,0.000000
1777213894.527279,0,0.000000,0.000000,0.000000,0.000000,0.400000,0.000000,0.000000,0.000000,0.000000,0.000000
1777213894.527660,0,0.000000,0.000000,0.000000,0.000000,1.000000,0.000000,0.000000,0.000000,0.150000,0.070000
1777213894.528027,0,0.000000,0.000000,0.000000,0.000000,1.000000,0.000000,0.000000,0.000000,0.000000,0.000000
1777213894.568255,0,0.000000,0.000000,0.000000,0.000000,0.200000,0.000000,0.000000,0.000000,0.150000,0.000000
1777213894.568826,0,0.000000,0.000000,0.000000,0.000000,0.430000,0.000000,0.000000,0.000000,0.150000,0.000000
1777213894.608960,0,0.000000,0.000000,0.000000,0.000000,0.330000,0.000000,0.000000,0.000000,0.000000,0.000000
1777213894.609509,0,0.000000,0.000000,0.000000,0.000000,0.510000,0.000000,0.000000,0.000000,0.000000,0.000000
1777213894.609919,0,0.000000,0.000000,0.000000,0.000000,1.000000,0.000000,0.000000,0.000000,0.000000,0.000000
1777213894.652084,0,0.000000,0.000000,0.000000,0.000000,0.300000,0.000000,0.000000,0.000000,0.150000,0.000000
1777213894.652864,0,0.000000,0.000000,0.000000,0.000000,0.000000,0.000000,0.000000,0.000000,0.300000,0.000000
1777213894.653395,0,0.000000,0.000000,0.000000,0.000000,0.050000,0.000000,0.000000,0.000000,0.000000,0.000000
1777213894.694333,0,0.000000,0.000000,0.000000,0.000000,1.000000,0.000000,0.000000,0.000000,0.150000,0.000000
1777213894.694833,0,0.000000,0.000000,0.000000,0.000000,0.070000,0.000000,0.000000,0.000000,0.000000,0.000000
1777213894.695242,0,0.000000,0.000000,0.000000,0.000000,1.000000,0.000000,0.000000,0.000000,0.000000,0.000000
1777213894.734123,0,0.000000,0.000000,0.000000,0.000000,0.000000,0.000000,0.000000,0.000000,0.440000,0.000000
1777213894.734622,0,0.000000,0.000000,0.000000,0.000000,0.000000,0.000000,0.000000,0.000000,0.300000,0.000000
1777213894.735014,0,0.000000,0.000000,0.000000,0.000000,1.000000,0.000000,0.000000,0.000000,0.150000,0.000000
1777213894.778275,0,0.000000,0.000000,0.000000,0.000000,0.360000,0.000000,0.000000,0.000000,0.150000,0.070000
1777213894.778785,0,0.000000,0.000000,0.000000,0.000000,1.000000,0.000000,0.000000,0.000000,0.000000,0.000000
1777213894.817489,0,0.000000,0.000000,0.000000,0.000000,0.620000,0.000000,0.000000,0.000000,0.000000,0.000000
1777213894.818575,0,0.000000,0.000000,0.000000,0.000000,0.000000,0.000000,0.000000,0.000000,0.600000,0.000000
1777213894.819169,0,0.000000,0.000000,0.000000,0.000000,0.180000,0.000000,0.000000,0.000000,0.150000,0.000000
1777213894.819706,0,0.000000,0.000000,0.000000,0.000000,0.330000,0.000000,0.000000,0.000000,0.000000,0.000000
1777213894.858769,0,0.000000,0.000000,0.000000,0.000000,0.280000,0.000000,0.000000,0.000000,0.000000,0.070000
1777213894.859474,0,0.000000,0.000000,0.000000,0.000000,0.000000,0.000000,0.000000,0.000000,0.300000,0.000000
1777213894.903089,0,0.000000,0.000000,0.000000,0.000000,0.000000,0.000000,0.000000,0.000000,0.300000,0.000000
1777213894.903593,0,0.000000,0.000000,0.000000,0.000000,0.000000,0.000000,0.000000,0.000000,0.300000,0.000000
1777213894.944473,0,0.000000,0.000000,0.000000,0.000000,1.000000,0.000000,0.000000,0.000000,0.150000,0.050000
1777213894.944983,0,0.000000,0.000000,0.000000,0.000000,0.120000,0.000000,0.000000,0.000000,0.000000,0.000000
1777213894.989058,0,0.000000,0.000000,0.000000,0.000000,0.910000,0.000000,0.000000,0.000000,0.000000,0.000000
1777213894.989853,0,0.000000,0.000000,0.000000,0.000000,1.000000,0.000000,0.000000,0.000000,0.150000,0.000000
1777213894.990383,0,0.000000,0.000000,0.000000,0.000000,0.410000,0.000000,0.000000,0.000000,0.000000,0.000000
1777213895.034315,0,0.000000,0.000000,0.000000,0.000000,1.000000,0.000000,0.000000,0.000000,0.000000,0.000000
1777213895.034904,0,0.000000,0.000000,0.000000,0.000000,0.000000,0.000000,0.000000,0.000000,0.300000,0.000000
1777213895.035354,0,0.000000,0.000000,0.000000,0.000000,0.400000,0.000000,0.000000,0.000000,0.300000,0.000000
1777213895.035764,0,0.000000,0.000000,0.000000,0.000000,1.000000,0.000000,0.000000,0.000000,0.000000,0.000000
1777213895.081972,0,0.000000,0.000000,0.000000,0.000000,0.090000,0.000000,0.000000,0.000000,0.150000,0.050000
1777213895.083083,0,0.000000,0.000000,0.000000,0.000000,0.800000,0.000000,0.000000,0.000000,0.000000,0.000000
1777213895.124923,0,0.000000,0.000000,0.000000,0.000000,0.440000,0.000000,0.000000,0.000000,0.000000,0.000000
1777213895.125661,0,0.000000,0.000000,0.000000,0.000000,1.000000,0.000000,0.000000,0.000000,0.000000,0.000000
1777213895.126173,0,0.000000,0.000000,0.000000,0.000000,1.000000,0.000000,0.000000,0.000000,0.000000,0.000000
1777213895.169231,0,0.000000,0.000000,0.000000,0.000000,0.170000,0.000000,0.000000,0.000000,0.000000,0.000000
1777213895.169790,0,0.000000,0.000000,0.000000,0.000000,0.180000,0.000000,0.000000,0.000000,0.000000,0.000000
1777213895.170177,0,0.000000,0.000000,0.000000,0.000000,0.760000,0.000000,0.000000,0.000000,0.000000,0.020000
1777213895.207508,0,0.000000,0.000000,0.000000,0.000000,0.360000,0.000000,0.000000,0.000000,0.000000,0.000000
1777213895.208015,0,0.000000,0.000000,0.000000,0.000000,0.250000,0.000000,0.000000,0.000000,0.300000,0.000000
1777213895.208401,0,0.000000,0.000000,0.000000,0.000000,0.180000,0.000000,0.000000,0.000000,0.150000,0.000000
1777213895.249101,0,0.000000,0.000000,0.000000,0.000000,1.000000,0.000000,0.000000,0.000000,0.150000,0.000000
1777213895.249671,0,0.000000,0.000000,0.000000,0.000000,1.000000,0.000000,0.000000,0.000000,0.000000,0.000000
1777213895.289274,0,0.000000,0.000000,0.000000,0.000000,0.500000,0.000000,0.000000,0.000000,0.000000,0.000000
1777213895.329716,0,0.000000,0.000000,0.000000,0.000000,1.000000,0.000000,0.000000,0.000000,0.150000,0.000000
1777213895.330221,0,0.000000,0.000000,0.000000,0.000000,1.000000,0.000000,0.000000,0.000000,0.000000,0.000000
1777213895.330611,0,0.000000,0.000000,0.000000,0.000000,1.000000,0.000000,0.000000,0.000000,0.150000,0.000000
1777213895.330985,0,0.000000,0.000000,0.000000,0.000000,0.500000,0.000000,0.000000,0.000000,0.000000,0.000000
1777213895.372963,0,0.000000,0.000000,0.000000,0.000000,0.280000,0.000000,0.000000,0.000000,0.000000,0.020000
1777213895.373510,0,0.000000,0.000000,0.000000,0.000000,0.210000,0.000000,0.000000,0.000000,0.150000,0.000000
1777213895.414659,0,0.000000,0.000000,0.000000,0.000000,1.000000,0.000000,0.000000,0.000000,0.000000,0.000000
1777213895.415187,0,0.000000,0.000000,0.000000,0.000000,1.000000,0.000000,0.000000,0.000000,0.000000,0.000000
1777213895.457654,0,0.000000,0.000000,0.000000,0.000000,1.000000,0.000000,0.000000,0.000000,0.000000,0.000000
1777213895.458814,0,0.000000,0.000000,0.000000,0.000000,0.660000,0.000000,0.000000,0.000000,0.000000,0.000000
1777213895.459796,0,0.000000,0.000000,0.000000,0.000000,1.000000,0.000000,0.000000,0.000000,0.150000,0.000000
1777213895.503054,0,0.000000,0.000000,0.000000,0.000000,0.210000,0.000000,0.000000,0.000000,0.150000,0.000000
1777213895.503561,0,0.000000,0.000000,0.000000,0.000000,0.200000,0.000000,0.000000,0.000000,0.000000,0.000000
1777213895.503974,0,0.000000,0.000000,0.000000,0.000000,0.800000,0.000000,0.000000,0.000000,0.000000,0.000000
1777213895.504355,0,0.000000,0.000000,0.000000,0.000000,0.200000,0.000000,0.000000,0.000000,0.000000,0.000000
1777213895.544092,0,0.000000,0.000000,0.000000,0.000000,1.000000,0.000000,0.000000,0.000000,0.000000,0.000000
1777213895.544996,0,0.000000,0.000000,0.000000,0.000000,1.000000,0.000000,0.000000,0.000000,0.000000,0.000000
1777213895.545546,0,0.000000,0.000000,0.000000,0.000000,0.460000,0.000000,0.000000,0.000000,0.000000,0.000000
1777213895.587098,0,0.000000,0.000000,0.000000,0.000000,0.140000,0.000000,0.000000,0.000000,0.000000,0.000000
1777213895.587692,0,0.000000,0.000000,0.000000,0.000000,1.000000,0.000000,0.000000,0.000000,0.000000,0.020000
1777213895.631961,0,0.000000,0.000000,0.000000,0.000000,0.210000,0.000000,0.000000,0.000000,0.000000,0.000000
1777213895.632470,0,0.000000,0.000000,0.000000,0.000000,1.000000,0.000000,0.000000,0.000000,0.000000,0.000000
1777213895.634045,0,0.000000,0.000000,0.000000,0.000000,0.330000,0.000000,0.000000,0.000000,0.000000,0.000000
1777213895.674802,0,0.000000,0.000000,0.000000,0.000000,0.200000,0.000000,0.000000,0.000000,0.000000,0.000000
1777213895.675296,0,0.000000,0.000000,0.000000,0.000000,0.000000,0.000000,0.000000,0.000000,0.300000,0.000000
1777213895.675681,0,0.000000,0.000000,0.000000,0.000000,0.000000,0.000000,0.000000,0.000000,0.300000,0.000000
1777213895.719660,0,0.000000,0.000000,0.000000,0.000000,0.000000,0.000000,0.000000,0.000000,0.440000,0.000000
1777213895.762511,0,0.000000,0.000000,0.000000,0.000000,0.370000,0.000000,0.000000,0.000000,0.000000,0.000000
1777213895.763010,0,0.000000,0.000000,0.000000,0.000000,0.000000,0.000000,0.000000,0.000000,0.600000,0.000000
1777213895.763417,0,0.000000,0.000000,0.000000,0.000000,0.200000,0.000000,0.000000,0.000000,0.000000,0.000000
1777213895.763808,0,0.000000,0.000000,0.000000,0.000000,1.000000,0.000000,0.000000,0.000000,0.150000,0.000000
1777213895.810601,0,0.000000,0.000000,0.000000,0.000000,1.000000,0.000000,0.000000,0.000000,0.000000,0.000000
1777213895.811133,0,0.000000,0.000000,0.000000,0.000000,0.500000,0.000000,0.000000,0.000000,0.000000,0.000000
1777213895.811523,0,0.000000,0.000000,0.000000,0.000000,0.460000,0.000000,0.000000,0.000000,0.000000,0.000000
1777213895.854084,0,0.000000,0.000000,0.000000,0.000000,1.000000,0.000000,0.000000,0.000000,0.150000,0.000000
1777213895.854602,0,0.000000,0.000000,0.000000,0.000000,1.000000,0.000000,0.000000,0.000000,0.000000,0.000000
1777213895.855003,0,0.000000,0.000000,0.000000,0.000000,0.400000,0.000000,0.000000,0.000000,0.300000,0.000000
1777213895.855674,0,0.000000,0.000000,0.000000,0.000000,1.000000,0.000000,0.000000,0.000000,0.000000,0.000000
1777213895.896194,0,0.000000,0.000000,0.000000,0.000000,0.400000,0.000000,0.000000,0.000000,0.150000,0.050000
1777213895.896718,0,0.000000,0.000000,0.000000,0.000000,0.180000,0.000000,0.000000,0.000000,0.150000,0.000000
1777213895.941421,0,0.000000,0.000000,0.000000,0.000000,0.000000,0.000000,0.000000,0.000000,0.300000,0.000000
1777213895.941933,0,0.000000,0.000000,0.000000,0.000000,1.000000,0.000000,0.000000,0.000000,0.000000,0.000000
1777213895.942329,0,0.000000,0.000000,0.000000,0.000000,0.310000,0.000000,0.000000,0.000000,0.000000,0.000000
1777213895.984458,0,0.000000,0.000000,0.000000,0.000000,1.000000,0.000000,0.000000,0.000000,0.150000,0.050000
1777213895.984985,0,0.000000,0.000000,0.000000,0.000000,0.640000,0.000000,0.000000,0.000000,0.000000,0.000000
1777213895.985386,0,0.000000,0.000000,0.000000,0.000000,0.000000,0.000000,0.000000,0.000000,0.300000,0.000000
1777213896.027241,0,0.000000,0.000000,0.000000,0.000000,0.680000,0.000000,0.000000,0.000000,0.000000,0.000000
1777213896.027771,0,0.000000,0.000000,0.000000,0.000000,0.380000,0.000000,0.000000,0.000000,0.150000,0.000000
1777213896.028171,0,0.000000,0.000000,0.000000,0.000000,0.120000,0.000000,0.000000,0.000000,0.000000,0.000000
1777213896.069504,0,0.000000,0.000000,0.000000,0.000000,0.630000,0.000000,0.000000,0.000000,0.000000,0.000000
1777213896.070574,0,0.000000,0.000000,0.000000,0.000000,0.560000,0.000000,0.000000,0.000000,0.000000,0.000000
1777213896.117931,0,0.000000,0.000000,0.000000,0.000000,1.000000,0.000000,0.000000,0.000000,0.150000,0.000000
1777213896.118998,0,0.000000,0.000000,0.000000,0.000000,0.000000,0.000000,0.000000,0.000000,0.300000,0.000000
1777213896.162196,0,0.000000,0.000000,0.000000,0.000000,0.800000,0.000000,0.000000,0.000000,0.000000,0.050000
1777213896.162740,0,0.000000,0.000000,0.000000,0.000000,0.150000,0.000000,0.000000,0.000000,0.000000,0.000000
1777213896.163143,0,0.000000,0.000000,0.000000,0.000000,0.370000,0.000000,0.000000,0.000000,0.300000,0.000000
1777213896.163556,0,0.000000,0.000000,0.000000,0.000000,1.000000,0.000000,0.000000,0.000000,0.150000,0.000000
1777213896.163938,0,0.000000,0.000000,0.000000,0.000000,0.140000,0.000000,0.000000,0.000000,0.150000,0.000000
1777213896.206287,0,0.000000,0.000000,0.000000,0.000000,0.750000,0.000000,0.000000,0.000000,0.150000,0.000000
1777213896.206825,0,0.000000,0.000000,0.000000,0.000000,1.000000,0.000000,0.000000,0.000000,0.000000,0.000000
1777213896.246393,0,0.000000,0.000000,0.000000,0.000000,1.000000,0.000000,0.000000,0.000000,0.000000,0.000000
1777213896.246961,0,0.000000,0.000000,0.000000,0.000000,0.330000,0.000000,0.000000,0.000000,0.600000,0.000000
1777213896.247370,0,0.000000,0.000000,0.000000,0.000000,1.000000,0.000000,0.000000,0.000000,0.000000,0.000000
1777213896.288527,0,0.000000,0.000000,0.000000,0.000000,0.180000,0.000000,0.000000,0.000000,0.150000,0.000000
1777213896.289054,0,0.000000,0.000000,0.000000,0.000000,1.000000,0.000000,0.000000,0.000000,0.000000,0.000000
1777213896.289464,0,0.000000,0.000000,0.000000,0.000000,0.300000,0.000000,0.000000,0.000000,0.000000,0.000000
1777213896.290461,0,0.000000,0.000000,0.000000,0.000000,0.340000,0.000000,0.000000,0.000000,0.150000,0.000000
1777213896.332633,0,0.000000,0.000000,0.000000,0.000000,0.660000,0.000000,0.000000,0.000000,0.150000,0.000000
1777213896.333149,0,0.000000,0.000000,0.000000,0.000000,0.000000,0.000000,0.000000,0.000000,0.300000,0.150000
1777213896.376176,0,0.000000,0.000000,0.000000,0.000000,0.180000,0.000000,0.000000,0.000000,0.000000,0.000000
1777213896.376685,0,0.000000,0.000000,0.000000,0.000000,1.000000,0.000000,0.000000,0.000000,0.000000,0.000000
1777213896.419677,0,0.000000,0.000000,0.000000,0.000000,0.510000,0.000000,0.000000,0.000000,0.150000,0.000000
1777213896.420169,0,0.000000,0.000000,0.000000,0.000000,1.000000,0.000000,0.000000,0.000000,0.000000,0.000000
1777213896.420576,0,0.000000,0.000000,0.000000,0.000000,0.180000,0.000000,0.000000,0.000000,0.000000,0.000000
1777213896.465654,0,0.000000,0.000000,0.000000,0.000000,0.200000,0.000000,0.000000,0.000000,0.000000,0.000000
1777213896.466166,0,0.000000,0.000000,0.000000,0.000000,0.870000,0.000000,0.000000,0.000000,0.150000,0.000000
1777213896.466585,0,0.000000,0.000000,0.000000,0.000000,0.440000,0.000000,0.000000,0.000000,0.000000,0.000000
1777213896.466960,0,0.000000,0.000000,0.000000,0.000000,0.360000,0.000000,0.000000,0.000000,0.000000,0.000000
1777213896.510594,0,0.000000,0.000000,0.000000,0.000000,0.540000,0.000000,0.000000,0.000000,0.150000,0.000000
1777213896.511696,0,0.000000,0.000000,0.000000,0.000000,0.690000,0.000000,0.000000,0.000000,0.000000,0.020000
1777213896.551618,0,0.000000,0.000000,0.000000,0.000000,0.360000,0.000000,0.000000,0.000000,0.300000,0.000000
1777213896.552139,0,0.000000,0.000000,0.000000,0.000000,0.360000,0.000000,0.000000,0.000000,0.150000,0.050000
1777213896.552969,0,0.000000,0.000000,0.000000,0.000000,0.540000,0.000000,0.000000,0.000000,0.150000,0.000000
1777213896.591579,0,0.000000,0.000000,0.000000,0.000000,1.000000,0.000000,0.000000,0.000000,0.000000,0.000000
1777213896.592181,0,0.000000,0.000000,0.000000,0.000000,1.000000,0.000000,0.000000,0.000000,0.150000,0.000000
1777213896.592686,0,0.000000,0.000000,0.000000,0.000000,0.360000,0.000000,0.000000,0.000000,0.000000,0.000000
1777213896.636704,0,0.000000,0.000000,0.000000,0.000000,0.610000,0.000000,0.000000,0.000000,0.150000,0.000000
1777213896.637258,0,0.000000,0.000000,0.000000,0.000000,0.340000,0.000000,0.000000,0.000000,0.300000,0.000000
1777213896.637983,0,0.000000,0.000000,0.000000,0.000000,1.000000,0.000000,0.000000,0.000000,0.150000,0.000000
1777213896.679422,0,0.000000,0.000000,0.000000,0.000000,0.750000,0.000000,0.000000,0.000000,0.000000,0.000000
1777213896.679976,0,0.000000,0.000000,0.000000,0.000000,0.000000,0.000000,0.000000,0.000000,0.300000,0.000000
1777213896.680998,0,0.000000,0.000000,0.000000,0.000000,0.640000,0.000000,0.000000,0.000000,0.000000,0.000000
1777213896.723256,0,0.000000,0.000000,0.000000,0.000000,0.230000,0.000000,0.000000,0.000000,0.000000,0.000000
1777213896.723764,0,0.000000,0.000000,0.000000,0.000000,0.800000,0.000000,0.000000,0.000000,0.150000,0.000000
1777213896.766074,0,0.000000,0.000000,0.000000,0.000000,0.330000,0.000000,0.000000,0.000000,0.000000,0.000000
1777213896.766571,0,0.000000,0.000000,0.000000,0.000000,0.000000,0.000000,0.000000,0.000000,0.440000,0.050000
1777213896.766958,0,0.000000,0.000000,0.000000,0.000000,1.000000,0.000000,0.000000,0.000000,0.000000,0.020000
1777213896.810977,0,0.000000,0.000000,0.000000,0.000000,0.000000,0.000000,0.000000,0.000000,0.300000,0.000000
1777213896.811494,0,0.000000,0.000000,0.000000,0.000000,0.140000,0.000000,0.000000,0.000000,0.000000,0.000000
1777213896.811903,0,0.000000,0.000000,0.000000,0.000000,1.000000,0.000000,0.000000,0.000000,0.000000,0.000000
1777213896.851094,0,0.000000,0.000000,0.000000,0.000000,0.360000,0.000000,0.000000,0.000000,0.000000,0.000000
1777213896.851654,0,0.000000,0.000000,0.000000,0.000000,0.250000,0.000000,0.000000,0.000000,0.150000,0.000000
1777213896.895620,0,0.000000,0.000000,0.000000,0.000000,0.720000,0.000000,0.000000,0.000000,0.150000,0.000000
1777213896.896170,0,0.000000,0.000000,0.000000,0.000000,0.250000,0.000000,0.000000,0.000000,0.000000,0.020000
1777213896.896592,0,0.000000,0.000000,0.000000,0.000000,0.200000,0.000000,0.000000,0.000000,0.000000,0.000000
1777213896.945972,0,0.000000,0.000000,0.000000,0.000000,0.400000,0.000000,0.000000,0.000000,0.000000,0.000000
1777213896.947029,0,0.000000,0.000000,0.000000,0.000000,0.000000,0.000000,0.000000,0.000000,0.440000,0.000000
1777213896.947961,0,0.000000,0.000000,0.000000,0.000000,0.000000,0.000000,0.000000,0.000000,0.440000,0.000000
1777213896.987924,0,0.000000,0.000000,0.000000,0.000000,0.750000,0.000000,0.000000,0.000000,0.000000,0.000000
1777213896.988458,0,0.000000,0.000000,0.000000,0.000000,1.000000,0.000000,0.000000,0.000000,0.150000,0.000000
1777213896.988871,0,0.000000,0.000000,0.000000,0.000000,0.250000,0.000000,0.000000,0.000000,0.000000,0.000000
1777213896.989276,0,0.000000,0.000000,0.000000,0.000000,0.200000,0.000000,0.000000,0.000000,0.000000,0.000000
1777213897.031101,0,0.000000,0.000000,0.000000,0.000000,0.000000,0.000000,0.000000,0.000000,0.300000,0.000000
1777213897.073051,0,0.000000,0.000000,0.000000,0.000000,0.430000,0.000000,0.000000,0.000000,0.440000,0.000000
1777213897.073549,0,0.000000,0.000000,0.000000,0.000000,0.000000,0.000000,0.000000,0.000000,0.300000,0.000000
1777213897.073935,0,0.000000,0.000000,0.000000,0.000000,0.000000,0.000000,0.000000,0.000000,0.300000,0.000000
1777213897.074327,0,0.000000,0.000000,0.000000,0.000000,1.000000,0.000000,0.000000,0.000000,0.000000,0.000000
1777213897.116337,0,0.000000,0.000000,0.000000,0.000000,0.660000,0.000000,0.000000,0.000000,0.000000,0.000000
1777213897.117418,0,0.000000,0.000000,0.000000,0.000000,0.370000,0.000000,0.000000,0.000000,0.000000,0.000000
1777213897.118348,0,0.000000,0.000000,0.000000,0.000000,0.250000,0.000000,0.000000,0.000000,0.000000,0.000000
1777213897.156358,0,0.000000,0.000000,0.000000,0.000000,0.000000,0.000000,0.000000,0.000000,0.300000,0.000000
1777213897.156935,0,0.000000,0.000000,0.000000,0.000000,1.000000,0.000000,0.000000,0.000000,0.000000,0.050000
1777213897.157491,0,0.000000,0.000000,0.000000,0.000000,0.820000,0.000000,0.000000,0.000000,0.000000,0.000000
1777213897.199463,0,0.000000,0.000000,0.000000,0.000000,0.820000,0.000000,0.000000,0.000000,0.000000,0.000000
1777213897.200028,0,0.000000,0.000000,0.000000,0.000000,1.000000,0.000000,0.000000,0.000000,0.150000,0.000000
1777213897.200435,0,0.000000,0.000000,0.000000,0.000000,1.000000,0.000000,0.000000,0.000000,0.150000,0.050000
1777213897.242797,0,0.000000,0.000000,0.000000,0.000000,1.000000,0.000000,0.000000,0.000000,0.150000,0.000000
1777213897.243326,0,0.000000,0.000000,0.000000,0.000000,0.660000,0.000000,0.000000,0.000000,0.300000,0.000000
1777213897.287072,0,0.000000,0.000000,0.000000,0.000000,1.000000,0.000000,0.000000,0.000000,0.150000,0.000000
1777213897.287577,0,0.000000,0.000000,0.000000,0.000000,1.000000,0.000000,0.000000,0.000000,0.000000,0.000000
1777213897.287977,0,0.000000,0.000000,0.000000,0.000000,1.000000,0.000000,0.000000,0.000000,0.000000,0.000000
1777213897.329347,0,0.000000,0.000000,0.000000,0.000000,0.500000,0.000000,0.000000,0.000000,0.150000,0.000000
1777213897.329855,0,0.000000,0.000000,0.000000,0.000000,0.000000,0.000000,0.000000,0.000000,0.300000,0.000000
1777213897.330241,0,0.000000,0.000000,0.000000,0.000000,0.000000,0.000000,0.000000,0.000000,0.300000,0.050000
1777213897.372235,0,0.000000,0.000000,0.000000,0.000000,1.000000,0.000000,0.000000,0.000000,0.000000,0.000000
1777213897.372900,0,0.000000,0.000000,0.000000,0.000000,1.000000,0.000000,0.000000,0.000000,0.000000,0.000000
1777213897.416373,0,0.000000,0.000000,0.000000,0.000000,0.660000,0.000000,0.000000,0.000000,0.000000,0.000000
1777213897.416916,0,0.000000,0.000000,0.000000,0.000000,0.560000,0.000000,0.000000,0.000000,0.000000,0.000000
1777213897.417323,0,0.000000,0.000000,0.000000,0.000000,1.000000,0.000000,0.000000,0.000000,0.000000,0.000000
1777213897.463204,0,0.000000,0.000000,0.000000,0.000000,1.000000,0.000000,0.000000,0.000000,0.000000,0.000000
1777213897.463729,0,0.000000,0.000000,0.000000,0.000000,0.280000,0.000000,0.000000,0.000000,0.150000,0.000000
1777213897.464135,0,0.000000,0.000000,0.000000,0.000000,1.000000,0.000000,0.000000,0.000000,0.000000,0.000000
1777213897.507724,0,0.000000,0.000000,0.000000,0.000000,0.000000,0.000000,0.000000,0.000000,0.440000,0.000000
1777213897.508255,0,0.000000,0.000000,0.000000,0.000000,1.000000,0.000000,0.000000,0.000000,0.150000,0.000000
1777213897.508649,0,0.000000,0.000000,0.000000,0.000000,1.000000,0.000000,0.000000,0.000000,0.000000,0.000000
1777213897.547560,0,0.000000,0.000000,0.000000,0.000000,0.000000,0.000000,0.000000,0.000000,0.300000,0.000000
1777213897.548067,0,0.000000,0.000000,0.000000,0.000000,0.000000,0.000000,0.000000,0.000000,0.300000,0.000000
1777213897.548453,0,0.000000,0.000000,0.000000,0.000000,0.660000,0.000000,0.000000,0.000000,0.150000,0.000000
1777213897.548970,0,0.000000,0.000000,0.000000,0.000000,0.000000,0.000000,0.000000,0.000000,0.440000,0.000000
1777213897.590576,0,0.000000,0.000000,0.000000,0.000000,1.000000,0.000000,0.000000,0.000000,0.150000,0.000000
1777213897.591095,0,0.000000,0.000000,0.000000,0.000000,0.100000,0.000000,0.000000,0.000000,0.000000,0.000000
1777213897.633172,0,0.000000,0.000000,0.000000,0.000000,0.300000,0.000000,0.000000,0.000000,0.000000,0.000000
1777213897.633683,0,0.000000,0.000000,0.000000,0.000000,1.000000,0.000000,0.000000,0.000000,0.000000,0.000000
1777213897.634068,0,0.000000,0.000000,0.000000,0.000000,0.170000,0.000000,0.000000,0.000000,0.000000,0.000000
1777213897.634584,0,0.000000,0.000000,0.000000,0.000000,0.770000,0.000000,0.000000,0.000000,0.150000,0.000000
1777213897.676238,0,0.000000,0.000000,0.000000,0.000000,0.090000,0.000000,0.000000,0.000000,0.150000,0.000000
1777213897.677226,0,0.000000,0.000000,0.000000,0.000000,0.120000,0.000000,0.000000,0.000000,0.150000,0.000000
1777213897.724276,0,0.000000,0.000000,0.000000,0.000000,1.000000,0.000000,0.000000,0.000000,0.150000,0.000000
1777213897.724804,0,0.000000,0.000000,0.000000,0.000000,1.000000,0.000000,0.000000,0.000000,0.150000,0.000000
1777213897.766026,0,0.000000,0.000000,0.000000,0.000000,1.000000,0.000000,0.000000,0.000000,0.000000,0.000000
1777213897.766525,0,0.000000,0.000000,0.000000,0.000000,1.000000,0.000000,0.000000,0.000000,0.000000,0.000000
1777213897.766916,0,0.000000,0.000000,0.000000,0.000000,0.050000,0.000000,0.000000,0.000000,0.000000,0.000000
1777213897.767317,0,0.000000,0.000000,0.000000,0.000000,1.000000,0.000000,0.000000,0.000000,0.150000,0.000000
1777213897.805908,0,0.000000,0.000000,0.000000,0.000000,0.830000,0.000000,0.000000,0.000000,0.150000,0.000000
1777213897.806477,0,0.000000,0.000000,0.000000,0.000000,0.610000,0.000000,0.000000,0.000000,0.150000,0.000000
1777213897.806897,0,0.000000,0.000000,0.000000,0.000000,0.000000,0.000000,0.000000,0.000000,0.300000,0.000000
1777213897.852515,0,0.000000,0.000000,0.000000,0.000000,0.300000,0.000000,0.000000,0.000000,0.150000,0.000000
1777213897.896003,0,0.000000,0.000000,0.000000,0.000000,0.000000,0.000000,0.000000,0.000000,0.300000,0.000000
1777213897.896620,0,0.000000,0.000000,0.000000,0.000000,0.870000,0.000000,0.000000,0.000000,0.000000,0.000000
1777213897.897104,0,0.000000,0.000000,0.000000,0.000000,0.280000,0.000000,0.000000,0.000000,0.000000,0.000000
1777213897.897552,0,0.000000,0.000000,0.000000,0.000000,0.150000,0.000000,0.000000,0.000000,0.000000,0.000000
1777213897.898013,0,0.000000,0.000000,0.000000,0.000000,0.400000,0.000000,0.000000,0.000000,0.150000,0.000000
1777213897.939650,0,0.000000,0.000000,0.000000,0.000000,0.280000,0.000000,0.000000,0.000000,0.150000,0.000000
1777213897.940215,0,0.000000,0.000000,0.000000,0.000000,1.000000,0.000000,0.000000,0.000000,0.150000,0.000000
1777213897.978089,0,0.000000,0.000000,0.000000,0.000000,0.000000,0.000000,0.000000,0.000000,0.300000,0.070000
1777213897.978600,0,0.000000,0.000000,0.000000,0.000000,1.000000,0.000000,0.000000,0.000000,0.000000,0.000000
1777213897.978988,0,0.000000,0.000000,0.000000,0.000000,0.210000,0.000000,0.000000,0.000000,0.150000,0.000000
1777213897.979361,0,0.000000,0.000000,0.000000,0.000000,1.000000,0.000000,0.000000,0.000000,0.000000,0.000000
1777213898.021355,0,0.000000,0.000000,0.000000,0.000000,0.430000,0.000000,0.000000,0.000000,0.000000,0.000000
1777213898.022009,0,0.000000,0.000000,0.000000,0.000000,0.150000,0.000000,0.000000,0.000000,0.000000,0.000000
1777213898.063937,0,0.000000,0.000000,0.000000,0.000000,1.000000,0.000000,0.000000,0.000000,0.000000,0.000000
1777213898.064436,0,0.000000,0.000000,0.000000,0.000000,0.680000,0.000000,0.000000,0.000000,0.000000,0.000000
1777213898.065191,0,0.000000,0.000000,0.000000,0.000000,1.000000,0.000000,0.000000,0.000000,0.150000,0.000000
1777213898.103670,0,0.000000,0.000000,0.000000,0.000000,0.230000,0.000000,0.000000,0.000000,0.000000,0.000000
1777213898.104160,0,0.000000,0.000000,0.000000,0.000000,0.100000,0.000000,0.000000,0.000000,0.150000,0.000000
1777213898.104547,0,0.000000,0.000000,0.000000,0.000000,0.690000,0.000000,0.000000,0.000000,0.150000,0.000000
1777213898.149030,0,0.000000,0.000000,0.000000,0.000000,0.360000,0.000000,0.000000,0.000000,0.000000,0.070000
1777213898.149990,0,0.000000,0.000000,0.000000,0.000000,0.340000,0.000000,0.000000,0.000000,0.150000,0.000000
1777213898.191344,0,0.000000,0.000000,0.000000,0.000000,0.100000,0.000000,0.000000,0.000000,0.000000,0.000000
1777213898.191885,0,0.000000,0.000000,0.000000,0.000000,0.340000,0.000000,0.000000,0.000000,0.300000,0.000000
1777213898.231243,0,0.000000,0.000000,0.000000,0.000000,1.000000,0.000000,0.000000,0.000000,0.000000,0.000000
1777213898.231763,0,0.000000,0.000000,0.000000,0.000000,0.140000,0.000000,0.000000,0.000000,0.300000,0.000000
1777213898.232152,0,0.000000,0.000000,0.000000,0.000000,1.000000,0.000000,0.000000,0.000000,0.000000,0.000000
1777213898.232630,0,0.000000,0.000000,0.000000,0.000000,0.200000,0.000000,0.000000,0.000000,0.150000,0.000000
1777213898.273588,0,0.000000,0.000000,0.000000,0.000000,1.000000,0.000000,0.000000,0.000000,0.150000,0.000000
1777213898.274084,0,0.000000,0.000000,0.000000,0.000000,0.150000,0.000000,0.000000,0.000000,0.150000,0.000000
1777213898.274893,0,0.000000,0.000000,0.000000,0.000000,0.280000,0.000000,0.000000,0.000000,0.000000,0.000000
1777213898.310721,0,0.000000,0.000000,0.000000,0.000000,0.400000,0.000000,0.000000,0.000000,0.440000,0.000000
1777213898.311278,0,0.000000,0.000000,0.000000,0.000000,0.500000,0.000000,0.000000,0.000000,0.000000,0.000000
1777213898.311686,0,0.000000,0.000000,0.000000,0.000000,0.360000,0.000000,0.000000,0.000000,0.150000,0.000000
1777213898.353491,0,0.000000,0.000000,0.000000,0.000000,0.110000,0.000000,0.000000,0.000000,0.150000,0.020000
1777213898.353985,0,0.000000,0.000000,0.000000,0.000000,1.000000,0.000000,0.000000,0.000000,0.000000,0.000000
1777213898.395980,0,0.000000,0.000000,0.000000,0.000000,0.400000,0.000000,0.000000,0.000000,0.000000,0.020000
1777213898.397200,0,0.000000,0.000000,0.000000,0.000000,1.000000,0.000000,0.000000,0.000000,0.000000,0.000000
1777213898.398575,0,0.000000,0.000000,0.000000,0.000000,0.370000,0.000000,0.000000,0.000000,0.000000,0.000000
1777213898.439481,0,0.000000,0.000000,0.000000,0.000000,0.110000,0.000000,0.000000,0.000000,0.300000,0.000000
1777213898.440084,0,0.000000,0.000000,0.000000,0.000000,1.000000,0.000000,0.000000,0.000000,0.150000,0.000000
1777213898.440644,0,0.000000,0.000000,0.000000,0.000000,0.250000,0.000000,0.000000,0.000000,0.000000,0.000000
1777213898.477913,0,0.000000,0.000000,0.000000,0.000000,0.330000,0.000000,0.000000,0.000000,0.150000,0.000000
1777213898.478424,0,0.000000,0.000000,0.000000,0.000000,0.000000,0.000000,0.000000,0.000000,0.440000,0.000000
1777213898.519728,0,0.000000,0.000000,0.000000,0.000000,0.660000,0.000000,0.000000,0.000000,0.000000,0.000000
1777213898.520260,0,0.000000,0.000000,0.000000,0.000000,1.000000,0.000000,0.000000,0.000000,0.000000,0.000000
1777213898.520655,0,0.000000,0.000000,0.000000,0.000000,0.280000,0.000000,0.000000,0.000000,0.000000,0.000000
1777213898.562303,0,0.000000,0.000000,0.000000,0.000000,0.460000,0.000000,0.000000,0.000000,0.000000,0.000000
1777213898.562838,0,0.000000,0.000000,0.000000,0.000000,0.150000,0.000000,0.000000,0.000000,0.150000,0.000000
1777213898.563639,0,0.000000,0.000000,0.000000,0.000000,1.000000,0.000000,0.000000,0.000000,0.000000,0.000000
1777213898.604451,0,0.000000,0.000000,0.000000,0.000000,0.560000,0.000000,0.000000,0.000000,0.000000,0.000000
1777213898.605259,0,0.000000,0.000000,0.000000,0.000000,0.510000,0.000000,0.000000,0.000000,0.150000,0.000000
1777213898.643750,0,0.000000,0.000000,0.000000,0.000000,0.630000,0.000000,0.000000,0.000000,0.150000,0.000000
1777213898.644260,0,0.000000,0.000000,0.000000,0.000000,0.000000,0.000000,0.000000,0.000000,0.300000,0.000000
1777213898.644655,0,0.000000,0.000000,0.000000,0.000000,0.000000,0.000000,0.000000,0.000000,0.300000,0.000000
1777213898.687865,0,0.000000,0.000000,0.000000,0.000000,0.760000,0.000000,0.000000,0.000000,0.000000,0.000000
1777213898.689044,0,0.000000,0.000000,0.000000,0.000000,0.550000,0.000000,0.000000,0.000000,0.000000,0.000000
1777213898.689617,0,0.000000,0.000000,0.000000,0.000000,0.100000,0.000000,0.000000,0.000000,0.000000,0.000000
1777213898.731414,0,0.000000,0.000000,0.000000,0.000000,0.150000,0.000000,0.000000,0.000000,0.440000,0.000000
1777213898.732045,0,0.000000,0.000000,0.000000,0.000000,1.000000,0.000000,0.000000,0.000000,0.150000,0.000000
1777213898.778179,0,0.000000,0.000000,0.000000,0.000000,0.000000,0.000000,0.000000,0.000000,0.600000,0.000000
1777213898.778737,0,0.000000,0.000000,0.000000,0.000000,1.000000,0.000000,0.000000,0.000000,0.000000,0.000000
1777213898.779138,0,0.000000,0.000000,0.000000,0.000000,0.330000,0.000000,0.000000,0.000000,0.150000,0.000000
1777213898.821800,0,0.000000,0.000000,0.000000,0.000000,0.110000,0.000000,0.000000,0.000000,0.000000,0.000000
1777213898.822554,0,0.000000,0.000000,0.000000,0.000000,1.000000,0.000000,0.000000,0.000000,0.000000,0.000000
1777213898.823067,0,0.000000,0.000000,0.000000,0.000000,0.310000,0.000000,0.000000,0.000000,0.000000,0.000000
1777213898.823527,0,0.000000,0.000000,0.000000,0.000000,0.140000,0.000000,0.000000,0.000000,0.440000,0.000000
1777213898.866533,0,0.000000,0.000000,0.000000,0.000000,1.000000,0.000000,0.000000,0.000000,0.150000,0.000000
1777213898.867067,0,0.000000,0.000000,0.000000,0.000000,0.050000,0.000000,0.000000,0.000000,0.150000,0.000000
1777213898.908682,0,0.000000,0.000000,0.000000,0.000000,0.230000,0.000000,0.000000,0.000000,0.150000,0.000000
1777213898.909229,0,0.000000,0.000000,0.000000,0.000000,1.000000,0.000000,0.000000,0.000000,0.000000,0.000000
1777213898.909656,0,0.000000,0.000000,0.000000,0.000000,0.270000,0.000000,0.000000,0.000000,0.600000,0.000000
1777213898.951391,0,0.000000,0.000000,0.000000,0.000000,0.680000,0.000000,0.000000,0.000000,0.150000,0.000000
1777213898.951946,0,0.000000,0.000000,0.000000,0.000000,1.000000,0.000000,0.000000,0.000000,0.000000,0.000000
1777213898.952342,0,0.000000,0.000000,0.000000,0.000000,1.000000,0.000000,0.000000,0.000000,0.150000,0.000000
1777213898.993480,0,0.000000,0.000000,0.000000,0.000000,0.370000,0.000000,0.000000,0.000000,0.150000,0.000000
1777213898.994032,0,0.000000,0.000000,0.000000,0.000000,0.100000,0.000000,0.000000,0.000000,0.000000,0.000000
1777213898.994524,0,0.000000,0.000000,0.000000,0.000000,0.680000,0.000000,0.000000,0.000000,0.150000,0.000000
1777213899.036351,0,0.000000,0.000000,0.000000,0.000000,1.000000,0.000000,0.000000,0.000000,0.000000,0.000000
1777213899.036878,0,0.000000,0.000000,0.000000,0.000000,0.230000,0.000000,0.000000,0.000000,0.150000,0.000000
1777213899.079388,0,0.000000,0.000000,0.000000,0.000000,0.500000,0.000000,0.000000,0.000000,0.000000,0.000000
1777213899.080449,0,0.000000,0.000000,0.000000,0.000000,0.820000,0.000000,0.000000,0.000000,0.150000,0.000000
1777213899.081424,0,0.000000,0.000000,0.000000,0.000000,1.000000,0.000000,0.000000,0.000000,0.000000,0.000000
1777213899.121693,0,0.000000,0.000000,0.000000,0.000000,1.000000,0.000000,0.000000,0.000000,0.000000,0.000000
1777213899.122190,0,0.000000,0.000000,0.000000,0.000000,0.210000,0.000000,0.000000,0.000000,0.300000,0.000000
1777213899.122578,0,0.000000,0.000000,0.000000,0.000000,1.000000,0.000000,0.000000,0.000000,0.000000,0.000000
1777213899.123340,0,0.000000,0.000000,0.000000,0.000000,1.000000,0.000000,0.000000,0.000000,0.000000,0.000000
1777213899.165717,0,0.000000,0.000000,0.000000,0.000000,0.210000,0.000000,0.000000,0.000000,0.150000,0.000000
1777213899.166260,0,0.000000,0.000000,0.000000,0.000000,1.000000,0.000000,0.000000,0.000000,0.150000,0.000000
1777213899.208080,0,0.000000,0.000000,0.000000,0.000000,0.210000,0.000000,0.000000,0.000000,0.000000,0.000000
1777213899.208604,0,0.000000,0.000000,0.000000,0.000000,0.550000,0.000000,0.000000,0.000000,0.000000,0.000000
1777213899.208993,0,0.000000,0.000000,0.000000,0.000000,1.000000,0.000000,0.000000,0.000000,0.000000,0.000000
1777213899.248037,0,0.000000,0.000000,0.000000,0.000000,0.000000,0.000000,0.000000,0.000000,0.300000,0.020000
1777213899.248544,0,0.000000,0.000000,0.000000,0.000000,1.000000,0.000000,0.000000,0.000000,0.000000,0.000000
1777213899.248937,0,0.000000,0.000000,0.000000,0.000000,0.760000,0.000000,0.000000,0.000000,0.000000,0.000000
1777213899.289447,0,0.000000,0.000000,0.000000,0.000000,0.750000,0.000000,0.000000,0.000000,0.000000,0.000000
1777213899.290053,0,0.000000,0.000000,0.000000,0.000000,0.410000,0.000000,0.000000,0.000000,0.150000,0.000000
1777213899.330646,0,0.000000,0.000000,0.000000,0.000000,1.000000,0.000000,0.000000,0.000000,0.000000,0.000000
1777213899.331153,0,0.000000,0.000000,0.000000,0.000000,1.000000,0.000000,0.000000,0.000000,0.000000,0.000000
1777213899.331562,0,0.000000,0.000000,0.000000,0.000000,0.140000,0.000000,0.000000,0.000000,0.150000,0.000000
1777213899.373580,0,0.000000,0.000000,0.000000,0.000000,0.000000,0.000000,0.000000,0.000000,0.440000,0.000000
1777213899.374201,0,0.000000,0.000000,0.000000,0.000000,0.500000,0.000000,0.000000,0.000000,0.000000,0.000000
1777213899.375077,0,0.000000,0.000000,0.000000,0.000000,0.000000,0.000000,0.000000,0.000000,0.300000,0.000000
1777213899.417177,0,0.000000,0.000000,0.000000,0.000000,0.540000,0.000000,0.000000,0.000000,0.000000,0.000000
1777213899.417708,0,0.000000,0.000000,0.000000,0.000000,1.000000,0.000000,0.000000,0.000000,0.150000,0.000000
1777213899.459377,0,0.000000,0.000000,0.000000,0.000000,0.000000,0.000000,0.000000,0.000000,0.300000,0.000000
1777213899.459903,0,0.000000,0.000000,0.000000,0.000000,0.620000,0.000000,0.000000,0.000000,0.000000,0.000000
1777213899.460295,0,0.000000,0.000000,0.000000,0.000000,0.500000,0.000000,0.000000,0.000000,0.150000,0.000000
1777213899.460709,0,0.000000,0.000000,0.000000,0.000000,1.000000,0.000000,0.000000,0.000000,0.000000,0.000000
1777213899.505805,0,0.000000,0.000000,0.000000,0.000000,0.400000,0.000000,0.000000,0.000000,0.440000,0.000000
1777213899.506319,0,0.000000,0.000000,0.000000,0.000000,1.000000,0.000000,0.000000,0.000000,0.300000,0.000000
1777213899.546835,0,0.000000,0.000000,0.000000,0.000000,0.360000,0.000000,0.000000,0.000000,0.000000,0.000000
1777213899.547374,0,0.000000,0.000000,0.000000,0.000000,1.000000,0.000000,0.000000,0.000000,0.150000,0.000000
1777213899.547776,0,0.000000,0.000000,0.000000,0.000000,1.000000,0.000000,0.000000,0.000000,0.000000,0.000000
1777213899.590399,0,0.000000,0.000000,0.000000,0.000000,0.100000,0.000000,0.000000,0.000000,0.000000,0.000000
1777213899.590947,0,0.000000,0.000000,0.000000,0.000000,0.700000,0.000000,0.000000,0.000000,0.600000,0.000000
1777213899.591343,0,0.000000,0.000000,0.000000,0.000000,0.150000,0.000000,0.000000,0.000000,0.000000,0.000000
1777213899.631556,0,0.000000,0.000000,0.000000,0.000000,0.680000,0.000000,0.000000,0.000000,0.000000,0.000000
1777213899.632179,0,0.000000,0.000000,0.000000,0.000000,0.180000,0.000000,0.000000,0.000000,0.300000,0.020000
1777213899.632773,0,0.000000,0.000000,0.000000,0.000000,0.000000,0.000000,0.000000,0.000000,0.300000,0.000000
1777213899.677239,0,0.000000,0.000000,0.000000,0.000000,1.000000,0.000000,0.000000,0.000000,0.150000,0.000000
1777213899.678123,0,0.000000,0.000000,0.000000,0.000000,0.230000,0.000000,0.000000,0.000000,0.000000,0.000000
1777213899.678836,0,0.000000,0.000000,0.000000,0.000000,0.000000,0.000000,0.000000,0.000000,0.300000,0.000000
1777213899.722336,0,0.000000,0.000000,0.000000,0.000000,0.750000,0.000000,0.000000,0.000000,0.000000,0.000000
1777213899.723082,0,0.000000,0.000000,0.000000,0.000000,0.250000,0.000000,0.000000,0.000000,0.150000,0.000000
1777213899.723665,0,0.000000,0.000000,0.000000,0.000000,0.370000,0.000000,0.000000,0.000000,0.000000,0.000000
1777213899.763617,0,0.000000,0.000000,0.000000,0.000000,1.000000,0.000000,0.000000,0.000000,0.000000,0.000000
1777213899.764123,0,0.000000,0.000000,0.000000,0.000000,0.000000,0.000000,0.000000,0.000000,0.440000,0.180000
1777213899.764509,0,0.000000,0.000000,0.000000,0.000000,0.930000,0.000000,0.000000,0.000000,0.150000,0.000000
1777213899.804149,0,0.000000,0.000000,0.000000,0.000000,1.000000,0.000000,0.000000,0.000000,0.000000,0.000000
1777213899.804724,0,0.000000,0.000000,0.000000,0.000000,0.000000,0.000000,0.000000,0.000000,0.300000,0.000000
1777213899.805746,0,0.000000,0.000000,0.000000,0.000000,0.250000,0.000000,0.000000,0.000000,0.150000,0.000000
1777213899.851896,0,0.000000,0.000000,0.000000,0.000000,1.000000,0.000000,0.000000,0.000000,0.150000,0.000000
1777213899.892417,0,0.000000,0.000000,0.000000,0.000000,0.100000,0.000000,0.000000,0.000000,0.000000,0.000000
1777213899.892936,0,0.000000,0.000000,0.000000,0.000000,0.250000,0.000000,0.000000,0.000000,0.150000,0.000000
1777213899.893369,0,0.000000,0.000000,0.000000,0.000000,0.330000,0.000000,0.000000,0.000000,0.150000,0.000000
1777213899.930957,0,0.000000,0.000000,0.000000,0.000000,1.000000,0.000000,0.000000,0.000000,0.000000,0.000000
1777213899.931476,0,0.000000,0.000000,0.000000,0.000000,0.400000,0.000000,0.000000,0.000000,0.000000,0.000000
1777213899.931912,0,0.000000,0.000000,0.000000,0.000000,1.000000,0.000000,0.000000,0.000000,0.150000,0.000000
1777213899.932793,0,0.000000,0.000000,0.000000,0.000000,1.000000,0.000000,0.000000,0.000000,0.150000,0.000000
1777213899.974578,0,0.000000,0.000000,0.000000,0.000000,1.000000,0.000000,0.000000,0.000000,0.000000,0.000000
1777213899.975113,0,0.000000,0.000000,0.000000,0.000000,1.000000,0.000000,0.000000,0.000000,0.000000,0.000000
1777213900.015577,0,0.000000,0.000000,0.000000,0.000000,1.000000,0.000000,0.000000,0.000000,0.300000,0.000000
1777213900.016665,0,0.000000,0.000000,0.000000,0.000000,1.000000,0.000000,0.000000,0.000000,0.150000,0.000000
1777213900.017680,0,0.000000,0.000000,0.000000,0.000000,0.250000,0.000000,0.000000,0.000000,0.150000,0.000000
1777213900.057045,0,0.000000,0.000000,0.000000,0.000000,0.000000,0.000000,0.000000,0.000000,0.300000,0.050000
1777213900.057545,0,0.000000,0.000000,0.000000,0.000000,1.000000,0.000000,0.000000,0.000000,0.000000,0.000000
1777213900.057944,0,0.000000,0.000000,0.000000,0.000000,0.210000,0.000000,0.000000,0.000000,0.000000,0.000000
1777213900.098924,0,0.000000,0.000000,0.000000,0.000000,0.280000,0.000000,0.000000,0.000000,0.600000,0.000000
1777213900.099428,0,0.000000,0.000000,0.000000,0.000000,0.500000,0.000000,0.000000,0.000000,0.000000,0.000000
1777213900.141939,0,0.000000,0.000000,0.000000,0.000000,1.000000,0.000000,0.000000,0.000000,0.150000,0.000000
1777213900.142486,0,0.000000,0.000000,0.000000,0.000000,0.250000,0.000000,0.000000,0.000000,0.000000,0.000000
1777213900.142910,0,0.000000,0.000000,0.000000,0.000000,1.000000,0.000000,0.000000,0.000000,0.000000,0.000000
1777213900.185654,0,0.000000,0.000000,0.000000,0.000000,1.000000,0.000000,0.000000,0.000000,0.150000,0.000000
1777213900.186465,0,0.000000,0.000000,0.000000,0.000000,0.730000,0.000000,0.000000,0.000000,0.150000,0.000000
1777213900.187031,0,0.000000,0.000000,0.000000,0.000000,0.050000,0.000000,0.000000,0.000000,0.440000,0.000000
1777213900.232643,0,0.000000,0.000000,0.000000,0.000000,0.500000,0.000000,0.000000,0.000000,0.000000,0.000000
1777213900.233167,0,0.000000,0.000000,0.000000,0.000000,1.000000,0.000000,0.000000,0.000000,0.150000,0.000000
1777213900.233692,0,0.000000,0.000000,0.000000,0.000000,0.120000,0.000000,0.000000,0.000000,0.000000,0.000000
1777213900.273490,0,0.000000,0.000000,0.000000,0.000000,0.860000,0.000000,0.000000,0.000000,0.000000,0.000000
1777213900.274067,0,0.000000,0.000000,0.000000,0.000000,0.000000,0.000000,0.000000,0.000000,0.300000,0.000000
1777213900.274473,0,0.000000,0.000000,0.000000,0.000000,0.000000,0.000000,0.000000,0.000000,0.300000,0.000000
1777213900.314910,0,0.000000,0.000000,0.000000,0.000000,1.000000,0.000000,0.000000,0.000000,0.150000,0.000000
1777213900.315465,0,0.000000,0.000000,0.000000,0.000000,1.000000,0.000000,0.000000,0.000000,0.000000,0.000000
1777213900.355241,0,0.000000,0.000000,0.000000,0.000000,0.000000,0.000000,0.000000,0.000000,0.440000,0.000000
1777213900.355971,0,0.000000,0.000000,0.000000,0.000000,0.930000,0.000000,0.000000,0.000000,0.000000,0.000000
1777213900.356471,0,0.000000,0.000000,0.000000,0.000000,0.400000,0.000000,0.000000,0.000000,0.150000,0.000000
1777213900.398137,0,0.000000,0.000000,0.000000,0.000000,0.140000,0.000000,0.000000,0.000000,0.000000,0.020000
1777213900.398765,0,0.000000,0.000000,0.000000,0.000000,0.890000,0.000000,0.000000,0.000000,0.000000,0.000000
1777213900.399193,0,0.000000,0.000000,0.000000,0.000000,1.000000,0.000000,0.000000,0.000000,0.150000,0.000000
1777213900.439385,0,0.000000,0.000000,0.000000,0.000000,0.200000,0.000000,0.000000,0.000000,0.000000,0.000000
1777213900.439894,0,0.000000,0.000000,0.000000,0.000000,0.000000,0.000000,0.000000,0.000000,0.600000,0.000000
1777213900.440280,0,0.000000,0.000000,0.000000,0.000000,1.000000,0.000000,0.000000,0.000000,0.000000,0.000000
1777213900.482329,0,0.000000,0.000000,0.000000,0.000000,0.250000,0.000000,0.000000,0.000000,0.150000,0.000000
1777213900.483570,0,0.000000,0.000000,0.000000,0.000000,0.550000,0.000000,0.000000,0.000000,0.000000,0.000000
1777213900.525761,0,0.000000,0.000000,0.000000,0.000000,0.690000,0.000000,0.000000,0.000000,0.000000,0.000000
1777213900.526274,0,0.000000,0.000000,0.000000,0.000000,0.180000,0.000000,0.000000,0.000000,0.150000,0.000000
1777213900.526680,0,0.000000,0.000000,0.000000,0.000000,1.000000,0.000000,0.000000,0.000000,0.000000,0.000000
1777213900.527650,0,0.000000,0.000000,0.000000,0.000000,0.620000,0.000000,0.000000,0.000000,0.000000,0.000000
1777213900.570492,0,0.000000,0.000000,0.000000,0.000000,0.300000,0.000000,0.000000,0.000000,0.000000,0.000000
1777213900.570992,0,0.000000,0.000000,0.000000,0.000000,0.150000,0.000000,0.000000,0.000000,0.000000,0.000000
1777213900.613699,0,0.000000,0.000000,0.000000,0.000000,0.400000,0.000000,0.000000,0.000000,0.000000,0.000000
1777213900.614235,0,0.000000,0.000000,0.000000,0.000000,0.660000,0.000000,0.000000,0.000000,0.150000,0.000000
1777213900.614632,0,0.000000,0.000000,0.000000,0.000000,0.180000,0.000000,0.000000,0.000000,0.000000,0.020000
1777213900.658612,0,0.000000,0.000000,0.000000,0.000000,0.180000,0.000000,0.000000,0.000000,0.000000,0.000000
1777213900.659344,0,0.000000,0.000000,0.000000,0.000000,0.620000,0.000000,0.000000,0.000000,0.150000,0.140000
1777213900.659997,0,0.000000,0.000000,0.000000,0.000000,0.270000,0.000000,0.000000,0.000000,0.000000,0.000000
1777213900.704837,0,0.000000,0.000000,0.000000,0.000000,0.250000,0.000000,0.000000,0.000000,0.150000,0.000000
1777213900.706100,0,0.000000,0.000000,0.000000,0.000000,1.000000,0.000000,0.000000,0.000000,0.000000,0.020000
1777213900.707222,0,0.000000,0.000000,0.000000,0.000000,0.000000,0.000000,0.000000,0.000000,0.440000,0.000000
1777213900.748112,0,0.000000,0.000000,0.000000,0.000000,0.000000,0.000000,0.000000,0.000000,0.440000,0.000000
1777213900.749279,0,0.000000,0.000000,0.000000,0.000000,0.870000,0.000000,0.000000,0.000000,0.000000,0.000000
1777213900.750258,0,0.000000,0.000000,0.000000,0.000000,0.150000,0.000000,0.000000,0.000000,0.300000,0.000000
1777213900.791020,0,0.000000,0.000000,0.000000,0.000000,1.000000,0.000000,0.000000,0.000000,0.000000,0.000000
1777213900.792364,0,0.000000,0.000000,0.000000,0.000000,0.070000,0.000000,0.000000,0.000000,0.000000,0.000000
1777213900.792848,0,0.000000,0.000000,0.000000,0.000000,0.070000,0.000000,0.000000,0.000000,0.150000,0.000000
1777213900.838523,0,0.000000,0.000000,0.000000,0.000000,0.200000,0.000000,0.000000,0.000000,0.000000,0.000000
1777213900.839028,0,0.000000,0.000000,0.000000,0.000000,0.200000,0.000000,0.000000,0.000000,0.000000,0.000000
1777213900.876854,0,0.000000,0.000000,0.000000,0.000000,0.550000,0.000000,0.000000,0.000000,0.300000,0.000000
1777213900.877373,0,0.000000,0.000000,0.000000,0.000000,1.000000,0.000000,0.000000,0.000000,0.150000,0.000000
1777213900.918588,0,0.000000,0.000000,0.000000,0.000000,0.210000,0.000000,0.000000,0.000000,0.300000,0.000000
1777213900.919150,0,0.000000,0.000000,0.000000,0.000000,1.000000,0.000000,0.000000,0.000000,0.000000,0.000000
1777213900.919805,0,0.000000,0.000000,0.000000,0.000000,0.000000,0.000000,0.000000,0.000000,0.300000,0.000000
1777213900.960043,0,0.000000,0.000000,0.000000,0.000000,1.000000,0.000000,0.000000,0.000000,0.150000,0.020000
1777213900.960705,0,0.000000,0.000000,0.000000,0.000000,0.430000,0.000000,0.000000,0.000000,0.000000,0.000000
1777213900.961156,0,0.000000,0.000000,0.000000,0.000000,1.000000,0.000000,0.000000,0.000000,0.000000,0.000000
1777213900.961792,0,0.000000,0.000000,0.000000,0.000000,0.210000,0.000000,0.000000,0.000000,0.000000,0.000000
1777213901.005221,0,0.000000,0.000000,0.000000,0.000000,0.660000,0.000000,0.000000,0.000000,0.000000,0.000000
1777213901.006516,0,0.000000,0.000000,0.000000,0.000000,0.000000,0.000000,0.000000,0.000000,0.300000,0.000000
1777213901.047852,0,0.000000,0.000000,0.000000,0.000000,0.000000,0.000000,0.000000,0.000000,0.300000,0.000000
1777213901.048370,0,0.000000,0.000000,0.000000,0.000000,1.000000,0.000000,0.000000,0.000000,0.150000,0.000000
1777213901.048756,0,0.000000,0.000000,0.000000,0.000000,0.850000,0.000000,0.000000,0.000000,0.000000,0.000000
1777213901.049150,0,0.000000,0.000000,0.000000,0.000000,0.000000,0.000000,0.000000,0.000000,0.300000,0.000000
1777213901.089115,0,0.000000,0.000000,0.000000,0.000000,1.000000,0.000000,0.000000,0.000000,0.000000,0.000000
1777213901.089696,0,0.000000,0.000000,0.000000,0.000000,0.000000,0.000000,0.000000,0.000000,0.300000,0.000000
1777213901.129525,0,0.000000,0.000000,0.000000,0.000000,0.330000,0.000000,0.000000,0.000000,0.150000,0.100000
1777213901.130025,0,0.000000,0.000000,0.000000,0.000000,0.870000,0.000000,0.000000,0.000000,0.000000,0.000000
1777213901.172623,0,0.000000,0.000000,0.000000,0.000000,0.250000,0.000000,0.000000,0.000000,0.300000,0.000000
1777213901.173808,0,0.000000,0.000000,0.000000,0.000000,0.000000,0.000000,0.000000,0.000000,0.440000,0.000000
1777213901.174407,0,0.000000,0.000000,0.000000,0.000000,1.000000,0.000000,0.000000,0.000000,0.150000,0.000000
1777213901.214705,0,0.000000,0.000000,0.000000,0.000000,0.170000,0.000000,0.000000,0.000000,0.000000,0.020000
1777213901.215217,0,0.000000,0.000000,0.000000,0.000000,0.200000,0.000000,0.000000,0.000000,0.150000,0.000000
1777213901.215606,0,0.000000,0.000000,0.000000,0.000000,1.000000,0.000000,0.000000,0.000000,0.000000,0.000000
1777213901.216488,0,0.000000,0.000000,0.000000,0.000000,0.410000,0.000000,0.000000,0.000000,0.150000,0.000000
1777213901.259359,0,0.000000,0.000000,0.000000,0.000000,1.000000,0.000000,0.000000,0.000000,0.000000,0.000000
1777213901.259886,0,0.000000,0.000000,0.000000,0.000000,0.150000,0.000000,0.000000,0.000000,0.150000,0.000000
1777213901.305734,0,0.000000,0.000000,0.000000,0.000000,0.000000,0.000000,0.000000,0.000000,0.300000,0.000000
1777213901.306282,0,0.000000,0.000000,0.000000,0.000000,0.200000,0.000000,0.000000,0.000000,0.300000,0.000000
1777213901.306680,0,0.000000,0.000000,0.000000,0.000000,1.000000,0.000000,0.000000,0.000000,0.150000,0.000000
1777213901.346908,0,0.000000,0.000000,0.000000,0.000000,0.280000,0.000000,0.000000,0.000000,0.150000,0.000000
1777213901.347425,0,0.000000,0.000000,0.000000,0.000000,1.000000,0.000000,0.000000,0.000000,0.000000,0.000000
1777213901.347829,0,0.000000,0.000000,0.000000,0.000000,1.000000,0.000000,0.000000,0.000000,0.000000,0.000000
1777213901.388604,0,0.000000,0.000000,0.000000,0.000000,0.200000,0.000000,0.000000,0.000000,0.300000,0.000000
1777213901.389119,0,0.000000,0.000000,0.000000,0.000000,0.000000,0.000000,0.000000,0.000000,0.300000,0.000000
1777213901.389760,0,0.000000,0.000000,0.000000,0.000000,1.000000,0.000000,0.000000,0.000000,0.000000,0.070000
1777213901.429054,0,0.000000,0.000000,0.000000,0.000000,0.500000,0.000000,0.000000,0.000000,0.000000,0.000000
1777213901.429567,0,0.000000,0.000000,0.000000,0.000000,0.690000,0.000000,0.000000,0.000000,0.000000,0.000000
1777213901.472307,0,0.000000,0.000000,0.000000,0.000000,0.400000,0.000000,0.000000,0.000000,0.000000,0.000000
1777213901.472866,0,0.000000,0.000000,0.000000,0.000000,0.690000,0.000000,0.000000,0.000000,0.000000,0.000000
1777213901.473265,0,0.000000,0.000000,0.000000,0.000000,0.330000,0.000000,0.000000,0.000000,0.150000,0.000000
1777213901.518742,0,0.000000,0.000000,0.000000,0.000000,0.000000,0.000000,0.000000,0.000000,0.300000,0.000000
1777213901.519376,0,0.000000,0.000000,0.000000,0.000000,0.930000,0.000000,0.000000,0.000000,0.150000,0.000000
1777213901.519939,0,0.000000,0.000000,0.000000,0.000000,1.000000,0.000000,0.000000,0.000000,0.000000,0.000000
1777213901.563172,0,0.000000,0.000000,0.000000,0.000000,0.510000,0.000000,0.000000,0.000000,0.000000,0.000000
1777213901.563675,0,0.000000,0.000000,0.000000,0.000000,0.500000,0.000000,0.000000,0.000000,0.150000,0.430000
1777213901.564363,0,0.000000,0.000000,0.000000,0.000000,0.510000,0.000000,0.000000,0.000000,0.000000,0.000000
1777213901.614725,0,0.000000,0.000000,0.000000,0.000000,0.370000,0.000000,0.000000,0.000000,0.150000,0.000000
1777213901.615831,0,0.000000,0.000000,0.000000,0.000000,1.000000,0.000000,0.000000,0.000000,0.150000,0.000000
1777213901.663998,0,0.000000,0.000000,0.000000,0.000000,1.000000,0.000000,0.000000,0.000000,0.150000,0.000000
1777213901.664550,0,0.000000,0.000000,0.000000,0.000000,0.250000,0.000000,0.000000,0.000000,0.000000,0.000000
1777213901.665071,0,0.000000,0.000000,0.000000,0.000000,0.310000,0.000000,0.000000,0.000000,0.000000,0.000000
1777213901.665680,0,0.000000,0.000000,0.000000,0.000000,0.460000,0.000000,0.000000,0.000000,0.000000,0.000000
1777213901.706790,0,0.000000,0.000000,0.000000,0.000000,0.330000,0.000000,0.000000,0.000000,0.150000,0.000000
1777213901.707413,0,0.000000,0.000000,0.000000,0.000000,0.110000,0.000000,0.000000,0.000000,0.000000,0.000000
1777213901.747813,0,0.000000,0.000000,0.000000,0.000000,0.000000,0.000000,0.000000,0.000000,0.300000,0.000000
1777213901.748320,0,0.000000,0.000000,0.000000,0.000000,0.000000,0.000000,0.000000,0.000000,0.300000,0.000000
1777213901.748703,0,0.000000,0.000000,0.000000,0.000000,1.000000,0.000000,0.000000,0.000000,0.150000,0.000000
1777213901.749799,0,0.000000,0.000000,0.000000,0.000000,0.870000,0.000000,0.000000,0.000000,0.000000,0.000000
1777213901.794502,0,0.000000,0.000000,0.000000,0.000000,1.000000,0.000000,0.000000,0.000000,0.000000,0.070000
1777213901.795035,0,0.000000,0.000000,0.000000,0.000000,0.500000,0.000000,0.000000,0.000000,0.000000,0.000000
1777213901.838599,0,0.000000,0.000000,0.000000,0.000000,1.000000,0.000000,0.000000,0.000000,0.150000,0.000000
1777213901.839251,0,0.000000,0.000000,0.000000,0.000000,0.000000,0.000000,0.000000,0.000000,0.300000,0.000000
1777213901.839743,0,0.000000,0.000000,0.000000,0.000000,0.100000,0.000000,0.000000,0.000000,0.300000,0.000000
1777213901.840176,0,0.000000,0.000000,0.000000,0.000000,0.930000,0.000000,0.000000,0.000000,0.000000,0.000000
1777213901.881019,0,0.000000,0.000000,0.000000,0.000000,0.600000,0.000000,0.000000,0.000000,0.000000,0.000000
1777213901.881545,0,0.000000,0.000000,0.000000,0.000000,0.280000,0.000000,0.000000,0.000000,0.000000,0.050000
1777213901.882096,0,0.000000,0.000000,0.000000,0.000000,0.600000,0.000000,0.000000,0.000000,0.000000,0.000000
1777213901.926745,0,0.000000,0.000000,0.000000,0.000000,0.150000,0.000000,0.000000,0.000000,0.150000,0.000000
1777213901.927386,0,0.000000,0.000000,0.000000,0.000000,1.000000,0.000000,0.000000,0.000000,0.000000,0.000000
1777213901.928151,0,0.000000,0.000000,0.000000,0.000000,0.310000,0.000000,0.000000,0.000000,0.000000,0.000000
1777213901.973168,0,0.000000,0.000000,0.000000,0.000000,0.340000,0.000000,0.000000,0.000000,0.150000,0.000000
1777213901.973976,0,0.000000,0.000000,0.000000,0.000000,0.000000,0.000000,0.000000,0.000000,0.300000,0.000000
1777213901.974619,0,0.000000,0.000000,0.000000,0.000000,1.000000,0.000000,0.000000,0.000000,0.150000,0.000000
1777213902.018969,0,0.000000,0.000000,0.000000,0.000000,0.000000,0.000000,0.000000,0.000000,0.440000,0.070000
1777213902.019466,0,0.000000,0.000000,0.000000,0.000000,0.690000,0.000000,0.000000,0.000000,0.000000,0.000000
1777213902.019852,0,0.000000,0.000000,0.000000,0.000000,0.210000,0.000000,0.000000,0.000000,0.000000,0.000000
1777213902.061101,0,0.000000,0.000000,0.000000,0.000000,1.000000,0.000000,0.000000,0.000000,0.150000,0.000000
1777213902.061602,0,0.000000,0.000000,0.000000,0.000000,0.000000,0.000000,0.000000,0.000000,0.300000,0.000000
1777213902.105963,0,0.000000,0.000000,0.000000,0.000000,0.690000,0.000000,0.000000,0.000000,0.000000,0.000000
1777213902.106476,0,0.000000,0.000000,0.000000,0.000000,1.000000,0.000000,0.000000,0.000000,0.150000,0.000000
1777213902.106867,0,0.000000,0.000000,0.000000,0.000000,0.500000,0.000000,0.000000,0.000000,0.300000,0.000000
1777213902.147405,0,0.000000,0.000000,0.000000,0.000000,1.000000,0.000000,0.000000,0.000000,0.000000,0.000000
1777213902.147908,0,0.000000,0.000000,0.000000,0.000000,1.000000,0.000000,0.000000,0.000000,0.150000,0.000000
1777213902.148295,0,0.000000,0.000000,0.000000,0.000000,0.000000,0.000000,0.000000,0.000000,0.300000,0.000000
1777213902.188112,0,0.000000,0.000000,0.000000,0.000000,1.000000,0.000000,0.000000,0.000000,0.000000,0.000000
1777213902.188618,0,0.000000,0.000000,0.000000,0.000000,1.000000,0.000000,0.000000,0.000000,0.150000,0.000000
1777213902.231483,0,0.000000,0.000000,0.000000,0.000000,0.890000,0.000000,0.000000,0.000000,0.150000,0.000000
1777213902.232037,0,0.000000,0.000000,0.000000,0.000000,0.150000,0.000000,0.000000,0.000000,0.000000,0.000000
1777213902.232452,0,0.000000,0.000000,0.000000,0.000000,1.000000,0.000000,0.000000,0.000000,0.150000,0.000000
1777213902.274740,0,0.000000,0.000000,0.000000,0.000000,0.370000,0.000000,0.000000,0.000000,0.000000,0.000000
1777213902.275276,0,0.000000,0.000000,0.000000,0.000000,0.090000,0.000000,0.000000,0.000000,0.150000,0.000000
1777213902.275690,0,0.000000,0.000000,0.000000,0.000000,0.150000,0.000000,0.000000,0.000000,0.000000,0.020000
1777213902.318522,0,0.000000,0.000000,0.000000,0.000000,0.770000,0.000000,0.000000,0.000000,0.000000,0.000000
1777213902.319024,0,0.000000,0.000000,0.000000,0.000000,0.910000,0.000000,0.000000,0.000000,0.000000,0.000000
1777213902.319430,0,0.000000,0.000000,0.000000,0.000000,1.000000,0.000000,0.000000,0.000000,0.150000,0.000000
1777213902.360893,0,0.000000,0.000000,0.000000,0.000000,0.000000,0.000000,0.000000,0.000000,0.300000,0.000000
1777213902.362039,0,0.000000,0.000000,0.000000,0.000000,1.000000,0.000000,0.000000,0.000000,0.000000,0.000000
1777213902.405214,0,0.000000,0.000000,0.000000,0.000000,0.330000,0.000000,0.000000,0.000000,0.000000,0.000000
1777213902.405724,0,0.000000,0.000000,0.000000,0.000000,0.460000,0.000000,0.000000,0.000000,0.000000,0.000000
1777213902.406139,0,0.000000,0.000000,0.000000,0.000000,0.570000,0.000000,0.000000,0.000000,0.150000,0.000000
1777213902.406539,0,0.000000,0.000000,0.000000,0.000000,1.000000,0.000000,0.000000,0.000000,0.000000,0.000000
1777213902.448311,0,0.000000,0.000000,0.000000,0.000000,1.000000,0.000000,0.000000,0.000000,0.150000,0.000000
1777213902.448823,0,0.000000,0.000000,0.000000,0.000000,0.500000,0.000000,0.000000,0.000000,0.150000,0.000000
1777213902.449308,0,0.000000,0.000000,0.000000,0.000000,0.140000,0.000000,0.000000,0.000000,0.150000,0.000000
1777213902.488457,0,0.000000,0.000000,0.000000,0.000000,1.000000,0.000000,0.000000,0.000000,0.150000,0.050000
1777213902.489032,0,0.000000,0.000000,0.000000,0.000000,0.680000,0.000000,0.000000,0.000000,0.150000,0.000000
1777213902.489467,0,0.000000,0.000000,0.000000,0.000000,0.400000,0.000000,0.000000,0.000000,0.150000,0.000000
1777213902.534815,0,0.000000,0.000000,0.000000,0.000000,0.000000,0.000000,0.000000,0.000000,0.300000,0.000000
1777213902.535864,0,0.000000,0.000000,0.000000,0.000000,0.100000,0.000000,0.000000,0.000000,0.000000,0.000000
1777213902.576394,0,0.000000,0.000000,0.000000,0.000000,0.750000,0.000000,0.000000,0.000000,0.000000,0.000000
1777213902.576956,0,0.000000,0.000000,0.000000,0.000000,0.200000,0.000000,0.000000,0.000000,0.000000,0.000000
1777213902.577381,0,0.000000,0.000000,0.000000,0.000000,0.370000,0.000000,0.000000,0.000000,0.150000,0.000000
1777213902.620167,0,0.000000,0.000000,0.000000,0.000000,0.330000,0.000000,0.000000,0.000000,0.150000,0.000000
1777213902.620697,0,0.000000,0.000000,0.000000,0.000000,0.000000,0.000000,0.000000,0.000000,0.300000,0.000000
1777213902.621109,0,0.000000,0.000000,0.000000,0.000000,0.000000,0.000000,0.000000,0.000000,0.300000,0.000000
1777213902.660474,0,0.000000,0.000000,0.000000,0.000000,0.110000,0.000000,0.000000,0.000000,0.150000,0.000000
1777213902.660978,0,0.000000,0.000000,0.000000,0.000000,0.140000,0.000000,0.000000,0.000000,0.440000,0.000000
1777213902.705342,0,0.000000,0.000000,0.000000,0.000000,0.460000,0.000000,0.000000,0.000000,0.000000,0.000000
1777213902.705841,0,0.000000,0.000000,0.000000,0.000000,1.000000,0.000000,0.000000,0.000000,0.000000,0.000000
1777213902.706231,0,0.000000,0.000000,0.000000,0.000000,0.150000,0.000000,0.000000,0.000000,0.150000,0.000000
1777213902.706885,0,0.000000,0.000000,0.000000,0.000000,1.000000,0.000000,0.000000,0.000000,0.000000,0.000000
1777213902.748245,0,0.000000,0.000000,0.000000,0.000000,0.100000,0.000000,0.000000,0.000000,0.150000,0.000000
1777213902.748773,0,0.000000,0.000000,0.000000,0.000000,0.330000,0.000000,0.000000,0.000000,0.000000,0.000000
1777213902.790495,0,0.000000,0.000000,0.000000,0.000000,1.000000,0.000000,0.000000,0.000000,0.150000,0.000000
1777213902.790997,0,0.000000,0.000000,0.000000,0.000000,0.110000,0.000000,0.000000,0.000000,0.150000,0.000000
1777213902.832466,0,0.000000,0.000000,0.000000,0.000000,0.270000,0.000000,0.000000,0.000000,0.440000,0.000000
1777213902.833525,0,0.000000,0.000000,0.000000,0.000000,0.000000,0.000000,0.000000,0.000000,0.600000,0.070000
1777213902.834497,0,0.000000,0.000000,0.000000,0.000000,0.510000,0.000000,0.000000,0.000000,0.000000,0.000000
1777213902.835131,0,0.000000,0.000000,0.000000,0.000000,0.340000,0.000000,0.000000,0.000000,0.000000,0.000000
1777213902.875604,0,0.000000,0.000000,0.000000,0.000000,0.000000,0.000000,0.000000,0.000000,0.300000,0.000000
1777213902.876118,0,0.000000,0.000000,0.000000,0.000000,0.180000,0.000000,0.000000,0.000000,0.300000,0.000000
1777213902.876504,0,0.000000,0.000000,0.000000,0.000000,0.180000,0.000000,0.000000,0.000000,0.300000,0.000000
1777213902.921419,0,0.000000,0.000000,0.000000,0.000000,1.000000,0.000000,0.000000,0.000000,0.150000,0.000000
1777213902.921955,0,0.000000,0.000000,0.000000,0.000000,1.000000,0.000000,0.000000,0.000000,0.150000,0.000000
1777213902.922347,0,0.000000,0.000000,0.000000,0.000000,0.810000,0.000000,0.000000,0.000000,0.000000,0.000000
1777213902.971804,0,0.000000,0.000000,0.000000,0.000000,0.150000,0.000000,0.000000,0.000000,0.000000,0.000000
1777213902.972334,0,0.000000,0.000000,0.000000,0.000000,0.250000,0.000000,0.000000,0.000000,0.150000,0.000000
1777213902.972728,0,0.000000,0.000000,0.000000,0.000000,0.150000,0.000000,0.000000,0.000000,0.000000,0.000000
1777213903.019230,0,0.000000,0.000000,0.000000,0.000000,0.460000,0.000000,0.000000,0.000000,0.000000,0.070000
1777213903.020320,0,0.000000,0.000000,0.000000,0.000000,0.280000,0.000000,0.000000,0.000000,0.150000,0.000000
1777213903.021322,0,0.000000,0.000000,0.000000,0.000000,0.400000,0.000000,0.000000,0.000000,0.000000,0.000000
1777213903.063609,0,0.000000,0.000000,0.000000,0.000000,0.400000,0.000000,0.000000,0.000000,0.150000,0.000000
1777213903.064110,0,0.000000,0.000000,0.000000,0.000000,0.000000,0.000000,0.000000,0.000000,0.300000,0.000000
1777213903.064697,0,0.000000,0.000000,0.000000,0.000000,0.830000,0.000000,0.000000,0.000000,0.150000,0.000000
1777213903.065949,0,0.000000,0.000000,0.000000,0.000000,0.000000,0.000000,0.000000,0.000000,0.300000,0.000000
1777213903.108814,0,0.000000,0.000000,0.000000,0.000000,0.750000,0.000000,0.000000,0.000000,0.000000,0.000000
1777213903.110093,0,0.000000,0.000000,0.000000,0.000000,1.000000,0.000000,0.000000,0.000000,0.000000,0.000000
1777213903.152866,0,0.000000,0.000000,0.000000,0.000000,1.000000,0.000000,0.000000,0.000000,0.150000,0.000000
1777213903.153629,0,0.000000,0.000000,0.000000,0.000000,0.250000,0.000000,0.000000,0.000000,0.000000,0.000000
1777213903.154052,0,0.000000,0.000000,0.000000,0.000000,0.000000,0.000000,0.000000,0.000000,0.440000,0.000000
1777213903.197029,0,0.000000,0.000000,0.000000,0.000000,0.150000,0.000000,0.000000,0.000000,0.000000,0.000000
1777213903.198140,0,0.000000,0.000000,0.000000,0.000000,0.890000,0.000000,0.000000,0.000000,0.000000,0.000000
1777213903.199101,0,0.000000,0.000000,0.000000,0.000000,0.510000,0.000000,0.000000,0.000000,0.150000,0.000000
1777213903.246779,0,0.000000,0.000000,0.000000,0.000000,1.000000,0.000000,0.000000,0.000000,0.000000,0.000000
1777213903.247334,0,0.000000,0.000000,0.000000,0.000000,0.000000,0.000000,0.000000,0.000000,0.300000,0.000000
1777213903.247755,0,0.000000,0.000000,0.000000,0.000000,1.000000,0.000000,0.000000,0.000000,0.000000,0.000000
1777213903.306011,0,0.000000,0.000000,0.000000,0.000000,0.000000,0.000000,0.000000,0.000000,0.440000,0.000000
1777213903.306537,0,0.000000,0.000000,0.000000,0.000000,0.930000,0.000000,0.000000,0.000000,0.000000,0.000000
1777213903.306961,0,0.000000,0.000000,0.000000,0.000000,0.200000,0.000000,0.000000,0.000000,0.000000,0.000000
1777213903.356469,0,0.000000,0.000000,0.000000,0.000000,0.230000,0.000000,0.000000,0.000000,0.150000,0.000000
1777213903.357000,0,0.000000,0.000000,0.000000,0.000000,1.000000,0.000000,0.000000,0.000000,0.150000,0.000000
1777213903.357569,0,0.000000,0.000000,0.000000,0.000000,1.000000,0.000000,0.000000,0.000000,0.000000,0.000000
1777213903.358085,0,0.000000,0.000000,0.000000,0.000000,1.000000,0.000000,0.000000,0.000000,0.000000,0.000000
1777213903.411685,0,0.000000,0.000000,0.000000,0.000000,0.630000,0.000000,0.000000,0.000000,0.000000,0.000000
1777213903.412355,0,0.000000,0.000000,0.000000,0.000000,0.620000,0.000000,0.000000,0.000000,0.000000,0.000000
1777213903.412793,0,0.000000,0.000000,0.000000,0.000000,1.000000,0.000000,0.000000,0.000000,0.000000,0.000000
1777213903.413849,0,0.000000,0.000000,0.000000,0.000000,1.000000,0.000000,0.000000,0.000000,0.000000,0.000000
1777213903.466301,0,0.000000,0.000000,0.000000,0.000000,0.200000,0.000000,0.000000,0.000000,0.440000,0.000000
1777213903.467130,0,0.000000,0.000000,0.000000,0.000000,1.000000,0.000000,0.000000,0.000000,0.150000,0.230000
1777213903.522780,0,0.000000,0.000000,0.000000,0.000000,0.300000,0.000000,0.000000,0.000000,0.000000,0.000000
1777213903.523453,0,0.000000,0.000000,0.000000,0.000000,0.760000,0.000000,0.000000,0.000000,0.300000,0.000000
1777213903.524000,0,0.000000,0.000000,0.000000,0.000000,0.070000,0.000000,0.000000,0.000000,0.150000,0.000000
1777213903.574177,0,0.000000,0.000000,0.000000,0.000000,1.000000,0.000000,0.000000,0.000000,0.150000,0.000000
1777213903.574740,0,0.000000,0.000000,0.000000,0.000000,1.000000,0.000000,0.000000,0.000000,0.150000,0.050000
1777213903.575125,0,0.000000,0.000000,0.000000,0.000000,1.000000,0.000000,0.000000,0.000000,0.150000,0.000000
1777213903.575591,0,0.000000,0.000000,0.000000,0.000000,1.000000,0.000000,0.000000,0.000000,0.000000,0.000000
1777213903.575994,0,0.000000,0.000000,0.000000,0.000000,0.150000,0.000000,0.000000,0.000000,0.000000,0.000000
1777213903.611312,0,0.000000,0.000000,0.000000,0.000000,0.660000,0.000000,0.000000,0.000000,0.300000,0.000000
1777213903.611832,0,0.000000,0.000000,0.000000,0.000000,0.550000,0.000000,0.000000,0.000000,0.000000,0.000000
1777213903.612228,0,0.000000,0.000000,0.000000,0.000000,0.000000,0.000000,0.000000,0.000000,0.440000,0.000000
1777213903.654222,0,0.000000,0.000000,0.000000,0.000000,1.000000,0.000000,0.000000,0.000000,0.000000,0.000000
1777213903.654767,0,0.000000,0.000000,0.000000,0.000000,0.000000,0.000000,0.000000,0.000000,0.440000,0.250000
1777213903.699222,0,0.000000,0.000000,0.000000,0.000000,0.000000,0.000000,0.000000,0.000000,0.300000,0.000000
1777213903.700275,0,0.000000,0.000000,0.000000,0.000000,1.000000,0.000000,0.000000,0.000000,0.150000,0.000000
1777213903.701246,0,0.000000,0.000000,0.000000,0.000000,0.330000,0.000000,0.000000,0.000000,0.000000,0.000000
1777213903.742489,0,0.000000,0.000000,0.000000,0.000000,0.620000,0.000000,0.000000,0.000000,0.150000,0.230000
1777213903.742997,0,0.000000,0.000000,0.000000,0.000000,1.000000,0.000000,0.000000,0.000000,0.000000,0.000000
1777213903.743384,0,0.000000,0.000000,0.000000,0.000000,0.620000,0.000000,0.000000,0.000000,0.000000,0.000000
1777213903.785314,0,0.000000,0.000000,0.000000,0.000000,0.150000,0.000000,0.000000,0.000000,0.150000,0.000000
1777213903.786320,0,0.000000,0.000000,0.000000,0.000000,1.000000,0.000000,0.000000,0.000000,0.000000,0.000000
1777213903.829789,0,0.000000,0.000000,0.000000,0.000000,0.500000,0.000000,0.000000,0.000000,0.000000,0.000000
1777213903.830314,0,0.000000,0.000000,0.000000,0.000000,1.000000,0.000000,0.000000,0.000000,0.150000,0.000000
1777213903.830715,0,0.000000,0.000000,0.000000,0.000000,0.070000,0.000000,0.000000,0.000000,0.150000,0.000000
1777213903.831101,0,0.000000,0.000000,0.000000,0.000000,0.000000,0.000000,0.000000,0.000000,0.300000,0.000000
1777213903.870987,0,0.000000,0.000000,0.000000,0.000000,1.000000,0.000000,0.000000,0.000000,0.150000,0.000000
1777213903.871500,0,0.000000,0.000000,0.000000,0.000000,1.000000,0.000000,0.000000,0.000000,0.150000,0.000000
1777213903.872426,0,0.000000,0.000000,0.000000,0.000000,0.250000,0.000000,0.000000,0.000000,0.000000,0.000000
1777213903.919908,0,0.000000,0.000000,0.000000,0.000000,0.360000,0.000000,0.000000,0.000000,0.300000,0.000000
1777213903.920439,0,0.000000,0.000000,0.000000,0.000000,1.000000,0.000000,0.000000,0.000000,0.000000,0.000000
1777213903.967691,0,0.000000,0.000000,0.000000,0.000000,0.370000,0.000000,0.000000,0.000000,0.150000,0.000000
1777213903.968218,0,0.000000,0.000000,0.000000,0.000000,1.000000,0.000000,0.000000,0.000000,0.150000,0.000000
1777213903.968605,0,0.000000,0.000000,0.000000,0.000000,0.250000,0.000000,0.000000,0.000000,0.000000,0.000000
1777213903.968977,0,0.000000,0.000000,0.000000,0.000000,0.110000,0.000000,0.000000,0.000000,0.000000,0.000000
1777213904.011256,0,0.000000,0.000000,0.000000,0.000000,0.150000,0.000000,0.000000,0.000000,0.150000,0.000000
1777213904.011760,0,0.000000,0.000000,0.000000,0.000000,0.000000,0.000000,0.000000,0.000000,0.300000,0.000000
1777213904.012161,0,0.000000,0.000000,0.000000,0.000000,0.930000,0.000000,0.000000,0.000000,0.000000,0.000000
1777213904.052247,0,0.000000,0.000000,0.000000,0.000000,0.370000,0.000000,0.000000,0.000000,0.150000,0.000000
1777213904.052993,0,0.000000,0.000000,0.000000,0.000000,0.370000,0.000000,0.000000,0.000000,0.000000,0.000000
1777213904.053470,0,0.000000,0.000000,0.000000,0.000000,0.370000,0.000000,0.000000,0.000000,0.150000,0.000000
1777213904.093483,0,0.000000,0.000000,0.000000,0.000000,0.440000,0.000000,0.000000,0.000000,0.150000,0.000000
1777213904.094169,0,0.000000,0.000000,0.000000,0.000000,1.000000,0.000000,0.000000,0.000000,0.000000,0.000000
1777213904.094580,0,0.000000,0.000000,0.000000,0.000000,1.000000,0.000000,0.000000,0.000000,0.000000,0.070000
1777213904.138805,0,0.000000,0.000000,0.000000,0.000000,0.440000,0.000000,0.000000,0.000000,0.150000,0.000000
1777213904.139333,0,0.000000,0.000000,0.000000,0.000000,1.000000,0.000000,0.000000,0.000000,0.000000,0.000000
1777213904.179059,0,0.000000,0.000000,0.000000,0.000000,0.770000,0.000000,0.000000,0.000000,0.000000,0.000000
1777213904.179554,0,0.000000,0.000000,0.000000,0.000000,0.230000,0.000000,0.000000,0.000000,0.150000,0.000000
1777213904.180008,0,0.000000,0.000000,0.000000,0.000000,1.000000,0.000000,0.000000,0.000000,0.150000,0.000000
1777213904.180533,0,0.000000,0.000000,0.000000,0.000000,1.000000,0.000000,0.000000,0.000000,0.150000,0.000000
1777213904.224465,0,0.000000,0.000000,0.000000,0.000000,0.000000,0.000000,0.000000,0.000000,0.300000,0.000000
1777213904.225533,0,0.000000,0.000000,0.000000,0.000000,1.000000,0.000000,0.000000,0.000000,0.000000,0.000000
1777213904.266228,0,0.000000,0.000000,0.000000,0.000000,1.000000,0.000000,0.000000,0.000000,0.000000,0.000000
1777213904.266737,0,0.000000,0.000000,0.000000,0.000000,0.440000,0.000000,0.000000,0.000000,0.150000,0.000000
1777213904.309250,0,0.000000,0.000000,0.000000,0.000000,1.000000,0.000000,0.000000,0.000000,0.150000,0.000000
1777213904.309740,0,0.000000,0.000000,0.000000,0.000000,0.360000,0.000000,0.000000,0.000000,0.000000,0.000000
1777213904.310126,0,0.000000,0.000000,0.000000,0.000000,0.340000,0.000000,0.000000,0.000000,0.150000,0.020000
1777213904.310773,0,0.000000,0.000000,0.000000,0.000000,0.110000,0.000000,0.000000,0.000000,0.000000,0.000000
1777213904.354987,0,0.000000,0.000000,0.000000,0.000000,0.120000,0.000000,0.000000,0.000000,0.000000,0.000000
1777213904.355957,0,0.000000,0.000000,0.000000,0.000000,0.340000,0.000000,0.000000,0.000000,0.150000,0.000000
1777213904.356994,0,0.000000,0.000000,0.000000,0.000000,0.570000,0.000000,0.000000,0.000000,0.150000,0.000000
1777213904.397618,0,0.000000,0.000000,0.000000,0.000000,0.370000,0.000000,0.000000,0.000000,0.000000,0.000000
1777213904.398345,0,0.000000,0.000000,0.000000,0.000000,0.000000,0.000000,0.000000,0.000000,0.300000,0.000000
1777213904.398926,0,0.000000,0.000000,0.000000,0.000000,0.930000,0.000000,0.000000,0.000000,0.000000,0.000000
1777213904.439999,0,0.000000,0.000000,0.000000,0.000000,0.250000,0.000000,0.000000,0.000000,0.000000,0.000000
1777213904.440625,0,0.000000,0.000000,0.000000,0.000000,0.200000,0.000000,0.000000,0.000000,0.150000,0.000000
1777213904.441448,0,0.000000,0.000000,0.000000,0.000000,0.230000,0.000000,0.000000,0.000000,0.000000,0.000000
1777213904.483527,0,0.000000,0.000000,0.000000,0.000000,0.200000,0.000000,0.000000,0.000000,0.000000,0.000000
1777213904.484180,0,0.000000,0.000000,0.000000,0.000000,0.200000,0.000000,0.000000,0.000000,0.000000,0.000000
1777213904.525088,0,0.000000,0.000000,0.000000,0.000000,1.000000,0.000000,0.000000,0.000000,0.000000,0.000000
1777213904.525835,0,0.000000,0.000000,0.000000,0.000000,1.000000,0.000000,0.000000,0.000000,0.150000,0.000000
1777213904.526329,0,0.000000,0.000000,0.000000,0.000000,0.120000,0.000000,0.000000,0.000000,0.000000,0.000000
1777213904.567091,0,0.000000,0.000000,0.000000,0.000000,0.340000,0.000000,0.000000,0.000000,0.000000,0.000000
1777213904.567828,0,0.000000,0.000000,0.000000,0.000000,0.330000,0.000000,0.000000,0.000000,0.000000,0.000000
1777213904.568826,0,0.000000,0.000000,0.000000,0.000000,0.000000,0.000000,0.000000,0.000000,0.300000,0.000000
1777213904.607550,0,0.000000,0.000000,0.000000,0.000000,0.000000,0.000000,0.000000,0.000000,0.300000,0.000000
1777213904.608057,0,0.000000,0.000000,0.000000,0.000000,1.000000,0.000000,0.000000,0.000000,0.000000,0.000000
1777213904.608524,0,0.000000,0.000000,0.000000,0.000000,0.460000,0.000000,0.000000,0.000000,0.000000,0.000000
1777213904.653116,0,0.000000,0.000000,0.000000,0.000000,0.100000,0.000000,0.000000,0.000000,0.150000,0.000000
1777213904.653682,0,0.000000,0.000000,0.000000,0.000000,0.270000,0.000000,0.000000,0.000000,0.000000,0.000000
1777213904.655028,0,0.000000,0.000000,0.000000,0.000000,0.000000,0.000000,0.000000,0.000000,0.440000,0.070000
1777213904.698897,0,0.000000,0.000000,0.000000,0.000000,0.870000,0.000000,0.000000,0.000000,0.000000,0.000000
1777213904.699956,0,0.000000,0.000000,0.000000,0.000000,0.370000,0.000000,0.000000,0.000000,0.000000,0.000000
1777213904.701236,0,0.000000,0.000000,0.000000,0.000000,0.180000,0.000000,0.000000,0.000000,0.150000,0.050000
1777213904.745049,0,0.000000,0.000000,0.000000,0.000000,0.890000,0.000000,0.000000,0.000000,0.000000,0.000000
1777213904.745589,0,0.000000,0.000000,0.000000,0.000000,0.250000,0.000000,0.000000,0.000000,0.300000,0.000000
1777213904.747166,0,0.000000,0.000000,0.000000,0.000000,1.000000,0.000000,0.000000,0.000000,0.000000,0.000000
1777213904.790947,0,0.000000,0.000000,0.000000,0.000000,0.460000,0.000000,0.000000,0.000000,0.150000,0.000000
1777213904.792086,0,0.000000,0.000000,0.000000,0.000000,0.110000,0.000000,0.000000,0.000000,0.150000,0.000000
1777213904.834620,0,0.000000,0.000000,0.000000,0.000000,0.620000,0.000000,0.000000,0.000000,0.300000,0.000000
1777213904.835125,0,0.000000,0.000000,0.000000,0.000000,0.360000,0.000000,0.000000,0.000000,0.150000,0.000000
1777213904.835512,0,0.000000,0.000000,0.000000,0.000000,0.250000,0.000000,0.000000,0.000000,0.000000,0.000000
1777213904.879301,0,0.000000,0.000000,0.000000,0.000000,0.400000,0.000000,0.000000,0.000000,0.000000,0.000000
1777213904.880355,0,0.000000,0.000000,0.000000,0.000000,0.550000,0.000000,0.000000,0.000000,0.000000,0.000000
1777213904.922343,0,0.000000,0.000000,0.000000,0.000000,1.000000,0.000000,0.000000,0.000000,0.000000,0.000000
1777213904.922870,0,0.000000,0.000000,0.000000,0.000000,0.200000,0.000000,0.000000,0.000000,0.150000,0.000000
1777213904.923295,0,0.000000,0.000000,0.000000,0.000000,0.560000,0.000000,0.000000,0.000000,0.150000,0.000000
1777213904.923721,0,0.000000,0.000000,0.000000,0.000000,1.000000,0.000000,0.000000,0.000000,0.000000,0.000000
1777213904.968748,0,0.000000,0.000000,0.000000,0.000000,0.000000,0.000000,0.000000,0.000000,0.300000,0.000000
1777213904.969274,0,0.000000,0.000000,0.000000,0.000000,0.700000,0.000000,0.000000,0.000000,0.000000,0.000000
1777213905.010244,0,0.000000,0.000000,0.000000,0.000000,1.000000,0.000000,0.000000,0.000000,0.000000,0.000000
1777213905.011312,0,0.000000,0.000000,0.000000,0.000000,1.000000,0.000000,0.000000,0.000000,0.000000,0.000000
1777213905.011791,0,0.000000,0.000000,0.000000,0.000000,0.140000,0.000000,0.000000,0.000000,0.300000,0.000000
1777213905.012185,0,0.000000,0.000000,0.000000,0.000000,0.000000,0.000000,0.000000,0.000000,0.440000,0.000000
1777213905.054943,0,0.000000,0.000000,0.000000,0.000000,0.400000,0.000000,0.000000,0.000000,0.000000,0.000000
1777213905.055474,0,0.000000,0.000000,0.000000,0.000000,0.750000,0.000000,0.000000,0.000000,0.000000,0.000000
1777213905.094374,0,0.000000,0.000000,0.000000,0.000000,0.000000,0.000000,0.000000,0.000000,0.300000,0.000000
1777213905.094874,0,0.000000,0.000000,0.000000,0.000000,0.000000,0.000000,0.000000,0.000000,0.600000,0.000000
1777213905.134025,0,0.000000,0.000000,0.000000,0.000000,1.000000,0.000000,0.000000,0.000000,0.000000,0.000000
1777213905.134540,0,0.000000,0.000000,0.000000,0.000000,0.000000,0.000000,0.000000,0.000000,0.300000,0.000000
1777213905.134929,0,0.000000,0.000000,0.000000,0.000000,0.000000,0.000000,0.000000,0.000000,0.300000,0.000000
1777213905.135301,0,0.000000,0.000000,0.000000,0.000000,0.870000,0.000000,0.000000,0.000000,0.150000,0.000000
1777213905.175734,0,0.000000,0.000000,0.000000,0.000000,1.000000,0.000000,0.000000,0.000000,0.000000,0.000000
1777213905.176234,0,0.000000,0.000000,0.000000,0.000000,0.000000,0.000000,0.000000,0.000000,0.300000,0.000000
1777213905.176620,0,0.000000,0.000000,0.000000,0.000000,0.800000,0.000000,0.000000,0.000000,0.150000,0.000000
1777213905.216671,0,0.000000,0.000000,0.000000,0.000000,1.000000,0.000000,0.000000,0.000000,0.000000,0.000000
1777213905.217340,0,0.000000,0.000000,0.000000,0.000000,0.170000,0.000000,0.000000,0.000000,0.150000,0.000000
1777213905.258964,0,0.000000,0.000000,0.000000,0.000000,0.340000,0.000000,0.000000,0.000000,0.000000,0.000000
1777213905.259540,0,0.000000,0.000000,0.000000,0.000000,0.110000,0.000000,0.000000,0.000000,0.000000,0.000000
1777213905.259951,0,0.000000,0.000000,0.000000,0.000000,0.000000,0.000000,0.000000,0.000000,0.300000,0.000000
1777213905.300755,0,0.000000,0.000000,0.000000,0.000000,0.300000,0.000000,0.000000,0.000000,0.000000,0.000000
1777213905.301410,0,0.000000,0.000000,0.000000,0.000000,0.600000,0.000000,0.000000,0.000000,0.150000,0.050000
1777213905.301982,0,0.000000,0.000000,0.000000,0.000000,0.370000,0.000000,0.000000,0.000000,0.150000,0.000000
1777213905.345828,0,0.000000,0.000000,0.000000,0.000000,0.000000,0.000000,0.000000,0.000000,0.300000,0.000000
1777213905.346364,0,0.000000,0.000000,0.000000,0.000000,0.180000,0.000000,0.000000,0.000000,0.000000,0.050000
1777213905.346904,0,0.000000,0.000000,0.000000,0.000000,1.000000,0.000000,0.000000,0.000000,0.150000,0.000000
1777213905.387268,0,0.000000,0.000000,0.000000,0.000000,0.370000,0.000000,0.000000,0.000000,0.000000,0.000000
1777213905.387788,0,0.000000,0.000000,0.000000,0.000000,0.750000,0.000000,0.000000,0.000000,0.150000,0.000000
1777213905.388292,0,0.000000,0.000000,0.000000,0.000000,0.180000,0.000000,0.000000,0.000000,0.000000,0.000000
1777213905.431873,0,0.000000,0.000000,0.000000,0.000000,0.890000,0.000000,0.000000,0.000000,0.150000,0.000000
1777213905.473554,0,0.000000,0.000000,0.000000,0.000000,0.360000,0.000000,0.000000,0.000000,0.150000,0.000000
1777213905.474082,0,0.000000,0.000000,0.000000,0.000000,0.340000,0.000000,0.000000,0.000000,0.150000,0.020000
1777213905.474590,0,0.000000,0.000000,0.000000,0.000000,1.000000,0.000000,0.000000,0.000000,0.000000,0.000000
1777213905.475191,0,0.000000,0.000000,0.000000,0.000000,1.000000,0.000000,0.000000,0.000000,0.150000,0.000000
1777213905.517662,0,0.000000,0.000000,0.000000,0.000000,1.000000,0.000000,0.000000,0.000000,0.000000,0.000000
1777213905.518161,0,0.000000,0.000000,0.000000,0.000000,0.200000,0.000000,0.000000,0.000000,0.300000,0.000000
1777213905.518648,0,0.000000,0.000000,0.000000,0.000000,1.000000,0.000000,0.000000,0.000000,0.000000,0.000000
1777213905.561474,0,0.000000,0.000000,0.000000,0.000000,0.230000,0.000000,0.000000,0.000000,0.150000,0.000000
1777213905.562201,0,0.000000,0.000000,0.000000,0.000000,0.360000,0.000000,0.000000,0.000000,0.000000,0.000000
1777213905.562690,0,0.000000,0.000000,0.000000,0.000000,1.000000,0.000000,0.000000,0.000000,0.000000,0.000000
1777213905.604276,0,0.000000,0.000000,0.000000,0.000000,0.000000,0.000000,0.000000,0.000000,0.300000,0.000000
1777213905.604846,0,0.000000,0.000000,0.000000,0.000000,0.250000,0.000000,0.000000,0.000000,0.000000,0.000000
1777213905.605672,0,0.000000,0.000000,0.000000,0.000000,0.360000,0.000000,0.000000,0.000000,0.150000,0.000000
1777213905.648810,0,0.000000,0.000000,0.000000,0.000000,0.140000,0.000000,0.000000,0.000000,0.300000,0.000000
1777213905.649753,0,0.000000,0.000000,0.000000,0.000000,0.330000,0.000000,0.000000,0.000000,0.000000,0.000000
1777213905.692392,0,0.000000,0.000000,0.000000,0.000000,0.630000,0.000000,0.000000,0.000000,0.000000,0.020000
1777213905.692925,0,0.000000,0.000000,0.000000,0.000000,1.000000,0.000000,0.000000,0.000000,0.000000,0.000000
1777213905.693330,0,0.000000,0.000000,0.000000,0.000000,0.370000,0.000000,0.000000,0.000000,0.000000,0.000000
1777213905.738124,0,0.000000,0.000000,0.000000,0.000000,0.000000,0.000000,0.000000,0.000000,0.300000,0.000000
1777213905.738623,0,0.000000,0.000000,0.000000,0.000000,0.270000,0.000000,0.000000,0.000000,0.000000,0.000000
1777213905.739011,0,0.000000,0.000000,0.000000,0.000000,0.180000,0.000000,0.000000,0.000000,0.300000,0.000000
1777213905.779628,0,0.000000,0.000000,0.000000,0.000000,1.000000,0.000000,0.000000,0.000000,0.000000,0.000000
1777213905.780174,0,0.000000,0.000000,0.000000,0.000000,0.150000,0.000000,0.000000,0.000000,0.000000,0.000000
1777213905.780577,0,0.000000,0.000000,0.000000,0.000000,0.460000,0.000000,0.000000,0.000000,0.000000,0.000000
1777213905.821912,0,0.000000,0.000000,0.000000,0.000000,0.760000,0.000000,0.000000,0.000000,0.150000,0.000000
1777213905.822448,0,0.000000,0.000000,0.000000,0.000000,0.400000,0.000000,0.000000,0.000000,0.000000,0.000000
1777213905.823278,0,0.000000,0.000000,0.000000,0.000000,1.000000,0.000000,0.000000,0.000000,0.000000,0.000000
1777213905.868185,0,0.000000,0.000000,0.000000,0.000000,0.250000,0.000000,0.000000,0.000000,0.150000,0.000000
1777213905.869277,0,0.000000,0.000000,0.000000,0.000000,0.250000,0.000000,0.000000,0.000000,0.000000,0.000000
1777213905.870207,0,0.000000,0.000000,0.000000,0.000000,0.410000,0.000000,0.000000,0.000000,0.000000,0.000000
1777213905.915731,0,0.000000,0.000000,0.000000,0.000000,0.910000,0.000000,0.000000,0.000000,0.000000,0.000000
1777213905.916261,0,0.000000,0.000000,0.000000,0.000000,1.000000,0.000000,0.000000,0.000000,0.000000,0.000000
1777213905.917543,0,0.000000,0.000000,0.000000,0.000000,0.150000,0.000000,0.000000,0.000000,0.000000,0.000000
1777213905.918584,0,0.000000,0.000000,0.000000,0.000000,0.070000,0.000000,0.000000,0.000000,0.000000,0.000000
1777213905.965849,0,0.000000,0.000000,0.000000,0.000000,0.430000,0.000000,0.000000,0.000000,0.300000,0.000000
1777213905.966352,0,0.000000,0.000000,0.000000,0.000000,1.000000,0.000000,0.000000,0.000000,0.150000,0.000000
1777213906.011794,0,0.000000,0.000000,0.000000,0.000000,0.000000,0.000000,0.000000,0.000000,0.300000,0.050000
1777213906.012874,0,0.000000,0.000000,0.000000,0.000000,0.280000,0.000000,0.000000,0.000000,0.150000,0.000000
1777213906.013575,0,0.000000,0.000000,0.000000,0.000000,0.550000,0.000000,0.000000,0.000000,0.000000,0.000000
1777213906.057000,0,0.000000,0.000000,0.000000,0.000000,0.750000,0.000000,0.000000,0.000000,0.000000,0.050000
1777213906.057510,0,0.000000,0.000000,0.000000,0.000000,1.000000,0.000000,0.000000,0.000000,0.000000,0.000000
1777213906.057898,0,0.000000,0.000000,0.000000,0.000000,0.000000,0.000000,0.000000,0.000000,0.600000,0.000000
1777213906.098999,0,0.000000,0.000000,0.000000,0.000000,1.000000,0.000000,0.000000,0.000000,0.150000,0.050000
1777213906.099526,0,0.000000,0.000000,0.000000,0.000000,0.330000,0.000000,0.000000,0.000000,0.150000,0.000000
1777213906.099931,0,0.000000,0.000000,0.000000,0.000000,0.300000,0.000000,0.000000,0.000000,0.150000,0.050000
1777213906.100626,0,0.000000,0.000000,0.000000,0.000000,0.750000,0.000000,0.000000,0.000000,0.000000,0.000000
1777213906.144841,0,0.000000,0.000000,0.000000,0.000000,0.340000,0.000000,0.000000,0.000000,0.000000,0.000000
1777213906.145330,0,0.000000,0.000000,0.000000,0.000000,1.000000,0.000000,0.000000,0.000000,0.000000,0.070000
1777213906.183715,0,0.000000,0.000000,0.000000,0.000000,0.100000,0.000000,0.000000,0.000000,0.150000,0.050000
1777213906.184247,0,0.000000,0.000000,0.000000,0.000000,0.090000,0.000000,0.000000,0.000000,0.000000,0.000000
1777213906.184649,0,0.000000,0.000000,0.000000,0.000000,0.310000,0.000000,0.000000,0.000000,0.000000,0.000000
1777213906.225313,0,0.000000,0.000000,0.000000,0.000000,0.000000,0.000000,0.000000,0.000000,0.300000,0.000000
1777213906.225843,0,0.000000,0.000000,0.000000,0.000000,1.000000,0.000000,0.000000,0.000000,0.150000,0.070000
1777213906.226232,0,0.000000,0.000000,0.000000,0.000000,1.000000,0.000000,0.000000,0.000000,0.000000,0.000000
1777213906.267654,0,0.000000,0.000000,0.000000,0.000000,0.200000,0.000000,0.000000,0.000000,0.000000,0.000000
1777213906.268208,0,0.000000,0.000000,0.000000,0.000000,0.000000,0.000000,0.000000,0.000000,0.300000,0.000000
1777213906.306768,0,0.000000,0.000000,0.000000,0.000000,0.000000,0.000000,0.000000,0.000000,0.300000,0.020000
1777213906.307585,0,0.000000,0.000000,0.000000,0.000000,0.000000,0.000000,0.000000,0.000000,0.300000,0.000000
1777213906.308165,0,0.000000,0.000000,0.000000,0.000000,1.000000,0.000000,0.000000,0.000000,0.000000,0.050000
1777213906.348168,0,0.000000,0.000000,0.000000,0.000000,0.330000,0.000000,0.000000,0.000000,0.000000,0.000000
1777213906.348666,0,0.000000,0.000000,0.000000,0.000000,1.000000,0.000000,0.000000,0.000000,0.000000,0.020000
1777213906.349058,0,0.000000,0.000000,0.000000,0.000000,1.000000,0.000000,0.000000,0.000000,0.000000,0.000000
1777213906.392366,0,0.000000,0.000000,0.000000,0.000000,1.000000,0.000000,0.000000,0.000000,0.000000,0.000000
1777213906.392910,0,0.000000,0.000000,0.000000,0.000000,1.000000,0.000000,0.000000,0.000000,0.000000,0.000000
1777213906.393311,0,0.000000,0.000000,0.000000,0.000000,0.110000,0.000000,0.000000,0.000000,0.150000,0.000000
1777213906.437061,0,0.000000,0.000000,0.000000,0.000000,0.680000,0.000000,0.000000,0.000000,0.150000,0.000000
1777213906.437561,0,0.000000,0.000000,0.000000,0.000000,1.000000,0.000000,0.000000,0.000000,0.000000,0.020000
1777213906.437950,0,0.000000,0.000000,0.000000,0.000000,0.000000,0.000000,0.000000,0.000000,0.300000,0.000000
1777213906.481493,0,0.000000,0.000000,0.000000,0.000000,0.000000,0.000000,0.000000,0.000000,0.300000,0.000000
1777213906.482589,0,0.000000,0.000000,0.000000,0.000000,0.430000,0.000000,0.000000,0.000000,0.150000,0.000000
1777213906.483788,0,0.000000,0.000000,0.000000,0.000000,0.180000,0.000000,0.000000,0.000000,0.150000,0.000000
1777213906.526472,0,0.000000,0.000000,0.000000,0.000000,0.370000,0.000000,0.000000,0.000000,0.000000,0.000000
1777213906.527036,0,0.000000,0.000000,0.000000,0.000000,0.000000,0.000000,0.000000,0.000000,0.300000,0.070000
1777213906.569144,0,0.000000,0.000000,0.000000,0.000000,0.000000,0.000000,0.000000,0.000000,0.300000,0.000000
1777213906.569683,0,0.000000,0.000000,0.000000,0.000000,0.820000,0.000000,0.000000,0.000000,0.150000,0.000000
1777213906.570094,0,0.000000,0.000000,0.000000,0.000000,1.000000,0.000000,0.000000,0.000000,0.150000,0.000000
1777213906.608992,0,0.000000,0.000000,0.000000,0.000000,1.000000,0.000000,0.000000,0.000000,0.000000,0.000000
1777213906.609497,0,0.000000,0.000000,0.000000,0.000000,0.820000,0.000000,0.000000,0.000000,0.000000,0.000000
1777213906.652012,0,0.000000,0.000000,0.000000,0.000000,1.000000,0.000000,0.000000,0.000000,0.000000,0.000000
1777213906.652865,0,0.000000,0.000000,0.000000,0.000000,0.000000,0.000000,0.000000,0.000000,0.300000,0.000000
1777213906.653596,0,0.000000,0.000000,0.000000,0.000000,1.000000,0.000000,0.000000,0.000000,0.000000,0.000000
1777213906.654066,0,0.000000,0.000000,0.000000,0.000000,1.000000,0.000000,0.000000,0.000000,0.000000,0.020000
1777213906.693784,0,0.000000,0.000000,0.000000,0.000000,1.000000,0.000000,0.000000,0.000000,0.000000,0.000000
1777213906.694287,0,0.000000,0.000000,0.000000,0.000000,0.000000,0.000000,0.000000,0.000000,0.300000,0.000000
1777213906.694697,0,0.000000,0.000000,0.000000,0.000000,1.000000,0.000000,0.000000,0.000000,0.000000,0.000000
1777213906.738197,0,0.000000,0.000000,0.000000,0.000000,0.400000,0.000000,0.000000,0.000000,0.300000,0.000000
1777213906.738737,0,0.000000,0.000000,0.000000,0.000000,1.000000,0.000000,0.000000,0.000000,0.000000,0.050000
1777213906.782346,0,0.000000,0.000000,0.000000,0.000000,1.000000,0.000000,0.000000,0.000000,0.000000,0.000000
1777213906.782857,0,0.000000,0.000000,0.000000,0.000000,1.000000,0.000000,0.000000,0.000000,0.000000,0.000000
1777213906.783265,0,0.000000,0.000000,0.000000,0.000000,1.000000,0.000000,0.000000,0.000000,0.000000,0.000000
1777213906.823886,0,0.000000,0.000000,0.000000,0.000000,1.000000,0.000000,0.000000,0.000000,0.000000,0.000000
1777213906.824690,0,0.000000,0.000000,0.000000,0.000000,1.000000,0.000000,0.000000,0.000000,0.150000,0.000000
1777213906.825691,0,0.000000,0.000000,0.000000,0.000000,1.000000,0.000000,0.000000,0.000000,0.000000,0.070000
1777213906.868244,0,0.000000,0.000000,0.000000,0.000000,1.000000,0.000000,0.000000,0.000000,0.150000,0.000000
1777213906.868759,0,0.000000,0.000000,0.000000,0.000000,0.000000,0.000000,0.000000,0.000000,0.440000,0.000000
1777213906.869157,0,0.000000,0.000000,0.000000,0.000000,1.000000,0.000000,0.000000,0.000000,0.150000,0.000000
1777213906.907915,0,0.000000,0.000000,0.000000,0.000000,0.000000,0.000000,0.000000,0.000000,0.300000,0.000000
1777213906.908422,0,0.000000,0.000000,0.000000,0.000000,0.000000,0.000000,0.000000,0.000000,0.300000,0.000000
1777213906.908931,0,0.000000,0.000000,0.000000,0.000000,0.500000,0.000000,0.000000,0.000000,0.000000,0.000000
1777213906.954605,0,0.000000,0.000000,0.000000,0.000000,1.000000,0.000000,0.000000,0.000000,0.150000,0.000000
1777213906.955773,0,0.000000,0.000000,0.000000,0.000000,1.000000,0.000000,0.000000,0.000000,0.150000,0.280000
1777213907.001904,0,0.000000,0.000000,0.000000,0.000000,1.000000,0.000000,0.000000,0.000000,0.000000,0.000000
1777213907.002407,0,0.000000,0.000000,0.000000,0.000000,0.620000,0.000000,0.000000,0.000000,0.000000,0.000000
1777213907.002809,0,0.000000,0.000000,0.000000,0.000000,1.000000,0.000000,0.000000,0.000000,0.000000,0.000000
1777213907.004131,0,0.000000,0.000000,0.000000,0.000000,1.000000,0.000000,0.000000,0.000000,0.000000,0.000000
1777213907.046567,0,0.000000,0.000000,0.000000,0.000000,0.000000,0.000000,0.000000,0.000000,0.300000,0.430000
1777213907.047079,0,0.000000,0.000000,0.000000,0.000000,0.210000,0.000000,0.000000,0.000000,0.300000,0.000000
1777213907.048099,0,0.000000,0.000000,0.000000,0.000000,1.000000,0.000000,0.000000,0.000000,0.150000,0.070000
1777213907.090892,0,0.000000,0.000000,0.000000,0.000000,1.000000,0.000000,0.000000,0.000000,0.150000,0.000000
1777213907.091382,0,0.000000,0.000000,0.000000,0.000000,0.660000,0.000000,0.000000,0.000000,0.000000,0.000000
1777213907.092419,0,0.000000,0.000000,0.000000,0.000000,0.370000,0.000000,0.000000,0.000000,0.000000,0.000000
1777213907.125688,0,0.000000,0.000000,0.000000,0.000000,0.330000,0.000000,0.000000,0.000000,0.000000,0.020000
1777213907.126248,0,0.000000,0.000000,0.000000,0.000000,0.310000,0.000000,0.000000,0.000000,0.000000,0.000000
1777213907.127106,0,0.000000,0.000000,0.000000,0.000000,0.000000,0.000000,0.000000,0.000000,0.300000,0.000000
1777213907.160739,0,0.000000,0.000000,0.000000,0.000000,0.000000,0.000000,0.000000,0.000000,0.440000,0.020000
1777213907.161313,0,0.000000,0.000000,0.000000,0.000000,1.000000,0.000000,0.000000,0.000000,0.000000,0.000000
1777213907.194016,0,0.000000,0.000000,0.000000,0.000000,0.000000,0.000000,0.000000,0.000000,0.300000,0.000000
1777213907.194621,0,0.000000,0.000000,0.000000,0.000000,0.510000,0.000000,0.000000,0.000000,0.150000,0.000000
1777213907.229962,0,0.000000,0.000000,0.000000,0.000000,1.000000,0.000000,0.000000,0.000000,0.000000,0.000000
1777213907.230702,0,0.000000,0.000000,0.000000,0.000000,0.110000,0.000000,0.000000,0.000000,0.000000,0.000000
1777213907.271113,0,0.000000,0.000000,0.000000,0.000000,0.680000,0.000000,0.000000,0.000000,0.150000,0.000000
1777213907.271703,0,0.000000,0.000000,0.000000,0.000000,0.340000,0.000000,0.000000,0.000000,0.000000,0.000000
1777213907.272145,0,0.000000,0.000000,0.000000,0.000000,0.000000,0.000000,0.000000,0.000000,0.300000,0.000000
1777213907.317182,0,0.000000,0.000000,0.000000,0.000000,1.000000,0.000000,0.000000,0.000000,0.000000,0.000000
1777213907.317716,0,0.000000,0.000000,0.000000,0.000000,0.100000,0.000000,0.000000,0.000000,0.300000,0.000000
1777213907.318546,0,0.000000,0.000000,0.000000,0.000000,1.000000,0.000000,0.000000,0.000000,0.000000,0.000000
1777213907.358453,0,0.000000,0.000000,0.000000,0.000000,0.250000,0.000000,0.000000,0.000000,0.000000,0.000000
1777213907.359991,0,0.000000,0.000000,0.000000,0.000000,0.120000,0.000000,0.000000,0.000000,0.000000,0.000000
1777213907.397971,0,0.000000,0.000000,0.000000,0.000000,1.000000,0.000000,0.000000,0.000000,0.000000,0.000000
1777213907.398499,0,0.000000,0.000000,0.000000,0.000000,1.000000,0.000000,0.000000,0.000000,0.150000,0.000000
1777213907.398899,0,0.000000,0.000000,0.000000,0.000000,0.200000,0.000000,0.000000,0.000000,0.000000,0.000000
1777213907.440241,0,0.000000,0.000000,0.000000,0.000000,1.000000,0.000000,0.000000,0.000000,0.150000,0.000000
1777213907.441103,0,0.000000,0.000000,0.000000,0.000000,0.310000,0.000000,0.000000,0.000000,0.000000,0.000000
1777213907.441562,0,0.000000,0.000000,0.000000,0.000000,1.000000,0.000000,0.000000,0.000000,0.150000,0.000000
1777213907.484535,0,0.000000,0.000000,0.000000,0.000000,0.070000,0.000000,0.000000,0.000000,0.000000,0.000000
1777213907.526472,0,0.000000,0.000000,0.000000,0.000000,0.680000,0.000000,0.000000,0.000000,0.000000,0.000000
1777213907.526973,0,0.000000,0.000000,0.000000,0.000000,1.000000,0.000000,0.000000,0.000000,0.000000,0.000000
1777213907.527361,0,0.000000,0.000000,0.000000,0.000000,0.000000,0.000000,0.000000,0.000000,0.300000,0.000000
1777213907.527831,0,0.000000,0.000000,0.000000,0.000000,0.150000,0.000000,0.000000,0.000000,0.000000,0.170000
1777213907.565786,0,0.000000,0.000000,0.000000,0.000000,0.180000,0.000000,0.000000,0.000000,0.000000,0.000000
1777213907.566313,0,0.000000,0.000000,0.000000,0.000000,1.000000,0.000000,0.000000,0.000000,0.150000,0.000000
1777213907.566720,0,0.000000,0.000000,0.000000,0.000000,1.000000,0.000000,0.000000,0.000000,0.000000,0.000000
1777213907.609225,0,0.000000,0.000000,0.000000,0.000000,0.180000,0.000000,0.000000,0.000000,0.000000,0.000000
1777213907.609740,0,0.000000,0.000000,0.000000,0.000000,0.400000,0.000000,0.000000,0.000000,0.000000,0.000000
1777213907.610245,0,0.000000,0.000000,0.000000,0.000000,0.430000,0.000000,0.000000,0.000000,0.000000,0.000000
1777213907.655807,0,0.000000,0.000000,0.000000,0.000000,1.000000,0.000000,0.000000,0.000000,0.150000,0.020000
1777213907.656308,0,0.000000,0.000000,0.000000,0.000000,0.330000,0.000000,0.000000,0.000000,0.000000,0.000000
1777213907.657205,0,0.000000,0.000000,0.000000,0.000000,1.000000,0.000000,0.000000,0.000000,0.150000,0.000000
1777213907.698751,0,0.000000,0.000000,0.000000,0.000000,0.110000,0.000000,0.000000,0.000000,0.150000,0.000000
1777213907.699283,0,0.000000,0.000000,0.000000,0.000000,0.330000,0.000000,0.000000,0.000000,0.000000,0.000000
1777213907.699886,0,0.000000,0.000000,0.000000,0.000000,0.370000,0.000000,0.000000,0.000000,0.000000,0.000000
1777213907.738900,0,0.000000,0.000000,0.000000,0.000000,0.180000,0.000000,0.000000,0.000000,0.000000,0.000000
1777213907.739466,0,0.000000,0.000000,0.000000,0.000000,0.000000,0.000000,0.000000,0.000000,0.300000,0.000000
1777213907.778581,0,0.000000,0.000000,0.000000,0.000000,1.000000,0.000000,0.000000,0.000000,0.000000,0.050000
1777213907.779700,0,0.000000,0.000000,0.000000,0.000000,0.340000,0.000000,0.000000,0.000000,0.000000,0.000000
1777213907.780323,0,0.000000,0.000000,0.000000,0.000000,0.140000,0.000000,0.000000,0.000000,0.150000,0.000000
1777213907.820469,0,0.000000,0.000000,0.000000,0.000000,1.000000,0.000000,0.000000,0.000000,0.000000,0.000000
1777213907.820967,0,0.000000,0.000000,0.000000,0.000000,1.000000,0.000000,0.000000,0.000000,0.150000,0.050000
1777213907.821371,0,0.000000,0.000000,0.000000,0.000000,0.200000,0.000000,0.000000,0.000000,0.000000,0.000000
1777213907.859823,0,0.000000,0.000000,0.000000,0.000000,1.000000,0.000000,0.000000,0.000000,0.000000,0.000000
1777213907.860323,0,0.000000,0.000000,0.000000,0.000000,0.170000,0.000000,0.000000,0.000000,0.000000,0.000000
1777213907.896952,0,0.000000,0.000000,0.000000,0.000000,1.000000,0.000000,0.000000,0.000000,0.150000,0.000000
1777213907.897694,0,0.000000,0.000000,0.000000,0.000000,0.310000,0.000000,0.000000,0.000000,0.000000,0.000000
1777213907.898753,0,0.000000,0.000000,0.000000,0.000000,0.920000,0.000000,0.000000,0.000000,0.000000,0.000000
1777213907.943622,0,0.000000,0.000000,0.000000,0.000000,0.380000,0.000000,0.000000,0.000000,0.150000,0.000000
1777213907.944145,0,0.000000,0.000000,0.000000,0.000000,0.950000,0.000000,0.000000,0.000000,0.000000,0.000000
1777213907.986070,0,0.000000,0.000000,0.000000,0.000000,0.050000,0.000000,0.000000,0.000000,0.000000,0.000000
1777213907.986683,0,0.000000,0.000000,0.000000,0.000000,0.570000,0.000000,0.000000,0.000000,0.000000,0.000000
1777213907.987083,0,0.000000,0.000000,0.000000,0.000000,0.230000,0.000000,0.000000,0.000000,0.150000,0.000000
1777213908.028878,0,0.000000,0.000000,0.000000,0.000000,0.340000,0.000000,0.000000,0.000000,0.000000,0.000000
1777213908.029413,0,0.000000,0.000000,0.000000,0.000000,0.820000,0.000000,0.000000,0.000000,0.000000,0.000000
1777213908.029803,0,0.000000,0.000000,0.000000,0.000000,0.850000,0.000000,0.000000,0.000000,0.000000,0.000000
1777213908.073102,0,0.000000,0.000000,0.000000,0.000000,1.000000,0.000000,0.000000,0.000000,0.150000,0.000000
1777213908.073630,0,0.000000,0.000000,0.000000,0.000000,1.000000,0.000000,0.000000,0.000000,0.000000,0.000000
1777213908.074018,0,0.000000,0.000000,0.000000,0.000000,0.760000,0.000000,0.000000,0.000000,0.000000,0.000000
1777213908.118427,0,0.000000,0.000000,0.000000,0.000000,0.280000,0.000000,0.000000,0.000000,0.150000,0.000000
1777213908.118944,0,0.000000,0.000000,0.000000,0.000000,0.000000,0.000000,0.000000,0.000000,0.300000,0.000000
1777213908.119352,0,0.000000,0.000000,0.000000,0.000000,1.000000,0.000000,0.000000,0.000000,0.150000,0.020000
1777213908.163618,0,0.000000,0.000000,0.000000,0.000000,0.680000,0.000000,0.000000,0.000000,0.000000,0.000000
1777213908.164129,0,0.000000,0.000000,0.000000,0.000000,0.410000,0.000000,0.000000,0.000000,0.150000,0.000000
1777213908.207937,0,0.000000,0.000000,0.000000,0.000000,1.000000,0.000000,0.000000,0.000000,0.000000,0.000000
1777213908.208445,0,0.000000,0.000000,0.000000,0.000000,0.250000,0.000000,0.000000,0.000000,0.000000,0.000000
1777213908.208836,0,0.000000,0.000000,0.000000,0.000000,0.560000,0.000000,0.000000,0.000000,0.000000,0.000000
1777213908.250031,0,0.000000,0.000000,0.000000,0.000000,1.000000,0.000000,0.000000,0.000000,0.150000,0.000000
1777213908.250553,0,0.000000,0.000000,0.000000,0.000000,0.500000,0.000000,0.000000,0.000000,0.000000,0.000000
1777213908.250955,0,0.000000,0.000000,0.000000,0.000000,0.000000,0.000000,0.000000,0.000000,0.300000,0.000000
1777213908.251325,0,0.000000,0.000000,0.000000,0.000000,0.000000,0.000000,0.000000,0.000000,0.300000,0.000000
1777213908.295455,0,0.000000,0.000000,0.000000,0.000000,1.000000,0.000000,0.000000,0.000000,0.000000,0.000000
1777213908.337958,0,0.000000,0.000000,0.000000,0.000000,0.000000,0.000000,0.000000,0.000000,0.300000,0.020000
1777213908.338531,0,0.000000,0.000000,0.000000,0.000000,1.000000,0.000000,0.000000,0.000000,0.000000,0.000000
1777213908.338933,0,0.000000,0.000000,0.000000,0.000000,0.750000,0.000000,0.000000,0.000000,0.000000,0.000000
1777213908.339372,0,0.000000,0.000000,0.000000,0.000000,0.000000,0.000000,0.000000,0.000000,0.300000,0.000000
1777213908.382882,0,0.000000,0.000000,0.000000,0.000000,0.200000,0.000000,0.000000,0.000000,0.150000,0.000000
1777213908.383384,0,0.000000,0.000000,0.000000,0.000000,0.000000,0.000000,0.000000,0.000000,0.300000,0.000000
1777213908.383810,0,0.000000,0.000000,0.000000,0.000000,1.000000,0.000000,0.000000,0.000000,0.000000,0.000000
1777213908.428941,0,0.000000,0.000000,0.000000,0.000000,1.000000,0.000000,0.000000,0.000000,0.150000,0.000000
1777213908.429469,0,0.000000,0.000000,0.000000,0.000000,1.000000,0.000000,0.000000,0.000000,0.000000,0.000000
1777213908.429961,0,0.000000,0.000000,0.000000,0.000000,0.150000,0.000000,0.000000,0.000000,0.440000,0.000000
1777213908.468933,0,0.000000,0.000000,0.000000,0.000000,0.200000,0.000000,0.000000,0.000000,0.150000,0.000000
1777213908.469446,0,0.000000,0.000000,0.000000,0.000000,0.340000,0.000000,0.000000,0.000000,0.000000,0.000000
1777213908.513168,0,0.000000,0.000000,0.000000,0.000000,0.510000,0.000000,0.000000,0.000000,0.000000,0.000000
1777213908.554072,0,0.000000,0.000000,0.000000,0.000000,0.830000,0.000000,0.000000,0.000000,0.000000,0.000000
1777213908.555132,0,0.000000,0.000000,0.000000,0.000000,0.560000,0.000000,0.000000,0.000000,0.150000,0.000000
1777213908.556055,0,0.000000,0.000000,0.000000,0.000000,0.000000,0.000000,0.000000,0.000000,0.300000,0.000000
1777213908.556545,0,0.000000,0.000000,0.000000,0.000000,0.430000,0.000000,0.000000,0.000000,0.000000,0.000000
1777213908.556960,0,0.000000,0.000000,0.000000,0.000000,0.230000,0.000000,0.000000,0.000000,0.150000,0.000000
1777213908.600116,0,0.000000,0.000000,0.000000,0.000000,0.140000,0.000000,0.000000,0.000000,0.300000,0.000000
1777213908.600651,0,0.000000,0.000000,0.000000,0.000000,0.370000,0.000000,0.000000,0.000000,0.150000,0.000000
1777213908.601069,0,0.000000,0.000000,0.000000,0.000000,0.000000,0.000000,0.000000,0.000000,0.300000,0.000000
1777213908.644060,0,0.000000,0.000000,0.000000,0.000000,1.000000,0.000000,0.000000,0.000000,0.000000,0.000000
1777213908.644566,0,0.000000,0.000000,0.000000,0.000000,1.000000,0.000000,0.000000,0.000000,0.150000,0.000000
1777213908.644964,0,0.000000,0.000000,0.000000,0.000000,0.500000,0.000000,0.000000,0.000000,0.150000,0.000000
1777213908.689339,0,0.000000,0.000000,0.000000,0.000000,0.500000,0.000000,0.000000,0.000000,0.300000,0.000000
1777213908.689868,0,0.000000,0.000000,0.000000,0.000000,0.200000,0.000000,0.000000,0.000000,0.300000,0.000000
1777213908.690267,0,0.000000,0.000000,0.000000,0.000000,0.360000,0.000000,0.000000,0.000000,0.000000,0.000000
1777213908.731873,0,0.000000,0.000000,0.000000,0.000000,0.680000,0.000000,0.000000,0.000000,0.150000,0.000000
1777213908.732400,0,0.000000,0.000000,0.000000,0.000000,0.120000,0.000000,0.000000,0.000000,0.000000,0.000000
1777213908.732804,0,0.000000,0.000000,0.000000,0.000000,0.610000,0.000000,0.000000,0.000000,0.150000,0.000000
1777213908.772932,0,0.000000,0.000000,0.000000,0.000000,0.430000,0.000000,0.000000,0.000000,0.300000,0.020000
1777213908.809528,0,0.000000,0.000000,0.000000,0.000000,0.000000,0.000000,0.000000,0.000000,0.300000,0.000000
1777213908.810029,0,0.000000,0.000000,0.000000,0.000000,0.300000,0.000000,0.000000,0.000000,0.000000,0.000000
1777213908.810429,0,0.000000,0.000000,0.000000,0.000000,0.000000,0.000000,0.000000,0.000000,0.300000,0.000000
1777213908.810816,0,0.000000,0.000000,0.000000,0.000000,0.550000,0.000000,0.000000,0.000000,0.000000,0.000000
1777213908.811491,0,0.000000,0.000000,0.000000,0.000000,0.000000,0.000000,0.000000,0.000000,0.300000,0.000000
1777213908.851515,0,0.000000,0.000000,0.000000,0.000000,0.270000,0.000000,0.000000,0.000000,0.000000,0.000000
1777213908.852678,0,0.000000,0.000000,0.000000,0.000000,0.000000,0.000000,0.000000,0.000000,0.300000,0.000000
1777213908.894163,0,0.000000,0.000000,0.000000,0.000000,0.300000,0.000000,0.000000,0.000000,0.000000,0.000000
1777213908.894668,0,0.000000,0.000000,0.000000,0.000000,1.000000,0.000000,0.000000,0.000000,0.000000,0.000000
1777213908.940136,0,0.000000,0.000000,0.000000,0.000000,0.600000,0.000000,0.000000,0.000000,0.150000,0.000000
1777213908.940663,0,0.000000,0.000000,0.000000,0.000000,1.000000,0.000000,0.000000,0.000000,0.150000,0.000000
1777213908.985247,0,0.000000,0.000000,0.000000,0.000000,0.000000,0.000000,0.000000,0.000000,0.300000,0.000000
1777213908.986240,0,0.000000,0.000000,0.000000,0.000000,0.180000,0.000000,0.000000,0.000000,0.150000,0.000000
1777213908.987025,0,0.000000,0.000000,0.000000,0.000000,1.000000,0.000000,0.000000,0.000000,0.000000,0.000000
1777213908.987697,0,0.000000,0.000000,0.000000,0.000000,1.000000,0.000000,0.000000,0.000000,0.150000,0.000000
1777213909.037063,0,0.000000,0.000000,0.000000,0.000000,0.000000,0.000000,0.000000,0.000000,0.300000,0.000000
1777213909.037579,0,0.000000,0.000000,0.000000,0.000000,0.400000,0.000000,0.000000,0.000000,0.000000,0.000000
1777213909.082223,0,0.000000,0.000000,0.000000,0.000000,0.000000,0.000000,0.000000,0.000000,0.300000,0.070000
1777213909.083319,0,0.000000,0.000000,0.000000,0.000000,0.200000,0.000000,0.000000,0.000000,0.000000,0.000000
1777213909.083836,0,0.000000,0.000000,0.000000,0.000000,0.760000,0.000000,0.000000,0.000000,0.000000,0.000000
1777213909.084232,0,0.000000,0.000000,0.000000,0.000000,0.200000,0.000000,0.000000,0.000000,0.000000,0.000000
1777213909.124198,0,0.000000,0.000000,0.000000,0.000000,0.000000,0.000000,0.000000,0.000000,0.600000,0.000000
1777213909.124697,0,0.000000,0.000000,0.000000,0.000000,1.000000,0.000000,0.000000,0.000000,0.000000,0.000000
1777213909.125088,0,0.000000,0.000000,0.000000,0.000000,1.000000,0.000000,0.000000,0.000000,0.000000,0.000000
1777213909.125602,0,0.000000,0.000000,0.000000,0.000000,0.890000,0.000000,0.000000,0.000000,0.150000,0.000000
1777213909.159676,0,0.000000,0.000000,0.000000,0.000000,0.150000,0.000000,0.000000,0.000000,0.000000,0.000000
1777213909.160213,0,0.000000,0.000000,0.000000,0.000000,0.000000,0.000000,0.000000,0.000000,0.300000,0.000000
1777213909.161105,0,0.000000,0.000000,0.000000,0.000000,1.000000,0.000000,0.000000,0.000000,0.000000,0.000000
1777213909.199240,0,0.000000,0.000000,0.000000,0.000000,1.000000,0.000000,0.000000,0.000000,0.000000,0.000000
1777213909.233058,0,0.000000,0.000000,0.000000,0.000000,0.570000,0.000000,0.000000,0.000000,0.150000,0.000000
1777213909.233590,0,0.000000,0.000000,0.000000,0.000000,0.000000,0.000000,0.000000,0.000000,0.300000,0.020000
1777213909.233992,0,0.000000,0.000000,0.000000,0.000000,0.870000,0.000000,0.000000,0.000000,0.150000,0.000000
1777213909.234958,0,0.000000,0.000000,0.000000,0.000000,0.230000,0.000000,0.000000,0.000000,0.000000,0.000000
1777213909.270160,0,0.000000,0.000000,0.000000,0.000000,0.630000,0.000000,0.000000,0.000000,0.000000,0.000000
1777213909.270662,0,0.000000,0.000000,0.000000,0.000000,0.180000,0.000000,0.000000,0.000000,0.150000,0.000000
1777213909.304089,0,0.000000,0.000000,0.000000,0.000000,1.000000,0.000000,0.000000,0.000000,0.000000,0.000000
1777213909.304593,0,0.000000,0.000000,0.000000,0.000000,0.000000,0.000000,0.000000,0.000000,0.440000,0.000000
1777213909.380933,0,0.000000,0.000000,0.000000,0.000000,0.250000,0.000000,0.000000,0.000000,0.000000,0.000000
1777213909.381978,0,0.000000,0.000000,0.000000,0.000000,0.000000,0.000000,0.000000,0.000000,0.300000,0.000000
1777213909.382437,0,0.000000,0.000000,0.000000,0.000000,1.000000,0.000000,0.000000,0.000000,0.000000,0.000000
1777213909.382823,0,0.000000,0.000000,0.000000,0.000000,0.360000,0.000000,0.000000,0.000000,0.150000,0.000000
1777213909.383208,0,0.000000,0.000000,0.000000,0.000000,1.000000,0.000000,0.000000,0.000000,0.000000,0.000000
1777213909.383604,0,0.000000,0.000000,0.000000,0.000000,0.180000,0.000000,0.000000,0.000000,0.000000,0.000000
1777213909.463587,0,0.000000,0.000000,0.000000,0.000000,0.000000,0.000000,0.000000,0.000000,0.300000,0.000000
1777213909.464721,0,0.000000,0.000000,0.000000,0.000000,1.000000,0.000000,0.000000,0.000000,0.150000,0.000000
1777213909.465336,0,0.000000,0.000000,0.000000,0.000000,1.000000,0.000000,0.000000,0.000000,0.150000,0.000000
1777213909.466317,0,0.000000,0.000000,0.000000,0.000000,0.140000,0.000000,0.000000,0.000000,0.440000,0.000000
1777213909.466767,0,0.000000,0.000000,0.000000,0.000000,0.000000,0.000000,0.000000,0.000000,0.300000,0.000000
1777213909.467178,0,0.000000,0.000000,0.000000,0.000000,1.000000,0.000000,0.000000,0.000000,0.000000,0.000000
1777213909.547237,0,0.000000,0.000000,0.000000,0.000000,0.050000,0.000000,0.000000,0.000000,0.150000,0.000000
1777213909.547844,0,0.000000,0.000000,0.000000,0.000000,1.000000,0.000000,0.000000,0.000000,0.000000,0.000000
1777213909.548259,0,0.000000,0.000000,0.000000,0.000000,0.070000,0.000000,0.000000,0.000000,0.150000,0.020000
1777213909.548881,0,0.000000,0.000000,0.000000,0.000000,1.000000,0.000000,0.000000,0.000000,0.150000,0.020000
1777213909.549294,0,0.000000,0.000000,0.000000,0.000000,0.150000,0.000000,0.000000,0.000000,0.000000,0.000000
1777213909.549748,0,0.000000,0.000000,0.000000,0.000000,0.930000,0.000000,0.000000,0.000000,0.000000,0.020000
1777213909.630194,0,0.000000,0.000000,0.000000,0.000000,0.090000,0.000000,0.000000,0.000000,0.000000,0.000000
1777213909.631257,0,0.000000,0.000000,0.000000,0.000000,0.850000,0.000000,0.000000,0.000000,0.150000,0.000000
1777213909.632209,0,0.000000,0.000000,0.000000,0.000000,0.000000,0.000000,0.000000,0.000000,0.300000,0.000000
1777213909.670607,0,0.000000,0.000000,0.000000,0.000000,0.000000,0.000000,0.000000,0.000000,0.600000,0.000000
1777213909.671133,0,0.000000,0.000000,0.000000,0.000000,1.000000,0.000000,0.000000,0.000000,0.150000,0.000000
1777213909.671547,0,0.000000,0.000000,0.000000,0.000000,0.730000,0.000000,0.000000,0.000000,0.300000,0.000000
1777213909.707120,0,0.000000,0.000000,0.000000,0.000000,0.200000,0.000000,0.000000,0.000000,0.300000,0.000000
1777213909.707634,0,0.000000,0.000000,0.000000,0.000000,0.930000,0.000000,0.000000,0.000000,0.000000,0.000000
1777213909.754679,0,0.000000,0.000000,0.000000,0.000000,0.250000,0.000000,0.000000,0.000000,0.000000,0.000000
1777213909.755197,0,0.000000,0.000000,0.000000,0.000000,0.000000,0.000000,0.000000,0.000000,0.300000,0.000000
1777213909.798232,0,0.000000,0.000000,0.000000,0.000000,0.930000,0.000000,0.000000,0.000000,0.150000,0.000000
1777213909.798829,0,0.000000,0.000000,0.000000,0.000000,0.630000,0.000000,0.000000,0.000000,0.000000,0.000000
1777213909.799450,0,0.000000,0.000000,0.000000,0.000000,1.000000,0.000000,0.000000,0.000000,0.150000,0.000000
1777213909.845236,0,0.000000,0.000000,0.000000,0.000000,0.000000,0.000000,0.000000,0.000000,0.300000,0.000000
1777213909.845996,0,0.000000,0.000000,0.000000,0.000000,0.340000,0.000000,0.000000,0.000000,0.000000,0.000000
1777213909.846854,0,0.000000,0.000000,0.000000,0.000000,1.000000,0.000000,0.000000,0.000000,0.150000,0.000000
1777213909.882967,0,0.000000,0.000000,0.000000,0.000000,0.300000,0.000000,0.000000,0.000000,0.150000,0.000000
1777213909.883671,0,0.000000,0.000000,0.000000,0.000000,1.000000,0.000000,0.000000,0.000000,0.150000,0.000000
1777213909.917587,0,0.000000,0.000000,0.000000,0.000000,0.500000,0.000000,0.000000,0.000000,0.000000,0.000000
1777213909.918124,0,0.000000,0.000000,0.000000,0.000000,0.000000,0.000000,0.000000,0.000000,0.300000,0.000000
1777213909.918521,0,0.000000,0.000000,0.000000,0.000000,0.400000,0.000000,0.000000,0.000000,0.000000,0.000000
1777213909.958399,0,0.000000,0.000000,0.000000,0.000000,0.000000,0.000000,0.000000,0.000000,0.300000,0.000000
1777213909.958928,0,0.000000,0.000000,0.000000,0.000000,0.410000,0.000000,0.000000,0.000000,0.150000,0.000000
1777213909.959334,0,0.000000,0.000000,0.000000,0.000000,1.000000,0.000000,0.000000,0.000000,0.150000,0.000000
1777213910.000201,0,0.000000,0.000000,0.000000,0.000000,1.000000,0.000000,0.000000,0.000000,0.000000,0.000000
1777213910.041651,0,0.000000,0.000000,0.000000,0.000000,0.140000,0.000000,0.000000,0.000000,0.300000,0.000000
1777213910.042172,0,0.000000,0.000000,0.000000,0.000000,0.500000,0.000000,0.000000,0.000000,0.000000,0.000000
1777213910.042586,0,0.000000,0.000000,0.000000,0.000000,0.200000,0.000000,0.000000,0.000000,0.150000,0.000000
1777213910.042975,0,0.000000,0.000000,0.000000,0.000000,1.000000,0.000000,0.000000,0.000000,0.150000,0.000000
1777213910.043342,0,0.000000,0.000000,0.000000,0.000000,0.150000,0.000000,0.000000,0.000000,0.000000,0.000000
1777213910.087847,0,0.000000,0.000000,0.000000,0.000000,1.000000,0.000000,0.000000,0.000000,0.000000,0.000000
1777213910.136502,0,0.000000,0.000000,0.000000,0.000000,0.430000,0.000000,0.000000,0.000000,0.150000,0.000000
1777213910.137603,0,0.000000,0.000000,0.000000,0.000000,0.430000,0.000000,0.000000,0.000000,0.000000,0.000000
1777213910.138315,0,0.000000,0.000000,0.000000,0.000000,0.430000,0.000000,0.000000,0.000000,0.300000,0.000000
1777213910.176754,0,0.000000,0.000000,0.000000,0.000000,0.270000,0.000000,0.000000,0.000000,0.150000,0.000000
1777213910.177253,0,0.000000,0.000000,0.000000,0.000000,1.000000,0.000000,0.000000,0.000000,0.150000,0.000000
1777213910.177670,0,0.000000,0.000000,0.000000,0.000000,0.620000,0.000000,0.000000,0.000000,0.150000,0.000000
1777213910.178164,0,0.000000,0.000000,0.000000,0.000000,0.000000,0.000000,0.000000,0.000000,0.440000,0.000000
1777213910.178967,0,0.000000,0.000000,0.000000,0.000000,0.140000,0.000000,0.000000,0.000000,0.150000,0.000000
1777213910.220139,0,0.000000,0.000000,0.000000,0.000000,1.000000,0.000000,0.000000,0.000000,0.000000,0.000000
1777213910.220772,0,0.000000,0.000000,0.000000,0.000000,1.000000,0.000000,0.000000,0.000000,0.150000,0.000000
1777213910.262105,0,0.000000,0.000000,0.000000,0.000000,0.000000,0.000000,0.000000,0.000000,0.440000,0.020000
1777213910.302076,0,0.000000,0.000000,0.000000,0.000000,0.500000,0.000000,0.000000,0.000000,0.150000,0.000000
1777213910.302581,0,0.000000,0.000000,0.000000,0.000000,0.100000,0.000000,0.000000,0.000000,0.150000,0.000000
1777213910.302984,0,0.000000,0.000000,0.000000,0.000000,1.000000,0.000000,0.000000,0.000000,0.000000,0.000000
1777213910.343378,0,0.000000,0.000000,0.000000,0.000000,0.430000,0.000000,0.000000,0.000000,0.000000,0.000000
1777213910.388299,0,0.000000,0.000000,0.000000,0.000000,0.180000,0.000000,0.000000,0.000000,0.000000,0.000000
1777213910.388811,0,0.000000,0.000000,0.000000,0.000000,0.000000,0.000000,0.000000,0.000000,0.440000,0.000000
1777213910.389213,0,0.000000,0.000000,0.000000,0.000000,1.000000,0.000000,0.000000,0.000000,0.150000,0.000000
1777213910.389581,0,0.000000,0.000000,0.000000,0.000000,0.200000,0.000000,0.000000,0.000000,0.000000,0.000000
1777213910.429097,0,0.000000,0.000000,0.000000,0.000000,0.110000,0.000000,0.000000,0.000000,0.000000,0.000000
1777213910.429618,0,0.000000,0.000000,0.000000,0.000000,0.510000,0.000000,0.000000,0.000000,0.000000,0.000000
1777213910.467164,0,0.000000,0.000000,0.000000,0.000000,0.120000,0.000000,0.000000,0.000000,0.000000,0.000000
1777213910.467677,0,0.000000,0.000000,0.000000,0.000000,0.510000,0.000000,0.000000,0.000000,0.000000,0.000000
1777213910.468062,0,0.000000,0.000000,0.000000,0.000000,0.510000,0.000000,0.000000,0.000000,0.150000,0.000000
1777213910.468472,0,0.000000,0.000000,0.000000,0.000000,0.410000,0.000000,0.000000,0.000000,0.000000,0.000000
1777213910.469256,0,0.000000,0.000000,0.000000,0.000000,0.000000,0.000000,0.000000,0.000000,0.300000,0.000000
1777213910.505460,0,0.000000,0.000000,0.000000,0.000000,0.000000,0.000000,0.000000,0.000000,0.300000,0.000000
1777213910.506107,0,0.000000,0.000000,0.000000,0.000000,0.000000,0.000000,0.000000,0.000000,0.300000,0.000000
1777213910.506684,0,0.000000,0.000000,0.000000,0.000000,1.000000,0.000000,0.000000,0.000000,0.000000,0.050000
1777213910.583395,0,0.000000,0.000000,0.000000,0.000000,0.000000,0.000000,0.000000,0.000000,0.300000,0.000000
1777213910.583919,0,0.000000,0.000000,0.000000,0.000000,0.250000,0.000000,0.000000,0.000000,0.300000,0.000000
1777213910.584859,0,0.000000,0.000000,0.000000,0.000000,0.440000,0.000000,0.000000,0.000000,0.000000,0.000000
1777213910.585307,0,0.000000,0.000000,0.000000,0.000000,0.610000,0.000000,0.000000,0.000000,0.000000,0.000000
1777213910.585690,0,0.000000,0.000000,0.000000,0.000000,0.180000,0.000000,0.000000,0.000000,0.150000,0.000000
1777213910.586106,0,0.000000,0.000000,0.000000,0.000000,0.270000,0.000000,0.000000,0.000000,0.150000,0.000000
1777213910.586544,0,0.000000,0.000000,0.000000,0.000000,0.600000,0.000000,0.000000,0.000000,0.150000,0.000000
1777213910.667305,0,0.000000,0.000000,0.000000,0.000000,0.510000,0.000000,0.000000,0.000000,0.150000,0.000000
1777213910.667838,0,0.000000,0.000000,0.000000,0.000000,1.000000,0.000000,0.000000,0.000000,0.000000,0.000000
1777213910.668232,0,0.000000,0.000000,0.000000,0.000000,0.230000,0.000000,0.000000,0.000000,0.000000,0.000000
1777213910.669056,0,0.000000,0.000000,0.000000,0.000000,0.000000,0.000000,0.000000,0.000000,0.300000,0.340000
1777213910.669492,0,0.000000,0.000000,0.000000,0.000000,0.100000,0.000000,0.000000,0.000000,0.000000,0.000000
1777213910.745738,0,0.000000,0.000000,0.000000,0.000000,0.250000,0.000000,0.000000,0.000000,0.000000,0.000000
1777213910.746281,0,0.000000,0.000000,0.000000,0.000000,0.570000,0.000000,0.000000,0.000000,0.000000,0.020000
1777213910.746696,0,0.000000,0.000000,0.000000,0.000000,0.460000,0.000000,0.000000,0.000000,0.000000,0.070000
1777213910.747338,0,0.000000,0.000000,0.000000,0.000000,1.000000,0.000000,0.000000,0.000000,0.000000,0.000000
1777213910.747751,0,0.000000,0.000000,0.000000,0.000000,0.430000,0.000000,0.000000,0.000000,0.000000,0.000000
1777213910.823012,0,0.000000,0.000000,0.000000,0.000000,0.030000,0.000000,0.000000,0.000000,0.150000,0.000000
1777213910.823541,0,0.000000,0.000000,0.000000,0.000000,0.140000,0.000000,0.000000,0.000000,0.000000,0.000000
1777213910.824602,0,0.000000,0.000000,0.000000,0.000000,0.890000,0.000000,0.000000,0.000000,0.000000,0.000000
1777213910.825071,0,0.000000,0.000000,0.000000,0.000000,1.000000,0.000000,0.000000,0.000000,0.000000,0.000000
1777213910.899946,0,0.000000,0.000000,0.000000,0.000000,1.000000,0.000000,0.000000,0.000000,0.000000,0.000000
1777213910.900483,0,0.000000,0.000000,0.000000,0.000000,0.200000,0.000000,0.000000,0.000000,0.300000,0.000000
1777213910.900890,0,0.000000,0.000000,0.000000,0.000000,0.000000,0.000000,0.000000,0.000000,0.300000,0.000000
1777213910.901771,0,0.000000,0.000000,0.000000,0.000000,0.150000,0.000000,0.000000,0.000000,0.000000,0.000000
1777213910.902231,0,0.000000,0.000000,0.000000,0.000000,0.330000,0.000000,0.000000,0.000000,0.000000,0.000000
1777213910.902619,0,0.000000,0.000000,0.000000,0.000000,1.000000,0.000000,0.000000,0.000000,0.150000,0.050000
1777213910.985145,0,0.000000,0.000000,0.000000,0.000000,0.000000,0.000000,0.000000,0.000000,0.300000,0.000000
1777213910.985720,0,0.000000,0.000000,0.000000,0.000000,1.000000,0.000000,0.000000,0.000000,0.000000,0.000000
1777213910.986146,0,0.000000,0.000000,0.000000,0.000000,1.000000,0.000000,0.000000,0.000000,0.150000,0.000000
1777213910.987056,0,0.000000,0.000000,0.000000,0.000000,0.200000,0.000000,0.000000,0.000000,0.150000,0.000000
1777213910.987541,0,0.000000,0.000000,0.000000,0.000000,0.000000,0.000000,0.000000,0.000000,0.300000,0.000000
1777213910.987940,0,0.000000,0.000000,0.000000,0.000000,1.000000,0.000000,0.000000,0.000000,0.150000,0.000000
1777213911.066001,0,0.000000,0.000000,0.000000,0.000000,0.340000,0.000000,0.000000,0.000000,0.150000,0.070000
1777213911.066553,0,0.000000,0.000000,0.000000,0.000000,1.000000,0.000000,0.000000,0.000000,0.000000,0.000000
1777213911.066945,0,0.000000,0.000000,0.000000,0.000000,0.200000,0.000000,0.000000,0.000000,0.000000,0.000000
1777213911.067776,0,0.000000,0.000000,0.000000,0.000000,0.210000,0.000000,0.000000,0.000000,0.150000,0.000000
1777213911.068205,0,0.000000,0.000000,0.000000,0.000000,1.000000,0.000000,0.000000,0.000000,0.150000,0.000000
1777213911.107351,0,0.000000,0.000000,0.000000,0.000000,0.120000,0.000000,0.000000,0.000000,0.300000,0.070000
1777213911.146958,0,0.000000,0.000000,0.000000,0.000000,0.250000,0.000000,0.000000,0.000000,0.150000,0.000000
1777213911.147480,0,0.000000,0.000000,0.000000,0.000000,1.000000,0.000000,0.000000,0.000000,0.150000,0.000000
1777213911.190926,0,0.000000,0.000000,0.000000,0.000000,0.100000,0.000000,0.000000,0.000000,0.300000,0.000000
1777213911.191458,0,0.000000,0.000000,0.000000,0.000000,0.100000,0.000000,0.000000,0.000000,0.150000,0.000000
1777213911.232131,0,0.000000,0.000000,0.000000,0.000000,0.000000,0.000000,0.000000,0.000000,0.300000,0.000000
1777213911.232645,0,0.000000,0.000000,0.000000,0.000000,0.000000,0.000000,0.000000,0.000000,0.300000,0.000000
1777213911.233047,0,0.000000,0.000000,0.000000,0.000000,0.180000,0.000000,0.000000,0.000000,0.150000,0.000000
1777213911.270528,0,0.000000,0.000000,0.000000,0.000000,1.000000,0.000000,0.000000,0.000000,0.150000,0.000000
1777213911.271065,0,0.000000,0.000000,0.000000,0.000000,0.180000,0.000000,0.000000,0.000000,0.000000,0.000000
1777213911.271466,0,0.000000,0.000000,0.000000,0.000000,0.370000,0.000000,0.000000,0.000000,0.000000,0.000000
1777213911.272458,0,0.000000,0.000000,0.000000,0.000000,0.000000,0.000000,0.000000,0.000000,0.300000,0.000000
1777213911.311760,0,0.000000,0.000000,0.000000,0.000000,1.000000,0.000000,0.000000,0.000000,0.000000,0.000000
1777213911.312405,0,0.000000,0.000000,0.000000,0.000000,0.660000,0.000000,0.000000,0.000000,0.150000,0.000000
1777213911.354874,0,0.000000,0.000000,0.000000,0.000000,0.440000,0.000000,0.000000,0.000000,0.000000,0.000000
1777213911.355375,0,0.000000,0.000000,0.000000,0.000000,0.660000,0.000000,0.000000,0.000000,0.000000,0.000000
1777213911.396905,0,0.000000,0.000000,0.000000,0.000000,1.000000,0.000000,0.000000,0.000000,0.000000,0.070000
1777213911.397414,0,0.000000,0.000000,0.000000,0.000000,0.000000,0.000000,0.000000,0.000000,0.300000,0.000000
1777213911.397808,0,0.000000,0.000000,0.000000,0.000000,1.000000,0.000000,0.000000,0.000000,0.000000,0.000000
1777213911.436004,0,0.000000,0.000000,0.000000,0.000000,0.500000,0.000000,0.000000,0.000000,0.000000,0.000000
1777213911.436539,0,0.000000,0.000000,0.000000,0.000000,1.000000,0.000000,0.000000,0.000000,0.000000,0.000000
1777213911.436948,0,0.000000,0.000000,0.000000,0.000000,1.000000,0.000000,0.000000,0.000000,0.150000,0.000000
1777213911.476408,0,0.000000,0.000000,0.000000,0.000000,0.000000,0.000000,0.000000,0.000000,0.300000,0.000000
1777213911.476928,0,0.000000,0.000000,0.000000,0.000000,0.400000,0.000000,0.000000,0.000000,0.150000,0.000000
1777213911.477338,0,0.000000,0.000000,0.000000,0.000000,1.000000,0.000000,0.000000,0.000000,0.150000,0.000000
1777213911.520050,0,0.000000,0.000000,0.000000,0.000000,0.630000,0.000000,0.000000,0.000000,0.000000,0.000000
1777213911.520567,0,0.000000,0.000000,0.000000,0.000000,0.330000,0.000000,0.000000,0.000000,0.150000,0.000000
1777213911.562604,0,0.000000,0.000000,0.000000,0.000000,0.150000,0.000000,0.000000,0.000000,0.000000,0.070000
1777213911.563183,0,0.000000,0.000000,0.000000,0.000000,1.000000,0.000000,0.000000,0.000000,0.150000,0.000000
1777213911.563626,0,0.000000,0.000000,0.000000,0.000000,0.150000,0.000000,0.000000,0.000000,0.000000,0.000000
1777213911.604117,0,0.000000,0.000000,0.000000,0.000000,0.340000,0.000000,0.000000,0.000000,0.150000,0.020000
1777213911.604643,0,0.000000,0.000000,0.000000,0.000000,0.150000,0.000000,0.000000,0.000000,0.150000,0.000000
1777213911.605048,0,0.000000,0.000000,0.000000,0.000000,0.200000,0.000000,0.000000,0.000000,0.300000,0.000000
1777213911.647635,0,0.000000,0.000000,0.000000,0.000000,0.200000,0.000000,0.000000,0.000000,0.000000,0.340000
1777213911.648147,0,0.000000,0.000000,0.000000,0.000000,0.000000,0.000000,0.000000,0.000000,0.300000,0.000000
1777213911.648544,0,0.000000,0.000000,0.000000,0.000000,1.000000,0.000000,0.000000,0.000000,0.150000,0.000000
1777213911.689734,0,0.000000,0.000000,0.000000,0.000000,0.110000,0.000000,0.000000,0.000000,0.150000,0.000000
1777213911.690537,0,0.000000,0.000000,0.000000,0.000000,0.510000,0.000000,0.000000,0.000000,0.000000,0.000000
1777213911.731724,0,0.000000,0.000000,0.000000,0.000000,1.000000,0.000000,0.000000,0.000000,0.150000,0.000000
1777213911.732567,0,0.000000,0.000000,0.000000,0.000000,0.250000,0.000000,0.000000,0.000000,0.150000,0.070000
1777213911.733171,0,0.000000,0.000000,0.000000,0.000000,0.050000,0.000000,0.000000,0.000000,0.000000,0.000000
1777213911.774356,0,0.000000,0.000000,0.000000,0.000000,0.850000,0.000000,0.000000,0.000000,0.150000,0.000000
1777213911.774868,0,0.000000,0.000000,0.000000,0.000000,0.020000,0.000000,0.000000,0.000000,0.000000,0.000000
1777213911.775350,0,0.000000,0.000000,0.000000,0.000000,0.500000,0.000000,0.000000,0.000000,0.150000,0.000000
1777213911.814354,0,0.000000,0.000000,0.000000,0.000000,0.000000,0.000000,0.000000,0.000000,0.300000,0.000000
1777213911.814866,0,0.000000,0.000000,0.000000,0.000000,0.000000,0.000000,0.000000,0.000000,0.300000,0.000000
1777213911.815278,0,0.000000,0.000000,0.000000,0.000000,0.690000,0.000000,0.000000,0.000000,0.150000,0.000000
1777213911.857586,0,0.000000,0.000000,0.000000,0.000000,0.000000,0.000000,0.000000,0.000000,0.440000,0.000000
1777213911.858095,0,0.000000,0.000000,0.000000,0.000000,0.600000,0.000000,0.000000,0.000000,0.000000,0.000000
1777213911.899910,0,0.000000,0.000000,0.000000,0.000000,0.000000,0.000000,0.000000,0.000000,0.300000,0.000000
1777213911.900415,0,0.000000,0.000000,0.000000,0.000000,1.000000,0.000000,0.000000,0.000000,0.150000,0.000000
1777213911.900803,0,0.000000,0.000000,0.000000,0.000000,0.510000,0.000000,0.000000,0.000000,0.150000,0.000000
1777213911.941026,0,0.000000,0.000000,0.000000,0.000000,0.000000,0.000000,0.000000,0.000000,1.210000,0.000000
1777213911.941584,0,0.000000,0.000000,0.000000,0.000000,0.680000,0.000000,0.000000,0.000000,0.000000,0.000000
1777213911.941984,0,0.000000,0.000000,0.000000,0.000000,0.510000,0.000000,0.000000,0.000000,0.000000,0.000000
1777213911.943165,0,0.000000,0.000000,0.000000,0.000000,0.180000,0.000000,0.000000,0.000000,0.000000,0.000000
1777213911.993663,0,0.000000,0.000000,0.000000,0.000000,0.000000,0.000000,0.000000,0.000000,0.300000,0.070000
1777213911.994186,0,0.000000,0.000000,0.000000,0.000000,0.400000,0.000000,0.000000,0.000000,0.150000,0.000000
1777213912.039495,0,0.000000,0.000000,0.000000,0.000000,0.630000,0.000000,0.000000,0.000000,0.150000,0.000000
1777213912.039996,0,0.000000,0.000000,0.000000,0.000000,0.500000,0.000000,0.000000,0.000000,0.000000,0.000000
1777213912.040492,0,0.000000,0.000000,0.000000,0.000000,1.000000,0.000000,0.000000,0.000000,0.000000,0.000000
1777213912.040936,0,0.000000,0.000000,0.000000,0.000000,0.000000,0.000000,0.000000,0.000000,0.300000,0.000000
1777213912.082222,0,0.000000,0.000000,0.000000,0.000000,1.000000,0.000000,0.000000,0.000000,0.000000,0.000000
1777213912.082952,0,0.000000,0.000000,0.000000,0.000000,1.000000,0.000000,0.000000,0.000000,0.150000,0.000000
1777213912.125565,0,0.000000,0.000000,0.000000,0.000000,0.000000,0.000000,0.000000,0.000000,0.300000,0.000000
1777213912.126130,0,0.000000,0.000000,0.000000,0.000000,0.090000,0.000000,0.000000,0.000000,0.300000,0.000000
1777213912.126540,0,0.000000,0.000000,0.000000,0.000000,0.180000,0.000000,0.000000,0.000000,0.150000,0.000000
1777213912.166539,0,0.000000,0.000000,0.000000,0.000000,0.750000,0.000000,0.000000,0.000000,0.150000,0.000000
1777213912.167127,0,0.000000,0.000000,0.000000,0.000000,1.000000,0.000000,0.000000,0.000000,0.000000,0.000000
1777213912.167583,0,0.000000,0.000000,0.000000,0.000000,0.210000,0.000000,0.000000,0.000000,0.150000,0.000000
1777213912.212308,0,0.000000,0.000000,0.000000,0.000000,0.280000,0.000000,0.000000,0.000000,0.000000,0.000000
1777213912.212827,0,0.000000,0.000000,0.000000,0.000000,1.000000,0.000000,0.000000,0.000000,0.150000,0.050000
1777213912.254092,0,0.000000,0.000000,0.000000,0.000000,0.280000,0.000000,0.000000,0.000000,0.150000,0.000000
1777213912.255002,0,0.000000,0.000000,0.000000,0.000000,1.000000,0.000000,0.000000,0.000000,0.000000,0.000000
1777213912.255563,0,0.000000,0.000000,0.000000,0.000000,0.700000,0.000000,0.000000,0.000000,0.000000,0.000000
1777213912.256354,0,0.000000,0.000000,0.000000,0.000000,1.000000,0.000000,0.000000,0.000000,0.150000,0.000000
1777213912.297403,0,0.000000,0.000000,0.000000,0.000000,0.410000,0.000000,0.000000,0.000000,0.150000,0.000000
1777213912.297909,0,0.000000,0.000000,0.000000,0.000000,0.330000,0.000000,0.000000,0.000000,0.150000,0.000000
1777213912.298301,0,0.000000,0.000000,0.000000,0.000000,0.000000,0.000000,0.000000,0.000000,0.300000,0.070000
1777213912.337759,0,0.000000,0.000000,0.000000,0.000000,0.500000,0.000000,0.000000,0.000000,0.000000,0.000000
1777213912.338320,0,0.000000,0.000000,0.000000,0.000000,1.000000,0.000000,0.000000,0.000000,0.000000,0.000000
1777213912.384375,0,0.000000,0.000000,0.000000,0.000000,1.000000,0.000000,0.000000,0.000000,0.150000,0.000000
1777213912.384878,0,0.000000,0.000000,0.000000,0.000000,1.000000,0.000000,0.000000,0.000000,0.000000,0.000000
1777213912.425257,0,0.000000,0.000000,0.000000,0.000000,0.600000,0.000000,0.000000,0.000000,0.300000,0.000000
1777213912.425753,0,0.000000,0.000000,0.000000,0.000000,1.000000,0.000000,0.000000,0.000000,0.150000,0.000000
1777213912.426142,0,0.000000,0.000000,0.000000,0.000000,1.000000,0.000000,0.000000,0.000000,0.000000,0.000000
1777213912.426542,0,0.000000,0.000000,0.000000,0.000000,0.000000,0.000000,0.000000,0.000000,0.300000,0.000000
1777213912.471745,0,0.000000,0.000000,0.000000,0.000000,1.000000,0.000000,0.000000,0.000000,0.000000,0.000000
1777213912.472279,0,0.000000,0.000000,0.000000,0.000000,1.000000,0.000000,0.000000,0.000000,0.150000,0.000000
1777213912.472676,0,0.000000,0.000000,0.000000,0.000000,1.000000,0.000000,0.000000,0.000000,0.150000,0.000000
1777213912.513496,0,0.000000,0.000000,0.000000,0.000000,0.200000,0.000000,0.000000,0.000000,0.000000,0.000000
1777213912.514009,0,0.000000,0.000000,0.000000,0.000000,1.000000,0.000000,0.000000,0.000000,0.000000,0.000000
1777213912.558205,0,0.000000,0.000000,0.000000,0.000000,1.000000,0.000000,0.000000,0.000000,0.000000,0.000000
1777213912.558708,0,0.000000,0.000000,0.000000,0.000000,1.000000,0.000000,0.000000,0.000000,0.150000,0.000000
1777213912.559093,0,0.000000,0.000000,0.000000,0.000000,0.000000,0.000000,0.000000,0.000000,0.440000,0.000000
1777213912.600984,0,0.000000,0.000000,0.000000,0.000000,0.410000,0.000000,0.000000,0.000000,0.000000,0.020000
1777213912.601512,0,0.000000,0.000000,0.000000,0.000000,0.180000,0.000000,0.000000,0.000000,0.300000,0.000000
1777213912.601908,0,0.000000,0.000000,0.000000,0.000000,0.460000,0.000000,0.000000,0.000000,0.000000,0.000000
1777213912.602552,0,0.000000,0.000000,0.000000,0.000000,0.250000,0.000000,0.000000,0.000000,0.000000,0.000000
1777213912.646746,0,0.000000,0.000000,0.000000,0.000000,0.510000,0.000000,0.000000,0.000000,0.000000,0.000000
1777213912.647347,0,0.000000,0.000000,0.000000,0.000000,1.000000,0.000000,0.000000,0.000000,0.000000,0.000000
1777213912.687223,0,0.000000,0.000000,0.000000,0.000000,1.000000,0.000000,0.000000,0.000000,0.000000,0.000000
1777213912.687727,0,0.000000,0.000000,0.000000,0.000000,0.000000,0.000000,0.000000,0.000000,0.750000,0.000000
1777213912.688118,0,0.000000,0.000000,0.000000,0.000000,0.140000,0.000000,0.000000,0.000000,0.000000,0.000000
1777213912.728902,0,0.000000,0.000000,0.000000,0.000000,0.000000,0.000000,0.000000,0.000000,0.300000,0.000000
1777213912.729399,0,0.000000,0.000000,0.000000,0.000000,0.330000,0.000000,0.000000,0.000000,0.150000,0.000000
1777213912.729786,0,0.000000,0.000000,0.000000,0.000000,0.330000,0.000000,0.000000,0.000000,0.150000,0.000000
1777213912.767179,0,0.000000,0.000000,0.000000,0.000000,1.000000,0.000000,0.000000,0.000000,0.150000,0.000000
1777213912.767683,0,0.000000,0.000000,0.000000,0.000000,0.510000,0.000000,0.000000,0.000000,0.000000,0.000000
1777213912.768085,0,0.000000,0.000000,0.000000,0.000000,1.000000,0.000000,0.000000,0.000000,0.000000,0.000000
1777213912.811723,0,0.000000,0.000000,0.000000,0.000000,1.000000,0.000000,0.000000,0.000000,0.150000,0.000000
1777213912.812276,0,0.000000,0.000000,0.000000,0.000000,0.050000,0.000000,0.000000,0.000000,0.000000,0.000000
1777213912.852926,0,0.000000,0.000000,0.000000,0.000000,0.600000,0.000000,0.000000,0.000000,0.300000,0.000000
1777213912.853458,0,0.000000,0.000000,0.000000,0.000000,1.000000,0.000000,0.000000,0.000000,0.000000,0.000000
1777213912.853853,0,0.000000,0.000000,0.000000,0.000000,0.210000,0.000000,0.000000,0.000000,0.150000,0.000000
1777213912.896446,0,0.000000,0.000000,0.000000,0.000000,0.100000,0.000000,0.000000,0.000000,0.150000,0.000000
1777213912.897007,0,0.000000,0.000000,0.000000,0.000000,0.930000,0.000000,0.000000,0.000000,0.000000,0.000000
1777213912.897403,0,0.000000,0.000000,0.000000,0.000000,0.180000,0.000000,0.000000,0.000000,0.150000,0.000000
1777213912.939196,0,0.000000,0.000000,0.000000,0.000000,0.330000,0.000000,0.000000,0.000000,0.150000,0.000000
1777213912.939713,0,0.000000,0.000000,0.000000,0.000000,1.000000,0.000000,0.000000,0.000000,0.000000,0.000000
1777213912.940104,0,0.000000,0.000000,0.000000,0.000000,0.000000,0.000000,0.000000,0.000000,0.300000,0.000000
1777213912.985694,0,0.000000,0.000000,0.000000,0.000000,0.360000,0.000000,0.000000,0.000000,0.000000,0.000000
1777213912.986459,0,0.000000,0.000000,0.000000,0.000000,0.360000,0.000000,0.000000,0.000000,0.000000,0.000000
1777213913.026579,0,0.000000,0.000000,0.000000,0.000000,0.510000,0.000000,0.000000,0.000000,0.000000,0.000000
1777213913.027724,0,0.000000,0.000000,0.000000,0.000000,0.600000,0.000000,0.000000,0.000000,0.000000,0.000000
1777213913.028440,0,0.000000,0.000000,0.000000,0.000000,0.000000,0.000000,0.000000,0.000000,0.300000,0.000000
1777213913.069931,0,0.000000,0.000000,0.000000,0.000000,1.000000,0.000000,0.000000,0.000000,0.000000,0.020000
1777213913.070522,0,0.000000,0.000000,0.000000,0.000000,0.600000,0.000000,0.000000,0.000000,0.000000,0.000000
1777213913.070935,0,0.000000,0.000000,0.000000,0.000000,1.000000,0.000000,0.000000,0.000000,0.000000,0.000000
1777213913.110591,0,0.000000,0.000000,0.000000,0.000000,0.460000,0.000000,0.000000,0.000000,0.000000,0.000000
1777213913.111096,0,0.000000,0.000000,0.000000,0.000000,1.000000,0.000000,0.000000,0.000000,0.000000,0.000000
1777213913.111499,0,0.000000,0.000000,0.000000,0.000000,0.000000,0.000000,0.000000,0.000000,0.300000,0.000000
1777213913.156749,0,0.000000,0.000000,0.000000,0.000000,0.430000,0.000000,0.000000,0.000000,0.000000,0.050000
1777213913.157315,0,0.000000,0.000000,0.000000,0.000000,0.330000,0.000000,0.000000,0.000000,0.150000,0.110000
1777213913.196904,0,0.000000,0.000000,0.000000,0.000000,1.000000,0.000000,0.000000,0.000000,0.150000,0.000000
1777213913.197424,0,0.000000,0.000000,0.000000,0.000000,0.430000,0.000000,0.000000,0.000000,0.150000,0.000000
1777213913.197821,0,0.000000,0.000000,0.000000,0.000000,0.690000,0.000000,0.000000,0.000000,0.000000,0.000000
1777213913.198214,0,0.000000,0.000000,0.000000,0.000000,0.000000,0.000000,0.000000,0.000000,0.300000,0.000000
1777213913.239736,0,0.000000,0.000000,0.000000,0.000000,1.000000,0.000000,0.000000,0.000000,0.000000,0.000000
1777213913.240227,0,0.000000,0.000000,0.000000,0.000000,1.000000,0.000000,0.000000,0.000000,0.150000,0.000000
1777213913.278566,0,0.000000,0.000000,0.000000,0.000000,0.330000,0.000000,0.000000,0.000000,0.150000,0.000000
1777213913.279124,0,0.000000,0.000000,0.000000,0.000000,1.000000,0.000000,0.000000,0.000000,0.150000,0.000000
1777213913.279539,0,0.000000,0.000000,0.000000,0.000000,0.330000,0.000000,0.000000,0.000000,0.150000,0.020000
1777213913.319427,0,0.000000,0.000000,0.000000,0.000000,1.000000,0.000000,0.000000,0.000000,0.300000,0.000000
1777213913.320190,0,0.000000,0.000000,0.000000,0.000000,0.000000,0.000000,0.000000,0.000000,0.300000,0.000000
1777213913.320823,0,0.000000,0.000000,0.000000,0.000000,0.000000,0.000000,0.000000,0.000000,0.300000,0.000000
1777213913.360693,0,0.000000,0.000000,0.000000,0.000000,0.370000,0.000000,0.000000,0.000000,0.000000,0.000000
1777213913.361196,0,0.000000,0.000000,0.000000,0.000000,1.000000,0.000000,0.000000,0.000000,0.300000,0.000000
1777213913.361768,0,0.000000,0.000000,0.000000,0.000000,1.000000,0.000000,0.000000,0.000000,0.000000,0.000000
1777213913.399356,0,0.000000,0.000000,0.000000,0.000000,1.000000,0.000000,0.000000,0.000000,0.000000,0.000000
1777213913.399869,0,0.000000,0.000000,0.000000,0.000000,0.330000,0.000000,0.000000,0.000000,0.000000,0.000000
1777213913.444557,0,0.000000,0.000000,0.000000,0.000000,1.000000,0.000000,0.000000,0.000000,0.000000,0.000000
1777213913.445626,0,0.000000,0.000000,0.000000,0.000000,0.140000,0.000000,0.000000,0.000000,0.000000,0.000000
1777213913.487725,0,0.000000,0.000000,0.000000,0.000000,1.000000,0.000000,0.000000,0.000000,0.000000,0.000000
1777213913.488242,0,0.000000,0.000000,0.000000,0.000000,1.000000,0.000000,0.000000,0.000000,0.150000,0.000000
1777213913.488634,0,0.000000,0.000000,0.000000,0.000000,1.000000,0.000000,0.000000,0.000000,0.000000,0.000000
1777213913.489583,0,0.000000,0.000000,0.000000,0.000000,1.000000,0.000000,0.000000,0.000000,0.000000,0.000000
1777213913.531854,0,0.000000,0.000000,0.000000,0.000000,0.400000,0.000000,0.000000,0.000000,0.000000,0.000000
1777213913.532376,0,0.000000,0.000000,0.000000,0.000000,0.360000,0.000000,0.000000,0.000000,0.000000,0.000000
1777213913.533791,0,0.000000,0.000000,0.000000,0.000000,1.000000,0.000000,0.000000,0.000000,0.000000,0.000000
1777213913.577880,0,0.000000,0.000000,0.000000,0.000000,0.000000,0.000000,0.000000,0.000000,0.440000,0.000000
1777213913.578743,0,0.000000,0.000000,0.000000,0.000000,0.000000,0.000000,0.000000,0.000000,0.300000,0.000000
1777213913.621156,0,0.000000,0.000000,0.000000,0.000000,0.000000,0.000000,0.000000,0.000000,0.300000,0.000000
1777213913.622222,0,0.000000,0.000000,0.000000,0.000000,1.000000,0.000000,0.000000,0.000000,0.000000,0.000000
1777213913.622890,0,0.000000,0.000000,0.000000,0.000000,0.680000,0.000000,0.000000,0.000000,0.150000,0.000000
1777213913.663298,0,0.000000,0.000000,0.000000,0.000000,0.150000,0.000000,0.000000,0.000000,0.000000,0.000000
1777213913.663823,0,0.000000,0.000000,0.000000,0.000000,0.930000,0.000000,0.000000,0.000000,0.150000,0.000000
1777213913.664233,0,0.000000,0.000000,0.000000,0.000000,0.000000,0.000000,0.000000,0.000000,0.600000,0.000000
1777213913.704871,0,0.000000,0.000000,0.000000,0.000000,0.000000,0.000000,0.000000,0.000000,0.300000,0.000000
1777213913.705980,0,0.000000,0.000000,0.000000,0.000000,1.000000,0.000000,0.000000,0.000000,0.000000,0.000000
1777213913.706952,0,0.000000,0.000000,0.000000,0.000000,0.000000,0.000000,0.000000,0.000000,0.910000,0.000000
1777213913.749626,0,0.000000,0.000000,0.000000,0.000000,0.870000,0.000000,0.000000,0.000000,0.000000,0.000000
1777213913.750145,0,0.000000,0.000000,0.000000,0.000000,0.200000,0.000000,0.000000,0.000000,0.000000,0.000000
1777213913.750546,0,0.000000,0.000000,0.000000,0.000000,0.370000,0.000000,0.000000,0.000000,0.150000,0.050000
1777213913.791565,0,0.000000,0.000000,0.000000,0.000000,1.000000,0.000000,0.000000,0.000000,0.000000,0.000000
1777213913.792097,0,0.000000,0.000000,0.000000,0.000000,0.000000,0.000000,0.000000,0.000000,0.300000,0.000000
1777213913.792532,0,0.000000,0.000000,0.000000,0.000000,0.100000,0.000000,0.000000,0.000000,0.150000,0.000000
1777213913.830990,0,0.000000,0.000000,0.000000,0.000000,0.360000,0.000000,0.000000,0.000000,0.000000,0.000000
1777213913.831535,0,0.000000,0.000000,0.000000,0.000000,1.000000,0.000000,0.000000,0.000000,0.150000,0.000000
1777213913.832052,0,0.000000,0.000000,0.000000,0.000000,1.000000,0.000000,0.000000,0.000000,0.150000,0.000000
1777213913.868751,0,0.000000,0.000000,0.000000,0.000000,0.000000,0.000000,0.000000,0.000000,0.300000,0.000000
1777213913.869248,0,0.000000,0.000000,0.000000,0.000000,0.750000,0.000000,0.000000,0.000000,0.150000,0.000000
1777213913.906370,0,0.000000,0.000000,0.000000,0.000000,0.090000,0.000000,0.000000,0.000000,0.150000,0.000000
1777213913.941885,0,0.000000,0.000000,0.000000,0.000000,1.000000,0.000000,0.000000,0.000000,0.150000,0.000000
1777213913.942392,0,0.000000,0.000000,0.000000,0.000000,0.000000,0.000000,0.000000,0.000000,0.300000,0.000000
1777213913.942781,0,0.000000,0.000000,0.000000,0.000000,0.750000,0.000000,0.000000,0.000000,0.000000,0.000000
1777213913.943157,0,0.000000,0.000000,0.000000,0.000000,0.760000,0.000000,0.000000,0.000000,0.000000,0.000000
1777213913.987588,0,0.000000,0.000000,0.000000,0.000000,0.000000,0.000000,0.000000,0.000000,0.300000,0.070000
1777213913.988154,0,0.000000,0.000000,0.000000,0.000000,1.000000,0.000000,0.000000,0.000000,0.000000,0.000000
1777213914.032386,0,0.000000,0.000000,0.000000,0.000000,1.000000,0.000000,0.000000,0.000000,0.150000,0.000000
1777213914.032906,0,0.000000,0.000000,0.000000,0.000000,1.000000,0.000000,0.000000,0.000000,0.000000,0.000000
1777213914.033316,0,0.000000,0.000000,0.000000,0.000000,0.120000,0.000000,0.000000,0.000000,0.000000,0.000000
1777213914.072528,0,0.000000,0.000000,0.000000,0.000000,0.500000,0.000000,0.000000,0.000000,0.000000,0.000000
1777213914.073024,0,0.000000,0.000000,0.000000,0.000000,1.000000,0.000000,0.000000,0.000000,0.000000,0.000000
1777213914.073411,0,0.000000,0.000000,0.000000,0.000000,0.090000,0.000000,0.000000,0.000000,0.000000,0.000000
1777213914.112844,0,0.000000,0.000000,0.000000,0.000000,0.180000,0.000000,0.000000,0.000000,0.000000,0.000000
1777213914.113429,0,0.000000,0.000000,0.000000,0.000000,0.000000,0.000000,0.000000,0.000000,0.440000,0.020000
1777213914.113839,0,0.000000,0.000000,0.000000,0.000000,0.500000,0.000000,0.000000,0.000000,0.300000,0.000000
1777213914.153836,0,0.000000,0.000000,0.000000,0.000000,0.100000,0.000000,0.000000,0.000000,0.000000,0.000000
1777213914.154336,0,0.000000,0.000000,0.000000,0.000000,0.410000,0.000000,0.000000,0.000000,0.000000,0.000000
1777213914.154741,0,0.000000,0.000000,0.000000,0.000000,1.000000,0.000000,0.000000,0.000000,0.000000,0.020000
1777213914.196986,0,0.000000,0.000000,0.000000,0.000000,0.690000,0.000000,0.000000,0.000000,0.150000,0.000000
1777213914.197928,0,0.000000,0.000000,0.000000,0.000000,0.250000,0.000000,0.000000,0.000000,0.000000,0.000000
1777213914.240777,0,0.000000,0.000000,0.000000,0.000000,1.000000,0.000000,0.000000,0.000000,0.000000,0.000000
1777213914.241385,0,0.000000,0.000000,0.000000,0.000000,1.000000,0.000000,0.000000,0.000000,0.000000,0.000000
1777213914.241915,0,0.000000,0.000000,0.000000,0.000000,0.610000,0.000000,0.000000,0.000000,0.300000,0.000000
1777213914.283790,0,0.000000,0.000000,0.000000,0.000000,0.000000,0.000000,0.000000,0.000000,0.300000,0.000000
1777213914.284286,0,0.000000,0.000000,0.000000,0.000000,0.870000,0.000000,0.000000,0.000000,0.000000,0.000000
1777213914.284814,0,0.000000,0.000000,0.000000,0.000000,0.400000,0.000000,0.000000,0.000000,0.000000,0.000000
1777213914.325137,0,0.000000,0.000000,0.000000,0.000000,1.000000,0.000000,0.000000,0.000000,0.000000,0.000000
1777213914.326095,0,0.000000,0.000000,0.000000,0.000000,0.000000,0.000000,0.000000,0.000000,0.440000,0.000000
1777213914.326536,0,0.000000,0.000000,0.000000,0.000000,0.000000,0.000000,0.000000,0.000000,0.300000,0.000000
1777213914.370328,0,0.000000,0.000000,0.000000,0.000000,0.030000,0.000000,0.000000,0.000000,0.300000,0.000000
1777213914.371410,0,0.000000,0.000000,0.000000,0.000000,0.800000,0.000000,0.000000,0.000000,0.000000,0.000000
1777213914.372344,0,0.000000,0.000000,0.000000,0.000000,0.430000,0.000000,0.000000,0.000000,0.000000,0.000000
1777213914.416461,0,0.000000,0.000000,0.000000,0.000000,1.000000,0.000000,0.000000,0.000000,0.150000,0.000000
1777213914.417120,0,0.000000,0.000000,0.000000,0.000000,0.000000,0.000000,0.000000,0.000000,0.440000,0.000000
1777213914.458310,0,0.000000,0.000000,0.000000,0.000000,0.180000,0.000000,0.000000,0.000000,0.150000,0.000000
1777213914.458859,0,0.000000,0.000000,0.000000,0.000000,0.000000,0.000000,0.000000,0.000000,0.600000,0.000000
1777213914.459295,0,0.000000,0.000000,0.000000,0.000000,0.690000,0.000000,0.000000,0.000000,0.150000,0.000000
1777213914.459715,0,0.000000,0.000000,0.000000,0.000000,1.000000,0.000000,0.000000,0.000000,0.000000,0.000000
1777213914.503865,0,0.000000,0.000000,0.000000,0.000000,0.630000,0.000000,0.000000,0.000000,0.150000,0.000000
1777213914.504446,0,0.000000,0.000000,0.000000,0.000000,0.000000,0.000000,0.000000,0.000000,0.600000,0.020000
1777213914.504930,0,0.000000,0.000000,0.000000,0.000000,0.250000,0.000000,0.000000,0.000000,0.150000,0.000000
1777213914.544975,0,0.000000,0.000000,0.000000,0.000000,0.000000,0.000000,0.000000,0.000000,0.300000,0.000000
1777213914.545506,0,0.000000,0.000000,0.000000,0.000000,0.000000,0.000000,0.000000,0.000000,0.300000,0.000000
1777213914.591378,0,0.000000,0.000000,0.000000,0.000000,1.000000,0.000000,0.000000,0.000000,0.150000,0.000000
1777213914.592357,0,0.000000,0.000000,0.000000,0.000000,0.200000,0.000000,0.000000,0.000000,0.150000,0.020000
1777213914.592853,0,0.000000,0.000000,0.000000,0.000000,1.000000,0.000000,0.000000,0.000000,0.150000,0.000000
1777213914.634889,0,0.000000,0.000000,0.000000,0.000000,0.000000,0.000000,0.000000,0.000000,0.300000,0.000000
1777213914.635419,0,0.000000,0.000000,0.000000,0.000000,0.810000,0.000000,0.000000,0.000000,0.000000,0.000000
1777213914.636422,0,0.000000,0.000000,0.000000,0.000000,0.540000,0.000000,0.000000,0.000000,0.150000,0.100000
1777213914.677521,0,0.000000,0.000000,0.000000,0.000000,0.280000,0.000000,0.000000,0.000000,0.000000,0.000000
1777213914.678026,0,0.000000,0.000000,0.000000,0.000000,0.170000,0.000000,0.000000,0.000000,0.000000,0.000000
1777213914.720097,0,0.000000,0.000000,0.000000,0.000000,1.000000,0.000000,0.000000,0.000000,0.000000,0.000000
1777213914.720616,0,0.000000,0.000000,0.000000,0.000000,0.300000,0.000000,0.000000,0.000000,0.000000,0.000000
1777213914.721379,0,0.000000,0.000000,0.000000,0.000000,0.100000,0.000000,0.000000,0.000000,0.000000,0.000000
1777213914.764086,0,0.000000,0.000000,0.000000,0.000000,0.000000,0.000000,0.000000,0.000000,0.750000,0.000000
1777213914.764614,0,0.000000,0.000000,0.000000,0.000000,0.100000,0.000000,0.000000,0.000000,0.150000,0.000000
1777213914.765005,0,0.000000,0.000000,0.000000,0.000000,1.000000,0.000000,0.000000,0.000000,0.000000,0.000000
1777213914.806033,0,0.000000,0.000000,0.000000,0.000000,0.250000,0.000000,0.000000,0.000000,0.000000,0.000000
1777213914.806529,0,0.000000,0.000000,0.000000,0.000000,0.000000,0.000000,0.000000,0.000000,0.300000,0.000000
1777213914.806913,0,0.000000,0.000000,0.000000,0.000000,0.330000,0.000000,0.000000,0.000000,0.000000,0.000000
1777213914.853673,0,0.000000,0.000000,0.000000,0.000000,0.360000,0.000000,0.000000,0.000000,0.150000,0.000000
1777213914.854214,0,0.000000,0.000000,0.000000,0.000000,0.120000,0.000000,0.000000,0.000000,0.150000,0.000000
1777213914.854620,0,0.000000,0.000000,0.000000,0.000000,0.200000,0.000000,0.000000,0.000000,0.150000,0.050000
1777213914.893894,0,0.000000,0.000000,0.000000,0.000000,0.330000,0.000000,0.000000,0.000000,0.000000,0.000000
1777213914.894419,0,0.000000,0.000000,0.000000,0.000000,0.000000,0.000000,0.000000,0.000000,0.300000,0.000000
1777213914.894809,0,0.000000,0.000000,0.000000,0.000000,1.000000,0.000000,0.000000,0.000000,0.000000,0.000000
1777213914.933614,0,0.000000,0.000000,0.000000,0.000000,1.000000,0.000000,0.000000,0.000000,0.000000,0.000000
1777213914.934128,0,0.000000,0.000000,0.000000,0.000000,0.120000,0.000000,0.000000,0.000000,0.150000,0.000000
1777213914.976748,0,0.000000,0.000000,0.000000,0.000000,1.000000,0.000000,0.000000,0.000000,0.000000,0.000000
1777213914.977261,0,0.000000,0.000000,0.000000,0.000000,0.090000,0.000000,0.000000,0.000000,0.150000,0.000000
1777213915.018798,0,0.000000,0.000000,0.000000,0.000000,0.800000,0.000000,0.000000,0.000000,0.000000,0.000000
1777213915.019396,0,0.000000,0.000000,0.000000,0.000000,0.230000,0.000000,0.000000,0.000000,0.000000,0.000000
1777213915.019871,0,0.000000,0.000000,0.000000,0.000000,0.340000,0.000000,0.000000,0.000000,0.150000,0.000000
1777213915.020303,0,0.000000,0.000000,0.000000,0.000000,0.000000,0.000000,0.000000,0.000000,0.300000,0.000000
1777213915.062855,0,0.000000,0.000000,0.000000,0.000000,0.700000,0.000000,0.000000,0.000000,0.000000,0.000000
1777213915.063362,0,0.000000,0.000000,0.000000,0.000000,0.410000,0.000000,0.000000,0.000000,0.150000,0.000000
1777213915.063748,0,0.000000,0.000000,0.000000,0.000000,0.090000,0.000000,0.000000,0.000000,0.300000,0.000000
1777213915.102725,0,0.000000,0.000000,0.000000,0.000000,0.000000,0.000000,0.000000,0.000000,0.440000,0.000000
1777213915.103240,0,0.000000,0.000000,0.000000,0.000000,0.870000,0.000000,0.000000,0.000000,0.000000,0.000000
1777213915.104164,0,0.000000,0.000000,0.000000,0.000000,0.870000,0.000000,0.000000,0.000000,0.000000,0.000000
1777213915.144743,0,0.000000,0.000000,0.000000,0.000000,0.000000,0.000000,0.000000,0.000000,0.300000,0.000000
1777213915.145247,0,0.000000,0.000000,0.000000,0.000000,0.280000,0.000000,0.000000,0.000000,0.150000,0.000000
1777213915.184627,0,0.000000,0.000000,0.000000,0.000000,1.000000,0.000000,0.000000,0.000000,0.000000,0.000000
1777213915.185135,0,0.000000,0.000000,0.000000,0.000000,0.660000,0.000000,0.000000,0.000000,0.000000,0.000000
1777213915.185524,0,0.000000,0.000000,0.000000,0.000000,1.000000,0.000000,0.000000,0.000000,0.150000,0.000000
1777213915.220006,0,0.000000,0.000000,0.000000,0.000000,1.000000,0.000000,0.000000,0.000000,0.150000,0.000000
1777213915.220512,0,0.000000,0.000000,0.000000,0.000000,1.000000,0.000000,0.000000,0.000000,0.000000,0.000000
1777213915.221157,0,0.000000,0.000000,0.000000,0.000000,0.000000,0.000000,0.000000,0.000000,0.440000,0.000000
1777213915.264138,0,0.000000,0.000000,0.000000,0.000000,1.000000,0.000000,0.000000,0.000000,0.300000,0.000000
1777213915.305204,0,0.000000,0.000000,0.000000,0.000000,1.000000,0.000000,0.000000,0.000000,0.300000,0.000000
1777213915.306267,0,0.000000,0.000000,0.000000,0.000000,0.000000,0.000000,0.000000,0.000000,0.300000,0.000000
1777213915.307285,0,0.000000,0.000000,0.000000,0.000000,1.000000,0.000000,0.000000,0.000000,0.000000,0.000000
1777213915.349977,0,0.000000,0.000000,0.000000,0.000000,1.000000,0.000000,0.000000,0.000000,0.150000,0.000000
1777213915.350494,0,0.000000,0.000000,0.000000,0.000000,1.000000,0.000000,0.000000,0.000000,0.000000,0.000000
1777213915.350880,0,0.000000,0.000000,0.000000,0.000000,1.000000,0.000000,0.000000,0.000000,0.150000,0.000000
1777213915.351546,0,0.000000,0.000000,0.000000,0.000000,1.000000,0.000000,0.000000,0.000000,0.000000,0.000000
1777213915.393006,0,0.000000,0.000000,0.000000,0.000000,0.100000,0.000000,0.000000,0.000000,0.150000,0.020000
1777213915.393550,0,0.000000,0.000000,0.000000,0.000000,0.400000,0.000000,0.000000,0.000000,0.300000,0.000000
1777213915.394086,0,0.000000,0.000000,0.000000,0.000000,1.000000,0.000000,0.000000,0.000000,0.000000,0.000000
1777213915.434240,0,0.000000,0.000000,0.000000,0.000000,0.700000,0.000000,0.000000,0.000000,0.000000,0.340000
1777213915.434920,0,0.000000,0.000000,0.000000,0.000000,0.600000,0.000000,0.000000,0.000000,0.000000,0.000000
1777213915.477504,0,0.000000,0.000000,0.000000,0.000000,0.070000,0.000000,0.000000,0.000000,0.000000,0.000000
1777213915.478013,0,0.000000,0.000000,0.000000,0.000000,0.050000,0.000000,0.000000,0.000000,0.150000,0.000000
1777213915.520211,0,0.000000,0.000000,0.000000,0.000000,1.000000,0.000000,0.000000,0.000000,0.150000,0.000000
1777213915.520722,0,0.000000,0.000000,0.000000,0.000000,1.000000,0.000000,0.000000,0.000000,0.000000,0.000000
1777213915.521107,0,0.000000,0.000000,0.000000,0.000000,0.310000,0.000000,0.000000,0.000000,0.000000,0.000000
1777213915.562149,0,0.000000,0.000000,0.000000,0.000000,1.000000,0.000000,0.000000,0.000000,0.150000,0.050000
1777213915.562686,0,0.000000,0.000000,0.000000,0.000000,1.000000,0.000000,0.000000,0.000000,0.000000,0.020000
1777213915.563081,0,0.000000,0.000000,0.000000,0.000000,0.200000,0.000000,0.000000,0.000000,0.000000,0.000000
1777213915.563482,0,0.000000,0.000000,0.000000,0.000000,1.000000,0.000000,0.000000,0.000000,0.000000,0.000000
1777213915.640726,0,0.000000,0.000000,0.000000,0.000000,0.000000,0.000000,0.000000,0.000000,0.300000,0.000000
1777213915.641279,0,0.000000,0.000000,0.000000,0.000000,0.770000,0.000000,0.000000,0.000000,0.000000,0.000000
1777213915.641689,0,0.000000,0.000000,0.000000,0.000000,0.000000,0.000000,0.000000,0.000000,0.440000,0.000000
1777213915.642206,0,0.000000,0.000000,0.000000,0.000000,0.640000,0.000000,0.000000,0.000000,0.000000,0.000000
1777213915.642597,0,0.000000,0.000000,0.000000,0.000000,0.310000,0.000000,0.000000,0.000000,0.000000,0.000000
1777213915.643250,0,0.000000,0.000000,0.000000,0.000000,0.200000,0.000000,0.000000,0.000000,0.150000,0.000000
1777213915.643674,0,0.000000,0.000000,0.000000,0.000000,0.000000,0.000000,0.000000,0.000000,0.440000,0.000000
1777213915.687374,0,0.000000,0.000000,0.000000,0.000000,1.000000,0.000000,0.000000,0.000000,0.000000,0.000000
1777213915.730902,0,0.000000,0.000000,0.000000,0.000000,0.770000,0.000000,0.000000,0.000000,0.000000,0.000000
1777213915.731669,0,0.000000,0.000000,0.000000,0.000000,0.000000,0.000000,0.000000,0.000000,0.300000,0.000000
1777213915.769421,0,0.000000,0.000000,0.000000,0.000000,0.150000,0.000000,0.000000,0.000000,0.000000,0.000000
1777213915.769932,0,0.000000,0.000000,0.000000,0.000000,0.000000,0.000000,0.000000,0.000000,0.300000,0.000000
1777213915.770319,0,0.000000,0.000000,0.000000,0.000000,1.000000,0.000000,0.000000,0.000000,0.000000,0.000000
1777213915.811997,0,0.000000,0.000000,0.000000,0.000000,1.000000,0.000000,0.000000,0.000000,0.000000,0.000000
1777213915.813104,0,0.000000,0.000000,0.000000,0.000000,1.000000,0.000000,0.000000,0.000000,0.150000,0.000000
1777213915.814042,0,0.000000,0.000000,0.000000,0.000000,0.340000,0.000000,0.000000,0.000000,0.150000,0.000000
1777213915.855482,0,0.000000,0.000000,0.000000,0.000000,0.000000,0.000000,0.000000,0.000000,0.300000,0.000000
1777213915.855976,0,0.000000,0.000000,0.000000,0.000000,0.000000,0.000000,0.000000,0.000000,0.300000,0.000000
1777213915.856360,0,0.000000,0.000000,0.000000,0.000000,0.210000,0.000000,0.000000,0.000000,0.440000,0.000000
1777213915.892990,0,0.000000,0.000000,0.000000,0.000000,1.000000,0.000000,0.000000,0.000000,0.150000,0.000000
1777213915.893488,0,0.000000,0.000000,0.000000,0.000000,0.410000,0.000000,0.000000,0.000000,0.150000,0.000000
1777213915.893899,0,0.000000,0.000000,0.000000,0.000000,0.000000,0.000000,0.000000,0.000000,0.300000,0.000000
1777213915.932355,0,0.000000,0.000000,0.000000,0.000000,0.000000,0.000000,0.000000,0.000000,0.440000,0.000000
1777213915.932882,0,0.000000,0.000000,0.000000,0.000000,1.000000,0.000000,0.000000,0.000000,0.000000,0.000000
1777213915.971348,0,0.000000,0.000000,0.000000,0.000000,0.700000,0.000000,0.000000,0.000000,0.150000,0.000000
1777213915.971871,0,0.000000,0.000000,0.000000,0.000000,0.000000,0.000000,0.000000,0.000000,0.300000,0.000000
1777213916.014910,0,0.000000,0.000000,0.000000,0.000000,0.400000,0.000000,0.000000,0.000000,0.000000,0.000000
1777213916.015409,0,0.000000,0.000000,0.000000,0.000000,0.100000,0.000000,0.000000,0.000000,0.000000,0.000000
1777213916.015851,0,0.000000,0.000000,0.000000,0.000000,0.890000,0.000000,0.000000,0.000000,0.000000,0.000000
1777213916.056609,0,0.000000,0.000000,0.000000,0.000000,0.110000,0.000000,0.000000,0.000000,0.150000,0.000000
1777213916.057125,0,0.000000,0.000000,0.000000,0.000000,0.000000,0.000000,0.000000,0.000000,0.300000,0.000000
1777213916.057509,0,0.000000,0.000000,0.000000,0.000000,0.000000,0.000000,0.000000,0.000000,0.300000,0.000000
1777213916.100260,0,0.000000,0.000000,0.000000,0.000000,0.200000,0.000000,0.000000,0.000000,0.150000,0.000000
1777213916.100787,0,0.000000,0.000000,0.000000,0.000000,1.000000,0.000000,0.000000,0.000000,0.000000,0.000000
1777213916.101334,0,0.000000,0.000000,0.000000,0.000000,1.000000,0.000000,0.000000,0.000000,0.000000,0.000000
1777213916.142479,0,0.000000,0.000000,0.000000,0.000000,0.000000,0.000000,0.000000,0.000000,0.440000,0.020000
1777213916.143002,0,0.000000,0.000000,0.000000,0.000000,1.000000,0.000000,0.000000,0.000000,0.000000,0.000000
1777213916.143467,0,0.000000,0.000000,0.000000,0.000000,0.410000,0.000000,0.000000,0.000000,0.000000,0.020000
1777213916.189937,0,0.000000,0.000000,0.000000,0.000000,0.370000,0.000000,0.000000,0.000000,0.000000,0.000000
1777213916.190438,0,0.000000,0.000000,0.000000,0.000000,0.000000,0.000000,0.000000,0.000000,0.300000,0.000000
1777213916.232976,0,0.000000,0.000000,0.000000,0.000000,1.000000,0.000000,0.000000,0.000000,0.000000,0.000000
1777213916.233474,0,0.000000,0.000000,0.000000,0.000000,0.660000,0.000000,0.000000,0.000000,0.000000,0.000000
1777213916.233884,0,0.000000,0.000000,0.000000,0.000000,0.000000,0.000000,0.000000,0.000000,0.600000,0.000000
1777213916.275069,0,0.000000,0.000000,0.000000,0.000000,0.410000,0.000000,0.000000,0.000000,0.000000,0.000000
1777213916.275585,0,0.000000,0.000000,0.000000,0.000000,0.000000,0.000000,0.000000,0.000000,0.300000,0.000000
1777213916.275980,0,0.000000,0.000000,0.000000,0.000000,0.400000,0.000000,0.000000,0.000000,0.150000,0.000000
1777213916.276348,0,0.000000,0.000000,0.000000,0.000000,0.000000,0.000000,0.000000,0.000000,0.300000,0.000000
1777213916.319921,0,0.000000,0.000000,0.000000,0.000000,0.460000,0.000000,0.000000,0.000000,0.000000,0.000000
1777213916.320448,0,0.000000,0.000000,0.000000,0.000000,0.000000,0.000000,0.000000,0.000000,0.300000,0.000000
1777213916.363903,0,0.000000,0.000000,0.000000,0.000000,0.370000,0.000000,0.000000,0.000000,0.000000,0.000000
1777213916.364433,0,0.000000,0.000000,0.000000,0.000000,0.000000,0.000000,0.000000,0.000000,0.600000,0.000000
1777213916.407317,0,0.000000,0.000000,0.000000,0.000000,0.340000,0.000000,0.000000,0.000000,0.000000,0.000000
1777213916.407833,0,0.000000,0.000000,0.000000,0.000000,0.330000,0.000000,0.000000,0.000000,0.000000,0.000000
1777213916.408225,0,0.000000,0.000000,0.000000,0.000000,0.000000,0.000000,0.000000,0.000000,0.300000,0.000000
1777213916.450620,0,0.000000,0.000000,0.000000,0.000000,1.000000,0.000000,0.000000,0.000000,0.000000,0.000000
1777213916.451133,0,0.000000,0.000000,0.000000,0.000000,0.000000,0.000000,0.000000,0.000000,0.300000,0.000000
1777213916.451541,0,0.000000,0.000000,0.000000,0.000000,0.700000,0.000000,0.000000,0.000000,0.000000,0.000000
1777213916.495255,0,0.000000,0.000000,0.000000,0.000000,1.000000,0.000000,0.000000,0.000000,0.000000,0.000000
1777213916.495791,0,0.000000,0.000000,0.000000,0.000000,0.000000,0.000000,0.000000,0.000000,0.300000,0.000000
1777213916.496252,0,0.000000,0.000000,0.000000,0.000000,0.210000,0.000000,0.000000,0.000000,0.000000,0.000000
1777213916.496663,0,0.000000,0.000000,0.000000,0.000000,1.000000,0.000000,0.000000,0.000000,0.000000,0.000000
1777213916.535301,0,0.000000,0.000000,0.000000,0.000000,1.000000,0.000000,0.000000,0.000000,0.000000,0.000000
1777213916.535813,0,0.000000,0.000000,0.000000,0.000000,0.050000,0.000000,0.000000,0.000000,0.000000,0.000000
1777213916.579158,0,0.000000,0.000000,0.000000,0.000000,0.310000,0.000000,0.000000,0.000000,0.000000,0.000000
1777213916.580310,0,0.000000,0.000000,0.000000,0.000000,1.000000,0.000000,0.000000,0.000000,0.000000,0.000000
1777213916.581324,0,0.000000,0.000000,0.000000,0.000000,0.330000,0.000000,0.000000,0.000000,0.000000,0.000000
1777213916.582370,0,0.000000,0.000000,0.000000,0.000000,0.000000,0.000000,0.000000,0.000000,0.440000,0.000000
1777213916.621120,0,0.000000,0.000000,0.000000,0.000000,0.750000,0.000000,0.000000,0.000000,0.000000,0.000000
1777213916.622298,0,0.000000,0.000000,0.000000,0.000000,0.200000,0.000000,0.000000,0.000000,0.000000,0.000000
1777213916.699176,0,0.000000,0.000000,0.000000,0.000000,0.090000,0.000000,0.000000,0.000000,0.300000,0.000000
1777213916.699699,0,0.000000,0.000000,0.000000,0.000000,0.800000,0.000000,0.000000,0.000000,0.000000,0.000000
1777213916.700377,0,0.000000,0.000000,0.000000,0.000000,0.310000,0.000000,0.000000,0.000000,0.000000,0.000000
1777213916.700798,0,0.000000,0.000000,0.000000,0.000000,0.000000,0.000000,0.000000,0.000000,0.300000,0.020000
1777213916.701186,0,0.000000,0.000000,0.000000,0.000000,0.300000,0.000000,0.000000,0.000000,0.000000,0.000000
1777213916.701573,0,0.000000,0.000000,0.000000,0.000000,1.000000,0.000000,0.000000,0.000000,0.000000,0.000000
1777213916.701989,0,0.000000,0.000000,0.000000,0.000000,1.000000,0.000000,0.000000,0.000000,0.000000,0.000000
1777213916.780251,0,0.000000,0.000000,0.000000,0.000000,0.150000,0.000000,0.000000,0.000000,0.000000,0.000000
1777213916.780900,0,0.000000,0.000000,0.000000,0.000000,0.410000,0.000000,0.000000,0.000000,0.150000,0.000000
1777213916.781457,0,0.000000,0.000000,0.000000,0.000000,0.340000,0.000000,0.000000,0.000000,0.150000,0.000000
1777213916.782334,0,0.000000,0.000000,0.000000,0.000000,0.000000,0.000000,0.000000,0.000000,0.300000,0.000000
1777213916.858352,0,0.000000,0.000000,0.000000,0.000000,0.270000,0.000000,0.000000,0.000000,0.150000,0.000000
1777213916.858953,0,0.000000,0.000000,0.000000,0.000000,0.070000,0.000000,0.000000,0.000000,0.000000,0.000000
1777213916.859492,0,0.000000,0.000000,0.000000,0.000000,0.050000,0.000000,0.000000,0.000000,0.600000,0.000000
1777213916.860029,0,0.000000,0.000000,0.000000,0.000000,0.830000,0.000000,0.000000,0.000000,0.000000,0.000000
1777213916.861088,0,0.000000,0.000000,0.000000,0.000000,0.300000,0.000000,0.000000,0.000000,0.000000,0.020000
1777213916.905557,0,0.000000,0.000000,0.000000,0.000000,0.150000,0.000000,0.000000,0.000000,0.300000,0.000000
1777213916.906615,0,0.000000,0.000000,0.000000,0.000000,0.150000,0.000000,0.000000,0.000000,0.300000,0.000000
1777213916.983733,0,0.000000,0.000000,0.000000,0.000000,1.000000,0.000000,0.000000,0.000000,0.150000,0.000000
1777213916.984231,0,0.000000,0.000000,0.000000,0.000000,0.200000,0.000000,0.000000,0.000000,0.000000,0.000000
1777213916.984620,0,0.000000,0.000000,0.000000,0.000000,0.150000,0.000000,0.000000,0.000000,0.150000,0.000000
1777213916.985009,0,0.000000,0.000000,0.000000,0.000000,1.000000,0.000000,0.000000,0.000000,0.000000,0.000000
1777213916.985384,0,0.000000,0.000000,0.000000,0.000000,0.330000,0.000000,0.000000,0.000000,0.000000,0.000000
1777213916.986542,0,0.000000,0.000000,0.000000,0.000000,0.560000,0.000000,0.000000,0.000000,0.150000,0.000000
1777213916.987010,0,0.000000,0.000000,0.000000,0.000000,0.000000,0.000000,0.000000,0.000000,0.300000,0.000000
1777213916.987424,0,0.000000,0.000000,0.000000,0.000000,1.000000,0.000000,0.000000,0.000000,0.000000,0.000000
1777213917.068440,0,0.000000,0.000000,0.000000,0.000000,0.000000,0.000000,0.000000,0.000000,0.300000,0.000000
1777213917.068971,0,0.000000,0.000000,0.000000,0.000000,0.750000,0.000000,0.000000,0.000000,0.150000,0.000000
1777213917.069736,0,0.000000,0.000000,0.000000,0.000000,1.000000,0.000000,0.000000,0.000000,0.000000,0.000000
1777213917.070623,0,0.000000,0.000000,0.000000,0.000000,0.620000,0.000000,0.000000,0.000000,0.150000,0.000000
1777213917.071103,0,0.000000,0.000000,0.000000,0.000000,0.510000,0.000000,0.000000,0.000000,0.000000,0.000000
1777213917.112585,0,0.000000,0.000000,0.000000,0.000000,0.330000,0.000000,0.000000,0.000000,0.150000,0.000000
1777213917.156048,0,0.000000,0.000000,0.000000,0.000000,0.660000,0.000000,0.000000,0.000000,0.000000,0.000000
1777213917.156550,0,0.000000,0.000000,0.000000,0.000000,0.460000,0.000000,0.000000,0.000000,0.000000,0.000000
1777213917.157430,0,0.000000,0.000000,0.000000,0.000000,0.700000,0.000000,0.000000,0.000000,0.150000,0.000000
1777213917.200278,0,0.000000,0.000000,0.000000,0.000000,0.600000,0.000000,0.000000,0.000000,0.150000,0.000000
1777213917.200812,0,0.000000,0.000000,0.000000,0.000000,0.510000,0.000000,0.000000,0.000000,0.000000,0.000000
1777213917.240666,0,0.000000,0.000000,0.000000,0.000000,0.230000,0.000000,0.000000,0.000000,0.150000,0.000000
1777213917.241232,0,0.000000,0.000000,0.000000,0.000000,0.630000,0.000000,0.000000,0.000000,0.000000,0.020000
1777213917.241637,0,0.000000,0.000000,0.000000,0.000000,0.180000,0.000000,0.000000,0.000000,0.000000,0.000000
1777213917.281646,0,0.000000,0.000000,0.000000,0.000000,0.250000,0.000000,0.000000,0.000000,0.000000,0.000000
1777213917.282153,0,0.000000,0.000000,0.000000,0.000000,1.000000,0.000000,0.000000,0.000000,0.150000,0.000000
1777213917.325565,0,0.000000,0.000000,0.000000,0.000000,0.340000,0.000000,0.000000,0.000000,0.000000,0.000000
1777213917.326147,0,0.000000,0.000000,0.000000,0.000000,1.000000,0.000000,0.000000,0.000000,0.150000,0.000000
1777213917.326553,0,0.000000,0.000000,0.000000,0.000000,0.000000,0.000000,0.000000,0.000000,0.300000,0.000000
1777213917.326935,0,0.000000,0.000000,0.000000,0.000000,0.000000,0.000000,0.000000,0.000000,0.300000,0.000000
1777213917.371011,0,0.000000,0.000000,0.000000,0.000000,0.770000,0.000000,0.000000,0.000000,0.150000,0.000000
1777213917.371547,0,0.000000,0.000000,0.000000,0.000000,1.000000,0.000000,0.000000,0.000000,0.000000,0.000000
1777213917.414345,0,0.000000,0.000000,0.000000,0.000000,1.000000,0.000000,0.000000,0.000000,0.150000,0.000000
1777213917.414881,0,0.000000,0.000000,0.000000,0.000000,0.100000,0.000000,0.000000,0.000000,0.150000,0.000000
1777213917.415282,0,0.000000,0.000000,0.000000,0.000000,0.250000,0.000000,0.000000,0.000000,0.000000,0.000000
1777213917.456388,0,0.000000,0.000000,0.000000,0.000000,0.050000,0.000000,0.000000,0.000000,0.150000,0.000000
1777213917.456887,0,0.000000,0.000000,0.000000,0.000000,0.620000,0.000000,0.000000,0.000000,0.000000,0.000000
1777213917.457287,0,0.000000,0.000000,0.000000,0.000000,0.250000,0.000000,0.000000,0.000000,0.000000,0.000000
1777213917.499191,0,0.000000,0.000000,0.000000,0.000000,1.000000,0.000000,0.000000,0.000000,0.000000,0.000000
1777213917.499695,0,0.000000,0.000000,0.000000,0.000000,0.140000,0.000000,0.000000,0.000000,0.000000,0.000000
1777213917.500078,0,0.000000,0.000000,0.000000,0.000000,0.000000,0.000000,0.000000,0.000000,0.300000,0.000000
1777213917.541954,0,0.000000,0.000000,0.000000,0.000000,0.870000,0.000000,0.000000,0.000000,0.000000,0.430000
1777213917.542477,0,0.000000,0.000000,0.000000,0.000000,0.410000,0.000000,0.000000,0.000000,0.150000,0.000000
1777213917.542866,0,0.000000,0.000000,0.000000,0.000000,0.000000,0.000000,0.000000,0.000000,0.440000,0.000000
1777213917.587304,0,0.000000,0.000000,0.000000,0.000000,0.560000,0.000000,0.000000,0.000000,0.300000,0.000000
1777213917.587824,0,0.000000,0.000000,0.000000,0.000000,1.000000,0.000000,0.000000,0.000000,0.000000,0.000000
1777213917.629061,0,0.000000,0.000000,0.000000,0.000000,0.850000,0.000000,0.000000,0.000000,0.000000,0.000000
1777213917.629568,0,0.000000,0.000000,0.000000,0.000000,0.300000,0.000000,0.000000,0.000000,0.150000,0.000000
1777213917.629972,0,0.000000,0.000000,0.000000,0.000000,1.000000,0.000000,0.000000,0.000000,0.000000,0.000000
1777213917.668552,0,0.000000,0.000000,0.000000,0.000000,0.250000,0.000000,0.000000,0.000000,0.150000,0.000000
1777213917.669077,0,0.000000,0.000000,0.000000,0.000000,1.000000,0.000000,0.000000,0.000000,0.150000,0.000000
1777213917.710777,0,0.000000,0.000000,0.000000,0.000000,0.200000,0.000000,0.000000,0.000000,0.000000,0.000000
1777213917.750546,0,0.000000,0.000000,0.000000,0.000000,0.000000,0.000000,0.000000,0.000000,0.300000,0.000000
1777213917.751123,0,0.000000,0.000000,0.000000,0.000000,0.090000,0.000000,0.000000,0.000000,0.000000,0.000000
1777213917.751530,0,0.000000,0.000000,0.000000,0.000000,0.110000,0.000000,0.000000,0.000000,0.000000,0.000000
1777213917.792299,0,0.000000,0.000000,0.000000,0.000000,0.500000,0.000000,0.000000,0.000000,0.000000,0.000000
1777213917.792827,0,0.000000,0.000000,0.000000,0.000000,0.750000,0.000000,0.000000,0.000000,0.000000,0.000000
1777213917.838099,0,0.000000,0.000000,0.000000,0.000000,0.460000,0.000000,0.000000,0.000000,0.150000,0.000000
1777213917.838622,0,0.000000,0.000000,0.000000,0.000000,1.000000,0.000000,0.000000,0.000000,0.000000,0.000000
1777213917.882479,0,0.000000,0.000000,0.000000,0.000000,0.230000,0.000000,0.000000,0.000000,0.000000,0.000000
1777213917.883075,0,0.000000,0.000000,0.000000,0.000000,0.200000,0.000000,0.000000,0.000000,0.300000,0.000000
1777213917.924277,0,0.000000,0.000000,0.000000,0.000000,0.560000,0.000000,0.000000,0.000000,0.000000,0.000000
1777213917.924779,0,0.000000,0.000000,0.000000,0.000000,0.120000,0.000000,0.000000,0.000000,0.150000,0.000000
1777213917.925166,0,0.000000,0.000000,0.000000,0.000000,0.310000,0.000000,0.000000,0.000000,0.150000,0.070000
1777213917.925581,0,0.000000,0.000000,0.000000,0.000000,0.140000,0.000000,0.000000,0.000000,0.000000,0.000000
1777213917.968512,0,0.000000,0.000000,0.000000,0.000000,0.000000,0.000000,0.000000,0.000000,0.300000,0.000000
1777213917.969161,0,0.000000,0.000000,0.000000,0.000000,0.870000,0.000000,0.000000,0.000000,0.150000,0.000000
1777213917.969583,0,0.000000,0.000000,0.000000,0.000000,0.250000,0.000000,0.000000,0.000000,0.000000,0.000000
1777213917.969961,0,0.000000,0.000000,0.000000,0.000000,0.050000,0.000000,0.000000,0.000000,0.000000,0.000000
1777213918.013777,0,0.000000,0.000000,0.000000,0.000000,0.210000,0.000000,0.000000,0.000000,0.000000,0.000000
1777213918.014320,0,0.000000,0.000000,0.000000,0.000000,0.000000,0.000000,0.000000,0.000000,0.440000,0.000000
1777213918.057389,0,0.000000,0.000000,0.000000,0.000000,0.200000,0.000000,0.000000,0.000000,0.150000,0.000000
1777213918.058510,0,0.000000,0.000000,0.000000,0.000000,1.000000,0.000000,0.000000,0.000000,0.000000,0.000000
1777213918.059288,0,0.000000,0.000000,0.000000,0.000000,0.050000,0.000000,0.000000,0.000000,0.150000,0.000000
1777213918.101761,0,0.000000,0.000000,0.000000,0.000000,0.310000,0.000000,0.000000,0.000000,0.150000,0.000000
1777213918.102286,0,0.000000,0.000000,0.000000,0.000000,0.100000,0.000000,0.000000,0.000000,0.150000,0.000000
1777213918.102676,0,0.000000,0.000000,0.000000,0.000000,0.800000,0.000000,0.000000,0.000000,0.000000,0.000000
1777213918.103173,0,0.000000,0.000000,0.000000,0.000000,0.110000,0.000000,0.000000,0.000000,0.000000,0.000000
1777213918.142200,0,0.000000,0.000000,0.000000,0.000000,0.280000,0.000000,0.000000,0.000000,0.300000,0.000000
1777213918.142785,0,0.000000,0.000000,0.000000,0.000000,1.000000,0.000000,0.000000,0.000000,0.000000,0.020000
1777213918.143470,0,0.000000,0.000000,0.000000,0.000000,1.000000,0.000000,0.000000,0.000000,0.150000,0.000000
1777213918.185026,0,0.000000,0.000000,0.000000,0.000000,0.140000,0.000000,0.000000,0.000000,0.000000,0.000000
1777213918.185563,0,0.000000,0.000000,0.000000,0.000000,1.000000,0.000000,0.000000,0.000000,0.000000,0.000000
1777213918.226357,0,0.000000,0.000000,0.000000,0.000000,0.340000,0.000000,0.000000,0.000000,0.000000,0.000000
1777213918.226865,0,0.000000,0.000000,0.000000,0.000000,0.620000,0.000000,0.000000,0.000000,0.000000,0.000000
1777213918.227252,0,0.000000,0.000000,0.000000,0.000000,1.000000,0.000000,0.000000,0.000000,0.000000,0.000000
1777213918.269020,0,0.000000,0.000000,0.000000,0.000000,0.050000,0.000000,0.000000,0.000000,0.150000,0.000000
1777213918.269519,0,0.000000,0.000000,0.000000,0.000000,0.100000,0.000000,0.000000,0.000000,0.150000,0.000000
1777213918.308757,0,0.000000,0.000000,0.000000,0.000000,1.000000,0.000000,0.000000,0.000000,0.000000,0.020000
1777213918.309263,0,0.000000,0.000000,0.000000,0.000000,0.100000,0.000000,0.000000,0.000000,0.000000,0.000000
1777213918.309656,0,0.000000,0.000000,0.000000,0.000000,0.000000,0.000000,0.000000,0.000000,0.300000,0.000000
1777213918.310127,0,0.000000,0.000000,0.000000,0.000000,1.000000,0.000000,0.000000,0.000000,0.000000,0.000000
1777213918.352673,0,0.000000,0.000000,0.000000,0.000000,0.000000,0.000000,0.000000,0.000000,0.600000,0.000000
1777213918.353289,0,0.000000,0.000000,0.000000,0.000000,1.000000,0.000000,0.000000,0.000000,0.000000,0.000000
1777213918.394939,0,0.000000,0.000000,0.000000,0.000000,1.000000,0.000000,0.000000,0.000000,0.150000,0.000000
1777213918.396008,0,0.000000,0.000000,0.000000,0.000000,1.000000,0.000000,0.000000,0.000000,0.000000,0.000000
1777213918.396931,0,0.000000,0.000000,0.000000,0.000000,1.000000,0.000000,0.000000,0.000000,0.000000,0.000000
1777213918.436708,0,0.000000,0.000000,0.000000,0.000000,0.000000,0.000000,0.000000,0.000000,0.300000,0.000000
1777213918.437249,0,0.000000,0.000000,0.000000,0.000000,1.000000,0.000000,0.000000,0.000000,0.000000,0.000000
1777213918.437651,0,0.000000,0.000000,0.000000,0.000000,0.000000,0.000000,0.000000,0.000000,0.300000,0.000000
1777213918.484909,0,0.000000,0.000000,0.000000,0.000000,0.000000,0.000000,0.000000,0.000000,0.300000,0.000000
1777213918.485441,0,0.000000,0.000000,0.000000,0.000000,0.620000,0.000000,0.000000,0.000000,0.000000,0.000000
1777213918.527063,0,0.000000,0.000000,0.000000,0.000000,0.610000,0.000000,0.000000,0.000000,0.000000,0.000000
1777213918.527587,0,0.000000,0.000000,0.000000,0.000000,1.000000,0.000000,0.000000,0.000000,0.000000,0.000000
1777213918.527980,0,0.000000,0.000000,0.000000,0.000000,0.510000,0.000000,0.000000,0.000000,0.000000,0.000000
1777213918.528752,0,0.000000,0.000000,0.000000,0.000000,1.000000,0.000000,0.000000,0.000000,0.000000,0.000000
1777213918.569544,0,0.000000,0.000000,0.000000,0.000000,0.510000,0.000000,0.000000,0.000000,0.000000,0.000000
1777213918.570089,0,0.000000,0.000000,0.000000,0.000000,0.510000,0.000000,0.000000,0.000000,0.000000,0.000000
1777213918.609810,0,0.000000,0.000000,0.000000,0.000000,1.000000,0.000000,0.000000,0.000000,0.000000,0.000000
1777213918.610620,0,0.000000,0.000000,0.000000,0.000000,1.000000,0.000000,0.000000,0.000000,0.150000,0.000000
1777213918.611102,0,0.000000,0.000000,0.000000,0.000000,0.460000,0.000000,0.000000,0.000000,0.150000,0.000000
1777213918.654227,0,0.000000,0.000000,0.000000,0.000000,1.000000,0.000000,0.000000,0.000000,0.000000,0.000000
1777213918.654727,0,0.000000,0.000000,0.000000,0.000000,0.300000,0.000000,0.000000,0.000000,0.300000,0.000000
1777213918.655116,0,0.000000,0.000000,0.000000,0.000000,0.000000,0.000000,0.000000,0.000000,0.300000,0.000000
1777213918.696167,0,0.000000,0.000000,0.000000,0.000000,0.760000,0.000000,0.000000,0.000000,0.000000,0.000000
1777213918.696703,0,0.000000,0.000000,0.000000,0.000000,0.330000,0.000000,0.000000,0.000000,0.000000,0.000000
1777213918.697098,0,0.000000,0.000000,0.000000,0.000000,1.000000,0.000000,0.000000,0.000000,0.000000,0.000000
1777213918.740677,0,0.000000,0.000000,0.000000,0.000000,1.000000,0.000000,0.000000,0.000000,0.150000,0.000000
1777213918.741215,0,0.000000,0.000000,0.000000,0.000000,0.760000,0.000000,0.000000,0.000000,0.000000,0.000000
1777213918.782440,0,0.000000,0.000000,0.000000,0.000000,0.430000,0.000000,0.000000,0.000000,0.000000,0.000000
1777213918.782991,0,0.000000,0.000000,0.000000,0.000000,0.000000,0.000000,0.000000,0.000000,0.440000,0.000000
1777213918.783386,0,0.000000,0.000000,0.000000,0.000000,0.000000,0.000000,0.000000,0.000000,0.300000,0.000000
1777213918.784726,0,0.000000,0.000000,0.000000,0.000000,1.000000,0.000000,0.000000,0.000000,0.000000,0.000000
1777213918.825419,0,0.000000,0.000000,0.000000,0.000000,0.140000,0.000000,0.000000,0.000000,0.300000,0.280000
1777213918.825924,0,0.000000,0.000000,0.000000,0.000000,0.000000,0.000000,0.000000,0.000000,0.300000,0.000000
1777213918.870094,0,0.000000,0.000000,0.000000,0.000000,0.090000,0.000000,0.000000,0.000000,0.000000,0.000000
1777213918.870626,0,0.000000,0.000000,0.000000,0.000000,0.000000,0.000000,0.000000,0.000000,0.300000,0.000000
1777213918.871039,0,0.000000,0.000000,0.000000,0.000000,0.000000,0.000000,0.000000,0.000000,0.300000,0.000000
1777213918.914101,0,0.000000,0.000000,0.000000,0.000000,1.000000,0.000000,0.000000,0.000000,0.150000,0.000000
1777213918.914608,0,0.000000,0.000000,0.000000,0.000000,0.400000,0.000000,0.000000,0.000000,0.300000,0.000000
1777213918.956246,0,0.000000,0.000000,0.000000,0.000000,1.000000,0.000000,0.000000,0.000000,0.000000,0.000000
1777213918.956777,0,0.000000,0.000000,0.000000,0.000000,0.000000,0.000000,0.000000,0.000000,0.300000,0.000000
1777213918.957196,0,0.000000,0.000000,0.000000,0.000000,0.150000,0.000000,0.000000,0.000000,0.000000,0.000000
1777213919.001981,0,0.000000,0.000000,0.000000,0.000000,0.330000,0.000000,0.000000,0.000000,0.000000,0.000000
1777213919.002506,0,0.000000,0.000000,0.000000,0.000000,0.250000,0.000000,0.000000,0.000000,0.300000,0.000000
1777213919.002921,0,0.000000,0.000000,0.000000,0.000000,0.300000,0.000000,0.000000,0.000000,0.150000,0.070000
1777213919.058691,0,0.000000,0.000000,0.000000,0.000000,1.000000,0.000000,0.000000,0.000000,0.150000,0.000000
1777213919.059530,0,0.000000,0.000000,0.000000,0.000000,1.000000,0.000000,0.000000,0.000000,0.000000,0.000000
1777213919.060002,0,0.000000,0.000000,0.000000,0.000000,1.000000,0.000000,0.000000,0.000000,0.000000,0.000000
1777213919.102416,0,0.000000,0.000000,0.000000,0.000000,0.000000,0.000000,0.000000,0.000000,0.440000,0.000000
1777213919.103019,0,0.000000,0.000000,0.000000,0.000000,1.000000,0.000000,0.000000,0.000000,0.000000,0.000000
1777213919.103427,0,0.000000,0.000000,0.000000,0.000000,1.000000,0.000000,0.000000,0.000000,0.000000,0.000000
1777213919.103855,0,0.000000,0.000000,0.000000,0.000000,0.000000,0.000000,0.000000,0.000000,0.300000,0.070000
1777213919.147600,0,0.000000,0.000000,0.000000,0.000000,0.430000,0.000000,0.000000,0.000000,0.000000,0.000000
1777213919.148647,0,0.000000,0.000000,0.000000,0.000000,0.300000,0.000000,0.000000,0.000000,0.000000,0.000000
1777213919.188591,0,0.000000,0.000000,0.000000,0.000000,1.000000,0.000000,0.000000,0.000000,0.150000,0.020000
1777213919.189110,0,0.000000,0.000000,0.000000,0.000000,1.000000,0.000000,0.000000,0.000000,0.000000,0.000000
1777213919.189512,0,0.000000,0.000000,0.000000,0.000000,0.150000,0.000000,0.000000,0.000000,0.150000,0.000000
1777213919.232327,0,0.000000,0.000000,0.000000,0.000000,0.000000,0.000000,0.000000,0.000000,0.300000,0.000000
1777213919.233309,0,0.000000,0.000000,0.000000,0.000000,0.000000,0.000000,0.000000,0.000000,0.440000,0.000000
1777213919.233840,0,0.000000,0.000000,0.000000,0.000000,0.930000,0.000000,0.000000,0.000000,0.000000,0.000000
1777213919.234367,0,0.000000,0.000000,0.000000,0.000000,0.510000,0.000000,0.000000,0.000000,0.000000,0.000000
1777213919.275064,0,0.000000,0.000000,0.000000,0.000000,1.000000,0.000000,0.000000,0.000000,0.000000,0.020000
1777213919.275607,0,0.000000,0.000000,0.000000,0.000000,1.000000,0.000000,0.000000,0.000000,0.000000,0.000000
1777213919.316083,0,0.000000,0.000000,0.000000,0.000000,0.000000,0.000000,0.000000,0.000000,0.440000,0.000000
1777213919.316616,0,0.000000,0.000000,0.000000,0.000000,0.180000,0.000000,0.000000,0.000000,0.000000,0.000000
1777213919.353222,0,0.000000,0.000000,0.000000,0.000000,0.000000,0.000000,0.000000,0.000000,0.300000,0.000000
1777213919.353740,0,0.000000,0.000000,0.000000,0.000000,1.000000,0.000000,0.000000,0.000000,0.000000,0.000000
1777213919.354146,0,0.000000,0.000000,0.000000,0.000000,1.000000,0.000000,0.000000,0.000000,0.000000,0.000000
1777213919.354534,0,0.000000,0.000000,0.000000,0.000000,0.140000,0.000000,0.000000,0.000000,0.150000,0.000000
1777213919.396216,0,0.000000,0.000000,0.000000,0.000000,0.000000,0.000000,0.000000,0.000000,0.300000,0.000000
1777213919.396730,0,0.000000,0.000000,0.000000,0.000000,0.100000,0.000000,0.000000,0.000000,0.150000,0.000000
1777213919.438374,0,0.000000,0.000000,0.000000,0.000000,0.340000,0.000000,0.000000,0.000000,0.000000,0.000000
1777213919.439407,0,0.000000,0.000000,0.000000,0.000000,0.000000,0.000000,0.000000,0.000000,0.300000,0.000000
1777213919.481527,0,0.000000,0.000000,0.000000,0.000000,1.000000,0.000000,0.000000,0.000000,0.150000,0.000000
1777213919.482055,0,0.000000,0.000000,0.000000,0.000000,0.110000,0.000000,0.000000,0.000000,0.300000,0.000000
1777213919.482456,0,0.000000,0.000000,0.000000,0.000000,0.460000,0.000000,0.000000,0.000000,0.150000,0.000000
1777213919.482929,0,0.000000,0.000000,0.000000,0.000000,1.000000,0.000000,0.000000,0.000000,0.000000,0.000000
1777213919.523342,0,0.000000,0.000000,0.000000,0.000000,0.250000,0.000000,0.000000,0.000000,0.300000,0.000000
1777213919.523859,0,0.000000,0.000000,0.000000,0.000000,0.200000,0.000000,0.000000,0.000000,0.300000,0.000000
1777213919.524257,0,0.000000,0.000000,0.000000,0.000000,0.000000,0.000000,0.000000,0.000000,0.300000,0.000000
1777213919.565578,0,0.000000,0.000000,0.000000,0.000000,0.720000,0.000000,0.000000,0.000000,0.150000,0.000000
1777213919.566672,0,0.000000,0.000000,0.000000,0.000000,0.000000,0.000000,0.000000,0.000000,0.300000,0.000000
1777213919.608546,0,0.000000,0.000000,0.000000,0.000000,0.030000,0.000000,0.000000,0.000000,0.000000,0.000000
1777213919.609609,0,0.000000,0.000000,0.000000,0.000000,0.800000,0.000000,0.000000,0.000000,0.000000,0.000000
1777213919.610694,0,0.000000,0.000000,0.000000,0.000000,0.000000,0.000000,0.000000,0.000000,0.750000,0.000000
1777213919.688138,0,0.000000,0.000000,0.000000,0.000000,0.630000,0.000000,0.000000,0.000000,0.000000,0.000000
1777213919.688736,0,0.000000,0.000000,0.000000,0.000000,0.340000,0.000000,0.000000,0.000000,0.150000,0.020000
1777213919.689152,0,0.000000,0.000000,0.000000,0.000000,0.000000,0.000000,0.000000,0.000000,0.300000,0.000000
1777213919.689542,0,0.000000,0.000000,0.000000,0.000000,0.560000,0.000000,0.000000,0.000000,0.150000,0.000000
1777213919.689910,0,0.000000,0.000000,0.000000,0.000000,1.000000,0.000000,0.000000,0.000000,0.000000,0.000000
1777213919.690295,0,0.000000,0.000000,0.000000,0.000000,0.200000,0.000000,0.000000,0.000000,0.000000,0.000000
1777213919.691063,0,0.000000,0.000000,0.000000,0.000000,0.000000,0.000000,0.000000,0.000000,0.300000,0.000000
1777213919.691572,0,0.000000,0.000000,0.000000,0.000000,0.070000,0.000000,0.000000,0.000000,0.000000,0.000000
1777213919.731657,0,0.000000,0.000000,0.000000,0.000000,0.340000,0.000000,0.000000,0.000000,0.000000,0.000000
1777213919.779051,0,0.000000,0.000000,0.000000,0.000000,0.370000,0.000000,0.000000,0.000000,0.150000,0.000000
1777213919.779571,0,0.000000,0.000000,0.000000,0.000000,1.000000,0.000000,0.000000,0.000000,0.150000,0.000000
1777213919.780123,0,0.000000,0.000000,0.000000,0.000000,0.090000,0.000000,0.000000,0.000000,0.150000,0.000000
1777213919.820804,0,0.000000,0.000000,0.000000,0.000000,0.280000,0.000000,0.000000,0.000000,0.150000,0.000000
1777213919.821349,0,0.000000,0.000000,0.000000,0.000000,1.000000,0.000000,0.000000,0.000000,0.000000,0.000000
1777213919.821749,0,0.000000,0.000000,0.000000,0.000000,0.850000,0.000000,0.000000,0.000000,0.000000,0.000000
1777213919.863986,0,0.000000,0.000000,0.000000,0.000000,1.000000,0.000000,0.000000,0.000000,0.000000,0.000000
1777213919.864493,0,0.000000,0.000000,0.000000,0.000000,0.500000,0.000000,0.000000,0.000000,0.150000,0.000000
1777213919.865007,0,0.000000,0.000000,0.000000,0.000000,1.000000,0.000000,0.000000,0.000000,0.150000,0.000000
1777213919.941826,0,0.000000,0.000000,0.000000,0.000000,1.000000,0.000000,0.000000,0.000000,0.150000,0.000000
1777213919.942348,0,0.000000,0.000000,0.000000,0.000000,1.000000,0.000000,0.000000,0.000000,0.000000,0.000000
1777213919.942772,0,0.000000,0.000000,0.000000,0.000000,1.000000,0.000000,0.000000,0.000000,0.000000,0.000000
1777213919.943152,0,0.000000,0.000000,0.000000,0.000000,1.000000,0.000000,0.000000,0.000000,0.000000,0.000000
1777213919.944061,0,0.000000,0.000000,0.000000,0.000000,0.330000,0.000000,0.000000,0.000000,0.000000,0.000000
1777213919.944524,0,0.000000,0.000000,0.000000,0.000000,0.500000,0.000000,0.000000,0.000000,0.000000,0.000000
1777213919.944922,0,0.000000,0.000000,0.000000,0.000000,0.500000,0.000000,0.000000,0.000000,0.000000,0.000000
1777213920.025581,0,0.000000,0.000000,0.000000,0.000000,0.000000,0.000000,0.000000,0.000000,0.300000,0.000000
1777213920.026095,0,0.000000,0.000000,0.000000,0.000000,1.000000,0.000000,0.000000,0.000000,0.000000,0.000000
1777213920.026518,0,0.000000,0.000000,0.000000,0.000000,1.000000,0.000000,0.000000,0.000000,0.000000,0.000000
1777213920.027306,0,0.000000,0.000000,0.000000,0.000000,0.000000,0.000000,0.000000,0.000000,0.300000,0.000000
1777213920.027794,0,0.000000,0.000000,0.000000,0.000000,0.300000,0.000000,0.000000,0.000000,0.000000,0.000000
1777213920.028197,0,0.000000,0.000000,0.000000,0.000000,0.150000,0.000000,0.000000,0.000000,0.300000,0.000000
1777213920.128654,0,0.000000,0.000000,0.000000,0.000000,0.140000,0.000000,0.000000,0.000000,0.000000,0.000000
1777213920.129161,0,0.000000,0.000000,0.000000,0.000000,0.200000,0.000000,0.000000,0.000000,0.000000,0.000000
1777213920.129792,0,0.000000,0.000000,0.000000,0.000000,0.200000,0.000000,0.000000,0.000000,0.000000,0.000000
1777213920.130201,0,0.000000,0.000000,0.000000,0.000000,0.180000,0.000000,0.000000,0.000000,0.300000,0.000000
1777213920.130637,0,0.000000,0.000000,0.000000,0.000000,1.000000,0.000000,0.000000,0.000000,0.150000,0.000000
1777213920.131041,0,0.000000,0.000000,0.000000,0.000000,0.000000,0.000000,0.000000,0.000000,0.300000,0.000000
1777213920.209374,0,0.000000,0.000000,0.000000,0.000000,0.400000,0.000000,0.000000,0.000000,0.150000,0.000000
1777213920.210091,0,0.000000,0.000000,0.000000,0.000000,0.430000,0.000000,0.000000,0.000000,0.150000,0.000000
1777213920.210703,0,0.000000,0.000000,0.000000,0.000000,1.000000,0.000000,0.000000,0.000000,0.000000,0.000000
1777213920.211376,0,0.000000,0.000000,0.000000,0.000000,0.500000,0.000000,0.000000,0.000000,0.300000,0.000000
1777213920.211800,0,0.000000,0.000000,0.000000,0.000000,0.000000,0.000000,0.000000,0.000000,0.300000,0.000000
1777213920.252425,0,0.000000,0.000000,0.000000,0.000000,1.000000,0.000000,0.000000,0.000000,0.150000,0.000000
1777213920.293278,0,0.000000,0.000000,0.000000,0.000000,0.230000,0.000000,0.000000,0.000000,0.150000,0.000000
1777213920.293778,0,0.000000,0.000000,0.000000,0.000000,0.000000,0.000000,0.000000,0.000000,0.440000,0.000000
1777213920.336764,0,0.000000,0.000000,0.000000,0.000000,0.620000,0.000000,0.000000,0.000000,0.000000,0.000000
1777213920.337758,0,0.000000,0.000000,0.000000,0.000000,0.250000,0.000000,0.000000,0.000000,0.440000,0.000000
1777213920.338843,0,0.000000,0.000000,0.000000,0.000000,1.000000,0.000000,0.000000,0.000000,0.000000,0.000000
1777213920.380063,0,0.000000,0.000000,0.000000,0.000000,0.430000,0.000000,0.000000,0.000000,0.150000,0.000000
1777213920.380635,0,0.000000,0.000000,0.000000,0.000000,0.250000,0.000000,0.000000,0.000000,0.000000,0.000000
1777213920.381054,0,0.000000,0.000000,0.000000,0.000000,0.440000,0.000000,0.000000,0.000000,0.150000,0.000000
1777213920.420388,0,0.000000,0.000000,0.000000,0.000000,0.300000,0.000000,0.000000,0.000000,0.150000,0.000000
1777213920.420901,0,0.000000,0.000000,0.000000,0.000000,0.400000,0.000000,0.000000,0.000000,0.300000,0.000000
1777213920.458835,0,0.000000,0.000000,0.000000,0.000000,0.720000,0.000000,0.000000,0.000000,0.300000,0.000000
1777213920.459352,0,0.000000,0.000000,0.000000,0.000000,0.000000,0.000000,0.000000,0.000000,0.300000,0.000000
1777213920.502843,0,0.000000,0.000000,0.000000,0.000000,0.250000,0.000000,0.000000,0.000000,0.150000,0.000000
1777213920.503349,0,0.000000,0.000000,0.000000,0.000000,0.310000,0.000000,0.000000,0.000000,0.150000,0.000000
1777213920.503835,0,0.000000,0.000000,0.000000,0.000000,0.610000,0.000000,0.000000,0.000000,0.000000,0.000000
1777213920.543816,0,0.000000,0.000000,0.000000,0.000000,0.680000,0.000000,0.000000,0.000000,0.000000,0.000000
1777213920.544355,0,0.000000,0.000000,0.000000,0.000000,0.830000,0.000000,0.000000,0.000000,0.150000,0.000000
1777213920.544801,0,0.000000,0.000000,0.000000,0.000000,1.000000,0.000000,0.000000,0.000000,0.000000,0.000000
1777213920.545294,0,0.000000,0.000000,0.000000,0.000000,0.000000,0.000000,0.000000,0.000000,0.300000,0.000000
1777213920.589981,0,0.000000,0.000000,0.000000,0.000000,0.440000,0.000000,0.000000,0.000000,0.150000,0.000000
1777213920.590522,0,0.000000,0.000000,0.000000,0.000000,0.000000,0.000000,0.000000,0.000000,0.300000,0.000000
1777213920.629511,0,0.000000,0.000000,0.000000,0.000000,0.000000,0.000000,0.000000,0.000000,0.300000,0.170000
1777213920.630018,0,0.000000,0.000000,0.000000,0.000000,0.000000,0.000000,0.000000,0.000000,0.300000,0.440000
1777213920.630408,0,0.000000,0.000000,0.000000,0.000000,0.070000,0.000000,0.000000,0.000000,0.000000,0.000000
1777213920.670642,0,0.000000,0.000000,0.000000,0.000000,0.460000,0.000000,0.000000,0.000000,0.000000,0.000000
1777213920.766852,0,0.000000,0.000000,0.000000,0.000000,1.000000,0.000000,0.000000,0.000000,0.150000,0.070000
1777213920.767926,0,0.000000,0.000000,0.000000,0.000000,1.000000,0.000000,0.000000,0.000000,0.000000,0.000000
1777213920.768638,0,0.000000,0.000000,0.000000,0.000000,0.300000,0.000000,0.000000,0.000000,0.150000,0.000000
1777213920.769689,0,0.000000,0.000000,0.000000,0.000000,0.400000,0.000000,0.000000,0.000000,0.300000,0.000000
1777213920.809107,0,0.000000,0.000000,0.000000,0.000000,0.000000,0.000000,0.000000,0.000000,0.750000,0.000000
1777213920.809602,0,0.000000,0.000000,0.000000,0.000000,1.000000,0.000000,0.000000,0.000000,0.150000,0.000000
1777213920.810001,0,0.000000,0.000000,0.000000,0.000000,1.000000,0.000000,0.000000,0.000000,0.000000,0.000000
1777213920.810407,0,0.000000,0.000000,0.000000,0.000000,1.000000,0.000000,0.000000,0.000000,0.000000,0.000000
1777213920.852171,0,0.000000,0.000000,0.000000,0.000000,0.500000,0.000000,0.000000,0.000000,0.000000,0.000000
1777213920.853130,0,0.000000,0.000000,0.000000,0.000000,0.120000,0.000000,0.000000,0.000000,0.150000,0.000000
1777213920.893337,0,0.000000,0.000000,0.000000,0.000000,0.370000,0.000000,0.000000,0.000000,0.000000,0.000000
1777213920.893865,0,0.000000,0.000000,0.000000,0.000000,0.510000,0.000000,0.000000,0.000000,0.000000,0.000000
1777213920.894251,0,0.000000,0.000000,0.000000,0.000000,0.820000,0.000000,0.000000,0.000000,0.000000,0.000000
1777213920.936054,0,0.000000,0.000000,0.000000,0.000000,1.000000,0.000000,0.000000,0.000000,0.150000,0.000000
1777213920.936570,0,0.000000,0.000000,0.000000,0.000000,0.660000,0.000000,0.000000,0.000000,0.000000,0.050000
1777213920.980586,0,0.000000,0.000000,0.000000,0.000000,0.820000,0.000000,0.000000,0.000000,0.150000,0.000000
1777213921.020513,0,0.000000,0.000000,0.000000,0.000000,0.870000,0.000000,0.000000,0.000000,0.000000,0.000000
1777213921.021075,0,0.000000,0.000000,0.000000,0.000000,0.180000,0.000000,0.000000,0.000000,0.000000,0.000000
1777213921.021472,0,0.000000,0.000000,0.000000,0.000000,0.000000,0.000000,0.000000,0.000000,0.300000,0.000000
1777213921.021883,0,0.000000,0.000000,0.000000,0.000000,0.750000,0.000000,0.000000,0.000000,0.150000,0.000000
1777213921.022278,0,0.000000,0.000000,0.000000,0.000000,1.000000,0.000000,0.000000,0.000000,0.150000,0.000000
1777213921.062589,0,0.000000,0.000000,0.000000,0.000000,1.000000,0.000000,0.000000,0.000000,0.000000,0.000000
1777213921.063119,0,0.000000,0.000000,0.000000,0.000000,0.400000,0.000000,0.000000,0.000000,0.150000,0.020000
1777213921.063631,0,0.000000,0.000000,0.000000,0.000000,0.250000,0.000000,0.000000,0.000000,0.000000,0.000000
1777213921.104742,0,0.000000,0.000000,0.000000,0.000000,1.000000,0.000000,0.000000,0.000000,0.000000,0.000000
1777213921.105263,0,0.000000,0.000000,0.000000,0.000000,0.660000,0.000000,0.000000,0.000000,0.150000,0.000000
1777213921.105653,0,0.000000,0.000000,0.000000,0.000000,0.000000,0.000000,0.000000,0.000000,0.300000,0.000000
1777213921.150674,0,0.000000,0.000000,0.000000,0.000000,0.660000,0.000000,0.000000,0.000000,0.000000,0.000000
1777213921.151772,0,0.000000,0.000000,0.000000,0.000000,1.000000,0.000000,0.000000,0.000000,0.150000,0.000000
1777213921.192281,0,0.000000,0.000000,0.000000,0.000000,0.000000,0.000000,0.000000,0.000000,0.440000,0.000000
1777213921.192819,0,0.000000,0.000000,0.000000,0.000000,1.000000,0.000000,0.000000,0.000000,0.000000,0.000000
1777213921.193233,0,0.000000,0.000000,0.000000,0.000000,0.000000,0.000000,0.000000,0.000000,0.440000,0.000000
1777213921.234249,0,0.000000,0.000000,0.000000,0.000000,0.070000,0.000000,0.000000,0.000000,0.150000,0.000000
1777213921.234808,0,0.000000,0.000000,0.000000,0.000000,1.000000,0.000000,0.000000,0.000000,0.000000,0.000000
1777213921.236126,0,0.000000,0.000000,0.000000,0.000000,0.000000,0.000000,0.000000,0.000000,0.440000,0.000000
1777213921.280917,0,0.000000,0.000000,0.000000,0.000000,1.000000,0.000000,0.000000,0.000000,0.150000,0.000000
1777213921.281426,0,0.000000,0.000000,0.000000,0.000000,1.000000,0.000000,0.000000,0.000000,0.150000,0.000000
1777213921.281834,0,0.000000,0.000000,0.000000,0.000000,1.000000,0.000000,0.000000,0.000000,0.000000,0.000000
1777213921.323910,0,0.000000,0.000000,0.000000,0.000000,0.330000,0.000000,0.000000,0.000000,0.150000,0.000000
1777213921.324421,0,0.000000,0.000000,0.000000,0.000000,0.280000,0.000000,0.000000,0.000000,0.150000,0.000000
1777213921.325647,0,0.000000,0.000000,0.000000,0.000000,0.660000,0.000000,0.000000,0.000000,0.000000,0.000000
1777213921.367062,0,0.000000,0.000000,0.000000,0.000000,1.000000,0.000000,0.000000,0.000000,0.000000,0.000000
1777213921.367779,0,0.000000,0.000000,0.000000,0.000000,0.370000,0.000000,0.000000,0.000000,0.150000,0.000000
1777213921.368399,0,0.000000,0.000000,0.000000,0.000000,1.000000,0.000000,0.000000,0.000000,0.000000,0.000000
1777213921.412640,0,0.000000,0.000000,0.000000,0.000000,0.430000,0.000000,0.000000,0.000000,0.300000,0.000000
1777213921.413158,0,0.000000,0.000000,0.000000,0.000000,1.000000,0.000000,0.000000,0.000000,0.000000,0.000000
1777213921.413558,0,0.000000,0.000000,0.000000,0.000000,1.000000,0.000000,0.000000,0.000000,0.150000,0.000000
1777213921.456742,0,0.000000,0.000000,0.000000,0.000000,0.210000,0.000000,0.000000,0.000000,0.300000,0.000000
1777213921.457689,0,0.000000,0.000000,0.000000,0.000000,1.000000,0.000000,0.000000,0.000000,0.000000,0.000000
1777213921.501228,0,0.000000,0.000000,0.000000,0.000000,0.000000,0.000000,0.000000,0.000000,0.440000,0.000000
1777213921.501792,0,0.000000,0.000000,0.000000,0.000000,1.000000,0.000000,0.000000,0.000000,0.150000,0.000000
1777213921.502210,0,0.000000,0.000000,0.000000,0.000000,0.760000,0.000000,0.000000,0.000000,0.000000,0.000000
1777213921.544601,0,0.000000,0.000000,0.000000,0.000000,0.330000,0.000000,0.000000,0.000000,0.300000,0.000000
1777213921.545106,0,0.000000,0.000000,0.000000,0.000000,1.000000,0.000000,0.000000,0.000000,0.000000,0.000000
1777213921.545489,0,0.000000,0.000000,0.000000,0.000000,0.330000,0.000000,0.000000,0.000000,0.000000,0.000000
1777213921.591246,0,0.000000,0.000000,0.000000,0.000000,0.110000,0.000000,0.000000,0.000000,0.150000,0.000000
1777213921.591799,0,0.000000,0.000000,0.000000,0.000000,0.000000,0.000000,0.000000,0.000000,0.300000,0.170000
1777213921.592676,0,0.000000,0.000000,0.000000,0.000000,0.000000,0.000000,0.000000,0.000000,0.300000,0.000000
1777213921.633890,0,0.000000,0.000000,0.000000,0.000000,0.210000,0.000000,0.000000,0.000000,0.150000,0.000000
1777213921.634437,0,0.000000,0.000000,0.000000,0.000000,0.600000,0.000000,0.000000,0.000000,0.000000,0.020000
1777213921.634854,0,0.000000,0.000000,0.000000,0.000000,1.000000,0.000000,0.000000,0.000000,0.000000,0.000000
1777213921.677474,0,0.000000,0.000000,0.000000,0.000000,0.000000,0.000000,0.000000,0.000000,0.300000,0.000000
1777213921.678276,0,0.000000,0.000000,0.000000,0.000000,1.000000,0.000000,0.000000,0.000000,0.000000,0.000000
1777213921.679008,0,0.000000,0.000000,0.000000,0.000000,1.000000,0.000000,0.000000,0.000000,0.000000,0.000000
1777213921.719129,0,0.000000,0.000000,0.000000,0.000000,0.000000,0.000000,0.000000,0.000000,0.440000,0.000000
1777213921.719970,0,0.000000,0.000000,0.000000,0.000000,1.000000,0.000000,0.000000,0.000000,0.150000,0.000000
1777213921.720778,0,0.000000,0.000000,0.000000,0.000000,0.500000,0.000000,0.000000,0.000000,0.150000,0.000000
1777213921.760472,0,0.000000,0.000000,0.000000,0.000000,1.000000,0.000000,0.000000,0.000000,0.150000,0.000000
1777213921.760989,0,0.000000,0.000000,0.000000,0.000000,0.340000,0.000000,0.000000,0.000000,0.000000,0.000000
1777213921.761511,0,0.000000,0.000000,0.000000,0.000000,0.070000,0.000000,0.000000,0.000000,0.000000,0.000000
1777213921.803370,0,0.000000,0.000000,0.000000,0.000000,0.440000,0.000000,0.000000,0.000000,0.000000,0.000000
1777213921.803884,0,0.000000,0.000000,0.000000,0.000000,1.000000,0.000000,0.000000,0.000000,0.000000,0.000000
1777213921.804685,0,0.000000,0.000000,0.000000,0.000000,0.280000,0.000000,0.000000,0.000000,0.150000,0.000000
1777213921.844672,0,0.000000,0.000000,0.000000,0.000000,1.000000,0.000000,0.000000,0.000000,0.150000,0.000000
1777213921.845182,0,0.000000,0.000000,0.000000,0.000000,0.000000,0.000000,0.000000,0.000000,0.300000,0.000000
1777213921.885668,0,0.000000,0.000000,0.000000,0.000000,1.000000,0.000000,0.000000,0.000000,0.000000,0.000000
1777213921.886181,0,0.000000,0.000000,0.000000,0.000000,0.800000,0.000000,0.000000,0.000000,0.000000,0.000000
1777213921.886577,0,0.000000,0.000000,0.000000,0.000000,1.000000,0.000000,0.000000,0.000000,0.000000,0.000000
1777213921.925200,0,0.000000,0.000000,0.000000,0.000000,0.550000,0.000000,0.000000,0.000000,0.150000,0.000000
1777213921.925789,0,0.000000,0.000000,0.000000,0.000000,0.460000,0.000000,0.000000,0.000000,0.000000,0.000000
1777213921.966070,0,0.000000,0.000000,0.000000,0.000000,0.700000,0.000000,0.000000,0.000000,0.150000,0.000000
1777213921.966633,0,0.000000,0.000000,0.000000,0.000000,1.000000,0.000000,0.000000,0.000000,0.000000,0.000000
1777213921.967164,0,0.000000,0.000000,0.000000,0.000000,0.700000,0.000000,0.000000,0.000000,0.000000,0.000000
1777213922.008093,0,0.000000,0.000000,0.000000,0.000000,0.540000,0.000000,0.000000,0.000000,0.150000,0.000000
1777213922.008600,0,0.000000,0.000000,0.000000,0.000000,0.000000,0.000000,0.000000,0.000000,0.300000,0.000000
1777213922.009084,0,0.000000,0.000000,0.000000,0.000000,0.250000,0.000000,0.000000,0.000000,0.150000,0.000000
1777213922.050836,0,0.000000,0.000000,0.000000,0.000000,0.460000,0.000000,0.000000,0.000000,0.000000,0.000000
1777213922.094551,0,0.000000,0.000000,0.000000,0.000000,0.510000,0.000000,0.000000,0.000000,0.000000,0.000000
1777213922.095230,0,0.000000,0.000000,0.000000,0.000000,0.000000,0.000000,0.000000,0.000000,0.300000,0.000000
1777213922.095735,0,0.000000,0.000000,0.000000,0.000000,1.000000,0.000000,0.000000,0.000000,0.150000,0.000000
1777213922.096136,0,0.000000,0.000000,0.000000,0.000000,0.890000,0.000000,0.000000,0.000000,0.000000,0.000000
1777213922.139619,0,0.000000,0.000000,0.000000,0.000000,1.000000,0.000000,0.000000,0.000000,0.150000,0.000000
1777213922.140535,0,0.000000,0.000000,0.000000,0.000000,0.400000,0.000000,0.000000,0.000000,0.000000,0.000000
1777213922.141189,0,0.000000,0.000000,0.000000,0.000000,1.000000,0.000000,0.000000,0.000000,0.000000,0.000000
1777213922.184719,0,0.000000,0.000000,0.000000,0.000000,0.000000,0.000000,0.000000,0.000000,0.440000,0.000000
1777213922.185244,0,0.000000,0.000000,0.000000,0.000000,0.000000,0.000000,0.000000,0.000000,0.300000,0.000000
1777213922.185636,0,0.000000,0.000000,0.000000,0.000000,0.000000,0.000000,0.000000,0.000000,0.300000,0.000000
1777213922.230122,0,0.000000,0.000000,0.000000,0.000000,0.930000,0.000000,0.000000,0.000000,0.150000,0.000000
1777213922.230749,0,0.000000,0.000000,0.000000,0.000000,0.200000,0.000000,0.000000,0.000000,0.150000,0.000000
1777213922.231357,0,0.000000,0.000000,0.000000,0.000000,0.230000,0.000000,0.000000,0.000000,0.000000,0.050000
1777213922.272677,0,0.000000,0.000000,0.000000,0.000000,1.000000,0.000000,0.000000,0.000000,0.000000,0.000000
1777213922.273184,0,0.000000,0.000000,0.000000,0.000000,1.000000,0.000000,0.000000,0.000000,0.000000,0.000000
1777213922.273638,0,0.000000,0.000000,0.000000,0.000000,0.000000,0.000000,0.000000,0.000000,0.300000,0.000000
1777213922.319095,0,0.000000,0.000000,0.000000,0.000000,1.000000,0.000000,0.000000,0.000000,0.000000,0.000000
1777213922.319664,0,0.000000,0.000000,0.000000,0.000000,0.000000,0.000000,0.000000,0.000000,0.300000,0.050000
1777213922.361440,0,0.000000,0.000000,0.000000,0.000000,0.200000,0.000000,0.000000,0.000000,0.000000,0.000000
1777213922.362203,0,0.000000,0.000000,0.000000,0.000000,0.150000,0.000000,0.000000,0.000000,0.000000,0.000000
1777213922.362642,0,0.000000,0.000000,0.000000,0.000000,1.000000,0.000000,0.000000,0.000000,0.000000,0.000000
1777213922.363028,0,0.000000,0.000000,0.000000,0.000000,0.330000,0.000000,0.000000,0.000000,0.000000,0.000000
1777213922.399334,0,0.000000,0.000000,0.000000,0.000000,0.550000,0.000000,0.000000,0.000000,0.000000,0.000000
1777213922.399835,0,0.000000,0.000000,0.000000,0.000000,0.000000,0.000000,0.000000,0.000000,0.300000,0.000000
1777213922.400443,0,0.000000,0.000000,0.000000,0.000000,1.000000,0.000000,0.000000,0.000000,0.000000,0.020000
1777213922.437350,0,0.000000,0.000000,0.000000,0.000000,1.000000,0.000000,0.000000,0.000000,0.000000,0.000000
1777213922.478729,0,0.000000,0.000000,0.000000,0.000000,0.430000,0.000000,0.000000,0.000000,0.000000,0.000000
1777213922.479284,0,0.000000,0.000000,0.000000,0.000000,0.620000,0.000000,0.000000,0.000000,0.000000,0.000000
1777213922.479965,0,0.000000,0.000000,0.000000,0.000000,1.000000,0.000000,0.000000,0.000000,0.150000,0.000000
1777213922.518354,0,0.000000,0.000000,0.000000,0.000000,0.370000,0.000000,0.000000,0.000000,0.000000,0.000000
1777213922.518859,0,0.000000,0.000000,0.000000,0.000000,1.000000,0.000000,0.000000,0.000000,0.150000,0.000000
1777213922.519330,0,0.000000,0.000000,0.000000,0.000000,0.500000,0.000000,0.000000,0.000000,0.150000,0.000000
1777213922.561544,0,0.000000,0.000000,0.000000,0.000000,0.180000,0.000000,0.000000,0.000000,0.000000,0.000000
1777213922.562076,0,0.000000,0.000000,0.000000,0.000000,0.500000,0.000000,0.000000,0.000000,0.000000,0.000000
1777213922.563430,0,0.000000,0.000000,0.000000,0.000000,0.000000,0.000000,0.000000,0.000000,0.300000,0.000000
1777213922.604420,0,0.000000,0.000000,0.000000,0.000000,0.360000,0.000000,0.000000,0.000000,0.000000,0.000000
1777213922.604943,0,0.000000,0.000000,0.000000,0.000000,0.400000,0.000000,0.000000,0.000000,0.000000,0.000000
1777213922.605674,0,0.000000,0.000000,0.000000,0.000000,0.500000,0.000000,0.000000,0.000000,0.000000,0.020000
1777213922.646753,0,0.000000,0.000000,0.000000,0.000000,1.000000,0.000000,0.000000,0.000000,0.000000,0.000000
1777213922.693187,0,0.000000,0.000000,0.000000,0.000000,0.500000,0.000000,0.000000,0.000000,0.000000,0.000000
1777213922.693721,0,0.000000,0.000000,0.000000,0.000000,0.300000,0.000000,0.000000,0.000000,0.150000,0.000000
1777213922.694124,0,0.000000,0.000000,0.000000,0.000000,1.000000,0.000000,0.000000,0.000000,0.000000,0.000000
1777213922.737819,0,0.000000,0.000000,0.000000,0.000000,0.120000,0.000000,0.000000,0.000000,0.300000,0.000000
1777213922.738356,0,0.000000,0.000000,0.000000,0.000000,1.000000,0.000000,0.000000,0.000000,0.150000,0.000000
1777213922.738744,0,0.000000,0.000000,0.000000,0.000000,0.100000,0.000000,0.000000,0.000000,0.300000,0.000000
1777213922.739217,0,0.000000,0.000000,0.000000,0.000000,0.850000,0.000000,0.000000,0.000000,0.000000,0.000000
1777213922.780204,0,0.000000,0.000000,0.000000,0.000000,0.000000,0.000000,0.000000,0.000000,0.300000,0.000000
1777213922.780731,0,0.000000,0.000000,0.000000,0.000000,0.000000,0.000000,0.000000,0.000000,0.300000,0.000000
1777213922.781255,0,0.000000,0.000000,0.000000,0.000000,0.630000,0.000000,0.000000,0.000000,0.000000,0.000000
1777213922.820757,0,0.000000,0.000000,0.000000,0.000000,1.000000,0.000000,0.000000,0.000000,0.150000,0.000000
1777213922.821279,0,0.000000,0.000000,0.000000,0.000000,0.210000,0.000000,0.000000,0.000000,0.150000,0.000000
1777213922.861419,0,0.000000,0.000000,0.000000,0.000000,1.000000,0.000000,0.000000,0.000000,0.000000,0.000000
1777213922.861935,0,0.000000,0.000000,0.000000,0.000000,0.510000,0.000000,0.000000,0.000000,0.150000,0.000000
1777213922.862329,0,0.000000,0.000000,0.000000,0.000000,0.370000,0.000000,0.000000,0.000000,0.000000,0.000000
1777213922.863689,0,0.000000,0.000000,0.000000,0.000000,0.000000,0.000000,0.000000,0.000000,0.300000,0.000000
1777213922.903526,0,0.000000,0.000000,0.000000,0.000000,0.180000,0.000000,0.000000,0.000000,0.150000,0.000000
1777213922.904113,0,0.000000,0.000000,0.000000,0.000000,0.620000,0.000000,0.000000,0.000000,0.150000,0.000000
1777213922.947271,0,0.000000,0.000000,0.000000,0.000000,0.150000,0.000000,0.000000,0.000000,0.000000,0.000000
1777213922.947788,0,0.000000,0.000000,0.000000,0.000000,1.000000,0.000000,0.000000,0.000000,0.000000,0.000000
1777213922.948296,0,0.000000,0.000000,0.000000,0.000000,1.000000,0.000000,0.000000,0.000000,0.150000,0.000000
1777213922.991311,0,0.000000,0.000000,0.000000,0.000000,1.000000,0.000000,0.000000,0.000000,0.000000,0.440000
1777213922.992306,0,0.000000,0.000000,0.000000,0.000000,0.000000,0.000000,0.000000,0.000000,0.440000,0.000000
1777213923.034944,0,0.000000,0.000000,0.000000,0.000000,1.000000,0.000000,0.000000,0.000000,0.150000,0.000000
1777213923.035440,0,0.000000,0.000000,0.000000,0.000000,0.250000,0.000000,0.000000,0.000000,0.150000,0.000000
1777213923.035860,0,0.000000,0.000000,0.000000,0.000000,1.000000,0.000000,0.000000,0.000000,0.000000,0.000000
1777213923.077521,0,0.000000,0.000000,0.000000,0.000000,0.000000,0.000000,0.000000,0.000000,0.300000,0.360000
1777213923.078281,0,0.000000,0.000000,0.000000,0.000000,1.000000,0.000000,0.000000,0.000000,0.000000,0.000000
1777213923.078794,0,0.000000,0.000000,0.000000,0.000000,0.500000,0.000000,0.000000,0.000000,0.000000,0.000000
1777213923.119549,0,0.000000,0.000000,0.000000,0.000000,1.000000,0.000000,0.000000,0.000000,0.000000,0.050000
1777213923.120063,0,0.000000,0.000000,0.000000,0.000000,1.000000,0.000000,0.000000,0.000000,0.150000,0.000000
1777213923.120450,0,0.000000,0.000000,0.000000,0.000000,0.630000,0.000000,0.000000,0.000000,0.000000,0.000000
1777213923.163964,0,0.000000,0.000000,0.000000,0.000000,1.000000,0.000000,0.000000,0.000000,0.150000,0.020000
1777213923.164473,0,0.000000,0.000000,0.000000,0.000000,0.280000,0.000000,0.000000,0.000000,0.000000,0.000000
1777213923.204527,0,0.000000,0.000000,0.000000,0.000000,0.300000,0.000000,0.000000,0.000000,0.150000,0.000000
1777213923.205042,0,0.000000,0.000000,0.000000,0.000000,0.370000,0.000000,0.000000,0.000000,0.000000,0.000000
1777213923.205435,0,0.000000,0.000000,0.000000,0.000000,0.110000,0.000000,0.000000,0.000000,0.000000,0.000000
1777213923.205805,0,0.000000,0.000000,0.000000,0.000000,0.000000,0.000000,0.000000,0.000000,0.440000,0.000000
1777213923.246998,0,0.000000,0.000000,0.000000,0.000000,1.000000,0.000000,0.000000,0.000000,0.000000,0.000000
1777213923.247509,0,0.000000,0.000000,0.000000,0.000000,0.000000,0.000000,0.000000,0.000000,0.440000,0.000000
1777213923.288316,0,0.000000,0.000000,0.000000,0.000000,0.300000,0.000000,0.000000,0.000000,0.000000,0.000000
1777213923.289263,0,0.000000,0.000000,0.000000,0.000000,1.000000,0.000000,0.000000,0.000000,0.150000,0.000000
1777213923.289806,0,0.000000,0.000000,0.000000,0.000000,0.600000,0.000000,0.000000,0.000000,0.000000,0.000000
1777213923.333175,0,0.000000,0.000000,0.000000,0.000000,0.510000,0.000000,0.000000,0.000000,0.000000,0.000000
1777213923.333925,0,0.000000,0.000000,0.000000,0.000000,1.000000,0.000000,0.000000,0.000000,0.000000,0.000000
1777213923.334442,0,0.000000,0.000000,0.000000,0.000000,0.340000,0.000000,0.000000,0.000000,0.000000,0.000000
1777213923.373628,0,0.000000,0.000000,0.000000,0.000000,0.000000,0.000000,0.000000,0.000000,0.300000,0.000000
1777213923.374357,0,0.000000,0.000000,0.000000,0.000000,0.440000,0.000000,0.000000,0.000000,0.150000,0.000000
1777213923.374792,0,0.000000,0.000000,0.000000,0.000000,0.500000,0.000000,0.000000,0.000000,0.000000,0.000000
1777213923.413614,0,0.000000,0.000000,0.000000,0.000000,1.000000,0.000000,0.000000,0.000000,0.000000,0.000000
1777213923.414142,0,0.000000,0.000000,0.000000,0.000000,0.400000,0.000000,0.000000,0.000000,0.000000,0.000000
1777213923.414544,0,0.000000,0.000000,0.000000,0.000000,0.000000,0.000000,0.000000,0.000000,0.440000,0.250000
1777213923.455100,0,0.000000,0.000000,0.000000,0.000000,0.890000,0.000000,0.000000,0.000000,0.000000,0.020000
1777213923.455637,0,0.000000,0.000000,0.000000,0.000000,0.120000,0.000000,0.000000,0.000000,0.150000,0.250000
1777213923.498882,0,0.000000,0.000000,0.000000,0.000000,1.000000,0.000000,0.000000,0.000000,0.000000,0.000000
1777213923.499429,0,0.000000,0.000000,0.000000,0.000000,0.400000,0.000000,0.000000,0.000000,0.000000,0.000000
1777213923.499825,0,0.000000,0.000000,0.000000,0.000000,1.000000,0.000000,0.000000,0.000000,0.000000,0.000000
1777213923.541555,0,0.000000,0.000000,0.000000,0.000000,0.070000,0.000000,0.000000,0.000000,0.300000,0.000000
1777213923.542074,0,0.000000,0.000000,0.000000,0.000000,0.200000,0.000000,0.000000,0.000000,0.150000,0.000000
1777213923.542482,0,0.000000,0.000000,0.000000,0.000000,0.820000,0.000000,0.000000,0.000000,0.000000,0.000000
1777213923.582320,0,0.000000,0.000000,0.000000,0.000000,0.180000,0.000000,0.000000,0.000000,0.150000,0.070000
1777213923.582835,0,0.000000,0.000000,0.000000,0.000000,0.000000,0.000000,0.000000,0.000000,0.300000,0.000000
1777213923.622850,0,0.000000,0.000000,0.000000,0.000000,0.100000,0.000000,0.000000,0.000000,0.150000,0.000000
1777213923.623398,0,0.000000,0.000000,0.000000,0.000000,0.000000,0.000000,0.000000,0.000000,0.300000,0.000000
1777213923.623819,0,0.000000,0.000000,0.000000,0.000000,0.430000,0.000000,0.000000,0.000000,0.300000,0.000000
1777213923.665197,0,0.000000,0.000000,0.000000,0.000000,1.000000,0.000000,0.000000,0.000000,0.000000,0.000000
1777213923.665823,0,0.000000,0.000000,0.000000,0.000000,1.000000,0.000000,0.000000,0.000000,0.000000,0.020000
1777213923.666246,0,0.000000,0.000000,0.000000,0.000000,0.430000,0.000000,0.000000,0.000000,0.000000,0.000000
1777213923.707732,0,0.000000,0.000000,0.000000,0.000000,1.000000,0.000000,0.000000,0.000000,0.000000,0.000000
1777213923.708260,0,0.000000,0.000000,0.000000,0.000000,0.000000,0.000000,0.000000,0.000000,0.300000,0.000000
1777213923.708655,0,0.000000,0.000000,0.000000,0.000000,1.000000,0.000000,0.000000,0.000000,0.150000,0.000000
1777213923.748904,0,0.000000,0.000000,0.000000,0.000000,1.000000,0.000000,0.000000,0.000000,0.150000,0.000000
1777213923.788839,0,0.000000,0.000000,0.000000,0.000000,0.000000,0.000000,0.000000,0.000000,0.440000,0.000000
1777213923.789335,0,0.000000,0.000000,0.000000,0.000000,0.400000,0.000000,0.000000,0.000000,0.150000,0.000000
1777213923.789724,0,0.000000,0.000000,0.000000,0.000000,1.000000,0.000000,0.000000,0.000000,0.000000,0.000000
1777213923.790096,0,0.000000,0.000000,0.000000,0.000000,0.890000,0.000000,0.000000,0.000000,0.000000,0.000000
1777213923.830337,0,0.000000,0.000000,0.000000,0.000000,0.200000,0.000000,0.000000,0.000000,0.000000,0.000000
1777213923.830842,0,0.000000,0.000000,0.000000,0.000000,0.800000,0.000000,0.000000,0.000000,0.000000,0.000000
1777213923.831229,0,0.000000,0.000000,0.000000,0.000000,0.400000,0.000000,0.000000,0.000000,0.000000,0.000000
1777213923.872559,0,0.000000,0.000000,0.000000,0.000000,0.330000,0.000000,0.000000,0.000000,0.300000,0.000000
1777213923.914090,0,0.000000,0.000000,0.000000,0.000000,0.400000,0.000000,0.000000,0.000000,0.000000,0.000000
1777213923.914594,0,0.000000,0.000000,0.000000,0.000000,0.200000,0.000000,0.000000,0.000000,0.300000,0.000000
1777213923.915080,0,0.000000,0.000000,0.000000,0.000000,1.000000,0.000000,0.000000,0.000000,0.000000,0.000000
1777213923.915490,0,0.000000,0.000000,0.000000,0.000000,0.300000,0.000000,0.000000,0.000000,0.150000,0.000000
1777213923.916864,0,0.000000,0.000000,0.000000,0.000000,0.180000,0.000000,0.000000,0.000000,0.000000,0.000000
1777213923.957946,0,0.000000,0.000000,0.000000,0.000000,0.550000,0.000000,0.000000,0.000000,0.000000,0.020000
1777213924.001454,0,0.000000,0.000000,0.000000,0.000000,1.000000,0.000000,0.000000,0.000000,0.150000,0.000000
1777213924.001954,0,0.000000,0.000000,0.000000,0.000000,0.620000,0.000000,0.000000,0.000000,0.000000,0.000000
1777213924.002358,0,0.000000,0.000000,0.000000,0.000000,0.250000,0.000000,0.000000,0.000000,0.000000,0.000000
1777213924.046866,0,0.000000,0.000000,0.000000,0.000000,0.850000,0.000000,0.000000,0.000000,0.000000,0.000000
1777213924.047679,0,0.000000,0.000000,0.000000,0.000000,0.460000,0.000000,0.000000,0.000000,0.150000,0.000000
1777213924.048153,0,0.000000,0.000000,0.000000,0.000000,0.050000,0.000000,0.000000,0.000000,0.150000,0.000000
1777213924.048558,0,0.000000,0.000000,0.000000,0.000000,0.100000,0.000000,0.000000,0.000000,0.150000,0.000000
1777213924.088714,0,0.000000,0.000000,0.000000,0.000000,0.630000,0.000000,0.000000,0.000000,0.000000,0.000000
1777213924.089486,0,0.000000,0.000000,0.000000,0.000000,0.120000,0.000000,0.000000,0.000000,0.000000,0.000000
1777213924.089934,0,0.000000,0.000000,0.000000,0.000000,0.150000,0.000000,0.000000,0.000000,0.300000,0.000000
1777213924.132857,0,0.000000,0.000000,0.000000,0.000000,1.000000,0.000000,0.000000,0.000000,0.150000,0.000000
1777213924.133356,0,0.000000,0.000000,0.000000,0.000000,0.760000,0.000000,0.000000,0.000000,0.150000,0.000000
1777213924.133863,0,0.000000,0.000000,0.000000,0.000000,0.700000,0.000000,0.000000,0.000000,0.150000,0.000000
1777213924.175963,0,0.000000,0.000000,0.000000,0.000000,0.600000,0.000000,0.000000,0.000000,0.000000,0.000000
1777213924.176469,0,0.000000,0.000000,0.000000,0.000000,1.000000,0.000000,0.000000,0.000000,0.150000,0.000000
1777213924.177355,0,0.000000,0.000000,0.000000,0.000000,0.690000,0.000000,0.000000,0.000000,0.150000,0.000000
1777213924.216476,0,0.000000,0.000000,0.000000,0.000000,0.360000,0.000000,0.000000,0.000000,0.000000,0.000000
1777213924.217110,0,0.000000,0.000000,0.000000,0.000000,1.000000,0.000000,0.000000,0.000000,0.150000,0.000000
1777213924.260919,0,0.000000,0.000000,0.000000,0.000000,1.000000,0.000000,0.000000,0.000000,0.150000,0.000000
1777213924.307300,0,0.000000,0.000000,0.000000,0.000000,1.000000,0.000000,0.000000,0.000000,0.150000,0.000000
1777213924.307894,0,0.000000,0.000000,0.000000,0.000000,0.280000,0.000000,0.000000,0.000000,0.000000,0.000000
1777213924.308310,0,0.000000,0.000000,0.000000,0.000000,0.000000,0.000000,0.000000,0.000000,0.300000,0.000000
1777213924.308689,0,0.000000,0.000000,0.000000,0.000000,0.430000,0.000000,0.000000,0.000000,0.150000,0.000000
1777213924.309080,0,0.000000,0.000000,0.000000,0.000000,0.330000,0.000000,0.000000,0.000000,0.000000,0.020000
1777213924.348654,0,0.000000,0.000000,0.000000,0.000000,1.000000,0.000000,0.000000,0.000000,0.000000,0.000000
1777213924.349166,0,0.000000,0.000000,0.000000,0.000000,1.000000,0.000000,0.000000,0.000000,0.000000,0.000000
1777213924.396994,0,0.000000,0.000000,0.000000,0.000000,1.000000,0.000000,0.000000,0.000000,0.150000,0.000000
1777213924.398154,0,0.000000,0.000000,0.000000,0.000000,0.500000,0.000000,0.000000,0.000000,0.150000,0.000000
1777213924.398791,0,0.000000,0.000000,0.000000,0.000000,1.000000,0.000000,0.000000,0.000000,0.000000,0.000000
1777213924.440874,0,0.000000,0.000000,0.000000,0.000000,0.250000,0.000000,0.000000,0.000000,0.150000,0.000000
1777213924.441423,0,0.000000,0.000000,0.000000,0.000000,0.550000,0.000000,0.000000,0.000000,0.000000,0.000000
1777213924.441830,0,0.000000,0.000000,0.000000,0.000000,0.690000,0.000000,0.000000,0.000000,0.000000,0.000000
1777213924.485691,0,0.000000,0.000000,0.000000,0.000000,1.000000,0.000000,0.000000,0.000000,0.150000,0.000000
1777213924.486773,0,0.000000,0.000000,0.000000,0.000000,1.000000,0.000000,0.000000,0.000000,0.000000,0.000000
1777213924.532231,0,0.000000,0.000000,0.000000,0.000000,1.000000,0.000000,0.000000,0.000000,0.150000,0.000000
1777213924.533092,0,0.000000,0.000000,0.000000,0.000000,0.250000,0.000000,0.000000,0.000000,0.150000,0.000000
1777213924.533576,0,0.000000,0.000000,0.000000,0.000000,1.000000,0.000000,0.000000,0.000000,0.150000,0.000000
1777213924.533977,0,0.000000,0.000000,0.000000,0.000000,0.460000,0.000000,0.000000,0.000000,0.150000,0.000000
1777213924.585685,0,0.000000,0.000000,0.000000,0.000000,1.000000,0.000000,0.000000,0.000000,0.000000,0.000000
1777213924.586221,0,0.000000,0.000000,0.000000,0.000000,0.070000,0.000000,0.000000,0.000000,0.150000,0.000000
1777213924.586622,0,0.000000,0.000000,0.000000,0.000000,0.070000,0.000000,0.000000,0.000000,0.150000,0.250000
1777213924.587034,0,0.000000,0.000000,0.000000,0.000000,0.680000,0.000000,0.000000,0.000000,0.000000,0.000000
1777213924.634263,0,0.000000,0.000000,0.000000,0.000000,0.440000,0.000000,0.000000,0.000000,0.000000,0.000000
1777213924.634839,0,0.000000,0.000000,0.000000,0.000000,0.430000,0.000000,0.000000,0.000000,0.000000,0.000000
1777213924.674608,0,0.000000,0.000000,0.000000,0.000000,0.310000,0.000000,0.000000,0.000000,0.150000,0.000000
1777213924.675136,0,0.000000,0.000000,0.000000,0.000000,1.000000,0.000000,0.000000,0.000000,0.000000,0.020000
1777213924.675524,0,0.000000,0.000000,0.000000,0.000000,0.310000,0.000000,0.000000,0.000000,0.150000,0.000000
1777213924.719097,0,0.000000,0.000000,0.000000,0.000000,0.180000,0.000000,0.000000,0.000000,0.000000,0.000000
1777213924.719737,0,0.000000,0.000000,0.000000,0.000000,0.200000,0.000000,0.000000,0.000000,0.300000,0.000000
1777213924.720429,0,0.000000,0.000000,0.000000,0.000000,1.000000,0.000000,0.000000,0.000000,0.150000,0.000000
1777213924.762056,0,0.000000,0.000000,0.000000,0.000000,0.110000,0.000000,0.000000,0.000000,0.440000,0.000000
1777213924.762557,0,0.000000,0.000000,0.000000,0.000000,0.110000,0.000000,0.000000,0.000000,0.000000,0.000000
1777213924.763048,0,0.000000,0.000000,0.000000,0.000000,0.000000,0.000000,0.000000,0.000000,0.300000,0.000000
1777213924.763438,0,0.000000,0.000000,0.000000,0.000000,1.000000,0.000000,0.000000,0.000000,0.000000,0.000000
