epoch,mark,Measured Torque (R),Desired Torque (R),Measured Torque (L),Desired Torque (L),Gait/100 (R),Toe FSR (R),Gait/100 (L),Toe FSR (L),Heel FSR (R),Heel FSR (L)
1777206705.888314,0,0.000000,1.000000,0.000000,1.000000,0.000000,0.000000,0.000000,0.740000,0.000000,0.000000
1777206705.947805,0,0.000000,1.000000,0.000000,1.000000,0.000000,0.000000,0.000000,0.310000,0.000000,0.000000
1777206705.979286,0,0.000000,1.000000,0.000000,1.000000,0.000000,0.000000,0.000000,0.310000,0.000000,0.000000
1777206706.008580,0,0.000000,1.000000,0.000000,1.000000,0.000000,0.000000,0.000000,0.660000,0.000000,0.000000
1777206706.039637,0,0.000000,1.000000,0.000000,1.000000,0.000000,0.000000,0.000000,0.660000,0.500000,0.000000
1777206706.072785,0,0.000000,1.000000,0.000000,1.000000,0.000000,0.000000,0.000000,0.100000,0.000000,0.000000
1777206706.073256,0,0.000000,1.000000,0.000000,1.000000,0.000000,0.000000,0.000000,0.280000,0.000000,0.660000
1777206706.073608,0,0.000000,1.000000,0.000000,1.000000,0.000000,0.000000,0.000000,0.180000,0.000000,0.000000
1777206706.108988,0,0.000000,1.000000,0.000000,1.000000,0.000000,0.000000,0.000000,0.280000,0.250000,0.000000
1777206706.109432,0,0.000000,1.000000,0.000000,1.000000,0.000000,0.000000,0.000000,0.330000,0.250000,0.250000
1777206706.109764,0,0.000000,1.000000,0.000000,1.000000,0.000000,0.000000,0.000000,0.200000,0.250000,0.500000
1777206706.139505,0,0.000000,1.000000,0.000000,1.000000,0.000000,0.000000,0.000000,0.280000,0.000000,0.250000
1777206706.139933,0,0.000000,1.000000,0.000000,1.000000,0.000000,0.000000,0.000000,0.250000,0.400000,0.000000
1777206706.169085,0,0.000000,1.000000,0.000000,1.000000,0.000000,0.000000,0.000000,0.140000,0.000000,0.000000
1777206706.169496,0,0.000000,1.000000,0.000000,1.000000,0.000000,0.000000,0.000000,0.310000,0.200000,0.000000
1777206706.199010,0,0.000000,1.000000,0.000000,1.000000,0.000000,0.000000,0.000000,0.340000,0.200000,0.250000
1777206706.199451,0,0.000000,1.000000,0.000000,1.000000,0.000000,0.000000,0.000000,0.470000,0.200000,0.000000
1777206706.229895,0,0.000000,1.000000,0.000000,1.000000,0.000000,0.000000,0.000000,0.400000,0.000000,0.000000
1777206706.263067,0,0.000000,1.000000,0.000000,1.000000,0.000000,0.000000,0.000000,0.110000,0.800000,0.000000
1777206706.263522,0,0.000000,1.000000,0.000000,1.000000,0.000000,0.000000,0.000000,0.400000,0.000000,0.180000
1777206706.263857,0,0.000000,1.000000,0.000000,1.000000,0.000000,0.000000,0.000000,0.310000,0.000000,0.270000
1777206706.295840,0,0.000000,1.000000,0.000000,1.000000,0.000000,0.000000,0.000000,0.430000,0.000000,0.000000
1777206706.296292,0,0.000000,1.000000,0.000000,1.000000,0.000000,0.000000,0.000000,0.340000,0.000000,0.000000
1777206706.330588,0,0.000000,1.000000,0.000000,1.000000,0.000000,0.000000,0.000000,0.370000,0.000000,0.000000
1777206706.331036,0,0.000000,1.000000,0.000000,1.000000,0.000000,0.000000,0.000000,0.430000,0.600000,0.000000
1777206706.360670,0,0.000000,1.000000,0.000000,1.000000,0.000000,0.000000,0.000000,0.500000,0.400000,0.000000
1777206706.361108,0,0.000000,1.000000,0.000000,1.000000,0.000000,0.000000,0.000000,0.460000,0.000000,0.090000
1777206706.390610,0,0.000000,1.000000,0.000000,1.000000,0.000000,0.000000,0.000000,0.470000,0.000000,0.000000
1777206706.391052,0,0.000000,1.000000,0.000000,1.000000,0.000000,0.000000,0.000000,0.400000,0.000000,0.090000
1777206706.422881,0,0.000000,1.000000,0.000000,1.000000,0.000000,0.000000,0.000000,0.400000,0.000000,0.000000
1777206706.423392,0,0.000000,1.000000,0.000000,1.000000,0.000000,0.000000,0.000000,0.400000,0.200000,0.000000
1777206706.454127,0,0.000000,1.000000,0.000000,1.000000,0.000000,0.000000,0.000000,0.340000,0.000000,0.090000
1777206706.454664,0,0.000000,1.000000,0.000000,1.000000,0.000000,0.000000,0.000000,0.430000,0.600000,0.000000
1777206706.454998,0,0.000000,1.000000,0.000000,1.000000,0.000000,0.000000,0.000000,0.400000,0.200000,0.000000
1777206706.486970,0,0.000000,1.000000,0.000000,1.000000,0.000000,0.000000,0.000000,0.370000,0.000000,0.000000
1777206706.487428,0,0.000000,1.000000,0.000000,1.000000,0.000000,0.000000,0.000000,0.340000,0.200000,0.000000
1777206706.518429,0,0.000000,1.000000,0.000000,1.000000,0.000000,0.000000,0.000000,0.340000,0.000000,0.000000
1777206706.518869,0,0.000000,1.000000,0.000000,1.000000,0.000000,0.000000,0.000000,0.460000,0.200000,0.090000
1777206706.549547,0,0.000000,1.000000,0.000000,1.000000,0.000000,0.000000,0.000000,0.460000,0.000000,0.000000
1777206706.549998,0,0.000000,1.000000,0.000000,1.000000,0.000000,0.000000,0.000000,0.500000,0.000000,0.000000
1777206706.580629,0,0.000000,1.000000,0.000000,1.000000,0.000000,0.000000,0.000000,0.460000,0.000000,0.090000
1777206706.581082,0,0.000000,1.000000,0.000000,1.000000,0.000000,0.000000,0.000000,0.340000,0.000000,0.000000
1777206706.612636,0,0.000000,1.000000,0.000000,1.000000,0.000000,0.000000,0.000000,0.470000,0.000000,0.000000
1777206706.613781,0,0.000000,1.000000,0.000000,1.000000,0.000000,0.000000,0.000000,0.400000,0.150000,0.090000
1777206706.648027,0,0.000000,1.000000,0.000000,1.000000,0.000000,0.000000,0.000000,0.370000,0.000000,0.000000
1777206706.648493,0,0.000000,1.000000,0.000000,1.000000,0.000000,0.000000,0.000000,0.400000,0.000000,0.000000
1777206706.648824,0,0.000000,1.000000,0.000000,1.000000,0.000000,0.000000,0.000000,0.400000,0.000000,0.000000
1777206706.683543,0,0.000000,1.000000,0.000000,1.000000,0.000000,0.000000,0.000000,0.430000,0.000000,0.000000
1777206706.683987,0,0.000000,1.000000,0.000000,1.000000,0.000000,0.000000,0.000000,0.630000,0.000000,0.000000
1777206706.717070,0,0.000000,1.000000,0.000000,1.000000,0.000000,0.000000,0.000000,0.600000,0.150000,0.180000
1777206706.750027,0,0.000000,1.000000,0.000000,1.000000,0.000000,0.000000,0.000000,0.430000,0.000000,0.090000
1777206706.750485,0,0.000000,1.000000,0.000000,1.000000,0.000000,0.000000,0.000000,0.430000,0.150000,0.090000
1777206706.750832,0,0.000000,1.000000,0.000000,1.000000,0.000000,0.000000,0.000000,0.310000,0.000000,0.000000
1777206706.782415,0,0.000000,1.000000,0.000000,1.000000,0.000000,0.000000,0.000000,0.430000,0.000000,0.000000
1777206706.782910,0,0.000000,1.000000,0.000000,1.000000,0.000000,0.000000,0.000000,0.230000,0.000000,0.000000
1777206706.818009,0,0.000000,1.000000,0.000000,1.000000,0.000000,0.000000,0.000000,0.230000,0.150000,0.090000
1777206706.847755,0,0.000000,1.000000,0.000000,1.000000,0.000000,0.000000,0.000000,0.250000,0.150000,0.000000
1777206706.848207,0,0.000000,1.000000,0.000000,1.000000,0.000000,0.000000,0.000000,0.250000,0.000000,0.000000
1777206706.848537,0,0.000000,1.000000,0.000000,1.000000,0.000000,0.000000,0.000000,0.180000,0.000000,0.000000
1777206706.848954,0,0.000000,1.000000,0.000000,1.000000,0.000000,0.000000,0.000000,0.120000,0.000000,0.000000
1777206706.903067,0,0.000000,1.000000,0.000000,1.000000,0.000000,0.000000,0.000000,0.310000,0.150000,0.090000
1777206706.903535,0,0.000000,1.000000,0.000000,1.000000,0.000000,0.000000,0.000000,0.310000,0.000000,0.090000
1777206706.903972,0,0.000000,1.000000,0.000000,1.000000,0.000000,0.000000,0.000000,0.310000,0.000000,0.090000
1777206706.904958,0,0.000000,1.000000,0.000000,1.000000,0.000000,0.000000,0.000000,0.370000,0.000000,0.000000
1777206706.905386,0,0.000000,1.000000,0.000000,1.000000,0.000000,0.000000,0.000000,0.340000,0.150000,0.000000
1777206706.960591,0,0.000000,1.000000,0.000000,1.000000,0.000000,0.000000,0.000000,0.340000,0.000000,0.000000
1777206706.961061,0,0.000000,1.000000,0.000000,1.000000,0.000000,0.000000,0.000000,0.340000,0.000000,0.000000
1777206706.961554,0,0.000000,1.000000,0.000000,1.000000,0.000000,0.000000,0.000000,0.340000,0.330000,0.180000
1777206706.961896,0,0.000000,1.000000,0.000000,1.000000,0.000000,0.000000,0.000000,0.310000,0.000000,0.050000
1777206707.016654,0,0.000000,1.000000,0.000000,1.000000,0.000000,0.000000,0.000000,0.370000,0.150000,0.000000
1777206707.017103,0,0.000000,1.000000,0.000000,1.000000,0.000000,0.000000,0.000000,0.400000,0.000000,0.020000
1777206707.017593,0,0.000000,1.000000,0.000000,1.000000,0.000000,0.000000,0.000000,0.700000,0.150000,0.000000
1777206707.017933,0,0.000000,1.000000,0.000000,1.000000,0.000000,0.000000,0.000000,0.340000,0.000000,0.000000
1777206707.073868,0,0.000000,1.000000,0.000000,1.000000,0.000000,0.000000,0.000000,0.280000,0.000000,0.050000
1777206707.074324,0,0.000000,1.000000,0.000000,1.000000,0.000000,0.000000,0.000000,0.340000,0.330000,0.000000
1777206707.074819,0,0.000000,1.000000,0.000000,1.000000,0.000000,0.000000,0.000000,0.310000,0.000000,0.000000
1777206707.130744,0,0.000000,1.000000,0.000000,1.000000,0.000000,0.000000,0.000000,0.340000,0.000000,0.000000
1777206707.131381,0,0.000000,1.000000,0.000000,1.000000,0.000000,0.000000,0.000000,0.340000,0.000000,0.020000
1777206707.131740,0,0.000000,1.000000,0.000000,1.000000,0.000000,0.000000,0.000000,0.370000,0.000000,0.020000
1777206707.132067,0,0.000000,1.000000,0.000000,1.000000,0.000000,0.000000,0.000000,0.340000,0.150000,0.050000
1777206707.162398,0,0.000000,1.000000,0.000000,1.000000,0.000000,0.000000,0.000000,0.430000,0.000000,0.020000
1777206707.193609,0,0.000000,1.000000,0.000000,1.000000,0.000000,0.000000,0.000000,0.310000,0.000000,0.020000
1777206707.225136,0,0.000000,1.000000,0.000000,1.000000,0.000000,0.000000,0.000000,0.310000,0.150000,0.000000
1777206707.225644,0,0.000000,1.000000,0.000000,1.000000,0.000000,0.000000,0.000000,0.370000,0.000000,0.120000
1777206707.258788,0,0.000000,1.000000,0.000000,1.000000,0.000000,0.000000,0.000000,0.310000,0.000000,0.000000
1777206707.259254,0,0.000000,1.000000,0.000000,1.000000,0.000000,0.000000,0.000000,0.340000,0.000000,0.020000
1777206707.290678,0,0.000000,1.000000,0.000000,1.000000,0.000000,0.000000,0.000000,0.310000,0.000000,0.020000
1777206707.291131,0,0.000000,1.000000,0.000000,1.000000,0.000000,0.000000,0.000000,0.370000,0.000000,0.000000
1777206707.323609,0,0.000000,1.000000,0.000000,1.000000,0.000000,0.000000,0.000000,0.310000,0.330000,0.020000
1777206707.324064,0,0.000000,1.000000,0.000000,1.000000,0.000000,0.000000,0.000000,0.370000,0.000000,0.000000
1777206707.356699,0,0.000000,1.000000,0.000000,1.000000,0.000000,0.000000,0.000000,0.370000,0.000000,0.000000
1777206707.357146,0,0.000000,1.000000,0.000000,1.000000,0.000000,0.000000,0.000000,0.340000,0.150000,0.020000
1777206707.391256,0,0.000000,1.000000,0.000000,1.000000,0.000000,0.000000,0.000000,0.340000,0.150000,0.000000
1777206707.391736,0,0.000000,1.000000,0.000000,1.000000,0.000000,0.000000,0.000000,0.340000,0.000000,0.000000
1777206707.392182,0,0.000000,1.000000,0.000000,1.000000,0.000000,0.000000,0.000000,0.370000,0.150000,0.000000
1777206707.425644,0,0.000000,1.000000,0.000000,1.000000,0.000000,0.000000,0.000000,0.310000,0.000000,0.000000
1777206707.426103,0,0.000000,1.000000,0.000000,1.000000,0.000000,0.000000,0.000000,0.340000,0.150000,0.000000
1777206707.458382,0,0.000000,1.000000,0.000000,1.000000,0.000000,0.000000,0.000000,0.300000,0.000000,0.000000
1777206707.458826,0,0.000000,1.000000,0.000000,1.000000,0.000000,0.000000,0.000000,0.370000,0.000000,0.020000
1777206707.491761,0,0.000000,1.000000,0.000000,1.000000,0.000000,0.000000,0.000000,0.370000,0.000000,0.000000
1777206707.492290,0,0.000000,1.000000,0.000000,1.000000,0.000000,0.000000,0.000000,0.280000,0.150000,0.020000
1777206707.492663,0,0.000000,1.000000,0.000000,1.000000,0.000000,0.000000,0.000000,0.310000,0.000000,0.000000
1777206707.526183,0,0.000000,1.000000,0.000000,1.000000,0.000000,0.000000,0.000000,0.310000,0.150000,0.020000
1777206707.561440,0,0.000000,1.000000,0.000000,1.000000,0.000000,0.000000,0.000000,0.340000,0.000000,0.020000
1777206707.561919,0,0.000000,1.000000,0.000000,1.000000,0.000000,0.000000,0.000000,0.370000,0.150000,0.000000
1777206707.594126,0,0.000000,1.000000,0.000000,1.000000,0.000000,0.000000,0.000000,0.370000,0.150000,0.000000
1777206707.594651,0,0.000000,1.000000,0.000000,1.000000,0.000000,0.000000,0.000000,0.340000,0.150000,0.000000
1777206707.595039,0,0.000000,1.000000,0.000000,1.000000,0.000000,0.000000,0.000000,0.370000,0.150000,0.000000
1777206707.628516,0,0.000000,1.000000,0.000000,1.000000,0.000000,0.000000,0.000000,0.310000,0.150000,0.020000
1777206707.629013,0,0.000000,1.000000,0.000000,1.000000,0.000000,0.000000,0.000000,0.340000,0.000000,0.000000
1777206707.662988,0,0.000000,1.000000,0.000000,1.000000,0.000000,0.000000,0.000000,0.340000,0.330000,0.430000
1777206707.663456,0,0.000000,1.000000,0.000000,1.000000,0.000000,0.000000,0.000000,0.310000,0.000000,0.000000
1777206707.663903,0,0.000000,1.000000,0.000000,1.000000,0.000000,0.000000,0.000000,0.280000,0.000000,0.020000
1777206707.698134,0,0.000000,1.000000,0.000000,1.000000,0.000000,0.000000,0.000000,0.280000,0.000000,0.000000
1777206707.732671,0,0.000000,1.000000,0.000000,1.000000,0.000000,0.000000,0.000000,0.310000,0.500000,0.000000
1777206707.733137,0,0.000000,1.000000,0.000000,1.000000,0.000000,0.000000,0.000000,0.300000,0.150000,0.000000
1777206707.733484,0,0.000000,1.000000,0.000000,1.000000,0.000000,0.000000,0.000000,0.310000,0.000000,0.000000
1777206707.768879,0,0.000000,1.000000,0.000000,1.000000,0.000000,0.000000,0.000000,0.310000,0.150000,0.000000
1777206707.769342,0,0.000000,1.000000,0.000000,1.000000,0.000000,0.000000,0.000000,0.340000,0.150000,0.000000
1777206707.809058,0,0.000000,1.000000,0.000000,1.000000,0.000000,0.000000,0.000000,0.310000,0.150000,0.000000
1777206707.809524,0,0.000000,1.000000,0.000000,1.000000,0.000000,0.000000,0.000000,0.370000,0.000000,0.400000
1777206707.848548,0,0.000000,1.000000,0.000000,1.000000,0.000000,0.000000,0.000000,0.340000,0.150000,0.050000
1777206707.849019,0,0.000000,1.000000,0.000000,1.000000,0.000000,0.000000,0.000000,0.370000,0.000000,0.000000
1777206707.849380,0,0.000000,1.000000,0.000000,1.000000,0.000000,0.000000,0.000000,0.370000,0.000000,0.000000
1777206707.884333,0,0.000000,1.000000,0.000000,1.000000,0.000000,0.000000,0.000000,0.310000,0.150000,0.020000
1777206707.884818,0,0.000000,1.000000,0.000000,1.000000,0.000000,0.000000,0.000000,0.310000,0.330000,0.020000
1777206707.920554,0,0.000000,1.000000,0.000000,1.000000,0.000000,0.000000,0.000000,0.460000,0.000000,0.020000
1777206707.921023,0,0.000000,1.000000,0.000000,1.000000,0.000000,0.000000,0.000000,0.340000,0.150000,0.000000
1777206707.921377,0,0.000000,1.000000,0.000000,1.000000,0.000000,0.000000,0.000000,0.310000,0.150000,0.000000
1777206707.957400,0,0.000000,1.000000,0.000000,1.000000,0.000000,0.000000,0.000000,0.340000,0.150000,0.150000
1777206707.957883,0,0.000000,1.000000,0.000000,1.000000,0.000000,0.000000,0.000000,0.310000,0.000000,0.000000
1777206707.958297,0,0.000000,1.000000,0.000000,1.000000,0.000000,0.000000,0.000000,0.340000,0.000000,0.000000
1777206707.995044,0,0.000000,1.000000,0.000000,1.000000,0.000000,0.000000,0.000000,0.370000,0.150000,0.020000
1777206707.995563,0,0.000000,1.000000,0.000000,1.000000,0.000000,0.000000,0.000000,0.340000,0.000000,0.000000
1777206708.033148,0,0.000000,1.000000,0.000000,1.000000,0.000000,0.000000,0.000000,0.400000,0.150000,0.000000
1777206708.033742,0,0.000000,1.000000,0.000000,1.000000,0.000000,0.000000,0.000000,0.340000,0.000000,0.430000
1777206708.064282,0,0.000000,1.000000,0.000000,1.000000,0.000000,0.000000,0.000000,0.340000,0.000000,0.000000
1777206708.064879,0,0.000000,1.000000,0.000000,1.000000,0.000000,0.000000,0.000000,0.340000,0.000000,0.050000
1777206708.065541,0,0.000000,1.000000,0.000000,1.000000,0.000000,0.000000,0.000000,0.370000,0.000000,0.000000
1777206708.097151,0,0.000000,1.000000,0.000000,1.000000,0.000000,0.000000,0.000000,0.310000,0.330000,0.020000
1777206708.097742,0,0.000000,1.000000,0.000000,1.000000,0.000000,0.000000,0.000000,0.340000,0.000000,0.050000
1777206708.128372,0,0.000000,1.000000,0.000000,1.000000,0.000000,0.000000,0.000000,0.310000,0.150000,0.000000
1777206708.128861,0,0.000000,1.000000,0.000000,1.000000,0.000000,0.000000,0.000000,0.340000,0.000000,0.000000
1777206708.158857,0,0.000000,1.000000,0.000000,1.000000,0.000000,0.000000,0.000000,0.340000,0.000000,0.000000
1777206708.159325,0,0.000000,1.000000,0.000000,1.000000,0.000000,0.000000,0.000000,0.330000,0.000000,0.000000
1777206708.160462,0,0.000000,1.000000,0.000000,1.000000,0.000000,0.000000,0.000000,0.340000,0.000000,1.050000
1777206708.190730,0,0.000000,1.000000,0.000000,1.000000,0.000000,0.000000,0.000000,0.340000,0.000000,0.000000
1777206708.192319,0,0.000000,1.000000,0.000000,1.000000,0.000000,0.000000,0.000000,0.360000,0.000000,0.000000
1777206708.225471,0,0.000000,1.000000,0.000000,1.000000,0.000000,0.000000,0.000000,0.370000,0.000000,0.000000
1777206708.226042,0,0.000000,1.000000,0.000000,1.000000,0.000000,0.000000,0.000000,0.340000,0.000000,0.000000
1777206708.256515,0,0.000000,1.000000,0.000000,1.000000,0.000000,0.000000,0.000000,0.340000,0.000000,0.000000
1777206708.256966,0,0.000000,1.000000,0.000000,1.000000,0.000000,0.000000,0.000000,0.360000,0.000000,0.120000
1777206708.287464,0,0.000000,1.000000,0.000000,1.000000,0.000000,0.000000,0.000000,0.370000,0.150000,0.000000
1777206708.287935,0,0.000000,1.000000,0.000000,1.000000,0.000000,0.000000,0.000000,0.370000,0.000000,0.000000
1777206708.318301,0,0.000000,1.000000,0.000000,1.000000,0.000000,0.000000,0.000000,0.340000,0.000000,0.000000
1777206708.319200,0,0.000000,1.000000,0.000000,1.000000,0.000000,0.000000,0.000000,0.380000,0.150000,0.000000
1777206708.349413,0,0.000000,1.000000,0.000000,1.000000,0.000000,0.000000,0.000000,0.370000,0.000000,0.000000
1777206708.349954,0,0.000000,1.000000,0.000000,1.000000,0.000000,0.000000,0.000000,0.330000,0.000000,0.000000
1777206708.379597,0,0.000000,1.000000,0.000000,1.000000,0.000000,0.000000,0.000000,0.380000,0.000000,0.000000
1777206708.409431,0,0.000000,1.000000,0.000000,1.000000,0.000000,0.000000,0.000000,0.430000,0.150000,0.000000
1777206708.409902,0,0.000000,1.000000,0.000000,1.000000,0.000000,0.000000,0.000000,0.380000,0.000000,0.000000
1777206708.410257,0,0.000000,1.000000,0.000000,1.000000,0.000000,0.000000,0.000000,0.370000,0.150000,0.000000
1777206708.410703,0,0.000000,1.000000,0.000000,1.000000,0.000000,0.000000,0.000000,0.370000,0.150000,0.000000
1777206708.441994,0,0.000000,1.000000,0.000000,1.000000,0.000000,0.000000,0.000000,0.380000,0.150000,0.000000
1777206708.472959,0,0.000000,1.000000,0.000000,1.000000,0.000000,0.000000,0.000000,0.360000,0.000000,0.000000
1777206708.504102,0,0.000000,1.000000,0.000000,1.000000,0.000000,0.000000,0.000000,0.340000,0.330000,0.000000
1777206708.504582,0,0.000000,1.000000,0.000000,1.000000,0.000000,0.000000,0.000000,0.380000,0.150000,0.000000
1777206708.537033,0,0.000000,1.000000,0.000000,1.000000,0.000000,0.000000,0.000000,0.300000,0.000000,0.020000
1777206708.537514,0,0.000000,1.000000,0.000000,1.000000,0.000000,0.000000,0.000000,0.330000,0.000000,0.020000
1777206708.537891,0,0.000000,1.000000,0.000000,1.000000,0.000000,0.000000,0.000000,0.360000,0.150000,0.000000
1777206708.571060,0,0.000000,1.000000,0.000000,1.000000,0.000000,0.000000,0.000000,0.360000,0.000000,0.050000
1777206708.571528,0,0.000000,1.000000,0.000000,1.000000,0.000000,0.000000,0.000000,0.400000,0.150000,0.000000
1777206708.602851,0,0.000000,1.000000,0.000000,1.000000,0.000000,0.000000,0.000000,0.370000,0.000000,0.020000
1777206708.603327,0,0.000000,1.000000,0.000000,1.000000,0.000000,0.000000,0.000000,0.360000,0.000000,0.020000
1777206708.604944,0,0.000000,1.000000,0.000000,1.000000,0.000000,0.000000,0.000000,0.370000,0.000000,0.430000
1777206708.636085,0,0.000000,1.000000,0.000000,1.000000,0.000000,0.000000,0.000000,0.380000,0.000000,0.000000
1777206708.636662,0,0.000000,1.000000,0.000000,1.000000,0.000000,0.000000,0.000000,0.360000,0.150000,0.000000
1777206708.667830,0,0.000000,1.000000,0.000000,1.000000,0.000000,0.000000,0.000000,0.330000,0.000000,0.000000
1777206708.668307,0,0.000000,1.000000,0.000000,1.000000,0.000000,0.000000,0.000000,0.370000,0.150000,0.020000
1777206708.698453,0,0.000000,1.000000,0.000000,1.000000,0.000000,0.000000,0.000000,0.330000,0.000000,0.020000
1777206708.698951,0,0.000000,1.000000,0.000000,1.000000,0.000000,0.000000,0.000000,0.340000,0.150000,0.000000
1777206708.731605,0,0.000000,1.000000,0.000000,1.000000,0.000000,0.000000,0.000000,0.340000,0.150000,0.020000
1777206708.732326,0,0.000000,1.000000,0.000000,1.000000,0.000000,0.000000,0.000000,0.340000,0.000000,0.050000
1777206708.764319,0,0.000000,1.000000,0.000000,1.000000,0.000000,0.000000,0.000000,0.380000,0.150000,0.020000
1777206708.764812,0,0.000000,1.000000,0.000000,1.000000,0.000000,0.000000,0.000000,0.380000,0.000000,0.000000
1777206708.765188,0,0.000000,1.000000,0.000000,1.000000,0.000000,0.000000,0.000000,0.310000,0.000000,0.000000
1777206708.797975,0,0.000000,1.000000,0.000000,1.000000,0.000000,0.000000,0.000000,0.370000,0.150000,0.120000
1777206708.830324,0,0.000000,1.000000,0.000000,1.000000,0.000000,0.000000,0.000000,0.360000,0.000000,0.000000
1777206708.830865,0,0.000000,1.000000,0.000000,1.000000,0.000000,0.000000,0.000000,0.370000,0.150000,0.020000
1777206708.832116,0,0.000000,1.000000,0.000000,1.000000,0.000000,0.000000,0.000000,0.370000,0.150000,0.000000
1777206708.862857,0,0.000000,1.000000,0.000000,1.000000,0.000000,0.000000,0.000000,0.310000,0.000000,0.000000
1777206708.863330,0,0.000000,1.000000,0.000000,1.000000,0.000000,0.000000,0.000000,0.310000,0.150000,0.020000
1777206708.894951,0,0.000000,1.000000,0.000000,1.000000,0.000000,0.000000,0.000000,0.310000,0.000000,0.000000
1777206708.895454,0,0.000000,1.000000,0.000000,1.000000,0.000000,0.000000,0.000000,0.340000,0.000000,0.000000
1777206708.927330,0,0.000000,1.000000,0.000000,1.000000,0.000000,0.000000,0.000000,0.310000,0.000000,0.000000
1777206708.927849,0,0.000000,1.000000,0.000000,1.000000,0.000000,0.000000,0.000000,0.360000,0.150000,0.000000
1777206708.961419,0,0.000000,1.000000,0.000000,1.000000,0.000000,0.000000,0.000000,0.380000,0.000000,0.020000
1777206708.961914,0,0.000000,1.000000,0.000000,1.000000,0.000000,0.000000,0.000000,0.360000,0.000000,0.000000
1777206708.993083,0,0.000000,1.000000,0.000000,1.000000,0.000000,0.000000,0.000000,0.370000,0.000000,0.000000
1777206708.993637,0,0.000000,1.000000,0.000000,1.000000,0.000000,0.000000,0.000000,0.370000,0.000000,0.000000
1777206708.995012,0,0.000000,1.000000,0.000000,1.000000,0.000000,0.000000,0.000000,0.370000,0.150000,0.020000
1777206709.026255,0,0.000000,1.000000,0.000000,1.000000,0.000000,0.000000,0.000000,0.380000,0.000000,0.020000
1777206709.026832,0,0.000000,1.000000,0.000000,1.000000,0.000000,0.000000,0.000000,0.370000,0.000000,0.000000
1777206709.058775,0,0.000000,1.000000,0.000000,1.000000,0.000000,0.000000,0.000000,0.310000,0.000000,0.000000
1777206709.090411,0,0.000000,1.000000,0.000000,1.000000,0.000000,0.000000,0.000000,0.380000,0.330000,0.000000
1777206709.090956,0,0.000000,1.000000,0.000000,1.000000,0.000000,0.000000,0.000000,0.380000,0.000000,0.000000
1777206709.091499,0,0.000000,1.000000,0.000000,1.000000,0.000000,0.000000,0.000000,0.340000,0.000000,0.020000
1777206709.123539,0,0.000000,1.000000,0.000000,1.000000,0.000000,0.000000,0.000000,0.340000,0.000000,0.020000
1777206709.124126,0,0.000000,1.000000,0.000000,1.000000,0.000000,0.000000,0.000000,0.330000,0.000000,0.020000
1777206709.155201,0,0.000000,1.000000,0.000000,1.000000,0.000000,0.000000,0.000000,0.410000,0.150000,0.000000
1777206709.155753,0,0.000000,1.000000,0.000000,1.000000,0.000000,0.000000,0.000000,0.370000,0.150000,0.000000
1777206709.188381,0,0.000000,1.000000,0.000000,1.000000,0.000000,0.000000,0.000000,0.340000,0.000000,0.020000
1777206709.188971,0,0.000000,1.000000,0.000000,1.000000,0.000000,0.000000,0.000000,0.360000,0.150000,0.000000
1777206709.220859,0,0.000000,1.000000,0.000000,1.000000,0.000000,0.000000,0.000000,0.340000,0.330000,0.020000
1777206709.221351,0,0.000000,1.000000,0.000000,1.000000,0.000000,0.000000,0.000000,0.370000,0.150000,0.000000
1777206709.221821,0,0.000000,1.000000,0.000000,1.000000,0.000000,0.000000,0.000000,0.360000,0.150000,0.020000
1777206709.253331,0,0.000000,1.000000,0.000000,1.000000,0.000000,0.000000,0.000000,0.360000,0.000000,0.000000
1777206709.285348,0,0.000000,1.000000,0.000000,1.000000,0.000000,0.000000,0.000000,0.410000,0.000000,0.000000
1777206709.285864,0,0.000000,1.000000,0.000000,1.000000,0.000000,0.000000,0.000000,0.340000,0.000000,0.050000
1777206709.318987,0,0.000000,1.000000,0.000000,1.000000,0.000000,0.000000,0.000000,0.340000,0.140000,0.000000
1777206709.319494,0,0.000000,1.000000,0.000000,1.000000,0.000000,0.000000,0.000000,0.330000,0.140000,0.000000
1777206709.350704,0,0.000000,1.000000,0.000000,1.000000,0.000000,0.000000,0.000000,0.370000,0.140000,0.100000
1777206709.351184,0,0.000000,1.000000,0.000000,1.000000,0.000000,0.000000,0.000000,0.380000,0.000000,0.020000
1777206709.351558,0,0.000000,1.000000,0.000000,1.000000,0.000000,0.000000,0.000000,0.380000,0.000000,0.000000
1777206709.383419,0,0.000000,1.000000,0.000000,1.000000,0.000000,0.000000,0.000000,0.370000,0.000000,0.000000
1777206709.383969,0,0.000000,1.000000,0.000000,1.000000,0.000000,0.000000,0.000000,0.180000,0.140000,0.020000
1777206709.414980,0,0.000000,1.000000,0.000000,1.000000,0.000000,0.000000,0.000000,0.400000,0.140000,0.000000
1777206709.415596,0,0.000000,1.000000,0.000000,1.000000,0.000000,0.000000,0.000000,0.370000,0.140000,0.020000
1777206709.450005,0,0.000000,1.000000,0.000000,1.000000,0.000000,0.000000,0.000000,0.370000,0.000000,0.000000
1777206709.450483,0,0.000000,1.000000,0.000000,1.000000,0.000000,0.000000,0.000000,0.410000,0.000000,0.020000
1777206709.482093,0,0.000000,1.000000,0.000000,1.000000,0.000000,0.000000,0.000000,0.360000,0.000000,0.000000
1777206709.482585,0,0.000000,0.000000,0.000000,0.000000,0.000000,0.000000,0.000000,0.370000,0.000000,0.020000
1777206709.502367,0,0.000000,0.000000,0.000000,0.000000,0.000000,0.000000,0.000000,0.340000,0.000000,0.000000
1777206709.502846,0,0.000000,0.000000,0.000000,0.000000,0.000000,0.000000,0.000000,0.370000,0.140000,0.020000
1777206709.503494,0,0.000000,0.000000,0.000000,0.000000,0.000000,0.000000,0.000000,0.370000,0.140000,0.050000
1777206709.514084,0,0.000000,0.000000,0.000000,0.000000,0.000000,0.000000,0.000000,0.340000,0.140000,0.000000
1777206709.514554,0,0.000000,0.000000,0.000000,0.000000,0.000000,0.000000,0.000000,0.380000,0.140000,0.000000
1777206709.527724,0,0.000000,0.000000,0.000000,0.000000,0.000000,0.000000,0.000000,0.370000,0.000000,0.000000
1777206709.551073,0,0.000000,0.000000,0.000000,0.000000,0.000000,0.000000,0.000000,0.310000,0.000000,0.000000
1777206709.564754,0,0.000000,0.000000,0.000000,0.000000,0.000000,0.000000,0.000000,0.370000,0.000000,0.000000
1777206709.580389,0,0.000000,0.000000,0.000000,0.000000,0.000000,0.000000,0.000000,0.340000,0.140000,0.000000
1777206709.604433,0,0.000000,0.000000,0.000000,0.000000,0.000000,0.000000,0.000000,0.370000,0.000000,0.100000
1777206709.610704,0,0.000000,0.000000,0.000000,0.000000,0.000000,0.000000,0.000000,0.360000,0.140000,0.000000
1777206709.625569,0,0.000000,0.000000,0.000000,0.000000,0.000000,0.000000,0.000000,0.330000,0.000000,0.000000
1777206709.633596,0,0.000000,0.000000,0.000000,0.000000,0.000000,0.000000,0.000000,0.330000,0.140000,0.020000
1777206709.655972,0,0.000000,0.000000,0.000000,0.000000,0.000000,0.000000,0.000000,0.360000,0.140000,0.000000
1777206709.671721,0,0.000000,0.000000,0.000000,0.000000,0.000000,0.000000,0.000000,0.340000,0.560000,0.020000
1777206709.693716,0,0.000000,0.000000,0.000000,0.000000,0.000000,0.000000,0.000000,0.330000,0.000000,0.000000
1777206709.694730,0,0.000000,0.000000,0.000000,0.000000,0.000000,0.000000,0.000000,0.360000,0.000000,0.020000
1777206709.724662,0,0.000000,0.000000,0.000000,0.000000,0.000000,0.000000,0.000000,0.370000,0.000000,0.020000
1777206709.730369,0,0.000000,0.000000,0.000000,0.000000,0.000000,0.000000,0.000000,0.380000,0.000000,0.020000
1777206709.748370,0,0.000000,0.000000,0.000000,0.000000,0.000000,0.000000,0.000000,0.380000,0.140000,0.000000
1777206709.759629,0,0.000000,0.000000,0.000000,0.000000,0.000000,0.000000,0.000000,0.370000,0.000000,0.000000
1777206709.783614,0,0.000000,0.000000,0.000000,0.000000,0.000000,0.000000,0.000000,0.340000,0.000000,0.020000
1777206709.785249,0,0.000000,0.000000,0.000000,0.000000,0.000000,0.000000,0.000000,0.360000,0.000000,0.000000
1777206709.805857,0,0.000000,0.000000,0.000000,0.000000,0.000000,0.000000,0.000000,0.380000,0.000000,0.020000
1777206709.822358,0,0.000000,0.000000,0.000000,0.000000,0.000000,0.000000,0.000000,0.310000,0.140000,0.000000
1777206709.857579,0,0.000000,0.000000,0.000000,0.000000,0.000000,0.000000,0.000000,0.380000,0.000000,0.000000
1777206709.858818,0,0.000000,0.000000,0.000000,0.000000,0.000000,0.000000,0.000000,0.340000,0.000000,0.000000
1777206709.873229,0,0.000000,0.000000,0.000000,0.000000,0.000000,0.000000,0.000000,0.380000,0.000000,0.000000
1777206709.881620,0,0.000000,0.000000,0.000000,0.000000,0.000000,0.000000,0.000000,0.360000,0.000000,0.330000
1777206709.895608,0,0.000000,0.000000,0.000000,0.000000,0.000000,0.000000,0.000000,0.380000,0.000000,0.000000
1777206709.917862,0,0.000000,0.000000,0.000000,0.000000,0.000000,0.000000,0.000000,0.370000,0.000000,0.000000
1777206709.925746,0,0.000000,0.000000,0.000000,0.000000,0.000000,0.000000,0.000000,0.370000,0.000000,0.000000
1777206709.951034,0,0.000000,0.000000,0.000000,0.000000,0.000000,0.000000,0.000000,0.380000,0.140000,0.050000
1777206709.963324,0,0.000000,0.000000,0.000000,0.000000,0.000000,0.000000,0.000000,0.360000,0.000000,0.000000
1777206709.970337,0,0.000000,0.000000,0.000000,0.000000,0.000000,0.000000,0.000000,0.340000,0.140000,0.020000
1777206709.993760,0,0.000000,0.000000,0.000000,0.000000,0.000000,0.000000,0.000000,0.400000,0.140000,0.000000
1777206710.001472,0,0.000000,0.000000,0.000000,0.000000,0.000000,0.000000,0.000000,0.360000,0.280000,0.000000
1777206710.023065,0,0.000000,0.000000,0.000000,0.000000,0.000000,0.000000,0.000000,0.340000,0.140000,0.000000
1777206710.030652,0,0.000000,0.000000,0.000000,0.000000,0.000000,0.000000,0.000000,0.400000,0.140000,0.000000
1777206710.045915,0,0.000000,0.000000,0.000000,0.000000,0.000000,0.000000,0.000000,0.360000,0.000000,0.000000
1777206710.077825,0,0.000000,0.000000,0.000000,0.000000,0.000000,0.000000,0.000000,0.360000,0.000000,0.020000
1777206710.082913,0,0.000000,0.000000,0.000000,0.000000,0.000000,0.000000,0.000000,0.370000,0.000000,0.000000
1777206710.098341,0,0.000000,0.000000,0.000000,0.000000,0.000000,0.000000,0.000000,0.340000,0.000000,0.000000
1777206710.122334,0,0.000000,0.000000,0.000000,0.000000,0.000000,0.000000,0.000000,0.340000,0.000000,0.000000
1777206710.124506,0,0.000000,0.000000,0.000000,0.000000,0.000000,0.000000,0.000000,0.360000,0.000000,0.020000
1777206710.144218,0,0.000000,0.000000,0.000000,0.000000,0.000000,0.000000,0.000000,0.370000,0.140000,0.000000
1777206710.159081,0,0.000000,0.000000,0.000000,0.000000,0.000000,0.000000,0.000000,0.340000,0.000000,0.020000
1777206710.166286,0,0.000000,0.000000,0.000000,0.000000,0.000000,0.000000,0.000000,0.370000,0.410000,0.000000
1777206710.189765,0,0.000000,0.000000,0.000000,0.000000,0.000000,0.000000,0.000000,0.370000,0.000000,0.050000
1777206710.211899,0,0.000000,0.000000,0.000000,0.000000,0.000000,0.000000,0.000000,0.330000,0.140000,0.000000
1777206710.213716,0,0.000000,0.000000,0.000000,0.000000,0.000000,0.000000,0.000000,0.310000,0.000000,0.000000
1777206710.225054,0,0.000000,0.000000,0.000000,0.000000,0.000000,0.000000,0.000000,0.360000,0.000000,0.000000
1777206710.248259,0,0.000000,0.000000,0.000000,0.000000,0.000000,0.000000,0.000000,0.340000,0.140000,0.000000
1777206710.262219,0,0.000000,0.000000,0.000000,0.000000,0.000000,0.000000,0.000000,0.330000,0.000000,0.020000
1777206710.269551,0,0.000000,0.000000,0.000000,0.000000,0.000000,0.000000,0.000000,0.370000,0.140000,0.020000
1777206710.298900,0,0.000000,0.000000,0.000000,0.000000,0.000000,0.000000,0.000000,0.330000,0.140000,0.150000
1777206710.307624,0,0.000000,0.000000,0.000000,0.000000,0.000000,0.000000,0.000000,0.360000,0.000000,0.000000
1777206710.332579,0,0.000000,0.000000,0.000000,0.000000,0.000000,0.000000,0.000000,0.380000,0.140000,0.050000
1777206710.333852,0,0.000000,0.000000,0.000000,0.000000,0.000000,0.000000,0.000000,0.370000,0.000000,0.000000
1777206710.354386,0,0.000000,0.000000,0.000000,0.000000,0.000000,0.000000,0.000000,0.360000,0.000000,0.000000
1777206710.377727,0,0.000000,0.000000,0.000000,0.000000,0.000000,0.000000,0.000000,0.380000,0.000000,0.000000
1777206710.384073,0,0.000000,0.000000,0.000000,0.000000,0.000000,0.000000,0.000000,0.380000,0.140000,0.000000
1777206710.398939,0,0.000000,0.000000,0.000000,0.000000,0.000000,0.000000,0.000000,0.400000,0.140000,0.000000
1777206710.406150,0,0.000000,0.000000,0.000000,0.000000,0.000000,0.000000,0.000000,0.340000,0.000000,0.020000
1777206710.428768,0,0.000000,0.000000,0.000000,0.000000,0.000000,0.000000,0.000000,0.330000,0.000000,0.020000
1777206710.435984,0,0.000000,0.000000,0.000000,0.000000,0.000000,0.000000,0.000000,0.310000,0.000000,0.050000
1777206710.451653,0,0.000000,0.000000,0.000000,0.000000,0.000000,0.000000,0.000000,0.300000,0.000000,0.020000
1777206710.474740,0,0.000000,0.000000,0.000000,0.000000,0.000000,0.000000,0.000000,0.370000,0.000000,0.020000
1777206710.488917,0,0.000000,0.000000,0.000000,0.000000,0.000000,0.000000,0.000000,0.360000,0.000000,0.000000
1777206710.527859,0,0.000000,0.000000,0.000000,0.000000,0.000000,0.000000,0.000000,0.360000,0.140000,0.000000
1777206710.530873,0,0.000000,0.000000,0.000000,0.000000,0.000000,0.000000,0.000000,0.370000,0.280000,0.000000
1777206710.541617,0,0.000000,0.000000,0.000000,0.000000,0.000000,0.000000,0.000000,0.410000,0.000000,0.000000
1777206710.548600,0,0.000000,0.000000,0.000000,0.000000,0.000000,0.000000,0.000000,0.360000,0.000000,0.000000
1777206710.571726,0,0.000000,0.000000,0.000000,0.000000,0.000000,0.000000,0.000000,0.380000,0.140000,0.020000
1777206710.586889,0,0.000000,0.000000,0.000000,0.000000,0.000000,0.000000,0.000000,0.330000,0.000000,0.200000
1777206710.588757,0,0.000000,0.000000,0.000000,0.000000,0.000000,0.000000,0.000000,0.380000,0.000000,0.050000
1777206710.609556,0,0.000000,0.000000,0.000000,0.000000,0.000000,0.000000,0.000000,0.370000,0.140000,0.000000
1777206710.618006,0,0.000000,0.000000,0.000000,0.000000,0.000000,0.000000,0.000000,0.380000,0.000000,0.000000
1777206710.646963,0,0.000000,0.000000,0.000000,0.000000,0.000000,0.000000,0.000000,0.330000,0.140000,0.020000
1777206710.661632,0,0.000000,0.000000,0.000000,0.000000,0.000000,0.000000,0.000000,0.410000,0.140000,0.000000
1777206710.667595,0,0.000000,0.000000,0.000000,0.000000,0.000000,0.000000,0.000000,0.360000,0.140000,0.000000
1777206710.682994,0,0.000000,0.000000,0.000000,0.000000,0.000000,0.000000,0.000000,0.340000,0.140000,0.000000
1777206710.706165,0,0.000000,0.000000,0.000000,0.000000,0.000000,0.000000,0.000000,0.340000,0.140000,0.020000
1777206710.715375,0,0.000000,0.000000,0.000000,0.000000,0.000000,0.000000,0.000000,0.360000,0.000000,0.000000
1777206710.730182,0,0.000000,0.000000,0.000000,0.000000,0.000000,0.000000,0.000000,0.330000,0.140000,0.020000
1777206710.745496,0,0.000000,0.000000,0.000000,0.000000,0.000000,0.000000,0.000000,0.330000,0.140000,0.020000
1777206710.766736,0,0.000000,0.000000,0.000000,0.000000,0.000000,0.000000,0.000000,0.370000,0.000000,0.000000
1777206710.774423,0,0.000000,0.000000,0.000000,0.000000,0.000000,0.000000,0.000000,0.340000,0.000000,0.000000
1777206710.804958,0,0.000000,0.000000,0.000000,0.000000,0.000000,0.000000,0.000000,0.330000,0.000000,0.000000
1777206710.805621,0,0.000000,0.000000,0.000000,0.000000,0.000000,0.000000,0.000000,0.340000,0.280000,0.050000
1777206710.825197,0,0.000000,0.000000,0.000000,0.000000,0.000000,0.000000,0.000000,0.370000,0.140000,0.000000
1777206710.833543,0,0.000000,0.000000,0.000000,0.000000,0.000000,0.000000,0.000000,0.340000,0.000000,0.020000
1777206710.855283,0,0.000000,0.000000,0.000000,0.000000,0.000000,0.000000,0.000000,0.370000,0.000000,0.000000
1777206710.862147,0,0.000000,0.000000,0.000000,0.000000,0.000000,0.000000,0.000000,0.340000,0.000000,0.050000
1777206710.877614,0,0.000000,0.000000,0.000000,0.000000,0.000000,0.000000,0.000000,0.360000,0.000000,0.020000
1777206710.900623,0,0.000000,0.000000,0.000000,0.000000,0.000000,0.000000,0.000000,0.370000,0.140000,0.020000
1777206710.924159,0,0.000000,0.000000,0.000000,0.000000,0.000000,0.000000,0.000000,0.410000,0.000000,0.020000
1777206710.932766,0,0.000000,0.000000,0.000000,0.000000,0.000000,0.000000,0.000000,0.370000,0.280000,0.000000
1777206710.937574,0,0.000000,0.000000,0.000000,0.000000,0.000000,0.000000,0.000000,0.360000,0.280000,0.000000
1777206710.961417,0,0.000000,0.000000,0.000000,0.000000,0.000000,0.000000,0.000000,0.380000,0.280000,0.000000
1777206710.983817,0,0.000000,0.000000,0.000000,0.000000,0.000000,0.000000,0.000000,0.370000,0.140000,0.000000
1777206710.986527,0,0.000000,0.000000,0.000000,0.000000,0.000000,0.000000,0.000000,0.360000,0.000000,0.000000
1777206711.007845,0,0.000000,0.000000,0.000000,0.000000,0.000000,0.000000,0.000000,0.400000,0.140000,0.000000
1777206711.023377,0,0.000000,0.000000,0.000000,0.000000,0.000000,0.000000,0.000000,0.340000,0.000000,0.000000
1777206711.027769,0,0.000000,0.000000,0.000000,0.000000,0.000000,0.000000,0.000000,0.330000,0.140000,0.000000
1777206711.059689,0,0.000000,0.000000,0.000000,0.000000,0.000000,0.000000,0.000000,0.370000,0.000000,0.000000
1777206711.066704,0,0.000000,0.000000,0.000000,0.000000,0.000000,0.000000,0.000000,0.330000,0.000000,0.000000
1777206711.081764,0,0.000000,0.000000,0.000000,0.000000,0.000000,0.000000,0.000000,0.370000,0.140000,0.000000
1777206711.097147,0,0.000000,0.000000,0.000000,0.000000,0.000000,0.000000,0.000000,0.360000,0.140000,0.000000
1777206711.113069,0,0.000000,0.000000,0.000000,0.000000,0.000000,0.000000,0.000000,0.310000,0.140000,0.000000
1777206711.150937,0,0.000000,0.000000,0.000000,0.000000,0.000000,0.000000,0.000000,0.360000,0.000000,0.000000
1777206711.152468,0,0.000000,0.000000,0.000000,0.000000,0.000000,0.000000,0.000000,0.360000,0.140000,0.000000
1777206711.163033,0,0.000000,0.000000,0.000000,0.000000,0.000000,0.000000,0.000000,0.360000,0.140000,0.000000
1777206711.171041,0,0.000000,0.000000,0.000000,0.000000,0.000000,0.000000,0.000000,0.370000,0.000000,0.000000
1777206711.186181,0,0.000000,0.000000,0.000000,0.000000,0.000000,0.000000,0.000000,0.370000,0.140000,0.000000
1777206711.210956,0,0.000000,0.000000,0.000000,0.000000,0.000000,0.000000,0.000000,0.380000,0.000000,0.020000
1777206711.222275,0,0.000000,0.000000,0.000000,0.000000,0.000000,0.000000,0.000000,0.400000,0.000000,0.020000
1777206711.223374,0,0.000000,0.000000,0.000000,0.000000,0.000000,0.000000,0.000000,0.360000,0.140000,0.020000
1777206711.255116,0,0.000000,0.000000,0.000000,0.000000,0.000000,0.000000,0.000000,0.500000,0.000000,0.000000
1777206711.260923,0,0.000000,0.000000,0.000000,0.000000,0.000000,0.000000,0.000000,0.370000,0.000000,0.020000
1777206711.315773,0,0.000000,0.000000,0.000000,0.000000,0.000000,0.000000,0.000000,0.340000,0.000000,0.000000
1777206711.350604,0,0.000000,0.000000,0.000000,0.000000,0.000000,0.000000,0.000000,0.360000,0.000000,0.020000
1777206711.380429,0,0.000000,0.000000,0.000000,0.000000,0.000000,0.000000,0.000000,0.360000,0.000000,0.000000
1777206711.380927,0,0.000000,0.000000,0.000000,0.000000,0.000000,0.000000,0.000000,0.370000,0.000000,0.020000
1777206711.381315,0,0.000000,0.000000,0.000000,0.000000,0.000000,0.000000,0.000000,0.340000,0.000000,0.000000
1777206711.411267,0,0.000000,0.000000,0.000000,0.000000,0.000000,0.000000,0.000000,0.370000,0.140000,0.000000
1777206711.411780,0,0.000000,0.000000,0.000000,0.000000,0.000000,0.000000,0.000000,0.360000,0.410000,0.000000
1777206711.440849,0,0.000000,0.000000,0.000000,0.000000,0.000000,0.000000,0.000000,0.380000,0.000000,0.000000
1777206711.441360,0,0.000000,0.000000,0.000000,0.000000,0.000000,0.000000,0.000000,0.340000,0.000000,0.000000
1777206711.441745,0,0.000000,0.000000,0.000000,0.000000,0.000000,0.000000,0.000000,0.380000,0.000000,0.000000
1777206711.471449,0,0.000000,0.000000,0.000000,0.000000,0.000000,0.000000,0.000000,0.400000,0.280000,0.000000
1777206711.471954,0,0.000000,5.000000,0.000000,5.000000,0.000000,0.000000,0.000000,0.330000,0.140000,0.000000
1777206711.496112,0,0.000000,5.000000,0.000000,5.000000,0.000000,0.000000,0.000000,0.380000,0.140000,0.000000
1777206711.496614,0,0.000000,5.000000,0.000000,5.000000,0.000000,0.000000,0.000000,0.360000,0.410000,0.000000
1777206711.519456,0,0.000000,5.000000,0.000000,5.000000,0.000000,0.000000,0.000000,0.340000,0.140000,0.000000
1777206711.520101,0,0.000000,5.000000,0.000000,5.000000,0.000000,0.000000,0.000000,0.430000,0.000000,0.000000
1777206711.542726,0,0.000000,5.000000,0.000000,5.000000,0.000000,0.000000,0.000000,0.330000,0.000000,0.000000
1777206711.565412,0,0.000000,5.000000,0.000000,5.000000,0.000000,0.000000,0.000000,0.340000,0.000000,0.000000
1777206711.587685,0,0.000000,5.000000,0.000000,5.000000,0.000000,0.000000,0.000000,0.400000,0.000000,0.000000
1777206711.588419,0,0.000000,5.000000,0.000000,5.000000,0.000000,0.000000,0.000000,0.380000,0.140000,0.020000
1777206711.610991,0,0.000000,5.000000,0.000000,5.000000,0.000000,0.000000,0.000000,0.410000,0.410000,0.000000
1777206711.611670,0,0.000000,5.000000,0.000000,5.000000,0.000000,0.000000,0.000000,0.400000,0.000000,0.000000
1777206711.633776,0,0.000000,5.000000,0.000000,5.000000,0.000000,0.000000,0.000000,0.370000,0.000000,0.000000
1777206711.655928,0,0.000000,5.000000,0.000000,5.000000,0.000000,0.000000,0.000000,0.360000,0.000000,0.000000
1777206711.677837,0,0.000000,5.000000,0.000000,5.000000,0.000000,0.000000,0.000000,0.380000,0.000000,0.000000
1777206711.678508,0,0.000000,5.000000,0.000000,5.000000,0.000000,0.000000,0.000000,0.500000,0.000000,0.000000
1777206711.701091,0,0.000000,5.000000,0.000000,5.000000,0.000000,0.000000,0.000000,0.370000,0.140000,0.000000
1777206711.701763,0,0.000000,5.000000,0.000000,5.000000,0.000000,0.000000,0.000000,0.330000,0.000000,0.000000
1777206711.723898,0,0.000000,5.000000,0.000000,5.000000,0.000000,0.000000,0.000000,0.340000,0.140000,0.000000
1777206711.745775,0,0.000000,5.000000,0.000000,5.000000,0.000000,0.000000,0.000000,0.330000,0.140000,0.000000
1777206711.768131,0,0.000000,5.000000,0.000000,5.000000,0.000000,0.000000,0.000000,0.300000,0.140000,0.000000
1777206711.768758,0,0.000000,5.000000,0.000000,5.000000,0.000000,0.000000,0.000000,0.330000,0.000000,0.000000
1777206711.790874,0,0.000000,5.000000,0.000000,5.000000,0.000000,0.000000,0.000000,0.310000,0.000000,0.000000
1777206711.814130,0,0.000000,5.000000,0.000000,5.000000,0.000000,0.000000,0.000000,0.400000,0.140000,0.000000
1777206711.814808,0,0.000000,5.000000,0.000000,5.000000,0.000000,0.000000,0.000000,0.370000,0.000000,0.000000
1777206711.862515,0,0.000000,5.000000,0.000000,5.000000,0.000000,0.000000,0.000000,0.370000,0.140000,0.000000
1777206711.863292,0,0.000000,5.000000,0.000000,5.000000,0.000000,0.000000,0.000000,0.360000,0.000000,0.000000
1777206711.863696,0,0.000000,5.000000,0.000000,5.000000,0.000000,0.000000,0.000000,0.400000,0.140000,0.000000
1777206711.866311,0,0.000000,5.000000,0.000000,5.000000,0.000000,0.000000,0.000000,0.370000,0.000000,0.000000
1777206711.890745,0,0.000000,5.000000,0.000000,5.000000,0.000000,0.000000,0.000000,0.380000,0.140000,0.020000
1777206711.913560,0,0.000000,5.000000,0.000000,5.000000,0.000000,0.000000,0.000000,0.360000,0.000000,0.000000
1777206711.936266,0,0.000000,5.000000,0.000000,5.000000,0.000000,0.000000,0.000000,0.360000,0.000000,0.000000
1777206711.958867,0,0.000000,5.000000,0.000000,5.000000,0.000000,0.000000,0.000000,0.340000,0.140000,0.020000
1777206711.959369,0,0.000000,5.000000,0.000000,5.000000,0.000000,0.000000,0.000000,0.340000,0.000000,0.000000
1777206712.001868,0,0.000000,5.000000,0.000000,5.000000,0.000000,0.000000,0.000000,0.360000,0.000000,0.000000
1777206712.002374,0,0.000000,5.000000,0.000000,5.000000,0.000000,0.000000,0.000000,0.380000,0.000000,0.000000
1777206712.002760,0,0.000000,5.000000,0.000000,5.000000,0.000000,0.000000,0.000000,0.400000,0.000000,0.000000
1777206712.003190,0,0.000000,5.000000,0.000000,5.000000,0.000000,0.000000,0.000000,0.330000,0.000000,0.150000
1777206712.044457,0,0.000000,5.000000,0.000000,5.000000,0.000000,0.000000,0.000000,0.370000,0.000000,0.000000
1777206712.044992,0,0.000000,5.000000,0.000000,5.000000,0.000000,0.000000,0.000000,0.400000,0.000000,0.000000
1777206712.045554,0,0.000000,5.000000,0.000000,5.000000,0.000000,0.000000,0.000000,0.330000,0.000000,0.000000
1777206712.085199,0,0.000000,5.000000,0.000000,5.000000,0.000000,0.000000,0.000000,0.380000,0.000000,0.000000
1777206712.085926,0,0.000000,5.000000,0.000000,5.000000,0.000000,0.000000,0.000000,0.370000,0.000000,0.000000
1777206712.086358,0,0.000000,5.000000,0.000000,5.000000,0.000000,0.000000,0.000000,0.360000,0.000000,0.000000
1777206712.126056,0,0.000000,5.000000,0.000000,5.000000,0.000000,0.000000,0.000000,0.310000,0.140000,0.150000
1777206712.126878,0,0.000000,5.000000,0.000000,5.000000,0.000000,0.000000,0.000000,0.360000,0.000000,0.000000
1777206712.148516,0,0.000000,5.000000,0.000000,5.000000,0.000000,0.000000,0.000000,0.330000,0.000000,0.000000
1777206712.190324,0,0.000000,5.000000,0.000000,5.000000,0.000000,0.000000,0.000000,0.410000,0.140000,0.000000
1777206712.190845,0,0.000000,5.000000,0.000000,5.000000,0.000000,0.000000,0.000000,0.360000,0.000000,0.000000
1777206712.191406,0,0.000000,5.000000,0.000000,5.000000,0.000000,0.000000,0.000000,0.370000,0.140000,0.000000
1777206712.191801,0,0.000000,5.000000,0.000000,5.000000,0.000000,0.000000,0.000000,0.430000,0.280000,0.020000
1777206712.231204,0,0.000000,5.000000,0.000000,5.000000,0.000000,0.000000,0.000000,0.430000,0.000000,0.000000
1777206712.231744,0,0.000000,5.000000,0.000000,5.000000,0.000000,0.000000,0.000000,0.380000,0.140000,0.000000
1777206712.253427,0,0.000000,5.000000,0.000000,5.000000,0.000000,0.000000,0.000000,0.430000,0.000000,0.000000
1777206712.294569,0,0.000000,5.000000,0.000000,5.000000,0.000000,0.000000,0.000000,0.310000,0.140000,0.000000
1777206712.295093,0,0.000000,5.000000,0.000000,5.000000,0.000000,0.000000,0.000000,0.310000,0.140000,0.000000
1777206712.296123,0,0.000000,5.000000,0.000000,5.000000,0.000000,0.000000,0.000000,0.360000,0.140000,0.000000
1777206712.337322,0,0.000000,5.000000,0.000000,5.000000,0.000000,0.000000,0.000000,0.340000,0.000000,0.000000
1777206712.337841,0,0.000000,5.000000,0.000000,5.000000,0.000000,0.000000,0.000000,0.370000,0.140000,0.000000
1777206712.338797,0,0.000000,5.000000,0.000000,5.000000,0.000000,0.000000,0.000000,0.330000,0.140000,0.000000
1777206712.378659,0,0.000000,5.000000,0.000000,5.000000,0.000000,0.000000,0.000000,0.280000,0.000000,0.360000
1777206712.379202,0,0.000000,5.000000,0.000000,5.000000,0.000000,0.000000,0.000000,0.280000,0.140000,0.100000
1777206712.380152,0,0.000000,5.000000,0.000000,5.000000,0.000000,0.000000,0.000000,0.310000,0.000000,0.020000
1777206712.419761,0,0.000000,5.000000,0.000000,5.000000,0.000000,0.000000,0.000000,0.360000,0.140000,0.000000
1777206712.420251,0,0.000000,5.000000,0.000000,5.000000,0.000000,0.000000,0.000000,0.300000,0.000000,0.000000
1777206712.420799,0,0.000000,5.000000,0.000000,5.000000,0.000000,0.000000,0.000000,0.370000,0.000000,0.000000
1777206712.460338,0,0.000000,5.000000,0.000000,5.000000,0.000000,0.000000,0.000000,0.370000,0.000000,0.000000
1777206712.461035,0,0.000000,5.000000,0.000000,5.000000,0.000000,0.000000,0.000000,0.400000,0.280000,0.000000
1777206712.461465,0,0.000000,5.000000,0.000000,5.000000,0.000000,0.000000,0.000000,0.330000,0.140000,0.020000
1777206712.501157,0,0.000000,5.000000,0.000000,5.000000,0.000000,0.000000,0.000000,0.360000,0.140000,0.000000
1777206712.501961,0,0.000000,5.000000,0.000000,5.000000,0.000000,0.000000,0.000000,0.310000,0.000000,0.000000
1777206712.525252,0,0.000000,5.000000,0.000000,5.000000,0.000000,0.000000,0.000000,0.340000,0.140000,0.050000
1777206712.548212,0,0.000000,5.000000,0.000000,5.000000,0.000000,0.000000,0.000000,0.490000,0.140000,0.000000
1777206712.570160,0,0.000000,5.000000,0.000000,5.000000,0.000000,0.000000,0.000000,0.360000,0.000000,0.000000
1777206712.570891,0,0.000000,5.000000,0.000000,5.000000,0.000000,0.000000,0.000000,0.370000,0.000000,0.000000
1777206712.593819,0,0.000000,5.000000,0.000000,5.000000,0.000000,0.000000,0.000000,0.340000,0.000000,0.000000
1777206712.616475,0,0.000000,5.000000,0.000000,5.000000,0.000000,0.000000,0.000000,0.340000,0.000000,0.000000
1777206712.639948,0,0.000000,5.000000,0.000000,5.000000,0.000000,0.000000,0.000000,0.340000,0.000000,0.230000
1777206712.640533,0,0.000000,5.000000,0.000000,5.000000,0.000000,0.000000,0.000000,0.310000,0.000000,0.000000
1777206712.662226,0,0.000000,5.000000,0.000000,5.000000,0.000000,0.000000,0.000000,0.360000,0.000000,0.000000
1777206712.662765,0,0.000000,5.000000,0.000000,5.000000,0.000000,0.000000,0.000000,0.360000,0.000000,0.000000
1777206712.686041,0,0.000000,5.000000,0.000000,5.000000,0.000000,0.000000,0.000000,0.340000,0.140000,0.000000
1777206712.708472,0,0.000000,5.000000,0.000000,5.000000,0.000000,0.000000,0.000000,0.380000,0.140000,0.000000
1777206712.708982,0,0.000000,5.000000,0.000000,5.000000,0.000000,0.000000,0.000000,0.370000,0.140000,0.000000
1777206712.750041,0,0.000000,5.000000,0.000000,5.000000,0.000000,0.000000,0.000000,0.330000,0.000000,0.020000
1777206712.750571,0,0.000000,5.000000,0.000000,5.000000,0.000000,0.000000,0.000000,0.380000,0.000000,0.000000
1777206712.750978,0,0.000000,5.000000,0.000000,5.000000,0.000000,0.000000,0.000000,0.370000,0.140000,0.000000
1777206712.773455,0,0.000000,5.000000,0.000000,5.000000,0.000000,0.000000,0.000000,0.380000,0.000000,0.000000
1777206712.796628,0,0.000000,5.000000,0.000000,5.000000,0.000000,0.000000,0.000000,0.340000,0.140000,0.000000
1777206712.824407,0,0.000000,5.000000,0.000000,5.000000,0.000000,0.000000,0.000000,0.340000,0.140000,0.000000
1777206712.825207,0,0.000000,5.000000,0.000000,5.000000,0.000000,0.000000,0.000000,0.340000,0.140000,0.000000
1777206712.854323,0,0.000000,5.000000,0.000000,5.000000,0.000000,0.000000,0.000000,0.400000,0.280000,0.000000
1777206712.877443,0,0.000000,5.000000,0.000000,5.000000,0.000000,0.000000,0.000000,0.400000,0.000000,0.000000
1777206712.878024,0,0.000000,5.000000,0.000000,5.000000,0.000000,0.000000,0.000000,0.340000,0.000000,0.000000
1777206712.901697,0,0.000000,5.000000,0.000000,5.000000,0.000000,0.000000,0.000000,0.410000,0.140000,0.000000
1777206712.902487,0,0.000000,5.000000,0.000000,5.000000,0.000000,0.000000,0.000000,0.400000,0.140000,0.000000
1777206712.925820,0,0.000000,5.000000,0.000000,5.000000,0.000000,0.000000,0.000000,0.330000,0.000000,0.000000
1777206712.926379,0,0.000000,5.000000,0.000000,5.000000,0.000000,0.000000,0.000000,0.310000,0.280000,0.000000
1777206712.949314,0,0.000000,5.000000,0.000000,5.000000,0.000000,0.000000,0.000000,0.340000,0.410000,0.000000
1777206712.972775,0,0.000000,5.000000,0.000000,5.000000,0.000000,0.000000,0.000000,0.410000,0.000000,0.000000
1777206712.996185,0,0.000000,5.000000,0.000000,5.000000,0.000000,0.000000,0.000000,0.370000,0.000000,0.020000
1777206712.996666,0,0.000000,5.000000,0.000000,5.000000,0.000000,0.000000,0.000000,0.370000,0.000000,0.000000
1777206713.019896,0,0.000000,5.000000,0.000000,5.000000,0.000000,0.000000,0.000000,0.380000,0.410000,0.000000
1777206713.020388,0,0.000000,5.000000,0.000000,5.000000,0.000000,0.000000,0.000000,0.370000,0.000000,0.000000
1777206713.043591,0,0.000000,5.000000,0.000000,5.000000,0.000000,0.000000,0.000000,0.750000,0.000000,0.000000
1777206713.044220,0,0.000000,5.000000,0.000000,5.000000,0.000000,0.000000,0.000000,0.370000,0.000000,0.000000
1777206713.067033,0,0.000000,5.000000,0.000000,5.000000,0.000000,0.000000,0.000000,0.410000,0.280000,0.000000
1777206713.067693,0,0.000000,5.000000,0.000000,5.000000,0.000000,0.000000,0.000000,0.410000,0.140000,0.000000
1777206713.091017,0,0.000000,5.000000,0.000000,5.000000,0.000000,0.000000,0.000000,0.430000,0.000000,0.000000
1777206713.113438,0,0.000000,5.000000,0.000000,5.000000,0.000000,0.000000,0.000000,0.360000,0.140000,0.020000
1777206713.136224,0,0.000000,5.000000,0.000000,5.000000,0.000000,0.000000,0.000000,0.600000,0.140000,0.000000
1777206713.158944,0,0.000000,5.000000,0.000000,5.000000,0.000000,0.000000,0.000000,0.330000,0.140000,0.020000
1777206713.159424,0,0.000000,5.000000,0.000000,5.000000,0.000000,0.000000,0.000000,0.380000,0.140000,0.000000
1777206713.181835,0,0.000000,5.000000,0.000000,5.000000,0.000000,0.000000,0.000000,0.180000,0.000000,0.000000
1777206713.182331,0,0.000000,5.000000,0.000000,5.000000,0.000000,0.000000,0.000000,0.340000,0.000000,0.000000
1777206713.205191,0,0.000000,5.000000,0.000000,5.000000,0.000000,0.000000,0.000000,0.360000,0.000000,0.000000
1777206713.228767,0,0.000000,5.000000,0.000000,5.000000,0.000000,0.000000,0.000000,0.360000,0.000000,0.000000
1777206713.251206,0,0.000000,5.000000,0.000000,5.000000,0.000000,0.000000,0.000000,0.330000,0.000000,0.020000
1777206713.251711,0,0.000000,5.000000,0.000000,5.000000,0.000000,0.000000,0.000000,0.370000,0.140000,0.000000
1777206713.274101,0,0.000000,5.000000,0.000000,5.000000,0.000000,0.000000,0.000000,0.360000,0.000000,0.000000
1777206713.297340,0,0.000000,5.000000,0.000000,5.000000,0.000000,0.000000,0.000000,0.370000,0.280000,0.000000
1777206713.297899,0,0.000000,5.000000,0.000000,5.000000,0.000000,0.000000,0.000000,0.380000,0.000000,0.000000
1777206713.320937,0,0.000000,5.000000,0.000000,5.000000,0.000000,0.000000,0.000000,0.360000,0.000000,0.000000
1777206713.321432,0,0.000000,5.000000,0.000000,5.000000,0.000000,0.000000,0.000000,0.550000,0.000000,0.000000
1777206713.344582,0,0.000000,5.000000,0.000000,5.000000,0.000000,0.000000,0.000000,0.340000,0.000000,0.000000
1777206713.366681,0,0.000000,5.000000,0.000000,5.000000,0.000000,0.000000,0.000000,0.400000,0.000000,0.000000
1777206713.367173,0,0.000000,5.000000,0.000000,5.000000,0.000000,0.000000,0.000000,0.370000,0.280000,0.020000
1777206713.389147,0,0.000000,5.000000,0.000000,5.000000,0.000000,0.000000,0.000000,0.370000,0.140000,0.000000
1777206713.412474,0,0.000000,5.000000,0.000000,5.000000,0.000000,0.000000,0.000000,0.370000,0.140000,0.000000
1777206713.435874,0,0.000000,5.000000,0.000000,5.000000,0.000000,0.000000,0.000000,0.340000,0.000000,0.000000
1777206713.436367,0,0.000000,5.000000,0.000000,5.000000,0.000000,0.000000,0.000000,0.330000,0.000000,0.000000
1777206713.436760,0,0.000000,5.000000,0.000000,5.000000,0.000000,0.000000,0.000000,0.330000,0.000000,0.000000
1777206713.458922,0,0.000000,5.000000,0.000000,5.000000,0.000000,0.000000,0.000000,0.370000,0.140000,0.000000
1777206713.481143,0,0.000000,5.000000,0.000000,5.000000,0.000000,0.000000,0.000000,0.380000,0.140000,0.000000
1777206713.481625,0,0.000000,5.000000,0.000000,5.000000,0.000000,0.000000,0.000000,0.380000,0.000000,0.020000
1777206713.504338,0,0.000000,5.000000,0.000000,5.000000,0.000000,0.000000,0.000000,0.380000,0.000000,0.000000
1777206713.527172,0,0.000000,5.000000,0.000000,5.000000,0.000000,0.000000,0.000000,0.380000,0.000000,0.000000
1777206713.527678,0,0.000000,5.000000,0.000000,5.000000,0.000000,0.000000,0.000000,0.400000,0.000000,0.000000
1777206713.551707,0,0.000000,5.000000,0.000000,5.000000,0.000000,0.000000,0.000000,0.370000,0.000000,0.000000
1777206713.574292,0,0.000000,5.000000,0.000000,5.000000,0.000000,0.000000,0.000000,0.300000,0.000000,0.000000
1777206713.597127,0,0.000000,5.000000,0.000000,5.000000,0.000000,0.000000,0.000000,0.360000,0.000000,0.000000
1777206713.597620,0,0.000000,5.000000,0.000000,5.000000,0.000000,0.000000,0.000000,0.360000,0.000000,0.000000
1777206713.620608,0,0.000000,5.000000,0.000000,5.000000,0.000000,0.000000,0.000000,0.330000,0.000000,0.000000
1777206713.621843,0,0.000000,5.000000,0.000000,5.000000,0.000000,0.000000,0.000000,0.380000,0.000000,0.000000
1777206713.644628,0,0.000000,5.000000,0.000000,5.000000,0.000000,0.000000,0.000000,0.400000,0.140000,0.000000
1777206713.645243,0,0.000000,5.000000,0.000000,5.000000,0.000000,0.000000,0.000000,0.360000,0.140000,0.000000
1777206713.667272,0,0.000000,5.000000,0.000000,5.000000,0.000000,0.000000,0.000000,0.380000,0.000000,0.000000
1777206713.689655,0,0.000000,5.000000,0.000000,5.000000,0.000000,0.000000,0.000000,0.370000,0.000000,0.000000
1777206713.690148,0,0.000000,5.000000,0.000000,5.000000,0.000000,0.000000,0.000000,0.370000,0.140000,0.000000
1777206713.730330,0,0.000000,5.000000,0.000000,5.000000,0.000000,0.000000,0.000000,0.360000,0.000000,0.000000
1777206713.730848,0,0.000000,5.000000,0.000000,5.000000,0.000000,0.000000,0.000000,0.310000,0.000000,0.000000
1777206713.731437,0,0.000000,5.000000,0.000000,5.000000,0.000000,0.000000,0.000000,0.400000,0.280000,0.000000
1777206713.731839,0,0.000000,5.000000,0.000000,5.000000,0.000000,0.000000,0.000000,0.380000,1.130000,0.020000
1777206713.770874,0,0.000000,5.000000,0.000000,5.000000,0.000000,0.000000,0.000000,0.400000,0.000000,0.000000
1777206713.771548,0,0.000000,5.000000,0.000000,5.000000,0.000000,0.000000,0.000000,0.360000,0.140000,0.000000
1777206713.810995,0,0.000000,5.000000,0.000000,5.000000,0.000000,0.000000,0.000000,0.370000,0.000000,0.020000
1777206713.811520,0,0.000000,5.000000,0.000000,5.000000,0.000000,0.000000,0.000000,0.340000,0.000000,0.020000
1777206713.812079,0,0.000000,5.000000,0.000000,5.000000,0.000000,0.000000,0.000000,0.370000,0.000000,0.000000
1777206713.857800,0,0.000000,5.000000,0.000000,5.000000,0.000000,0.000000,0.000000,0.430000,0.000000,0.020000
1777206713.858313,0,0.000000,5.000000,0.000000,5.000000,0.000000,0.000000,0.000000,0.370000,0.140000,0.000000
1777206713.858854,0,0.000000,5.000000,0.000000,5.000000,0.000000,0.000000,0.000000,0.370000,0.140000,0.000000
1777206713.899780,0,0.000000,5.000000,0.000000,5.000000,0.000000,0.000000,0.000000,0.370000,0.140000,0.000000
1777206713.900498,0,0.000000,5.000000,0.000000,5.000000,0.000000,0.000000,0.000000,0.340000,0.000000,0.000000
1777206713.940950,0,0.000000,5.000000,0.000000,5.000000,0.000000,0.000000,0.000000,0.340000,0.000000,0.000000
1777206713.941468,0,0.000000,5.000000,0.000000,5.000000,0.000000,0.000000,0.000000,0.370000,0.140000,0.000000
1777206713.942332,0,0.000000,5.000000,0.000000,5.000000,0.000000,0.000000,0.000000,0.250000,0.000000,0.000000
1777206713.964420,0,0.000000,5.000000,0.000000,5.000000,0.000000,0.000000,0.000000,0.370000,0.140000,0.000000
1777206713.987365,0,0.000000,5.000000,0.000000,5.000000,0.000000,0.000000,0.000000,0.380000,0.000000,0.000000
1777206714.011646,0,0.000000,5.000000,0.000000,5.000000,0.000000,0.000000,0.000000,0.340000,0.000000,0.000000
1777206714.012542,0,0.000000,5.000000,0.000000,5.000000,0.000000,0.000000,0.000000,0.360000,0.000000,0.000000
1777206714.035226,0,0.000000,5.000000,0.000000,5.000000,0.000000,0.000000,0.000000,0.310000,0.000000,0.000000
1777206714.058165,0,0.000000,5.000000,0.000000,5.000000,0.000000,0.000000,0.000000,0.360000,0.000000,0.000000
1777206714.081667,0,0.000000,5.000000,0.000000,5.000000,0.000000,0.000000,0.000000,0.360000,0.000000,0.000000
1777206714.082156,0,0.000000,5.000000,0.000000,5.000000,0.000000,0.000000,0.000000,0.380000,0.000000,0.000000
1777206714.105099,0,0.000000,5.000000,0.000000,5.000000,0.000000,0.000000,0.000000,0.370000,0.000000,0.000000
1777206714.105725,0,0.000000,5.000000,0.000000,5.000000,0.000000,0.000000,0.000000,0.370000,0.000000,0.000000
1777206714.128514,0,0.000000,5.000000,0.000000,5.000000,0.000000,0.000000,0.000000,0.410000,0.140000,0.020000
1777206714.151742,0,0.000000,5.000000,0.000000,5.000000,0.000000,0.000000,0.000000,0.370000,0.140000,0.000000
1777206714.174981,0,0.000000,5.000000,0.000000,5.000000,0.000000,0.000000,0.000000,0.370000,0.140000,0.000000
1777206714.175476,0,0.000000,5.000000,0.000000,5.000000,0.000000,0.000000,0.000000,0.370000,0.140000,0.000000
1777206714.198488,0,0.000000,5.000000,0.000000,5.000000,0.000000,0.000000,0.000000,0.370000,0.000000,0.000000
1777206714.199006,0,0.000000,5.000000,0.000000,5.000000,0.000000,0.000000,0.000000,0.410000,0.140000,0.020000
1777206714.221724,0,0.000000,5.000000,0.000000,5.000000,0.000000,0.000000,0.000000,0.370000,0.000000,0.000000
1777206714.243700,0,0.000000,5.000000,0.000000,5.000000,0.000000,0.000000,0.000000,0.380000,0.280000,0.000000
1777206714.266062,0,0.000000,5.000000,0.000000,5.000000,0.000000,0.000000,0.000000,0.340000,0.000000,0.020000
1777206714.266561,0,0.000000,5.000000,0.000000,5.000000,0.000000,0.000000,0.000000,0.360000,0.000000,0.000000
1777206714.289323,0,0.000000,5.000000,0.000000,5.000000,0.000000,0.000000,0.000000,0.360000,0.140000,0.020000
1777206714.312165,0,0.000000,5.000000,0.000000,5.000000,0.000000,0.000000,0.000000,0.370000,0.000000,0.000000
1777206714.336639,0,0.000000,5.000000,0.000000,5.000000,0.000000,0.000000,0.000000,0.380000,0.000000,0.000000
1777206714.337142,0,0.000000,5.000000,0.000000,5.000000,0.000000,0.000000,0.000000,0.360000,0.000000,0.000000
1777206714.337623,0,0.000000,5.000000,0.000000,5.000000,0.000000,0.000000,0.000000,0.370000,0.000000,0.000000
1777206714.360231,0,0.000000,5.000000,0.000000,5.000000,0.000000,0.000000,0.000000,0.370000,0.000000,0.000000
1777206714.383434,0,0.000000,5.000000,0.000000,5.000000,0.000000,0.000000,0.000000,0.380000,0.000000,0.000000
1777206714.406420,0,0.000000,5.000000,0.000000,5.000000,0.000000,0.000000,0.000000,0.360000,0.140000,0.000000
1777206714.406930,0,0.000000,5.000000,0.000000,5.000000,0.000000,0.000000,0.000000,0.360000,0.000000,0.000000
1777206714.429146,0,0.000000,5.000000,0.000000,5.000000,0.000000,0.000000,0.000000,0.380000,0.140000,0.000000
1777206714.429649,0,0.000000,5.000000,0.000000,5.000000,0.000000,0.000000,0.000000,0.360000,0.140000,0.020000
1777206714.452444,0,0.000000,5.000000,0.000000,5.000000,0.000000,0.000000,0.000000,0.380000,0.000000,0.000000
1777206714.452938,0,0.000000,5.000000,0.000000,5.000000,0.000000,0.000000,0.000000,0.360000,0.000000,0.000000
1777206714.493662,0,0.000000,5.000000,0.000000,5.000000,0.000000,0.000000,0.000000,0.330000,0.000000,0.000000
1777206714.494184,0,0.000000,5.000000,0.000000,5.000000,0.000000,0.000000,0.000000,0.360000,0.000000,0.000000
1777206714.494677,0,0.000000,5.000000,0.000000,5.000000,0.000000,0.000000,0.000000,0.370000,0.140000,0.020000
1777206714.495077,0,0.000000,5.000000,0.000000,5.000000,0.000000,0.000000,0.000000,0.360000,0.140000,0.000000
1777206714.535168,0,0.000000,5.000000,0.000000,5.000000,0.000000,0.000000,0.000000,0.360000,0.000000,0.020000
1777206714.535870,0,0.000000,5.000000,0.000000,5.000000,0.000000,0.000000,0.000000,0.340000,0.140000,0.000000
1777206714.576503,0,0.000000,5.000000,0.000000,5.000000,0.000000,0.000000,0.000000,0.400000,0.000000,0.000000
1777206714.577179,0,0.000000,5.000000,0.000000,5.000000,0.000000,0.000000,0.000000,0.410000,0.000000,0.000000
1777206714.577617,0,0.000000,5.000000,0.000000,5.000000,0.000000,0.000000,0.000000,0.370000,0.000000,0.000000
1777206714.618167,0,0.000000,5.000000,0.000000,5.000000,0.000000,0.000000,0.000000,0.410000,0.140000,0.000000
1777206714.618680,0,0.000000,5.000000,0.000000,5.000000,0.000000,0.000000,0.000000,0.370000,0.140000,0.000000
1777206714.659095,0,0.000000,5.000000,0.000000,5.000000,0.000000,0.000000,0.000000,0.360000,0.000000,0.000000
1777206714.659620,0,0.000000,5.000000,0.000000,5.000000,0.000000,0.000000,0.000000,0.360000,0.000000,0.000000
1777206714.660174,0,0.000000,5.000000,0.000000,5.000000,0.000000,0.000000,0.000000,0.370000,0.140000,0.000000
1777206714.660595,0,0.000000,5.000000,0.000000,5.000000,0.000000,0.000000,0.000000,0.360000,0.000000,0.000000
1777206714.701101,0,0.000000,5.000000,0.000000,5.000000,0.000000,0.000000,0.000000,0.340000,0.000000,0.000000
1777206714.722515,0,0.000000,5.000000,0.000000,5.000000,0.000000,0.000000,0.000000,0.340000,0.280000,0.020000
1777206714.723048,0,0.000000,5.000000,0.000000,5.000000,0.000000,0.000000,0.000000,0.360000,0.000000,0.000000
1777206714.745008,0,0.000000,5.000000,0.000000,5.000000,0.000000,0.000000,0.000000,0.370000,0.140000,0.000000
1777206714.767483,0,0.000000,5.000000,0.000000,5.000000,0.000000,0.000000,0.000000,0.370000,0.000000,0.000000
1777206714.789839,0,0.000000,5.000000,0.000000,5.000000,0.000000,0.000000,0.000000,0.330000,0.000000,0.000000
1777206714.790496,0,0.000000,5.000000,0.000000,5.000000,0.000000,0.000000,0.000000,0.370000,0.000000,0.000000
1777206714.813445,0,0.000000,5.000000,0.000000,5.000000,0.000000,0.000000,0.000000,0.360000,0.000000,0.000000
1777206714.838373,0,0.000000,5.000000,0.000000,5.000000,0.000000,0.000000,0.000000,0.310000,0.140000,0.000000
1777206714.839054,0,0.000000,5.000000,0.000000,5.000000,0.000000,0.000000,0.000000,0.360000,0.280000,0.000000
1777206714.862303,0,0.000000,5.000000,0.000000,5.000000,0.000000,0.000000,0.000000,0.410000,0.140000,0.000000
1777206714.886326,0,0.000000,5.000000,0.000000,5.000000,0.000000,0.000000,0.000000,0.360000,0.410000,0.020000
1777206714.909172,0,0.000000,5.000000,0.000000,5.000000,0.000000,0.000000,0.000000,0.360000,0.140000,0.000000
1777206714.909665,0,0.000000,5.000000,0.000000,5.000000,0.000000,0.000000,0.000000,0.380000,0.000000,0.000000
1777206714.932499,0,0.000000,5.000000,0.000000,5.000000,0.000000,0.000000,0.000000,0.370000,0.140000,0.000000
1777206714.933052,0,0.000000,5.000000,0.000000,5.000000,0.000000,0.000000,0.000000,0.300000,0.000000,0.000000
1777206714.955944,0,0.000000,5.000000,0.000000,5.000000,0.000000,0.000000,0.000000,0.380000,0.140000,0.000000
1777206714.979152,0,0.000000,5.000000,0.000000,5.000000,0.000000,0.000000,0.000000,0.380000,0.140000,0.000000
1777206714.980061,0,0.000000,5.000000,0.000000,5.000000,0.000000,0.000000,0.000000,0.380000,0.000000,0.000000
1777206715.002857,0,0.000000,5.000000,0.000000,5.000000,0.000000,0.000000,0.000000,0.360000,0.000000,0.000000
1777206715.003475,0,0.000000,5.000000,0.000000,5.000000,0.000000,0.000000,0.000000,0.250000,0.000000,0.020000
1777206715.027120,0,0.000000,5.000000,0.000000,5.000000,0.000000,0.000000,0.000000,0.370000,0.140000,0.000000
1777206715.050705,0,0.000000,5.000000,0.000000,5.000000,0.000000,0.000000,0.000000,0.410000,0.000000,0.000000
1777206715.074916,0,0.000000,5.000000,0.000000,5.000000,0.000000,0.000000,0.000000,0.360000,0.000000,0.000000
1777206715.097138,0,0.000000,5.000000,0.000000,5.000000,0.000000,0.000000,0.000000,0.380000,0.280000,0.000000
1777206715.097724,0,0.000000,5.000000,0.000000,5.000000,0.000000,0.000000,0.000000,0.360000,0.280000,0.000000
1777206715.098398,0,0.000000,5.000000,0.000000,5.000000,0.000000,0.000000,0.000000,0.360000,0.000000,0.000000
1777206715.120883,0,0.000000,5.000000,0.000000,5.000000,0.000000,0.000000,0.000000,0.380000,0.000000,0.000000
1777206715.143151,0,0.000000,5.000000,0.000000,5.000000,0.000000,0.000000,0.000000,0.370000,0.000000,0.000000
1777206715.165523,0,0.000000,5.000000,0.000000,5.000000,0.000000,0.000000,0.000000,0.410000,0.000000,0.000000
1777206715.166011,0,0.000000,5.000000,0.000000,5.000000,0.000000,0.000000,0.000000,0.370000,0.140000,0.000000
1777206715.187951,0,0.000000,5.000000,0.000000,5.000000,0.000000,0.000000,0.000000,0.360000,0.000000,0.000000
1777206715.188539,0,0.000000,5.000000,0.000000,5.000000,0.000000,0.000000,0.000000,0.340000,0.000000,0.020000
1777206715.229016,0,0.000000,5.000000,0.000000,5.000000,0.000000,0.000000,0.000000,0.300000,0.000000,0.000000
1777206715.229561,0,0.000000,5.000000,0.000000,5.000000,0.000000,0.000000,0.000000,0.330000,0.000000,0.000000
1777206715.230130,0,0.000000,5.000000,0.000000,5.000000,0.000000,0.000000,0.000000,0.360000,0.000000,0.000000
1777206715.271113,0,0.000000,5.000000,0.000000,5.000000,0.000000,0.000000,0.000000,0.380000,0.000000,0.000000
1777206715.271723,0,0.000000,5.000000,0.000000,5.000000,0.000000,0.000000,0.000000,0.360000,0.410000,0.000000
1777206715.272439,0,0.000000,5.000000,0.000000,5.000000,0.000000,0.000000,0.000000,0.370000,0.000000,0.000000
1777206715.295340,0,0.000000,5.000000,0.000000,5.000000,0.000000,0.000000,0.000000,0.340000,0.000000,0.000000
1777206715.318162,0,0.000000,5.000000,0.000000,5.000000,0.000000,0.000000,0.000000,0.380000,0.140000,0.000000
1777206715.341283,0,0.000000,5.000000,0.000000,5.000000,0.000000,0.000000,0.000000,0.380000,0.000000,0.000000
1777206715.364075,0,0.000000,5.000000,0.000000,5.000000,0.000000,0.000000,0.000000,0.360000,0.000000,0.000000
1777206715.387501,0,0.000000,5.000000,0.000000,5.000000,0.000000,0.000000,0.000000,0.410000,0.140000,0.000000
1777206715.387994,0,0.000000,5.000000,0.000000,5.000000,0.000000,0.000000,0.000000,0.370000,0.000000,0.020000
1777206715.412463,0,0.000000,5.000000,0.000000,5.000000,0.000000,0.000000,0.000000,0.380000,0.140000,0.000000
1777206715.413313,0,0.000000,5.000000,0.000000,5.000000,0.000000,0.000000,0.000000,0.400000,0.000000,0.000000
1777206715.435545,0,0.000000,5.000000,0.000000,5.000000,0.000000,0.000000,0.000000,0.410000,0.140000,0.000000
1777206715.458183,0,0.000000,5.000000,0.000000,5.000000,0.000000,0.000000,0.000000,0.360000,0.140000,0.000000
1777206715.458685,0,0.000000,5.000000,0.000000,5.000000,0.000000,0.000000,0.000000,0.370000,0.280000,0.000000
1777206715.481051,0,0.000000,0.000000,0.000000,0.000000,0.000000,0.000000,0.000000,0.370000,0.000000,0.000000
1777206715.481639,0,0.000000,0.000000,0.000000,0.000000,0.000000,0.000000,0.000000,0.330000,0.000000,0.000000
1777206715.504117,0,0.000000,0.000000,0.000000,0.000000,0.000000,0.000000,0.000000,0.340000,0.410000,0.050000
1777206715.526088,0,0.000000,0.000000,0.000000,0.000000,0.000000,0.000000,0.000000,0.330000,0.000000,0.150000
1777206715.526691,0,0.000000,0.000000,0.000000,0.000000,0.000000,0.000000,0.000000,0.380000,0.140000,0.000000
1777206715.567701,0,0.000000,0.000000,0.000000,0.000000,0.000000,0.000000,0.000000,0.360000,0.000000,0.000000
1777206715.568248,0,0.000000,0.000000,0.000000,0.000000,0.000000,0.000000,0.000000,0.340000,0.000000,0.000000
1777206715.568645,0,0.000000,0.000000,0.000000,0.000000,0.000000,0.000000,0.000000,0.370000,0.140000,0.300000
1777206715.569035,0,0.000000,0.000000,0.000000,0.000000,0.000000,0.000000,0.000000,0.370000,0.000000,0.000000
1777206715.608682,0,0.000000,0.000000,0.000000,0.000000,0.000000,0.000000,0.000000,0.370000,0.000000,0.020000
1777206715.609368,0,0.000000,0.000000,0.000000,0.000000,0.000000,0.000000,0.000000,0.360000,0.000000,0.000000
1777206715.649234,0,0.000000,0.000000,0.000000,0.000000,0.000000,0.000000,0.000000,0.380000,0.280000,0.020000
1777206715.649964,0,0.000000,0.000000,0.000000,0.000000,0.000000,0.000000,0.000000,0.330000,0.000000,0.000000
1777206715.650378,0,0.000000,0.000000,0.000000,0.000000,0.000000,0.000000,0.000000,0.360000,0.000000,0.000000
1777206715.690868,0,0.000000,0.000000,0.000000,0.000000,0.000000,0.000000,0.000000,0.370000,0.000000,0.000000
1777206715.691623,0,0.000000,0.000000,0.000000,0.000000,0.000000,0.000000,0.000000,0.360000,0.140000,0.020000
1777206715.713785,0,0.000000,0.000000,0.000000,0.000000,0.000000,0.000000,0.000000,0.380000,0.000000,0.000000
1777206715.735729,0,0.000000,0.000000,0.000000,0.000000,0.000000,0.000000,0.000000,0.410000,0.000000,0.000000
1777206715.757625,0,0.000000,0.000000,0.000000,0.000000,0.000000,0.000000,0.000000,0.400000,0.000000,0.000000
1777206715.758382,0,0.000000,0.000000,0.000000,0.000000,0.000000,0.000000,0.000000,0.370000,0.180000,0.000000
1777206715.781365,0,0.000000,0.000000,0.000000,0.000000,0.000000,0.000000,0.000000,0.400000,0.000000,0.000000
1777206715.803888,0,0.000000,0.000000,0.000000,0.000000,0.000000,0.000000,0.000000,0.370000,0.000000,0.000000
1777206715.825694,0,0.000000,0.000000,0.000000,0.000000,0.000000,0.000000,0.000000,0.430000,0.000000,0.020000
1777206715.826225,0,0.000000,0.000000,0.000000,0.000000,0.000000,0.000000,0.000000,0.400000,0.180000,0.000000
1777206715.853246,0,0.000000,0.000000,0.000000,0.000000,0.000000,0.000000,0.000000,0.360000,0.180000,0.000000
1777206715.853853,0,0.000000,0.000000,0.000000,0.000000,0.000000,0.000000,0.000000,0.400000,0.550000,0.020000
1777206715.878567,0,0.000000,0.000000,0.000000,0.000000,0.230000,0.000000,0.000000,0.370000,0.360000,0.000000
1777206715.902087,0,0.000000,0.000000,0.000000,0.000000,0.800000,0.000000,0.000000,0.370000,0.000000,0.000000
1777206715.902572,0,0.000000,0.000000,0.000000,0.000000,1.000000,0.000000,0.000000,0.360000,0.180000,0.000000
1777206715.924831,0,0.000000,0.000000,0.000000,0.000000,1.000000,0.000000,0.000000,0.330000,0.000000,0.000000
1777206715.925314,0,0.000000,0.000000,0.000000,0.000000,0.250000,0.000000,0.000000,0.380000,0.180000,0.000000
1777206715.948375,0,0.000000,0.000000,0.000000,0.000000,0.940000,0.000000,0.000000,0.360000,0.180000,0.000000
1777206715.972347,0,0.000000,0.000000,0.000000,0.000000,0.230000,0.000000,0.000000,0.370000,0.000000,0.000000
1777206715.995485,0,0.000000,0.000000,0.000000,0.000000,0.000000,0.000000,0.000000,0.330000,0.550000,0.000000
1777206715.995974,0,0.000000,0.000000,0.000000,0.000000,0.120000,0.000000,0.000000,0.410000,0.000000,0.000000
1777206716.019429,0,0.000000,0.000000,0.000000,0.000000,1.000000,0.000000,0.000000,0.360000,0.000000,0.000000
1777206716.019922,0,0.000000,0.000000,0.000000,0.000000,0.000000,0.000000,0.000000,0.340000,0.360000,0.000000
1777206716.042548,0,0.000000,0.000000,0.000000,0.000000,1.000000,0.000000,0.000000,0.400000,0.000000,0.000000
1777206716.043282,0,0.000000,0.000000,0.000000,0.000000,0.000000,0.000000,0.000000,0.360000,0.360000,0.000000
1777206716.066204,0,0.000000,0.000000,0.000000,0.000000,0.170000,0.000000,0.000000,0.400000,0.000000,0.000000
1777206716.090966,0,0.000000,0.000000,0.000000,0.000000,0.770000,0.000000,0.000000,0.340000,0.000000,0.000000
1777206716.091565,0,0.000000,0.000000,0.000000,0.000000,1.000000,0.000000,0.000000,0.410000,0.000000,0.000000
1777206716.113709,0,0.000000,0.000000,0.000000,0.000000,0.050000,0.000000,0.000000,0.370000,0.360000,0.000000
1777206716.136639,0,0.000000,0.000000,0.000000,0.000000,0.510000,0.000000,0.000000,0.360000,0.180000,0.000000
1777206716.159936,0,0.000000,0.000000,0.000000,0.000000,1.000000,0.000000,0.000000,0.380000,0.180000,0.020000
1777206716.160438,0,0.000000,0.000000,0.000000,0.000000,1.000000,0.000000,0.000000,0.370000,0.000000,0.000000
1777206716.184023,0,0.000000,0.000000,0.000000,0.000000,1.000000,0.000000,0.000000,0.340000,0.000000,0.100000
1777206716.206737,0,0.000000,0.000000,0.000000,0.000000,0.000000,0.000000,0.000000,0.400000,0.550000,0.000000
1777206716.207232,0,0.000000,0.000000,0.000000,0.000000,0.330000,0.000000,0.000000,0.370000,0.180000,0.000000
1777206716.229742,0,0.000000,0.000000,0.000000,0.000000,0.140000,0.000000,0.000000,0.340000,0.180000,0.000000
1777206716.230439,0,0.000000,0.000000,0.000000,0.000000,0.050000,0.000000,0.000000,0.380000,0.000000,0.000000
1777206716.252935,0,0.000000,0.000000,0.000000,0.000000,0.600000,0.000000,0.000000,0.380000,0.180000,0.020000
1777206716.278088,0,0.000000,0.000000,0.000000,0.000000,0.550000,0.000000,0.000000,0.410000,0.360000,0.000000
1777206716.301330,0,0.000000,0.000000,0.000000,0.000000,0.370000,0.000000,0.000000,0.380000,0.000000,0.000000
1777206716.301820,0,0.000000,0.000000,0.000000,0.000000,0.460000,0.000000,0.000000,0.380000,0.000000,0.000000
1777206716.323961,0,0.000000,0.000000,0.000000,0.000000,1.000000,0.000000,0.000000,0.400000,0.000000,0.000000
1777206716.324463,0,0.000000,0.000000,0.000000,0.000000,0.560000,0.000000,0.000000,0.370000,0.000000,0.000000
1777206716.347664,0,0.000000,0.000000,0.000000,0.000000,0.460000,0.000000,0.000000,0.380000,0.000000,0.000000
1777206716.370250,0,0.000000,0.000000,0.000000,0.000000,1.000000,0.000000,0.000000,0.340000,0.000000,0.000000
1777206716.370771,0,0.000000,0.000000,0.000000,0.000000,1.000000,0.000000,0.000000,0.360000,0.000000,0.000000
1777206716.393665,0,0.000000,0.000000,0.000000,0.000000,1.000000,0.000000,0.000000,0.430000,0.000000,0.000000
1777206716.416048,0,0.000000,0.000000,0.000000,0.000000,0.100000,0.000000,0.000000,0.380000,0.180000,0.000000
1777206716.416551,0,0.000000,0.000000,0.000000,0.000000,0.880000,0.000000,0.000000,0.340000,0.000000,0.000000
1777206716.439171,0,0.000000,0.000000,0.000000,0.000000,0.300000,0.000000,0.000000,0.400000,0.180000,0.000000
1777206716.462162,0,0.000000,0.000000,0.000000,0.000000,0.630000,0.000000,0.000000,0.370000,0.000000,0.000000
1777206716.485076,0,0.000000,0.000000,0.000000,0.000000,0.180000,0.000000,0.000000,0.340000,0.180000,0.000000
1777206716.485596,0,0.000000,0.000000,0.000000,0.000000,0.330000,0.000000,0.000000,0.310000,0.180000,0.000000
1777206716.508777,0,0.000000,0.000000,0.000000,0.000000,0.200000,0.000000,0.000000,0.370000,0.000000,0.000000
1777206716.509264,0,0.000000,0.000000,0.000000,0.000000,0.090000,0.000000,0.000000,0.400000,0.180000,0.000000
1777206716.532463,0,0.000000,0.000000,0.000000,0.000000,0.500000,0.000000,0.000000,0.380000,0.000000,0.000000
1777206716.556285,0,0.000000,0.000000,0.000000,0.000000,1.000000,0.000000,0.000000,0.370000,0.180000,0.020000
1777206716.556798,0,0.000000,0.000000,0.000000,0.000000,1.000000,0.000000,0.000000,0.370000,0.000000,0.000000
1777206716.579900,0,0.000000,0.000000,0.000000,0.000000,0.280000,0.000000,0.000000,0.380000,0.180000,0.000000
1777206716.602573,0,0.000000,0.000000,0.000000,0.000000,0.750000,0.000000,0.000000,0.250000,0.180000,0.000000
1777206716.603060,0,0.000000,0.000000,0.000000,0.000000,0.000000,0.000000,0.000000,0.360000,1.100000,0.000000
1777206716.627397,0,0.000000,0.000000,0.000000,0.000000,1.000000,0.000000,0.000000,0.360000,0.180000,0.000000
1777206716.650209,0,0.000000,0.000000,0.000000,0.000000,0.370000,0.000000,0.000000,0.330000,0.000000,0.020000
1777206716.650740,0,0.000000,0.000000,0.000000,0.000000,1.000000,0.000000,0.000000,0.360000,0.180000,0.000000
1777206716.651286,0,0.000000,0.000000,0.000000,0.000000,1.000000,0.000000,0.000000,0.400000,0.000000,0.000000
1777206716.674349,0,0.000000,0.000000,0.000000,0.000000,0.280000,0.000000,0.000000,0.360000,0.180000,0.020000
1777206716.696777,0,0.000000,0.000000,0.000000,0.000000,1.000000,0.000000,0.000000,0.330000,0.000000,0.000000
1777206716.719920,0,0.000000,0.000000,0.000000,0.000000,0.000000,0.000000,0.000000,0.360000,0.360000,0.020000
1777206716.720406,0,0.000000,0.000000,0.000000,0.000000,1.000000,0.000000,0.000000,0.330000,0.000000,0.000000
1777206716.742493,0,0.000000,0.000000,0.000000,0.000000,1.000000,0.000000,0.000000,0.340000,0.180000,0.000000
1777206716.742978,0,0.000000,0.000000,0.000000,0.000000,0.000000,0.000000,0.000000,0.370000,0.360000,0.000000
1777206716.765275,0,0.000000,0.000000,0.000000,0.000000,1.000000,0.000000,0.000000,0.340000,0.180000,0.000000
1777206716.788329,0,0.000000,0.000000,0.000000,0.000000,1.000000,0.000000,0.000000,0.360000,0.000000,0.000000
1777206716.811053,0,0.000000,0.000000,0.000000,0.000000,1.000000,0.000000,0.000000,0.280000,0.180000,0.000000
1777206716.811557,0,0.000000,0.000000,0.000000,0.000000,0.140000,0.000000,0.000000,0.400000,0.000000,0.000000
1777206716.833684,0,0.000000,0.000000,0.000000,0.000000,0.250000,0.000000,0.000000,0.330000,0.000000,0.000000
1777206716.834187,0,0.000000,0.000000,0.000000,0.000000,0.330000,0.000000,0.000000,0.410000,0.000000,0.170000
1777206716.880303,0,0.000000,0.000000,0.000000,0.000000,1.000000,0.000000,0.000000,0.340000,0.180000,0.020000
1777206716.880833,0,0.000000,0.000000,0.000000,0.000000,1.000000,0.000000,0.000000,0.380000,0.000000,0.120000
1777206716.881255,0,0.000000,0.000000,0.000000,0.000000,0.430000,0.000000,0.000000,0.400000,0.360000,0.000000
1777206716.881847,0,0.000000,0.000000,0.000000,0.000000,1.000000,0.000000,0.000000,0.300000,0.180000,0.000000
1777206716.923071,0,0.000000,0.000000,0.000000,0.000000,0.210000,0.000000,0.000000,0.410000,0.000000,0.000000
1777206716.923757,0,0.000000,0.000000,0.000000,0.000000,1.000000,0.000000,0.000000,0.370000,0.000000,0.510000
1777206716.964068,0,0.000000,0.000000,0.000000,0.000000,0.000000,0.000000,0.000000,0.360000,0.550000,0.020000
1777206716.964578,0,0.000000,0.000000,0.000000,0.000000,0.360000,0.000000,0.000000,0.400000,0.180000,0.020000
1777206716.965243,0,0.000000,0.000000,0.000000,0.000000,0.540000,0.000000,0.000000,0.380000,0.180000,0.100000
1777206717.006355,0,0.000000,0.000000,0.000000,0.000000,0.370000,0.000000,0.000000,0.340000,0.180000,0.000000
1777206717.006860,0,0.000000,0.000000,0.000000,0.000000,0.000000,0.000000,0.000000,0.360000,0.550000,0.000000
1777206717.007475,0,0.000000,0.000000,0.000000,0.000000,1.000000,0.000000,0.000000,0.340000,0.000000,0.000000
1777206717.047081,0,0.000000,0.000000,0.000000,0.000000,0.000000,0.000000,0.000000,0.330000,0.360000,0.000000
1777206717.047600,0,0.000000,0.000000,0.000000,0.000000,0.000000,0.000000,0.000000,0.400000,0.550000,0.020000
1777206717.070322,0,0.000000,0.000000,0.000000,0.000000,0.100000,0.000000,0.000000,0.330000,0.360000,0.000000
1777206717.093642,0,0.000000,0.000000,0.000000,0.000000,0.880000,0.000000,0.000000,0.380000,0.180000,0.000000
1777206717.116448,0,0.000000,0.000000,0.000000,0.000000,0.200000,0.000000,0.000000,0.340000,0.000000,0.120000
1777206717.116939,0,0.000000,0.000000,0.000000,0.000000,0.400000,0.000000,0.000000,0.370000,0.000000,0.020000
1777206717.138889,0,0.000000,0.000000,0.000000,0.000000,1.000000,0.000000,0.000000,0.330000,0.180000,0.000000
1777206717.180239,0,0.000000,0.000000,0.000000,0.000000,1.000000,0.000000,0.000000,0.340000,0.180000,0.000000
1777206717.180768,0,0.000000,0.000000,0.000000,0.000000,0.170000,0.000000,0.000000,0.380000,0.180000,0.020000
1777206717.181178,0,0.000000,0.000000,0.000000,0.000000,0.230000,0.000000,0.000000,0.340000,0.360000,0.000000
1777206717.181618,0,0.000000,0.000000,0.000000,0.000000,0.800000,0.000000,0.000000,0.430000,0.180000,0.000000
1777206717.182112,0,0.000000,0.000000,0.000000,0.000000,0.000000,0.000000,0.110000,0.370000,0.550000,0.000000
1777206717.221736,0,0.000000,0.000000,0.000000,0.000000,0.090000,0.000000,0.310000,0.370000,0.360000,0.000000
1777206717.222236,0,0.000000,0.000000,0.000000,0.000000,0.750000,0.000000,0.460000,0.360000,0.000000,0.000000
1777206717.261973,0,0.000000,0.000000,0.000000,0.000000,1.000000,0.000000,0.630000,0.340000,0.000000,0.000000
1777206717.262654,0,0.000000,0.000000,0.000000,0.000000,0.230000,0.000000,0.810000,0.370000,0.180000,0.000000
1777206717.263062,0,0.000000,0.000000,0.000000,0.000000,0.300000,0.000000,1.000000,0.330000,0.000000,0.000000
1777206717.302547,0,0.000000,0.000000,0.000000,0.000000,0.940000,0.000000,1.000000,0.410000,0.000000,0.000000
1777206717.303222,0,0.000000,0.000000,0.000000,0.000000,1.000000,0.000000,1.000000,0.380000,0.180000,0.000000
1777206717.325481,0,0.000000,0.000000,0.000000,0.000000,1.000000,0.000000,1.000000,0.410000,0.000000,0.000000
1777206717.347855,0,0.000000,0.000000,0.000000,0.000000,1.000000,0.000000,0.020000,0.410000,0.000000,0.000000
1777206717.370614,0,0.000000,0.000000,0.000000,0.000000,0.120000,0.000000,0.150000,0.340000,0.000000,0.000000
1777206717.393857,0,0.000000,0.000000,0.000000,0.000000,0.770000,0.000000,0.250000,0.340000,0.000000,0.000000
1777206717.394753,0,0.000000,0.000000,0.000000,0.000000,0.140000,0.000000,0.370000,0.400000,0.000000,0.000000
1777206717.417193,0,0.000000,0.000000,0.000000,0.000000,0.100000,0.000000,0.470000,0.370000,0.180000,0.000000
1777206717.417783,0,0.000000,0.000000,0.000000,0.000000,0.000000,0.000000,0.600000,0.370000,0.360000,0.000000
1777206717.458238,0,0.000000,0.000000,0.000000,0.000000,0.750000,0.000000,0.700000,0.410000,0.000000,0.000000
1777206717.458755,0,0.000000,0.000000,0.000000,0.000000,1.000000,0.000000,0.810000,0.370000,0.000000,0.000000
1777206717.459211,0,0.000000,0.000000,0.000000,0.000000,0.280000,0.000000,0.930000,0.370000,0.180000,0.000000
1777206717.459608,0,0.000000,0.000000,0.000000,0.000000,0.200000,0.000000,1.000000,0.380000,0.180000,0.000000
1777206717.499776,0,0.000000,0.000000,0.000000,0.000000,0.820000,0.000000,1.000000,0.370000,0.180000,0.000000
1777206717.500456,0,0.000000,0.000000,0.000000,0.000000,1.000000,0.000000,0.000000,0.370000,0.000000,0.000000
1777206717.500868,0,0.000000,0.000000,0.000000,0.000000,1.000000,0.000000,0.110000,0.340000,0.180000,0.000000
1777206717.540822,0,0.000000,0.000000,0.000000,0.000000,1.000000,0.000000,0.230000,0.380000,0.000000,0.000000
1777206717.541512,0,0.000000,0.000000,0.000000,0.000000,1.000000,0.000000,0.340000,0.410000,0.180000,0.000000
1777206717.581603,0,0.000000,0.000000,0.000000,0.000000,1.000000,0.000000,0.440000,0.340000,0.180000,0.020000
1777206717.582114,0,0.000000,0.000000,0.000000,0.000000,0.280000,0.000000,0.560000,0.360000,0.000000,0.000000
1777206717.582690,0,0.000000,0.000000,0.000000,0.000000,0.070000,0.000000,0.680000,0.400000,0.000000,0.000000
1777206717.623062,0,0.000000,0.000000,0.000000,0.000000,0.720000,0.000000,0.800000,0.370000,0.000000,0.100000
1777206717.623774,0,0.000000,0.000000,0.000000,0.000000,1.000000,0.000000,0.910000,0.280000,0.180000,0.000000
1777206717.624204,0,0.000000,0.000000,0.000000,0.000000,1.000000,0.000000,1.000000,0.380000,0.000000,0.000000
1777206717.664473,0,0.000000,0.000000,0.000000,0.000000,1.000000,0.000000,0.050000,0.360000,0.180000,0.000000
1777206717.665296,0,0.000000,0.000000,0.000000,0.000000,0.280000,0.000000,0.150000,0.360000,0.000000,0.020000
1777206717.686804,0,0.000000,0.000000,0.000000,0.000000,0.100000,0.000000,0.250000,0.380000,0.000000,0.000000
1777206717.709678,0,0.000000,0.000000,0.000000,0.000000,0.560000,0.000000,0.360000,0.370000,0.180000,0.000000
1777206717.732326,0,0.000000,0.000000,0.000000,0.000000,1.000000,0.000000,0.440000,0.380000,0.000000,0.000000
1777206717.732952,0,0.000000,0.000000,0.000000,0.000000,1.000000,0.000000,0.550000,0.340000,0.180000,0.050000
1777206717.755354,0,0.000000,0.000000,0.000000,0.000000,1.000000,0.000000,0.640000,0.370000,0.000000,0.000000
1777206717.777786,0,0.000000,0.000000,0.000000,0.000000,0.150000,0.000000,0.750000,0.430000,0.000000,0.000000
1777206717.778271,0,0.000000,0.000000,0.000000,0.000000,0.000000,0.000000,0.830000,0.400000,0.360000,0.000000
1777206717.800623,0,0.000000,0.000000,0.000000,0.000000,1.000000,0.000000,0.000000,0.380000,0.180000,0.370000
1777206717.823644,0,0.000000,0.000000,0.000000,0.000000,1.000000,0.000000,0.090000,0.340000,0.000000,0.000000
1777206717.845887,0,0.000000,0.000000,0.000000,0.000000,1.000000,0.000000,0.180000,0.370000,0.180000,0.120000
1777206717.846389,0,0.000000,0.000000,0.000000,0.000000,1.000000,0.000000,0.300000,0.360000,0.180000,0.000000
1777206717.872847,0,0.000000,0.000000,0.000000,0.000000,1.000000,0.000000,0.380000,0.400000,0.000000,0.000000
1777206717.897537,0,0.000000,0.000000,0.000000,0.000000,0.400000,0.000000,0.500000,0.400000,0.000000,0.020000
1777206717.898047,0,0.000000,0.000000,0.000000,0.000000,1.000000,0.000000,0.570000,0.360000,0.000000,0.000000
1777206717.922839,0,0.000000,0.000000,0.000000,0.000000,1.000000,0.000000,0.690000,0.360000,0.000000,0.000000
1777206717.923346,0,0.000000,0.000000,0.000000,0.000000,1.000000,0.000000,0.790000,0.370000,0.000000,0.000000
1777206717.945942,0,0.000000,0.000000,0.000000,0.000000,1.000000,0.000000,0.880000,0.430000,0.180000,0.000000
1777206717.969618,0,0.000000,0.000000,0.000000,0.000000,0.200000,0.000000,0.990000,0.380000,0.000000,0.020000
1777206717.970140,0,0.000000,0.000000,0.000000,0.000000,1.000000,0.000000,1.000000,0.360000,0.000000,0.020000
1777206717.993112,0,0.000000,0.000000,0.000000,0.000000,1.000000,0.000000,1.000000,0.370000,0.000000,0.000000
1777206717.993954,0,0.000000,0.000000,0.000000,0.000000,1.000000,0.000000,1.000000,0.300000,0.000000,0.170000
1777206718.017032,0,0.000000,0.000000,0.000000,0.000000,0.300000,0.000000,1.000000,0.370000,0.180000,0.020000
1777206718.039384,0,0.000000,0.000000,0.000000,0.000000,1.000000,0.000000,1.000000,0.340000,0.000000,0.000000
1777206718.040178,0,0.000000,0.000000,0.000000,0.000000,1.000000,0.000000,1.000000,0.360000,0.000000,0.000000
1777206718.063618,0,0.000000,0.000000,0.000000,0.000000,1.000000,0.000000,0.010000,0.370000,0.180000,0.000000
1777206718.088305,0,0.000000,0.000000,0.000000,0.000000,1.000000,0.000000,0.100000,0.330000,0.180000,0.000000
1777206718.088799,0,0.000000,0.000000,0.000000,0.000000,1.000000,0.000000,0.200000,0.410000,0.000000,0.170000
1777206718.111650,0,0.000000,0.000000,0.000000,0.000000,0.500000,0.000000,0.280000,0.310000,0.000000,0.000000
1777206718.134360,0,0.000000,0.000000,0.000000,0.000000,0.250000,0.000000,0.370000,0.330000,0.180000,0.020000
1777206718.156468,0,0.000000,0.000000,0.000000,0.000000,1.000000,0.000000,0.460000,0.340000,0.180000,0.000000
1777206718.157022,0,0.000000,0.000000,0.000000,0.000000,1.000000,0.000000,0.550000,0.330000,0.180000,0.000000
1777206718.157613,0,0.000000,0.000000,0.000000,0.000000,1.000000,0.000000,0.620000,0.360000,0.180000,0.000000
1777206718.179804,0,0.000000,0.000000,0.000000,0.000000,0.250000,0.000000,0.720000,0.310000,0.180000,0.000000
1777206718.201594,0,0.000000,0.000000,0.000000,0.000000,1.000000,0.000000,0.000000,0.330000,0.180000,0.510000
1777206718.202253,0,0.000000,0.000000,0.000000,0.000000,0.000000,0.000000,0.000000,0.360000,0.360000,0.020000
1777206718.224195,0,0.000000,0.000000,0.000000,0.000000,0.870000,0.000000,0.070000,0.380000,0.360000,0.000000
1777206718.246325,0,0.000000,0.000000,0.000000,0.000000,1.000000,0.000000,0.170000,0.330000,0.000000,0.000000
1777206718.247020,0,0.000000,0.000000,0.000000,0.000000,0.620000,0.000000,0.250000,0.280000,0.180000,0.000000
1777206718.272267,0,0.000000,0.000000,0.000000,0.000000,0.800000,0.000000,0.330000,0.360000,0.000000,0.000000
1777206718.294651,0,0.000000,0.000000,0.000000,0.000000,1.000000,0.000000,0.410000,0.360000,0.000000,0.020000
1777206718.316805,0,0.000000,0.000000,0.000000,0.000000,0.800000,0.000000,0.500000,0.360000,0.000000,0.020000
1777206718.317452,0,0.000000,0.000000,0.000000,0.000000,1.000000,0.000000,0.600000,0.380000,0.180000,0.000000
1777206718.358533,0,0.000000,0.000000,0.000000,0.000000,1.000000,0.000000,0.680000,0.370000,0.180000,0.020000
1777206718.359070,0,0.000000,0.000000,0.000000,0.000000,1.000000,0.000000,0.760000,0.370000,0.180000,0.020000
1777206718.359645,0,0.000000,0.000000,0.000000,0.000000,0.200000,0.000000,0.860000,0.410000,0.180000,0.000000
1777206718.360059,0,0.000000,0.000000,0.000000,0.000000,0.180000,0.000000,0.930000,0.370000,0.180000,0.120000
1777206718.400016,0,0.000000,0.000000,0.000000,0.000000,0.000000,0.000000,1.000000,0.340000,0.360000,0.020000
1777206718.400696,0,0.000000,0.000000,0.000000,0.000000,1.000000,0.000000,1.000000,0.360000,0.000000,0.000000
1777206718.440984,0,0.000000,0.000000,0.000000,0.000000,1.000000,0.000000,1.000000,0.360000,0.180000,0.020000
1777206718.441517,0,0.000000,0.000000,0.000000,0.000000,0.150000,0.000000,1.000000,0.400000,0.180000,0.000000
1777206718.442088,0,0.000000,0.000000,0.000000,0.000000,0.150000,0.000000,1.000000,0.340000,0.180000,0.000000
1777206718.463957,0,0.000000,0.000000,0.000000,0.000000,1.000000,0.000000,1.000000,0.360000,0.000000,0.100000
1777206718.489772,0,0.000000,0.000000,0.000000,0.000000,0.000000,0.000000,1.000000,0.360000,0.360000,0.000000
1777206718.512117,0,0.000000,0.000000,0.000000,0.000000,0.180000,0.000000,1.000000,0.360000,0.000000,0.000000
1777206718.534390,0,0.000000,0.000000,0.000000,0.000000,1.000000,0.000000,1.000000,0.370000,0.180000,0.120000
1777206718.534898,0,0.000000,0.000000,0.000000,0.000000,0.360000,0.000000,0.000000,0.330000,0.180000,1.030000
1777206718.558412,0,0.000000,0.000000,0.000000,0.000000,1.000000,0.000000,0.050000,0.310000,0.000000,0.050000
1777206718.581278,0,0.000000,0.000000,0.000000,0.000000,1.000000,0.000000,0.110000,0.380000,0.180000,0.020000
1777206718.581770,0,0.000000,0.000000,0.000000,0.000000,0.180000,0.000000,0.180000,0.360000,0.360000,0.000000
1777206718.604306,0,0.000000,0.000000,0.000000,0.000000,1.000000,0.000000,0.250000,0.280000,0.000000,0.000000
1777206718.626800,0,0.000000,0.000000,0.000000,0.000000,0.180000,0.000000,0.310000,0.360000,0.180000,0.020000
1777206718.627284,0,0.000000,0.000000,0.000000,0.000000,0.120000,0.000000,0.000000,0.400000,0.360000,0.000000
1777206718.649962,0,0.000000,0.000000,0.000000,0.000000,0.370000,0.000000,0.070000,0.300000,0.180000,0.000000
1777206718.673636,0,0.000000,0.000000,0.000000,0.000000,0.510000,0.000000,0.170000,0.300000,0.180000,0.000000
1777206718.674154,0,0.000000,0.000000,0.000000,0.000000,1.000000,0.000000,0.070000,0.340000,0.000000,0.000000
1777206718.696907,0,0.000000,0.000000,0.000000,0.000000,0.300000,0.000000,0.180000,0.340000,0.180000,0.050000
1777206718.719605,0,0.000000,0.000000,0.000000,0.000000,0.140000,0.000000,0.280000,0.360000,0.000000,0.020000
1777206718.720242,0,0.000000,0.000000,0.000000,0.000000,0.340000,0.000000,0.370000,0.380000,0.000000,0.000000
1777206718.742139,0,0.000000,0.000000,0.000000,0.000000,0.110000,0.000000,0.490000,0.360000,0.000000,0.050000
1777206718.742844,0,0.000000,0.000000,0.000000,0.000000,0.680000,0.000000,0.180000,0.310000,0.000000,0.020000
1777206718.764905,0,0.000000,0.000000,0.000000,0.000000,1.000000,0.000000,0.400000,0.360000,0.000000,0.000000
1777206718.787102,0,0.000000,0.000000,0.000000,0.000000,1.000000,0.000000,0.610000,0.330000,0.180000,0.000000
1777206718.787784,0,0.000000,0.000000,0.000000,0.000000,1.000000,0.000000,0.820000,0.280000,0.180000,0.000000
1777206718.809900,0,0.000000,0.000000,0.000000,0.000000,1.000000,0.000000,1.000000,0.460000,0.180000,0.000000
1777206718.832162,0,0.000000,0.000000,0.000000,0.000000,0.680000,0.000000,1.000000,0.360000,0.000000,0.000000
1777206718.832803,0,0.000000,0.000000,0.000000,0.000000,1.000000,0.000000,1.000000,0.410000,0.180000,0.000000
1777206718.855261,0,0.000000,0.000000,0.000000,0.000000,0.560000,0.000000,1.000000,0.340000,0.180000,0.000000
1777206718.878462,0,0.000000,0.000000,0.000000,0.000000,1.000000,0.000000,1.000000,0.330000,0.180000,0.020000
1777206718.879102,0,0.000000,0.000000,0.000000,0.000000,0.570000,0.000000,1.000000,0.370000,0.000000,0.000000
1777206718.906627,0,0.000000,0.000000,0.000000,0.000000,1.000000,0.000000,1.000000,0.360000,0.000000,0.020000
1777206718.930375,0,0.000000,0.000000,0.000000,0.000000,0.280000,0.000000,1.000000,0.360000,0.000000,0.000000
1777206718.930890,0,0.000000,0.000000,0.000000,0.000000,0.100000,0.000000,1.000000,0.380000,0.180000,0.000000
1777206718.953223,0,0.000000,0.000000,0.000000,0.000000,0.670000,0.000000,1.000000,0.360000,0.000000,0.000000
1777206718.953847,0,0.000000,0.000000,0.000000,0.000000,0.140000,0.000000,1.000000,0.410000,0.180000,0.020000
1777206718.976886,0,0.000000,0.000000,0.000000,0.000000,0.340000,0.000000,0.000000,0.360000,0.000000,0.310000
1777206719.000342,0,0.000000,0.000000,0.000000,0.000000,1.000000,0.000000,0.210000,0.370000,0.180000,0.000000
1777206719.023391,0,0.000000,0.000000,0.000000,0.000000,1.000000,0.000000,0.430000,0.380000,0.000000,0.020000
1777206719.023886,0,0.000000,0.000000,0.000000,0.000000,0.120000,0.000000,0.640000,0.370000,0.000000,0.000000
1777206719.047703,0,0.000000,0.000000,0.000000,0.000000,0.000000,0.000000,0.880000,0.400000,0.360000,0.020000
1777206719.070576,0,0.000000,0.000000,0.000000,0.000000,0.280000,0.000000,1.000000,0.340000,0.000000,0.000000
1777206719.071060,0,0.000000,0.000000,0.000000,0.000000,0.250000,0.000000,1.000000,0.380000,0.000000,0.000000
1777206719.094026,0,0.000000,0.000000,0.000000,0.000000,1.000000,0.000000,1.000000,0.370000,0.180000,0.000000
1777206719.094524,0,0.000000,0.000000,0.000000,0.000000,1.000000,0.000000,1.000000,0.360000,0.000000,0.000000
1777206719.119451,0,0.000000,0.000000,0.000000,0.000000,0.400000,0.000000,1.000000,0.380000,0.000000,0.000000
1777206719.144222,0,0.000000,0.000000,0.000000,0.000000,0.000000,0.000000,1.000000,0.380000,0.360000,0.000000
1777206719.144712,0,0.000000,0.000000,0.000000,0.000000,0.400000,0.000000,1.000000,0.360000,0.180000,0.020000
1777206719.167624,0,0.000000,0.000000,0.000000,0.000000,0.360000,0.000000,1.000000,0.330000,0.000000,0.020000
1777206719.190568,0,0.000000,0.000000,0.000000,0.000000,1.000000,0.000000,1.000000,0.380000,0.000000,0.000000
1777206719.191066,0,0.000000,0.000000,0.000000,0.000000,0.330000,0.000000,1.000000,0.380000,0.000000,0.000000
1777206719.213805,0,0.000000,0.000000,0.000000,0.000000,1.000000,0.000000,1.000000,0.370000,0.000000,0.100000
1777206719.236506,0,0.000000,0.000000,0.000000,0.000000,1.000000,0.000000,1.000000,0.360000,0.180000,0.000000
1777206719.237053,0,0.000000,0.000000,0.000000,0.000000,1.000000,0.000000,1.000000,0.360000,0.000000,0.000000
1777206719.258900,0,0.000000,0.000000,0.000000,0.000000,0.430000,0.000000,1.000000,0.430000,0.180000,0.000000
1777206719.259399,0,0.000000,0.000000,0.000000,0.000000,1.000000,0.000000,1.000000,0.180000,0.180000,0.000000
1777206719.281307,0,0.000000,0.000000,0.000000,0.000000,0.460000,0.000000,1.000000,0.360000,0.000000,0.000000
1777206719.303560,0,0.000000,0.000000,0.000000,0.000000,1.000000,0.000000,1.000000,0.360000,0.180000,0.000000
1777206719.326290,0,0.000000,0.000000,0.000000,0.000000,1.000000,0.000000,0.100000,0.310000,0.000000,0.000000
1777206719.326788,0,0.000000,0.000000,0.000000,0.000000,1.000000,0.000000,0.310000,0.330000,0.180000,0.000000
1777206719.348718,0,0.000000,0.000000,0.000000,0.000000,1.000000,0.000000,0.560000,0.330000,0.000000,0.020000
1777206719.349365,0,0.000000,0.000000,0.000000,0.000000,1.000000,0.000000,0.790000,0.340000,0.000000,0.020000
1777206719.370888,0,0.000000,0.000000,0.000000,0.000000,0.120000,0.000000,1.000000,0.310000,0.000000,0.000000
1777206719.392724,0,0.000000,0.000000,0.000000,0.000000,0.360000,0.000000,1.000000,0.360000,0.000000,0.000000
1777206719.414357,0,0.000000,0.000000,0.000000,0.000000,1.000000,0.000000,1.000000,0.360000,0.000000,0.000000
1777206719.414855,0,0.000000,0.000000,0.000000,0.000000,1.000000,0.000000,1.000000,0.370000,0.180000,0.020000
1777206719.437109,0,0.000000,0.000000,0.000000,0.000000,1.000000,0.000000,1.000000,0.340000,0.000000,0.020000
1777206719.459974,0,0.000000,0.000000,0.000000,0.000000,1.000000,0.000000,1.000000,0.310000,0.180000,0.000000
1777206719.481430,0,0.000000,0.000000,0.000000,0.000000,1.000000,0.000000,1.000000,0.380000,0.180000,0.000000
1777206719.481925,0,0.000000,0.000000,0.000000,0.000000,1.000000,0.000000,1.000000,0.380000,0.000000,0.100000
1777206719.482306,0,0.000000,0.000000,0.000000,0.000000,0.000000,0.000000,1.000000,0.310000,0.360000,0.050000
1777206719.523072,0,0.000000,0.000000,0.000000,0.000000,1.000000,0.000000,1.000000,0.310000,0.180000,0.000000
1777206719.523587,0,0.000000,0.000000,0.000000,0.000000,1.000000,0.000000,1.000000,0.200000,0.000000,0.000000
1777206719.524470,0,0.000000,0.000000,0.000000,0.000000,1.000000,0.000000,1.000000,0.310000,0.000000,0.050000
1777206719.546105,0,0.000000,0.000000,0.000000,0.000000,0.000000,0.000000,1.000000,0.370000,0.360000,0.000000
1777206719.568545,0,0.000000,0.000000,0.000000,0.000000,1.000000,0.000000,1.000000,0.360000,0.000000,0.020000
1777206719.591814,0,0.000000,0.000000,0.000000,0.000000,1.000000,0.000000,0.000000,0.370000,0.180000,1.110000
1777206719.613583,0,0.000000,0.000000,0.000000,0.000000,1.000000,0.000000,0.090000,0.340000,0.180000,0.000000
1777206719.614082,0,0.000000,0.000000,0.000000,0.000000,0.370000,0.000000,0.460000,0.340000,0.180000,0.000000
1777206719.635751,0,0.000000,0.000000,0.000000,0.000000,0.600000,0.000000,0.850000,0.370000,0.180000,0.050000
1777206719.657790,0,0.000000,0.000000,0.000000,0.000000,0.330000,0.000000,0.250000,0.330000,0.000000,0.000000
1777206719.658435,0,0.000000,0.000000,0.000000,0.000000,1.000000,0.000000,0.630000,0.310000,0.000000,0.000000
1777206719.679453,0,0.000000,0.000000,0.000000,0.000000,0.330000,0.000000,1.000000,0.300000,0.360000,0.020000
1777206719.718805,0,0.000000,0.000000,0.000000,0.000000,1.000000,0.000000,1.000000,0.330000,0.000000,0.000000
1777206719.719446,0,0.000000,0.000000,0.000000,0.000000,1.000000,0.000000,1.000000,0.340000,0.000000,0.020000
1777206719.720051,0,0.000000,0.000000,0.000000,0.000000,0.660000,0.000000,1.000000,0.340000,0.180000,0.050000
1777206719.741460,0,0.000000,0.000000,0.000000,0.000000,1.000000,0.000000,1.000000,0.370000,0.000000,0.000000
1777206719.764027,0,0.000000,0.000000,0.000000,0.000000,0.150000,0.000000,1.000000,0.340000,0.000000,0.000000
1777206719.787691,0,0.000000,0.000000,0.000000,0.000000,0.120000,0.000000,1.000000,0.340000,0.180000,0.020000
1777206719.788185,0,0.000000,0.000000,0.000000,0.000000,0.250000,0.000000,1.000000,0.370000,0.000000,0.020000
1777206719.809963,0,0.000000,0.000000,0.000000,0.000000,0.410000,0.000000,0.250000,0.360000,0.000000,0.020000
1777206719.810448,0,0.000000,0.000000,0.000000,0.000000,1.000000,0.000000,0.570000,0.340000,0.000000,0.100000
1777206719.831949,0,0.000000,0.000000,0.000000,0.000000,1.000000,0.000000,0.970000,0.400000,0.000000,0.020000
1777206719.853738,0,0.000000,0.000000,0.000000,0.000000,0.000000,0.000000,1.000000,0.340000,0.920000,0.000000
1777206719.876719,0,0.000000,0.000000,0.000000,0.000000,0.540000,0.000000,1.000000,0.380000,0.000000,0.000000
1777206719.899304,0,0.000000,0.000000,0.000000,0.000000,0.360000,0.000000,1.000000,0.360000,0.180000,0.020000
1777206719.899811,0,0.000000,0.000000,0.000000,0.000000,0.070000,0.000000,0.050000,0.370000,0.000000,0.000000
1777206719.927576,0,0.000000,0.000000,0.000000,0.000000,0.500000,0.000000,0.370000,0.400000,0.180000,0.000000
1777206719.928319,0,0.000000,0.000000,0.000000,0.000000,0.200000,0.000000,0.680000,0.340000,0.000000,0.020000
1777206719.950885,0,0.000000,0.000000,0.000000,0.000000,1.000000,0.000000,1.000000,0.360000,0.180000,0.000000
1777206719.951537,0,0.000000,0.000000,0.000000,0.000000,1.000000,0.000000,1.000000,0.380000,0.180000,0.020000
1777206719.973928,0,0.000000,0.000000,0.000000,0.000000,0.730000,0.000000,1.000000,0.380000,0.000000,0.000000
1777206719.974755,0,0.000000,0.000000,0.000000,0.000000,0.250000,0.000000,0.050000,0.370000,0.000000,0.020000
1777206719.997693,0,0.000000,0.000000,0.000000,0.000000,1.000000,0.000000,0.250000,0.310000,0.180000,0.000000
1777206720.021301,0,0.000000,0.000000,0.000000,0.000000,1.000000,0.000000,0.440000,0.330000,0.180000,0.000000
1777206720.043500,0,0.000000,0.000000,0.000000,0.000000,0.250000,0.000000,0.660000,0.380000,0.000000,0.000000
1777206720.043999,0,0.000000,0.000000,0.000000,0.000000,0.000000,0.000000,0.870000,0.340000,0.550000,0.000000
1777206720.068978,0,0.000000,0.000000,0.000000,0.000000,1.000000,0.000000,1.000000,0.340000,0.000000,0.000000
1777206720.091047,0,0.000000,0.000000,0.000000,0.000000,1.000000,0.000000,1.000000,0.340000,0.180000,0.000000
1777206720.091608,0,0.000000,0.000000,0.000000,0.000000,0.210000,0.000000,1.000000,0.330000,0.180000,0.000000
1777206720.113666,0,0.000000,0.000000,0.000000,0.000000,1.000000,0.000000,1.000000,0.430000,0.180000,0.000000
1777206720.114307,0,0.000000,0.000000,0.000000,0.000000,1.000000,0.000000,1.000000,0.380000,0.000000,0.000000
1777206720.155936,0,0.000000,0.000000,0.000000,0.000000,1.000000,0.000000,1.000000,0.310000,0.000000,0.000000
1777206720.156479,0,0.000000,0.000000,0.000000,0.000000,0.570000,0.000000,1.000000,0.330000,0.180000,0.000000
1777206720.157047,0,0.000000,0.000000,0.000000,0.000000,0.610000,0.000000,1.000000,0.330000,0.000000,0.000000
1777206720.196626,0,0.000000,0.000000,0.000000,0.000000,0.000000,0.000000,1.000000,0.300000,0.550000,0.120000
1777206720.197139,0,0.000000,0.000000,0.000000,0.000000,0.770000,0.000000,1.000000,0.310000,0.000000,0.000000
1777206720.197759,0,0.000000,0.000000,0.000000,0.000000,1.000000,0.000000,0.050000,0.360000,0.000000,0.000000
1777206720.218691,0,0.000000,0.000000,0.000000,0.000000,1.000000,0.000000,0.280000,0.360000,0.000000,0.020000
1777206720.258195,0,0.000000,0.000000,0.000000,0.000000,0.460000,0.000000,0.490000,0.310000,0.000000,0.000000
1777206720.258705,0,0.000000,0.000000,0.000000,0.000000,0.430000,0.000000,0.690000,0.330000,0.000000,0.020000
1777206720.280069,0,0.000000,0.000000,0.000000,0.000000,0.100000,0.000000,0.890000,0.360000,0.180000,0.000000
1777206720.301183,0,0.000000,0.000000,0.000000,0.000000,0.850000,0.000000,1.000000,0.330000,0.000000,0.020000
1777206720.301855,0,0.000000,0.000000,0.000000,0.000000,0.550000,0.000000,1.000000,0.310000,0.180000,0.000000
1777206720.324099,0,0.000000,0.000000,0.000000,0.000000,0.340000,0.000000,1.000000,0.360000,0.000000,0.000000
1777206720.345685,0,0.000000,0.000000,0.000000,0.000000,1.000000,0.000000,1.000000,0.340000,0.180000,0.000000
1777206720.368265,0,0.000000,0.000000,0.000000,0.000000,0.210000,0.000000,0.100000,0.340000,0.000000,0.000000
1777206720.389610,0,0.000000,0.000000,0.000000,0.000000,0.310000,0.000000,0.230000,0.380000,0.180000,0.000000
1777206720.390107,0,0.000000,0.000000,0.000000,0.000000,0.400000,0.000000,0.370000,0.360000,0.000000,0.050000
1777206720.412001,0,0.000000,0.000000,0.000000,0.000000,1.000000,0.000000,0.510000,0.340000,0.000000,0.000000
1777206720.412504,0,0.000000,0.000000,0.000000,0.000000,0.180000,0.000000,0.660000,0.400000,0.360000,0.020000
1777206720.434839,0,0.000000,0.000000,0.000000,0.000000,1.000000,0.000000,0.800000,0.310000,0.180000,0.000000
1777206720.456098,0,0.000000,0.000000,0.000000,0.000000,0.200000,0.000000,0.070000,0.380000,0.180000,0.000000
1777206720.456587,0,0.000000,0.000000,0.000000,0.000000,0.270000,0.000000,0.230000,0.330000,0.000000,0.020000
1777206720.478533,0,0.000000,0.000000,0.000000,0.000000,0.610000,0.000000,0.370000,0.330000,0.000000,0.050000
1777206720.501173,0,0.000000,0.000000,0.000000,0.000000,1.000000,0.000000,0.500000,0.370000,0.000000,0.000000
1777206720.524541,0,0.000000,0.000000,0.000000,0.000000,0.250000,0.000000,0.660000,0.360000,0.180000,0.000000
1777206720.525077,0,0.000000,0.000000,0.000000,0.000000,1.000000,0.000000,0.800000,0.310000,0.180000,0.020000
1777206720.548943,0,0.000000,0.000000,0.000000,0.000000,0.150000,0.000000,0.930000,0.310000,0.180000,0.020000
1777206720.570687,0,0.000000,0.000000,0.000000,0.000000,0.720000,0.000000,1.000000,0.310000,0.180000,0.020000
1777206720.571203,0,0.000000,0.000000,0.000000,0.000000,0.090000,0.000000,1.000000,0.340000,0.180000,0.020000
1777206720.593618,0,0.000000,0.000000,0.000000,0.000000,0.150000,0.000000,1.000000,0.370000,0.000000,0.000000
1777206720.594118,0,0.000000,0.000000,0.000000,0.000000,0.000000,0.000000,1.000000,0.360000,0.360000,0.000000
1777206720.615668,0,0.000000,0.000000,0.000000,0.000000,0.250000,0.000000,1.000000,0.360000,0.000000,0.000000
1777206720.637746,0,0.000000,0.000000,0.000000,0.000000,0.110000,0.000000,1.000000,0.340000,0.730000,0.100000
1777206720.658896,0,0.000000,0.000000,0.000000,0.000000,1.000000,0.000000,1.000000,0.340000,0.180000,0.000000
1777206720.659390,0,0.000000,0.000000,0.000000,0.000000,1.000000,0.000000,1.000000,0.380000,0.180000,0.000000
1777206720.681527,0,0.000000,0.000000,0.000000,0.000000,1.000000,0.000000,1.000000,0.370000,0.000000,0.000000
1777206720.682021,0,0.000000,0.000000,0.000000,0.000000,1.000000,0.000000,1.000000,0.340000,0.000000,0.000000
1777206720.722289,0,0.000000,0.000000,0.000000,0.000000,0.810000,0.000000,1.000000,0.310000,0.180000,0.000000
1777206720.722810,0,0.000000,0.000000,0.000000,0.000000,1.000000,0.000000,1.000000,0.360000,0.000000,0.120000
1777206720.723374,0,0.000000,0.000000,0.000000,0.000000,0.110000,0.000000,1.000000,0.360000,0.180000,0.000000
1777206720.723774,0,0.000000,0.000000,0.000000,0.000000,1.000000,0.000000,1.000000,0.310000,0.000000,0.000000
1777206720.762630,0,0.000000,0.000000,0.000000,0.000000,1.000000,0.000000,1.000000,0.250000,0.000000,0.020000
1777206720.763347,0,0.000000,0.000000,0.000000,0.000000,1.000000,0.000000,1.000000,0.380000,0.180000,0.000000
1777206720.802498,0,0.000000,0.000000,0.000000,0.000000,1.000000,0.000000,1.000000,0.400000,0.000000,0.020000
1777206720.803017,0,0.000000,0.000000,0.000000,0.000000,1.000000,0.000000,1.000000,0.360000,0.000000,0.000000
1777206720.842996,0,0.000000,0.000000,0.000000,0.000000,0.180000,0.000000,1.000000,0.370000,0.000000,0.000000
1777206720.843523,0,0.000000,0.000000,0.000000,0.000000,0.440000,0.000000,1.000000,0.330000,0.180000,0.000000
1777206720.844603,0,0.000000,0.000000,0.000000,0.000000,1.000000,0.000000,1.000000,0.300000,0.000000,0.000000
1777206720.885167,0,0.000000,0.000000,0.000000,0.000000,1.000000,0.000000,1.000000,0.370000,0.180000,0.000000
1777206720.885938,0,0.000000,0.000000,0.000000,0.000000,1.000000,0.000000,1.000000,0.380000,0.000000,0.020000
1777206720.886353,0,0.000000,0.000000,0.000000,0.000000,1.000000,0.000000,1.000000,0.380000,0.000000,0.020000
1777206720.928848,0,0.000000,0.000000,0.000000,0.000000,0.360000,0.000000,0.000000,0.340000,0.000000,0.000000
1777206720.929677,0,0.000000,0.000000,0.000000,0.000000,0.000000,0.000000,0.150000,0.330000,0.360000,0.000000
1777206720.930135,0,0.000000,0.000000,0.000000,0.000000,0.000000,0.000000,0.300000,0.380000,0.360000,0.020000
1777206720.970412,0,0.000000,0.000000,0.000000,0.000000,0.440000,0.000000,0.430000,0.380000,0.000000,0.020000
1777206720.971119,0,0.000000,0.000000,0.000000,0.000000,1.000000,0.000000,0.570000,0.340000,0.000000,0.000000
1777206720.971544,0,0.000000,0.000000,0.000000,0.000000,1.000000,0.000000,0.720000,0.370000,0.000000,0.000000
1777206721.010918,0,0.000000,0.000000,0.000000,0.000000,1.000000,0.000000,0.870000,0.360000,0.180000,0.000000
1777206721.011400,0,0.000000,0.000000,0.000000,0.000000,0.000000,0.000000,1.000000,0.360000,0.360000,0.000000
1777206721.011785,0,0.000000,0.000000,0.000000,0.000000,1.000000,0.000000,1.000000,0.330000,0.180000,0.000000
1777206721.051614,0,0.000000,0.000000,0.000000,0.000000,1.000000,0.000000,1.000000,0.400000,0.000000,0.000000
1777206721.052331,0,0.000000,0.000000,0.000000,0.000000,0.180000,0.000000,1.000000,0.370000,0.000000,0.000000
1777206721.091730,0,0.000000,0.000000,0.000000,0.000000,1.000000,0.000000,1.000000,0.380000,0.000000,0.020000
1777206721.092248,0,0.000000,0.000000,0.000000,0.000000,1.000000,0.000000,1.000000,0.380000,0.000000,0.000000
1777206721.131658,0,0.000000,0.000000,0.000000,0.000000,0.360000,0.000000,1.000000,0.370000,0.180000,0.000000
1777206721.132174,0,0.000000,0.000000,0.000000,0.000000,1.000000,0.000000,1.000000,0.380000,0.180000,0.000000
1777206721.132764,0,0.000000,0.000000,0.000000,0.000000,0.360000,0.000000,1.000000,0.360000,0.000000,0.050000
1777206721.172246,0,0.000000,0.000000,0.000000,0.000000,0.570000,0.000000,1.000000,0.410000,0.180000,0.000000
1777206721.172933,0,0.000000,0.000000,0.000000,0.000000,1.000000,0.000000,1.000000,0.400000,0.180000,0.020000
1777206721.212004,0,0.000000,0.000000,0.000000,0.000000,1.000000,0.000000,1.000000,0.380000,0.180000,0.020000
1777206721.212525,0,0.000000,0.000000,0.000000,0.000000,0.150000,0.000000,1.000000,0.410000,0.180000,0.020000
1777206721.212954,0,0.000000,0.000000,0.000000,0.000000,0.000000,0.000000,1.000000,0.340000,0.360000,0.020000
1777206721.252197,0,0.000000,0.000000,0.000000,0.000000,1.000000,0.000000,1.000000,0.360000,0.180000,0.000000
1777206721.252879,0,0.000000,0.000000,0.000000,0.000000,0.430000,0.000000,1.000000,0.360000,0.000000,0.020000
1777206721.253296,0,0.000000,0.000000,0.000000,0.000000,1.000000,0.000000,1.000000,0.400000,0.000000,0.000000
1777206721.292251,0,0.000000,0.000000,0.000000,0.000000,0.560000,0.000000,1.000000,0.340000,0.000000,0.000000
1777206721.292933,0,0.000000,0.000000,0.000000,0.000000,0.000000,0.000000,1.000000,0.380000,0.360000,0.020000
1777206721.313994,0,0.000000,0.000000,0.000000,0.000000,1.000000,0.000000,0.000000,0.430000,0.180000,0.340000
1777206721.353600,0,0.000000,0.000000,0.000000,0.000000,1.000000,0.000000,0.140000,0.400000,0.000000,0.000000
1777206721.354123,0,0.000000,0.000000,0.000000,0.000000,1.000000,0.000000,0.280000,0.430000,0.000000,0.120000
1777206721.354717,0,0.000000,0.000000,0.000000,0.000000,1.000000,0.000000,0.430000,0.410000,0.180000,0.050000
1777206721.394097,0,0.000000,0.000000,0.000000,0.000000,0.560000,0.000000,0.570000,0.400000,0.000000,0.000000
1777206721.394816,0,0.000000,0.000000,0.000000,0.000000,0.500000,0.000000,0.720000,0.380000,0.000000,0.000000
1777206721.395267,0,0.000000,0.000000,0.000000,0.000000,0.120000,0.000000,0.860000,0.340000,0.180000,0.000000
1777206721.434534,0,0.000000,0.000000,0.000000,0.000000,1.000000,0.000000,1.000000,0.370000,0.000000,0.050000
1777206721.435257,0,0.000000,0.000000,0.000000,0.000000,0.230000,0.000000,1.000000,0.380000,0.000000,0.000000
1777206721.435670,0,0.000000,0.000000,0.000000,0.000000,0.340000,0.000000,1.000000,0.380000,0.000000,0.000000
1777206721.474535,0,0.000000,0.000000,0.000000,0.000000,0.000000,0.000000,1.000000,0.410000,0.360000,0.000000
1777206721.475437,0,0.000000,0.000000,0.000000,0.000000,0.000000,0.000000,0.050000,0.370000,0.730000,0.000000
1777206721.515162,0,0.000000,0.000000,0.000000,0.000000,0.210000,0.000000,0.170000,0.410000,0.000000,0.000000
1777206721.515702,0,0.000000,0.000000,0.000000,0.000000,1.000000,0.000000,0.280000,0.460000,0.000000,0.000000
1777206721.516333,0,0.000000,0.000000,0.000000,0.000000,0.210000,0.000000,0.400000,0.380000,0.180000,0.000000
1777206721.516758,0,0.000000,0.000000,0.000000,0.000000,1.000000,0.000000,0.500000,0.360000,0.180000,0.000000
1777206721.555813,0,0.000000,0.000000,0.000000,0.000000,1.000000,0.000000,0.630000,0.400000,0.000000,0.170000
1777206721.556531,0,0.000000,0.000000,0.000000,0.000000,1.000000,0.000000,0.750000,0.340000,0.180000,0.000000
1777206721.595492,0,0.000000,0.000000,0.000000,0.000000,1.000000,0.000000,0.870000,0.330000,0.000000,0.000000
1777206721.596168,0,0.000000,0.000000,0.000000,0.000000,0.210000,0.000000,0.990000,0.360000,0.180000,0.000000
1777206721.617566,0,0.000000,0.000000,0.000000,0.000000,1.000000,0.000000,1.000000,0.410000,0.180000,0.000000
1777206721.639847,0,0.000000,0.000000,0.000000,0.000000,1.000000,0.000000,1.000000,0.400000,0.000000,0.000000
1777206721.662816,0,0.000000,0.000000,0.000000,0.000000,1.000000,0.000000,1.000000,0.340000,0.000000,0.000000
1777206721.685043,0,0.000000,0.000000,0.000000,0.000000,0.600000,0.000000,1.000000,0.410000,0.000000,0.000000
1777206721.685565,0,0.000000,0.000000,0.000000,0.000000,0.890000,0.000000,1.000000,0.400000,0.000000,0.000000
1777206721.707209,0,0.000000,0.000000,0.000000,0.000000,0.150000,0.000000,1.000000,0.310000,0.180000,0.000000
1777206721.707752,0,0.000000,0.000000,0.000000,0.000000,1.000000,0.000000,1.000000,0.380000,0.000000,0.000000
1777206721.729599,0,0.000000,0.000000,0.000000,0.000000,0.200000,0.000000,1.000000,0.400000,0.550000,0.000000
1777206721.769352,0,0.000000,0.000000,0.000000,0.000000,1.000000,0.000000,1.000000,0.330000,0.000000,0.000000
1777206721.769884,0,0.000000,0.000000,0.000000,0.000000,0.150000,0.000000,1.000000,0.360000,0.000000,0.000000
1777206721.770295,0,0.000000,0.000000,0.000000,0.000000,0.730000,0.000000,1.000000,0.410000,0.180000,0.000000
1777206721.771016,0,0.000000,0.000000,0.000000,0.000000,0.210000,0.000000,0.000000,0.340000,0.180000,0.020000
1777206721.810701,0,0.000000,0.000000,0.000000,0.000000,0.760000,0.000000,0.120000,0.340000,0.180000,0.000000
1777206721.811215,0,0.000000,0.000000,0.000000,0.000000,1.000000,0.000000,0.230000,0.400000,0.000000,0.000000
1777206721.811759,0,0.000000,0.000000,0.000000,0.000000,0.340000,0.000000,0.090000,0.430000,0.180000,0.000000
1777206721.851791,0,0.000000,0.000000,0.000000,0.000000,0.280000,0.000000,0.250000,0.410000,0.000000,0.020000
1777206721.852306,0,0.000000,0.000000,0.000000,0.000000,0.150000,0.000000,0.410000,0.360000,0.000000,0.050000
1777206721.893089,0,0.000000,0.000000,0.000000,0.000000,0.400000,0.000000,0.560000,0.430000,0.000000,0.000000
1777206721.893614,0,0.000000,0.000000,0.000000,0.000000,0.180000,0.000000,0.720000,0.410000,0.000000,0.020000
1777206721.894184,0,0.000000,0.000000,0.000000,0.000000,0.610000,0.000000,0.870000,0.370000,0.000000,0.020000
1777206721.937138,0,0.000000,0.000000,0.000000,0.000000,0.050000,0.000000,1.000000,0.430000,0.180000,0.000000
1777206721.937667,0,0.000000,0.000000,0.000000,0.000000,0.120000,0.000000,1.000000,0.460000,0.360000,0.000000
1777206721.938257,0,0.000000,0.000000,0.000000,0.000000,1.000000,0.000000,0.050000,0.340000,0.180000,0.000000
1777206721.982672,0,0.000000,0.000000,0.000000,0.000000,1.000000,0.000000,0.200000,0.380000,0.180000,0.020000
1777206721.983363,0,0.000000,0.000000,0.000000,0.000000,0.460000,0.000000,0.340000,0.380000,0.000000,0.000000
1777206721.983776,0,0.000000,0.000000,0.000000,0.000000,0.050000,0.000000,0.470000,0.370000,0.180000,0.050000
1777206722.022809,0,0.000000,0.000000,0.000000,0.000000,0.330000,0.000000,0.620000,0.380000,0.000000,0.000000
1777206722.023509,0,0.000000,0.000000,0.000000,0.000000,0.180000,0.000000,0.760000,0.330000,0.000000,0.020000
1777206722.063311,0,0.000000,0.000000,0.000000,0.000000,1.000000,0.000000,0.910000,0.360000,0.000000,0.000000
1777206722.063838,0,0.000000,0.000000,0.000000,0.000000,1.000000,0.000000,1.000000,0.400000,0.180000,0.120000
1777206722.064393,0,0.000000,0.000000,0.000000,0.000000,1.000000,0.000000,1.000000,0.400000,0.000000,0.000000
1777206722.087979,0,0.000000,0.000000,0.000000,0.000000,1.000000,0.000000,1.000000,0.360000,0.000000,0.000000
1777206722.111720,0,0.000000,0.000000,0.000000,0.000000,0.310000,0.000000,1.000000,0.340000,0.000000,0.000000
1777206722.153204,0,0.000000,0.000000,0.000000,0.000000,1.000000,0.000000,1.000000,0.340000,0.000000,0.100000
1777206722.153700,0,0.000000,0.000000,0.000000,0.000000,1.000000,0.000000,1.000000,0.330000,0.000000,0.100000
1777206722.154191,0,0.000000,0.000000,0.000000,0.000000,1.000000,0.000000,1.000000,0.370000,0.000000,0.020000
1777206722.155256,0,0.000000,0.000000,0.000000,0.000000,1.000000,0.000000,1.000000,0.460000,0.000000,0.020000
1777206722.197389,0,0.000000,0.000000,0.000000,0.000000,1.000000,0.000000,1.000000,0.330000,0.000000,0.000000
1777206722.197871,0,0.000000,0.000000,0.000000,0.000000,1.000000,0.000000,1.000000,0.430000,0.000000,0.020000
1777206722.198258,0,0.000000,0.000000,0.000000,0.000000,1.000000,0.000000,1.000000,0.380000,0.000000,0.170000
1777206722.238406,0,0.000000,0.000000,0.000000,0.000000,0.250000,0.000000,1.000000,0.120000,0.360000,0.000000
1777206722.239629,0,0.000000,0.000000,0.000000,0.000000,0.120000,0.000000,1.000000,0.400000,0.360000,0.000000
1777206722.279970,0,0.000000,0.000000,0.000000,0.000000,0.400000,0.000000,1.000000,0.380000,0.000000,0.000000
1777206722.280498,0,0.000000,0.000000,0.000000,0.000000,0.110000,0.000000,1.000000,0.410000,0.000000,0.000000
1777206722.322714,0,0.000000,0.000000,0.000000,0.000000,1.000000,0.000000,1.000000,0.370000,0.180000,0.000000
1777206722.323211,0,0.000000,0.000000,0.000000,0.000000,0.050000,0.000000,1.000000,0.430000,0.000000,0.020000
1777206722.323612,0,0.000000,0.000000,0.000000,0.000000,0.460000,0.000000,1.000000,0.380000,0.180000,0.000000
1777206722.324669,0,0.000000,0.000000,0.000000,0.000000,0.250000,0.000000,1.000000,0.370000,0.180000,0.000000
1777206722.364961,0,0.000000,0.000000,0.000000,0.000000,0.120000,0.000000,0.050000,0.370000,0.180000,0.100000
1777206722.366295,0,0.000000,0.000000,0.000000,0.000000,0.100000,0.000000,0.180000,0.380000,0.000000,0.000000
1777206722.388463,0,0.000000,0.000000,0.000000,0.000000,0.330000,0.000000,0.330000,0.340000,0.000000,0.000000
1777206722.411420,0,0.000000,0.000000,0.000000,0.000000,1.000000,0.000000,0.470000,0.400000,0.180000,0.000000
1777206722.412047,0,0.000000,0.000000,0.000000,0.000000,1.000000,0.000000,0.620000,0.370000,0.180000,0.000000
1777206722.435468,0,0.000000,0.000000,0.000000,0.000000,1.000000,0.000000,0.750000,0.340000,0.000000,0.020000
1777206722.457755,0,0.000000,0.000000,0.000000,0.000000,0.000000,0.000000,0.890000,0.410000,0.360000,0.020000
1777206722.458271,0,0.000000,0.000000,0.000000,0.000000,0.400000,0.000000,1.000000,0.410000,0.000000,0.050000
1777206722.499427,0,0.000000,0.000000,0.000000,0.000000,0.000000,0.000000,0.010000,0.400000,0.550000,0.470000
1777206722.499930,0,0.000000,0.000000,0.000000,0.000000,1.000000,0.000000,0.180000,0.600000,0.000000,0.000000
1777206722.500314,0,0.000000,0.000000,0.000000,0.000000,0.150000,0.000000,0.340000,0.370000,0.000000,0.050000
1777206722.501309,0,0.000000,0.000000,0.000000,0.000000,0.930000,0.000000,0.050000,0.380000,0.000000,0.000000
1777206722.542759,0,0.000000,0.000000,0.000000,0.000000,1.000000,0.000000,0.200000,0.400000,0.000000,0.000000
1777206722.543248,0,0.000000,0.000000,0.000000,0.000000,1.000000,0.000000,0.370000,0.400000,0.000000,0.020000
1777206722.583265,0,0.000000,0.000000,0.000000,0.000000,1.000000,0.000000,0.510000,0.400000,0.000000,0.000000
1777206722.605478,0,0.000000,0.000000,0.000000,0.000000,0.460000,0.000000,0.680000,0.370000,0.180000,0.000000
1777206722.607187,0,0.000000,0.000000,0.000000,0.000000,0.330000,0.000000,0.830000,0.370000,0.000000,0.000000
1777206722.607752,0,0.000000,0.000000,0.000000,0.000000,1.000000,0.000000,1.000000,0.410000,0.180000,0.020000
1777206722.630575,0,0.000000,0.000000,0.000000,0.000000,0.280000,0.000000,1.000000,0.430000,0.000000,0.000000
1777206722.631094,0,0.000000,0.000000,0.000000,0.000000,0.830000,0.000000,0.050000,0.380000,0.000000,0.050000
1777206722.655690,0,0.000000,0.000000,0.000000,0.000000,0.310000,0.000000,0.200000,0.400000,0.000000,0.000000
1777206722.679258,0,0.000000,0.000000,0.000000,0.000000,0.330000,0.000000,0.100000,0.400000,0.000000,0.000000
1777206722.702448,0,0.000000,0.000000,0.000000,0.000000,1.000000,0.000000,0.000000,0.370000,0.000000,1.000000
1777206722.703893,0,0.000000,0.000000,0.000000,0.000000,1.000000,0.000000,0.250000,0.400000,0.000000,0.000000
1777206722.726645,0,0.000000,0.000000,0.000000,0.000000,0.230000,0.000000,0.540000,0.430000,0.180000,0.000000
1777206722.749491,0,0.000000,0.000000,0.000000,0.000000,1.000000,0.000000,0.810000,0.430000,0.180000,0.000000
1777206722.749993,0,0.000000,0.000000,0.000000,0.000000,1.000000,0.000000,1.000000,0.380000,0.000000,0.000000
1777206722.773053,0,0.000000,0.000000,0.000000,0.000000,1.000000,0.000000,1.000000,0.400000,0.000000,0.020000
1777206722.796875,0,0.000000,0.000000,0.000000,0.000000,0.100000,0.000000,1.000000,0.380000,0.180000,0.000000
1777206722.797367,0,0.000000,0.000000,0.000000,0.000000,0.500000,0.000000,1.000000,0.360000,0.180000,0.000000
1777206722.820528,0,0.000000,0.000000,0.000000,0.000000,0.910000,0.000000,1.000000,0.430000,0.000000,0.000000
1777206722.821019,0,0.000000,0.000000,0.000000,0.000000,0.020000,0.000000,1.000000,0.360000,0.000000,0.020000
1777206722.845181,0,0.000000,0.000000,0.000000,0.000000,0.000000,0.000000,0.000000,0.360000,0.360000,0.580000
1777206722.868179,0,0.000000,0.000000,0.000000,0.000000,0.370000,0.000000,0.230000,0.360000,0.180000,0.000000
1777206722.869519,0,0.000000,0.000000,0.000000,0.000000,0.380000,0.000000,0.460000,0.430000,0.000000,0.000000
1777206722.893729,0,0.000000,0.000000,0.000000,0.000000,0.150000,0.000000,0.680000,0.410000,0.000000,0.050000
1777206722.918914,0,0.000000,0.000000,0.000000,0.000000,0.940000,0.000000,0.920000,0.400000,0.000000,0.020000
1777206722.919407,0,0.000000,0.000000,0.000000,0.000000,0.000000,0.000000,1.000000,0.360000,0.360000,0.000000
1777206722.944461,0,0.000000,0.000000,0.000000,0.000000,0.210000,0.000000,1.000000,0.370000,0.000000,0.020000
1777206722.945368,0,0.000000,0.000000,0.000000,0.000000,0.890000,0.000000,1.000000,0.380000,0.000000,0.000000
1777206722.967952,0,0.000000,0.000000,0.000000,0.000000,0.280000,0.000000,1.000000,0.400000,0.000000,0.020000
1777206722.991405,0,0.000000,0.000000,0.000000,0.000000,0.910000,0.000000,1.000000,0.370000,0.000000,0.100000
1777206722.991897,0,0.000000,0.000000,0.000000,0.000000,1.000000,0.000000,1.000000,0.380000,0.000000,0.020000
1777206723.014233,0,0.000000,0.000000,0.000000,0.000000,1.000000,0.000000,0.000000,0.400000,0.000000,0.020000
1777206723.014723,0,0.000000,0.000000,0.000000,0.000000,1.000000,0.000000,0.150000,0.430000,0.000000,0.000000
1777206723.037195,0,0.000000,0.000000,0.000000,0.000000,1.000000,0.000000,0.280000,0.370000,0.000000,0.000000
1777206723.060277,0,0.000000,0.000000,0.000000,0.000000,0.000000,0.000000,0.430000,0.370000,0.360000,0.000000
1777206723.060781,0,0.000000,0.000000,0.000000,0.000000,0.620000,0.000000,0.560000,0.470000,0.000000,0.000000
1777206723.084290,0,0.000000,0.000000,0.000000,0.000000,1.000000,0.000000,0.050000,0.440000,0.000000,0.000000
1777206723.107068,0,0.000000,0.000000,0.000000,0.000000,0.370000,0.000000,0.170000,0.370000,0.000000,0.050000
1777206723.107933,0,0.000000,0.000000,0.000000,0.000000,0.000000,0.000000,0.300000,0.370000,0.360000,0.000000
1777206723.149632,0,0.000000,0.000000,0.000000,0.000000,0.500000,0.000000,0.400000,0.430000,0.000000,0.120000
1777206723.150122,0,0.000000,0.000000,0.000000,0.000000,1.000000,0.000000,0.510000,0.470000,0.000000,0.000000
1777206723.151558,0,0.000000,0.000000,0.000000,0.000000,0.000000,0.000000,0.630000,0.370000,0.360000,0.000000
1777206723.152045,0,0.000000,0.000000,0.000000,0.000000,0.440000,0.000000,0.750000,0.380000,0.180000,0.000000
1777206723.192475,0,0.000000,0.000000,0.000000,0.000000,0.000000,0.000000,0.870000,0.370000,0.550000,0.000000
1777206723.193337,0,0.000000,0.000000,0.000000,0.000000,0.640000,0.000000,0.990000,0.400000,0.180000,0.000000
1777206723.233917,0,0.000000,0.000000,0.000000,0.000000,0.510000,0.000000,1.000000,0.340000,0.000000,0.000000
1777206723.234437,0,0.000000,0.000000,0.000000,0.000000,1.000000,0.000000,0.020000,0.400000,0.000000,0.000000
1777206723.235183,0,0.000000,0.000000,0.000000,0.000000,0.070000,0.000000,0.140000,0.440000,0.180000,0.000000
1777206723.256795,0,0.000000,0.000000,0.000000,0.000000,0.730000,0.000000,0.250000,0.510000,0.180000,0.000000
1777206723.280420,0,0.000000,0.000000,0.000000,0.000000,0.000000,0.000000,0.370000,0.430000,0.360000,0.000000
1777206723.303112,0,0.000000,0.000000,0.000000,0.000000,0.360000,0.000000,0.490000,0.380000,0.000000,0.020000
1777206723.328253,0,0.000000,0.000000,0.000000,0.000000,0.950000,0.000000,0.610000,0.400000,0.000000,0.000000
1777206723.351247,0,0.000000,0.000000,0.000000,0.000000,1.000000,0.000000,0.720000,0.430000,0.180000,0.000000
1777206723.351739,0,0.000000,0.000000,0.000000,0.000000,1.000000,0.000000,0.830000,0.400000,0.000000,0.020000
1777206723.374882,0,0.000000,0.000000,0.000000,0.000000,0.070000,0.000000,0.950000,0.430000,0.000000,0.050000
1777206723.397994,0,0.000000,0.000000,0.000000,0.000000,0.630000,0.000000,1.000000,0.430000,0.000000,0.050000
1777206723.398492,0,0.000000,0.000000,0.000000,0.000000,0.330000,0.000000,1.000000,0.430000,0.000000,0.000000
1777206723.422061,0,0.000000,0.000000,0.000000,0.000000,1.000000,0.000000,1.000000,0.500000,0.000000,0.020000
1777206723.422879,0,0.000000,0.000000,0.000000,0.000000,1.000000,0.000000,1.000000,0.430000,0.180000,0.000000
1777206723.445017,0,0.000000,0.000000,0.000000,0.000000,0.000000,0.000000,1.000000,0.400000,0.360000,0.000000
1777206723.467262,0,0.000000,0.000000,0.000000,0.000000,0.560000,0.000000,1.000000,0.430000,0.000000,0.000000
1777206723.467799,0,0.000000,0.000000,0.000000,0.000000,0.010000,0.000000,1.000000,0.500000,0.180000,0.000000
1777206723.490501,0,0.000000,0.000000,0.000000,0.000000,0.180000,0.000000,1.000000,0.430000,0.000000,0.000000
1777206723.513099,0,0.000000,0.000000,0.000000,0.000000,0.200000,0.000000,1.000000,0.470000,0.000000,0.050000
1777206723.515131,0,0.000000,0.000000,0.000000,0.000000,0.280000,0.000000,1.000000,0.430000,0.360000,0.020000
1777206723.537960,0,0.000000,0.000000,0.000000,0.000000,1.000000,0.000000,1.000000,0.380000,0.180000,0.020000
1777206723.560637,0,0.000000,0.000000,0.000000,0.000000,0.400000,0.000000,1.000000,0.440000,0.000000,0.000000
1777206723.561406,0,0.000000,0.000000,0.000000,0.000000,1.000000,0.000000,1.000000,0.440000,0.180000,0.000000
1777206723.584402,0,0.000000,0.000000,0.000000,0.000000,0.200000,0.000000,1.000000,0.400000,0.180000,0.000000
1777206723.584896,0,0.000000,0.000000,0.000000,0.000000,0.070000,0.000000,1.000000,0.440000,0.730000,0.000000
1777206723.607604,0,0.000000,0.000000,0.000000,0.000000,0.340000,0.000000,1.000000,0.380000,0.000000,0.000000
1777206723.630228,0,0.000000,0.000000,0.000000,0.000000,1.000000,0.000000,1.000000,0.730000,0.180000,0.000000
1777206723.652568,0,0.000000,0.000000,0.000000,0.000000,0.300000,0.000000,1.000000,0.470000,0.000000,0.000000
1777206723.653063,0,0.000000,0.000000,0.000000,0.000000,1.000000,0.000000,1.000000,0.340000,0.000000,0.000000
1777206723.674915,0,0.000000,0.000000,0.000000,0.000000,1.000000,0.000000,1.000000,0.430000,0.180000,0.000000
1777206723.697286,0,0.000000,0.000000,0.000000,0.000000,1.000000,0.000000,1.000000,0.440000,0.180000,0.000000
1777206723.719862,0,0.000000,0.000000,0.000000,0.000000,0.270000,0.000000,1.000000,0.400000,0.000000,0.000000
1777206723.720371,0,0.000000,0.000000,0.000000,0.000000,0.250000,0.000000,1.000000,0.340000,0.000000,0.000000
1777206723.742041,0,0.000000,0.000000,0.000000,0.000000,0.000000,0.000000,0.030000,0.500000,0.360000,0.000000
1777206723.742535,0,0.000000,0.000000,0.000000,0.000000,0.440000,0.000000,0.150000,0.440000,0.360000,0.000000
1777206723.764206,0,0.000000,0.000000,0.000000,0.000000,0.250000,0.000000,0.270000,0.400000,0.180000,0.000000
1777206723.786789,0,0.000000,0.000000,0.000000,0.000000,1.000000,0.000000,0.380000,0.440000,0.000000,0.000000
1777206723.809069,0,0.000000,0.000000,0.000000,0.000000,0.400000,0.000000,0.500000,0.500000,0.180000,0.050000
1777206723.832046,0,0.000000,0.000000,0.000000,0.000000,0.910000,0.000000,0.630000,0.400000,0.000000,0.000000
1777206723.832530,0,0.000000,0.000000,0.000000,0.000000,0.250000,0.000000,0.750000,0.400000,0.000000,0.020000
1777206723.832916,0,0.000000,0.000000,0.000000,0.000000,0.000000,0.000000,0.870000,0.430000,0.360000,0.020000
1777206723.855013,0,0.000000,0.000000,0.000000,0.000000,0.870000,0.000000,0.980000,0.430000,0.000000,0.000000
1777206723.877545,0,0.000000,0.000000,0.000000,0.000000,0.550000,0.000000,1.000000,0.400000,0.180000,0.000000
1777206723.878031,0,0.000000,0.000000,0.000000,0.000000,0.750000,0.000000,1.000000,0.440000,0.000000,0.020000
1777206723.903358,0,0.000000,0.000000,0.000000,0.000000,0.270000,0.000000,1.000000,0.430000,0.180000,0.000000
1777206723.930161,0,0.000000,0.000000,0.000000,0.000000,0.170000,0.000000,1.000000,0.370000,0.000000,0.000000
1777206723.930831,0,0.000000,0.000000,0.000000,0.000000,0.500000,0.000000,1.000000,0.440000,0.000000,0.000000
1777206723.956519,0,0.000000,0.000000,0.000000,0.000000,0.110000,0.000000,1.000000,0.430000,0.360000,0.000000
1777206723.979446,0,0.000000,0.000000,0.000000,0.000000,0.600000,0.000000,1.000000,0.470000,0.180000,0.000000
1777206723.980097,0,0.000000,0.000000,0.000000,0.000000,1.000000,0.000000,1.000000,0.440000,0.180000,0.020000
1777206724.002975,0,0.000000,0.000000,0.000000,0.000000,0.680000,0.000000,1.000000,0.400000,0.180000,0.000000
1777206724.003476,0,0.000000,0.000000,0.000000,0.000000,0.280000,0.000000,1.000000,0.380000,0.000000,0.000000
1777206724.025707,0,0.000000,0.000000,0.000000,0.000000,1.000000,0.000000,1.000000,0.400000,0.180000,0.000000
1777206724.026216,0,0.000000,0.000000,0.000000,0.000000,0.370000,0.000000,1.000000,0.400000,0.000000,0.000000
1777206724.048668,0,0.000000,0.000000,0.000000,0.000000,0.000000,0.000000,1.000000,0.400000,0.550000,0.000000
1777206724.071774,0,0.000000,0.000000,0.000000,0.000000,0.680000,0.000000,1.000000,0.440000,0.180000,0.000000
1777206724.094350,0,0.000000,0.000000,0.000000,0.000000,0.000000,0.000000,1.000000,0.340000,0.730000,0.000000
1777206724.094845,0,0.000000,0.000000,0.000000,0.000000,0.570000,0.000000,1.000000,0.400000,0.000000,0.120000
1777206724.117909,0,0.000000,0.000000,0.000000,0.000000,0.140000,0.000000,1.000000,0.380000,0.180000,0.000000
1777206724.140609,0,0.000000,0.000000,0.000000,0.000000,0.380000,0.000000,1.000000,0.430000,0.000000,0.000000
1777206724.141095,0,0.000000,0.000000,0.000000,0.000000,1.000000,0.000000,1.000000,0.440000,0.000000,0.400000
1777206724.182508,0,0.000000,0.000000,0.000000,0.000000,1.000000,0.000000,1.000000,0.400000,0.000000,0.020000
1777206724.183169,0,0.000000,0.000000,0.000000,0.000000,0.000000,0.000000,1.000000,0.400000,0.360000,0.000000
1777206724.183625,0,0.000000,0.000000,0.000000,0.000000,0.680000,0.000000,1.000000,0.400000,0.000000,0.000000
1777206724.184132,0,0.000000,0.000000,0.000000,0.000000,0.440000,0.000000,0.030000,0.500000,0.000000,0.020000
1777206724.224318,0,0.000000,0.000000,0.000000,0.000000,1.000000,0.000000,0.150000,0.430000,0.000000,0.020000
1777206724.225034,0,0.000000,0.000000,0.000000,0.000000,1.000000,0.000000,0.270000,0.430000,0.000000,0.000000
1777206724.225454,0,0.000000,0.000000,0.000000,0.000000,1.000000,0.000000,0.370000,0.430000,0.180000,0.000000
1777206724.264021,0,0.000000,0.000000,0.000000,0.000000,1.000000,0.000000,0.500000,0.440000,0.000000,0.000000
1777206724.303999,0,0.000000,0.000000,0.000000,0.000000,1.000000,0.000000,0.610000,0.430000,0.000000,0.000000
1777206724.304524,0,0.000000,0.000000,0.000000,0.000000,0.440000,0.000000,0.720000,0.430000,0.000000,0.000000
1777206724.305132,0,0.000000,0.000000,0.000000,0.000000,0.100000,0.000000,0.820000,0.400000,0.000000,0.050000
1777206724.305549,0,0.000000,0.000000,0.000000,0.000000,0.000000,0.000000,0.940000,0.430000,0.360000,0.000000
1777206724.346018,0,0.000000,0.000000,0.000000,0.000000,0.200000,0.000000,1.000000,0.400000,0.180000,0.020000
1777206724.346712,0,0.000000,0.000000,0.000000,0.000000,0.000000,0.000000,1.000000,0.400000,0.360000,0.000000
1777206724.347143,0,0.000000,0.000000,0.000000,0.000000,0.370000,0.000000,1.000000,0.440000,0.180000,0.000000
1777206724.387164,0,0.000000,0.000000,0.000000,0.000000,0.510000,0.000000,1.000000,0.370000,0.000000,0.050000
1777206724.387866,0,0.000000,0.000000,0.000000,0.000000,1.000000,0.000000,1.000000,0.470000,0.000000,0.000000
1777206724.388285,0,0.000000,0.000000,0.000000,0.000000,1.000000,0.000000,1.000000,0.470000,0.000000,0.000000
1777206724.428354,0,0.000000,0.000000,0.000000,0.000000,1.000000,0.000000,1.000000,0.470000,0.180000,0.050000
1777206724.467985,0,0.000000,0.000000,0.000000,0.000000,0.370000,0.000000,1.000000,0.400000,0.180000,0.000000
1777206724.468486,0,0.000000,0.000000,0.000000,0.000000,0.570000,0.000000,1.000000,0.340000,0.000000,0.000000
1777206724.469026,0,0.000000,0.000000,0.000000,0.000000,1.000000,0.000000,1.000000,0.510000,0.180000,0.000000
1777206724.469448,0,0.000000,0.000000,0.000000,0.000000,0.400000,0.000000,1.000000,0.340000,0.000000,0.000000
1777206724.508094,0,0.000000,0.000000,0.000000,0.000000,0.500000,0.000000,1.000000,0.400000,0.180000,0.000000
1777206724.508810,0,0.000000,0.000000,0.000000,0.000000,1.000000,0.000000,1.000000,0.370000,0.000000,0.050000
1777206724.548271,0,0.000000,0.000000,0.000000,0.000000,1.000000,0.000000,0.020000,0.470000,0.000000,0.000000
1777206724.548808,0,0.000000,0.000000,0.000000,0.000000,0.000000,0.000000,0.150000,0.380000,0.550000,0.000000
1777206724.549363,0,0.000000,0.000000,0.000000,0.000000,1.000000,0.000000,0.250000,0.470000,0.180000,0.000000
1777206724.591995,0,0.000000,0.000000,0.000000,0.000000,1.000000,0.000000,0.370000,0.400000,0.180000,0.000000
1777206724.592505,0,0.000000,0.000000,0.000000,0.000000,1.000000,0.000000,0.500000,0.380000,0.000000,0.000000
1777206724.593072,0,0.000000,0.000000,0.000000,0.000000,1.000000,0.000000,0.610000,0.340000,0.000000,0.020000
1777206724.632842,0,0.000000,0.000000,0.000000,0.000000,1.000000,0.000000,0.730000,0.510000,0.180000,0.000000
1777206724.633513,0,0.000000,0.000000,0.000000,0.000000,0.630000,0.000000,0.850000,0.380000,0.000000,0.000000
1777206724.672532,0,0.000000,0.000000,0.000000,0.000000,1.000000,0.000000,0.950000,0.400000,0.180000,0.020000
1777206724.673278,0,0.000000,0.000000,0.000000,0.000000,0.340000,0.000000,1.000000,0.440000,0.000000,0.000000
1777206724.673715,0,0.000000,0.000000,0.000000,0.000000,1.000000,0.000000,1.000000,0.400000,0.180000,0.000000
1777206724.713044,0,0.000000,0.000000,0.000000,0.000000,0.000000,0.000000,1.000000,0.430000,0.920000,0.000000
1777206724.713727,0,0.000000,0.000000,0.000000,0.000000,1.000000,0.000000,1.000000,0.370000,0.180000,0.000000
1777206724.735342,0,0.000000,0.000000,0.000000,0.000000,1.000000,0.000000,1.000000,0.310000,0.180000,0.000000
1777206724.757535,0,0.000000,0.000000,0.000000,0.000000,0.000000,0.000000,1.000000,0.430000,0.360000,0.000000
1777206724.779509,0,0.000000,0.000000,0.000000,0.000000,1.000000,0.000000,1.000000,0.400000,0.000000,0.000000
1777206724.780031,0,0.000000,0.000000,0.000000,0.000000,1.000000,0.000000,1.000000,0.340000,0.180000,0.000000
1777206724.820470,0,0.000000,0.000000,0.000000,0.000000,1.000000,0.000000,1.000000,0.380000,0.000000,0.000000
1777206724.820997,0,0.000000,0.000000,0.000000,0.000000,0.150000,0.000000,1.000000,0.400000,0.000000,0.000000
1777206724.821434,0,0.000000,0.000000,0.000000,0.000000,1.000000,0.000000,1.000000,0.430000,0.180000,0.000000
1777206724.821816,0,0.000000,0.000000,0.000000,0.000000,0.510000,0.000000,1.000000,0.340000,0.000000,0.000000
1777206724.861285,0,0.000000,0.000000,0.000000,0.000000,0.510000,0.000000,1.000000,0.430000,0.000000,0.020000
1777206724.861989,0,0.000000,0.000000,0.000000,0.000000,0.200000,0.000000,1.000000,0.380000,0.180000,0.000000
1777206724.906739,0,0.000000,0.000000,0.000000,0.000000,0.310000,0.000000,1.000000,0.430000,0.000000,0.100000
1777206724.907248,0,0.000000,0.000000,0.000000,0.000000,1.000000,0.000000,0.010000,0.430000,0.180000,0.000000
1777206724.907812,0,0.000000,0.000000,0.000000,0.000000,0.340000,0.000000,0.140000,0.770000,0.000000,0.000000
1777206724.951209,0,0.000000,0.000000,0.000000,0.000000,1.000000,0.000000,0.250000,0.370000,0.000000,0.000000
1777206724.951713,0,0.000000,0.000000,0.000000,0.000000,1.000000,0.000000,0.370000,0.470000,0.000000,0.000000
1777206724.952918,0,0.000000,0.000000,0.000000,0.000000,1.000000,0.000000,0.470000,0.380000,0.180000,0.000000
1777206724.974945,0,0.000000,0.000000,0.000000,0.000000,0.000000,0.000000,0.610000,0.440000,0.550000,0.000000
1777206724.996873,0,0.000000,0.000000,0.000000,0.000000,0.750000,0.000000,0.720000,0.430000,0.180000,0.000000
1777206725.019445,0,0.000000,0.000000,0.000000,0.000000,1.000000,0.000000,0.820000,0.430000,0.000000,0.000000
1777206725.019977,0,0.000000,0.000000,0.000000,0.000000,1.000000,0.000000,0.940000,0.400000,0.000000,0.000000
1777206725.060821,0,0.000000,0.000000,0.000000,0.000000,0.340000,0.000000,1.000000,0.330000,0.000000,0.000000
1777206725.061405,0,0.000000,0.000000,0.000000,0.000000,0.630000,0.000000,1.000000,0.430000,0.180000,0.000000
1777206725.062024,0,0.000000,0.000000,0.000000,0.000000,1.000000,0.000000,1.000000,0.430000,0.000000,0.100000
1777206725.102262,0,0.000000,0.000000,0.000000,0.000000,0.460000,0.000000,0.030000,0.440000,0.180000,0.000000
1777206725.102839,0,0.000000,0.000000,0.000000,0.000000,1.000000,0.000000,0.150000,0.380000,0.000000,0.000000
1777206725.103582,0,0.000000,0.000000,0.000000,0.000000,1.000000,0.000000,0.250000,0.400000,0.000000,0.000000
1777206725.144083,0,0.000000,0.000000,0.000000,0.000000,0.460000,0.000000,0.370000,0.540000,0.000000,0.000000
1777206725.144596,0,0.000000,0.000000,0.000000,0.000000,0.050000,0.000000,0.460000,0.430000,0.180000,0.000000
1777206725.145157,0,0.000000,0.000000,0.000000,0.000000,0.140000,0.000000,0.570000,0.380000,0.000000,0.000000
1777206725.185226,0,0.000000,0.000000,0.000000,0.000000,0.690000,0.000000,0.690000,0.400000,0.000000,0.000000
1777206725.185742,0,0.000000,0.000000,0.000000,0.000000,0.340000,0.000000,0.810000,0.430000,0.000000,0.000000
1777206725.186310,0,0.000000,0.000000,0.000000,0.000000,0.050000,0.000000,0.910000,0.400000,0.180000,0.000000
1777206725.225828,0,0.000000,0.000000,0.000000,0.000000,0.440000,0.000000,1.000000,0.470000,0.000000,0.000000
1777206725.226510,0,0.000000,0.000000,0.000000,0.000000,1.000000,0.000000,1.000000,0.470000,0.180000,0.000000
1777206725.265175,0,0.000000,0.000000,0.000000,0.000000,0.180000,0.000000,1.000000,0.500000,0.180000,0.000000
1777206725.265857,0,0.000000,0.000000,0.000000,0.000000,1.000000,0.000000,0.010000,0.470000,0.000000,0.000000
1777206725.305458,0,0.000000,0.000000,0.000000,0.000000,0.200000,0.000000,0.100000,0.380000,0.000000,0.000000
1777206725.305966,0,0.000000,0.000000,0.000000,0.000000,0.050000,0.000000,0.180000,0.110000,0.000000,0.020000
1777206725.327933,0,0.000000,0.000000,0.000000,0.000000,0.310000,0.000000,0.020000,0.510000,0.000000,0.020000
1777206725.350841,0,0.000000,0.000000,0.000000,0.000000,0.680000,0.000000,0.150000,0.400000,0.000000,0.000000
1777206725.351345,0,0.000000,0.000000,0.000000,0.000000,0.280000,0.000000,0.250000,0.400000,0.000000,0.000000
1777206725.351942,0,0.000000,0.000000,0.000000,0.000000,0.070000,0.000000,0.370000,0.440000,0.180000,0.000000
1777206725.374044,0,0.000000,0.000000,0.000000,0.000000,0.660000,0.000000,0.490000,0.370000,0.180000,0.000000
1777206725.396611,0,0.000000,0.000000,0.000000,0.000000,0.890000,0.000000,0.090000,0.400000,0.180000,0.020000
1777206725.418050,0,0.000000,0.000000,0.000000,0.000000,0.280000,0.000000,0.230000,0.380000,0.000000,0.000000
1777206725.418578,0,0.000000,0.000000,0.000000,0.000000,1.000000,0.000000,0.370000,0.440000,0.180000,0.000000
1777206725.440858,0,0.000000,0.000000,0.000000,0.000000,0.140000,0.000000,0.540000,0.430000,0.000000,0.000000
1777206725.441473,0,0.000000,0.000000,0.000000,0.000000,0.090000,0.000000,0.680000,0.430000,0.180000,0.000000
1777206725.481864,0,0.000000,0.000000,0.000000,0.000000,0.760000,0.000000,0.830000,0.400000,0.000000,0.100000
1777206725.482387,0,0.000000,0.000000,0.000000,0.000000,1.000000,0.000000,1.000000,0.430000,0.180000,0.000000
1777206725.482975,0,0.000000,0.000000,0.000000,0.000000,0.100000,0.000000,1.000000,0.430000,0.000000,0.000000
1777206725.521425,0,0.000000,0.000000,0.000000,0.000000,0.070000,0.000000,1.000000,0.470000,0.180000,0.000000
1777206725.521972,0,0.000000,0.000000,0.000000,0.000000,0.680000,0.000000,1.000000,0.440000,0.000000,0.000000
1777206725.522547,0,0.000000,0.000000,0.000000,0.000000,1.000000,0.000000,1.000000,0.430000,0.180000,0.000000
1777206725.562880,0,0.000000,0.000000,0.000000,0.000000,0.270000,0.000000,1.000000,0.380000,0.180000,0.000000
1777206725.563570,0,0.000000,0.000000,0.000000,0.000000,0.750000,0.000000,1.000000,0.430000,0.000000,0.000000
1777206725.563977,0,0.000000,0.000000,0.000000,0.000000,0.310000,0.000000,1.000000,0.400000,0.000000,0.000000
1777206725.603291,0,0.000000,0.000000,0.000000,0.000000,0.470000,0.000000,1.000000,0.370000,0.000000,0.000000
1777206725.645021,0,0.000000,0.000000,0.000000,0.000000,0.070000,0.000000,1.000000,0.370000,0.000000,0.020000
1777206725.645709,0,0.000000,0.000000,0.000000,0.000000,0.600000,0.000000,1.000000,0.470000,0.000000,0.000000
1777206725.646156,0,0.000000,0.000000,0.000000,0.000000,0.100000,0.000000,1.000000,0.510000,0.180000,0.000000
1777206725.667901,0,0.000000,0.000000,0.000000,0.000000,0.880000,0.000000,1.000000,0.380000,0.000000,0.000000
1777206725.707723,0,0.000000,0.000000,0.000000,0.000000,1.000000,0.000000,1.000000,0.430000,0.000000,0.000000
1777206725.708245,0,0.000000,0.000000,0.000000,0.000000,0.150000,0.000000,1.000000,0.510000,0.180000,0.000000
1777206725.708847,0,0.000000,0.000000,0.000000,0.000000,0.720000,0.000000,1.000000,0.430000,0.000000,0.000000
1777206725.709259,0,0.000000,0.000000,0.000000,0.000000,1.000000,0.000000,1.000000,0.470000,0.000000,0.000000
1777206725.748394,0,0.000000,0.000000,0.000000,0.000000,0.000000,0.000000,0.020000,0.440000,0.550000,0.000000
1777206725.749148,0,0.000000,0.000000,0.000000,0.000000,0.000000,0.000000,0.180000,0.430000,0.360000,0.000000
1777206725.770752,0,0.000000,0.000000,0.000000,0.000000,0.430000,0.000000,0.340000,0.400000,0.180000,0.000000
1777206725.793361,0,0.000000,0.000000,0.000000,0.000000,0.860000,0.000000,0.500000,0.370000,0.000000,0.120000
1777206725.815899,0,0.000000,0.000000,0.000000,0.000000,0.250000,0.000000,0.660000,0.400000,0.000000,0.000000
1777206725.838469,0,0.000000,0.000000,0.000000,0.000000,0.690000,0.000000,0.810000,0.380000,0.000000,0.000000
1777206725.838951,0,0.000000,0.000000,0.000000,0.000000,1.000000,0.000000,0.940000,0.430000,0.180000,0.000000
1777206725.861410,0,0.000000,0.000000,0.000000,0.000000,1.000000,0.000000,1.000000,0.440000,0.000000,0.000000
1777206725.884377,0,0.000000,0.000000,0.000000,0.000000,1.000000,0.000000,1.000000,0.500000,0.000000,0.000000
1777206725.884862,0,0.000000,0.000000,0.000000,0.000000,1.000000,0.000000,1.000000,0.440000,0.180000,0.000000
1777206725.907978,0,0.000000,0.000000,0.000000,0.000000,1.000000,0.000000,1.000000,0.440000,0.000000,0.000000
1777206725.930742,0,0.000000,0.000000,0.000000,0.000000,1.000000,0.000000,1.000000,0.430000,0.000000,0.000000
1777206725.931239,0,0.000000,0.000000,0.000000,0.000000,0.140000,0.000000,1.000000,0.500000,0.000000,0.020000
1777206725.954111,0,0.000000,0.000000,0.000000,0.000000,0.570000,0.000000,1.000000,0.500000,0.000000,0.000000
1777206725.954652,0,0.000000,0.000000,0.000000,0.000000,0.140000,0.000000,1.000000,0.400000,0.000000,0.000000
1777206725.977770,0,0.000000,0.000000,0.000000,0.000000,0.180000,0.000000,1.000000,0.430000,0.000000,0.000000
1777206725.978271,0,0.000000,0.000000,0.000000,0.000000,0.760000,0.000000,1.000000,0.400000,0.000000,0.000000
1777206726.000302,0,0.000000,0.000000,0.000000,0.000000,1.000000,0.000000,0.000000,0.380000,0.000000,0.050000
1777206726.022612,0,0.000000,0.000000,0.000000,0.000000,0.120000,0.000000,0.110000,0.400000,0.000000,0.000000
1777206726.045294,0,0.000000,0.000000,0.000000,0.000000,0.600000,0.000000,0.230000,0.430000,0.000000,0.000000
1777206726.068021,0,0.000000,0.000000,0.000000,0.000000,1.000000,0.000000,0.360000,0.340000,0.000000,0.000000
1777206726.068532,0,0.000000,0.000000,0.000000,0.000000,1.000000,0.000000,0.470000,0.510000,0.180000,0.000000
1777206726.092279,0,0.000000,0.000000,0.000000,0.000000,0.100000,0.000000,0.570000,0.500000,0.180000,0.000000
1777206726.115203,0,0.000000,0.000000,0.000000,0.000000,0.280000,0.000000,0.720000,0.380000,0.180000,0.000000
1777206726.115752,0,0.000000,0.000000,0.000000,0.000000,0.700000,0.000000,0.830000,0.380000,0.000000,0.020000
1777206726.138440,0,0.000000,0.000000,0.000000,0.000000,0.000000,0.000000,0.950000,0.470000,0.360000,0.000000
1777206726.138937,0,0.000000,0.000000,0.000000,0.000000,1.000000,0.000000,1.000000,0.430000,0.180000,0.000000
1777206726.161165,0,0.000000,0.000000,0.000000,0.000000,0.070000,0.000000,1.000000,0.330000,0.000000,0.000000
1777206726.183855,0,0.000000,0.000000,0.000000,0.000000,0.100000,0.000000,1.000000,0.380000,0.180000,0.230000
1777206726.184731,0,0.000000,0.000000,0.000000,0.000000,0.870000,0.000000,1.000000,0.440000,0.000000,0.000000
1777206726.206656,0,0.000000,0.000000,0.000000,0.000000,0.170000,0.000000,1.000000,0.470000,0.000000,0.000000
1777206726.246584,0,0.000000,0.000000,0.000000,0.000000,0.200000,0.000000,1.000000,0.400000,0.180000,0.000000
1777206726.247183,0,0.000000,0.000000,0.000000,0.000000,0.510000,0.000000,1.000000,0.400000,0.000000,0.000000
1777206726.247772,0,0.000000,0.000000,0.000000,0.000000,1.000000,0.000000,1.000000,0.430000,0.000000,0.000000
1777206726.248194,0,0.000000,0.000000,0.000000,0.000000,0.630000,0.000000,1.000000,0.430000,0.180000,0.000000
1777206726.287962,0,0.000000,0.000000,0.000000,0.000000,1.000000,0.000000,1.000000,0.430000,0.000000,0.000000
1777206726.288680,0,0.000000,0.000000,0.000000,0.000000,1.000000,0.000000,1.000000,0.370000,0.000000,0.000000
1777206726.289104,0,0.000000,0.000000,0.000000,0.000000,1.000000,0.000000,1.000000,0.340000,0.000000,0.000000
1777206726.328488,0,0.000000,0.000000,0.000000,0.000000,0.000000,0.000000,1.000000,0.440000,0.550000,0.000000
1777206726.329201,0,0.000000,0.000000,0.000000,0.000000,0.930000,0.000000,1.000000,0.400000,0.000000,0.310000
1777206726.369046,0,0.000000,0.000000,0.000000,0.000000,1.000000,0.000000,1.000000,0.380000,0.000000,0.000000
1777206726.369586,0,0.000000,0.000000,0.000000,0.000000,0.150000,0.000000,1.000000,0.440000,0.000000,0.020000
1777206726.370191,0,0.000000,0.000000,0.000000,0.000000,0.250000,0.000000,1.000000,0.400000,0.360000,0.000000
1777206726.410352,0,0.000000,0.000000,0.000000,0.000000,0.030000,0.000000,1.000000,0.400000,0.000000,0.000000
1777206726.410872,0,0.000000,0.000000,0.000000,0.000000,0.510000,0.000000,1.000000,0.430000,0.000000,0.000000
1777206726.411654,0,0.000000,0.000000,0.000000,0.000000,1.000000,0.000000,1.000000,0.470000,0.000000,0.000000
1777206726.412073,0,0.000000,0.000000,0.000000,0.000000,1.000000,0.000000,1.000000,0.430000,0.180000,0.000000
1777206726.451332,0,0.000000,0.000000,0.000000,0.000000,0.680000,0.000000,1.000000,0.470000,0.180000,0.000000
1777206726.451855,0,0.000000,0.000000,0.000000,0.000000,1.000000,0.000000,1.000000,0.440000,0.000000,0.000000
1777206726.491538,0,0.000000,0.000000,0.000000,0.000000,1.000000,0.000000,1.000000,0.440000,0.000000,0.000000
1777206726.531209,0,0.000000,0.000000,0.000000,0.000000,0.460000,0.000000,0.050000,0.430000,0.000000,0.170000
1777206726.531722,0,0.000000,0.000000,0.000000,0.000000,1.000000,0.000000,0.150000,0.430000,0.000000,0.000000
1777206726.532113,0,0.000000,0.000000,0.000000,0.000000,1.000000,0.000000,0.280000,0.440000,0.180000,0.000000
1777206726.532488,0,0.000000,0.000000,0.000000,0.000000,0.300000,0.000000,0.400000,0.400000,0.000000,0.000000
1777206726.573301,0,0.000000,0.000000,0.000000,0.000000,0.000000,0.000000,0.510000,0.400000,0.360000,0.020000
1777206726.574167,0,0.000000,0.000000,0.000000,0.000000,0.300000,0.000000,0.660000,0.400000,0.180000,0.050000
1777206726.574650,0,0.000000,0.000000,0.000000,0.000000,1.000000,0.000000,0.760000,0.400000,0.000000,0.440000
1777206726.613130,0,0.000000,0.000000,0.000000,0.000000,1.000000,0.000000,0.880000,0.380000,0.000000,0.370000
1777206726.613983,0,0.000000,0.000000,0.000000,0.000000,0.150000,0.000000,1.000000,0.470000,0.180000,0.000000
1777206726.654630,0,0.000000,0.000000,0.000000,0.000000,1.000000,0.000000,1.000000,0.400000,0.000000,0.000000
1777206726.655204,0,0.000000,0.000000,0.000000,0.000000,1.000000,0.000000,1.000000,0.400000,0.180000,0.000000
1777206726.655930,0,0.000000,0.000000,0.000000,0.000000,0.370000,0.000000,1.000000,0.380000,0.180000,0.000000
1777206726.678413,0,0.000000,0.000000,0.000000,0.000000,0.000000,0.000000,1.000000,0.470000,0.360000,0.000000
1777206726.718699,0,0.000000,0.000000,0.000000,0.000000,0.870000,0.000000,1.000000,0.430000,0.000000,0.000000
1777206726.719221,0,0.000000,0.000000,0.000000,0.000000,0.310000,0.000000,0.030000,0.400000,0.000000,0.000000
1777206726.720244,0,0.000000,0.000000,0.000000,0.000000,0.460000,0.000000,0.010000,0.400000,0.000000,0.000000
1777206726.720667,0,0.000000,0.000000,0.000000,0.000000,0.000000,0.000000,0.100000,0.470000,0.360000,0.020000
1777206726.770636,0,0.000000,0.000000,0.000000,0.000000,0.250000,0.000000,0.200000,0.470000,0.000000,0.000000
1777206726.771669,0,0.000000,0.000000,0.000000,0.000000,0.100000,0.000000,0.300000,0.430000,0.360000,0.020000
1777206726.772095,0,0.000000,0.000000,0.000000,0.000000,1.000000,0.000000,0.380000,0.430000,0.180000,0.000000
1777206726.793611,0,0.000000,0.000000,0.000000,0.000000,1.000000,0.000000,0.460000,0.380000,0.000000,0.020000
1777206726.795119,0,0.000000,0.000000,0.000000,0.000000,1.000000,0.000000,0.560000,0.470000,0.000000,0.000000
1777206726.816731,0,0.000000,0.000000,0.000000,0.000000,0.400000,0.000000,0.660000,0.430000,0.180000,0.000000
1777206726.832781,0,0.000000,0.000000,0.000000,0.000000,0.250000,0.000000,0.750000,0.370000,0.180000,0.000000
1777206726.838577,0,0.000000,0.000000,0.000000,0.000000,0.050000,0.000000,0.830000,0.500000,0.180000,0.000000
1777206726.862486,0,0.000000,0.000000,0.000000,0.000000,1.000000,0.000000,0.930000,0.340000,0.000000,0.000000
1777206726.869718,0,0.000000,0.000000,0.000000,0.000000,1.000000,0.000000,1.000000,0.400000,0.180000,0.000000
1777206726.884731,0,0.000000,0.000000,0.000000,0.000000,1.000000,0.000000,1.000000,0.400000,0.000000,0.000000
1777206726.900276,0,0.000000,0.000000,0.000000,0.000000,0.510000,0.000000,1.000000,0.370000,0.000000,0.000000
1777206726.917912,0,0.000000,0.000000,0.000000,0.000000,1.000000,0.000000,1.000000,0.380000,0.180000,0.000000
1777206726.928337,0,0.000000,0.000000,0.000000,0.000000,1.000000,0.000000,1.000000,0.430000,0.000000,0.000000
1777206726.950770,0,0.000000,0.000000,0.000000,0.000000,0.150000,0.000000,1.000000,0.440000,0.180000,0.100000
1777206726.965074,0,0.000000,0.000000,0.000000,0.000000,1.000000,0.000000,1.000000,0.400000,0.000000,0.000000
1777206726.988285,0,0.000000,0.000000,0.000000,0.000000,1.000000,0.000000,1.000000,0.430000,0.180000,0.000000
1777206726.995840,0,0.000000,0.000000,0.000000,0.000000,1.000000,0.000000,1.000000,0.380000,0.180000,0.000000
1777206727.011545,0,0.000000,0.000000,0.000000,0.000000,1.000000,0.000000,1.000000,0.380000,0.180000,0.000000
1777206727.026408,0,0.000000,0.000000,0.000000,0.000000,1.000000,0.000000,1.000000,0.430000,0.000000,0.020000
1777206727.049647,0,0.000000,0.000000,0.000000,0.000000,0.630000,0.000000,1.000000,0.400000,0.180000,0.000000
1777206727.058007,0,0.000000,0.000000,0.000000,0.000000,1.000000,0.000000,1.000000,0.400000,0.000000,0.000000
1777206727.070987,0,0.000000,0.000000,0.000000,0.000000,0.500000,0.000000,1.000000,0.380000,0.000000,0.000000
1777206727.096583,0,0.000000,0.000000,0.000000,0.000000,0.510000,0.000000,1.000000,0.440000,0.000000,0.000000
1777206727.118646,0,0.000000,0.000000,0.000000,0.000000,0.330000,0.000000,1.000000,0.440000,0.000000,0.170000
1777206727.132340,0,0.000000,0.000000,0.000000,0.000000,0.170000,0.000000,1.000000,0.430000,0.000000,0.170000
1777206727.137808,0,0.000000,0.000000,0.000000,0.000000,1.000000,0.000000,1.000000,0.380000,0.180000,0.000000
1777206727.156351,0,0.000000,0.000000,0.000000,0.000000,0.000000,0.000000,1.000000,0.400000,0.360000,0.020000
1777206727.177885,0,0.000000,0.000000,0.000000,0.000000,0.660000,0.000000,1.000000,0.430000,0.180000,0.000000
1777206727.192195,0,0.000000,0.000000,0.000000,0.000000,1.000000,0.000000,1.000000,0.690000,0.000000,0.000000
1777206727.198745,0,0.000000,0.000000,0.000000,0.000000,0.150000,0.000000,1.000000,0.400000,0.000000,0.000000
1777206727.213670,0,0.000000,0.000000,0.000000,0.000000,0.150000,0.000000,1.000000,0.430000,0.180000,0.000000
1777206727.228027,0,0.000000,0.000000,0.000000,0.000000,0.660000,0.000000,1.000000,0.430000,0.180000,0.000000
1777206727.250796,0,0.000000,0.000000,0.000000,0.000000,1.000000,0.000000,1.000000,0.170000,0.180000,0.000000
1777206727.257199,0,0.000000,0.000000,0.000000,0.000000,1.000000,0.000000,0.030000,0.470000,0.180000,0.000000
1777206727.279856,0,0.000000,0.000000,0.000000,0.000000,0.100000,0.000000,0.120000,0.380000,0.000000,0.000000
1777206727.287211,0,0.000000,0.000000,0.000000,0.000000,0.000000,0.000000,0.230000,0.430000,0.360000,0.000000
1777206727.339205,0,0.000000,0.000000,0.000000,0.000000,0.460000,0.000000,0.310000,0.470000,0.000000,0.000000
1777206727.340024,0,0.000000,0.000000,0.000000,0.000000,0.930000,0.000000,0.400000,0.340000,0.000000,0.050000
1777206727.340921,0,0.000000,0.000000,0.000000,0.000000,0.000000,0.000000,0.500000,0.470000,0.360000,0.020000
1777206727.347077,0,0.000000,0.000000,0.000000,0.000000,0.370000,0.000000,0.600000,0.470000,0.000000,0.000000
1777206727.369960,0,0.000000,0.000000,0.000000,0.000000,0.150000,0.000000,0.680000,0.400000,0.360000,0.000000
1777206727.377447,0,0.000000,0.000000,0.000000,0.000000,0.660000,0.000000,0.770000,0.500000,0.180000,0.000000
1777206727.409479,0,0.000000,0.000000,0.000000,0.000000,0.150000,0.000000,0.870000,0.430000,0.180000,0.000000
1777206727.415430,0,0.000000,0.000000,0.000000,0.000000,0.560000,0.000000,0.940000,0.400000,0.180000,0.000000
1777206727.422096,0,0.000000,0.000000,0.000000,0.000000,0.140000,0.000000,1.000000,0.380000,0.000000,0.000000
1777206727.437629,0,0.000000,0.000000,0.000000,0.000000,0.670000,0.000000,1.000000,0.430000,0.180000,0.000000
1777206727.452521,0,0.000000,0.000000,0.000000,0.000000,0.380000,0.000000,1.000000,0.750000,0.000000,0.000000
1777206727.476715,0,0.000000,0.000000,0.000000,0.000000,0.000000,0.000000,1.000000,0.440000,0.730000,0.000000
1777206727.489605,0,0.000000,0.000000,0.000000,0.000000,0.550000,0.000000,1.000000,0.500000,0.000000,0.000000
1777206727.505115,0,0.000000,0.000000,0.000000,0.000000,0.070000,0.000000,1.000000,0.440000,0.180000,0.000000
1777206727.520562,0,0.000000,0.000000,0.000000,0.000000,0.640000,0.000000,1.000000,0.440000,0.000000,0.000000
1777206727.537442,0,0.000000,0.000000,0.000000,0.000000,0.340000,0.000000,1.000000,0.470000,0.000000,0.000000
1777206727.557501,0,0.000000,0.000000,0.000000,0.000000,0.070000,0.000000,1.000000,0.510000,0.180000,0.000000
1777206727.565731,0,0.000000,0.000000,0.000000,0.000000,0.750000,0.000000,1.000000,0.380000,0.000000,0.000000
1777206727.589018,0,0.000000,0.000000,0.000000,0.000000,0.380000,0.000000,1.000000,0.380000,0.180000,0.000000
1777206727.595632,0,0.000000,0.000000,0.000000,0.000000,1.000000,0.000000,1.000000,0.470000,0.180000,0.000000
1777206727.620629,0,0.000000,0.000000,0.000000,0.000000,1.000000,0.000000,1.000000,0.660000,0.000000,0.000000
1777206727.627556,0,0.000000,0.000000,0.000000,0.000000,0.200000,0.000000,1.000000,0.380000,0.000000,0.000000
1777206727.640500,0,0.000000,0.000000,0.000000,0.000000,0.000000,0.000000,1.000000,0.500000,0.550000,0.000000
1777206727.664050,0,0.000000,0.000000,0.000000,0.000000,1.000000,0.000000,1.000000,0.380000,0.000000,0.000000
1777206727.679514,0,0.000000,0.000000,0.000000,0.000000,0.830000,0.000000,1.000000,0.440000,0.000000,0.000000
1777206727.687323,0,0.000000,0.000000,0.000000,0.000000,0.500000,0.000000,1.000000,0.400000,0.000000,0.120000
1777206727.701549,0,0.000000,0.000000,0.000000,0.000000,0.100000,0.000000,0.020000,0.400000,0.000000,0.000000
1777206727.723405,0,0.000000,0.000000,0.000000,0.000000,0.170000,0.000000,0.090000,0.430000,0.000000,0.000000
1777206727.734756,0,0.000000,0.000000,0.000000,0.000000,0.310000,0.000000,0.000000,0.440000,0.000000,0.100000
1777206727.745519,0,0.000000,0.000000,0.000000,0.000000,1.000000,0.000000,0.090000,0.340000,0.000000,0.000000
1777206727.768744,0,0.000000,0.000000,0.000000,0.000000,1.000000,0.000000,0.180000,0.470000,0.180000,0.000000
1777206727.777266,0,0.000000,0.000000,0.000000,0.000000,0.310000,0.000000,0.270000,0.400000,0.000000,0.000000
1777206727.793038,0,0.000000,0.000000,0.000000,0.000000,1.000000,0.000000,0.360000,0.470000,0.180000,0.000000
1777206727.814858,0,0.000000,0.000000,0.000000,0.000000,0.500000,0.000000,0.440000,0.370000,0.000000,0.020000
1777206727.816156,0,0.000000,0.000000,0.000000,0.000000,0.000000,0.000000,0.540000,0.400000,0.730000,0.000000
1777206727.838115,0,0.000000,0.000000,0.000000,0.000000,0.360000,0.000000,0.620000,0.340000,0.000000,0.000000
1777206727.853066,0,0.000000,0.000000,0.000000,0.000000,0.000000,0.000000,0.730000,0.430000,0.550000,0.000000
1777206727.875756,0,0.000000,0.000000,0.000000,0.000000,1.000000,0.000000,0.810000,0.380000,0.000000,0.000000
1777206727.883739,0,0.000000,0.000000,0.000000,0.000000,1.000000,0.000000,0.910000,0.440000,0.000000,0.020000
1777206727.897565,0,0.000000,0.000000,0.000000,0.000000,0.200000,0.000000,1.000000,0.430000,0.180000,0.000000
1777206727.920208,0,0.000000,0.000000,0.000000,0.000000,0.150000,0.000000,1.000000,0.400000,0.180000,0.000000
1777206727.933045,0,0.000000,0.000000,0.000000,0.000000,0.000000,0.000000,1.000000,0.170000,0.360000,0.000000
1777206727.940311,0,0.000000,0.000000,0.000000,0.000000,0.870000,0.000000,0.020000,0.430000,0.180000,0.000000
1777206727.963459,0,0.000000,0.000000,0.000000,0.000000,1.000000,0.000000,0.090000,0.380000,0.180000,0.230000
1777206727.977934,0,0.000000,0.000000,0.000000,0.000000,1.000000,0.000000,0.150000,0.440000,0.000000,0.000000
1777206727.993238,0,0.000000,0.000000,0.000000,0.000000,1.000000,0.000000,0.210000,0.500000,0.180000,0.000000
1777206728.000856,0,0.000000,0.000000,0.000000,0.000000,1.000000,0.000000,0.280000,0.400000,0.000000,0.000000
1777206728.015900,0,0.000000,0.000000,0.000000,0.000000,0.230000,0.000000,0.340000,0.440000,0.000000,0.000000
1777206728.032312,0,0.000000,0.000000,0.000000,0.000000,0.330000,0.000000,0.410000,0.380000,0.000000,0.020000
1777206728.046137,0,0.000000,0.000000,0.000000,0.000000,1.000000,0.000000,0.470000,0.400000,0.180000,0.000000
1777206728.069556,0,0.000000,0.000000,0.000000,0.000000,0.250000,0.000000,0.540000,0.430000,0.180000,0.000000
1777206728.076581,0,0.000000,0.000000,0.000000,0.000000,1.000000,0.000000,0.610000,0.380000,0.000000,0.000000
1777206728.092960,0,0.000000,0.000000,0.000000,0.000000,0.090000,0.000000,0.680000,0.400000,0.000000,0.020000
1777206728.106965,0,0.000000,0.000000,0.000000,0.000000,0.850000,0.000000,0.750000,0.330000,0.180000,0.000000
1777206728.124879,0,0.000000,0.000000,0.000000,0.000000,1.000000,0.000000,0.810000,0.440000,0.000000,0.000000
1777206728.152851,0,0.000000,0.000000,0.000000,0.000000,1.000000,0.000000,0.870000,0.430000,0.000000,0.000000
1777206728.158767,0,0.000000,0.000000,0.000000,0.000000,1.000000,0.000000,0.940000,0.440000,0.000000,0.340000
1777206728.166770,0,0.000000,0.000000,0.000000,0.000000,1.000000,0.000000,1.000000,0.430000,0.180000,0.000000
1777206728.197863,0,0.000000,0.000000,0.000000,0.000000,0.140000,0.000000,1.000000,0.400000,0.180000,0.050000
1777206728.199363,0,0.000000,0.000000,0.000000,0.000000,1.000000,0.000000,1.000000,0.430000,0.000000,0.000000
1777206728.215744,0,0.000000,0.000000,0.000000,0.000000,0.410000,0.000000,0.020000,0.440000,0.000000,0.000000
1777206728.276996,0,0.000000,0.000000,0.000000,0.000000,0.410000,0.000000,0.110000,0.400000,0.180000,0.000000
1777206728.277740,0,0.000000,0.000000,0.000000,0.000000,0.500000,0.000000,0.200000,0.400000,0.000000,0.000000
1777206728.278893,0,0.000000,0.000000,0.000000,0.000000,0.330000,0.000000,0.300000,0.470000,0.000000,0.000000
1777206728.318797,0,0.000000,0.000000,0.000000,0.000000,0.250000,0.000000,0.370000,0.400000,0.180000,0.000000
1777206728.319323,0,0.000000,0.000000,0.000000,0.000000,1.000000,0.000000,0.460000,0.400000,0.000000,0.000000
1777206728.320597,0,0.000000,0.000000,0.000000,0.000000,0.000000,0.000000,0.560000,0.500000,0.360000,0.000000
1777206728.343162,0,0.000000,0.000000,0.000000,0.000000,1.000000,0.000000,0.640000,0.370000,0.000000,0.000000
1777206728.365995,0,0.000000,0.000000,0.000000,0.000000,0.620000,0.000000,0.730000,0.430000,0.000000,0.100000
1777206728.388852,0,0.000000,0.000000,0.000000,0.000000,1.000000,0.000000,0.820000,0.440000,0.000000,0.000000
1777206728.389570,0,0.000000,0.000000,0.000000,0.000000,1.000000,0.000000,0.920000,0.430000,0.000000,0.000000
1777206728.413950,0,0.000000,0.000000,0.000000,0.000000,0.270000,0.000000,1.000000,0.430000,0.180000,0.000000
1777206728.436487,0,0.000000,0.000000,0.000000,0.000000,1.000000,0.000000,1.000000,0.510000,0.000000,0.000000
1777206728.436996,0,0.000000,0.000000,0.000000,0.000000,1.000000,0.000000,0.000000,0.400000,0.180000,0.000000
1777206728.460076,0,0.000000,0.000000,0.000000,0.000000,0.090000,0.000000,0.050000,0.440000,0.550000,0.020000
1777206728.482685,0,0.000000,0.000000,0.000000,0.000000,1.000000,0.000000,0.110000,0.380000,0.180000,0.000000
1777206728.483242,0,0.000000,0.000000,0.000000,0.000000,0.270000,0.000000,0.180000,0.370000,0.360000,0.000000
1777206728.505926,0,0.000000,0.000000,0.000000,0.000000,0.230000,0.000000,0.250000,0.470000,0.360000,0.000000
1777206728.528557,0,0.000000,0.000000,0.000000,0.000000,0.940000,0.000000,0.310000,0.430000,0.000000,0.000000
1777206728.551412,0,0.000000,0.000000,0.000000,0.000000,0.200000,0.000000,0.380000,0.400000,0.000000,0.000000
1777206728.551893,0,0.000000,0.000000,0.000000,0.000000,0.860000,0.000000,0.440000,0.470000,0.180000,0.020000
1777206728.575477,0,0.000000,0.000000,0.000000,0.000000,0.250000,0.000000,0.500000,0.430000,0.000000,0.000000
1777206728.575969,0,0.000000,0.000000,0.000000,0.000000,0.200000,0.000000,0.570000,0.380000,0.180000,0.000000
1777206728.598783,0,0.000000,0.000000,0.000000,0.000000,0.070000,0.000000,0.640000,0.400000,0.000000,0.000000
1777206728.599540,0,0.000000,0.000000,0.000000,0.000000,0.000000,0.000000,0.700000,0.430000,0.360000,0.000000
1777206728.622474,0,0.000000,0.000000,0.000000,0.000000,0.200000,0.000000,0.770000,0.380000,0.000000,0.000000
1777206728.622952,0,0.000000,0.000000,0.000000,0.000000,0.200000,0.000000,0.850000,0.370000,0.180000,0.050000
1777206728.647893,0,0.000000,0.000000,0.000000,0.000000,0.140000,0.000000,0.910000,0.430000,0.550000,0.000000
1777206728.672132,0,0.000000,0.000000,0.000000,0.000000,1.000000,0.000000,0.980000,0.560000,0.000000,0.000000
1777206728.695497,0,0.000000,0.000000,0.000000,0.000000,0.250000,0.000000,1.000000,0.430000,0.180000,0.000000
1777206728.695992,0,0.000000,0.000000,0.000000,0.000000,0.360000,0.000000,1.000000,0.440000,0.000000,0.000000
1777206728.719807,0,0.000000,0.000000,0.000000,0.000000,1.000000,0.000000,1.000000,0.380000,0.180000,0.000000
1777206728.720475,0,0.000000,0.000000,0.000000,0.000000,1.000000,0.000000,1.000000,0.470000,0.000000,0.000000
1777206728.744117,0,0.000000,0.000000,0.000000,0.000000,0.000000,0.000000,1.000000,0.500000,0.360000,0.000000
1777206728.767558,0,0.000000,0.000000,0.000000,0.000000,0.770000,0.000000,1.000000,0.510000,0.000000,0.000000
1777206728.768089,0,0.000000,0.000000,0.000000,0.000000,0.330000,0.000000,1.000000,0.430000,0.180000,0.000000
1777206728.792075,0,0.000000,0.000000,0.000000,0.000000,0.510000,0.000000,1.000000,0.500000,0.180000,0.000000
1777206728.792572,0,0.000000,0.000000,0.000000,0.000000,1.000000,0.000000,1.000000,0.470000,0.000000,0.000000
1777206728.816021,0,0.000000,0.000000,0.000000,0.000000,0.500000,0.000000,1.000000,0.510000,0.000000,0.000000
1777206728.839416,0,0.000000,0.000000,0.000000,0.000000,0.000000,0.000000,1.000000,0.440000,0.550000,0.000000
1777206728.933134,0,0.000000,0.000000,0.000000,0.000000,0.680000,0.000000,1.000000,0.470000,0.000000,0.000000
1777206728.933734,0,0.000000,0.000000,0.000000,0.000000,0.430000,0.000000,1.000000,0.500000,0.000000,0.000000
1777206728.934180,0,0.000000,0.000000,0.000000,0.000000,0.330000,0.000000,1.000000,0.430000,0.000000,0.000000
1777206728.934573,0,0.000000,0.000000,0.000000,0.000000,1.000000,0.000000,1.000000,0.370000,0.000000,0.000000
1777206728.934951,0,0.000000,0.000000,0.000000,0.000000,0.150000,0.000000,1.000000,0.430000,0.000000,0.000000
1777206728.935321,0,0.000000,0.000000,0.000000,0.000000,0.180000,0.000000,1.000000,1.250000,0.180000,0.020000
1777206728.935703,0,0.000000,0.000000,0.000000,0.000000,0.090000,0.000000,1.000000,0.540000,0.180000,0.000000
1777206728.957582,0,0.000000,0.000000,0.000000,0.000000,0.760000,0.000000,1.000000,0.400000,0.180000,0.020000
1777206728.958110,0,0.000000,0.000000,0.000000,0.000000,0.200000,0.000000,1.000000,0.380000,0.180000,0.000000
