epoch,mark,Measured Torque (R),Desired Torque (R),Measured Torque (L),Desired Torque (L),Gait/100 (R),Toe FSR (R),Gait/100 (L),Toe FSR (L),Heel FSR (R),Heel FSR (L)
1778942708.661851,0,0.000000,0.000000,0.000000,0.000000,0.000000,0.000000,0.000000,1.000000,0.000000,0.000000
1778942708.806308,0,0.000000,0.000000,0.000000,0.000000,0.000000,0.000000,0.000000,0.580000,0.000000,0.000000
1778942708.832299,0,0.000000,0.000000,0.000000,0.000000,0.000000,0.000000,0.000000,1.000000,1.500000,2.000000
1778942708.858430,0,0.000000,0.000000,0.000000,0.000000,0.000000,0.000000,0.000000,0.740000,0.500000,0.000000
1778942708.908407,0,0.000000,0.000000,0.000000,0.000000,0.000000,0.000000,0.000000,0.000000,0.500000,0.000000
1778942708.945570,0,0.000000,0.000000,0.000000,0.000000,0.000000,0.000000,0.000000,0.000000,0.000000,0.000000
1778942708.998527,0,0.000000,0.000000,0.000000,0.000000,0.000000,0.000000,0.000000,0.000000,0.000000,2.000000
1778942709.041541,0,0.000000,0.000000,0.000000,0.000000,0.000000,0.000000,0.000000,0.000000,0.330000,0.000000
1778942709.041967,0,0.000000,0.000000,0.000000,0.000000,0.000000,0.000000,0.000000,0.000000,0.000000,0.000000
1778942709.042277,0,0.000000,0.000000,0.000000,0.000000,0.000000,0.000000,0.000000,0.000000,0.000000,0.000000
1778942709.042573,0,0.000000,0.000000,0.000000,0.000000,0.000000,0.000000,0.000000,0.000000,0.000000,0.000000
1778942709.087324,0,0.000000,0.000000,0.000000,0.000000,0.000000,0.000000,0.000000,0.000000,0.000000,0.000000
1778942709.087770,0,0.000000,0.000000,0.000000,0.000000,0.000000,0.000000,0.000000,0.000000,0.000000,0.000000
1778942709.140727,0,0.000000,0.000000,0.000000,0.000000,0.000000,0.000000,0.000000,0.000000,0.000000,0.000000
1778942709.178842,0,0.000000,0.000000,0.000000,0.000000,0.000000,0.000000,0.000000,0.000000,0.250000,1.500000
1778942709.238506,0,0.000000,0.000000,0.000000,0.000000,0.000000,0.000000,0.000000,0.000000,0.000000,0.000000
1778942709.278600,0,0.000000,0.000000,0.000000,0.000000,0.000000,0.000000,0.000000,0.000000,0.000000,0.000000
1778942709.351085,0,0.000000,0.000000,0.000000,0.000000,0.000000,0.000000,0.000000,0.000000,0.000000,0.000000
1778942709.376308,0,0.000000,0.000000,0.000000,0.000000,0.000000,0.000000,0.000000,0.000000,0.000000,0.000000
1778942709.399932,0,0.000000,0.000000,0.000000,0.000000,0.000000,0.000000,0.000000,0.000000,0.000000,0.000000
1778942709.455995,0,0.000000,0.000000,0.000000,0.000000,0.000000,0.000000,0.000000,0.000000,0.000000,0.000000
1778942709.500755,0,0.000000,0.000000,0.000000,0.000000,0.000000,0.000000,0.000000,0.000000,0.000000,0.000000
1778942709.501214,0,0.000000,0.000000,0.000000,0.000000,0.000000,0.000000,0.000000,0.000000,0.000000,0.000000
1778942709.549022,0,0.000000,0.000000,0.000000,0.000000,0.000000,0.000000,0.000000,0.000000,0.000000,0.330000
1778942709.549492,0,0.000000,0.000000,0.000000,0.000000,0.000000,0.000000,0.000000,0.000000,0.000000,0.000000
1778942709.549837,0,0.000000,0.000000,0.000000,0.000000,0.000000,0.000000,0.000000,0.000000,0.000000,0.000000
1778942709.550148,0,0.000000,0.000000,0.000000,0.000000,0.000000,0.000000,0.000000,0.000000,0.000000,0.000000
1778942709.589374,0,0.000000,0.000000,0.000000,0.000000,0.000000,0.000000,0.000000,0.000000,0.070000,0.000000
1778942709.590643,0,0.000000,0.000000,0.000000,0.000000,0.000000,0.000000,0.000000,0.000000,0.000000,0.000000
1778942709.591017,0,0.000000,0.000000,0.000000,0.000000,0.000000,0.000000,0.000000,0.000000,0.000000,0.000000
1778942709.643500,0,0.000000,0.000000,0.000000,0.000000,0.000000,0.000000,0.000000,0.000000,0.000000,0.000000
1778942709.683422,0,0.000000,0.000000,0.000000,0.000000,0.000000,0.000000,0.000000,0.000000,0.000000,0.000000
1778942709.725080,0,0.000000,0.000000,0.000000,0.000000,0.000000,0.000000,0.000000,0.000000,0.000000,0.000000
1778942709.766629,0,0.000000,0.000000,0.000000,0.000000,0.000000,0.000000,0.000000,0.000000,0.000000,0.000000
1778942709.767078,0,0.000000,0.000000,0.000000,0.000000,0.000000,0.000000,0.000000,0.000000,0.070000,0.330000
1778942709.768053,0,0.000000,0.000000,0.000000,0.000000,0.000000,0.000000,0.000000,0.000000,0.000000,0.000000
1778942709.816681,0,0.000000,0.000000,0.000000,0.000000,0.000000,0.000000,0.000000,0.000000,0.000000,0.000000
1778942709.858771,0,0.000000,0.000000,0.000000,0.000000,0.000000,0.000000,0.000000,0.000000,0.000000,0.000000
1778942709.901533,0,0.000000,0.000000,0.000000,0.000000,0.000000,0.000000,0.000000,0.000000,0.000000,0.000000
1778942709.901955,0,0.000000,0.000000,0.000000,0.000000,0.000000,0.000000,0.000000,0.000000,0.000000,0.000000
1778942709.902483,0,0.000000,0.000000,0.000000,0.000000,0.000000,0.000000,0.000000,0.000000,0.000000,0.000000
1778942709.958259,0,0.000000,0.000000,0.000000,0.000000,0.000000,0.000000,0.000000,0.000000,0.070000,0.000000
1778942710.002014,0,0.000000,0.000000,0.000000,0.000000,0.000000,0.000000,0.000000,0.000000,0.000000,0.000000
1778942710.002472,0,0.000000,0.000000,0.000000,0.000000,0.000000,0.000000,0.000000,0.000000,0.000000,0.000000
1778942710.002821,0,0.000000,0.000000,0.000000,0.000000,0.000000,0.000000,0.000000,0.000000,0.000000,0.330000
1778942710.070899,0,0.000000,0.000000,0.000000,0.000000,0.000000,0.000000,0.000000,0.000000,0.000000,0.000000
1778942710.114217,0,0.000000,0.000000,0.000000,0.000000,0.000000,0.000000,0.000000,0.000000,0.070000,0.000000
1778942710.114678,0,0.000000,0.000000,0.000000,0.000000,0.000000,0.000000,0.000000,0.000000,0.000000,0.000000
1778942710.160297,0,0.000000,0.000000,0.000000,0.000000,0.000000,0.000000,0.000000,0.000000,0.000000,0.000000
1778942710.237538,0,0.000000,0.000000,0.000000,0.000000,0.000000,0.000000,0.000000,0.000000,0.000000,0.000000
1778942710.285793,0,0.000000,0.000000,0.000000,0.000000,0.000000,0.000000,0.000000,0.000000,0.150000,0.000000
1778942710.381746,0,0.000000,0.000000,0.000000,0.000000,0.000000,0.000000,0.000000,0.000000,0.000000,0.330000
1778942710.409533,0,0.000000,0.000000,0.000000,0.000000,0.000000,0.000000,0.000000,0.000000,0.000000,0.000000
1778942710.409952,0,0.000000,0.000000,0.000000,0.000000,0.000000,0.000000,0.000000,0.000000,0.000000,0.000000
1778942710.410277,0,0.000000,0.000000,0.000000,0.000000,0.000000,0.000000,0.000000,0.000000,0.000000,0.000000
1778942710.435793,0,0.000000,0.000000,0.000000,0.000000,0.000000,0.000000,0.000000,0.000000,0.000000,0.000000
1778942710.436228,0,0.000000,0.000000,0.000000,0.000000,0.000000,0.000000,0.000000,0.000000,0.000000,0.000000
1778942710.484691,0,0.000000,0.000000,0.000000,0.000000,0.000000,0.000000,0.000000,0.000000,0.000000,0.000000
1778942710.573786,0,0.000000,0.000000,0.000000,0.000000,0.000000,0.000000,0.000000,0.000000,0.000000,0.000000
1778942710.625103,0,0.000000,0.000000,0.000000,0.000000,0.000000,0.000000,0.000000,0.000000,0.000000,0.000000
1778942710.676202,0,0.000000,0.000000,0.000000,0.000000,0.000000,0.000000,0.000000,0.000000,0.000000,0.000000
1778942710.746022,0,0.000000,0.000000,0.000000,0.000000,0.000000,0.000000,0.000000,0.000000,0.000000,0.000000
1778942710.828611,0,0.000000,0.000000,0.000000,0.000000,0.000000,0.000000,0.000000,0.000000,0.000000,0.330000
1778942710.869959,0,0.000000,0.000000,0.000000,0.000000,0.000000,0.000000,0.000000,0.000000,0.820000,0.000000
1778942710.910398,0,0.000000,0.000000,0.000000,0.000000,0.000000,0.000000,0.000000,0.000000,0.000000,0.000000
1778942710.994862,0,0.000000,0.000000,0.000000,0.000000,0.000000,0.000000,0.000000,0.000000,0.000000,0.000000
1778942711.037993,0,0.000000,0.000000,0.000000,0.000000,0.000000,0.000000,0.000000,0.000000,0.070000,0.000000
1778942711.078450,0,0.000000,0.000000,0.000000,0.000000,0.000000,0.000000,0.000000,0.000000,0.000000,0.200000
1778942711.078884,0,0.000000,0.000000,0.000000,0.000000,0.000000,0.000000,0.000000,0.000000,0.000000,0.000000
1778942711.079210,0,0.000000,0.000000,0.000000,0.000000,0.000000,0.000000,0.000000,0.000000,0.000000,0.000000
1778942711.121090,0,0.000000,0.000000,0.000000,0.000000,0.000000,0.000000,0.000000,0.000000,0.000000,0.000000
1778942711.121516,0,0.000000,0.000000,0.000000,0.000000,0.000000,0.000000,0.000000,0.000000,0.000000,0.000000
1778942711.121843,0,0.000000,0.000000,0.000000,0.000000,0.000000,0.000000,0.000000,0.000000,0.000000,0.000000
1778942711.122390,0,0.000000,0.000000,0.000000,0.000000,0.000000,0.000000,0.000000,0.000000,0.000000,0.000000
1778942711.162786,0,0.000000,0.000000,0.000000,0.000000,0.000000,0.000000,0.000000,0.000000,0.000000,0.200000
1778942711.163242,0,0.000000,0.000000,0.000000,0.000000,0.000000,0.000000,0.000000,0.000000,0.000000,0.000000
1778942711.163576,0,0.000000,0.000000,0.000000,0.000000,0.000000,0.000000,0.000000,0.000000,0.000000,0.000000
1778942711.163888,0,0.000000,0.000000,0.000000,0.000000,0.000000,0.000000,0.000000,0.000000,0.070000,0.000000
1778942711.219021,0,0.000000,0.000000,0.000000,0.000000,0.000000,0.000000,0.000000,0.000000,0.000000,0.000000
1778942711.240584,0,0.000000,0.000000,0.000000,0.000000,0.000000,0.000000,0.000000,0.000000,0.000000,0.000000
1778942711.241052,0,0.000000,0.000000,0.000000,0.000000,0.000000,0.000000,0.000000,0.000000,0.000000,0.000000
1778942711.264713,0,0.000000,0.000000,0.000000,0.000000,0.000000,0.000000,0.000000,0.000000,0.000000,0.000000
1778942711.286975,0,0.000000,0.000000,0.000000,0.000000,0.000000,0.000000,0.000000,0.000000,0.000000,0.000000
1778942711.287455,0,0.000000,0.000000,0.000000,0.000000,0.000000,0.000000,0.000000,0.000000,0.000000,0.000000
1778942711.330261,0,0.000000,0.000000,0.000000,0.000000,0.000000,0.000000,0.000000,0.000000,0.000000,0.000000
1778942711.383493,0,0.000000,0.000000,0.000000,0.000000,0.000000,0.000000,0.000000,0.000000,0.000000,0.000000
1778942711.405139,0,0.000000,0.000000,0.000000,0.000000,0.000000,0.000000,0.000000,0.000000,0.000000,0.000000
1778942711.427795,0,0.000000,0.000000,0.000000,0.000000,0.000000,0.000000,0.000000,0.000000,0.000000,0.000000
1778942711.428431,0,0.000000,0.000000,0.000000,0.000000,0.000000,0.000000,0.000000,0.000000,0.070000,0.000000
1778942711.428791,0,0.000000,0.000000,0.000000,0.000000,0.000000,0.000000,0.000000,0.000000,0.000000,0.000000
1778942711.451721,0,0.000000,0.000000,0.000000,0.000000,0.000000,0.000000,0.000000,0.000000,0.000000,0.000000
1778942711.492808,0,0.000000,0.000000,0.000000,0.000000,0.000000,0.000000,0.000000,0.000000,0.000000,0.000000
1778942711.548315,0,0.000000,0.000000,0.000000,0.000000,0.000000,0.000000,0.000000,0.000000,0.000000,0.400000
1778942711.589486,0,0.000000,0.000000,0.000000,0.000000,0.000000,0.000000,0.000000,0.000000,0.000000,0.000000
1778942711.629696,0,0.000000,0.000000,0.000000,0.000000,0.000000,0.000000,0.000000,0.000000,0.000000,0.000000
1778942711.630149,0,0.000000,0.000000,0.000000,0.000000,0.000000,0.000000,0.000000,0.000000,0.000000,0.000000
1778942711.630499,0,0.000000,0.000000,0.000000,0.000000,0.000000,0.000000,0.000000,0.000000,0.000000,0.000000
1778942711.630821,0,0.000000,0.000000,0.000000,0.000000,0.000000,0.000000,0.000000,0.000000,0.000000,0.000000
1778942711.671700,0,0.000000,0.000000,0.000000,0.000000,0.000000,0.000000,0.000000,0.000000,0.000000,0.000000
1778942711.672156,0,0.000000,0.000000,0.000000,0.000000,0.000000,0.000000,0.000000,0.000000,0.000000,0.000000
1778942711.672498,0,0.000000,0.000000,0.000000,0.000000,0.000000,0.000000,0.000000,0.000000,0.000000,0.000000
1778942711.672815,0,0.000000,0.000000,0.000000,0.000000,0.000000,0.000000,0.000000,0.000000,0.000000,0.000000
1778942711.728805,0,0.000000,0.000000,0.000000,0.000000,0.000000,0.000000,0.000000,0.000000,0.000000,0.000000
1778942711.769649,0,0.000000,0.000000,0.000000,0.000000,0.000000,0.000000,0.000000,0.000000,0.000000,0.000000
1778942711.770123,0,0.000000,0.000000,0.000000,0.000000,0.000000,0.000000,0.000000,0.000000,0.000000,0.000000
1778942711.770480,0,0.000000,0.000000,0.000000,0.000000,0.000000,0.000000,0.000000,0.000000,0.000000,0.000000
1778942711.770810,0,0.000000,0.000000,0.000000,0.000000,0.000000,0.000000,0.000000,0.000000,0.000000,0.200000
1778942711.833461,0,0.000000,0.000000,0.000000,0.000000,0.000000,0.000000,0.000000,0.000000,0.000000,0.000000
1778942711.875909,0,0.000000,0.000000,0.000000,0.000000,0.000000,0.000000,0.000000,0.000000,0.000000,0.000000
1778942711.918509,0,0.000000,0.000000,0.000000,0.000000,0.000000,0.000000,0.000000,0.000000,0.000000,0.000000
1778942712.007977,0,0.000000,0.000000,0.000000,0.000000,0.000000,0.000000,0.000000,0.000000,0.000000,0.000000
1778942712.036400,0,0.000000,0.000000,0.000000,0.000000,0.000000,0.000000,0.000000,0.000000,0.000000,0.000000
1778942712.060331,0,0.000000,0.000000,0.000000,0.000000,0.000000,0.000000,0.000000,0.000000,0.000000,0.000000
1778942712.103994,0,0.000000,0.000000,0.000000,0.000000,0.000000,0.000000,0.000000,0.000000,0.070000,0.000000
1778942712.148679,0,0.000000,0.000000,0.000000,0.000000,0.000000,0.000000,0.000000,0.000000,0.000000,0.000000
1778942712.149137,0,0.000000,0.000000,0.000000,0.000000,0.000000,0.000000,0.000000,0.000000,0.000000,0.000000
1778942712.150388,0,0.000000,0.000000,0.000000,0.000000,0.000000,0.000000,0.000000,0.000000,0.000000,0.000000
1778942712.194128,0,0.000000,0.000000,0.000000,0.000000,0.000000,0.000000,0.000000,0.000000,0.000000,0.000000
1778942712.194607,0,0.000000,0.000000,0.000000,0.000000,0.000000,0.000000,0.000000,0.000000,0.000000,0.000000
1778942712.238803,0,0.000000,0.000000,0.000000,0.000000,0.000000,0.000000,0.000000,0.000000,0.000000,0.000000
1778942712.239269,0,0.000000,0.000000,0.000000,0.000000,0.000000,0.000000,0.000000,0.000000,0.070000,0.000000
1778942712.239619,0,0.000000,0.000000,0.000000,0.000000,0.000000,0.000000,0.000000,0.000000,0.000000,0.000000
1778942712.248602,0,0.000000,0.000000,0.000000,0.000000,0.000000,0.000000,0.000000,0.000000,0.000000,0.000000
1778942712.298485,0,0.000000,0.000000,0.000000,0.000000,0.000000,0.000000,0.000000,0.000000,0.000000,0.000000
1778942712.335879,0,0.000000,0.000000,0.000000,0.000000,0.000000,0.000000,0.000000,0.000000,0.000000,0.000000
1778942712.337058,0,0.000000,0.000000,0.000000,0.000000,0.000000,0.000000,0.000000,0.000000,0.070000,0.000000
1778942712.338168,0,0.000000,0.000000,0.000000,0.000000,0.000000,0.000000,0.000000,0.000000,0.000000,0.000000
1778942712.338885,0,0.000000,0.000000,0.000000,0.000000,0.000000,0.000000,0.000000,0.000000,0.000000,0.000000
1778942712.358512,0,0.000000,0.000000,0.000000,0.000000,0.000000,0.000000,0.000000,0.000000,0.000000,0.000000
1778942712.366061,0,0.000000,0.000000,0.000000,0.000000,0.000000,0.000000,0.000000,0.000000,0.000000,0.400000
1778942712.405030,0,0.000000,0.000000,0.000000,0.000000,0.000000,0.000000,0.000000,0.000000,0.070000,0.000000
1778942712.405489,0,0.000000,0.000000,0.000000,0.000000,0.000000,0.000000,0.000000,0.000000,0.000000,0.000000
1778942712.410582,0,0.000000,0.000000,0.000000,0.000000,0.000000,0.000000,0.000000,0.000000,0.000000,0.000000
1778942712.434458,0,0.000000,0.000000,0.000000,0.000000,0.000000,0.000000,0.000000,0.000000,0.000000,0.000000
1778942712.449894,0,0.000000,0.000000,0.000000,0.000000,0.000000,0.000000,0.000000,0.000000,0.000000,0.000000
1778942712.466764,0,0.000000,0.000000,0.000000,0.000000,0.000000,0.000000,0.000000,0.000000,0.000000,0.000000
1778942712.488159,0,0.000000,0.000000,0.000000,0.000000,0.000000,0.000000,0.000000,0.000000,0.000000,0.000000
1778942712.494826,0,0.000000,0.000000,0.000000,0.000000,0.000000,0.000000,0.000000,0.000000,0.070000,0.200000
1778942712.509246,0,0.000000,0.000000,0.000000,0.000000,0.000000,0.000000,0.000000,0.000000,0.000000,0.000000
1778942712.547650,0,0.000000,0.000000,0.000000,0.000000,0.000000,0.000000,0.000000,0.000000,0.000000,0.000000
1778942712.554758,0,0.000000,0.000000,0.000000,0.000000,0.000000,0.000000,0.000000,0.000000,0.000000,0.000000
1778942712.556216,0,0.000000,0.000000,0.000000,0.000000,0.000000,0.000000,0.000000,0.000000,0.070000,0.000000
1778942712.599411,0,0.000000,0.000000,0.000000,0.000000,0.000000,0.000000,0.000000,0.000000,0.000000,0.000000
1778942712.659779,0,0.000000,0.000000,0.000000,0.000000,0.000000,0.000000,0.000000,0.000000,0.070000,0.000000
1778942712.697766,0,0.000000,0.000000,0.000000,0.000000,0.000000,0.000000,0.000000,0.000000,0.000000,0.000000
1778942712.699747,0,0.000000,0.000000,0.000000,0.000000,0.000000,0.000000,0.000000,0.000000,0.000000,0.000000
1778942712.700264,0,0.000000,0.000000,0.000000,0.000000,0.000000,0.000000,0.000000,0.000000,0.000000,0.000000
1778942712.700812,0,0.000000,0.000000,0.000000,0.000000,0.000000,0.000000,0.000000,0.000000,0.000000,0.000000
1778942712.721314,0,0.000000,0.000000,0.000000,0.000000,0.000000,0.000000,0.000000,0.000000,0.000000,0.000000
1778942712.727007,0,0.000000,0.000000,0.000000,0.000000,0.000000,0.000000,0.000000,0.000000,0.000000,0.200000
1778942712.733979,0,0.000000,0.000000,0.000000,0.000000,0.000000,0.000000,0.000000,0.000000,0.000000,0.000000
1778942712.763802,0,0.000000,0.000000,0.000000,0.000000,0.000000,0.000000,0.000000,0.000000,0.000000,0.000000
1778942712.771758,0,0.000000,0.000000,0.000000,0.000000,0.000000,0.000000,0.000000,0.000000,0.000000,0.000000
1778942712.795228,0,0.000000,0.000000,0.000000,0.000000,0.000000,0.000000,0.000000,0.000000,0.000000,0.000000
1778942712.801027,0,0.000000,0.000000,0.000000,0.000000,0.000000,0.000000,0.000000,0.000000,0.000000,0.000000
1778942712.861243,0,0.000000,0.000000,0.000000,0.000000,0.000000,0.000000,0.000000,0.000000,0.000000,0.200000
1778942712.869132,0,0.000000,0.000000,0.000000,0.000000,0.000000,0.000000,0.000000,0.000000,0.000000,0.000000
1778942712.870779,0,0.000000,0.000000,0.000000,0.000000,0.000000,0.000000,0.000000,0.000000,0.000000,0.000000
1778942712.871430,0,0.000000,0.000000,0.000000,0.000000,0.000000,0.000000,0.000000,0.000000,0.000000,0.000000
1778942712.875628,0,0.000000,0.000000,0.000000,0.000000,0.000000,0.000000,0.000000,0.000000,0.000000,0.000000
1778942712.892017,0,0.000000,0.000000,0.000000,0.000000,0.000000,0.000000,0.000000,0.000000,0.000000,0.000000
1778942712.930972,0,0.000000,0.000000,0.000000,0.000000,0.000000,0.000000,0.000000,0.000000,0.000000,0.000000
1778942712.933644,0,0.000000,0.000000,0.000000,0.000000,0.000000,0.000000,0.000000,0.000000,0.000000,0.000000
1778942712.960281,0,0.000000,0.000000,0.000000,0.000000,0.000000,0.000000,0.000000,0.000000,0.000000,0.000000
1778942712.973787,0,0.000000,0.000000,0.000000,0.000000,0.000000,0.000000,0.000000,0.000000,0.000000,0.000000
1778942712.988810,0,0.000000,0.000000,0.000000,0.000000,0.000000,0.000000,0.000000,0.000000,0.000000,0.000000
1778942713.042054,0,0.000000,0.000000,0.000000,0.000000,0.000000,0.000000,0.000000,0.000000,0.000000,0.000000
1778942713.048944,0,0.000000,0.000000,0.000000,0.000000,0.000000,0.000000,0.000000,0.000000,0.000000,0.000000
1778942713.050598,0,0.000000,0.000000,0.000000,0.000000,0.000000,0.000000,0.000000,0.000000,0.000000,0.200000
1778942713.064330,0,0.000000,0.000000,0.000000,0.000000,0.000000,0.000000,0.000000,0.000000,0.000000,0.000000
1778942713.066402,0,0.000000,0.000000,0.000000,0.000000,0.000000,0.000000,0.000000,0.000000,0.000000,0.000000
1778942713.078853,0,0.000000,0.000000,0.000000,0.000000,0.000000,0.000000,0.000000,0.000000,0.000000,0.200000
1778942713.116976,0,0.000000,0.000000,0.000000,0.000000,0.000000,0.000000,0.000000,0.000000,0.000000,0.000000
1778942713.119346,0,0.000000,0.000000,0.000000,0.000000,0.000000,0.000000,0.000000,0.000000,0.000000,0.000000
1778942713.123459,0,0.000000,0.000000,0.000000,0.000000,0.000000,0.000000,0.000000,0.000000,0.000000,0.000000
1778942713.139223,0,0.000000,0.000000,0.000000,0.000000,0.000000,0.000000,0.000000,0.000000,0.000000,0.000000
1778942713.162254,0,0.000000,0.000000,0.000000,0.000000,0.000000,0.000000,0.000000,0.000000,0.000000,0.000000
1778942713.168442,0,0.000000,0.000000,0.000000,0.000000,0.000000,0.000000,0.000000,0.000000,0.000000,0.000000
1778942713.185184,0,0.000000,0.000000,0.000000,0.000000,0.000000,0.000000,0.000000,0.000000,0.000000,0.200000
1778942713.220183,0,0.000000,0.000000,0.000000,0.000000,0.000000,0.000000,0.000000,0.000000,0.070000,0.200000
1778942713.236289,0,0.000000,0.000000,0.000000,0.000000,0.000000,0.000000,0.000000,0.000000,0.000000,0.000000
1778942713.237370,0,0.000000,0.000000,0.000000,0.000000,0.000000,0.000000,0.000000,0.000000,0.000000,0.000000
1778942713.245559,0,0.000000,0.000000,0.000000,0.000000,0.000000,0.000000,0.000000,0.000000,0.000000,0.000000
1778942713.251444,0,0.000000,0.000000,0.000000,0.000000,0.000000,0.000000,0.000000,0.000000,0.000000,0.000000
1778942713.276855,0,0.000000,0.000000,0.000000,0.000000,0.000000,0.000000,0.000000,0.000000,0.000000,0.000000
1778942713.290524,0,0.000000,0.000000,0.000000,0.000000,0.000000,0.000000,0.000000,0.000000,0.000000,0.200000
1778942713.333569,0,0.000000,0.000000,0.000000,0.000000,0.000000,0.000000,0.000000,0.000000,0.000000,0.000000
1778942713.340870,0,0.000000,0.000000,0.000000,0.000000,0.000000,0.000000,0.000000,0.000000,0.000000,0.000000
1778942713.365200,0,0.000000,0.000000,0.000000,0.000000,0.000000,0.000000,0.000000,0.000000,0.000000,0.000000
1778942713.432711,0,0.000000,0.000000,0.000000,0.000000,0.000000,0.000000,0.000000,0.000000,0.000000,0.000000
1778942713.433517,0,0.000000,0.000000,0.000000,0.000000,0.000000,0.000000,0.000000,0.000000,0.000000,0.000000
1778942713.433998,0,0.000000,0.000000,0.000000,0.000000,0.000000,0.000000,0.000000,0.000000,0.000000,0.400000
1778942713.474383,0,0.000000,0.000000,0.000000,0.000000,0.000000,0.000000,0.000000,0.000000,0.000000,0.000000
1778942713.560378,0,0.000000,0.000000,0.000000,0.000000,0.000000,0.000000,0.000000,0.000000,0.000000,0.000000
1778942713.584204,0,0.000000,0.000000,0.000000,0.000000,0.000000,0.000000,0.000000,0.000000,0.000000,0.000000
1778942713.584737,0,0.000000,0.000000,0.000000,0.000000,0.000000,0.000000,0.000000,0.000000,0.000000,0.000000
1778942713.585099,0,0.000000,0.000000,0.000000,0.000000,0.000000,0.000000,0.000000,0.000000,0.000000,0.400000
1778942713.679970,0,0.000000,0.000000,0.000000,0.000000,0.000000,0.000000,0.000000,0.000000,0.000000,0.000000
1778942713.722803,0,0.000000,0.000000,0.000000,0.000000,0.000000,0.000000,0.000000,0.000000,0.000000,0.200000
1778942713.723283,0,0.000000,0.000000,0.000000,0.000000,0.000000,0.000000,0.000000,0.000000,0.000000,0.000000
1778942713.723660,0,0.000000,0.000000,0.000000,0.000000,0.000000,0.000000,0.000000,0.000000,0.000000,0.000000
1778942713.724018,0,0.000000,0.000000,0.000000,0.000000,0.000000,0.000000,0.000000,0.000000,0.000000,0.000000
1778942713.763573,0,0.000000,5.000000,0.000000,5.000000,0.000000,0.000000,0.000000,8.770000,0.000000,0.000000
1778942713.764225,0,0.000000,5.000000,0.000000,5.000000,0.000000,0.000000,0.000000,7.280000,0.000000,0.000000
1778942713.808331,0,0.000000,5.000000,0.000000,5.000000,0.000000,0.000000,0.000000,0.630000,0.000000,0.000000
1778942713.808812,0,0.000000,5.000000,0.000000,5.000000,0.000000,0.000000,0.000000,0.000000,0.000000,0.000000
1778942713.882181,0,0.000000,5.000000,0.000000,5.000000,0.000000,0.000000,0.000000,0.000000,0.000000,0.000000
1778942713.905427,0,0.000000,5.000000,0.000000,5.000000,0.000000,0.000000,0.000000,0.890000,0.000000,0.000000
1778942713.928440,0,0.000000,5.000000,0.000000,5.000000,0.000000,0.000000,0.000000,1.470000,0.000000,0.000000
1778942713.928920,0,0.000000,5.000000,0.000000,5.000000,0.000000,0.000000,0.000000,0.000000,0.000000,0.000000
1778942713.978737,0,0.000000,5.000000,0.000000,5.000000,0.000000,0.000000,0.000000,0.000000,0.000000,0.000000
1778942714.019720,0,0.000000,5.000000,0.000000,5.000000,0.000000,0.000000,0.000000,0.000000,0.000000,0.000000
1778942714.091572,0,0.000000,5.000000,0.000000,5.000000,0.000000,0.000000,0.000000,0.000000,0.000000,0.000000
1778942714.133947,0,0.000000,5.000000,0.000000,5.000000,0.000000,0.000000,0.000000,0.150000,0.000000,0.200000
1778942714.134439,0,0.000000,5.000000,0.000000,5.000000,0.000000,0.000000,0.000000,0.000000,0.000000,0.000000
1778942714.176496,0,0.000000,5.000000,0.000000,5.000000,0.000000,0.000000,0.000000,0.000000,0.000000,0.000000
1778942714.218367,0,0.000000,5.000000,0.000000,5.000000,0.000000,0.000000,0.000000,0.990000,0.000000,0.000000
1778942714.218860,0,0.000000,5.000000,0.000000,5.000000,0.000000,0.000000,0.000000,0.000000,0.000000,0.000000
1778942714.219233,0,0.000000,5.000000,0.000000,5.000000,0.000000,0.000000,0.000000,0.000000,0.000000,0.000000
1778942714.219583,0,0.000000,5.000000,0.000000,5.000000,0.000000,0.000000,0.000000,0.000000,0.000000,0.000000
1778942714.263070,0,0.000000,5.000000,0.000000,5.000000,0.000000,0.000000,0.000000,0.000000,0.150000,0.000000
1778942714.286150,0,0.000000,5.000000,0.000000,5.000000,0.000000,0.000000,0.000000,0.000000,0.000000,0.000000
1778942714.286685,0,0.000000,5.000000,0.000000,5.000000,0.000000,0.000000,0.000000,0.000000,0.000000,0.200000
1778942714.328873,0,0.000000,5.000000,0.000000,5.000000,0.000000,0.000000,0.000000,0.070000,0.000000,0.000000
1778942714.329385,0,0.000000,5.000000,0.000000,5.000000,0.000000,0.000000,0.000000,0.470000,0.000000,0.000000
1778942714.352465,0,0.000000,5.000000,0.000000,5.000000,0.000000,0.000000,0.000000,0.830000,0.000000,0.000000
1778942714.376455,0,0.000000,5.000000,0.000000,5.000000,0.000000,0.000000,0.000000,1.030000,0.070000,0.000000
1778942714.376925,0,0.000000,5.000000,0.000000,5.000000,0.000000,0.000000,0.000000,1.100000,0.000000,0.000000
1778942714.377285,0,0.000000,5.000000,0.000000,5.000000,0.000000,0.000000,0.000000,1.020000,0.000000,0.000000
1778942714.420214,0,0.000000,5.000000,0.000000,5.000000,0.000000,0.000000,0.000000,1.020000,0.000000,0.200000
1778942714.444458,0,0.000000,5.000000,0.000000,5.000000,0.000000,0.000000,0.000000,0.980000,0.000000,0.000000
1778942714.467781,0,0.000000,5.000000,0.000000,5.000000,0.000000,0.000000,0.000000,0.770000,0.000000,0.000000
1778942714.525307,0,0.000000,5.000000,0.000000,5.000000,0.000000,0.000000,0.000000,0.810000,0.000000,0.000000
1778942714.569420,0,0.000000,5.000000,0.000000,5.000000,0.000000,0.000000,0.000000,0.380000,0.000000,0.000000
1778942714.569926,0,0.000000,5.000000,0.000000,5.000000,0.000000,0.000000,0.000000,0.000000,0.000000,0.200000
1778942714.570339,0,0.000000,5.000000,0.000000,5.000000,0.000000,0.000000,0.000000,0.280000,0.000000,0.000000
1778942714.570717,0,0.000000,5.000000,0.000000,5.000000,0.000000,0.000000,0.000000,0.810000,0.000000,0.000000
1778942714.571071,0,0.000000,5.000000,0.000000,5.000000,0.000000,0.000000,0.000000,0.830000,0.000000,0.000000
1778942714.613501,0,0.000000,5.000000,0.000000,5.000000,0.000000,0.000000,0.000000,0.850000,0.000000,0.200000
1778942714.614201,0,0.000000,5.000000,0.000000,5.000000,0.000000,0.000000,0.000000,0.810000,0.070000,0.000000
1778942714.657681,0,0.000000,5.000000,0.000000,5.000000,0.000000,0.000000,0.000000,0.930000,0.000000,0.000000
1778942714.658190,0,0.000000,5.000000,0.000000,5.000000,0.000000,0.000000,0.000000,1.000000,0.000000,0.000000
1778942714.700100,0,0.000000,5.000000,0.000000,5.000000,0.000000,0.000000,0.000000,1.000000,0.000000,0.000000
1778942714.700760,0,0.000000,5.000000,0.000000,5.000000,0.000000,0.000000,0.000000,0.870000,0.000000,0.000000
1778942714.743704,0,0.000000,5.000000,0.000000,5.000000,0.000000,0.000000,0.000000,0.980000,0.000000,0.200000
1778942714.744355,0,0.000000,5.000000,0.000000,5.000000,0.000000,0.000000,0.000000,0.980000,0.000000,0.000000
1778942714.744745,0,0.000000,5.000000,0.000000,5.000000,0.000000,0.000000,0.000000,0.340000,0.000000,0.000000
1778942714.745106,0,0.000000,5.000000,0.000000,5.000000,0.000000,0.000000,0.000000,0.000000,0.000000,0.000000
1778942714.745458,0,0.000000,5.000000,0.000000,5.000000,0.000000,0.000000,0.000000,0.000000,0.000000,0.000000
1778942714.788714,0,0.000000,5.000000,0.000000,5.000000,0.000000,0.000000,0.000000,0.000000,0.000000,0.000000
1778942714.789217,0,0.000000,5.000000,0.000000,5.000000,0.000000,0.000000,0.000000,0.000000,0.000000,0.000000
1778942714.789763,0,0.000000,5.000000,0.000000,5.000000,0.000000,0.000000,0.000000,0.000000,0.000000,0.200000
1778942714.832817,0,0.000000,5.000000,0.000000,5.000000,0.000000,0.000000,0.000000,0.000000,0.000000,0.000000
1778942714.876398,0,0.000000,5.000000,0.000000,5.000000,0.000000,0.000000,0.000000,0.000000,0.000000,0.000000
1778942714.920714,0,0.000000,5.000000,0.000000,5.000000,0.000000,0.000000,0.000000,0.000000,0.000000,0.000000
1778942714.921199,0,0.000000,5.000000,0.000000,5.000000,0.000000,0.000000,0.000000,0.000000,0.000000,0.000000
1778942714.921589,0,0.000000,5.000000,0.000000,5.000000,0.000000,0.000000,0.000000,0.400000,0.000000,0.000000
1778942714.921974,0,0.000000,5.000000,0.000000,5.000000,0.000000,0.000000,0.000000,0.120000,0.000000,0.000000
1778942714.966121,0,0.000000,5.000000,0.000000,5.000000,0.000000,0.000000,0.000000,0.000000,0.000000,0.000000
1778942715.011239,0,0.000000,5.000000,0.000000,5.000000,0.000000,0.000000,0.000000,0.000000,0.000000,0.000000
1778942715.011954,0,0.000000,5.000000,0.000000,5.000000,0.000000,0.000000,0.000000,0.000000,0.000000,0.000000
1778942715.012357,0,0.000000,5.000000,0.000000,5.000000,0.000000,0.000000,0.000000,0.000000,0.000000,0.000000
1778942715.012731,0,0.000000,5.000000,0.000000,5.000000,0.000000,0.000000,0.000000,0.000000,0.000000,0.000000
1778942715.058957,0,0.000000,5.000000,0.000000,5.000000,0.000000,0.000000,0.000000,0.000000,0.000000,0.000000
1778942715.104251,0,0.000000,5.000000,0.000000,5.000000,0.000000,0.000000,0.000000,0.000000,0.000000,0.000000
1778942715.104756,0,0.000000,5.000000,0.000000,5.000000,0.000000,0.000000,0.000000,0.000000,0.000000,0.000000
1778942715.155476,0,0.000000,5.000000,0.000000,5.000000,0.000000,0.000000,0.000000,0.000000,0.000000,0.000000
1778942715.231345,0,0.000000,5.000000,0.000000,5.000000,0.000000,0.000000,0.000000,0.000000,0.000000,0.000000
1778942715.278516,0,0.000000,5.000000,0.000000,5.000000,0.000000,0.000000,0.000000,0.000000,0.000000,0.000000
1778942715.279011,0,0.000000,5.000000,0.000000,5.000000,0.000000,0.000000,0.000000,0.000000,0.000000,0.000000
1778942715.279393,0,0.000000,5.000000,0.000000,5.000000,0.000000,0.000000,0.000000,0.000000,0.000000,0.000000
1778942715.279796,0,0.000000,5.000000,0.000000,5.000000,0.000000,0.000000,0.000000,0.000000,0.000000,0.200000
1778942715.280407,0,0.000000,5.000000,0.000000,5.000000,0.000000,0.000000,0.000000,0.000000,0.000000,0.000000
1778942715.325032,0,0.000000,5.000000,0.000000,5.000000,0.000000,0.000000,0.000000,0.000000,0.000000,0.000000
1778942715.388817,0,0.000000,5.000000,0.000000,5.000000,0.000000,0.000000,0.000000,0.000000,0.000000,0.000000
1778942715.434613,0,0.000000,5.000000,0.000000,5.000000,0.000000,0.000000,0.000000,0.000000,0.000000,0.000000
1778942715.493449,0,0.000000,5.000000,0.000000,5.000000,0.000000,0.000000,0.000000,0.000000,0.000000,0.000000
1778942715.538218,0,0.000000,5.000000,0.000000,5.000000,0.000000,0.000000,0.000000,0.000000,0.000000,0.000000
1778942715.538697,0,0.000000,5.000000,0.000000,5.000000,0.000000,0.000000,0.000000,0.000000,0.000000,0.000000
1778942715.539084,0,0.000000,5.000000,0.000000,5.000000,0.000000,0.000000,0.000000,0.000000,0.000000,0.000000
1778942715.539635,0,0.000000,5.000000,0.000000,5.000000,0.000000,0.000000,0.000000,0.000000,0.000000,0.000000
1778942715.622554,0,0.000000,5.000000,0.000000,5.000000,0.000000,0.000000,0.000000,0.000000,0.000000,0.000000
1778942715.688603,0,0.000000,5.000000,0.000000,5.000000,0.000000,0.000000,0.000000,0.000000,0.000000,0.000000
1778942715.735022,0,0.000000,5.000000,0.000000,5.000000,0.000000,0.000000,0.000000,0.000000,0.000000,0.000000
1778942715.780308,0,0.000000,5.000000,0.000000,5.000000,0.000000,0.000000,0.000000,0.000000,0.000000,0.000000
1778942715.853726,0,0.000000,5.000000,0.000000,5.000000,0.000000,0.000000,0.000000,0.000000,0.000000,0.000000
1778942715.899407,0,0.000000,5.000000,0.000000,5.000000,0.000000,0.000000,0.000000,0.000000,0.000000,0.000000
1778942715.958661,0,0.000000,5.000000,0.000000,5.000000,0.000000,0.000000,0.000000,0.000000,0.000000,0.000000
1778942716.004707,0,0.000000,5.000000,0.000000,5.000000,0.000000,0.000000,0.000000,0.000000,0.150000,0.000000
1778942716.005226,0,0.000000,5.000000,0.000000,5.000000,0.000000,0.000000,0.000000,0.000000,0.000000,0.600000
1778942716.005620,0,0.000000,5.000000,0.000000,5.000000,0.000000,0.000000,0.000000,0.000000,0.000000,0.000000
1778942716.006002,0,0.000000,5.000000,0.000000,5.000000,0.000000,0.000000,0.000000,0.000000,0.000000,0.000000
1778942716.006366,0,0.000000,5.000000,0.000000,5.000000,0.000000,0.000000,0.000000,0.000000,0.000000,0.000000
1778942716.125839,0,0.000000,5.000000,0.000000,5.000000,0.000000,0.000000,0.000000,0.000000,0.000000,0.000000
1778942716.252076,0,0.000000,5.000000,0.000000,5.000000,0.000000,0.000000,0.000000,0.000000,0.000000,0.000000
1778942716.302205,0,0.000000,5.000000,0.000000,5.000000,0.000000,0.000000,0.000000,0.000000,0.000000,0.000000
1778942716.302722,0,0.000000,5.000000,0.000000,5.000000,0.000000,0.000000,0.000000,0.000000,0.000000,0.000000
1778942716.363175,0,0.000000,5.000000,0.000000,5.000000,0.000000,0.000000,0.000000,0.000000,0.070000,0.000000
1778942716.471378,0,0.000000,5.000000,0.000000,5.000000,0.000000,0.000000,0.000000,0.000000,0.000000,0.000000
1778942716.502164,0,0.000000,5.000000,0.000000,5.000000,0.000000,0.000000,0.000000,0.000000,0.000000,0.000000
1778942716.502712,0,0.000000,5.000000,0.000000,5.000000,0.000000,0.000000,0.000000,0.000000,0.000000,0.000000
1778942716.503107,0,0.000000,5.000000,0.000000,5.000000,0.000000,0.000000,0.000000,0.000000,0.000000,0.000000
1778942716.573463,0,0.000000,5.000000,0.000000,5.000000,0.000000,0.000000,0.000000,0.000000,0.000000,0.000000
1778942716.621452,0,0.000000,5.000000,0.000000,5.000000,0.000000,0.000000,0.000000,0.000000,0.000000,0.000000
1778942716.621981,0,0.000000,5.000000,0.000000,5.000000,0.000000,0.000000,0.000000,0.000000,0.000000,0.000000
1778942716.622391,0,0.000000,5.000000,0.000000,5.000000,0.000000,0.000000,0.000000,0.000000,0.000000,0.000000
1778942716.622763,0,0.000000,5.000000,0.000000,5.000000,0.000000,0.000000,0.000000,0.000000,0.000000,0.000000
1778942716.702755,0,0.000000,5.000000,0.000000,5.000000,0.000000,0.000000,0.000000,0.000000,0.000000,0.000000
1778942716.729767,0,0.000000,5.000000,0.000000,5.000000,0.000000,0.000000,0.000000,0.000000,0.000000,0.000000
1778942716.845585,0,0.000000,5.000000,0.000000,5.000000,0.000000,0.000000,0.000000,0.000000,0.070000,0.000000
1778942716.873443,0,0.000000,5.000000,0.000000,5.000000,0.000000,0.000000,0.000000,0.000000,0.000000,0.000000
1778942716.972909,0,0.000000,5.000000,0.000000,5.000000,0.000000,0.000000,0.000000,0.000000,0.070000,0.000000
1778942717.025047,0,0.000000,5.000000,0.000000,5.000000,0.000000,0.000000,0.000000,0.000000,0.000000,0.200000
1778942717.025634,0,0.000000,5.000000,0.000000,5.000000,0.000000,0.000000,0.000000,0.000000,0.000000,0.000000
1778942717.183648,0,0.000000,5.000000,0.000000,5.000000,0.000000,0.000000,0.000000,0.000000,0.000000,0.000000
1778942717.212280,0,0.000000,5.000000,0.000000,5.000000,0.000000,0.000000,0.000000,0.000000,0.000000,0.000000
1778942717.240961,0,0.000000,5.000000,0.000000,5.000000,0.000000,0.000000,0.000000,0.000000,0.000000,0.000000
1778942717.268550,0,0.000000,5.000000,0.000000,5.000000,0.000000,0.000000,0.000000,0.000000,0.000000,0.000000
1778942717.269056,0,0.000000,5.000000,0.000000,5.000000,0.000000,0.000000,0.000000,0.000000,0.000000,0.000000
1778942717.269439,0,0.000000,5.000000,0.000000,5.000000,0.000000,0.000000,0.000000,0.000000,0.000000,0.000000
1778942717.296018,0,0.000000,5.000000,0.000000,5.000000,0.000000,0.000000,0.000000,0.000000,0.000000,0.000000
1778942717.296499,0,0.000000,5.000000,0.000000,5.000000,0.000000,0.000000,0.000000,0.000000,0.000000,0.000000
1778942717.296876,0,0.000000,5.000000,0.000000,5.000000,0.000000,0.000000,0.000000,0.000000,0.000000,0.000000
1778942717.482287,0,0.000000,5.000000,0.000000,5.000000,0.000000,0.000000,0.000000,0.000000,0.000000,0.000000
1778942717.511537,0,0.000000,5.000000,0.000000,5.000000,0.000000,0.000000,0.000000,0.000000,0.000000,0.000000
1778942717.538343,0,0.000000,5.000000,0.000000,5.000000,0.000000,0.000000,0.000000,0.000000,0.000000,0.000000
1778942717.538830,0,0.000000,5.000000,0.000000,5.000000,0.000000,0.000000,0.000000,0.000000,0.000000,0.000000
1778942717.539206,0,0.000000,5.000000,0.000000,5.000000,0.000000,0.000000,0.000000,0.000000,0.070000,0.000000
1778942717.587739,0,0.000000,5.000000,0.000000,5.000000,0.000000,0.000000,0.000000,0.000000,0.000000,0.000000
1778942717.588305,0,0.000000,5.000000,0.000000,5.000000,0.000000,0.000000,0.000000,0.000000,0.000000,0.000000
1778942717.654159,0,0.000000,5.000000,0.000000,5.000000,0.000000,0.000000,0.000000,0.000000,0.000000,0.000000
1778942717.681184,0,0.000000,5.000000,0.000000,5.000000,0.000000,0.000000,0.000000,0.000000,0.000000,0.000000
1778942717.707924,0,0.000000,5.000000,0.000000,5.000000,0.000000,0.000000,0.000000,0.000000,0.000000,0.000000
1778942717.789250,0,0.000000,5.000000,0.000000,5.000000,0.000000,0.000000,0.000000,0.000000,0.000000,0.000000
1778942717.856512,0,0.000000,5.000000,0.000000,5.000000,0.000000,0.000000,0.000000,0.000000,0.000000,0.400000
1778942717.905667,0,0.000000,5.000000,0.000000,5.000000,0.000000,0.000000,0.000000,0.000000,0.000000,0.000000
1778942718.097177,0,0.000000,5.000000,0.000000,5.000000,0.000000,0.000000,0.000000,0.000000,0.000000,0.000000
1778942718.203306,0,0.000000,5.000000,0.000000,5.000000,0.000000,0.000000,0.000000,0.000000,0.000000,0.000000
1778942718.254673,0,0.000000,5.000000,0.000000,5.000000,0.000000,0.000000,0.000000,0.000000,0.000000,0.000000
1778942718.367174,0,0.000000,5.000000,0.000000,5.000000,0.000000,0.000000,0.000000,0.000000,0.000000,0.000000
1778942718.433243,0,0.000000,5.000000,0.000000,5.000000,0.000000,0.000000,0.000000,0.000000,0.000000,0.000000
1778942718.482362,0,0.000000,5.000000,0.000000,5.000000,0.000000,0.000000,0.000000,0.000000,0.000000,0.000000
1778942718.561125,0,0.000000,5.000000,0.000000,5.000000,0.000000,0.000000,0.000000,0.000000,0.000000,0.000000
1778942718.601169,0,0.000000,5.000000,0.000000,5.000000,0.000000,0.000000,0.000000,0.000000,0.000000,0.000000
1778942718.601691,0,0.000000,5.000000,0.000000,5.000000,0.000000,0.000000,0.000000,0.000000,0.070000,0.000000
1778942718.602096,0,0.000000,5.000000,0.000000,5.000000,0.000000,0.000000,0.000000,0.000000,0.000000,0.000000
1778942718.602479,0,0.000000,5.000000,0.000000,5.000000,0.000000,0.000000,0.000000,0.000000,0.070000,0.000000
1778942718.653080,0,0.000000,5.000000,0.000000,5.000000,0.000000,0.000000,0.000000,0.000000,0.000000,0.000000
1778942718.653584,0,0.000000,5.000000,0.000000,5.000000,0.000000,0.000000,0.000000,0.000000,0.000000,0.000000
1778942718.653974,0,0.000000,5.000000,0.000000,5.000000,0.000000,0.000000,0.000000,0.000000,0.000000,0.000000
1778942718.654344,0,0.000000,5.000000,0.000000,5.000000,0.000000,0.000000,0.000000,0.000000,0.000000,0.000000
1778942718.654984,0,0.000000,5.000000,0.000000,5.000000,0.000000,0.000000,0.000000,0.000000,0.000000,0.000000
1778942718.702847,0,0.000000,5.000000,0.000000,5.000000,0.000000,0.000000,0.000000,0.000000,0.000000,0.000000
1778942718.751446,0,0.000000,5.000000,0.000000,5.000000,0.000000,0.000000,0.000000,0.000000,0.000000,0.000000
1778942718.752114,0,0.000000,5.000000,0.000000,5.000000,0.000000,0.000000,0.000000,0.000000,0.000000,0.000000
1778942718.801722,0,0.000000,5.000000,0.000000,5.000000,0.000000,0.000000,0.000000,0.000000,0.000000,0.000000
1778942718.802248,0,0.000000,5.000000,0.000000,5.000000,0.000000,0.000000,0.000000,0.000000,0.000000,0.000000
1778942718.860847,0,0.000000,5.000000,0.000000,5.000000,0.000000,0.000000,0.000000,0.000000,0.000000,0.000000
1778942718.887944,0,0.000000,5.000000,0.000000,5.000000,0.000000,0.000000,0.000000,0.000000,0.000000,0.000000
1778942718.888430,0,0.000000,5.000000,0.000000,5.000000,0.000000,0.000000,0.000000,0.000000,0.000000,0.000000
1778942718.915284,0,0.000000,5.000000,0.000000,5.000000,0.000000,0.000000,0.000000,0.000000,0.000000,0.000000
1778942718.915856,0,0.000000,5.000000,0.000000,5.000000,0.000000,0.000000,0.000000,0.000000,0.000000,0.000000
1778942718.964815,0,0.000000,5.000000,0.000000,5.000000,0.000000,0.000000,0.000000,0.000000,0.000000,0.000000
1778942718.965323,0,0.000000,5.000000,0.000000,5.000000,0.000000,0.000000,0.000000,0.000000,0.000000,0.000000
1778942718.965723,0,0.000000,5.000000,0.000000,5.000000,0.000000,0.000000,0.000000,0.000000,0.000000,0.000000
1778942718.966116,0,0.000000,5.000000,0.000000,5.000000,0.000000,0.000000,0.000000,0.000000,0.000000,0.000000
1778942718.966567,0,0.000000,5.000000,0.000000,5.000000,0.000000,0.000000,0.000000,0.000000,0.000000,0.000000
1778942719.015677,0,0.000000,5.000000,0.000000,5.000000,0.000000,0.000000,0.000000,0.000000,0.070000,0.000000
1778942719.016188,0,0.000000,5.000000,0.000000,5.000000,0.000000,0.000000,0.000000,0.000000,0.000000,0.000000
1778942719.063862,0,0.000000,5.000000,0.000000,5.000000,0.000000,0.000000,0.000000,0.000000,0.000000,0.000000
1778942719.064398,0,0.000000,5.000000,0.000000,5.000000,0.000000,0.000000,0.000000,0.000000,0.000000,0.000000
1778942719.064956,0,0.000000,5.000000,0.000000,5.000000,0.000000,0.000000,0.000000,0.000000,0.000000,0.000000
1778942719.111996,0,0.000000,5.000000,0.000000,5.000000,0.000000,0.000000,0.000000,0.000000,0.000000,0.000000
1778942719.162105,0,0.000000,5.000000,0.000000,5.000000,0.000000,0.000000,0.000000,0.000000,0.000000,0.000000
1778942719.162626,0,0.000000,5.000000,0.000000,5.000000,0.000000,0.000000,0.000000,0.000000,0.000000,0.000000
1778942719.163025,0,0.000000,5.000000,0.000000,5.000000,0.000000,0.000000,0.000000,0.000000,0.000000,0.000000
1778942719.163552,0,0.000000,5.000000,0.000000,5.000000,0.000000,0.000000,0.000000,0.000000,0.000000,0.000000
1778942719.163935,0,0.000000,5.000000,0.000000,5.000000,0.000000,0.000000,0.000000,0.000000,0.000000,0.200000
1778942719.211179,0,0.000000,5.000000,0.000000,5.000000,0.000000,0.000000,0.000000,0.000000,0.000000,0.000000
1778942719.211755,0,0.000000,5.000000,0.000000,5.000000,0.000000,0.000000,0.000000,0.000000,0.000000,0.000000
1778942719.260079,0,0.000000,5.000000,0.000000,5.000000,0.000000,0.000000,0.000000,0.000000,0.000000,0.000000
1778942719.260589,0,0.000000,5.000000,0.000000,5.000000,0.000000,0.000000,0.000000,0.000000,0.000000,0.000000
1778942719.261000,0,0.000000,5.000000,0.000000,5.000000,0.000000,0.000000,0.000000,0.000000,0.000000,0.000000
1778942719.261393,0,0.000000,5.000000,0.000000,5.000000,0.000000,0.000000,0.000000,0.000000,0.000000,0.000000
1778942719.309319,0,0.000000,5.000000,0.000000,5.000000,0.000000,0.000000,0.000000,0.000000,0.000000,0.000000
1778942719.309834,0,0.000000,5.000000,0.000000,5.000000,0.000000,0.000000,0.000000,0.000000,0.000000,0.000000
1778942719.310240,0,0.000000,5.000000,0.000000,5.000000,0.000000,0.000000,0.000000,0.000000,0.000000,0.000000
1778942719.310900,0,0.000000,5.000000,0.000000,5.000000,0.000000,0.000000,0.000000,0.000000,0.000000,0.000000
1778942719.358403,0,0.000000,5.000000,0.000000,5.000000,0.000000,0.000000,0.000000,0.000000,0.000000,0.000000
1778942719.406343,0,0.000000,5.000000,0.000000,5.000000,0.000000,0.000000,0.000000,0.000000,0.000000,0.000000
1778942719.406856,0,0.000000,5.000000,0.000000,5.000000,0.000000,0.000000,0.000000,0.000000,0.000000,0.200000
1778942719.454924,0,0.000000,5.000000,0.000000,5.000000,0.000000,0.000000,0.000000,0.000000,0.000000,0.000000
1778942719.455600,0,0.000000,5.000000,0.000000,5.000000,0.000000,0.000000,0.000000,0.000000,0.000000,0.000000
1778942719.505587,0,0.000000,5.000000,0.000000,5.000000,0.000000,0.000000,0.000000,0.000000,0.000000,0.000000
1778942719.506103,0,0.000000,5.000000,0.000000,5.000000,0.000000,0.000000,0.000000,0.000000,0.000000,0.000000
1778942719.506498,0,0.000000,5.000000,0.000000,5.000000,0.000000,0.000000,0.000000,0.000000,0.000000,0.000000
1778942719.553286,0,0.000000,5.000000,0.000000,5.000000,0.000000,0.000000,0.000000,0.000000,0.000000,0.000000
1778942719.553830,0,0.000000,5.000000,0.000000,5.000000,0.000000,0.000000,0.000000,0.000000,0.000000,0.000000
1778942719.554424,0,0.000000,5.000000,0.000000,5.000000,0.000000,0.000000,0.000000,0.000000,0.000000,0.000000
1778942719.603076,0,0.000000,5.000000,0.000000,5.000000,0.000000,0.000000,0.000000,0.000000,0.000000,0.000000
1778942719.603596,0,0.000000,5.000000,0.000000,5.000000,0.000000,0.000000,0.000000,0.000000,0.000000,0.000000
1778942719.650893,0,0.000000,5.000000,0.000000,5.000000,0.000000,0.000000,0.000000,0.000000,0.000000,0.000000
1778942719.651425,0,0.000000,5.000000,0.000000,5.000000,0.000000,0.000000,0.000000,0.000000,0.000000,0.000000
1778942719.700251,0,0.000000,5.000000,0.000000,5.000000,0.000000,0.000000,0.000000,0.000000,0.000000,0.000000
1778942719.748298,0,0.000000,5.000000,0.000000,5.000000,0.000000,0.000000,0.000000,0.000000,0.000000,0.000000
1778942719.795372,0,0.000000,5.000000,0.000000,5.000000,0.000000,0.000000,0.000000,0.000000,0.000000,0.000000
1778942719.843557,0,0.000000,5.000000,0.000000,5.000000,0.000000,0.000000,0.000000,0.000000,0.000000,0.000000
1778942719.926834,0,0.000000,5.000000,0.000000,5.000000,0.000000,0.000000,0.000000,0.000000,0.070000,0.000000
1778942719.975330,0,0.000000,5.000000,0.000000,5.000000,0.000000,0.000000,0.000000,0.000000,0.000000,0.000000
1778942720.022876,0,0.000000,5.000000,0.000000,5.000000,0.000000,0.000000,0.000000,0.000000,0.070000,0.000000
1778942720.072767,0,0.000000,5.000000,0.000000,5.000000,0.000000,0.000000,0.000000,0.000000,0.000000,0.000000
1778942720.073449,0,0.000000,5.000000,0.000000,5.000000,0.000000,0.000000,0.000000,0.000000,0.000000,0.000000
1778942720.073859,0,0.000000,5.000000,0.000000,5.000000,0.000000,0.000000,0.000000,0.000000,0.000000,0.000000
1778942720.074229,0,0.000000,5.000000,0.000000,5.000000,0.000000,0.000000,0.000000,0.000000,0.070000,0.000000
1778942720.136092,0,0.000000,5.000000,0.000000,5.000000,0.000000,0.000000,0.000000,0.000000,0.000000,0.000000
1778942720.184864,0,0.000000,5.000000,0.000000,5.000000,0.000000,0.000000,0.000000,0.000000,0.000000,0.000000
1778942720.279967,0,0.000000,5.000000,0.000000,5.000000,0.000000,0.000000,0.000000,0.000000,0.000000,0.000000
1778942720.346238,0,0.000000,5.000000,0.000000,5.000000,0.000000,0.000000,0.000000,0.000000,0.000000,0.000000
1778942720.429655,0,0.000000,5.000000,0.000000,5.000000,0.000000,0.000000,0.000000,0.000000,0.000000,0.000000
1778942720.477661,0,0.000000,5.000000,0.000000,5.000000,0.000000,0.000000,0.000000,0.000000,0.000000,0.000000
1778942720.566036,0,0.000000,5.000000,0.000000,5.000000,0.000000,0.000000,0.000000,0.000000,0.000000,0.000000
1778942720.617395,0,0.000000,5.000000,0.000000,5.000000,0.000000,0.000000,0.000000,0.000000,0.070000,0.000000
1778942720.717115,0,0.000000,5.000000,0.000000,5.000000,0.000000,0.000000,0.000000,0.000000,0.210000,0.000000
1778942720.766890,0,0.000000,5.000000,0.000000,5.000000,0.000000,0.000000,0.000000,0.000000,0.150000,0.000000
1778942720.767392,0,0.000000,5.000000,0.000000,5.000000,0.000000,0.000000,0.000000,0.000000,0.070000,0.000000
1778942720.859215,0,0.000000,5.000000,0.000000,5.000000,0.000000,0.000000,0.000000,0.000000,0.070000,0.000000
1778942720.860534,0,0.000000,5.000000,0.000000,5.000000,0.000000,0.000000,0.000000,0.000000,0.000000,0.000000
1778942720.883150,0,0.000000,5.000000,0.000000,5.000000,0.000000,0.000000,0.000000,0.000000,0.070000,0.000000
1778942720.905806,0,0.000000,5.000000,0.000000,5.000000,0.000000,0.000000,0.000000,0.000000,0.070000,0.000000
1778942720.976676,0,0.000000,5.000000,0.000000,5.000000,0.000000,0.000000,0.000000,0.000000,0.070000,0.000000
1778942721.017294,0,0.000000,5.000000,0.000000,5.000000,0.000000,0.000000,0.000000,0.000000,0.070000,0.000000
1778942721.106020,0,0.000000,5.000000,0.000000,5.000000,0.000000,0.000000,0.000000,0.000000,0.070000,0.000000
1778942721.130740,0,0.000000,5.000000,0.000000,5.000000,0.000000,0.000000,0.000000,0.000000,0.300000,0.000000
1778942721.227356,0,0.000000,5.000000,0.000000,5.000000,0.000000,0.000000,0.000000,0.000000,0.070000,0.000000
1778942721.331167,0,0.000000,5.000000,0.000000,5.000000,0.000000,0.000000,0.000000,0.000000,0.070000,0.000000
1778942721.377064,0,0.000000,5.000000,0.000000,5.000000,0.000000,0.000000,0.000000,0.000000,0.070000,0.000000
1778942721.457382,0,0.000000,5.000000,0.000000,5.000000,0.000000,0.000000,0.000000,0.000000,0.150000,0.000000
1778942721.481531,0,0.000000,5.000000,0.000000,5.000000,0.000000,0.000000,0.000000,0.000000,0.000000,0.000000
1778942721.504863,0,0.000000,5.000000,0.000000,5.000000,0.690000,0.000000,0.000000,0.000000,0.070000,0.000000
1778942721.607790,0,0.000000,5.000000,0.000000,5.000000,0.020000,0.000000,0.000000,0.000000,0.070000,0.000000
1778942721.631687,0,0.000000,5.000000,0.000000,5.000000,0.210000,0.000000,0.000000,0.000000,0.070000,0.000000
1778942721.654455,0,0.000000,5.000000,0.000000,5.000000,0.830000,0.000000,0.000000,0.000000,0.070000,0.000000
1778942721.676725,0,0.000000,5.000000,0.000000,5.000000,0.930000,0.000000,0.000000,0.000000,0.000000,0.000000
1778942721.772928,0,0.000000,5.000000,0.000000,5.000000,1.000000,0.000000,0.000000,0.000000,0.070000,0.000000
1778942721.815078,0,0.000000,5.000000,0.000000,5.000000,1.000000,0.000000,0.000000,0.000000,0.000000,0.000000
1778942721.868805,0,0.000000,5.000000,0.000000,5.000000,1.000000,0.000000,0.000000,0.000000,0.070000,0.000000
1778942721.908208,0,0.000000,5.000000,0.000000,5.000000,1.000000,0.000000,0.000000,0.000000,0.070000,0.000000
1778942721.981818,0,0.000000,5.000000,0.000000,5.000000,1.000000,0.000000,0.000000,0.000000,0.070000,0.000000
1778942722.023571,0,0.000000,5.000000,0.000000,5.000000,1.000000,0.000000,0.000000,0.000000,0.150000,0.000000
1778942722.118917,0,0.000000,5.000000,0.000000,5.000000,1.000000,0.000000,0.000000,0.000000,0.070000,0.000000
1778942722.144066,0,0.000000,5.000000,0.000000,5.000000,0.310000,0.000000,0.000000,0.000000,0.070000,0.000000
1778942722.166133,0,0.000000,5.000000,0.000000,5.000000,0.500000,0.000000,0.000000,0.000000,0.070000,0.000000
1778942722.221167,0,0.000000,5.000000,0.000000,5.000000,1.000000,0.000000,0.000000,0.000000,0.070000,0.200000
1778942722.260566,0,0.000000,5.000000,0.000000,5.000000,1.000000,0.000000,0.000000,0.000000,0.070000,0.000000
1778942722.333970,0,0.000000,5.000000,0.000000,5.000000,0.100000,0.000000,0.000000,0.000000,0.070000,0.000000
1778942722.375601,0,0.000000,5.000000,0.000000,5.000000,0.200000,0.000000,0.000000,0.000000,0.210000,0.000000
1778942722.470050,0,0.000000,5.000000,0.000000,5.000000,0.610000,0.000000,0.000000,0.000000,0.150000,0.000000
1778942722.495452,0,0.000000,5.000000,0.000000,5.000000,0.810000,0.000000,0.000000,0.000000,0.070000,0.000000
1778942722.518060,0,0.000000,5.000000,0.000000,5.000000,1.000000,0.000000,0.000000,0.000000,0.070000,0.200000
1778942722.599630,0,0.000000,5.000000,0.000000,5.000000,1.000000,0.000000,0.000000,0.000000,0.070000,0.000000
1778942722.600837,0,0.000000,5.000000,0.000000,5.000000,1.000000,0.000000,0.000000,0.000000,0.070000,0.000000
1778942722.641756,0,0.000000,5.000000,0.000000,5.000000,0.250000,0.000000,0.000000,0.000000,0.150000,0.000000
1778942722.732778,0,0.000000,5.000000,0.000000,5.000000,0.340000,0.000000,0.000000,0.000000,0.070000,0.200000
1778942722.756233,0,0.000000,5.000000,0.000000,5.000000,0.570000,0.000000,0.000000,0.000000,0.000000,0.000000
1778942722.756730,0,0.000000,5.000000,0.000000,5.000000,0.980000,0.000000,0.000000,0.000000,0.070000,0.000000
1778942722.757128,0,0.000000,5.000000,0.000000,5.000000,1.000000,0.000000,0.000000,0.000000,0.070000,0.000000
1778942722.798012,0,0.000000,5.000000,0.000000,5.000000,1.000000,0.000000,0.000000,0.000000,0.070000,0.000000
1778942722.798542,0,0.000000,5.000000,0.000000,5.000000,1.000000,0.000000,0.000000,0.000000,0.150000,0.000000
1778942722.838192,0,0.000000,5.000000,0.000000,5.000000,1.000000,0.000000,0.000000,0.000000,0.210000,0.000000
1778942722.838915,0,0.000000,5.000000,0.000000,5.000000,1.000000,0.000000,0.000000,0.000000,0.070000,0.000000
1778942722.881121,0,0.000000,5.000000,0.000000,5.000000,1.000000,0.000000,0.000000,0.000000,0.070000,0.000000
1778942722.904474,0,0.000000,5.000000,0.000000,5.000000,1.000000,0.000000,0.000000,0.000000,0.070000,0.000000
1778942722.964573,0,0.000000,5.000000,0.000000,5.000000,1.000000,0.000000,0.000000,0.000000,0.070000,0.000000
1778942723.004917,0,0.000000,5.000000,0.000000,5.000000,1.000000,0.000000,0.000000,0.000000,0.070000,0.000000
1778942723.005466,0,0.000000,5.000000,0.000000,5.000000,0.140000,0.000000,0.000000,0.000000,0.070000,0.000000
1778942723.006074,0,0.000000,5.000000,0.000000,5.000000,0.180000,0.000000,0.000000,0.000000,0.070000,0.000000
1778942723.006489,0,0.000000,5.000000,0.000000,5.000000,0.070000,0.000000,0.000000,0.000000,0.150000,0.000000
1778942723.006872,0,0.000000,5.000000,0.000000,5.000000,0.110000,0.000000,0.000000,0.000000,0.070000,0.000000
1778942723.100630,0,0.000000,5.000000,0.000000,5.000000,0.020000,0.000000,0.000000,0.000000,0.000000,0.000000
1778942723.196249,0,0.000000,5.000000,0.000000,5.000000,0.100000,0.000000,0.000000,0.000000,0.070000,0.000000
1778942723.238769,0,0.000000,5.000000,0.000000,5.000000,0.200000,0.000000,0.000000,0.000000,0.070000,0.000000
1778942723.317383,0,0.000000,5.000000,0.000000,5.000000,0.270000,0.000000,0.000000,0.000000,0.070000,0.000000
1778942723.408619,0,0.000000,5.000000,0.000000,5.000000,0.600000,0.000000,0.000000,0.000000,0.000000,0.000000
1778942723.432460,0,0.000000,5.000000,0.000000,5.000000,0.050000,0.000000,0.000000,0.000000,0.070000,0.000000
1778942723.433070,0,0.000000,5.000000,0.000000,5.000000,0.890000,0.000000,0.000000,0.000000,0.070000,0.000000
1778942723.475295,0,0.000000,5.000000,0.000000,5.000000,1.000000,0.000000,0.000000,0.000000,0.000000,0.000000
1778942723.533746,0,0.000000,5.000000,0.000000,5.000000,1.000000,0.000000,0.000000,0.000000,0.070000,0.000000
1778942723.624613,0,0.000000,5.000000,0.000000,5.000000,1.000000,0.000000,0.000000,0.000000,0.210000,0.000000
1778942723.713925,0,0.000000,5.000000,0.000000,5.000000,1.000000,0.000000,0.000000,0.000000,0.070000,0.200000
1778942723.756780,0,0.000000,5.000000,0.000000,5.000000,0.200000,0.000000,0.000000,0.000000,0.070000,0.000000
1778942723.843911,0,0.000000,5.000000,0.000000,5.000000,0.540000,0.000000,0.000000,0.000000,0.150000,0.000000
1778942723.961854,0,0.000000,5.000000,0.000000,5.000000,0.410000,0.000000,0.000000,0.000000,0.070000,0.000000
1778942724.036763,0,0.000000,5.000000,0.000000,5.000000,1.000000,0.000000,0.000000,0.000000,0.070000,0.000000
1778942724.112125,0,0.000000,5.000000,0.000000,5.000000,1.000000,0.000000,0.000000,0.000000,0.070000,0.000000
1778942724.153453,0,0.000000,5.000000,0.000000,5.000000,1.000000,0.000000,0.000000,0.000000,0.070000,0.000000
1778942724.224226,0,0.000000,5.000000,0.000000,5.000000,0.500000,0.000000,0.000000,0.000000,0.070000,0.000000
1778942724.267813,0,0.000000,5.000000,0.000000,5.000000,1.000000,0.000000,0.000000,24.530000,0.070000,0.000000
1778942724.268508,0,0.000000,5.000000,0.000000,5.000000,0.000000,0.000000,0.000000,8.250000,0.150000,0.000000
1778942724.345121,0,0.000000,5.000000,0.000000,5.000000,0.750000,0.000000,0.000000,7.940000,0.070000,0.000000
1778942724.425978,0,0.000000,5.000000,0.000000,5.000000,1.000000,0.000000,0.000000,11.600000,0.150000,0.000000
1778942724.468118,0,0.000000,5.000000,0.000000,5.000000,1.000000,0.000000,0.000000,13.020000,0.070000,0.000000
1778942724.468637,0,0.000000,5.000000,0.000000,5.000000,1.000000,0.000000,0.000000,13.350000,0.070000,0.000000
1778942724.469051,0,0.000000,5.000000,0.000000,5.000000,0.010000,0.000000,0.000000,10.390000,0.070000,0.000000
1778942724.510463,0,0.000000,5.000000,0.000000,5.000000,0.310000,0.000000,0.000000,16.500000,0.070000,0.000000
1778942724.554922,0,0.000000,5.000000,0.000000,5.000000,0.870000,0.000000,0.000000,0.000000,0.070000,0.000000
1778942724.555404,0,0.000000,5.000000,0.000000,5.000000,0.970000,0.000000,0.000000,0.000000,0.070000,0.000000
1778942724.613953,0,0.000000,5.000000,0.000000,5.000000,0.010000,0.000000,0.000000,0.000000,0.070000,0.000000
1778942724.655622,0,0.000000,5.000000,0.000000,5.000000,0.230000,0.000000,0.000000,0.000000,0.070000,0.000000
1778942724.697511,0,0.000000,5.000000,0.000000,5.000000,0.560000,0.000000,0.000000,0.200000,0.150000,0.000000
1778942724.739123,0,0.000000,5.000000,0.000000,5.000000,0.660000,0.000000,0.000000,1.370000,0.070000,0.000000
1778942724.826415,0,0.000000,5.000000,0.000000,5.000000,0.980000,0.000000,0.000000,3.130000,0.070000,0.000000
1778942724.870619,0,0.000000,5.000000,0.000000,5.000000,1.000000,0.000000,0.000000,4.210000,0.150000,0.000000
1778942724.913180,0,0.000000,5.000000,0.000000,5.000000,0.000000,0.000000,0.000000,2.220000,0.300000,0.000000
1778942725.011369,0,0.000000,5.000000,0.000000,5.000000,0.360000,0.000000,0.000000,3.250000,0.150000,0.200000
1778942725.055801,0,0.000000,5.000000,0.000000,5.000000,0.720000,0.000000,0.000000,0.020000,0.070000,0.000000
1778942725.056329,0,0.000000,5.000000,0.000000,5.000000,0.180000,0.000000,0.000000,0.000000,0.070000,0.000000
1778942725.056749,0,0.000000,5.000000,0.000000,5.000000,0.370000,0.000000,0.000000,0.000000,0.070000,0.000000
1778942725.108354,0,0.000000,5.000000,0.000000,5.000000,0.630000,0.000000,0.000000,0.000000,0.070000,0.000000
1778942725.192614,0,0.000000,5.000000,0.000000,5.000000,1.000000,0.000000,0.000000,0.000000,0.070000,0.000000
1778942725.236085,0,0.000000,5.000000,0.000000,5.000000,1.000000,0.000000,0.000000,0.000000,0.150000,0.000000
1778942725.320249,0,0.000000,5.000000,0.000000,5.000000,1.000000,0.000000,0.000000,0.000000,0.150000,0.000000
1778942725.364747,0,0.000000,5.000000,0.000000,5.000000,1.000000,0.000000,0.000000,0.000000,0.070000,0.000000
1778942725.408568,0,0.000000,5.000000,0.000000,5.000000,1.000000,0.000000,0.000000,0.000000,0.070000,0.000000
1778942725.450874,0,0.000000,5.000000,0.000000,5.000000,0.100000,0.000000,0.000000,0.000000,0.070000,0.000000
1778942725.521382,0,0.000000,5.000000,0.000000,5.000000,0.000000,0.000000,0.000000,0.000000,0.070000,0.000000
1778942725.565456,0,0.000000,5.000000,0.000000,5.000000,0.750000,0.000000,0.000000,0.000000,0.150000,0.000000
1778942725.565976,0,0.000000,5.000000,0.000000,5.000000,0.990000,0.000000,0.000000,0.000000,0.150000,0.000000
1778942725.608208,0,0.000000,5.000000,0.000000,5.000000,1.000000,0.000000,0.000000,0.000000,0.070000,0.000000
1778942725.651759,0,0.000000,5.000000,0.000000,5.000000,0.110000,0.000000,0.000000,0.000000,0.070000,0.000000
1778942725.731096,0,0.000000,5.000000,0.000000,5.000000,0.870000,0.000000,0.000000,0.000000,0.070000,0.000000
1778942725.775525,0,0.000000,5.000000,0.000000,5.000000,1.000000,0.000000,0.000000,0.000000,0.070000,0.000000
1778942725.776039,0,0.000000,5.000000,0.000000,5.000000,1.000000,0.000000,0.000000,0.000000,0.070000,0.000000
1778942725.776443,0,0.000000,5.000000,0.000000,5.000000,1.000000,0.000000,0.000000,0.000000,0.070000,0.000000
1778942725.776821,0,0.000000,5.000000,0.000000,5.000000,1.000000,0.000000,0.000000,0.000000,0.070000,0.000000
1778942725.820421,0,0.000000,5.000000,0.000000,5.000000,0.000000,0.000000,0.000000,0.000000,0.300000,0.000000
1778942725.821088,0,0.000000,5.000000,0.000000,5.000000,0.070000,0.000000,0.000000,0.000000,0.070000,0.000000
1778942725.821492,0,0.000000,5.000000,0.000000,5.000000,0.150000,0.000000,0.000000,0.000000,0.070000,0.000000
1778942725.864792,0,0.000000,5.000000,0.000000,5.000000,0.230000,0.000000,0.000000,0.000000,0.210000,0.000000
1778942725.908218,0,0.000000,5.000000,0.000000,5.000000,0.330000,0.000000,0.000000,0.000000,0.070000,0.000000
1778942725.908902,0,0.000000,5.000000,0.000000,5.000000,0.000000,0.000000,0.000000,0.000000,0.300000,0.000000
1778942725.909313,0,0.000000,5.000000,0.000000,5.000000,0.070000,0.000000,0.000000,0.000000,0.070000,0.000000
1778942725.909683,0,0.000000,5.000000,0.000000,5.000000,0.150000,0.000000,0.000000,0.000000,0.070000,0.000000
1778942725.910050,0,0.000000,5.000000,0.000000,5.000000,0.300000,0.000000,0.000000,0.000000,0.070000,0.000000
1778942725.953025,0,0.000000,5.000000,0.000000,5.000000,0.370000,0.000000,0.010000,0.540000,0.070000,0.000000
1778942725.953507,0,0.000000,5.000000,0.000000,5.000000,0.440000,0.000000,0.050000,0.400000,0.150000,0.000000
1778942726.031651,0,0.000000,5.000000,0.000000,5.000000,0.510000,0.000000,0.110000,0.340000,0.070000,0.000000
1778942726.075532,0,0.000000,5.000000,0.000000,5.000000,0.000000,0.000000,0.170000,0.360000,0.300000,0.000000
1778942726.151559,0,0.000000,5.000000,0.000000,5.000000,0.070000,0.000000,0.210000,0.360000,0.070000,0.000000
1778942726.195177,0,0.000000,5.000000,0.000000,5.000000,0.170000,0.000000,0.270000,0.210000,0.070000,0.000000
1778942726.195721,0,0.000000,5.000000,0.000000,5.000000,0.620000,0.000000,0.180000,0.170000,0.070000,0.000000
1778942726.196132,0,0.000000,5.000000,0.000000,5.000000,0.810000,0.000000,0.270000,0.200000,0.070000,0.000000
1778942726.196575,0,0.000000,5.000000,0.000000,5.000000,0.100000,0.000000,0.560000,0.210000,0.150000,0.000000
1778942726.256126,0,0.000000,5.000000,0.000000,5.000000,1.000000,0.000000,0.070000,0.230000,0.070000,0.000000
1778942726.298093,0,0.000000,5.000000,0.000000,5.000000,0.000000,0.000000,0.150000,0.250000,0.300000,0.000000
1778942726.377926,0,0.000000,5.000000,0.000000,5.000000,0.230000,0.000000,0.000000,0.250000,0.070000,0.000000
1778942726.402741,0,0.000000,5.000000,0.000000,5.000000,0.460000,0.000000,0.000000,0.250000,0.070000,0.430000
1778942726.426202,0,0.000000,5.000000,0.000000,5.000000,0.230000,0.000000,0.070000,0.280000,0.070000,0.000000
1778942726.426787,0,0.000000,5.000000,0.000000,5.000000,0.070000,0.000000,0.510000,0.280000,0.070000,0.000000
1778942726.504039,0,0.000000,5.000000,0.000000,5.000000,0.910000,0.000000,1.000000,0.330000,0.070000,0.000000
1778942726.549917,0,0.000000,5.000000,0.000000,5.000000,1.000000,0.000000,1.000000,5.590000,0.070000,0.000000
1778942726.593359,0,0.000000,5.000000,0.000000,5.000000,1.000000,0.000000,1.000000,4.110000,0.210000,0.000000
1778942726.635427,0,0.000000,5.000000,0.000000,5.000000,1.000000,0.000000,1.000000,4.690000,0.070000,0.000000
1778942726.635954,0,0.000000,5.000000,0.000000,5.000000,0.410000,0.000000,1.000000,130.130000,0.150000,0.000000
1778942726.691278,0,0.000000,5.000000,0.000000,5.000000,1.000000,0.000000,1.000000,152.690000,0.070000,0.000000
1778942726.733652,0,0.000000,5.000000,0.000000,5.000000,0.070000,0.000000,1.000000,154.160000,0.070000,0.000000
1778942726.827338,0,0.000000,5.000000,0.000000,5.000000,0.510000,0.000000,1.000000,154.160000,0.070000,0.000000
1778942726.873031,0,0.000000,5.000000,0.000000,5.000000,1.000000,0.000000,1.000000,154.160000,0.150000,0.000000
1778942726.915947,0,0.000000,5.000000,0.000000,5.000000,1.000000,0.000000,1.000000,146.970000,0.000000,0.000000
1778942726.976223,0,0.000000,5.000000,0.000000,5.000000,1.000000,0.000000,1.000000,10.430000,0.150000,0.280000
1778942727.051234,0,0.000000,5.000000,0.000000,5.000000,0.180000,0.000000,1.000000,10.640000,0.070000,0.000000
1778942727.141186,0,0.000000,5.000000,0.000000,5.000000,0.280000,0.000000,1.000000,1.000000,0.070000,0.000000
1778942727.186277,0,0.000000,5.000000,0.000000,5.000000,0.540000,0.000000,1.000000,1.470000,0.070000,0.000000
1778942727.246398,0,0.000000,5.000000,0.000000,5.000000,0.790000,0.000000,1.000000,99.550000,0.070000,0.000000
1778942727.291038,0,0.000000,5.000000,0.000000,5.000000,1.000000,0.000000,1.000000,158.690000,0.070000,0.000000
1778942727.291582,0,0.000000,5.000000,0.000000,5.000000,1.000000,0.000000,1.000000,158.690000,0.070000,0.000000
1778942727.291987,0,0.000000,5.000000,0.000000,5.000000,1.000000,0.000000,1.000000,155.660000,0.000000,0.000000
1778942727.292370,0,0.000000,5.000000,0.000000,5.000000,0.120000,0.000000,1.000000,87.590000,0.070000,0.000000
1778942727.366768,0,0.000000,5.000000,0.000000,5.000000,0.750000,0.000000,1.000000,10.750000,0.150000,0.000000
1778942727.412502,0,0.000000,5.000000,0.000000,5.000000,0.870000,0.000000,1.000000,10.270000,0.150000,0.000000
1778942727.486269,0,0.000000,5.000000,0.000000,5.000000,1.000000,0.000000,1.000000,8.850000,0.150000,0.000000
1778942727.579053,0,0.000000,5.000000,0.000000,5.000000,1.000000,0.000000,1.000000,9.020000,0.070000,0.000000
1778942727.605629,0,0.000000,5.000000,0.000000,5.000000,1.000000,0.000000,1.000000,3.750000,0.070000,0.000000
1778942727.606224,0,0.000000,5.000000,0.000000,5.000000,1.000000,0.000000,1.000000,2.730000,0.070000,0.000000
1778942727.606692,0,0.000000,5.000000,0.000000,5.000000,1.000000,0.000000,1.000000,1.700000,0.070000,0.000000
1778942727.631389,0,0.000000,5.000000,0.000000,5.000000,0.200000,0.000000,1.000000,1.210000,0.070000,0.000000
1778942727.656204,0,0.000000,5.000000,0.000000,5.000000,0.250000,0.000000,1.000000,0.560000,0.070000,0.000000
1778942727.741291,0,0.000000,5.000000,0.000000,5.000000,0.370000,0.000000,1.000000,0.620000,0.070000,0.000000
1778942727.801370,0,0.000000,5.000000,0.000000,5.000000,0.490000,0.000000,1.000000,0.690000,0.070000,0.000000
1778942727.844111,0,0.000000,5.000000,0.000000,5.000000,0.610000,0.000000,1.000000,0.760000,0.000000,0.000000
1778942727.922706,0,0.000000,5.000000,0.000000,5.000000,0.740000,0.000000,1.000000,0.810000,0.070000,0.000000
1778942728.125688,0,0.000000,5.000000,0.000000,5.000000,0.680000,0.000000,1.000000,0.970000,0.070000,0.000000
1778942728.206313,0,0.000000,5.000000,0.000000,5.000000,0.750000,0.000000,1.000000,0.870000,0.150000,0.140000
1778942728.251500,0,0.000000,5.000000,0.000000,5.000000,1.000000,0.000000,1.000000,0.810000,0.070000,0.000000
1778942728.295626,0,0.000000,5.000000,0.000000,5.000000,1.000000,0.000000,1.000000,0.690000,0.070000,0.000000
1778942728.320570,0,0.000000,5.000000,0.000000,5.000000,1.000000,0.000000,1.000000,0.430000,0.070000,0.000000
1778942728.345132,0,0.000000,5.000000,0.000000,5.000000,1.000000,0.000000,1.000000,0.360000,0.070000,0.000000
1778942728.431797,0,0.000000,5.000000,0.000000,5.000000,1.000000,0.000000,1.000000,0.180000,0.070000,0.000000
1778942728.515546,0,0.000000,5.000000,0.000000,5.000000,1.000000,0.000000,1.000000,0.180000,0.070000,0.000000
1778942728.606188,0,0.000000,5.000000,0.000000,5.000000,1.000000,0.000000,1.000000,0.200000,0.070000,0.000000
1778942728.653301,0,0.000000,5.000000,0.000000,5.000000,1.000000,0.000000,1.000000,0.180000,0.070000,0.000000
1778942728.749200,0,0.000000,5.000000,0.000000,5.000000,1.000000,0.000000,1.000000,0.180000,0.070000,0.000000
1778942728.776198,0,0.000000,5.000000,0.000000,5.000000,0.430000,0.000000,0.020000,0.200000,0.070000,0.000000
1778942728.800154,0,0.000000,5.000000,0.000000,5.000000,1.000000,0.000000,1.000000,0.250000,0.150000,0.000000
1778942728.874397,0,0.000000,5.000000,0.000000,5.000000,0.140000,0.000000,1.000000,0.250000,0.000000,0.000000
1778942728.957700,0,0.000000,5.000000,0.000000,5.000000,0.330000,0.000000,0.100000,0.250000,0.070000,0.000000
1778942729.003735,0,0.000000,5.000000,0.000000,5.000000,0.950000,0.000000,1.000000,0.270000,0.070000,0.000000
1778942729.004259,0,0.000000,5.000000,0.000000,5.000000,1.000000,0.000000,1.000000,0.280000,0.070000,0.000000
1778942729.004643,0,0.000000,5.000000,0.000000,5.000000,1.000000,0.000000,0.700000,0.310000,0.150000,0.000000
1778942729.005013,0,0.000000,5.000000,0.000000,5.000000,1.000000,0.000000,1.000000,0.270000,0.070000,0.000000
1778942729.005954,0,0.000000,5.000000,0.000000,5.000000,1.000000,0.000000,1.000000,0.310000,0.070000,0.000000
1778942729.006427,0,0.000000,5.000000,0.000000,5.000000,1.000000,0.000000,1.000000,0.310000,0.070000,0.000000
1778942729.061520,0,0.000000,5.000000,0.000000,5.000000,1.000000,0.000000,1.000000,0.300000,0.070000,0.000000
1778942729.104882,0,0.000000,5.000000,0.000000,5.000000,1.000000,0.000000,1.000000,0.300000,0.070000,0.000000
1778942729.105591,0,0.000000,5.000000,0.000000,5.000000,1.000000,0.000000,1.000000,0.310000,0.070000,0.000000
1778942729.106024,0,0.000000,5.000000,0.000000,5.000000,1.000000,0.000000,1.000000,0.300000,0.150000,0.000000
1778942729.150102,0,0.000000,5.000000,0.000000,5.000000,1.000000,0.000000,1.000000,0.280000,0.070000,0.000000
1778942729.150810,0,0.000000,5.000000,0.000000,5.000000,1.000000,0.000000,1.000000,0.280000,0.070000,0.000000
1778942729.236048,0,0.000000,5.000000,0.000000,5.000000,1.000000,0.000000,1.000000,0.280000,0.070000,0.000000
1778942729.333322,0,0.000000,5.000000,0.000000,5.000000,1.000000,0.000000,1.000000,0.300000,0.070000,0.000000
1778942729.379915,0,0.000000,5.000000,0.000000,5.000000,1.000000,0.000000,1.000000,0.300000,0.070000,0.000000
1778942729.425317,0,0.000000,5.000000,0.000000,5.000000,1.000000,0.000000,1.000000,0.300000,0.070000,0.000000
1778942729.481246,0,0.000000,5.000000,0.000000,5.000000,0.050000,0.000000,1.000000,0.310000,0.070000,0.000000
1778942729.525762,0,0.000000,5.000000,0.000000,5.000000,0.230000,0.000000,1.000000,0.310000,0.210000,0.000000
1778942729.526261,0,0.000000,5.000000,0.000000,5.000000,0.870000,0.000000,1.000000,0.310000,0.070000,0.000000
1778942729.526641,0,0.000000,5.000000,0.000000,5.000000,1.000000,0.000000,1.000000,0.310000,0.070000,0.000000
1778942729.527040,0,0.000000,5.000000,0.000000,5.000000,1.000000,0.000000,1.000000,0.300000,0.070000,0.000000
1778942729.571150,0,0.000000,5.000000,0.000000,5.000000,1.000000,0.000000,1.000000,0.300000,0.070000,0.000000
1778942729.571701,0,0.000000,5.000000,0.000000,5.000000,1.000000,0.000000,1.000000,0.280000,0.070000,0.000000
1778942729.614419,0,0.000000,5.000000,0.000000,5.000000,1.000000,0.000000,1.000000,0.280000,0.070000,0.000000
1778942729.700842,0,0.000000,5.000000,0.000000,5.000000,1.000000,0.000000,1.000000,0.280000,0.070000,0.000000
1778942729.727192,0,0.000000,5.000000,0.000000,5.000000,1.000000,0.000000,1.000000,0.270000,0.070000,0.000000
1778942729.727734,0,0.000000,5.000000,0.000000,5.000000,1.000000,0.000000,1.000000,0.280000,0.070000,0.000000
1778942729.751560,0,0.000000,5.000000,0.000000,5.000000,1.000000,0.000000,1.000000,0.280000,0.150000,0.000000
1778942729.836078,0,0.000000,5.000000,0.000000,5.000000,1.000000,0.000000,1.000000,0.230000,0.070000,0.000000
1778942729.879884,0,0.000000,5.000000,0.000000,5.000000,1.000000,0.000000,1.000000,0.280000,0.070000,0.000000
1778942729.954807,0,0.000000,5.000000,0.000000,5.000000,1.000000,0.000000,1.000000,0.280000,0.070000,0.000000
1778942729.999251,0,0.000000,5.000000,0.000000,5.000000,1.000000,0.000000,1.000000,0.280000,0.070000,0.000000
1778942730.058648,0,0.000000,5.000000,0.000000,5.000000,1.000000,0.000000,1.000000,0.280000,0.070000,0.000000
1778942730.099869,0,0.000000,5.000000,0.000000,5.000000,1.000000,0.000000,1.000000,0.280000,0.070000,0.000000
1778942730.149522,0,0.000000,5.000000,0.000000,5.000000,1.000000,0.000000,1.000000,0.280000,0.000000,0.000000
1778942730.150188,0,0.000000,5.000000,0.000000,5.000000,0.050000,0.000000,1.000000,0.280000,0.070000,0.280000
1778942730.174607,0,0.000000,5.000000,0.000000,5.000000,0.230000,0.000000,1.000000,0.280000,0.150000,0.000000
1778942730.262869,0,0.000000,5.000000,0.000000,5.000000,0.700000,0.000000,1.000000,0.280000,0.070000,0.000000
1778942730.306502,0,0.000000,5.000000,0.000000,5.000000,0.880000,0.000000,1.000000,0.280000,0.070000,0.000000
1778942730.307185,0,0.000000,5.000000,0.000000,5.000000,1.000000,0.000000,1.000000,0.270000,0.070000,0.000000
1778942730.307589,0,0.000000,5.000000,0.000000,5.000000,1.000000,0.000000,1.000000,0.230000,0.070000,0.000000
1778942730.366352,0,0.000000,5.000000,0.000000,5.000000,1.000000,0.000000,1.000000,0.180000,0.070000,0.000000
1778942730.409084,0,0.000000,5.000000,0.000000,5.000000,1.000000,0.000000,1.000000,0.210000,0.150000,0.000000
1778942730.409596,0,0.000000,5.000000,0.000000,5.000000,0.070000,0.000000,0.560000,0.210000,0.150000,0.000000
1778942730.464320,0,0.000000,5.000000,0.000000,5.000000,0.120000,0.000000,0.850000,0.210000,0.070000,0.000000
1778942730.506959,0,0.000000,5.000000,0.000000,5.000000,0.330000,0.000000,1.000000,0.210000,0.150000,0.000000
1778942730.507475,0,0.000000,5.000000,0.000000,5.000000,0.400000,0.000000,1.000000,0.200000,0.070000,0.000000
1778942730.508081,0,0.000000,5.000000,0.000000,5.000000,0.460000,0.000000,1.000000,0.200000,0.070000,0.000000
1778942730.550216,0,0.000000,5.000000,0.000000,5.000000,0.740000,0.000000,1.000000,0.210000,0.150000,0.000000
1778942730.641224,0,0.000000,5.000000,0.000000,5.000000,0.810000,0.000000,1.000000,0.210000,0.150000,0.000000
1778942730.642441,0,0.000000,5.000000,0.000000,5.000000,0.870000,0.000000,1.000000,0.210000,0.070000,0.000000
1778942730.687123,0,0.000000,5.000000,0.000000,5.000000,0.940000,0.000000,1.000000,0.230000,0.070000,0.000000
1778942730.687660,0,0.000000,5.000000,0.000000,5.000000,1.000000,0.000000,0.150000,0.250000,0.070000,0.000000
1778942730.688061,0,0.000000,5.000000,0.000000,5.000000,1.000000,0.000000,1.000000,0.250000,0.070000,0.000000
1778942730.688605,0,0.000000,5.000000,0.000000,5.000000,1.000000,0.000000,1.000000,0.250000,0.150000,0.000000
1778942730.764393,0,0.000000,5.000000,0.000000,5.000000,1.000000,0.000000,1.000000,0.250000,0.070000,0.000000
1778942730.809634,0,0.000000,5.000000,0.000000,5.000000,1.000000,0.000000,0.030000,0.250000,0.070000,0.000000
1778942730.810297,0,0.000000,5.000000,0.000000,5.000000,1.000000,0.000000,0.360000,0.250000,0.070000,0.000000
1778942730.810702,0,0.000000,5.000000,0.000000,5.000000,1.000000,0.000000,0.680000,0.250000,0.070000,0.000000
1778942730.869371,0,0.000000,5.000000,0.000000,5.000000,0.100000,0.000000,1.000000,0.250000,0.070000,0.000000
1778942730.912005,0,0.000000,5.000000,0.000000,5.000000,0.200000,0.000000,1.000000,0.270000,0.000000,0.000000
1778942730.912704,0,0.000000,5.000000,0.000000,5.000000,0.230000,0.000000,1.000000,0.280000,0.150000,0.000000
1778942730.956145,0,0.000000,5.000000,0.000000,5.000000,0.280000,0.000000,1.000000,0.280000,0.070000,0.000000
1778942730.956666,0,0.000000,5.000000,0.000000,5.000000,0.380000,0.000000,1.000000,0.280000,0.070000,0.000000
1778942730.957221,0,0.000000,5.000000,0.000000,5.000000,0.470000,0.000000,1.000000,0.230000,0.070000,0.000000
1778942730.999390,0,0.000000,5.000000,0.000000,5.000000,0.570000,0.000000,0.110000,0.200000,0.070000,0.000000
1778942731.000082,0,0.000000,5.000000,0.000000,5.000000,0.620000,0.000000,0.400000,0.200000,0.150000,0.000000
1778942731.055869,0,0.000000,5.000000,0.000000,5.000000,0.670000,0.000000,0.690000,0.200000,0.070000,0.140000
1778942731.080791,0,0.000000,5.000000,0.000000,5.000000,0.720000,0.000000,1.000000,0.200000,0.070000,0.000000
1778942731.105891,0,0.000000,5.000000,0.000000,5.000000,0.760000,0.000000,1.000000,0.210000,0.070000,0.000000
1778942731.106404,0,0.000000,5.000000,0.000000,5.000000,0.860000,0.000000,1.000000,0.210000,0.150000,0.000000
1778942731.106791,0,0.000000,5.000000,0.000000,5.000000,0.090000,0.000000,0.560000,0.210000,0.070000,0.000000
1778942731.107172,0,0.000000,5.000000,0.000000,5.000000,0.120000,0.000000,0.810000,0.230000,0.070000,0.000000
1778942731.131984,0,0.000000,5.000000,0.000000,5.000000,0.000000,0.000000,1.000000,0.230000,0.070000,0.000000
1778942731.132592,0,0.000000,5.000000,0.000000,5.000000,0.000000,0.000000,1.000000,0.250000,0.070000,0.000000
1778942731.177466,0,0.000000,5.000000,0.000000,5.000000,0.050000,0.000000,1.000000,0.270000,0.150000,0.000000
1778942731.220846,0,0.000000,5.000000,0.000000,5.000000,0.090000,0.000000,1.000000,0.270000,0.070000,0.000000
1778942731.263948,0,0.000000,5.000000,0.000000,5.000000,0.010000,0.000000,1.000000,0.270000,0.070000,0.000000
1778942731.307990,0,0.000000,5.000000,0.000000,5.000000,0.000000,0.000000,1.000000,0.250000,0.910000,0.000000
1778942731.308477,0,0.000000,5.000000,0.000000,5.000000,0.030000,0.000000,1.000000,0.230000,0.070000,0.000000
1778942731.308876,0,0.000000,5.000000,0.000000,5.000000,0.070000,0.000000,1.000000,0.210000,0.070000,0.000000
1778942731.351687,0,0.000000,5.000000,0.000000,5.000000,0.200000,0.000000,1.000000,0.200000,0.210000,0.000000
1778942731.352194,0,0.000000,5.000000,0.000000,5.000000,0.000000,0.000000,0.510000,0.200000,0.150000,0.000000
1778942731.352577,0,0.000000,5.000000,0.000000,5.000000,0.070000,0.000000,0.770000,0.200000,0.070000,0.000000
1778942731.409065,0,0.000000,5.000000,0.000000,5.000000,0.120000,0.000000,1.000000,0.200000,0.070000,0.000000
1778942731.432760,0,0.000000,5.000000,0.000000,5.000000,0.230000,0.000000,1.000000,0.200000,0.070000,0.000000
1778942731.456212,0,0.000000,5.000000,0.000000,5.000000,0.280000,0.000000,1.000000,0.210000,0.070000,0.000000
1778942731.456767,0,0.000000,5.000000,0.000000,5.000000,0.000000,0.000000,0.070000,0.230000,0.070000,0.000000
1778942731.457201,0,0.000000,5.000000,0.000000,5.000000,0.180000,0.000000,0.410000,0.250000,0.070000,0.000000
1778942731.457651,0,0.000000,5.000000,0.000000,5.000000,0.270000,0.000000,0.570000,0.250000,0.150000,0.000000
1778942731.537052,0,0.000000,5.000000,0.000000,5.000000,0.360000,0.000000,0.760000,0.250000,0.150000,0.000000
1778942731.581328,0,0.000000,5.000000,0.000000,5.000000,0.430000,0.000000,0.930000,0.250000,0.150000,0.000000
1778942731.581866,0,0.000000,5.000000,0.000000,5.000000,0.540000,0.000000,0.000000,0.250000,0.070000,0.280000
1778942731.582261,0,0.000000,5.000000,0.000000,5.000000,0.620000,0.000000,0.120000,0.250000,0.150000,0.000000
1778942731.582631,0,0.000000,5.000000,0.000000,5.000000,0.890000,0.000000,0.560000,0.200000,0.070000,0.000000
1778942731.582994,0,0.000000,5.000000,0.000000,5.000000,1.000000,0.000000,0.700000,0.210000,0.150000,0.000000
1778942731.625366,0,0.000000,5.000000,0.000000,5.000000,1.000000,0.000000,0.850000,0.210000,0.070000,0.000000
1778942731.669122,0,0.000000,5.000000,0.000000,5.000000,1.000000,0.000000,0.990000,0.210000,0.070000,0.000000
1778942731.711587,0,0.000000,5.000000,0.000000,5.000000,1.000000,0.000000,1.000000,0.210000,0.150000,0.000000
1778942731.761601,0,0.000000,5.000000,0.000000,5.000000,1.000000,0.000000,1.000000,0.210000,0.070000,0.000000
1778942731.804603,0,0.000000,5.000000,0.000000,5.000000,1.000000,0.000000,1.000000,0.210000,0.070000,0.000000
1778942731.805291,0,0.000000,5.000000,0.000000,5.000000,1.000000,0.000000,0.100000,0.210000,0.070000,0.000000
1778942731.805708,0,0.000000,5.000000,0.000000,5.000000,1.000000,0.000000,0.340000,0.250000,0.070000,0.000000
1778942731.872922,0,0.000000,5.000000,0.000000,5.000000,1.000000,0.000000,0.820000,0.210000,0.070000,0.000000
1778942731.916891,0,0.000000,5.000000,0.000000,5.000000,1.000000,0.000000,1.000000,0.210000,0.070000,0.000000
1778942731.917445,0,0.000000,5.000000,0.000000,5.000000,1.000000,0.000000,1.000000,0.210000,0.070000,0.000000
1778942731.917849,0,0.000000,5.000000,0.000000,5.000000,1.000000,0.000000,0.000000,0.200000,0.070000,0.000000
1778942731.918221,0,0.000000,5.000000,0.000000,5.000000,1.000000,0.000000,0.410000,0.210000,0.070000,0.000000
1778942731.918587,0,0.000000,5.000000,0.000000,5.000000,1.000000,0.000000,0.510000,0.210000,0.070000,0.000000
1778942731.970964,0,0.000000,5.000000,0.000000,5.000000,1.000000,0.000000,0.620000,0.210000,0.070000,0.000000
1778942732.015189,0,0.000000,5.000000,0.000000,5.000000,1.000000,0.000000,0.730000,0.210000,0.070000,0.000000
1778942732.015697,0,0.000000,5.000000,0.000000,5.000000,1.000000,0.000000,0.830000,0.210000,0.070000,0.000000
1778942732.016248,0,0.000000,5.000000,0.000000,5.000000,1.000000,0.000000,0.030000,0.210000,0.070000,0.000000
1778942732.016649,0,0.000000,5.000000,0.000000,5.000000,1.000000,0.000000,0.230000,0.230000,0.070000,0.000000
1778942732.058648,0,0.000000,5.000000,0.000000,5.000000,1.000000,0.000000,0.330000,0.210000,0.070000,0.000000
1778942732.059365,0,0.000000,5.000000,0.000000,5.000000,1.000000,0.000000,0.410000,0.210000,0.070000,0.000000
1778942732.100890,0,0.000000,5.000000,0.000000,5.000000,1.000000,0.000000,0.510000,0.210000,0.070000,0.000000
1778942732.101407,0,0.000000,5.000000,0.000000,5.000000,0.050000,0.000000,0.610000,0.230000,0.070000,0.000000
1778942732.101793,0,0.000000,5.000000,0.000000,5.000000,0.150000,0.000000,0.700000,0.250000,0.070000,0.000000
1778942732.144477,0,0.000000,5.000000,0.000000,5.000000,0.230000,0.000000,0.810000,0.230000,0.070000,0.140000
1778942732.187388,0,0.000000,5.000000,0.000000,5.000000,0.410000,0.000000,1.000000,0.210000,0.070000,0.000000
1778942732.187905,0,0.000000,5.000000,0.000000,5.000000,0.500000,0.000000,1.000000,0.210000,0.070000,0.000000
1778942732.249296,0,0.000000,5.000000,0.000000,5.000000,0.600000,0.000000,1.000000,0.210000,0.070000,0.000000
1778942732.277991,0,0.000000,5.000000,0.000000,5.000000,0.680000,0.000000,1.000000,0.210000,0.070000,0.000000
1778942732.346125,0,0.000000,5.000000,0.000000,5.000000,0.770000,0.000000,1.000000,0.210000,0.000000,0.000000
1778942732.370987,0,0.000000,5.000000,0.000000,5.000000,0.870000,0.000000,1.000000,0.210000,0.070000,0.140000
1778942732.395864,0,0.000000,5.000000,0.000000,5.000000,1.000000,0.000000,1.000000,0.250000,0.070000,0.000000
1778942732.396391,0,0.000000,5.000000,0.000000,5.000000,1.000000,0.000000,1.000000,0.250000,0.070000,0.000000
1778942732.396789,0,0.000000,5.000000,0.000000,5.000000,1.000000,0.000000,0.010000,0.250000,0.070000,0.000000
1778942732.397156,0,0.000000,5.000000,0.000000,5.000000,0.000000,0.000000,0.210000,0.250000,0.070000,0.000000
1778942732.458530,0,0.000000,5.000000,0.000000,5.000000,0.090000,0.000000,0.310000,0.230000,0.070000,0.000000
1778942732.500870,0,0.000000,5.000000,0.000000,5.000000,0.180000,0.000000,0.400000,0.230000,0.070000,0.000000
1778942732.501417,0,0.000000,5.000000,0.000000,5.000000,0.270000,0.000000,0.500000,0.230000,0.070000,0.000000
1778942732.501812,0,0.000000,5.000000,0.000000,5.000000,0.360000,0.000000,0.610000,0.230000,0.070000,0.000000
1778942732.502249,0,0.000000,5.000000,0.000000,5.000000,0.120000,0.000000,0.890000,0.230000,0.210000,0.000000
1778942732.585647,0,0.000000,5.000000,0.000000,5.000000,0.210000,0.000000,1.000000,0.230000,0.070000,0.000000
1778942732.646342,0,0.000000,5.000000,0.000000,5.000000,0.310000,0.000000,1.000000,0.270000,0.070000,0.000000
1778942732.687137,0,0.000000,5.000000,0.000000,5.000000,0.400000,0.000000,1.000000,0.280000,0.070000,0.000000
1778942732.759145,0,0.000000,5.000000,0.000000,5.000000,0.500000,0.000000,1.000000,0.280000,0.000000,0.000000
1778942732.804287,0,0.000000,5.000000,0.000000,5.000000,0.860000,0.000000,1.000000,0.280000,0.070000,0.000000
1778942732.864043,0,0.000000,5.000000,0.000000,5.000000,1.000000,0.000000,0.050000,0.280000,0.070000,0.000000
1778942732.905489,0,0.000000,5.000000,0.000000,5.000000,1.000000,0.000000,0.370000,0.280000,0.070000,0.000000
1778942732.905990,0,0.000000,5.000000,0.000000,5.000000,1.000000,0.000000,0.020000,0.270000,0.070000,0.000000
1778942732.948364,0,0.000000,5.000000,0.000000,5.000000,0.360000,0.000000,0.180000,0.270000,0.070000,0.000000
1778942732.998792,0,0.000000,5.000000,0.000000,5.000000,0.560000,0.000000,0.500000,0.250000,0.070000,0.000000
1778942733.039897,0,0.000000,5.000000,0.000000,5.000000,0.010000,0.000000,0.810000,0.270000,0.070000,0.000000
1778942733.096076,0,0.000000,5.000000,0.000000,5.000000,0.100000,0.000000,0.910000,0.280000,0.070000,0.000000
1778942733.136590,0,0.000000,5.000000,0.000000,5.000000,0.280000,0.000000,1.000000,0.280000,0.070000,0.000000
1778942733.217065,0,0.000000,5.000000,0.000000,5.000000,0.510000,0.000000,1.000000,0.280000,0.000000,0.000000
1778942733.260294,0,0.000000,5.000000,0.000000,5.000000,0.790000,0.000000,1.000000,0.280000,0.070000,0.000000
1778942733.303333,0,0.000000,5.000000,0.000000,5.000000,0.950000,0.000000,0.050000,0.280000,0.070000,0.000000
1778942733.359075,0,0.000000,5.000000,0.000000,5.000000,1.000000,0.000000,0.020000,0.280000,0.070000,0.000000
1778942733.382440,0,0.000000,5.000000,0.000000,5.000000,0.070000,0.000000,0.280000,0.280000,0.150000,0.000000
1778942733.406409,0,0.000000,5.000000,0.000000,5.000000,0.470000,0.000000,1.000000,0.280000,0.070000,0.000000
1778942733.406905,0,0.000000,5.000000,0.000000,5.000000,0.100000,0.000000,1.000000,0.280000,0.070000,0.000000
1778942733.430652,0,0.000000,5.000000,0.000000,5.000000,0.340000,0.000000,0.000000,0.280000,0.070000,0.430000
1778942733.431151,0,0.000000,5.000000,0.000000,5.000000,0.000000,0.000000,0.490000,0.270000,0.300000,0.000000
1778942733.453995,0,0.000000,5.000000,0.000000,5.000000,0.090000,0.000000,0.640000,0.270000,0.150000,0.000000
1778942733.495723,0,0.000000,5.000000,0.000000,5.000000,0.180000,0.000000,0.810000,0.270000,0.070000,0.000000
1778942733.496247,0,0.000000,5.000000,0.000000,5.000000,0.280000,0.000000,0.980000,0.280000,0.070000,0.000000
1778942733.538996,0,0.000000,5.000000,0.000000,5.000000,0.370000,0.000000,1.000000,0.280000,0.070000,0.000000
1778942733.539517,0,0.000000,5.000000,0.000000,5.000000,0.460000,0.000000,0.050000,0.280000,0.070000,0.000000
1778942733.581813,0,0.000000,5.000000,0.000000,5.000000,0.020000,0.000000,0.250000,0.230000,0.070000,0.000000
1778942733.582345,0,0.000000,5.000000,0.000000,5.000000,0.150000,0.000000,0.380000,0.250000,0.070000,0.000000
1778942733.582891,0,0.000000,5.000000,0.000000,5.000000,0.270000,0.000000,0.510000,0.250000,0.070000,0.000000
1778942733.583287,0,0.000000,5.000000,0.000000,5.000000,0.380000,0.000000,0.630000,0.250000,0.070000,0.000000
1778942733.636387,0,0.000000,5.000000,0.000000,5.000000,0.500000,0.000000,0.750000,0.250000,0.070000,0.000000
1778942733.678153,0,0.000000,5.000000,0.000000,5.000000,0.620000,0.000000,0.880000,0.250000,0.150000,0.000000
1778942733.678648,0,0.000000,5.000000,0.000000,5.000000,0.750000,0.000000,1.000000,0.250000,0.070000,0.000000
1778942733.679213,0,0.000000,5.000000,0.000000,5.000000,0.870000,0.000000,1.000000,0.250000,0.070000,0.000000
1778942733.733731,0,0.000000,5.000000,0.000000,5.000000,1.000000,0.000000,1.000000,0.270000,0.070000,0.000000
1778942733.775667,0,0.000000,5.000000,0.000000,5.000000,1.000000,0.000000,1.000000,0.270000,0.070000,0.000000
1778942733.817076,0,0.000000,5.000000,0.000000,5.000000,1.000000,0.000000,1.000000,0.270000,0.070000,0.140000
1778942733.858544,0,0.000000,5.000000,0.000000,5.000000,1.000000,0.000000,1.000000,0.270000,0.070000,0.000000
1778942733.900105,0,0.000000,5.000000,0.000000,5.000000,0.100000,0.000000,1.000000,0.270000,0.210000,0.000000
1778942733.900610,0,0.000000,5.000000,0.000000,5.000000,0.200000,0.000000,1.000000,0.270000,0.070000,0.000000
1778942733.901005,0,0.000000,5.000000,0.000000,5.000000,0.500000,0.000000,1.000000,0.270000,0.070000,0.000000
1778942733.941488,0,0.000000,5.000000,0.000000,5.000000,0.680000,0.000000,1.000000,0.270000,0.070000,0.140000
1778942733.996186,0,0.000000,5.000000,0.000000,5.000000,1.000000,0.000000,0.200000,0.270000,0.070000,0.000000
1778942734.038113,0,0.000000,5.000000,0.000000,5.000000,1.000000,0.000000,0.460000,0.270000,0.070000,0.000000
1778942734.038666,0,0.000000,5.000000,0.000000,5.000000,1.000000,0.000000,0.570000,0.250000,0.070000,0.000000
1778942734.039068,0,0.000000,5.000000,0.000000,5.000000,1.000000,0.000000,0.860000,0.230000,0.070000,0.000000
1778942734.079696,0,0.000000,5.000000,0.000000,5.000000,1.000000,0.000000,1.000000,0.250000,0.070000,0.000000
1778942734.080196,0,0.000000,5.000000,0.000000,5.000000,1.000000,0.000000,1.000000,0.250000,0.150000,0.000000
1778942734.121474,0,0.000000,5.000000,0.000000,5.000000,0.050000,0.000000,1.000000,0.250000,0.070000,0.000000
1778942734.122032,0,0.000000,5.000000,0.000000,5.000000,0.100000,0.000000,1.000000,0.250000,0.070000,0.000000
1778942734.162984,0,0.000000,5.000000,0.000000,5.000000,0.180000,0.000000,1.000000,0.250000,0.070000,0.000000
1778942734.203856,0,0.000000,5.000000,0.000000,5.000000,0.250000,0.000000,1.000000,0.250000,0.150000,0.000000
1778942734.244497,0,0.000000,5.000000,0.000000,5.000000,0.310000,0.000000,1.000000,0.270000,0.210000,0.000000
1778942734.245081,0,0.000000,5.000000,0.000000,5.000000,0.370000,0.000000,1.000000,0.270000,0.070000,0.000000
1778942734.286678,0,0.000000,5.000000,0.000000,5.000000,0.570000,0.000000,1.000000,0.270000,0.070000,0.000000
1778942734.287218,0,0.000000,5.000000,0.000000,5.000000,0.730000,0.000000,1.000000,0.270000,0.070000,0.000000
1778942734.287640,0,0.000000,5.000000,0.000000,5.000000,0.930000,0.000000,1.000000,0.270000,0.070000,0.000000
1778942734.328543,0,0.000000,5.000000,0.000000,5.000000,1.000000,0.000000,1.000000,0.270000,0.070000,0.000000
1778942734.329234,0,0.000000,5.000000,0.000000,5.000000,1.000000,0.000000,1.000000,0.270000,0.070000,0.000000
1778942734.370392,0,0.000000,5.000000,0.000000,5.000000,1.000000,0.000000,1.000000,0.270000,0.070000,0.000000
1778942734.370904,0,0.000000,5.000000,0.000000,5.000000,1.000000,0.000000,1.000000,0.270000,0.070000,0.000000
1778942734.371450,0,0.000000,5.000000,0.000000,5.000000,1.000000,0.000000,1.000000,0.270000,0.070000,0.000000
1778942734.371857,0,0.000000,5.000000,0.000000,5.000000,1.000000,0.000000,1.000000,0.270000,0.070000,0.000000
1778942734.372247,0,0.000000,5.000000,0.000000,5.000000,1.000000,0.000000,1.000000,0.270000,0.210000,0.000000
1778942734.423424,0,0.000000,5.000000,0.000000,5.000000,1.000000,0.000000,1.000000,0.280000,0.070000,0.000000
1778942734.484396,0,0.000000,5.000000,0.000000,5.000000,1.000000,0.000000,1.000000,0.280000,0.070000,0.000000
1778942734.525314,0,0.000000,5.000000,0.000000,5.000000,1.000000,0.000000,1.000000,0.270000,0.070000,0.000000
1778942734.525833,0,0.000000,5.000000,0.000000,5.000000,1.000000,0.000000,1.000000,0.270000,0.070000,0.000000
1778942734.526387,0,0.000000,5.000000,0.000000,5.000000,1.000000,0.000000,1.000000,0.280000,0.000000,0.000000
1778942734.566407,0,0.000000,5.000000,0.000000,5.000000,1.000000,0.000000,0.310000,0.270000,0.070000,0.000000
1778942734.566903,0,0.000000,5.000000,0.000000,5.000000,0.030000,0.000000,0.560000,0.270000,0.070000,0.000000
1778942734.608476,0,0.000000,5.000000,0.000000,5.000000,0.090000,0.000000,0.690000,0.270000,0.070000,0.000000
1778942734.630523,0,0.000000,5.000000,0.000000,5.000000,0.140000,0.000000,0.830000,0.270000,0.070000,0.000000
1778942734.686368,0,0.000000,5.000000,0.000000,5.000000,0.230000,0.000000,1.000000,0.270000,0.070000,0.000000
1778942734.727530,0,0.000000,5.000000,0.000000,5.000000,0.270000,0.000000,1.000000,0.270000,0.070000,0.000000
1778942734.728068,0,0.000000,5.000000,0.000000,5.000000,0.310000,0.000000,1.000000,0.270000,0.070000,0.000000
1778942734.728498,0,0.000000,5.000000,0.000000,5.000000,0.370000,0.000000,1.000000,0.270000,0.210000,0.000000
1778942734.728895,0,0.000000,5.000000,0.000000,5.000000,0.030000,0.000000,0.370000,0.270000,0.070000,0.000000
1778942734.783930,0,0.000000,5.000000,0.000000,5.000000,0.090000,0.000000,0.550000,0.270000,0.070000,0.000000
1778942734.828521,0,0.000000,5.000000,0.000000,5.000000,0.140000,0.000000,0.750000,0.270000,0.070000,0.000000
1778942734.829070,0,0.000000,5.000000,0.000000,5.000000,0.180000,0.000000,0.910000,0.270000,0.070000,0.000000
1778942734.829474,0,0.000000,5.000000,0.000000,5.000000,0.230000,0.000000,1.000000,0.270000,0.070000,0.000000
1778942734.830049,0,0.000000,5.000000,0.000000,5.000000,0.330000,0.000000,0.200000,0.270000,0.070000,0.000000
1778942734.896055,0,0.000000,5.000000,0.000000,5.000000,0.410000,0.000000,0.490000,0.270000,0.070000,0.000000
1778942734.937203,0,0.000000,5.000000,0.000000,5.000000,0.460000,0.000000,0.620000,0.270000,0.070000,0.000000
1778942734.937739,0,0.000000,5.000000,0.000000,5.000000,0.500000,0.000000,0.750000,0.270000,0.070000,0.000000
1778942734.938133,0,0.000000,5.000000,0.000000,5.000000,0.560000,0.000000,0.880000,0.270000,0.150000,0.000000
1778942734.938743,0,0.000000,5.000000,0.000000,5.000000,0.050000,0.000000,0.070000,0.270000,0.070000,0.000000
1778942735.026879,0,0.000000,5.000000,0.000000,5.000000,0.100000,0.000000,0.250000,0.270000,0.070000,0.000000
1778942735.028381,0,0.000000,5.000000,0.000000,5.000000,0.170000,0.000000,0.430000,0.270000,0.070000,0.000000
1778942735.070045,0,0.000000,5.000000,0.000000,5.000000,0.210000,0.000000,0.570000,0.270000,0.070000,0.000000
1778942735.110189,0,0.000000,5.000000,0.000000,5.000000,0.270000,0.000000,0.760000,0.270000,0.070000,0.000000
1778942735.110757,0,0.000000,5.000000,0.000000,5.000000,0.370000,0.000000,1.000000,0.270000,0.070000,0.000000
1778942735.111191,0,0.000000,5.000000,0.000000,5.000000,0.470000,0.000000,1.000000,0.280000,0.210000,0.000000
1778942735.165576,0,0.000000,5.000000,0.000000,5.000000,0.540000,0.000000,1.000000,0.280000,0.070000,0.000000
1778942735.207238,0,0.000000,5.000000,0.000000,5.000000,0.000000,0.000000,1.000000,0.280000,0.070000,0.000000
1778942735.207715,0,0.000000,5.000000,0.000000,5.000000,0.090000,0.000000,1.000000,0.280000,0.070000,0.000000
1778942735.208472,0,0.000000,5.000000,0.000000,5.000000,0.150000,0.000000,1.000000,0.280000,0.070000,0.000000
1778942735.249504,0,0.000000,5.000000,0.000000,5.000000,0.100000,0.000000,0.150000,0.280000,0.070000,0.000000
1778942735.289306,0,0.000000,5.000000,0.000000,5.000000,0.310000,0.000000,0.550000,0.280000,0.070000,0.000000
1778942735.290016,0,0.000000,5.000000,0.000000,5.000000,0.410000,0.000000,0.730000,0.280000,0.150000,0.000000
1778942735.361931,0,0.000000,5.000000,0.000000,5.000000,0.500000,0.000000,0.910000,0.280000,0.070000,0.000000
1778942735.404025,0,0.000000,5.000000,0.000000,5.000000,0.620000,0.000000,0.050000,0.280000,0.150000,0.000000
1778942735.404550,0,0.000000,5.000000,0.000000,5.000000,0.810000,0.000000,0.400000,0.270000,0.070000,0.000000
1778942735.446492,0,0.000000,5.000000,0.000000,5.000000,1.000000,0.000000,0.790000,0.280000,0.000000,0.000000
1778942735.447278,0,0.000000,5.000000,0.000000,5.000000,1.000000,0.000000,1.000000,0.280000,0.000000,0.000000
1778942735.447697,0,0.000000,5.000000,0.000000,5.000000,1.000000,0.000000,1.000000,0.280000,0.070000,0.000000
1778942735.448079,0,0.000000,5.000000,0.000000,5.000000,1.000000,0.000000,1.000000,0.280000,0.070000,0.000000
1778942735.448456,0,0.000000,5.000000,0.000000,5.000000,1.000000,0.000000,1.000000,0.280000,0.070000,0.000000
1778942735.519402,0,0.000000,5.000000,0.000000,5.000000,1.000000,0.000000,0.000000,0.280000,0.070000,0.000000
1778942735.561702,0,0.000000,5.000000,0.000000,5.000000,1.000000,0.000000,0.150000,0.280000,0.070000,0.000000
1778942735.562232,0,0.000000,5.000000,0.000000,5.000000,1.000000,0.000000,0.300000,0.280000,0.150000,0.000000
1778942735.562629,0,0.000000,5.000000,0.000000,5.000000,1.000000,0.000000,0.440000,0.280000,0.070000,0.000000
1778942735.563155,0,0.000000,5.000000,0.000000,5.000000,1.000000,0.000000,0.750000,0.280000,0.070000,0.000000
1778942735.609619,0,0.000000,5.000000,0.000000,5.000000,1.000000,0.000000,1.000000,0.280000,0.070000,0.000000
1778942735.651213,0,0.000000,5.000000,0.000000,5.000000,1.000000,0.000000,1.000000,0.280000,0.070000,0.000000
1778942735.651725,0,0.000000,5.000000,0.000000,5.000000,1.000000,0.000000,1.000000,0.280000,0.070000,0.000000
1778942735.652159,0,0.000000,5.000000,0.000000,5.000000,1.000000,0.000000,1.000000,0.280000,0.070000,0.000000
1778942735.694370,0,0.000000,5.000000,0.000000,5.000000,1.000000,0.000000,1.000000,0.280000,0.070000,0.000000
1778942735.767210,0,0.000000,5.000000,0.000000,5.000000,1.000000,0.000000,1.000000,0.280000,0.070000,0.000000
1778942735.808786,0,0.000000,5.000000,0.000000,5.000000,1.000000,0.000000,1.000000,0.280000,0.070000,0.000000
1778942735.809307,0,0.000000,5.000000,0.000000,5.000000,1.000000,0.000000,0.010000,0.280000,0.070000,0.000000
1778942735.809695,0,0.000000,5.000000,0.000000,5.000000,0.030000,0.000000,0.100000,0.280000,0.070000,0.000000
1778942735.810133,0,0.000000,5.000000,0.000000,5.000000,0.150000,0.000000,0.050000,0.280000,0.150000,0.140000
1778942735.832476,0,0.000000,5.000000,0.000000,5.000000,0.610000,0.000000,0.310000,0.280000,0.070000,0.000000
1778942735.900828,0,0.000000,5.000000,0.000000,5.000000,0.180000,0.000000,0.410000,0.280000,0.070000,0.000000
1778942735.940607,0,0.000000,5.000000,0.000000,5.000000,0.440000,0.000000,0.500000,0.280000,0.000000,0.000000
1778942735.941137,0,0.000000,5.000000,0.000000,5.000000,0.680000,0.000000,0.570000,0.280000,0.150000,0.000000
1778942735.980555,0,0.000000,5.000000,0.000000,5.000000,0.930000,0.000000,0.680000,0.280000,0.070000,0.000000
1778942736.021060,0,0.000000,5.000000,0.000000,5.000000,0.180000,0.000000,0.090000,0.280000,0.070000,0.000000
1778942736.021585,0,0.000000,5.000000,0.000000,5.000000,0.380000,0.000000,0.180000,0.280000,0.070000,0.000000
1778942736.060959,0,0.000000,5.000000,0.000000,5.000000,0.570000,0.000000,0.280000,0.280000,0.070000,0.000000
1778942736.061472,0,0.000000,5.000000,0.000000,5.000000,0.810000,0.000000,0.380000,0.280000,0.070000,0.000000
1778942736.061866,0,0.000000,5.000000,0.000000,5.000000,1.000000,0.000000,0.680000,0.280000,0.070000,0.000000
1778942736.101531,0,0.000000,5.000000,0.000000,5.000000,0.000000,0.000000,0.760000,0.280000,0.300000,0.000000
1778942736.102104,0,0.000000,5.000000,0.000000,5.000000,0.470000,0.000000,0.250000,0.280000,0.150000,0.000000
1778942736.142736,0,0.000000,5.000000,0.000000,5.000000,0.640000,0.000000,0.370000,0.280000,0.150000,0.000000
1778942736.181691,0,0.000000,5.000000,0.000000,5.000000,0.810000,0.000000,0.030000,0.280000,0.150000,0.000000
1778942736.221281,0,0.000000,5.000000,0.000000,5.000000,0.950000,0.000000,0.150000,0.280000,0.070000,0.000000
1778942736.222017,0,0.000000,5.000000,0.000000,5.000000,1.000000,0.000000,0.280000,0.280000,0.070000,0.000000
1778942736.262458,0,0.000000,5.000000,0.000000,5.000000,1.000000,0.000000,0.410000,0.280000,0.000000,0.140000
1778942736.262996,0,0.000000,5.000000,0.000000,5.000000,1.000000,0.000000,0.070000,0.280000,0.150000,0.000000
1778942736.263410,0,0.000000,5.000000,0.000000,5.000000,1.000000,0.000000,0.230000,0.280000,0.070000,0.140000
1778942736.263796,0,0.000000,5.000000,0.000000,5.000000,1.000000,0.000000,0.380000,0.280000,0.210000,0.000000
1778942736.264208,0,0.000000,5.000000,0.000000,5.000000,1.000000,0.000000,0.410000,0.280000,0.070000,0.000000
1778942736.304048,0,0.000000,5.000000,0.000000,5.000000,1.000000,0.000000,0.640000,0.280000,0.070000,0.000000
1778942736.352509,0,0.000000,5.000000,0.000000,5.000000,1.000000,0.000000,0.870000,0.280000,0.070000,0.000000
1778942736.353008,0,0.000000,5.000000,0.000000,5.000000,1.000000,0.000000,1.000000,0.280000,0.070000,0.000000
1778942736.353406,0,0.000000,5.000000,0.000000,5.000000,1.000000,0.000000,1.000000,0.280000,0.070000,0.000000
1778942736.353794,0,0.000000,5.000000,0.000000,5.000000,1.000000,0.000000,1.000000,0.280000,0.070000,0.000000
1778942736.401592,0,0.000000,5.000000,0.000000,5.000000,1.000000,0.000000,1.000000,0.280000,0.070000,0.140000
1778942736.449641,0,0.000000,5.000000,0.000000,5.000000,1.000000,0.000000,0.030000,0.280000,0.070000,0.000000
1778942736.499289,0,0.000000,5.000000,0.000000,5.000000,1.000000,0.000000,0.030000,0.280000,0.070000,0.000000
1778942736.499833,0,0.000000,5.000000,0.000000,5.000000,1.000000,0.000000,0.280000,0.280000,0.070000,0.000000
1778942736.500229,0,0.000000,5.000000,0.000000,5.000000,1.000000,0.000000,0.510000,0.280000,0.150000,0.000000
1778942736.500823,0,0.000000,5.000000,0.000000,5.000000,1.000000,0.000000,1.000000,0.280000,0.070000,0.000000
1778942736.501242,0,0.000000,5.000000,0.000000,5.000000,1.000000,0.000000,1.000000,0.280000,0.000000,0.000000
1778942736.548598,0,0.000000,5.000000,0.000000,5.000000,1.000000,0.000000,1.000000,0.280000,0.070000,0.000000
1778942736.549129,0,0.000000,5.000000,0.000000,5.000000,1.000000,0.000000,1.000000,0.280000,0.070000,0.000000
1778942736.606316,0,0.000000,5.000000,0.000000,5.000000,1.000000,0.000000,1.000000,0.280000,0.070000,0.000000
1778942736.652915,0,0.000000,5.000000,0.000000,5.000000,0.050000,0.000000,0.020000,0.280000,0.150000,0.000000
1778942736.653407,0,0.000000,5.000000,0.000000,5.000000,0.200000,0.000000,0.170000,0.280000,0.070000,0.000000
1778942736.653795,0,0.000000,5.000000,0.000000,5.000000,0.360000,0.000000,0.310000,0.280000,0.070000,0.000000
1778942736.654193,0,0.000000,5.000000,0.000000,5.000000,0.440000,0.000000,0.760000,0.280000,0.070000,0.000000
1778942736.654810,0,0.000000,5.000000,0.000000,5.000000,0.620000,0.000000,0.910000,0.280000,0.070000,0.000000
1778942736.702672,0,0.000000,5.000000,0.000000,5.000000,0.790000,0.000000,1.000000,0.280000,0.070000,0.000000
1778942736.749093,0,0.000000,5.000000,0.000000,5.000000,0.970000,0.000000,1.000000,0.280000,0.070000,0.000000
1778942736.749765,0,0.000000,5.000000,0.000000,5.000000,1.000000,0.000000,0.000000,0.280000,0.150000,0.000000
1778942736.750183,0,0.000000,5.000000,0.000000,5.000000,1.000000,0.000000,0.150000,0.280000,0.000000,0.000000
1778942736.750554,0,0.000000,5.000000,0.000000,5.000000,1.000000,0.000000,0.310000,0.280000,0.070000,0.000000
1778942736.750918,0,0.000000,5.000000,0.000000,5.000000,1.000000,0.000000,0.430000,0.280000,0.070000,0.000000
1778942736.796641,0,0.000000,5.000000,0.000000,5.000000,1.000000,0.000000,0.570000,0.280000,0.070000,0.000000
1778942736.842456,0,0.000000,5.000000,0.000000,5.000000,1.000000,0.000000,0.730000,0.280000,0.150000,0.000000
1778942736.888316,0,0.000000,5.000000,0.000000,5.000000,1.000000,0.000000,0.860000,0.280000,0.070000,0.000000
1778942736.888864,0,0.000000,5.000000,0.000000,5.000000,1.000000,0.000000,1.000000,0.280000,0.000000,0.000000
1778942736.889280,0,0.000000,5.000000,0.000000,5.000000,1.000000,0.000000,1.000000,0.280000,0.150000,0.000000
1778942736.889661,0,0.000000,5.000000,0.000000,5.000000,0.030000,0.000000,1.000000,0.280000,0.070000,0.000000
1778942736.934905,0,0.000000,5.000000,0.000000,5.000000,0.200000,0.000000,1.000000,0.280000,0.070000,0.000000
1778942736.982696,0,0.000000,5.000000,0.000000,5.000000,0.400000,0.000000,1.000000,0.280000,0.070000,0.000000
1778942737.029794,0,0.000000,5.000000,0.000000,5.000000,0.560000,0.000000,1.000000,0.280000,0.070000,0.000000
1778942737.030314,0,0.000000,5.000000,0.000000,5.000000,0.740000,0.000000,1.000000,0.280000,0.070000,0.000000
1778942737.030864,0,0.000000,5.000000,0.000000,5.000000,1.000000,0.000000,1.000000,0.280000,0.070000,0.000000
1778942737.093868,0,0.000000,5.000000,0.000000,5.000000,1.000000,0.000000,0.100000,0.300000,0.070000,0.000000
1778942737.118861,0,0.000000,5.000000,0.000000,5.000000,1.000000,0.000000,0.250000,0.280000,0.070000,0.000000
1778942737.143193,0,0.000000,5.000000,0.000000,5.000000,1.000000,0.000000,0.330000,0.280000,0.070000,0.000000
1778942737.143692,0,0.000000,5.000000,0.000000,5.000000,1.000000,0.000000,0.400000,0.300000,0.070000,0.000000
1778942737.190598,0,0.000000,5.000000,0.000000,5.000000,1.000000,0.000000,0.630000,0.280000,0.070000,0.280000
1778942737.191137,0,0.000000,5.000000,0.000000,5.000000,1.000000,0.000000,0.700000,0.280000,0.070000,0.000000
1778942737.191553,0,0.000000,5.000000,0.000000,5.000000,1.000000,0.000000,0.800000,0.280000,0.070000,0.000000
1778942737.251190,0,0.000000,5.000000,0.000000,5.000000,1.000000,0.000000,0.870000,0.280000,0.070000,0.000000
1778942737.296481,0,0.000000,5.000000,0.000000,5.000000,1.000000,0.000000,1.000000,0.280000,0.150000,0.000000
1778942737.297010,0,0.000000,5.000000,0.000000,5.000000,1.000000,0.000000,1.000000,0.280000,0.070000,0.000000
1778942737.297422,0,0.000000,5.000000,0.000000,5.000000,0.010000,0.000000,1.000000,0.300000,0.150000,0.000000
1778942737.342874,0,0.000000,5.000000,0.000000,5.000000,0.500000,0.000000,1.000000,0.300000,0.070000,0.000000
1778942737.343352,0,0.000000,5.000000,0.000000,5.000000,0.690000,0.000000,1.000000,0.300000,0.070000,0.000000
1778942737.402189,0,0.000000,5.000000,0.000000,5.000000,0.870000,0.000000,1.000000,0.300000,0.070000,0.000000
1778942737.447501,0,0.000000,5.000000,0.000000,5.000000,1.000000,0.000000,1.000000,0.310000,0.000000,0.000000
1778942737.448009,0,0.000000,5.000000,0.000000,5.000000,1.000000,0.000000,1.000000,0.310000,0.070000,0.000000
1778942737.448396,0,0.000000,5.000000,0.000000,5.000000,1.000000,0.000000,1.000000,0.300000,0.070000,0.280000
1778942737.448767,0,0.000000,5.000000,0.000000,5.000000,0.000000,0.000000,1.000000,0.300000,0.910000,0.000000
1778942737.495074,0,0.000000,5.000000,0.000000,5.000000,0.270000,0.000000,1.000000,0.300000,0.150000,0.000000
1778942737.570664,0,0.000000,5.000000,0.000000,5.000000,0.400000,0.000000,1.000000,0.300000,0.070000,0.000000
1778942737.571538,0,0.000000,5.000000,0.000000,5.000000,0.540000,0.000000,1.000000,0.300000,0.210000,0.000000
1778942737.617654,0,0.000000,5.000000,0.000000,5.000000,0.670000,0.000000,1.000000,0.300000,0.070000,0.000000
1778942737.618169,0,0.000000,5.000000,0.000000,5.000000,0.800000,0.000000,1.000000,0.310000,0.070000,0.000000
1778942737.618565,0,0.000000,5.000000,0.000000,5.000000,0.180000,0.000000,1.000000,0.330000,0.070000,0.000000
1778942737.618941,0,0.000000,5.000000,0.000000,5.000000,0.620000,0.000000,1.000000,0.330000,0.070000,0.000000
1778942737.619317,0,0.000000,5.000000,0.000000,5.000000,0.760000,0.000000,1.000000,0.330000,0.000000,0.000000
1778942737.619913,0,0.000000,5.000000,0.000000,5.000000,0.920000,0.000000,1.000000,0.330000,0.150000,0.000000
1778942737.664905,0,0.000000,5.000000,0.000000,5.000000,1.000000,0.000000,1.000000,0.330000,0.150000,0.000000
1778942737.723862,0,0.000000,5.000000,0.000000,5.000000,1.000000,0.000000,1.000000,0.310000,0.070000,0.140000
1778942737.769918,0,0.000000,5.000000,0.000000,5.000000,0.030000,0.000000,1.000000,0.310000,0.150000,0.000000
1778942737.770460,0,0.000000,5.000000,0.000000,5.000000,0.150000,0.000000,1.000000,0.310000,0.070000,0.000000
1778942737.770859,0,0.000000,5.000000,0.000000,5.000000,0.250000,0.000000,1.000000,0.330000,0.070000,0.000000
1778942737.771452,0,0.000000,5.000000,0.000000,5.000000,0.570000,0.000000,1.000000,0.310000,0.070000,0.000000
1778942737.816402,0,0.000000,5.000000,0.000000,5.000000,0.690000,0.000000,1.000000,0.310000,0.150000,0.000000
1778942737.919690,0,0.000000,5.000000,0.000000,5.000000,0.800000,0.000000,1.000000,0.310000,0.150000,0.000000
1778942737.946452,0,0.000000,5.000000,0.000000,5.000000,0.920000,0.000000,1.000000,0.330000,0.070000,0.000000
1778942737.991947,0,0.000000,5.000000,0.000000,5.000000,1.000000,0.000000,1.000000,0.340000,0.150000,0.000000
1778942738.037171,0,0.000000,5.000000,0.000000,5.000000,1.000000,0.000000,1.000000,0.340000,0.070000,0.000000
1778942738.106608,0,0.000000,5.000000,0.000000,5.000000,1.000000,0.000000,1.000000,0.340000,0.150000,0.000000
1778942738.151787,0,0.000000,5.000000,0.000000,5.000000,1.000000,0.000000,1.000000,0.340000,0.070000,0.000000
1778942738.152327,0,0.000000,5.000000,0.000000,5.000000,1.000000,0.000000,1.000000,0.340000,0.070000,0.000000
1778942738.152889,0,0.000000,5.000000,0.000000,5.000000,1.000000,0.000000,1.000000,0.340000,0.070000,0.000000
1778942738.199015,0,0.000000,5.000000,0.000000,5.000000,1.000000,0.000000,1.000000,0.340000,0.070000,0.000000
1778942738.199723,0,0.000000,5.000000,0.000000,5.000000,0.070000,0.000000,1.000000,0.340000,0.070000,0.000000
1778942738.200132,0,0.000000,5.000000,0.000000,5.000000,0.180000,0.000000,1.000000,0.340000,0.070000,0.000000
1778942738.200503,0,0.000000,5.000000,0.000000,5.000000,0.280000,0.000000,1.000000,0.340000,0.070000,0.000000
1778942738.278884,0,0.000000,5.000000,0.000000,5.000000,0.400000,0.000000,1.000000,0.330000,0.070000,0.000000
1778942738.324904,0,0.000000,5.000000,0.000000,5.000000,0.500000,0.000000,1.000000,0.310000,0.150000,0.000000
1778942738.325421,0,0.000000,5.000000,0.000000,5.000000,0.620000,0.000000,1.000000,0.310000,0.070000,0.000000
1778942738.325815,0,0.000000,5.000000,0.000000,5.000000,0.730000,0.000000,1.000000,0.330000,0.070000,0.000000
1778942738.326184,0,0.000000,5.000000,0.000000,5.000000,0.100000,0.000000,1.000000,0.310000,0.070000,0.000000
1778942738.383730,0,0.000000,5.000000,0.000000,5.000000,0.200000,0.000000,1.000000,0.310000,0.070000,0.000000
1778942738.428535,0,0.000000,5.000000,0.000000,5.000000,0.330000,0.000000,1.000000,0.310000,0.070000,0.000000
1778942738.429052,0,0.000000,5.000000,0.000000,5.000000,0.440000,0.000000,1.000000,0.330000,0.070000,0.000000
1778942738.429447,0,0.000000,5.000000,0.000000,5.000000,0.560000,0.000000,1.000000,0.340000,0.070000,0.000000
1778942738.429981,0,0.000000,5.000000,0.000000,5.000000,0.920000,0.000000,1.000000,0.340000,0.070000,0.000000
1778942738.475518,0,0.000000,5.000000,0.000000,5.000000,1.000000,0.000000,1.000000,0.340000,0.070000,0.000000
1778942738.476012,0,0.000000,5.000000,0.000000,5.000000,1.000000,0.000000,1.000000,0.340000,0.070000,0.000000
1778942738.476577,0,0.000000,5.000000,0.000000,5.000000,1.000000,0.000000,1.000000,0.340000,0.070000,0.000000
1778942738.522296,0,0.000000,5.000000,0.000000,5.000000,1.000000,0.000000,1.000000,0.340000,0.070000,0.000000
1778942738.567974,0,0.000000,5.000000,0.000000,5.000000,1.000000,0.000000,1.000000,0.340000,0.150000,0.000000
1778942738.614249,0,0.000000,5.000000,0.000000,5.000000,1.000000,0.000000,1.000000,0.330000,0.150000,0.000000
1778942738.614767,0,0.000000,5.000000,0.000000,5.000000,1.000000,0.000000,1.000000,0.310000,0.150000,0.000000
1778942738.661800,0,0.000000,5.000000,0.000000,5.000000,1.000000,0.000000,1.000000,0.310000,0.070000,0.000000
1778942738.713461,0,0.000000,5.000000,0.000000,5.000000,1.000000,0.000000,1.000000,0.340000,0.070000,0.000000
1778942738.813799,0,0.000000,5.000000,0.000000,5.000000,1.000000,0.000000,1.000000,0.340000,0.070000,0.000000
1778942738.815039,0,0.000000,5.000000,0.000000,5.000000,0.000000,0.000000,1.000000,0.330000,0.910000,0.000000
1778942738.862454,0,0.000000,5.000000,0.000000,5.000000,0.230000,0.000000,1.000000,0.310000,0.070000,0.580000
1778942738.908513,0,0.000000,5.000000,0.000000,5.000000,0.460000,0.000000,1.000000,0.340000,0.070000,0.000000
1778942738.954028,0,0.000000,5.000000,0.000000,5.000000,0.250000,0.000000,1.000000,0.330000,0.070000,0.000000
1778942738.954521,0,0.000000,5.000000,0.000000,5.000000,1.000000,0.000000,1.000000,0.340000,0.070000,0.000000
1778942739.013962,0,0.000000,5.000000,0.000000,5.000000,1.000000,0.000000,1.000000,0.340000,0.070000,0.000000
1778942739.059980,0,0.000000,5.000000,0.000000,5.000000,0.000000,0.000000,1.000000,0.330000,0.070000,0.000000
1778942739.111404,0,0.000000,5.000000,0.000000,5.000000,0.340000,0.000000,1.000000,0.340000,0.070000,0.000000
1778942739.157323,0,0.000000,5.000000,0.000000,5.000000,0.560000,0.000000,1.000000,0.330000,0.150000,0.000000
1778942739.239812,0,0.000000,5.000000,0.000000,5.000000,0.790000,0.000000,1.000000,0.340000,0.000000,0.000000
1778942739.288225,0,0.000000,5.000000,0.000000,5.000000,0.140000,0.000000,1.000000,0.330000,0.150000,0.000000
1778942739.288772,0,0.000000,5.000000,0.000000,5.000000,0.410000,0.000000,1.000000,0.330000,0.000000,0.000000
1778942739.289214,0,0.000000,5.000000,0.000000,5.000000,1.000000,0.000000,1.000000,0.330000,0.000000,0.000000
1778942739.337044,0,0.000000,5.000000,0.000000,5.000000,1.000000,0.000000,1.000000,0.330000,0.150000,0.280000
1778942739.337554,0,0.000000,5.000000,0.000000,5.000000,1.000000,0.000000,1.000000,0.330000,0.070000,0.000000
1778942739.396440,0,0.000000,5.000000,0.000000,5.000000,1.000000,0.000000,1.000000,0.330000,0.210000,0.000000
1778942739.446085,0,0.000000,5.000000,0.000000,5.000000,0.050000,0.000000,1.000000,0.330000,0.070000,0.000000
1778942739.446626,0,0.000000,5.000000,0.000000,5.000000,0.170000,0.000000,1.000000,0.330000,0.000000,0.000000
1778942739.494317,0,0.000000,5.000000,0.000000,5.000000,0.280000,0.000000,1.000000,0.330000,0.070000,0.000000
1778942739.540992,0,0.000000,5.000000,0.000000,5.000000,0.620000,0.000000,1.000000,0.330000,0.070000,0.000000
1778942739.589339,0,0.000000,5.000000,0.000000,5.000000,0.830000,0.000000,1.000000,0.330000,0.150000,0.000000
1778942739.674237,0,0.000000,5.000000,0.000000,5.000000,0.940000,0.000000,1.000000,0.330000,0.070000,0.000000
1778942739.764349,0,0.000000,5.000000,0.000000,5.000000,1.000000,0.000000,1.000000,0.330000,0.070000,0.140000
1778942739.813388,0,0.000000,5.000000,0.000000,5.000000,1.000000,0.000000,1.000000,0.330000,0.070000,0.000000
1778942739.813913,0,0.000000,5.000000,0.000000,5.000000,0.000000,0.000000,1.000000,0.310000,0.070000,0.000000
1778942739.876241,0,0.000000,5.000000,0.000000,5.000000,0.180000,0.000000,1.000000,0.330000,0.070000,0.000000
1778942739.923952,0,0.000000,5.000000,0.000000,5.000000,0.830000,0.000000,1.000000,0.330000,0.070000,0.000000
1778942739.924486,0,0.000000,5.000000,0.000000,5.000000,1.000000,0.000000,1.000000,0.310000,0.070000,0.000000
1778942739.924913,0,0.000000,5.000000,0.000000,5.000000,1.000000,0.000000,1.000000,0.310000,0.070000,0.000000
1778942739.981018,0,0.000000,5.000000,0.000000,5.000000,1.000000,0.000000,1.000000,0.310000,0.070000,0.140000
1778942740.028919,0,0.000000,5.000000,0.000000,5.000000,1.000000,0.000000,1.000000,0.310000,0.150000,0.000000
1778942740.029459,0,0.000000,5.000000,0.000000,5.000000,1.000000,0.000000,1.000000,0.310000,0.070000,0.000000
1778942740.029882,0,0.000000,5.000000,0.000000,5.000000,1.000000,0.000000,1.000000,0.310000,0.070000,0.000000
1778942740.030267,0,0.000000,5.000000,0.000000,5.000000,1.000000,0.000000,1.000000,0.310000,0.070000,0.000000
1778942740.093740,0,0.000000,5.000000,0.000000,5.000000,1.000000,0.000000,1.000000,0.310000,0.070000,0.000000
1778942740.141455,0,0.000000,5.000000,0.000000,5.000000,1.000000,0.000000,1.000000,0.310000,0.070000,0.000000
1778942740.141973,0,0.000000,5.000000,0.000000,5.000000,1.000000,0.000000,1.000000,0.310000,0.070000,0.000000
1778942740.143252,0,0.000000,5.000000,0.000000,5.000000,1.000000,0.000000,1.000000,0.310000,0.070000,0.000000
1778942740.143688,0,0.000000,5.000000,0.000000,5.000000,1.000000,0.000000,1.000000,0.280000,0.210000,0.000000
1778942740.191566,0,0.000000,5.000000,0.000000,5.000000,1.000000,0.000000,1.000000,0.280000,0.070000,0.740000
1778942740.192074,0,0.000000,5.000000,0.000000,5.000000,1.000000,0.000000,1.000000,0.280000,0.070000,0.000000
1778942740.192467,0,0.000000,5.000000,0.000000,5.000000,1.000000,0.000000,1.000000,0.280000,0.070000,0.000000
1778942740.193736,0,0.000000,5.000000,0.000000,5.000000,1.000000,0.000000,1.000000,0.280000,0.070000,0.000000
1778942740.194217,0,0.000000,5.000000,0.000000,5.000000,1.000000,0.000000,1.000000,0.280000,0.070000,0.000000
1778942740.241675,0,0.000000,5.000000,0.000000,5.000000,1.000000,0.000000,1.000000,0.280000,0.150000,0.000000
1778942740.289356,0,0.000000,5.000000,0.000000,5.000000,1.000000,0.000000,1.000000,0.280000,0.150000,0.000000
1778942740.290737,0,0.000000,5.000000,0.000000,5.000000,1.000000,0.000000,1.000000,0.280000,0.070000,0.000000
1778942740.337572,0,0.000000,5.000000,0.000000,5.000000,1.000000,0.000000,1.000000,0.280000,0.070000,0.000000
1778942740.338949,0,0.000000,5.000000,0.000000,5.000000,1.000000,0.000000,1.000000,0.280000,0.070000,0.000000
1778942740.339421,0,0.000000,5.000000,0.000000,5.000000,1.000000,0.000000,1.000000,0.280000,0.070000,0.000000
1778942740.339847,0,0.000000,5.000000,0.000000,5.000000,1.000000,0.000000,1.000000,0.280000,0.150000,0.000000
1778942740.388547,0,0.000000,5.000000,0.000000,5.000000,1.000000,0.000000,1.000000,0.280000,0.070000,0.000000
1778942740.389068,0,0.000000,5.000000,0.000000,5.000000,1.000000,0.000000,1.000000,0.280000,0.070000,0.000000
1778942740.389475,0,0.000000,5.000000,0.000000,5.000000,1.000000,0.000000,1.000000,0.300000,0.070000,0.000000
1778942740.437170,0,0.000000,5.000000,0.000000,5.000000,1.000000,0.000000,1.000000,0.300000,0.070000,0.000000
1778942740.491245,0,0.000000,5.000000,0.000000,5.000000,1.000000,0.000000,1.000000,0.300000,0.150000,0.000000
1778942740.539575,0,0.000000,5.000000,0.000000,5.000000,1.000000,0.000000,1.000000,0.280000,0.150000,0.000000
1778942740.540281,0,0.000000,5.000000,0.000000,5.000000,1.000000,0.000000,1.000000,0.300000,0.070000,0.000000
1778942740.586831,0,0.000000,5.000000,0.000000,5.000000,1.000000,0.000000,1.000000,0.300000,0.070000,0.000000
1778942740.587505,0,0.000000,5.000000,0.000000,5.000000,1.000000,0.000000,1.000000,0.300000,0.070000,0.000000
1778942740.633723,0,0.000000,5.000000,0.000000,5.000000,1.000000,0.000000,1.000000,0.310000,0.070000,0.000000
1778942740.634414,0,0.000000,5.000000,0.000000,5.000000,1.000000,0.000000,1.000000,0.310000,0.150000,0.430000
1778942740.634826,0,0.000000,5.000000,0.000000,5.000000,1.000000,0.000000,1.000000,0.310000,0.070000,0.000000
1778942740.679825,0,0.000000,5.000000,0.000000,5.000000,1.000000,0.000000,1.000000,0.310000,0.210000,0.000000
1778942740.680529,0,0.000000,5.000000,0.000000,5.000000,1.000000,0.000000,1.000000,0.310000,0.150000,0.000000
1778942740.726363,0,0.000000,5.000000,0.000000,5.000000,1.000000,0.000000,1.000000,0.310000,0.210000,0.000000
1778942740.772136,0,0.000000,5.000000,0.000000,5.000000,1.000000,0.000000,1.000000,0.310000,0.070000,0.140000
1778942740.818350,0,0.000000,5.000000,0.000000,5.000000,1.000000,0.000000,1.000000,0.310000,0.070000,0.000000
1778942740.818846,0,0.000000,5.000000,0.000000,5.000000,1.000000,0.000000,1.000000,0.310000,0.150000,0.000000
1778942740.819234,0,0.000000,5.000000,0.000000,5.000000,1.000000,0.000000,1.000000,0.310000,0.070000,0.000000
1778942740.819632,0,0.000000,5.000000,0.000000,5.000000,1.000000,0.000000,1.000000,0.310000,0.070000,0.000000
1778942740.820400,0,0.000000,5.000000,0.000000,5.000000,1.000000,0.000000,1.000000,0.310000,0.070000,0.000000
1778942740.821161,0,0.000000,5.000000,0.000000,5.000000,1.000000,0.000000,1.000000,0.310000,0.070000,0.000000
1778942740.845508,0,0.000000,5.000000,0.000000,5.000000,1.000000,0.000000,1.000000,0.310000,0.210000,0.000000
1778942740.871362,0,0.000000,5.000000,0.000000,5.000000,1.000000,0.000000,1.000000,0.310000,0.150000,0.000000
1778942740.896004,0,0.000000,5.000000,0.000000,5.000000,1.000000,0.000000,1.000000,0.310000,0.000000,0.000000
1778942740.896513,0,0.000000,5.000000,0.000000,5.000000,1.000000,0.000000,1.000000,0.310000,0.070000,0.000000
1778942740.943268,0,0.000000,5.000000,0.000000,5.000000,1.000000,0.000000,1.000000,0.310000,0.070000,0.000000
1778942740.943975,0,0.000000,5.000000,0.000000,5.000000,1.000000,0.000000,1.000000,0.310000,0.070000,0.000000
1778942740.944397,0,0.000000,5.000000,0.000000,5.000000,1.000000,0.000000,1.000000,0.310000,0.070000,0.000000
1778942740.990479,0,0.000000,5.000000,0.000000,5.000000,1.000000,0.000000,1.000000,0.310000,0.150000,0.000000
1778942740.990994,0,0.000000,5.000000,0.000000,5.000000,0.010000,0.000000,1.000000,0.310000,0.070000,0.000000
1778942740.991390,0,0.000000,5.000000,0.000000,5.000000,0.100000,0.000000,1.000000,0.310000,0.070000,0.000000
1778942741.037101,0,0.000000,5.000000,0.000000,5.000000,0.200000,0.000000,1.000000,0.310000,0.070000,0.000000
1778942741.037607,0,0.000000,5.000000,0.000000,5.000000,0.280000,0.000000,1.000000,0.310000,0.070000,0.000000
1778942741.038000,0,0.000000,5.000000,0.000000,5.000000,0.360000,0.000000,1.000000,0.310000,0.000000,0.000000
1778942741.038399,0,0.000000,5.000000,0.000000,5.000000,0.430000,0.000000,1.000000,0.310000,0.070000,0.000000
1778942741.084578,0,0.000000,5.000000,0.000000,5.000000,0.610000,0.000000,1.000000,0.310000,0.070000,0.280000
1778942741.085315,0,0.000000,5.000000,0.000000,5.000000,0.680000,0.000000,1.000000,0.310000,0.070000,0.000000
1778942741.131559,0,0.000000,5.000000,0.000000,5.000000,0.760000,0.000000,1.000000,0.310000,0.000000,0.000000
1778942741.132080,0,0.000000,5.000000,0.000000,5.000000,0.850000,0.000000,1.000000,0.310000,0.070000,0.000000
1778942741.196617,0,0.000000,5.000000,0.000000,5.000000,0.930000,0.000000,1.000000,0.310000,0.070000,0.000000
1778942741.221153,0,0.000000,5.000000,0.000000,5.000000,1.000000,0.000000,1.000000,0.330000,0.070000,0.000000
1778942741.246248,0,0.000000,5.000000,0.000000,5.000000,1.000000,0.000000,1.000000,0.330000,0.070000,0.000000
1778942741.246755,0,0.000000,5.000000,0.000000,5.000000,1.000000,0.000000,1.000000,0.310000,0.150000,0.000000
1778942741.247138,0,0.000000,5.000000,0.000000,5.000000,1.000000,0.000000,1.000000,0.310000,0.150000,0.000000
1778942741.247501,0,0.000000,5.000000,0.000000,5.000000,1.000000,0.000000,1.000000,0.330000,0.150000,0.000000
1778942741.296924,0,0.000000,5.000000,0.000000,5.000000,1.000000,0.000000,1.000000,0.330000,0.070000,0.000000
1778942741.297777,0,0.000000,5.000000,0.000000,5.000000,1.000000,0.000000,1.000000,0.330000,0.070000,0.000000
1778942741.431064,0,0.000000,5.000000,0.000000,5.000000,0.000000,0.000000,1.000000,0.310000,0.300000,0.000000
1778942741.458939,0,0.000000,5.000000,0.000000,5.000000,0.050000,0.000000,1.000000,0.310000,0.070000,0.000000
1778942741.484160,0,0.000000,5.000000,0.000000,5.000000,0.100000,0.000000,1.000000,0.310000,0.070000,0.000000
1778942741.484666,0,0.000000,5.000000,0.000000,5.000000,0.150000,0.000000,1.000000,0.310000,0.070000,0.000000
1778942741.510287,0,0.000000,5.000000,0.000000,5.000000,0.360000,0.000000,1.000000,0.310000,0.210000,0.000000
1778942741.510786,0,0.000000,5.000000,0.000000,5.000000,0.150000,0.000000,1.000000,0.310000,0.070000,0.000000
1778942741.558268,0,0.000000,5.000000,0.000000,5.000000,0.230000,0.000000,1.000000,0.310000,0.070000,0.000000
1778942741.558779,0,0.000000,5.000000,0.000000,5.000000,0.280000,0.000000,1.000000,0.310000,0.070000,0.000000
1778942741.559173,0,0.000000,5.000000,0.000000,5.000000,0.000000,0.000000,1.000000,0.310000,0.070000,0.000000
1778942741.560773,0,0.000000,5.000000,0.000000,5.000000,0.090000,0.000000,1.000000,0.310000,0.070000,0.000000
1778942741.561270,0,0.000000,5.000000,0.000000,5.000000,0.250000,0.000000,1.000000,0.310000,0.070000,0.000000
1778942741.607553,0,0.000000,5.000000,0.000000,5.000000,0.340000,0.000000,1.000000,0.310000,0.150000,0.000000
1778942741.608098,0,0.000000,5.000000,0.000000,5.000000,0.430000,0.000000,1.000000,0.310000,0.210000,0.000000
1778942741.608507,0,0.000000,5.000000,0.000000,5.000000,0.500000,0.000000,1.000000,0.310000,0.150000,0.000000
1778942741.609636,0,0.000000,5.000000,0.000000,5.000000,0.570000,0.000000,1.000000,0.310000,0.070000,0.000000
1778942741.655714,0,0.000000,5.000000,0.000000,5.000000,0.670000,0.000000,1.000000,0.310000,0.070000,0.000000
1778942741.703066,0,0.000000,5.000000,0.000000,5.000000,0.750000,0.000000,1.000000,0.310000,0.070000,0.000000
1778942741.703578,0,0.000000,5.000000,0.000000,5.000000,0.050000,0.000000,1.000000,0.310000,0.070000,0.000000
1778942741.703971,0,0.000000,5.000000,0.000000,5.000000,0.180000,0.000000,1.000000,0.310000,0.150000,0.000000
1778942741.704671,0,0.000000,5.000000,0.000000,5.000000,0.300000,0.000000,1.000000,0.310000,0.070000,0.140000
1778942741.750231,0,0.000000,5.000000,0.000000,5.000000,0.410000,0.000000,1.000000,0.310000,0.070000,0.000000
1778942741.751095,0,0.000000,5.000000,0.000000,5.000000,0.100000,0.000000,1.000000,0.310000,0.070000,0.000000
1778942741.797501,0,0.000000,5.000000,0.000000,5.000000,0.280000,0.000000,1.000000,0.310000,0.000000,0.000000
1778942741.798302,0,0.000000,5.000000,0.000000,5.000000,0.410000,0.000000,1.000000,0.310000,0.070000,0.000000
1778942741.844841,0,0.000000,5.000000,0.000000,5.000000,0.570000,0.000000,1.000000,0.310000,0.070000,0.000000
1778942741.845372,0,0.000000,5.000000,0.000000,5.000000,0.750000,0.000000,1.000000,0.310000,0.070000,0.000000
1778942741.891482,0,0.000000,5.000000,0.000000,5.000000,0.890000,0.000000,1.000000,0.310000,0.070000,0.000000
1778942741.892005,0,0.000000,5.000000,0.000000,5.000000,0.200000,0.000000,1.000000,0.310000,0.070000,0.000000
1778942741.892395,0,0.000000,5.000000,0.000000,5.000000,0.360000,0.000000,1.000000,0.310000,0.070000,0.000000
1778942741.939012,0,0.000000,5.000000,0.000000,5.000000,0.510000,0.000000,1.000000,0.310000,0.070000,0.000000
1778942741.939838,0,0.000000,5.000000,0.000000,5.000000,0.810000,0.000000,1.000000,0.310000,0.070000,0.000000
1778942741.940254,0,0.000000,5.000000,0.000000,5.000000,0.970000,0.000000,1.000000,0.310000,0.070000,0.000000
1778942741.940628,0,0.000000,5.000000,0.000000,5.000000,0.050000,0.000000,1.000000,0.310000,0.150000,0.140000
1778942741.941015,0,0.000000,5.000000,0.000000,5.000000,0.230000,0.000000,1.000000,0.310000,0.150000,0.000000
1778942741.941435,0,0.000000,5.000000,0.000000,5.000000,0.400000,0.000000,1.000000,0.310000,0.070000,0.000000
1778942741.987360,0,0.000000,5.000000,0.000000,5.000000,0.570000,0.000000,1.000000,0.310000,0.070000,0.000000
1778942741.988179,0,0.000000,5.000000,0.000000,5.000000,0.000000,0.000000,1.000000,0.310000,0.300000,0.000000
1778942741.988621,0,0.000000,5.000000,0.000000,5.000000,0.150000,0.000000,1.000000,0.310000,0.070000,0.000000
1778942742.034302,0,0.000000,5.000000,0.000000,5.000000,0.330000,0.000000,1.000000,0.310000,0.070000,0.000000
1778942742.034813,0,0.000000,5.000000,0.000000,5.000000,0.470000,0.000000,1.000000,0.310000,0.070000,0.000000
1778942742.035205,0,0.000000,5.000000,0.000000,5.000000,0.660000,0.000000,1.000000,0.310000,0.070000,0.000000
1778942742.080635,0,0.000000,5.000000,0.000000,5.000000,0.020000,0.000000,1.000000,0.310000,0.070000,0.000000
1778942742.081176,0,0.000000,5.000000,0.000000,5.000000,0.200000,0.000000,1.000000,0.310000,0.070000,0.000000
1778942742.126063,0,0.000000,5.000000,0.000000,5.000000,0.400000,0.000000,1.000000,0.310000,0.070000,0.000000
1778942742.126580,0,0.000000,5.000000,0.000000,5.000000,0.570000,0.000000,1.000000,0.310000,0.070000,0.000000
1778942742.127136,0,0.000000,5.000000,0.000000,5.000000,0.750000,0.000000,1.000000,0.310000,0.150000,0.000000
1778942742.173549,0,0.000000,5.000000,0.000000,5.000000,0.940000,0.000000,1.000000,0.310000,0.070000,0.000000
1778942742.174228,0,0.000000,5.000000,0.000000,5.000000,1.000000,0.000000,1.000000,0.310000,0.070000,0.000000
1778942742.219210,0,0.000000,5.000000,0.000000,5.000000,1.000000,0.000000,1.000000,0.310000,0.070000,0.000000
1778942742.219732,0,0.000000,5.000000,0.000000,5.000000,1.000000,0.000000,1.000000,0.310000,0.070000,0.000000
1778942742.220135,0,0.000000,5.000000,0.000000,5.000000,1.000000,0.000000,1.000000,0.310000,0.070000,0.000000
1778942742.220670,0,0.000000,5.000000,0.000000,5.000000,1.000000,0.000000,1.000000,0.310000,0.070000,0.000000
1778942742.221068,0,0.000000,5.000000,0.000000,5.000000,1.000000,0.000000,1.000000,0.310000,0.070000,0.000000
1778942742.266293,0,0.000000,5.000000,0.000000,5.000000,0.100000,0.000000,1.000000,0.310000,0.070000,0.000000
1778942742.266832,0,0.000000,5.000000,0.000000,5.000000,0.250000,0.000000,1.000000,0.310000,0.070000,0.000000
1778942742.268595,0,0.000000,5.000000,0.000000,5.000000,0.380000,0.000000,1.000000,0.310000,0.070000,0.000000
1778942742.269064,0,0.000000,5.000000,0.000000,5.000000,0.510000,0.000000,1.000000,0.310000,0.070000,0.000000
1778942742.313889,0,0.000000,5.000000,0.000000,5.000000,0.680000,0.000000,1.000000,0.310000,0.070000,0.000000
1778942742.314437,0,0.000000,5.000000,0.000000,5.000000,0.820000,0.000000,1.000000,0.310000,0.070000,0.000000
1778942742.360282,0,0.000000,5.000000,0.000000,5.000000,0.990000,0.000000,1.000000,0.310000,0.150000,0.000000
1778942742.360800,0,0.000000,5.000000,0.000000,5.000000,1.000000,0.000000,1.000000,0.310000,0.070000,0.000000
1778942742.444773,0,0.000000,5.000000,0.000000,5.000000,1.000000,0.000000,1.000000,0.310000,0.070000,0.000000
1778942742.490946,0,0.000000,5.000000,0.000000,5.000000,1.000000,0.000000,1.000000,0.310000,0.000000,0.140000
1778942742.491642,0,0.000000,5.000000,0.000000,5.000000,1.000000,0.000000,1.000000,0.310000,0.000000,0.000000
1778942742.561174,0,0.000000,5.000000,0.000000,5.000000,1.000000,0.000000,1.000000,0.310000,0.000000,0.000000
1778942742.606581,0,0.000000,5.000000,0.000000,5.000000,1.000000,0.000000,1.000000,0.370000,0.000000,0.000000
1778942742.607115,0,0.000000,5.000000,0.000000,5.000000,1.000000,0.000000,1.000000,0.360000,0.000000,0.280000
1778942742.607520,0,0.000000,5.000000,0.000000,5.000000,1.000000,0.000000,1.000000,0.370000,0.000000,0.000000
1778942742.652621,0,0.000000,5.000000,0.000000,5.000000,1.000000,0.000000,1.000000,0.810000,0.000000,0.000000
1778942742.718796,0,0.000000,5.000000,0.000000,5.000000,1.000000,0.000000,1.000000,0.560000,0.000000,0.000000
1778942742.763551,0,0.000000,5.000000,0.000000,5.000000,1.000000,0.000000,1.000000,0.340000,0.000000,0.000000
1778942742.764089,0,0.000000,5.000000,0.000000,5.000000,1.000000,0.000000,1.000000,0.310000,0.000000,0.000000
1778942742.764505,0,0.000000,5.000000,0.000000,5.000000,1.000000,0.000000,1.000000,0.440000,0.000000,0.000000
1778942742.809342,0,0.000000,5.000000,0.000000,5.000000,1.000000,0.000000,1.000000,0.440000,0.000000,0.000000
1778942742.854209,0,0.000000,5.000000,0.000000,5.000000,1.000000,0.000000,1.000000,0.610000,0.000000,0.430000
1778942742.944767,0,0.000000,5.000000,0.000000,5.000000,1.000000,0.000000,1.000000,0.570000,0.000000,0.000000
1778942742.993658,0,0.000000,5.000000,0.000000,5.000000,1.000000,0.000000,1.000000,0.440000,0.000000,0.000000
1778942743.039007,0,0.000000,5.000000,0.000000,5.000000,1.000000,0.000000,1.000000,0.440000,0.000000,0.000000
1778942743.084793,0,0.000000,5.000000,0.000000,5.000000,1.000000,0.000000,1.000000,0.910000,0.000000,0.000000
1778942743.139008,0,0.000000,5.000000,0.000000,5.000000,1.000000,0.000000,1.000000,1.020000,0.000000,0.000000
1778942743.185680,0,0.000000,5.000000,0.000000,5.000000,1.000000,0.000000,1.000000,0.850000,0.000000,0.000000
1778942743.186179,0,0.000000,5.000000,0.000000,5.000000,1.000000,0.000000,1.000000,0.890000,0.000000,0.000000
1778942743.266821,0,0.000000,5.000000,0.000000,5.000000,1.000000,0.000000,1.000000,1.030000,0.000000,0.000000
1778942743.356820,0,0.000000,5.000000,0.000000,5.000000,1.000000,0.000000,1.000000,1.010000,0.000000,0.000000
1778942743.384830,0,0.000000,5.000000,0.000000,5.000000,1.000000,0.000000,1.000000,1.040000,0.000000,0.000000
1778942743.385296,0,0.000000,5.000000,0.000000,5.000000,1.000000,0.000000,1.000000,1.030000,0.000000,0.000000
1778942743.385718,0,0.000000,5.000000,0.000000,5.000000,1.000000,0.000000,1.000000,1.010000,0.000000,0.000000
1778942743.410694,0,0.000000,5.000000,0.000000,5.000000,1.000000,0.000000,1.000000,1.000000,0.000000,0.000000
1778942743.411203,0,0.000000,5.000000,0.000000,5.000000,1.000000,0.000000,1.000000,1.130000,0.000000,0.000000
1778942743.436280,0,0.000000,5.000000,0.000000,5.000000,1.000000,0.000000,1.000000,1.170000,0.000000,0.000000
1778942743.539193,0,0.000000,5.000000,0.000000,5.000000,1.000000,0.000000,1.000000,1.370000,0.000000,0.000000
1778942743.589266,0,0.000000,5.000000,0.000000,5.000000,1.000000,0.000000,1.000000,1.490000,0.000000,0.000000
1778942743.589780,0,0.000000,5.000000,0.000000,5.000000,1.000000,0.000000,1.000000,1.490000,0.000000,0.000000
1778942743.590338,0,0.000000,5.000000,0.000000,5.000000,1.000000,0.000000,1.000000,1.410000,0.070000,0.000000
1778942743.635257,0,0.000000,5.000000,0.000000,5.000000,1.000000,0.000000,1.000000,1.620000,0.000000,0.140000
1778942743.717725,0,0.000000,5.000000,0.000000,5.000000,1.000000,0.000000,1.000000,1.620000,0.000000,0.000000
1778942743.763111,0,0.000000,5.000000,0.000000,5.000000,1.000000,0.000000,1.000000,1.720000,0.000000,0.000000
1778942743.882858,0,0.000000,5.000000,0.000000,5.000000,1.000000,0.000000,1.000000,1.650000,0.000000,0.000000
1778942743.932702,0,0.000000,5.000000,0.000000,5.000000,1.000000,0.000000,1.000000,1.750000,0.000000,0.000000
1778942744.038305,0,0.000000,5.000000,0.000000,5.000000,1.000000,0.000000,1.000000,1.720000,0.000000,0.140000
1778942744.085630,0,0.000000,5.000000,0.000000,5.000000,1.000000,0.000000,1.000000,1.730000,0.000000,0.000000
1778942744.166506,0,0.000000,5.000000,0.000000,5.000000,1.000000,0.000000,1.000000,1.730000,0.000000,0.000000
1778942744.214558,0,0.000000,5.000000,0.000000,5.000000,1.000000,0.000000,1.000000,0.810000,0.000000,0.000000
1778942744.301196,0,0.000000,5.000000,0.000000,5.000000,1.000000,0.000000,1.000000,1.630000,0.000000,0.000000
1778942744.348954,0,0.000000,5.000000,0.000000,5.000000,1.000000,0.000000,1.000000,1.640000,0.000000,0.000000
1778942744.407300,0,0.000000,5.000000,0.000000,5.000000,1.000000,0.000000,1.000000,1.200000,0.000000,0.000000
1778942744.453346,0,0.000000,5.000000,0.000000,5.000000,1.000000,0.000000,1.000000,0.230000,0.000000,0.000000
1778942744.499913,0,0.000000,5.000000,0.000000,5.000000,1.000000,0.000000,1.000000,0.250000,0.000000,0.140000
1778942744.603581,0,0.000000,5.000000,0.000000,5.000000,1.000000,0.000000,1.000000,1.230000,0.000000,0.000000
1778942744.655262,0,0.000000,5.000000,0.000000,5.000000,1.000000,0.000000,1.000000,1.000000,0.000000,0.000000
1778942744.829020,0,0.000000,5.000000,0.000000,5.000000,1.000000,0.000000,1.000000,1.070000,0.000000,0.140000
1778942744.955809,0,0.000000,5.000000,0.000000,5.000000,1.000000,0.000000,1.000000,1.270000,0.000000,0.000000
1778942745.009950,0,0.000000,5.000000,0.000000,5.000000,1.000000,0.000000,1.000000,1.500000,0.000000,0.000000
1778942745.121225,0,0.000000,5.000000,0.000000,5.000000,1.000000,0.000000,1.000000,2.780000,0.000000,0.140000
1778942745.173019,0,0.000000,5.000000,0.000000,5.000000,1.000000,0.000000,1.000000,2.350000,0.000000,0.000000
1778942745.254403,0,0.000000,5.000000,0.000000,5.000000,1.000000,0.000000,1.000000,2.010000,0.000000,0.000000
1778942745.295322,0,0.000000,5.000000,0.000000,5.000000,1.000000,0.000000,1.000000,1.890000,0.150000,0.000000
1778942745.366985,0,0.000000,5.000000,0.000000,5.000000,0.050000,0.000000,1.000000,0.280000,0.150000,0.000000
1778942745.408424,0,0.000000,5.000000,0.000000,5.000000,0.200000,0.000000,1.000000,0.360000,0.070000,0.280000
1778942745.408953,0,0.000000,5.000000,0.000000,5.000000,0.500000,0.000000,1.000000,1.030000,0.070000,0.000000
1778942745.463914,0,0.000000,5.000000,0.000000,5.000000,0.460000,0.000000,1.000000,1.580000,0.070000,0.000000
1778942745.531578,0,0.000000,5.000000,0.000000,5.000000,0.100000,0.000000,1.000000,1.970000,0.150000,0.000000
1778942745.572329,0,0.000000,5.000000,0.000000,5.000000,0.790000,0.000000,1.000000,1.650000,0.070000,0.000000
1778942745.643940,0,0.000000,5.000000,0.000000,5.000000,0.930000,0.000000,1.000000,1.670000,0.070000,0.000000
1778942745.685720,0,0.000000,5.000000,0.000000,5.000000,1.000000,0.000000,1.000000,1.420000,0.070000,0.000000
1778942745.686246,0,0.000000,5.000000,0.000000,5.000000,1.000000,0.000000,1.000000,1.420000,0.070000,0.000000
1778942745.741531,0,0.000000,5.000000,0.000000,5.000000,1.000000,0.000000,1.000000,1.580000,0.070000,0.000000
1778942745.780837,0,0.000000,5.000000,0.000000,5.000000,1.000000,0.000000,1.000000,1.620000,0.070000,0.000000
1778942745.838481,0,0.000000,5.000000,0.000000,5.000000,1.000000,0.000000,1.000000,1.530000,0.150000,0.000000
1778942745.878133,0,0.000000,5.000000,0.000000,5.000000,1.000000,0.000000,1.000000,1.490000,0.070000,0.000000
1778942745.918140,0,0.000000,5.000000,0.000000,5.000000,1.000000,0.000000,1.000000,1.460000,0.070000,0.000000
1778942745.974074,0,0.000000,5.000000,0.000000,5.000000,0.030000,0.000000,1.000000,1.450000,0.070000,0.000000
1778942746.013321,0,0.000000,5.000000,0.000000,5.000000,0.310000,0.000000,1.000000,1.410000,0.070000,0.000000
1778942746.133600,0,0.000000,5.000000,0.000000,5.000000,0.850000,0.000000,1.000000,1.640000,0.070000,0.140000
1778942746.191370,0,0.000000,5.000000,0.000000,5.000000,0.200000,0.000000,1.000000,1.740000,0.070000,0.000000
1778942746.305848,0,0.000000,5.000000,0.000000,5.000000,1.000000,0.000000,1.000000,1.850000,0.070000,0.000000
1778942746.363960,0,0.000000,5.000000,0.000000,5.000000,1.000000,0.000000,1.000000,1.800000,0.000000,0.000000
1778942746.364596,0,0.000000,5.000000,0.000000,5.000000,1.000000,0.000000,1.000000,1.820000,0.000000,0.000000
1778942746.423597,0,0.000000,5.000000,0.000000,5.000000,1.000000,0.000000,1.000000,2.800000,0.000000,0.000000
1778942746.500130,0,0.000000,5.000000,0.000000,5.000000,1.000000,0.000000,1.000000,2.210000,0.000000,0.000000
1778942746.586477,0,0.000000,5.000000,0.000000,5.000000,1.000000,0.000000,1.000000,2.310000,0.000000,0.000000
1778942746.627832,0,0.000000,5.000000,0.000000,5.000000,1.000000,0.000000,1.000000,1.900000,0.000000,0.000000
1778942746.668259,0,0.000000,5.000000,0.000000,5.000000,1.000000,0.000000,1.000000,2.130000,0.000000,0.000000
1778942746.770548,0,0.000000,5.000000,0.000000,5.000000,1.000000,0.000000,1.000000,2.930000,0.000000,0.000000
1778942746.844044,0,0.000000,5.000000,0.000000,5.000000,1.000000,0.000000,1.000000,1.610000,0.070000,0.000000
1778942746.885386,0,0.000000,5.000000,0.000000,5.000000,1.000000,0.000000,1.000000,0.330000,0.070000,0.000000
1778942746.972062,0,0.000000,5.000000,0.000000,5.000000,1.000000,0.000000,1.000000,0.030000,0.070000,0.000000
1778942747.031236,0,0.000000,5.000000,0.000000,5.000000,1.000000,0.000000,0.210000,1.460000,0.070000,0.000000
1778942747.070733,0,0.000000,5.000000,0.000000,5.000000,1.000000,0.000000,0.460000,1.650000,0.070000,0.140000
1778942747.174085,0,0.000000,5.000000,0.000000,5.000000,0.550000,0.000000,0.830000,2.250000,0.070000,0.000000
1778942747.219401,0,0.000000,5.000000,0.000000,5.000000,0.250000,0.000000,1.000000,2.000000,0.070000,0.000000
1778942747.353651,0,0.000000,5.000000,0.000000,5.000000,0.010000,0.000000,1.000000,1.070000,0.070000,0.000000
1778942747.437740,0,0.000000,5.000000,0.000000,5.000000,0.890000,0.000000,1.000000,1.200000,0.000000,0.000000
1778942747.488733,0,0.000000,5.000000,0.000000,5.000000,1.000000,0.000000,1.000000,2.260000,0.000000,0.000000
1778942747.528913,0,0.000000,5.000000,0.000000,5.000000,1.000000,0.000000,1.000000,3.610000,0.000000,0.000000
1778942747.529446,0,0.000000,5.000000,0.000000,5.000000,1.000000,0.000000,1.000000,2.240000,0.000000,0.000000
1778942747.601371,0,0.000000,5.000000,0.000000,5.000000,1.000000,0.000000,1.000000,2.300000,0.000000,0.000000
1778942747.642665,0,0.000000,5.000000,0.000000,5.000000,1.000000,0.000000,1.000000,2.660000,0.000000,0.000000
1778942747.699279,0,0.000000,5.000000,0.000000,5.000000,1.000000,0.000000,1.000000,3.090000,0.070000,0.280000
1778942747.774858,0,0.000000,5.000000,0.000000,5.000000,1.000000,0.000000,1.000000,3.250000,0.150000,0.000000
1778942747.818663,0,0.000000,5.000000,0.000000,5.000000,1.000000,0.000000,1.000000,1.320000,0.070000,0.000000
1778942747.910870,0,0.000000,5.000000,0.000000,5.000000,1.000000,0.000000,1.000000,0.370000,0.150000,0.000000
1778942747.956739,0,0.000000,5.000000,0.000000,5.000000,0.000000,0.000000,1.000000,0.120000,0.300000,0.000000
1778942747.998264,0,0.000000,5.000000,0.000000,5.000000,0.430000,0.000000,1.000000,0.210000,0.070000,0.000000
1778942748.106775,0,0.000000,5.000000,0.000000,5.000000,1.000000,0.000000,0.310000,1.850000,0.070000,0.000000
1778942748.133121,0,0.000000,5.000000,0.000000,5.000000,1.000000,0.000000,0.470000,2.320000,0.150000,0.000000
1778942748.157322,0,0.000000,5.000000,0.000000,5.000000,0.640000,0.000000,0.940000,1.000000,0.150000,0.000000
1778942748.240370,0,0.000000,5.000000,0.000000,5.000000,1.000000,0.000000,1.000000,0.270000,0.000000,0.000000
1778942748.332161,0,0.000000,5.000000,0.000000,5.000000,1.000000,0.000000,1.000000,3.640000,0.000000,0.000000
1778942748.426291,0,0.000000,5.000000,0.000000,5.000000,1.000000,0.000000,1.000000,3.160000,0.000000,0.000000
1778942748.502100,0,0.000000,5.000000,0.000000,5.000000,1.000000,0.000000,1.000000,2.470000,0.000000,0.000000
1778942748.546739,0,0.000000,5.000000,0.000000,5.000000,1.000000,0.000000,1.000000,1.920000,0.000000,0.000000
1778942748.547272,0,0.000000,5.000000,0.000000,5.000000,1.000000,0.000000,1.000000,2.530000,0.000000,0.000000
1778942748.644415,0,0.000000,5.000000,0.000000,5.000000,1.000000,0.000000,1.000000,2.350000,0.000000,0.000000
1778942748.668811,0,0.000000,5.000000,0.000000,5.000000,0.180000,0.000000,1.000000,1.950000,0.150000,0.000000
1778942748.692002,0,0.000000,5.000000,0.000000,5.000000,0.330000,0.000000,1.000000,1.780000,0.070000,0.000000
1778942748.771716,0,0.000000,5.000000,0.000000,5.000000,0.460000,0.000000,1.000000,0.910000,0.070000,0.000000
1778942748.814263,0,0.000000,5.000000,0.000000,5.000000,0.760000,0.000000,1.000000,0.000000,0.070000,0.000000
1778942748.814776,0,0.000000,5.000000,0.000000,5.000000,1.000000,0.000000,1.000000,0.230000,0.000000,0.000000
1778942748.815169,0,0.000000,5.000000,0.000000,5.000000,1.000000,0.000000,0.000000,0.330000,0.070000,0.140000
1778942748.815538,0,0.000000,5.000000,0.000000,5.000000,1.000000,0.000000,0.230000,2.250000,0.070000,0.000000
1778942748.891909,0,0.000000,5.000000,0.000000,5.000000,1.000000,0.000000,0.620000,2.760000,0.070000,0.000000
1778942748.983436,0,0.000000,5.000000,0.000000,5.000000,1.000000,0.000000,0.680000,2.590000,0.070000,0.000000
1778942749.065285,0,0.000000,5.000000,0.000000,5.000000,1.000000,0.000000,0.770000,2.080000,0.070000,0.000000
1778942749.164609,0,0.000000,5.000000,0.000000,5.000000,1.000000,0.000000,0.850000,1.510000,0.070000,0.000000
1778942749.306571,0,0.000000,5.000000,0.000000,5.000000,0.270000,0.000000,1.000000,0.920000,0.070000,0.000000
1778942749.403068,0,0.000000,5.000000,0.000000,5.000000,1.000000,0.000000,1.000000,1.470000,0.070000,0.280000
1778942749.529552,0,0.000000,5.000000,0.000000,5.000000,1.000000,0.000000,1.000000,1.830000,0.000000,0.140000
1778942749.574488,0,0.000000,5.000000,0.000000,5.000000,1.000000,0.000000,1.000000,3.610000,0.000000,0.000000
1778942749.633871,0,0.000000,5.000000,0.000000,5.000000,1.000000,0.000000,1.000000,2.230000,0.000000,0.000000
1778942749.676197,0,0.000000,5.000000,0.000000,5.000000,1.000000,0.000000,1.000000,2.490000,0.070000,0.000000
1778942749.764493,0,0.000000,5.000000,0.000000,5.000000,1.000000,0.000000,1.000000,3.290000,0.000000,0.000000
1778942749.845400,0,0.000000,5.000000,0.000000,5.000000,1.000000,0.000000,1.000000,3.250000,0.070000,0.000000
1778942749.928273,0,0.000000,5.000000,0.000000,5.000000,0.700000,0.000000,1.000000,0.360000,0.070000,0.000000
1778942749.974435,0,0.000000,5.000000,0.000000,5.000000,0.860000,0.000000,1.000000,0.010000,0.070000,0.140000
1778942750.017848,0,0.000000,5.000000,0.000000,5.000000,1.000000,0.000000,1.000000,0.150000,0.070000,0.000000
1778942750.100349,0,0.000000,5.000000,0.000000,5.000000,1.000000,0.000000,0.230000,1.790000,0.150000,0.140000
1778942750.158993,0,0.000000,5.000000,0.000000,5.000000,1.000000,0.000000,0.630000,2.250000,0.070000,0.000000
1778942750.202514,0,0.000000,5.000000,0.000000,5.000000,1.000000,0.000000,1.000000,1.510000,0.070000,0.000000
1778942750.311133,0,0.000000,5.000000,0.000000,5.000000,1.000000,0.000000,1.000000,1.460000,0.150000,0.000000
1778942750.338209,0,0.000000,5.000000,0.000000,5.000000,1.000000,0.000000,1.000000,1.360000,0.070000,0.000000
1778942750.429779,0,0.000000,5.000000,0.000000,5.000000,0.430000,0.000000,1.000000,1.880000,0.070000,0.140000
1778942750.522273,0,0.000000,5.000000,0.000000,5.000000,0.640000,0.000000,1.000000,2.170000,0.000000,0.000000
1778942750.688169,0,0.000000,5.000000,0.000000,5.000000,1.000000,0.000000,1.000000,2.650000,0.000000,0.000000
1778942750.716077,0,0.000000,5.000000,0.000000,5.000000,1.000000,0.000000,1.000000,2.660000,0.000000,0.000000
1778942750.716671,0,0.000000,5.000000,0.000000,5.000000,1.000000,0.000000,1.000000,2.840000,0.000000,0.000000
1778942750.740720,0,0.000000,5.000000,0.000000,5.000000,1.000000,0.000000,1.000000,2.960000,0.000000,0.000000
1778942750.834693,0,0.000000,5.000000,0.000000,5.000000,1.000000,0.000000,1.000000,2.750000,0.000000,0.000000
1778942750.893853,0,0.000000,5.000000,0.000000,5.000000,0.070000,0.000000,1.000000,3.280000,0.000000,0.000000
1778942750.937934,0,0.000000,5.000000,0.000000,5.000000,0.230000,0.000000,1.000000,3.270000,0.000000,0.000000
1778942750.938633,0,0.000000,5.000000,0.000000,5.000000,0.360000,0.000000,1.000000,3.290000,0.000000,0.000000
1778942751.015295,0,0.000000,5.000000,0.000000,5.000000,1.000000,0.000000,1.000000,3.100000,0.000000,0.000000
1778942751.098098,0,0.000000,5.000000,0.000000,5.000000,1.000000,0.000000,1.000000,4.070000,0.070000,0.000000
1778942751.124962,0,0.000000,5.000000,0.000000,5.000000,1.000000,0.000000,1.000000,3.150000,0.210000,0.000000
1778942751.125447,0,0.000000,5.000000,0.000000,5.000000,0.250000,0.000000,1.000000,0.510000,0.070000,0.000000
1778942751.125827,0,0.000000,5.000000,0.000000,5.000000,0.430000,0.000000,1.000000,0.000000,0.070000,0.000000
1778942751.224853,0,0.000000,5.000000,0.000000,5.000000,0.620000,0.000000,1.000000,0.000000,0.070000,0.000000
1778942751.271429,0,0.000000,5.000000,0.000000,5.000000,1.000000,0.000000,0.110000,1.270000,0.070000,0.000000
1778942751.353750,0,0.000000,5.000000,0.000000,5.000000,1.000000,0.000000,0.180000,2.500000,0.070000,0.000000
1778942751.403431,0,0.000000,5.000000,0.000000,5.000000,1.000000,0.000000,0.270000,2.510000,0.070000,0.000000
1778942751.403962,0,0.000000,5.000000,0.000000,5.000000,0.000000,0.000000,0.500000,2.250000,0.070000,0.000000
1778942751.493983,0,0.000000,5.000000,0.000000,5.000000,0.010000,0.000000,0.880000,1.480000,0.070000,0.000000
1778942751.538782,0,0.000000,5.000000,0.000000,5.000000,0.460000,0.000000,1.000000,1.010000,0.070000,0.000000
1778942751.539315,0,0.000000,5.000000,0.000000,5.000000,0.200000,0.000000,1.000000,1.030000,0.070000,0.000000
1778942751.539711,0,0.000000,5.000000,0.000000,5.000000,0.410000,0.000000,1.000000,1.130000,0.070000,0.000000
1778942751.652128,0,0.000000,5.000000,0.000000,5.000000,1.000000,0.000000,1.000000,2.350000,0.070000,0.000000
1778942751.697622,0,0.000000,5.000000,0.000000,5.000000,1.000000,0.000000,1.000000,1.880000,0.000000,0.000000
1778942751.780583,0,0.000000,5.000000,0.000000,5.000000,1.000000,0.000000,1.000000,1.260000,0.000000,0.000000
1778942751.862656,0,0.000000,5.000000,0.000000,5.000000,1.000000,0.000000,1.000000,1.010000,0.000000,0.000000
1778942751.887788,0,0.000000,5.000000,0.000000,5.000000,1.000000,0.000000,1.000000,2.770000,0.000000,0.000000
1778942751.911074,0,0.000000,5.000000,0.000000,5.000000,1.000000,0.000000,1.000000,2.700000,0.000000,0.000000
1778942751.911596,0,0.000000,5.000000,0.000000,5.000000,1.000000,0.000000,1.000000,3.740000,0.000000,0.280000
1778942752.044256,0,0.000000,5.000000,0.000000,5.000000,1.000000,0.000000,1.000000,2.940000,0.000000,0.000000
1778942752.133944,0,0.000000,5.000000,0.000000,5.000000,1.000000,0.000000,1.000000,2.590000,0.000000,0.000000
1778942752.181448,0,0.000000,5.000000,0.000000,5.000000,1.000000,0.000000,1.000000,2.680000,0.000000,0.000000
1778942752.181983,0,0.000000,5.000000,0.000000,5.000000,1.000000,0.000000,1.000000,2.740000,0.000000,0.000000
1778942752.244165,0,0.000000,5.000000,0.000000,5.000000,1.000000,0.000000,1.000000,3.200000,0.000000,0.000000
1778942752.287617,0,0.000000,5.000000,0.000000,5.000000,1.000000,0.000000,1.000000,2.110000,0.150000,0.000000
1778942752.288123,0,0.000000,5.000000,0.000000,5.000000,0.100000,0.000000,1.000000,1.390000,0.070000,0.000000
1778942752.288517,0,0.000000,5.000000,0.000000,5.000000,0.300000,0.000000,1.000000,0.510000,0.070000,0.000000
1778942752.403600,0,0.000000,5.000000,0.000000,5.000000,0.670000,0.000000,1.000000,0.000000,0.070000,0.000000
1778942752.469393,0,0.000000,5.000000,0.000000,5.000000,1.000000,0.000000,0.010000,0.340000,0.070000,0.000000
1778942752.552919,0,0.000000,5.000000,0.000000,5.000000,1.000000,0.000000,0.100000,0.660000,0.070000,0.140000
1778942752.578481,0,0.000000,5.000000,0.000000,5.000000,1.000000,0.000000,0.180000,1.550000,0.000000,0.000000
1778942752.602421,0,0.000000,5.000000,0.000000,5.000000,1.000000,0.000000,0.340000,2.490000,0.070000,0.000000
1778942752.679892,0,0.000000,5.000000,0.000000,5.000000,1.000000,0.000000,0.800000,2.250000,0.070000,0.000000
1778942752.723944,0,0.000000,5.000000,0.000000,5.000000,1.000000,0.000000,1.000000,1.330000,0.070000,0.000000
1778942752.724479,0,0.000000,5.000000,0.000000,5.000000,0.500000,0.000000,1.000000,1.040000,0.070000,0.000000
1778942752.724886,0,0.000000,5.000000,0.000000,5.000000,0.860000,0.000000,1.000000,1.010000,0.000000,0.000000
1778942752.769621,0,0.000000,5.000000,0.000000,5.000000,1.000000,0.000000,1.000000,3.260000,0.000000,0.000000
1778942752.813577,0,0.000000,5.000000,0.000000,5.000000,1.000000,0.000000,1.000000,3.700000,0.000000,0.000000
1778942752.874598,0,0.000000,5.000000,0.000000,5.000000,1.000000,0.000000,1.000000,3.100000,0.000000,0.000000
1778942752.919088,0,0.000000,5.000000,0.000000,5.000000,1.000000,0.000000,1.000000,3.730000,0.000000,0.140000
1778942752.994570,0,0.000000,5.000000,0.000000,5.000000,1.000000,0.000000,1.000000,3.760000,0.000000,0.000000
1778942753.041188,0,0.000000,5.000000,0.000000,5.000000,1.000000,0.000000,1.000000,1.870000,0.000000,0.000000
1778942753.099125,0,0.000000,5.000000,0.000000,5.000000,1.000000,0.000000,1.000000,2.700000,0.000000,0.000000
1778942753.166483,0,0.000000,5.000000,0.000000,5.000000,1.000000,0.000000,1.000000,2.230000,0.000000,0.000000
1778942753.190543,0,0.000000,5.000000,0.000000,5.000000,1.000000,0.000000,1.000000,2.310000,0.000000,0.000000
1778942753.215707,0,0.000000,5.000000,0.000000,5.000000,1.000000,0.000000,1.000000,2.880000,0.000000,0.000000
1778942753.278960,0,0.000000,5.000000,0.000000,5.000000,1.000000,0.000000,1.000000,3.180000,0.000000,0.000000
1778942753.370549,0,0.000000,5.000000,0.000000,5.000000,1.000000,0.000000,1.000000,3.250000,0.000000,0.000000
1778942753.475185,0,0.000000,5.000000,0.000000,5.000000,1.000000,0.000000,1.000000,3.140000,0.000000,0.000000
1778942753.557521,0,0.000000,5.000000,0.000000,5.000000,1.000000,0.000000,1.000000,3.110000,0.000000,0.000000
1778942753.603706,0,0.000000,5.000000,0.000000,5.000000,1.000000,0.000000,1.000000,3.020000,0.000000,0.000000
1778942753.604213,0,0.000000,5.000000,0.000000,5.000000,1.000000,0.000000,1.000000,3.310000,0.000000,0.000000
1778942753.649715,0,0.000000,5.000000,0.000000,5.000000,1.000000,0.000000,1.000000,3.250000,0.000000,0.000000
1778942753.694094,0,0.000000,5.000000,0.000000,5.000000,1.000000,0.000000,1.000000,2.190000,0.070000,0.000000
1778942753.694584,0,0.000000,5.000000,0.000000,5.000000,1.000000,0.000000,1.000000,1.370000,0.070000,0.000000
1778942753.694992,0,0.000000,5.000000,0.000000,5.000000,1.000000,0.000000,1.000000,0.360000,0.070000,0.140000
1778942753.695372,0,0.000000,5.000000,0.000000,5.000000,1.000000,0.000000,1.000000,0.000000,0.070000,0.000000
1778942753.812067,0,0.000000,5.000000,0.000000,5.000000,1.000000,0.000000,1.000000,0.000000,0.070000,0.000000
1778942753.926999,0,0.000000,5.000000,0.000000,5.000000,1.000000,0.000000,1.000000,0.000000,0.070000,0.000000
1778942753.958228,0,0.000000,5.000000,0.000000,5.000000,1.000000,0.000000,1.000000,0.180000,0.070000,0.000000
1778942753.958833,0,0.000000,5.000000,0.000000,5.000000,1.000000,0.000000,1.000000,0.250000,0.070000,0.000000
1778942753.959934,0,0.000000,5.000000,0.000000,5.000000,1.000000,0.000000,0.250000,2.710000,0.070000,0.000000
1778942754.045491,0,0.000000,5.000000,0.000000,5.000000,1.000000,0.000000,0.560000,2.750000,0.000000,0.000000
1778942754.134672,0,0.000000,5.000000,0.000000,5.000000,0.680000,0.000000,1.000000,1.050000,0.070000,0.000000
1778942754.271901,0,0.000000,5.000000,0.000000,5.000000,0.870000,0.000000,1.000000,0.850000,0.070000,0.000000
1778942754.299541,0,0.000000,5.000000,0.000000,5.000000,1.000000,0.000000,1.000000,0.920000,0.150000,0.000000
1778942754.300055,0,0.000000,5.000000,0.000000,5.000000,1.000000,0.000000,1.000000,1.840000,0.070000,0.000000
1778942754.325326,0,0.000000,5.000000,0.000000,5.000000,1.000000,0.000000,1.000000,2.670000,0.000000,0.000000
1778942754.421320,0,0.000000,5.000000,0.000000,5.000000,1.000000,0.000000,1.000000,2.100000,0.150000,0.000000
1778942754.469665,0,0.000000,5.000000,0.000000,5.000000,1.000000,0.000000,1.000000,1.780000,0.000000,0.000000
1778942754.514237,0,0.000000,5.000000,0.000000,5.000000,1.000000,0.000000,1.000000,2.040000,0.000000,0.000000
1778942754.630322,0,0.000000,5.000000,0.000000,5.000000,1.000000,0.000000,1.000000,2.640000,0.000000,0.000000
1778942754.682327,0,0.000000,5.000000,0.000000,5.000000,1.000000,0.000000,1.000000,2.600000,0.000000,0.000000
1778942754.682859,0,0.000000,5.000000,0.000000,5.000000,1.000000,0.000000,1.000000,2.710000,0.000000,0.000000
1778942754.749068,0,0.000000,5.000000,0.000000,5.000000,1.000000,0.000000,1.000000,2.930000,0.000000,0.000000
1778942754.796453,0,0.000000,5.000000,0.000000,5.000000,1.000000,0.000000,1.000000,3.010000,0.000000,0.000000
1778942754.796948,0,0.000000,5.000000,0.000000,5.000000,1.000000,0.000000,1.000000,3.200000,0.000000,0.000000
1778942754.797551,0,0.000000,5.000000,0.000000,5.000000,1.000000,0.000000,1.000000,3.240000,0.000000,0.000000
1778942754.922396,0,0.000000,5.000000,0.000000,5.000000,1.000000,0.000000,1.000000,3.190000,0.000000,0.000000
1778942754.949609,0,0.000000,5.000000,0.000000,5.000000,1.000000,0.000000,1.000000,3.300000,0.000000,0.000000
1778942754.950095,0,0.000000,5.000000,0.000000,5.000000,1.000000,0.000000,1.000000,3.320000,0.000000,0.000000
1778942754.974832,0,0.000000,5.000000,0.000000,5.000000,1.000000,0.000000,1.000000,3.840000,0.070000,0.000000
1778942754.975355,0,0.000000,5.000000,0.000000,5.000000,1.000000,0.000000,1.000000,0.140000,0.150000,0.000000
1778942755.049603,0,0.000000,5.000000,0.000000,5.000000,1.000000,0.000000,1.000000,0.000000,0.070000,0.140000
1778942755.097388,0,0.000000,5.000000,0.000000,5.000000,1.000000,0.000000,1.000000,0.000000,0.070000,0.000000
1778942755.192134,0,0.000000,5.000000,0.000000,5.000000,1.000000,0.000000,0.020000,0.070000,0.150000,0.140000
1778942755.251685,0,0.000000,5.000000,0.000000,5.000000,1.000000,0.000000,0.100000,0.150000,0.070000,0.000000
1778942755.326664,0,0.000000,5.000000,0.000000,5.000000,0.370000,0.000000,0.070000,0.430000,0.000000,0.000000
1778942755.378732,0,0.000000,5.000000,0.000000,5.000000,0.950000,0.000000,0.370000,2.880000,0.210000,0.000000
1778942755.454826,0,0.000000,5.000000,0.000000,5.000000,0.250000,0.000000,0.680000,2.490000,0.070000,0.000000
1778942755.537178,0,0.000000,5.000000,0.000000,5.000000,1.000000,0.000000,1.000000,0.930000,0.070000,0.000000
1778942755.586810,0,0.000000,5.000000,0.000000,5.000000,1.000000,0.000000,1.000000,1.090000,0.000000,0.000000
1778942755.587339,0,0.000000,5.000000,0.000000,5.000000,1.000000,0.000000,1.000000,4.130000,0.000000,0.000000
1778942755.587734,0,0.000000,5.000000,0.000000,5.000000,1.000000,0.000000,1.000000,3.760000,0.000000,0.000000
1778942755.588101,0,0.000000,5.000000,0.000000,5.000000,1.000000,0.000000,1.000000,2.150000,0.000000,0.000000
1778942755.636071,0,0.000000,5.000000,0.000000,5.000000,1.000000,0.000000,1.000000,3.140000,0.000000,0.000000
1778942755.636562,0,0.000000,5.000000,0.000000,5.000000,1.000000,0.000000,1.000000,2.820000,0.000000,0.000000
1778942755.731411,0,0.000000,5.000000,0.000000,5.000000,1.000000,0.000000,1.000000,2.750000,0.000000,0.000000
1778942755.784658,0,0.000000,5.000000,0.000000,5.000000,1.000000,0.000000,1.000000,2.860000,0.000000,0.140000
1778942755.843786,0,0.000000,5.000000,0.000000,5.000000,1.000000,0.000000,1.000000,2.800000,0.000000,0.140000
1778942755.927371,0,0.000000,5.000000,0.000000,5.000000,1.000000,0.000000,1.000000,2.640000,0.000000,0.000000
1778942756.016727,0,0.000000,5.000000,0.000000,5.000000,1.000000,0.000000,1.000000,3.190000,0.000000,0.000000
1778942756.065689,0,0.000000,5.000000,0.000000,5.000000,1.000000,0.000000,1.000000,3.650000,0.070000,0.000000
1778942756.066204,0,0.000000,5.000000,0.000000,5.000000,1.000000,0.000000,1.000000,0.600000,0.070000,0.000000
1778942756.066662,0,0.000000,5.000000,0.000000,5.000000,1.000000,0.000000,1.000000,0.210000,0.070000,0.000000
1778942756.067057,0,0.000000,5.000000,0.000000,5.000000,0.200000,0.000000,0.210000,0.300000,0.070000,0.000000
1778942756.067425,0,0.000000,5.000000,0.000000,5.000000,0.730000,0.000000,0.500000,3.070000,0.070000,0.000000
1778942756.130172,0,0.000000,5.000000,0.000000,5.000000,0.100000,0.000000,0.620000,2.380000,0.070000,0.000000
1778942756.175202,0,0.000000,5.000000,0.000000,5.000000,0.280000,0.000000,0.690000,1.670000,0.070000,0.000000
1778942756.221449,0,0.000000,5.000000,0.000000,5.000000,0.050000,0.000000,0.810000,2.460000,0.070000,0.000000
1778942756.221975,0,0.000000,5.000000,0.000000,5.000000,0.270000,0.000000,0.890000,2.980000,0.070000,0.000000
1778942756.270730,0,0.000000,5.000000,0.000000,5.000000,0.280000,0.000000,1.000000,1.940000,0.150000,0.000000
1778942756.317031,0,0.000000,5.000000,0.000000,5.000000,0.870000,0.000000,1.000000,1.380000,0.150000,0.000000
1778942756.399956,0,0.000000,5.000000,0.000000,5.000000,1.000000,0.000000,1.000000,0.660000,0.070000,0.000000
1778942756.481927,0,0.000000,5.000000,0.000000,5.000000,1.000000,0.000000,1.000000,0.340000,0.070000,0.000000
1778942756.509922,0,0.000000,5.000000,0.000000,5.000000,1.000000,0.000000,1.000000,0.300000,0.070000,0.000000
1778942756.535720,0,0.000000,5.000000,0.000000,5.000000,0.640000,0.000000,1.000000,1.750000,0.070000,0.000000
1778942756.561538,0,0.000000,5.000000,0.000000,5.000000,1.000000,0.000000,1.000000,1.730000,0.000000,0.000000
1778942756.698885,0,0.000000,5.000000,0.000000,5.000000,1.000000,0.000000,1.000000,2.930000,0.000000,0.280000
1778942756.746353,0,0.000000,5.000000,0.000000,5.000000,1.000000,0.000000,1.000000,4.590000,0.000000,0.000000
1778942756.747029,0,0.000000,5.000000,0.000000,5.000000,1.000000,0.000000,1.000000,3.830000,0.000000,0.000000
1778942756.747452,0,0.000000,5.000000,0.000000,5.000000,1.000000,0.000000,1.000000,2.790000,0.000000,0.000000
1778942756.747841,0,0.000000,5.000000,0.000000,5.000000,1.000000,0.000000,1.000000,2.770000,0.000000,0.000000
1778942756.748222,0,0.000000,5.000000,0.000000,5.000000,1.000000,0.000000,1.000000,3.250000,0.000000,0.000000
1778942756.794922,0,0.000000,5.000000,0.000000,5.000000,1.000000,0.000000,1.000000,3.320000,0.000000,0.000000
1778942756.842136,0,0.000000,5.000000,0.000000,5.000000,1.000000,0.000000,1.000000,3.340000,0.000000,0.000000
1778942756.894986,0,0.000000,5.000000,0.000000,5.000000,1.000000,0.000000,1.000000,3.570000,0.000000,0.000000
1778942756.941840,0,0.000000,5.000000,0.000000,5.000000,1.000000,0.000000,1.000000,3.470000,0.000000,0.000000
1778942757.039497,0,0.000000,5.000000,0.000000,5.000000,1.000000,0.000000,1.000000,3.470000,0.000000,0.280000
1778942757.067843,0,0.000000,5.000000,0.000000,5.000000,1.000000,0.000000,1.000000,3.490000,0.000000,0.000000
1778942757.093464,0,0.000000,5.000000,0.000000,5.000000,1.000000,0.000000,1.000000,3.390000,0.000000,0.000000
1778942757.189784,0,0.000000,5.000000,0.000000,5.000000,1.000000,0.000000,1.000000,3.300000,0.000000,0.000000
1778942757.240278,0,0.000000,5.000000,0.000000,5.000000,1.000000,0.000000,1.000000,3.200000,0.000000,0.000000
1778942757.240812,0,0.000000,5.000000,0.000000,5.000000,1.000000,0.000000,1.000000,3.340000,0.070000,0.000000
1778942757.241222,0,0.000000,5.000000,0.000000,5.000000,0.310000,0.000000,1.000000,3.570000,0.070000,0.140000
1778942757.241616,0,0.000000,5.000000,0.000000,5.000000,1.000000,0.000000,1.000000,0.000000,0.070000,0.000000
1778942757.289232,0,0.000000,5.000000,0.000000,5.000000,1.000000,0.000000,1.000000,0.050000,0.070000,0.000000
1778942757.289917,0,0.000000,5.000000,0.000000,5.000000,1.000000,0.000000,1.000000,0.200000,0.000000,0.000000
1778942757.290344,0,0.000000,5.000000,0.000000,5.000000,1.000000,0.000000,1.000000,0.250000,0.070000,0.000000
1778942757.382035,0,0.000000,5.000000,0.000000,5.000000,1.000000,0.000000,0.000000,0.300000,0.070000,0.430000
1778942757.449103,0,0.000000,5.000000,0.000000,5.000000,1.000000,0.000000,0.100000,0.370000,0.150000,0.000000
1778942757.496324,0,0.000000,5.000000,0.000000,5.000000,1.000000,0.000000,0.200000,1.370000,0.070000,0.000000
1778942757.497211,0,0.000000,5.000000,0.000000,5.000000,1.000000,0.000000,0.300000,2.940000,0.070000,0.140000
1778942757.497685,0,0.000000,5.000000,0.000000,5.000000,1.000000,0.000000,0.570000,1.530000,0.070000,0.000000
1778942757.498067,0,0.000000,5.000000,0.000000,5.000000,0.300000,0.000000,0.870000,3.590000,0.150000,0.000000
1778942757.621960,0,0.000000,5.000000,0.000000,5.000000,1.000000,0.000000,1.000000,1.020000,0.000000,0.000000
1778942757.704017,0,0.000000,5.000000,0.000000,5.000000,1.000000,0.000000,1.000000,0.990000,0.070000,0.000000
1778942757.752652,0,0.000000,5.000000,0.000000,5.000000,1.000000,0.000000,1.000000,0.890000,0.150000,0.000000
1778942757.753505,0,0.000000,5.000000,0.000000,5.000000,1.000000,0.000000,1.000000,0.770000,0.070000,0.280000
1778942757.915827,0,0.000000,5.000000,0.000000,5.000000,0.750000,0.000000,1.000000,2.270000,0.000000,0.000000
1778942757.968416,0,0.000000,5.000000,0.000000,5.000000,1.000000,0.000000,1.000000,1.200000,0.000000,0.000000
1778942757.969262,0,0.000000,5.000000,0.000000,5.000000,1.000000,0.000000,1.000000,3.230000,0.070000,0.000000
1778942758.094093,0,0.000000,5.000000,0.000000,5.000000,1.000000,0.000000,1.000000,3.020000,0.000000,0.280000
1778942758.142809,0,0.000000,5.000000,0.000000,5.000000,1.000000,0.000000,1.000000,1.870000,0.000000,0.000000
1778942758.143332,0,0.000000,5.000000,0.000000,5.000000,1.000000,0.000000,1.000000,2.910000,0.000000,0.000000
1778942758.214541,0,0.000000,5.000000,0.000000,5.000000,1.000000,0.000000,1.000000,2.640000,0.070000,0.000000
1778942758.221541,0,0.000000,5.000000,0.000000,5.000000,1.000000,0.000000,1.000000,2.560000,0.000000,0.000000
1778942758.236658,0,0.000000,5.000000,0.000000,5.000000,1.000000,0.000000,1.000000,3.500000,0.000000,0.000000
1778942758.244319,0,0.000000,5.000000,0.000000,5.000000,1.000000,0.000000,1.000000,3.590000,0.000000,0.000000
1778942758.259317,0,0.000000,5.000000,0.000000,5.000000,1.000000,0.000000,1.000000,3.420000,0.000000,0.000000
1778942758.304688,0,0.000000,5.000000,0.000000,5.000000,0.810000,0.000000,1.000000,3.280000,0.000000,0.000000
1778942758.312255,0,0.000000,5.000000,0.000000,5.000000,1.000000,0.000000,1.000000,3.250000,0.000000,0.000000
1778942758.313783,0,0.000000,5.000000,0.000000,5.000000,1.000000,0.000000,1.000000,3.240000,0.000000,0.000000
1778942758.314962,0,0.000000,5.000000,0.000000,5.000000,1.000000,0.000000,1.000000,3.280000,0.000000,0.000000
1778942758.341769,0,0.000000,5.000000,0.000000,5.000000,1.000000,0.000000,1.000000,3.360000,0.000000,0.000000
1778942758.348916,0,0.000000,5.000000,0.000000,5.000000,1.000000,0.000000,1.000000,3.510000,0.000000,0.000000
1778942758.380867,0,0.000000,5.000000,0.000000,5.000000,1.000000,0.000000,1.000000,3.640000,0.000000,0.000000
1778942758.394768,0,0.000000,5.000000,0.000000,5.000000,1.000000,0.000000,1.000000,3.650000,0.000000,0.000000
1778942758.418265,0,0.000000,5.000000,0.000000,5.000000,1.000000,0.000000,1.000000,3.670000,0.000000,0.000000
1778942758.424080,0,0.000000,5.000000,0.000000,5.000000,1.000000,0.000000,1.000000,3.650000,0.000000,0.000000
1778942758.425171,0,0.000000,5.000000,0.000000,5.000000,1.000000,0.000000,1.000000,3.670000,0.000000,0.000000
1778942758.426028,0,0.000000,5.000000,0.000000,5.000000,1.000000,0.000000,1.000000,3.680000,0.000000,0.000000
1778942758.471237,0,0.000000,5.000000,0.000000,5.000000,1.000000,0.000000,1.000000,3.610000,0.000000,0.000000
1778942758.495816,0,0.000000,5.000000,0.000000,5.000000,1.000000,0.000000,1.000000,3.490000,0.000000,0.000000
1778942758.497207,0,0.000000,5.000000,0.000000,5.000000,1.000000,0.000000,1.000000,3.450000,0.000000,0.000000
1778942758.499431,0,0.000000,5.000000,0.000000,5.000000,1.000000,0.000000,1.000000,3.390000,0.000000,0.000000
1778942758.514015,0,0.000000,5.000000,0.000000,5.000000,1.000000,0.000000,1.000000,3.360000,0.000000,0.000000
1778942758.515649,0,0.000000,5.000000,0.000000,5.000000,1.000000,0.000000,1.000000,3.380000,0.000000,0.000000
1778942758.544987,0,0.000000,5.000000,0.000000,5.000000,1.000000,0.000000,1.000000,3.380000,0.000000,0.000000
1778942758.606611,0,0.000000,5.000000,0.000000,5.000000,1.000000,0.000000,1.000000,3.390000,0.000000,0.000000
1778942758.608694,0,0.000000,5.000000,0.000000,5.000000,1.000000,0.000000,1.000000,3.410000,0.000000,0.000000
1778942758.619415,0,0.000000,5.000000,0.000000,5.000000,1.000000,0.000000,1.000000,3.450000,0.000000,0.000000
1778942758.626869,0,0.000000,5.000000,0.000000,5.000000,1.000000,0.000000,1.000000,3.470000,0.150000,0.000000
1778942758.628490,0,0.000000,5.000000,0.000000,5.000000,1.000000,0.000000,1.000000,3.490000,0.210000,0.000000
1778942758.630778,0,0.000000,5.000000,0.000000,5.000000,1.000000,0.000000,1.000000,3.490000,0.000000,0.000000
1778942758.649591,0,0.000000,5.000000,0.000000,5.000000,1.000000,0.000000,1.000000,3.520000,0.150000,0.000000
1778942758.657209,0,0.000000,5.000000,0.000000,5.000000,1.000000,0.000000,1.000000,3.510000,0.000000,0.000000
1778942758.694561,0,0.000000,5.000000,0.000000,5.000000,1.000000,0.000000,1.000000,3.520000,0.000000,0.000000
1778942758.732814,0,0.000000,5.000000,0.000000,5.000000,1.000000,0.000000,1.000000,3.540000,0.000000,0.000000
1778942758.748225,0,0.000000,5.000000,0.000000,5.000000,1.000000,0.000000,1.000000,3.520000,0.000000,0.000000
1778942758.852873,0,0.000000,5.000000,0.000000,5.000000,1.000000,0.000000,1.000000,3.530000,0.000000,0.000000
1778942758.869648,0,0.000000,5.000000,0.000000,5.000000,1.000000,0.000000,1.000000,3.500000,0.000000,0.000000
1778942758.872169,0,0.000000,5.000000,0.000000,5.000000,1.000000,0.000000,1.000000,3.530000,0.000000,0.000000
1778942758.882570,0,0.000000,5.000000,0.000000,5.000000,1.000000,0.000000,1.000000,3.510000,0.000000,0.000000
1778942758.935723,0,0.000000,5.000000,0.000000,5.000000,1.000000,0.000000,1.000000,3.540000,0.000000,0.280000
1778942758.957572,0,0.000000,5.000000,0.000000,5.000000,1.000000,0.000000,1.000000,3.630000,0.000000,0.000000
1778942758.981403,0,0.000000,5.000000,0.000000,5.000000,1.000000,0.000000,1.000000,3.640000,0.210000,0.000000
1778942759.003025,0,0.000000,5.000000,0.000000,5.000000,1.000000,0.000000,1.000000,3.640000,0.000000,0.000000
1778942759.094523,0,0.000000,5.000000,0.000000,5.000000,1.000000,0.000000,1.000000,3.790000,0.000000,0.000000
1778942759.097064,0,0.000000,5.000000,0.000000,5.000000,1.000000,0.000000,1.000000,3.840000,0.000000,0.000000
1778942759.097809,0,0.000000,5.000000,0.000000,5.000000,1.000000,0.000000,1.000000,3.890000,0.000000,0.000000
1778942759.100097,0,0.000000,5.000000,0.000000,5.000000,1.000000,0.000000,1.000000,3.900000,0.000000,0.000000
1778942759.123440,0,0.000000,5.000000,0.000000,5.000000,1.000000,0.000000,1.000000,3.890000,0.000000,0.000000
1778942759.126426,0,0.000000,5.000000,0.000000,5.000000,1.000000,0.000000,1.000000,3.850000,0.070000,0.000000
1778942759.127237,0,0.000000,5.000000,0.000000,5.000000,1.000000,0.000000,1.000000,3.920000,0.000000,0.000000
1778942759.128022,0,0.000000,5.000000,0.000000,5.000000,1.000000,0.000000,1.000000,3.890000,0.000000,0.000000
1778942759.193860,0,0.000000,5.000000,0.000000,5.000000,1.000000,0.000000,1.000000,3.890000,0.000000,0.000000
1778942759.194968,0,0.000000,5.000000,0.000000,5.000000,1.000000,0.000000,1.000000,3.880000,0.000000,0.000000
1778942759.195692,0,0.000000,5.000000,0.000000,5.000000,1.000000,0.000000,1.000000,3.890000,0.000000,0.000000
1778942759.248550,0,0.000000,5.000000,0.000000,5.000000,1.000000,0.000000,1.000000,3.920000,0.150000,0.000000
1778942759.333716,0,0.000000,5.000000,0.000000,5.000000,1.000000,0.000000,1.000000,3.880000,0.000000,0.000000
1778942759.416396,0,0.000000,5.000000,0.000000,5.000000,1.000000,0.000000,1.000000,3.880000,0.000000,0.280000
1778942759.431475,0,0.000000,5.000000,0.000000,5.000000,1.000000,0.000000,1.000000,3.850000,0.000000,0.000000
1778942759.438246,0,0.000000,5.000000,0.000000,5.000000,1.000000,0.000000,1.000000,3.950000,0.000000,0.000000
1778942759.453067,0,0.000000,5.000000,0.000000,5.000000,1.000000,0.000000,1.000000,3.950000,0.070000,0.000000
1778942759.497115,0,0.000000,5.000000,0.000000,5.000000,1.000000,0.000000,1.000000,3.930000,0.000000,0.000000
1778942759.526794,0,0.000000,5.000000,0.000000,5.000000,1.000000,0.000000,1.000000,3.950000,0.000000,0.000000
1778942759.534299,0,0.000000,5.000000,0.000000,5.000000,1.000000,0.000000,1.000000,3.990000,0.000000,0.000000
1778942759.535720,0,0.000000,5.000000,0.000000,5.000000,1.000000,0.000000,1.000000,4.010000,0.000000,0.000000
1778942759.542224,0,0.000000,5.000000,0.000000,5.000000,1.000000,0.000000,1.000000,4.000000,0.000000,0.000000
1778942759.580282,0,0.000000,5.000000,0.000000,5.000000,1.000000,0.000000,1.000000,4.030000,0.000000,0.000000
1778942759.603998,0,0.000000,5.000000,0.000000,5.000000,1.000000,0.000000,1.000000,3.990000,0.000000,0.000000
1778942759.632920,0,0.000000,5.000000,0.000000,5.000000,1.000000,0.000000,1.000000,4.000000,0.000000,0.000000
1778942759.640157,0,0.000000,5.000000,0.000000,5.000000,1.000000,0.000000,1.000000,4.000000,0.000000,0.000000
1778942759.642208,0,0.000000,5.000000,0.000000,5.000000,1.000000,0.000000,1.000000,3.970000,0.000000,0.000000
1778942759.642980,0,0.000000,5.000000,0.000000,5.000000,1.000000,0.000000,1.000000,3.960000,0.000000,0.140000
1778942759.766018,0,0.000000,5.000000,0.000000,5.000000,1.000000,0.000000,1.000000,3.950000,0.000000,0.000000
1778942759.781406,0,0.000000,5.000000,0.000000,5.000000,1.000000,0.000000,1.000000,3.960000,0.000000,0.000000
1778942759.782637,0,0.000000,5.000000,0.000000,5.000000,1.000000,0.000000,1.000000,3.950000,0.000000,0.000000
1778942759.783649,0,0.000000,5.000000,0.000000,5.000000,1.000000,0.000000,1.000000,3.950000,0.000000,0.000000
1778942759.789037,0,0.000000,5.000000,0.000000,5.000000,1.000000,0.000000,1.000000,3.970000,0.000000,0.000000
1778942759.796690,0,0.000000,5.000000,0.000000,5.000000,1.000000,0.000000,1.000000,3.960000,0.000000,0.000000
1778942759.803868,0,0.000000,5.000000,0.000000,5.000000,1.000000,0.000000,1.000000,3.990000,0.000000,0.140000
1778942759.857253,0,0.000000,5.000000,0.000000,5.000000,1.000000,0.000000,1.000000,3.990000,0.000000,0.000000
1778942759.880043,0,0.000000,5.000000,0.000000,5.000000,1.000000,0.000000,1.000000,3.990000,0.000000,0.000000
1778942759.910486,0,0.000000,5.000000,0.000000,5.000000,1.000000,0.000000,1.000000,3.990000,0.000000,0.000000
1778942759.933596,0,0.000000,5.000000,0.000000,5.000000,1.000000,0.000000,1.000000,3.970000,0.000000,0.000000
1778942759.949440,0,0.000000,5.000000,0.000000,5.000000,1.000000,0.000000,1.000000,3.970000,0.000000,0.000000
1778942759.951637,0,0.000000,5.000000,0.000000,5.000000,1.000000,0.000000,1.000000,3.960000,0.000000,0.000000
1778942759.953558,0,0.000000,5.000000,0.000000,5.000000,1.000000,0.000000,1.000000,3.960000,0.000000,0.000000
1778942759.954272,0,0.000000,5.000000,0.000000,5.000000,1.000000,0.000000,1.000000,3.970000,0.000000,0.000000
1778942759.992422,0,0.000000,5.000000,0.000000,5.000000,1.000000,0.000000,1.000000,3.920000,0.000000,0.000000
1778942759.995312,0,0.000000,5.000000,0.000000,5.000000,1.000000,0.000000,1.000000,3.920000,0.000000,0.000000
1778942759.996397,0,0.000000,5.000000,0.000000,5.000000,1.000000,0.000000,1.000000,3.920000,0.000000,0.000000
1778942759.997176,0,0.000000,5.000000,0.000000,5.000000,1.000000,0.000000,1.000000,3.960000,0.000000,0.000000
1778942760.023614,0,0.000000,5.000000,0.000000,5.000000,1.000000,0.000000,1.000000,3.960000,0.000000,0.000000
1778942760.029737,0,0.000000,5.000000,0.000000,5.000000,1.000000,0.000000,1.000000,3.950000,0.000000,0.000000
1778942760.061248,0,0.000000,5.000000,0.000000,5.000000,1.000000,0.000000,1.000000,3.950000,0.000000,0.000000
1778942760.293308,0,0.000000,5.000000,0.000000,5.000000,1.000000,0.000000,1.000000,3.920000,0.000000,0.140000
1778942760.308213,0,0.000000,5.000000,0.000000,5.000000,1.000000,0.000000,1.000000,3.930000,0.000000,0.140000
1778942760.329124,0,0.000000,5.000000,0.000000,5.000000,1.000000,0.000000,1.000000,3.900000,0.000000,0.430000
1778942760.375642,0,0.000000,5.000000,0.000000,5.000000,1.000000,0.000000,1.000000,3.950000,0.000000,0.000000
1778942760.404530,0,0.000000,5.000000,0.000000,5.000000,1.000000,0.000000,1.000000,3.720000,0.000000,0.000000
1778942760.442151,0,0.000000,5.000000,0.000000,5.000000,1.000000,0.000000,1.000000,3.700000,0.000000,0.000000
1778942760.488100,0,0.000000,5.000000,0.000000,5.000000,0.680000,0.000000,1.000000,3.670000,0.000000,0.000000
1778942760.489838,0,0.000000,5.000000,0.000000,5.000000,1.000000,0.000000,1.000000,3.690000,0.000000,0.000000
1778942760.491708,0,0.000000,5.000000,0.000000,5.000000,1.000000,0.000000,1.000000,3.680000,0.000000,0.000000
1778942760.492672,0,0.000000,5.000000,0.000000,5.000000,1.000000,0.000000,1.000000,3.690000,0.000000,0.000000
1778942760.531467,0,0.000000,5.000000,0.000000,5.000000,1.000000,0.000000,1.000000,3.680000,0.000000,0.000000
1778942760.547952,0,0.000000,5.000000,0.000000,5.000000,1.000000,0.000000,1.000000,3.650000,0.000000,0.000000
1778942760.550436,0,0.000000,5.000000,0.000000,5.000000,1.000000,0.000000,1.000000,3.670000,0.000000,0.000000
1778942760.577586,0,0.000000,5.000000,0.000000,5.000000,1.000000,0.000000,1.000000,3.680000,0.000000,0.000000
1778942760.579384,0,0.000000,5.000000,0.000000,5.000000,1.000000,0.000000,1.000000,3.680000,0.000000,0.000000
1778942760.615209,0,0.000000,5.000000,0.000000,5.000000,1.000000,0.000000,1.000000,3.700000,0.150000,0.000000
1778942760.645400,0,0.000000,5.000000,0.000000,5.000000,1.000000,0.000000,1.000000,3.700000,0.000000,0.000000
1778942760.660958,0,0.000000,5.000000,0.000000,5.000000,1.000000,0.000000,1.000000,3.720000,0.150000,0.000000
1778942760.668804,0,0.000000,5.000000,0.000000,5.000000,1.000000,0.000000,1.000000,3.700000,0.000000,0.000000
1778942760.696840,0,0.000000,5.000000,0.000000,5.000000,1.000000,0.000000,1.000000,3.720000,0.070000,0.000000
1778942760.787228,0,0.000000,5.000000,0.000000,5.000000,1.000000,0.000000,1.000000,3.700000,0.000000,0.000000
1778942760.794011,0,0.000000,5.000000,0.000000,5.000000,1.000000,0.000000,1.000000,3.690000,0.000000,0.000000
1778942760.801677,0,0.000000,5.000000,0.000000,5.000000,1.000000,0.000000,1.000000,3.690000,0.000000,0.000000
1778942760.885657,0,0.000000,5.000000,0.000000,5.000000,1.000000,0.000000,1.000000,3.670000,0.000000,0.000000
1778942760.998319,0,0.000000,5.000000,0.000000,5.000000,1.000000,0.000000,1.000000,3.850000,0.000000,0.000000
1778942761.111306,0,0.000000,5.000000,0.000000,5.000000,1.000000,0.000000,1.000000,3.900000,0.000000,0.000000
1778942761.209277,0,0.000000,5.000000,0.000000,5.000000,1.000000,0.000000,1.000000,3.920000,0.000000,0.000000
1778942761.290211,0,0.000000,5.000000,0.000000,5.000000,1.000000,0.000000,1.000000,3.890000,0.000000,0.000000
1778942761.305823,0,0.000000,5.000000,0.000000,5.000000,1.000000,0.000000,1.000000,3.810000,0.000000,0.000000
1778942761.313643,0,0.000000,5.000000,0.000000,5.000000,1.000000,0.000000,1.000000,3.960000,0.000000,0.000000
1778942761.545996,0,0.000000,5.000000,0.000000,5.000000,1.000000,0.000000,1.000000,3.700000,0.000000,0.140000
1778942761.548864,0,0.000000,5.000000,0.000000,5.000000,1.000000,0.000000,1.000000,3.950000,0.000000,0.000000
1778942761.634512,0,0.000000,5.000000,0.000000,5.000000,1.000000,0.000000,1.000000,3.960000,0.000000,0.000000
1778942761.710070,0,0.000000,5.000000,0.000000,5.000000,1.000000,0.000000,1.000000,3.930000,0.000000,0.000000
1778942761.741228,0,0.000000,5.000000,0.000000,5.000000,1.000000,0.000000,1.000000,3.970000,0.000000,0.000000
1778942761.744196,0,0.000000,5.000000,0.000000,5.000000,1.000000,0.000000,1.000000,3.740000,0.000000,0.000000
1778942761.745180,0,0.000000,5.000000,0.000000,5.000000,1.000000,0.000000,1.000000,3.720000,0.000000,0.000000
1778942761.745879,0,0.000000,5.000000,0.000000,5.000000,1.000000,0.000000,1.000000,3.770000,0.000000,0.000000
1778942761.778586,0,0.000000,5.000000,0.000000,5.000000,1.000000,0.000000,1.000000,3.730000,0.000000,0.000000
1778942761.838216,0,0.000000,5.000000,0.000000,5.000000,1.000000,0.000000,1.000000,3.740000,0.000000,0.000000
1778942761.853264,0,0.000000,5.000000,0.000000,5.000000,1.000000,0.000000,1.000000,3.700000,0.000000,0.000000
1778942761.856381,0,0.000000,5.000000,0.000000,5.000000,1.000000,0.000000,1.000000,3.690000,0.000000,0.000000
1778942761.857648,0,0.000000,5.000000,0.000000,5.000000,1.000000,0.000000,1.000000,3.690000,0.000000,0.000000
1778942761.859648,0,0.000000,5.000000,0.000000,5.000000,1.000000,0.000000,1.000000,3.720000,0.000000,0.140000
1778942761.904802,0,0.000000,5.000000,0.000000,5.000000,1.000000,0.000000,1.000000,3.700000,0.000000,0.000000
1778942761.936438,0,0.000000,5.000000,0.000000,5.000000,1.000000,0.000000,1.000000,3.720000,0.000000,0.000000
1778942761.939414,0,0.000000,5.000000,0.000000,5.000000,1.000000,0.000000,1.000000,3.690000,0.000000,0.000000
1778942761.941942,0,0.000000,5.000000,0.000000,5.000000,1.000000,0.000000,1.000000,3.730000,0.000000,0.000000
1778942761.957502,0,0.000000,5.000000,0.000000,5.000000,1.000000,0.000000,1.000000,3.730000,0.000000,0.000000
1778942761.964841,0,0.000000,5.000000,0.000000,5.000000,1.000000,0.000000,1.000000,3.720000,0.000000,0.000000
1778942761.986774,0,0.000000,5.000000,0.000000,5.000000,1.000000,0.000000,1.000000,3.720000,0.000000,0.000000
1778942762.001971,0,0.000000,5.000000,0.000000,5.000000,1.000000,0.000000,1.000000,3.680000,0.000000,0.000000
1778942762.009795,0,0.000000,5.000000,0.000000,5.000000,1.000000,0.000000,1.000000,3.680000,0.000000,0.000000
1778942762.024916,0,0.000000,5.000000,0.000000,5.000000,1.000000,0.000000,1.000000,3.700000,0.000000,0.000000
1778942762.101742,0,0.000000,5.000000,0.000000,5.000000,0.000000,0.000000,1.000000,3.720000,0.300000,0.000000
1778942762.115104,0,0.000000,5.000000,0.000000,5.000000,0.380000,0.000000,1.000000,3.720000,0.000000,0.000000
1778942762.121897,0,0.000000,5.000000,0.000000,5.000000,0.730000,0.000000,1.000000,3.800000,0.070000,0.000000
1778942762.137459,0,0.000000,5.000000,0.000000,5.000000,1.000000,0.000000,1.000000,3.890000,0.000000,0.000000
1778942762.163133,0,0.000000,5.000000,0.000000,5.000000,1.000000,0.000000,1.000000,3.930000,0.000000,0.000000
1778942762.200372,0,0.000000,5.000000,0.000000,5.000000,1.000000,0.000000,1.000000,3.950000,0.000000,0.000000
1778942762.205681,0,0.000000,5.000000,0.000000,5.000000,1.000000,0.000000,1.000000,3.950000,0.000000,0.000000
1778942762.229027,0,0.000000,5.000000,0.000000,5.000000,1.000000,0.000000,1.000000,3.990000,0.000000,0.000000
1778942762.248499,0,0.000000,5.000000,0.000000,5.000000,1.000000,0.000000,1.000000,4.000000,0.210000,0.000000
1778942762.287215,0,0.000000,5.000000,0.000000,5.000000,1.000000,0.000000,1.000000,4.030000,0.000000,0.000000
1778942762.302697,0,0.000000,5.000000,0.000000,5.000000,1.000000,0.000000,1.000000,4.030000,0.000000,0.000000
1778942762.348876,0,0.000000,5.000000,0.000000,5.000000,1.000000,0.000000,1.000000,4.050000,0.000000,0.000000
1778942762.361704,0,0.000000,5.000000,0.000000,5.000000,1.000000,0.000000,1.000000,4.030000,0.000000,0.000000
1778942762.363031,0,0.000000,5.000000,0.000000,5.000000,1.000000,0.000000,1.000000,4.000000,0.000000,0.000000
1778942762.369677,0,0.000000,5.000000,0.000000,5.000000,1.000000,0.000000,1.000000,3.990000,0.000000,0.000000
1778942762.376778,0,0.000000,5.000000,0.000000,5.000000,1.000000,0.000000,1.000000,4.000000,0.000000,0.000000
1778942762.384747,0,0.000000,5.000000,0.000000,5.000000,1.000000,0.000000,1.000000,3.960000,0.000000,0.000000
1778942762.401118,0,0.000000,5.000000,0.000000,5.000000,1.000000,0.000000,1.000000,3.960000,0.000000,0.280000
1778942762.407233,0,0.000000,5.000000,0.000000,5.000000,1.000000,0.000000,1.000000,3.970000,0.000000,0.000000
1778942762.497323,0,0.000000,5.000000,0.000000,5.000000,1.000000,0.000000,1.000000,3.970000,0.000000,0.000000
1778942762.498180,0,0.000000,5.000000,0.000000,5.000000,1.000000,0.000000,1.000000,3.970000,0.000000,0.280000
1778942762.549234,0,0.000000,5.000000,0.000000,5.000000,1.000000,0.000000,1.000000,3.970000,0.000000,0.000000
1778942762.556245,0,0.000000,5.000000,0.000000,5.000000,1.000000,0.000000,1.000000,3.990000,0.000000,0.000000
1778942762.564072,0,0.000000,5.000000,0.000000,5.000000,1.000000,0.000000,1.000000,4.000000,0.000000,0.000000
1778942762.601513,0,0.000000,5.000000,0.000000,5.000000,1.000000,0.000000,1.000000,3.960000,0.000000,0.000000
1778942762.602743,0,0.000000,5.000000,0.000000,5.000000,1.000000,0.000000,1.000000,3.970000,0.000000,0.000000
1778942762.616832,0,0.000000,5.000000,0.000000,5.000000,1.000000,0.000000,1.000000,3.990000,0.000000,0.000000
1778942762.623927,0,0.000000,5.000000,0.000000,5.000000,1.000000,0.000000,1.000000,3.990000,0.000000,0.000000
1778942762.631944,0,0.000000,5.000000,0.000000,5.000000,1.000000,0.000000,1.000000,4.000000,0.000000,0.000000
1778942762.633296,0,0.000000,5.000000,0.000000,5.000000,1.000000,0.000000,1.000000,3.990000,0.000000,0.000000
1778942762.647538,0,0.000000,5.000000,0.000000,5.000000,1.000000,0.000000,1.000000,4.000000,0.000000,0.000000
1778942762.663627,0,0.000000,5.000000,0.000000,5.000000,1.000000,0.000000,1.000000,3.970000,0.000000,0.000000
1778942762.685460,0,0.000000,5.000000,0.000000,5.000000,1.000000,0.000000,1.000000,3.990000,0.000000,0.000000
1778942762.721730,0,0.000000,5.000000,0.000000,5.000000,1.000000,0.000000,1.000000,3.990000,0.150000,0.000000
1778942762.770290,0,0.000000,5.000000,0.000000,5.000000,1.000000,0.000000,1.000000,3.990000,0.000000,0.000000
1778942762.785255,0,0.000000,5.000000,0.000000,5.000000,1.000000,0.000000,1.000000,4.000000,0.000000,0.000000
1778942762.835319,0,0.000000,5.000000,0.000000,5.000000,1.000000,0.000000,1.000000,4.000000,0.070000,0.000000
1778942762.903907,0,0.000000,5.000000,0.000000,5.000000,1.000000,0.000000,1.000000,4.010000,0.000000,0.000000
1778942762.953983,0,0.000000,5.000000,0.000000,5.000000,1.000000,0.000000,1.000000,4.000000,0.000000,0.000000
1778942762.955459,0,0.000000,5.000000,0.000000,5.000000,1.000000,0.000000,1.000000,4.000000,0.000000,0.000000
1778942762.956877,0,0.000000,5.000000,0.000000,5.000000,1.000000,0.000000,1.000000,4.030000,0.000000,0.000000
1778942762.969365,0,0.000000,5.000000,0.000000,5.000000,1.000000,0.000000,1.000000,4.030000,0.000000,0.000000
1778942762.993300,0,0.000000,5.000000,0.000000,5.000000,1.000000,0.000000,1.000000,4.030000,0.000000,0.000000
1778942763.056941,0,0.000000,5.000000,0.000000,5.000000,1.000000,0.000000,1.000000,4.050000,0.000000,0.430000
1778942763.143438,0,0.000000,5.000000,0.000000,5.000000,1.000000,0.000000,1.000000,4.030000,0.000000,0.000000
1778942763.171506,0,0.000000,5.000000,0.000000,5.000000,1.000000,0.000000,1.000000,4.010000,0.000000,0.000000
1778942763.172666,0,0.000000,5.000000,0.000000,5.000000,1.000000,0.000000,1.000000,4.050000,0.000000,0.000000
1778942763.225646,0,0.000000,5.000000,0.000000,5.000000,1.000000,0.000000,1.000000,4.000000,0.000000,0.000000
1778942763.306207,0,0.000000,5.000000,0.000000,5.000000,1.000000,0.000000,1.000000,4.050000,0.000000,0.000000
1778942763.348051,0,0.000000,5.000000,0.000000,5.000000,1.000000,0.000000,1.000000,4.010000,0.000000,0.000000
1778942763.412715,0,0.000000,5.000000,0.000000,5.000000,1.000000,0.000000,1.000000,4.030000,0.000000,0.000000
1778942763.442503,0,0.000000,5.000000,0.000000,5.000000,1.000000,0.000000,1.000000,4.010000,0.000000,0.000000
1778942763.466268,0,0.000000,5.000000,0.000000,5.000000,1.000000,0.000000,1.000000,4.000000,0.000000,0.000000
1778942763.539219,0,0.000000,5.000000,0.000000,5.000000,1.000000,0.000000,1.000000,4.000000,0.000000,0.000000
1778942763.577128,0,0.000000,5.000000,0.000000,5.000000,1.000000,0.000000,1.000000,4.010000,0.000000,0.000000
1778942763.653196,0,0.000000,5.000000,0.000000,5.000000,1.000000,0.000000,1.000000,3.990000,0.070000,0.000000
1778942763.655449,0,0.000000,5.000000,0.000000,5.000000,1.000000,0.000000,1.000000,4.000000,0.000000,0.140000
1778942763.786256,0,0.000000,5.000000,0.000000,5.000000,1.000000,0.000000,1.000000,3.990000,0.000000,0.000000
1778942763.794071,0,0.000000,5.000000,0.000000,5.000000,1.000000,0.000000,1.000000,4.030000,0.070000,0.000000
1778942763.850748,0,0.000000,5.000000,0.000000,5.000000,1.000000,0.000000,1.000000,4.030000,0.000000,0.000000
1778942763.852106,0,0.000000,5.000000,0.000000,5.000000,1.000000,0.000000,1.000000,4.050000,0.000000,0.000000
1778942763.853055,0,0.000000,5.000000,0.000000,5.000000,1.000000,0.000000,1.000000,4.050000,0.000000,0.000000
1778942763.854520,0,0.000000,5.000000,0.000000,5.000000,1.000000,0.000000,1.000000,4.050000,0.000000,0.000000
1778942763.877571,0,0.000000,5.000000,0.000000,5.000000,1.000000,0.000000,1.000000,4.030000,0.000000,0.000000
1778942763.879936,0,0.000000,5.000000,0.000000,5.000000,1.000000,0.000000,1.000000,4.090000,0.150000,0.000000
1778942763.880697,0,0.000000,5.000000,0.000000,5.000000,1.000000,0.000000,1.000000,4.070000,0.000000,0.000000
1778942763.923403,0,0.000000,5.000000,0.000000,5.000000,1.000000,0.000000,1.000000,4.050000,0.000000,0.000000
1778942763.984827,0,0.000000,5.000000,0.000000,5.000000,1.000000,0.000000,1.000000,4.050000,0.000000,0.000000
1778942763.996809,0,0.000000,5.000000,0.000000,5.000000,1.000000,0.000000,1.000000,4.010000,0.000000,0.000000
1778942764.021029,0,0.000000,5.000000,0.000000,5.000000,1.000000,0.000000,1.000000,4.050000,0.000000,0.000000
1778942764.112596,0,0.000000,5.000000,0.000000,5.000000,1.000000,0.000000,1.000000,4.050000,0.000000,0.000000
1778942764.116138,0,0.000000,5.000000,0.000000,5.000000,1.000000,0.000000,1.000000,3.970000,0.000000,0.000000
1778942764.117265,0,0.000000,5.000000,0.000000,5.000000,1.000000,0.000000,1.000000,4.010000,0.000000,0.000000
1778942764.124657,0,0.000000,5.000000,0.000000,5.000000,1.000000,0.000000,1.000000,4.030000,0.000000,0.000000
1778942764.147738,0,0.000000,5.000000,0.000000,5.000000,1.000000,0.000000,1.000000,4.050000,0.000000,0.000000
1778942764.193718,0,0.000000,5.000000,0.000000,5.000000,1.000000,0.000000,1.000000,4.050000,0.000000,0.000000
1778942764.208508,0,0.000000,5.000000,0.000000,5.000000,1.000000,0.000000,1.000000,4.050000,0.000000,0.000000
1778942764.244964,0,0.000000,5.000000,0.000000,5.000000,1.000000,0.000000,1.000000,4.050000,0.000000,0.000000
1778942764.249957,0,0.000000,5.000000,0.000000,5.000000,1.000000,0.000000,1.000000,4.030000,0.000000,0.000000
1778942764.266816,0,0.000000,5.000000,0.000000,5.000000,1.000000,0.000000,1.000000,4.010000,0.000000,0.000000
1778942764.282331,0,0.000000,5.000000,0.000000,5.000000,1.000000,0.000000,1.000000,4.030000,0.150000,0.000000
1778942764.372022,0,0.000000,5.000000,0.000000,5.000000,1.000000,0.000000,1.000000,4.010000,0.000000,0.000000
1778942764.546055,0,0.000000,5.000000,0.000000,5.000000,1.000000,0.000000,1.000000,4.000000,0.000000,0.000000
1778942764.548694,0,0.000000,5.000000,0.000000,5.000000,1.000000,0.000000,1.000000,4.030000,0.000000,0.000000
1778942764.592061,0,0.000000,5.000000,0.000000,5.000000,1.000000,0.000000,1.000000,4.030000,0.000000,0.000000
1778942764.635320,0,0.000000,5.000000,0.000000,5.000000,1.000000,0.000000,1.000000,4.000000,0.000000,0.000000
1778942764.666285,0,0.000000,5.000000,0.000000,5.000000,1.000000,0.000000,1.000000,4.000000,0.000000,0.000000
1778942764.739668,0,0.000000,5.000000,0.000000,5.000000,1.000000,0.000000,1.000000,3.960000,0.070000,0.000000
1778942764.801867,0,0.000000,5.000000,0.000000,5.000000,1.000000,0.000000,1.000000,3.720000,0.000000,0.000000
1778942764.890628,0,0.000000,5.000000,0.000000,5.000000,1.000000,0.000000,1.000000,3.970000,0.000000,0.000000
1778942764.893214,0,0.000000,5.000000,0.000000,5.000000,1.000000,0.000000,1.000000,3.990000,0.000000,0.000000
1778942764.945015,0,0.000000,5.000000,0.000000,5.000000,1.000000,0.000000,1.000000,3.950000,0.000000,0.000000
1778942765.042278,0,0.000000,5.000000,0.000000,5.000000,1.000000,0.000000,1.000000,3.840000,0.000000,0.000000
1778942765.043679,0,0.000000,5.000000,0.000000,5.000000,1.000000,0.000000,1.000000,3.950000,0.000000,0.000000
1778942765.093358,0,0.000000,5.000000,0.000000,5.000000,0.000000,0.000000,1.000000,3.950000,0.370000,0.000000
1778942765.096643,0,0.000000,5.000000,0.000000,5.000000,1.000000,0.000000,1.000000,3.950000,0.000000,0.000000
1778942765.098023,0,0.000000,5.000000,0.000000,5.000000,1.000000,0.000000,1.000000,3.970000,0.000000,0.140000
1778942765.111909,0,0.000000,5.000000,0.000000,5.000000,1.000000,0.000000,1.000000,3.930000,0.000000,0.000000
1778942765.132980,0,0.000000,5.000000,0.000000,5.000000,1.000000,0.000000,1.000000,3.740000,0.000000,0.430000
1778942765.135931,0,0.000000,5.000000,0.000000,5.000000,1.000000,0.000000,1.000000,3.770000,0.000000,0.000000
1778942765.136822,0,0.000000,5.000000,0.000000,5.000000,1.000000,0.000000,1.000000,3.730000,0.150000,0.000000
1778942765.161773,0,0.000000,5.000000,0.000000,5.000000,1.000000,0.000000,1.000000,3.730000,0.000000,0.000000
1778942765.229011,0,0.000000,5.000000,0.000000,5.000000,1.000000,0.000000,1.000000,3.720000,0.000000,0.740000
1778942765.339295,0,0.000000,5.000000,0.000000,5.000000,1.000000,0.000000,1.000000,3.750000,0.000000,0.140000
1778942765.424577,0,0.000000,5.000000,0.000000,5.000000,1.000000,0.000000,1.000000,3.880000,0.000000,0.000000
1778942765.529706,0,0.000000,5.000000,0.000000,5.000000,1.000000,0.000000,1.000000,3.720000,0.000000,0.000000
1778942765.556372,0,0.000000,5.000000,0.000000,5.000000,1.000000,0.000000,1.000000,3.690000,0.000000,0.000000
1778942765.625028,0,0.000000,5.000000,0.000000,5.000000,1.000000,0.000000,1.000000,3.720000,0.000000,0.000000
1778942765.766732,0,0.000000,5.000000,0.000000,5.000000,1.000000,0.000000,1.000000,3.720000,0.000000,0.000000
1778942765.809494,0,0.000000,5.000000,0.000000,5.000000,1.000000,0.000000,1.000000,3.700000,0.000000,0.000000
1778942765.810019,0,0.000000,5.000000,0.000000,5.000000,1.000000,0.000000,1.000000,3.720000,0.000000,0.000000
1778942765.810407,0,0.000000,5.000000,0.000000,5.000000,1.000000,0.000000,1.000000,3.760000,0.000000,0.000000
1778942765.908923,0,0.000000,5.000000,0.000000,5.000000,1.000000,0.000000,1.000000,3.720000,0.000000,0.000000
1778942766.037553,0,0.000000,5.000000,0.000000,5.000000,1.000000,0.000000,1.000000,3.730000,0.000000,0.000000
1778942766.080098,0,0.000000,5.000000,0.000000,5.000000,1.000000,0.000000,1.000000,3.900000,0.000000,0.000000
1778942766.172889,0,0.000000,5.000000,0.000000,5.000000,1.000000,0.000000,1.000000,3.840000,0.000000,0.000000
1778942766.256117,0,0.000000,5.000000,0.000000,5.000000,1.000000,0.000000,1.000000,3.700000,0.000000,0.000000
1778942766.330898,0,0.000000,5.000000,0.000000,5.000000,1.000000,0.000000,1.000000,3.690000,0.000000,0.000000
1778942766.373561,0,0.000000,5.000000,0.000000,5.000000,1.000000,0.000000,1.000000,3.810000,0.000000,0.000000
1778942766.414554,0,0.000000,5.000000,0.000000,5.000000,1.000000,0.000000,1.000000,3.700000,0.210000,0.000000
1778942766.494190,0,0.000000,5.000000,0.000000,5.000000,1.000000,0.000000,1.000000,3.970000,0.000000,0.000000
1778942766.536619,0,0.000000,5.000000,0.000000,5.000000,1.000000,0.000000,1.000000,3.970000,0.000000,0.000000
1778942766.537466,0,0.000000,5.000000,0.000000,5.000000,1.000000,0.000000,1.000000,4.000000,0.000000,0.000000
1778942766.631200,0,0.000000,5.000000,0.000000,5.000000,1.000000,0.000000,1.000000,4.000000,0.000000,0.000000
1778942766.673211,0,0.000000,5.000000,0.000000,5.000000,1.000000,0.000000,1.000000,4.000000,0.000000,0.000000
1778942766.766409,0,0.000000,5.000000,0.000000,5.000000,1.000000,0.000000,1.000000,3.970000,0.000000,0.000000
1778942766.870537,0,0.000000,5.000000,0.000000,5.000000,1.000000,0.000000,1.000000,4.000000,0.000000,0.000000
1778942766.945330,0,0.000000,5.000000,0.000000,5.000000,1.000000,0.000000,1.000000,4.000000,0.000000,0.000000
1778942767.011144,0,0.000000,5.000000,0.000000,5.000000,1.000000,0.000000,1.000000,3.950000,0.000000,0.000000
1778942767.052710,0,0.000000,5.000000,0.000000,5.000000,1.000000,0.000000,1.000000,3.950000,0.000000,0.000000
1778942767.094825,0,0.000000,5.000000,0.000000,5.000000,1.000000,0.000000,1.000000,4.000000,0.000000,0.000000
1778942767.161847,0,0.000000,5.000000,0.000000,5.000000,0.940000,0.000000,1.000000,3.960000,0.000000,0.000000
1778942767.214171,0,0.000000,5.000000,0.000000,5.000000,1.000000,0.000000,1.000000,4.000000,0.000000,0.000000
1778942767.349620,0,0.000000,5.000000,0.000000,5.000000,1.000000,0.000000,1.000000,4.000000,0.000000,0.000000
1778942767.374334,0,0.000000,5.000000,0.000000,5.000000,1.000000,0.000000,1.000000,4.000000,0.000000,0.000000
1778942767.431831,0,0.000000,5.000000,0.000000,5.000000,1.000000,0.000000,1.000000,4.050000,0.000000,0.000000
1778942767.473248,0,0.000000,5.000000,0.000000,5.000000,1.000000,0.000000,1.000000,4.000000,0.000000,0.000000
1778942767.473787,0,0.000000,5.000000,0.000000,5.000000,1.000000,0.000000,1.000000,4.010000,0.000000,0.000000
1778942767.474182,0,0.000000,5.000000,0.000000,5.000000,1.000000,0.000000,1.000000,3.740000,0.000000,0.000000
1778942767.529944,0,0.000000,5.000000,0.000000,5.000000,1.000000,0.000000,1.000000,3.720000,0.000000,0.140000
1778942767.571554,0,0.000000,5.000000,0.000000,5.000000,1.000000,0.000000,1.000000,3.750000,0.070000,0.000000
1778942767.626840,0,0.000000,5.000000,0.000000,5.000000,0.000000,0.000000,1.000000,3.930000,0.300000,0.000000
1778942767.667919,0,0.000000,5.000000,0.000000,5.000000,0.360000,0.000000,1.000000,3.990000,0.070000,0.000000
1778942767.724267,0,0.000000,5.000000,0.000000,5.000000,1.000000,0.000000,1.000000,2.350000,0.070000,0.000000
1778942767.791555,0,0.000000,5.000000,0.000000,5.000000,0.000000,0.000000,1.000000,0.890000,0.980000,0.000000
1778942767.814543,0,0.000000,0.000000,0.000000,5.000000,1.000000,0.000000,1.000000,0.000000,0.070000,0.000000
1778942767.815048,0,0.000000,0.000000,0.000000,5.000000,1.000000,0.000000,0.170000,0.340000,0.210000,0.000000
1778942767.866716,0,0.000000,0.000000,0.000000,5.000000,1.000000,0.000000,0.440000,1.330000,0.150000,0.000000
1778942767.943196,0,0.000000,0.000000,0.000000,5.000000,1.000000,0.000000,0.980000,0.690000,0.150000,0.000000
1778942767.985833,0,0.000000,0.000000,0.000000,5.000000,1.000000,0.000000,1.000000,3.040000,0.150000,0.000000
1778942767.986351,0,0.000000,0.000000,0.000000,5.000000,1.000000,0.000000,1.000000,2.710000,0.000000,0.000000
1778942768.092402,0,0.000000,0.000000,0.000000,0.000000,1.000000,0.000000,1.000000,1.360000,0.070000,0.280000
1778942768.137615,0,0.000000,0.000000,0.000000,0.000000,0.930000,0.000000,1.000000,0.270000,0.150000,0.000000
1778942768.138319,0,0.000000,0.000000,0.000000,0.000000,1.000000,0.000000,1.000000,2.540000,0.210000,0.000000
1778942768.215043,0,0.000000,0.000000,0.000000,0.000000,1.000000,0.000000,1.000000,2.650000,0.070000,0.000000
1778942768.294861,0,0.000000,0.000000,0.000000,0.000000,1.000000,0.000000,1.000000,3.360000,0.070000,0.000000
1778942768.337361,0,0.000000,0.000000,0.000000,0.000000,1.000000,0.000000,1.000000,3.170000,0.070000,0.000000
1778942768.429800,0,0.000000,0.000000,0.000000,0.000000,1.000000,0.000000,1.000000,3.000000,0.070000,0.000000
1778942768.505515,0,0.000000,0.000000,0.000000,0.000000,1.000000,0.000000,1.000000,2.800000,0.070000,0.140000
1778942768.597004,0,0.000000,0.000000,0.000000,0.000000,0.700000,0.000000,1.000000,2.780000,0.070000,0.000000
1778942768.640961,0,0.000000,0.000000,0.000000,0.000000,1.000000,0.000000,1.000000,4.280000,0.150000,0.000000
1778942768.699437,0,0.000000,0.000000,0.000000,0.000000,1.000000,0.000000,1.000000,4.170000,0.150000,0.000000
1778942768.751840,0,0.000000,0.000000,0.000000,0.000000,1.000000,0.000000,1.000000,3.420000,0.070000,0.000000
1778942768.903509,0,0.000000,0.000000,0.000000,0.000000,1.000000,0.000000,1.000000,3.630000,0.070000,0.000000
1778942768.999697,0,0.000000,0.000000,0.000000,0.000000,1.000000,0.000000,1.000000,4.110000,0.070000,0.000000
1778942769.045120,0,0.000000,0.000000,0.000000,0.000000,1.000000,0.000000,1.000000,4.000000,0.150000,0.000000
1778942769.137918,0,0.000000,0.000000,0.000000,0.000000,1.000000,0.000000,1.000000,3.670000,0.150000,0.000000
1778942769.183165,0,0.000000,0.000000,0.000000,0.000000,1.000000,0.000000,1.000000,4.170000,0.210000,0.000000
1778942769.183704,0,0.000000,0.000000,0.000000,0.000000,1.000000,0.000000,1.000000,4.110000,0.150000,0.000000
1778942769.300886,0,0.000000,0.000000,0.000000,0.000000,1.000000,0.000000,1.000000,4.190000,0.150000,0.000000
1778942769.359451,0,0.000000,0.000000,0.000000,0.000000,0.410000,0.000000,1.000000,4.190000,0.070000,0.000000
1778942769.473837,0,0.000000,0.000000,0.000000,0.000000,1.000000,0.000000,1.000000,4.230000,0.070000,0.000000
1778942769.554771,0,0.000000,0.000000,0.000000,0.000000,1.000000,0.000000,1.000000,4.210000,0.150000,0.000000
1778942769.599715,0,0.000000,0.000000,0.000000,0.000000,0.430000,0.000000,1.000000,4.210000,0.070000,0.000000
1778942769.690401,0,0.000000,0.000000,0.000000,0.000000,1.000000,0.000000,1.000000,4.230000,0.070000,0.140000
1778942769.733689,0,0.000000,0.000000,0.000000,0.000000,1.000000,0.000000,1.000000,4.210000,0.070000,0.000000
1778942769.809092,0,0.000000,0.000000,0.000000,0.000000,1.000000,0.000000,1.000000,4.230000,0.070000,0.000000
1778942769.869306,0,0.000000,5.000000,0.000000,0.000000,1.000000,0.000000,1.000000,4.190000,0.070000,0.000000
1778942769.912036,0,0.000000,5.000000,0.000000,0.000000,0.110000,0.000000,1.000000,4.190000,0.070000,0.000000
1778942769.912551,0,0.000000,5.000000,0.000000,0.000000,1.000000,0.000000,1.000000,4.190000,0.070000,0.000000
1778942769.955470,0,0.000000,5.000000,0.000000,0.000000,1.000000,0.000000,1.000000,4.130000,0.070000,0.000000
1778942770.012233,0,0.000000,5.000000,0.000000,5.000000,1.000000,0.000000,1.000000,4.190000,0.070000,0.000000
1778942770.096611,0,0.000000,5.000000,0.000000,5.000000,1.000000,0.000000,1.000000,3.360000,0.070000,0.000000
1778942770.177362,0,0.000000,5.000000,0.000000,5.000000,1.000000,0.000000,1.000000,2.440000,0.070000,0.280000
1778942770.222381,0,0.000000,5.000000,0.000000,5.000000,0.620000,0.000000,1.000000,0.180000,0.070000,0.000000
1778942770.267134,0,0.000000,5.000000,0.000000,5.000000,1.000000,0.000000,0.120000,0.110000,0.070000,0.140000
1778942770.342502,0,0.000000,5.000000,0.000000,5.000000,1.000000,0.000000,0.560000,0.310000,0.070000,0.000000
1778942770.401622,0,0.000000,5.000000,0.000000,5.000000,1.000000,0.000000,1.000000,0.490000,0.070000,0.000000
1778942770.424743,0,0.000000,5.000000,0.000000,5.000000,1.000000,0.000000,1.000000,2.750000,0.150000,0.000000
1778942770.468995,0,0.000000,5.000000,0.000000,5.000000,0.170000,0.000000,1.000000,1.570000,0.150000,0.000000
1778942770.513067,0,0.000000,5.000000,0.000000,5.000000,1.000000,0.000000,1.000000,1.510000,0.070000,0.000000
1778942770.599346,0,0.000000,5.000000,0.000000,5.000000,1.000000,0.000000,1.000000,1.840000,0.070000,0.000000
1778942770.626513,0,0.000000,5.000000,0.000000,5.000000,1.000000,0.000000,1.000000,2.520000,0.150000,0.000000
1778942770.627035,0,0.000000,5.000000,0.000000,5.000000,1.000000,0.000000,1.000000,2.790000,0.070000,0.000000
1778942770.627420,0,0.000000,5.000000,0.000000,5.000000,1.000000,0.000000,1.000000,2.860000,0.150000,0.000000
1778942770.651244,0,0.000000,5.000000,0.000000,5.000000,1.000000,0.000000,1.000000,2.100000,0.000000,0.000000
1778942770.651736,0,0.000000,5.000000,0.000000,5.000000,1.000000,0.000000,1.000000,2.180000,0.070000,0.000000
1778942770.694318,0,0.000000,5.000000,0.000000,5.000000,1.000000,0.000000,1.000000,2.230000,0.070000,0.000000
1778942770.769909,0,0.000000,5.000000,0.000000,5.000000,1.000000,0.000000,1.000000,2.430000,0.070000,0.000000
1778942770.822076,0,0.000000,5.000000,0.000000,5.000000,1.000000,0.000000,1.000000,2.530000,0.070000,0.280000
1778942770.897038,0,0.000000,5.000000,0.000000,5.000000,1.000000,0.000000,1.000000,2.570000,0.070000,0.000000
1778942770.941954,0,0.000000,5.000000,0.000000,5.000000,1.000000,0.000000,1.000000,2.650000,0.150000,0.000000
1778942770.984791,0,0.000000,5.000000,0.000000,5.000000,1.000000,0.000000,1.000000,2.680000,0.070000,0.000000
1778942771.084284,0,0.000000,5.000000,0.000000,5.000000,1.000000,0.000000,1.000000,2.680000,0.070000,0.000000
1778942771.168356,0,0.000000,5.000000,0.000000,5.000000,1.000000,0.000000,1.000000,2.240000,0.150000,0.000000
1778942771.213781,0,0.000000,5.000000,0.000000,5.000000,1.000000,0.000000,1.000000,2.230000,0.070000,0.000000
1778942771.214318,0,0.000000,5.000000,0.000000,5.000000,1.000000,0.000000,1.000000,2.510000,0.070000,0.140000
1778942771.258382,0,0.000000,5.000000,0.000000,5.000000,0.790000,0.000000,1.000000,2.660000,0.070000,0.000000
1778942771.302911,0,0.000000,5.000000,0.000000,5.000000,1.000000,0.000000,1.000000,2.430000,0.070000,0.000000
1778942771.347283,0,0.000000,5.000000,0.000000,5.000000,1.000000,0.000000,1.000000,2.550000,0.210000,0.000000
1778942771.393467,0,0.000000,5.000000,0.000000,5.000000,1.000000,0.000000,1.000000,2.570000,0.150000,0.000000
1778942771.437879,0,0.000000,5.000000,0.000000,5.000000,1.000000,0.000000,1.000000,2.640000,0.070000,0.000000
1778942771.482889,0,0.000000,5.000000,0.000000,5.000000,1.000000,0.000000,1.000000,2.670000,0.070000,0.000000
1778942771.525891,0,0.000000,5.000000,0.000000,5.000000,1.000000,0.000000,1.000000,2.650000,0.070000,0.140000
1778942771.603479,0,0.000000,5.000000,0.000000,5.000000,1.000000,0.000000,1.000000,2.410000,0.070000,0.000000
1778942771.648301,0,0.000000,5.000000,0.000000,5.000000,1.000000,0.000000,1.000000,2.510000,0.070000,0.000000
1778942771.648830,0,0.000000,5.000000,0.000000,5.000000,1.000000,0.000000,1.000000,2.640000,0.070000,0.000000
1778942771.649225,0,0.000000,5.000000,0.000000,5.000000,1.000000,0.000000,1.000000,2.650000,0.070000,0.580000
1778942771.695425,0,0.000000,5.000000,0.000000,5.000000,1.000000,0.000000,1.000000,2.610000,0.070000,0.000000
1778942771.775440,0,0.000000,0.000000,0.000000,5.000000,1.000000,0.000000,1.000000,2.420000,0.070000,0.000000
1778942771.823092,0,0.000000,0.000000,0.000000,5.000000,1.000000,0.000000,1.000000,2.440000,0.070000,0.000000
1778942771.823634,0,0.000000,0.000000,0.000000,5.000000,1.000000,0.000000,1.000000,2.460000,0.070000,0.000000
1778942771.824036,0,0.000000,0.000000,0.000000,5.000000,1.000000,0.000000,1.000000,2.580000,0.070000,0.000000
1778942771.824425,0,0.000000,0.000000,0.000000,5.000000,0.790000,0.000000,1.000000,2.670000,0.070000,0.000000
1778942771.940945,0,0.000000,0.000000,0.000000,5.000000,1.000000,0.000000,1.000000,2.650000,0.070000,0.000000
1778942771.986264,0,0.000000,0.000000,0.000000,5.000000,1.000000,0.000000,1.000000,2.630000,0.070000,0.000000
1778942772.059546,0,0.000000,0.000000,0.000000,0.000000,1.000000,0.000000,1.000000,2.630000,0.150000,0.000000
1778942772.104658,0,0.000000,0.000000,0.000000,0.000000,1.000000,0.000000,1.000000,2.560000,0.150000,0.000000
1778942772.195181,0,0.000000,0.000000,0.000000,0.000000,1.000000,0.000000,1.000000,1.760000,0.000000,0.000000
1778942772.254351,0,0.000000,0.000000,0.000000,0.000000,1.000000,0.000000,1.000000,2.900000,0.070000,0.000000
1778942772.299925,0,0.000000,0.000000,0.000000,0.000000,1.000000,0.000000,1.000000,4.230000,0.150000,0.000000
1778942772.300434,0,0.000000,0.000000,0.000000,0.000000,1.000000,0.000000,1.000000,3.070000,0.070000,0.000000
1778942772.347206,0,0.000000,0.000000,0.000000,0.000000,1.000000,0.000000,1.000000,3.540000,0.150000,0.000000
1778942772.347723,0,0.000000,0.000000,0.000000,0.000000,1.000000,0.000000,1.000000,3.400000,0.070000,0.000000
1778942772.427628,0,0.000000,0.000000,0.000000,0.000000,1.000000,0.000000,1.000000,3.830000,0.070000,0.000000
1778942772.502843,0,0.000000,0.000000,0.000000,0.000000,1.000000,0.000000,1.000000,3.850000,0.070000,0.000000
1778942772.630790,0,0.000000,0.000000,0.000000,0.000000,1.000000,0.000000,1.000000,3.990000,0.070000,0.000000
1778942772.727266,0,0.000000,0.000000,0.000000,0.000000,1.000000,0.000000,1.000000,4.010000,0.070000,0.000000
1778942772.839773,0,0.000000,0.000000,0.000000,0.000000,1.000000,0.000000,1.000000,4.010000,0.070000,0.000000
1778942772.884079,0,0.000000,0.000000,0.000000,0.000000,1.000000,0.000000,1.000000,3.400000,0.070000,0.000000
1778942773.021734,0,0.000000,0.000000,0.000000,0.000000,1.000000,0.000000,1.000000,4.000000,0.070000,0.000000
1778942773.050608,0,0.000000,0.000000,0.000000,0.000000,1.000000,0.000000,1.000000,4.070000,0.070000,0.000000
1778942773.140967,0,0.000000,0.000000,0.000000,0.000000,1.000000,0.000000,1.000000,4.070000,0.070000,0.140000
1778942773.170744,0,0.000000,0.000000,0.000000,0.000000,1.000000,0.000000,1.000000,4.130000,0.070000,0.000000
1778942773.244691,0,0.000000,0.000000,0.000000,0.000000,1.000000,0.000000,1.000000,4.130000,0.150000,0.000000
1778942773.290557,0,0.000000,0.000000,0.000000,0.000000,1.000000,0.000000,1.000000,4.050000,0.150000,0.000000
1778942773.381309,0,0.000000,0.000000,0.000000,0.000000,1.000000,0.000000,1.000000,4.090000,0.070000,0.000000
1778942773.428475,0,0.000000,0.000000,0.000000,0.000000,1.000000,0.000000,1.000000,4.110000,0.070000,0.000000
1778942773.554959,0,0.000000,0.000000,0.000000,0.000000,1.000000,0.000000,1.000000,4.110000,0.070000,0.000000
1778942773.584486,0,0.000000,0.000000,0.000000,0.000000,1.000000,0.000000,1.000000,4.110000,0.070000,0.000000
1778942773.585002,0,0.000000,0.000000,0.000000,0.000000,1.000000,0.000000,1.000000,4.110000,0.150000,0.000000
1778942773.610052,0,0.000000,0.000000,0.000000,0.000000,1.000000,0.000000,1.000000,4.150000,0.070000,0.000000
1778942773.610562,0,0.000000,0.000000,0.000000,0.000000,1.000000,0.000000,1.000000,4.170000,0.070000,0.140000
1778942773.610950,0,0.000000,0.000000,0.000000,0.000000,1.000000,0.000000,1.000000,4.170000,0.070000,0.000000
1778942773.658723,0,0.000000,5.000000,0.000000,0.000000,1.000000,0.000000,1.000000,4.150000,0.150000,0.000000
1778942773.732161,0,0.000000,5.000000,0.000000,0.000000,1.000000,0.000000,1.000000,4.150000,0.150000,0.000000
1778942773.757698,0,0.000000,5.000000,0.000000,0.000000,1.000000,0.000000,1.000000,4.150000,0.070000,0.000000
1778942773.882920,0,0.000000,5.000000,0.000000,0.000000,1.000000,0.000000,1.000000,4.170000,0.210000,0.000000
1778942773.909022,0,0.000000,5.000000,0.000000,0.000000,1.000000,0.000000,1.000000,4.190000,0.070000,0.000000
1778942773.933767,0,0.000000,5.000000,0.000000,0.000000,0.860000,0.000000,1.000000,4.110000,0.150000,0.000000
1778942773.934284,0,0.000000,5.000000,0.000000,0.000000,0.440000,0.000000,1.000000,4.110000,0.070000,0.000000
1778942773.934667,0,0.000000,5.000000,0.000000,0.000000,0.740000,0.000000,1.000000,4.110000,0.150000,0.000000
1778942773.935042,0,0.000000,5.000000,0.000000,5.000000,1.000000,0.000000,1.000000,3.920000,0.070000,0.000000
1778942773.935434,0,0.000000,5.000000,0.000000,5.000000,0.210000,0.000000,1.000000,3.180000,0.070000,0.000000
1778942773.993944,0,0.000000,5.000000,0.000000,5.000000,0.760000,0.000000,1.000000,2.510000,0.000000,0.000000
1778942774.105663,0,0.000000,5.000000,0.000000,5.000000,1.000000,0.000000,1.000000,1.470000,0.070000,0.000000
1778942774.173314,0,0.000000,5.000000,0.000000,5.000000,1.000000,0.000000,1.000000,0.470000,0.070000,0.000000
1778942774.273029,0,0.000000,5.000000,0.000000,5.000000,1.000000,0.000000,1.000000,0.310000,0.070000,0.140000
1778942774.321616,0,0.000000,5.000000,0.000000,5.000000,1.000000,0.000000,1.000000,0.230000,0.150000,0.000000
1778942774.385092,0,0.000000,5.000000,0.000000,5.000000,0.330000,0.000000,1.000000,0.380000,0.070000,0.000000
1778942774.444357,0,0.000000,5.000000,0.000000,5.000000,1.000000,0.000000,1.000000,1.880000,0.070000,0.000000
1778942774.489190,0,0.000000,5.000000,0.000000,5.000000,1.000000,0.000000,1.000000,3.060000,0.070000,0.000000
1778942774.489711,0,0.000000,5.000000,0.000000,5.000000,1.000000,0.000000,1.000000,2.000000,0.070000,0.000000
1778942774.583039,0,0.000000,5.000000,0.000000,5.000000,1.000000,0.000000,1.000000,2.000000,0.070000,0.000000
1778942774.610599,0,0.000000,5.000000,0.000000,5.000000,1.000000,0.000000,1.000000,2.480000,0.150000,0.000000
1778942774.611093,0,0.000000,5.000000,0.000000,5.000000,1.000000,0.000000,1.000000,2.700000,0.070000,0.000000
1778942774.611493,0,0.000000,5.000000,0.000000,5.000000,1.000000,0.000000,1.000000,2.750000,0.070000,0.000000
1778942774.700965,0,0.000000,5.000000,0.000000,5.000000,1.000000,0.000000,1.000000,2.740000,0.070000,0.000000
1778942774.747661,0,0.000000,5.000000,0.000000,5.000000,0.920000,0.000000,1.000000,2.210000,0.210000,0.000000
1778942774.804716,0,0.000000,5.000000,0.000000,5.000000,1.000000,0.000000,1.000000,2.140000,0.150000,0.000000
1778942774.864155,0,0.000000,5.000000,0.000000,5.000000,1.000000,0.000000,1.000000,2.180000,0.150000,0.000000
1778942774.908742,0,0.000000,5.000000,0.000000,5.000000,1.000000,0.000000,1.000000,2.520000,0.150000,0.000000
1778942774.909275,0,0.000000,5.000000,0.000000,5.000000,1.000000,0.000000,1.000000,2.780000,0.150000,0.000000
1778942774.909677,0,0.000000,5.000000,0.000000,5.000000,1.000000,0.000000,1.000000,2.790000,0.070000,0.000000
1778942774.954654,0,0.000000,5.000000,0.000000,5.000000,1.000000,0.000000,1.000000,2.790000,0.070000,0.000000
1778942775.000560,0,0.000000,5.000000,0.000000,5.000000,0.630000,0.000000,1.000000,2.790000,0.070000,0.000000
1778942775.046037,0,0.000000,5.000000,0.000000,5.000000,1.000000,0.000000,1.000000,2.810000,0.070000,0.000000
1778942775.120250,0,0.000000,5.000000,0.000000,5.000000,1.000000,0.000000,1.000000,2.800000,0.070000,0.000000
1778942775.166728,0,0.000000,5.000000,0.000000,5.000000,1.000000,0.000000,1.000000,2.820000,0.070000,0.000000
1778942775.211153,0,0.000000,5.000000,0.000000,5.000000,1.000000,0.000000,1.000000,2.790000,0.070000,0.000000
1778942775.211651,0,0.000000,5.000000,0.000000,5.000000,0.070000,0.000000,1.000000,2.790000,0.150000,0.000000
1778942775.257748,0,0.000000,5.000000,0.000000,5.000000,1.000000,0.000000,1.000000,2.810000,0.070000,0.000000
1778942775.302495,0,0.000000,5.000000,0.000000,5.000000,1.000000,0.000000,1.000000,2.700000,0.070000,0.000000
1778942775.366940,0,0.000000,5.000000,0.000000,5.000000,1.000000,0.000000,1.000000,2.710000,0.070000,0.000000
1778942775.414324,0,0.000000,5.000000,0.000000,5.000000,1.000000,0.000000,1.000000,2.750000,0.070000,0.000000
1778942775.414849,0,0.000000,5.000000,0.000000,5.000000,1.000000,0.000000,1.000000,2.810000,0.150000,0.000000
1778942775.415240,0,0.000000,5.000000,0.000000,5.000000,1.000000,0.000000,1.000000,2.820000,0.070000,0.000000
1778942775.460165,0,0.000000,5.000000,0.000000,5.000000,1.000000,0.000000,1.000000,2.810000,0.070000,0.000000
1778942775.549633,0,0.000000,5.000000,0.000000,5.000000,0.110000,0.000000,1.000000,2.840000,0.070000,0.140000
1778942775.578698,0,0.000000,5.000000,0.000000,5.000000,0.720000,0.000000,1.000000,2.830000,0.070000,0.000000
1778942775.604081,0,0.000000,5.000000,0.000000,5.000000,1.000000,0.000000,1.000000,2.840000,0.070000,0.280000
1778942775.604593,0,0.000000,5.000000,0.000000,5.000000,1.000000,0.000000,1.000000,2.860000,0.150000,0.000000
1778942775.604986,0,0.000000,5.000000,0.000000,5.000000,1.000000,0.000000,1.000000,2.850000,0.070000,0.000000
1778942775.681304,0,0.000000,5.000000,0.000000,5.000000,1.000000,0.000000,1.000000,2.850000,0.070000,0.140000
1778942775.727181,0,0.000000,5.000000,0.000000,5.000000,1.000000,0.000000,1.000000,2.830000,0.070000,0.000000
1778942775.727753,0,0.000000,0.000000,0.000000,5.000000,1.000000,0.000000,1.000000,2.810000,0.070000,0.000000
1778942775.728189,0,0.000000,0.000000,0.000000,5.000000,1.000000,0.000000,1.000000,2.830000,0.070000,0.000000
1778942775.729511,0,0.000000,0.000000,0.000000,5.000000,1.000000,0.000000,1.000000,2.850000,0.070000,0.000000
1778942775.774969,0,0.000000,0.000000,0.000000,5.000000,0.600000,0.000000,1.000000,2.830000,0.070000,0.000000
1778942775.775488,0,0.000000,0.000000,0.000000,5.000000,1.000000,0.000000,1.000000,2.830000,0.070000,0.140000
1778942775.831937,0,0.000000,0.000000,0.000000,5.000000,1.000000,0.000000,1.000000,2.810000,0.070000,0.000000
1778942775.921632,0,0.000000,0.000000,0.000000,5.000000,0.000000,0.000000,1.000000,2.800000,0.300000,0.000000
1778942776.014730,0,0.000000,0.000000,0.000000,5.000000,0.600000,0.000000,1.000000,2.820000,0.070000,0.000000
1778942776.042614,0,0.000000,0.000000,0.000000,5.000000,1.000000,0.000000,1.000000,2.830000,0.210000,0.000000
1778942776.134604,0,0.000000,0.000000,0.000000,5.000000,1.000000,0.000000,1.000000,2.800000,0.150000,0.000000
1778942776.163481,0,0.000000,0.000000,0.000000,0.000000,1.000000,0.000000,1.000000,2.660000,0.150000,0.000000
1778942776.163984,0,0.000000,0.000000,0.000000,0.000000,1.000000,0.000000,1.000000,3.540000,0.070000,0.000000
1778942776.164374,0,0.000000,0.000000,0.000000,0.000000,1.000000,0.000000,1.000000,4.570000,0.070000,0.000000
1778942776.190513,0,0.000000,0.000000,0.000000,0.000000,1.000000,0.000000,1.000000,4.090000,0.070000,0.000000
1778942776.259195,0,0.000000,0.000000,0.000000,0.000000,1.000000,0.000000,1.000000,3.790000,0.000000,0.000000
1778942776.359329,0,0.000000,0.000000,0.000000,0.000000,1.000000,0.000000,1.000000,3.690000,0.070000,0.000000
1778942776.409842,0,0.000000,0.000000,0.000000,0.000000,1.000000,0.000000,1.000000,3.390000,0.070000,0.000000
1778942776.469776,0,0.000000,0.000000,0.000000,0.000000,1.000000,0.000000,1.000000,3.190000,0.070000,0.000000
1778942776.515917,0,0.000000,0.000000,0.000000,0.000000,1.000000,0.000000,1.000000,3.750000,0.070000,0.140000
1778942776.516427,0,0.000000,0.000000,0.000000,0.000000,1.000000,0.000000,1.000000,4.340000,0.070000,0.000000
1778942776.516814,0,0.000000,0.000000,0.000000,0.000000,1.000000,0.000000,1.000000,4.010000,0.070000,0.000000
1778942776.517232,0,0.000000,0.000000,0.000000,0.000000,1.000000,0.000000,1.000000,3.920000,0.070000,0.000000
1778942776.575475,0,0.000000,0.000000,0.000000,0.000000,1.000000,0.000000,1.000000,3.920000,0.070000,0.000000
1778942776.600466,0,0.000000,0.000000,0.000000,0.000000,1.000000,0.000000,1.000000,3.930000,0.070000,0.000000
1778942776.625693,0,0.000000,0.000000,0.000000,0.000000,1.000000,0.000000,1.000000,3.930000,0.070000,0.000000
1778942776.626272,0,0.000000,0.000000,0.000000,0.000000,1.000000,0.000000,1.000000,3.930000,0.070000,0.140000
1778942776.626697,0,0.000000,0.000000,0.000000,0.000000,1.000000,0.000000,1.000000,3.930000,0.070000,0.000000
1778942776.627110,0,0.000000,0.000000,0.000000,0.000000,1.000000,0.000000,1.000000,3.950000,0.070000,0.000000
1778942776.719028,0,0.000000,0.000000,0.000000,0.000000,1.000000,0.000000,1.000000,4.000000,0.150000,0.000000
1778942776.784389,0,0.000000,0.000000,0.000000,0.000000,1.000000,0.000000,1.000000,4.050000,0.150000,0.000000
1778942776.844816,0,0.000000,0.000000,0.000000,0.000000,1.000000,0.000000,1.000000,4.110000,0.070000,0.000000
1778942776.891194,0,0.000000,0.000000,0.000000,0.000000,1.000000,0.000000,1.000000,4.050000,0.070000,0.000000
1778942776.971871,0,0.000000,0.000000,0.000000,0.000000,1.000000,0.000000,1.000000,4.000000,0.150000,0.000000
1778942777.031874,0,0.000000,0.000000,0.000000,0.000000,1.000000,0.000000,1.000000,3.970000,0.070000,0.000000
1778942777.153945,0,0.000000,0.000000,0.000000,0.000000,0.200000,0.000000,1.000000,3.920000,0.070000,0.000000
1778942777.181062,0,0.000000,0.000000,0.000000,0.000000,1.000000,0.000000,1.000000,4.030000,0.070000,0.000000
1778942777.181554,0,0.000000,0.000000,0.000000,0.000000,1.000000,0.000000,1.000000,4.110000,0.070000,0.000000
1778942777.209041,0,0.000000,0.000000,0.000000,0.000000,0.200000,0.000000,1.000000,3.960000,0.070000,0.000000
1778942777.264625,0,0.000000,0.000000,0.000000,0.000000,0.000000,0.000000,1.000000,3.970000,0.300000,0.000000
1778942777.346544,0,0.000000,0.000000,0.000000,0.000000,1.000000,0.000000,1.000000,4.000000,0.070000,0.000000
1778942777.392729,0,0.000000,0.000000,0.000000,0.000000,1.000000,0.000000,1.000000,4.030000,0.070000,0.140000
1778942777.489647,0,0.000000,0.000000,0.000000,0.000000,1.000000,0.000000,1.000000,4.050000,0.000000,0.000000
1778942777.572871,0,0.000000,0.000000,0.000000,0.000000,1.000000,0.000000,1.000000,4.010000,0.070000,0.000000
1778942777.725198,0,0.000000,0.000000,0.000000,0.000000,1.000000,0.000000,1.000000,4.050000,0.070000,0.000000
1778942777.753894,0,0.000000,0.000000,0.000000,0.000000,1.000000,0.000000,1.000000,4.030000,0.150000,0.000000
1778942777.799578,0,0.000000,0.000000,0.000000,0.000000,1.000000,0.000000,1.000000,4.070000,0.070000,0.000000
1778942777.863809,0,0.000000,0.000000,0.000000,0.000000,1.000000,0.000000,1.000000,4.050000,0.070000,0.000000
1778942777.939745,0,0.000000,5.000000,0.000000,0.000000,1.000000,0.000000,1.000000,4.030000,0.070000,0.000000
1778942777.988511,0,0.000000,5.000000,0.000000,0.000000,1.000000,0.000000,1.000000,4.010000,0.210000,0.000000
1778942777.989039,0,0.000000,5.000000,0.000000,0.000000,1.000000,0.000000,1.000000,3.990000,0.070000,0.000000
1778942777.989453,0,0.000000,5.000000,0.000000,0.000000,1.000000,0.000000,1.000000,4.050000,0.070000,0.000000
1778942777.989865,0,0.000000,5.000000,0.000000,5.000000,1.000000,0.000000,1.000000,4.730000,0.070000,0.000000
1778942778.036064,0,0.000000,5.000000,0.000000,5.000000,1.000000,0.000000,1.000000,0.400000,0.070000,0.000000
1778942778.036589,0,0.000000,5.000000,0.000000,5.000000,1.000000,0.000000,1.000000,0.250000,0.070000,0.000000
1778942778.036992,0,0.000000,5.000000,0.000000,5.000000,1.000000,0.000000,1.000000,0.180000,0.070000,0.000000
1778942778.083712,0,0.000000,5.000000,0.000000,5.000000,1.000000,0.000000,0.050000,0.280000,0.070000,0.000000
1778942778.166804,0,0.000000,5.000000,0.000000,5.000000,1.000000,0.000000,0.370000,0.440000,0.070000,0.000000
1778942778.193813,0,0.000000,5.000000,0.000000,5.000000,1.000000,0.000000,1.000000,0.460000,0.070000,0.000000
1778942778.194405,0,0.000000,5.000000,0.000000,5.000000,1.000000,0.000000,1.000000,0.470000,0.070000,0.000000
1778942778.194885,0,0.000000,5.000000,0.000000,5.000000,1.000000,0.000000,1.000000,3.530000,0.150000,0.000000
1778942778.220657,0,0.000000,5.000000,0.000000,5.000000,1.000000,0.000000,1.000000,2.300000,0.070000,0.000000
1778942778.221159,0,0.000000,5.000000,0.000000,5.000000,1.000000,0.000000,1.000000,4.320000,0.070000,0.000000
1778942778.268678,0,0.000000,5.000000,0.000000,5.000000,1.000000,0.000000,1.000000,4.010000,0.070000,0.000000
1778942778.329569,0,0.000000,5.000000,0.000000,5.000000,1.000000,0.000000,1.000000,3.340000,0.070000,0.000000
1778942778.354986,0,0.000000,5.000000,0.000000,5.000000,1.000000,0.000000,1.000000,2.780000,0.070000,0.000000
1778942778.355559,0,0.000000,5.000000,0.000000,5.000000,1.000000,0.000000,1.000000,2.290000,0.070000,0.000000
1778942778.381165,0,0.000000,5.000000,0.000000,5.000000,1.000000,0.000000,1.000000,1.860000,0.070000,0.000000
1778942778.381663,0,0.000000,5.000000,0.000000,5.000000,1.000000,0.000000,1.000000,1.750000,0.070000,0.000000
1778942778.465519,0,0.000000,5.000000,0.000000,5.000000,1.000000,0.000000,1.000000,1.820000,0.000000,0.000000
1778942778.514368,0,0.000000,5.000000,0.000000,5.000000,1.000000,0.000000,1.000000,1.970000,0.000000,0.000000
1778942778.514894,0,0.000000,5.000000,0.000000,5.000000,1.000000,0.000000,1.000000,2.140000,0.070000,0.000000
1778942778.562086,0,0.000000,5.000000,0.000000,5.000000,1.000000,0.000000,1.000000,2.200000,0.070000,0.000000
1778942778.611342,0,0.000000,5.000000,0.000000,5.000000,1.000000,0.000000,1.000000,2.690000,0.150000,0.000000
1778942778.611864,0,0.000000,5.000000,0.000000,5.000000,1.000000,0.000000,1.000000,2.780000,0.070000,0.000000
1778942778.612264,0,0.000000,5.000000,0.000000,5.000000,1.000000,0.000000,1.000000,2.790000,0.070000,0.000000
1778942778.612829,0,0.000000,5.000000,0.000000,5.000000,1.000000,0.000000,1.000000,2.630000,0.070000,0.000000
1778942778.659650,0,0.000000,5.000000,0.000000,5.000000,1.000000,0.000000,1.000000,2.580000,0.070000,0.000000
1778942778.706632,0,0.000000,5.000000,0.000000,5.000000,1.000000,0.000000,1.000000,2.510000,0.070000,0.000000
1778942778.707312,0,0.000000,5.000000,0.000000,5.000000,1.000000,0.000000,1.000000,2.470000,0.000000,0.000000
1778942778.707732,0,0.000000,5.000000,0.000000,5.000000,1.000000,0.000000,1.000000,2.460000,0.070000,0.000000
1778942778.708116,0,0.000000,5.000000,0.000000,5.000000,0.170000,0.000000,1.000000,2.740000,0.070000,0.000000
1778942778.708485,0,0.000000,5.000000,0.000000,5.000000,0.000000,0.000000,1.000000,2.790000,0.300000,0.000000
1778942778.779245,0,0.000000,5.000000,0.000000,5.000000,0.680000,0.000000,1.000000,2.810000,0.070000,0.000000
1778942778.824891,0,0.000000,5.000000,0.000000,5.000000,1.000000,0.000000,1.000000,2.810000,0.210000,0.000000
1778942778.870921,0,0.000000,5.000000,0.000000,5.000000,1.000000,0.000000,1.000000,2.800000,0.070000,0.000000
1778942778.871614,0,0.000000,5.000000,0.000000,5.000000,1.000000,0.000000,1.000000,2.810000,0.000000,0.000000
1778942778.872042,0,0.000000,5.000000,0.000000,5.000000,0.180000,0.000000,1.000000,2.850000,0.070000,0.000000
1778942778.929437,0,0.000000,5.000000,0.000000,5.000000,1.000000,0.000000,1.000000,2.840000,0.070000,0.000000
1778942778.975136,0,0.000000,5.000000,0.000000,5.000000,1.000000,0.000000,1.000000,2.860000,0.070000,0.000000
1778942778.975899,0,0.000000,5.000000,0.000000,5.000000,1.000000,0.000000,1.000000,2.850000,0.070000,0.280000
1778942779.022753,0,0.000000,5.000000,0.000000,5.000000,1.000000,0.000000,1.000000,2.830000,0.070000,0.000000
1778942779.023259,0,0.000000,5.000000,0.000000,5.000000,1.000000,0.000000,1.000000,2.810000,0.070000,0.000000
1778942779.023650,0,0.000000,5.000000,0.000000,5.000000,1.000000,0.000000,1.000000,2.800000,0.070000,0.000000
1778942779.024027,0,0.000000,5.000000,0.000000,5.000000,1.000000,0.000000,1.000000,2.810000,0.070000,0.000000
1778942779.079307,0,0.000000,5.000000,0.000000,5.000000,1.000000,0.000000,1.000000,2.820000,0.150000,0.000000
1778942779.124974,0,0.000000,5.000000,0.000000,5.000000,1.000000,0.000000,1.000000,2.850000,0.070000,0.000000
1778942779.125459,0,0.000000,5.000000,0.000000,5.000000,1.000000,0.000000,1.000000,2.850000,0.070000,0.000000
1778942779.170756,0,0.000000,5.000000,0.000000,5.000000,1.000000,0.000000,1.000000,2.830000,0.070000,0.000000
1778942779.216606,0,0.000000,5.000000,0.000000,5.000000,1.000000,0.000000,1.000000,2.830000,0.070000,0.000000
1778942779.274122,0,0.000000,5.000000,0.000000,5.000000,1.000000,0.000000,1.000000,2.810000,0.070000,0.000000
1778942779.320178,0,0.000000,5.000000,0.000000,5.000000,1.000000,0.000000,1.000000,2.790000,0.150000,0.000000
1778942779.320701,0,0.000000,5.000000,0.000000,5.000000,1.000000,0.000000,1.000000,2.750000,0.070000,0.000000
1778942779.321105,0,0.000000,5.000000,0.000000,5.000000,1.000000,0.000000,1.000000,2.750000,0.070000,0.280000
1778942779.321475,0,0.000000,5.000000,0.000000,5.000000,0.000000,0.000000,1.000000,2.800000,0.300000,0.000000
1778942779.368576,0,0.000000,5.000000,0.000000,5.000000,1.000000,0.000000,1.000000,2.840000,0.000000,0.000000
1778942779.369107,0,0.000000,5.000000,0.000000,5.000000,1.000000,0.000000,1.000000,2.850000,0.070000,0.000000
1778942779.424706,0,0.000000,5.000000,0.000000,5.000000,1.000000,0.000000,1.000000,2.860000,0.070000,0.000000
1778942779.450242,0,0.000000,5.000000,0.000000,5.000000,1.000000,0.000000,1.000000,2.840000,0.150000,0.000000
1778942779.476293,0,0.000000,5.000000,0.000000,5.000000,1.000000,0.000000,1.000000,2.840000,0.070000,0.000000
1778942779.501431,0,0.000000,5.000000,0.000000,5.000000,1.000000,0.000000,1.000000,2.840000,0.070000,0.000000
1778942779.501966,0,0.000000,5.000000,0.000000,5.000000,1.000000,0.000000,1.000000,2.830000,0.150000,0.000000
1778942779.559214,0,0.000000,5.000000,0.000000,5.000000,1.000000,0.000000,1.000000,2.830000,0.070000,0.000000
1778942779.605360,0,0.000000,5.000000,0.000000,5.000000,0.000000,0.000000,1.000000,2.830000,0.300000,0.000000
1778942779.605875,0,0.000000,5.000000,0.000000,5.000000,0.600000,0.000000,1.000000,2.830000,0.150000,0.000000
1778942779.665910,0,0.000000,5.000000,0.000000,5.000000,1.000000,0.000000,1.000000,2.880000,0.070000,0.000000
1778942779.711313,0,0.000000,5.000000,0.000000,5.000000,1.000000,0.000000,1.000000,2.860000,0.150000,0.000000
1778942779.711841,0,0.000000,5.000000,0.000000,5.000000,1.000000,0.000000,1.000000,2.860000,0.070000,0.000000
1778942779.758274,0,0.000000,5.000000,0.000000,5.000000,1.000000,0.000000,1.000000,2.860000,0.070000,0.000000
1778942779.758799,0,0.000000,0.000000,0.000000,5.000000,1.000000,0.000000,1.000000,2.850000,0.070000,0.000000
1778942779.759485,0,0.000000,0.000000,0.000000,5.000000,1.000000,0.000000,1.000000,2.880000,0.070000,0.000000
1778942779.759960,0,0.000000,0.000000,0.000000,5.000000,1.000000,0.000000,1.000000,2.880000,0.070000,0.140000
1778942779.839010,0,0.000000,0.000000,0.000000,5.000000,1.000000,0.000000,1.000000,2.890000,0.210000,0.000000
1778942779.897147,0,0.000000,0.000000,0.000000,5.000000,1.000000,0.000000,1.000000,2.880000,0.070000,0.000000
1778942779.941982,0,0.000000,0.000000,0.000000,5.000000,1.000000,0.000000,1.000000,2.860000,0.070000,0.000000
1778942779.942498,0,0.000000,0.000000,0.000000,5.000000,1.000000,0.000000,1.000000,2.840000,0.070000,0.000000
1778942779.988051,0,0.000000,0.000000,0.000000,5.000000,1.000000,0.000000,1.000000,2.860000,0.070000,0.000000
1778942780.032573,0,0.000000,0.000000,0.000000,0.000000,1.000000,0.000000,1.000000,2.530000,0.070000,0.000000
1778942780.033277,0,0.000000,0.000000,0.000000,0.000000,0.010000,0.000000,1.000000,2.580000,0.070000,0.000000
1778942780.114635,0,0.000000,0.000000,0.000000,0.000000,0.430000,0.000000,1.000000,2.740000,0.070000,0.000000
1778942780.188609,0,0.000000,0.000000,0.000000,0.000000,1.000000,0.000000,1.000000,4.320000,0.070000,0.000000
1778942780.249360,0,0.000000,0.000000,0.000000,0.000000,1.000000,0.000000,1.000000,4.230000,0.070000,0.000000
1778942780.293603,0,0.000000,0.000000,0.000000,0.000000,1.000000,0.000000,1.000000,4.860000,0.070000,0.000000
1778942780.338463,0,0.000000,0.000000,0.000000,0.000000,1.000000,0.000000,1.000000,4.550000,0.070000,0.000000
1778942780.422473,0,0.000000,0.000000,0.000000,0.000000,0.100000,0.000000,1.000000,3.630000,0.070000,0.000000
1778942780.497332,0,0.000000,0.000000,0.000000,0.000000,1.000000,0.000000,1.000000,3.540000,0.070000,0.000000
1778942780.589381,0,0.000000,0.000000,0.000000,0.000000,1.000000,0.000000,1.000000,3.930000,0.070000,0.000000
1778942780.700986,0,0.000000,0.000000,0.000000,0.000000,1.000000,0.000000,1.000000,4.480000,0.150000,0.000000
1778942780.749828,0,0.000000,0.000000,0.000000,0.000000,1.000000,0.000000,1.000000,3.900000,0.070000,0.000000
1778942780.795205,0,0.000000,0.000000,0.000000,0.000000,0.810000,0.000000,1.000000,3.990000,0.070000,0.000000
1778942780.873495,0,0.000000,0.000000,0.000000,0.000000,1.000000,0.000000,1.000000,4.010000,0.070000,0.430000
1778942780.954310,0,0.000000,0.000000,0.000000,0.000000,1.000000,0.000000,1.000000,4.110000,0.150000,0.000000
1778942781.014487,0,0.000000,0.000000,0.000000,0.000000,0.000000,0.000000,1.000000,4.030000,0.300000,0.000000
1778942781.059085,0,0.000000,0.000000,0.000000,0.000000,0.070000,0.000000,1.000000,4.030000,0.070000,0.140000
1778942781.134747,0,0.000000,0.000000,0.000000,0.000000,0.810000,0.000000,1.000000,4.030000,0.070000,0.000000
1778942781.182273,0,0.000000,0.000000,0.000000,0.000000,1.000000,0.000000,1.000000,4.030000,0.070000,0.000000
1778942781.182962,0,0.000000,0.000000,0.000000,0.000000,1.000000,0.000000,1.000000,4.030000,0.150000,0.000000
1778942781.473317,0,0.000000,0.000000,0.000000,0.000000,1.000000,0.000000,1.000000,4.050000,0.070000,0.000000
1778942781.555511,0,0.000000,0.000000,0.000000,0.000000,0.000000,0.000000,1.000000,4.050000,0.300000,0.000000
1778942781.614124,0,0.000000,0.000000,0.000000,0.000000,0.050000,0.000000,1.000000,4.050000,0.070000,0.000000
1778942781.659728,0,0.000000,0.000000,0.000000,0.000000,1.000000,0.000000,1.000000,4.010000,0.000000,0.000000
1778942781.734842,0,0.000000,0.000000,0.000000,0.000000,1.000000,0.000000,1.000000,4.070000,0.070000,0.000000
1778942781.760732,0,0.000000,0.000000,0.000000,0.000000,1.000000,0.000000,1.000000,4.050000,0.000000,0.000000
1778942781.847729,0,0.000000,0.000000,0.000000,0.000000,1.000000,0.000000,1.000000,4.050000,0.000000,0.000000
1778942781.895046,0,0.000000,5.000000,0.000000,0.000000,1.000000,0.000000,1.000000,4.050000,0.070000,0.000000
1778942781.940569,0,0.000000,5.000000,0.000000,0.000000,1.000000,0.000000,1.000000,4.050000,0.150000,0.000000
1778942781.941283,0,0.000000,5.000000,0.000000,0.000000,1.000000,0.000000,1.000000,4.050000,0.070000,0.430000
1778942782.004287,0,0.000000,5.000000,0.000000,0.000000,1.000000,0.000000,1.000000,4.070000,0.000000,0.000000
1778942782.049018,0,0.000000,5.000000,0.000000,5.000000,1.000000,0.000000,1.000000,4.070000,0.070000,0.000000
1778942782.109544,0,0.000000,5.000000,0.000000,5.000000,1.000000,0.000000,1.000000,4.860000,0.070000,0.000000
1778942782.162889,0,0.000000,5.000000,0.000000,5.000000,1.000000,0.000000,1.000000,3.230000,0.150000,0.000000
1778942782.209440,0,0.000000,5.000000,0.000000,5.000000,1.000000,0.000000,1.000000,0.870000,0.070000,0.000000
1778942782.266970,0,0.000000,5.000000,0.000000,5.000000,1.000000,0.000000,1.000000,0.640000,0.070000,0.000000
1778942782.326768,0,0.000000,5.000000,0.000000,5.000000,1.000000,0.000000,1.000000,0.680000,0.150000,0.000000
1778942782.371352,0,0.000000,5.000000,0.000000,5.000000,1.000000,0.000000,1.000000,1.570000,0.070000,0.000000
1778942782.431124,0,0.000000,5.000000,0.000000,5.000000,0.860000,0.000000,1.000000,3.850000,0.210000,0.000000
1778942782.476219,0,0.000000,5.000000,0.000000,5.000000,1.000000,0.000000,1.000000,3.250000,0.150000,0.000000
1778942782.476737,0,0.000000,5.000000,0.000000,5.000000,1.000000,0.000000,1.000000,2.700000,0.070000,0.000000
1778942782.477136,0,0.000000,5.000000,0.000000,5.000000,1.000000,0.000000,1.000000,2.500000,0.000000,0.140000
1778942782.560892,0,0.000000,5.000000,0.000000,5.000000,1.000000,0.000000,1.000000,2.400000,0.070000,0.000000
1778942782.619488,0,0.000000,5.000000,0.000000,5.000000,1.000000,0.000000,1.000000,3.050000,0.070000,0.000000
1778942782.679686,0,0.000000,5.000000,0.000000,5.000000,1.000000,0.000000,1.000000,3.090000,0.070000,0.000000
1778942782.704419,0,0.000000,5.000000,0.000000,5.000000,1.000000,0.000000,1.000000,3.090000,0.070000,0.000000
1778942782.749452,0,0.000000,5.000000,0.000000,5.000000,1.000000,0.000000,1.000000,3.140000,0.070000,0.000000
1778942782.749993,0,0.000000,5.000000,0.000000,5.000000,1.000000,0.000000,1.000000,3.070000,0.150000,0.000000
1778942782.796260,0,0.000000,5.000000,0.000000,5.000000,1.000000,0.000000,1.000000,2.840000,0.070000,0.000000
1778942782.883125,0,0.000000,5.000000,0.000000,5.000000,0.370000,0.000000,1.000000,3.050000,0.070000,0.000000
1778942782.987648,0,0.000000,5.000000,0.000000,5.000000,1.000000,0.000000,1.000000,3.190000,0.070000,0.000000
1778942783.034896,0,0.000000,5.000000,0.000000,5.000000,1.000000,0.000000,1.000000,3.270000,0.070000,0.000000
1778942783.035438,0,0.000000,5.000000,0.000000,5.000000,1.000000,0.000000,1.000000,3.250000,0.070000,0.000000
1778942783.035846,0,0.000000,5.000000,0.000000,5.000000,1.000000,0.000000,1.000000,3.240000,0.150000,0.000000
1778942783.091833,0,0.000000,5.000000,0.000000,5.000000,1.000000,0.000000,1.000000,3.230000,0.070000,0.000000
1778942783.116006,0,0.000000,5.000000,0.000000,5.000000,0.370000,0.000000,1.000000,3.250000,0.210000,0.140000
1778942783.161546,0,0.000000,5.000000,0.000000,5.000000,1.000000,0.000000,1.000000,3.250000,0.070000,0.000000
1778942783.162232,0,0.000000,5.000000,0.000000,5.000000,1.000000,0.000000,1.000000,3.260000,0.150000,0.000000
1778942783.162646,0,0.000000,5.000000,0.000000,5.000000,0.000000,0.000000,1.000000,3.250000,0.980000,0.000000
1778942783.208717,0,0.000000,5.000000,0.000000,5.000000,0.870000,0.000000,1.000000,3.250000,0.070000,0.000000
1778942783.256523,0,0.000000,5.000000,0.000000,5.000000,1.000000,0.000000,1.000000,3.250000,0.070000,0.000000
1778942783.301648,0,0.000000,5.000000,0.000000,5.000000,1.000000,0.000000,1.000000,3.220000,0.070000,0.000000
1778942783.347070,0,0.000000,5.000000,0.000000,5.000000,1.000000,0.000000,1.000000,3.220000,0.070000,0.000000
1778942783.422266,0,0.000000,5.000000,0.000000,5.000000,1.000000,0.000000,1.000000,3.220000,0.070000,0.000000
1778942783.467417,0,0.000000,5.000000,0.000000,5.000000,0.820000,0.000000,1.000000,3.250000,0.070000,0.000000
1778942783.467976,0,0.000000,5.000000,0.000000,5.000000,1.000000,0.000000,1.000000,3.260000,0.070000,0.000000
1778942783.469238,0,0.000000,5.000000,0.000000,5.000000,1.000000,0.000000,1.000000,3.260000,0.070000,0.000000
1778942783.513811,0,0.000000,5.000000,0.000000,5.000000,1.000000,0.000000,1.000000,3.260000,0.070000,0.000000
1778942783.571406,0,0.000000,5.000000,0.000000,5.000000,0.430000,0.000000,1.000000,3.240000,0.070000,0.000000
1778942783.596120,0,0.000000,5.000000,0.000000,5.000000,1.000000,0.000000,1.000000,3.250000,0.070000,0.000000
1778942783.641751,0,0.000000,5.000000,0.000000,5.000000,0.200000,0.000000,1.000000,3.250000,0.000000,0.000000
1778942783.686767,0,0.000000,5.000000,0.000000,5.000000,1.000000,0.000000,1.000000,3.270000,0.210000,0.000000
1778942783.687295,0,0.000000,5.000000,0.000000,5.000000,1.000000,0.000000,1.000000,3.280000,0.150000,0.000000
1778942783.687710,0,0.000000,5.000000,0.000000,5.000000,1.000000,0.000000,1.000000,3.270000,0.070000,0.000000
1778942783.768067,0,0.000000,0.000000,0.000000,5.000000,1.000000,0.000000,1.000000,3.250000,0.070000,0.000000
1778942783.827157,0,0.000000,0.000000,0.000000,5.000000,0.360000,0.000000,1.000000,3.240000,0.150000,0.000000
1778942783.872626,0,0.000000,0.000000,0.000000,5.000000,0.950000,0.000000,1.000000,3.250000,0.070000,0.000000
1778942783.873297,0,0.000000,0.000000,0.000000,5.000000,1.000000,0.000000,1.000000,3.250000,0.070000,0.000000
1778942783.917557,0,0.000000,0.000000,0.000000,5.000000,1.000000,0.000000,1.000000,3.260000,0.070000,0.000000
1778942783.918075,0,0.000000,0.000000,0.000000,5.000000,1.000000,0.000000,1.000000,3.260000,0.070000,0.000000
1778942783.918652,0,0.000000,0.000000,0.000000,0.000000,1.000000,0.000000,1.000000,3.250000,0.070000,0.000000
1778942783.962549,0,0.000000,0.000000,0.000000,0.000000,1.000000,0.000000,1.000000,3.270000,0.070000,0.000000
1778942784.061834,0,0.000000,0.000000,0.000000,0.000000,1.000000,0.000000,1.000000,2.800000,0.070000,0.000000
1778942784.110839,0,0.000000,0.000000,0.000000,0.000000,1.000000,0.000000,1.000000,2.750000,0.070000,0.000000
1778942784.111524,0,0.000000,0.000000,0.000000,0.000000,1.000000,0.000000,1.000000,2.750000,0.150000,0.000000
1778942784.155542,0,0.000000,0.000000,0.000000,0.000000,1.000000,0.000000,1.000000,3.070000,0.070000,0.000000
1778942784.200675,0,0.000000,0.000000,0.000000,0.000000,1.000000,0.000000,1.000000,5.050000,0.070000,0.000000
1778942784.301706,0,0.000000,0.000000,0.000000,0.000000,1.000000,0.000000,1.000000,3.650000,0.070000,0.000000
1778942784.328003,0,0.000000,0.000000,0.000000,0.000000,1.000000,0.000000,1.000000,4.050000,0.070000,0.000000
1778942784.373138,0,0.000000,0.000000,0.000000,0.000000,0.800000,0.000000,1.000000,3.960000,0.150000,0.000000
1778942784.489502,0,0.000000,0.000000,0.000000,0.000000,1.000000,0.000000,1.000000,3.800000,0.070000,0.000000
1778942784.517144,0,0.000000,0.000000,0.000000,0.000000,1.000000,0.000000,1.000000,3.900000,0.210000,0.000000
1778942784.517961,0,0.000000,0.000000,0.000000,0.000000,0.150000,0.000000,1.000000,4.150000,0.210000,0.000000
1778942784.518398,0,0.000000,0.000000,0.000000,0.000000,0.920000,0.000000,1.000000,4.050000,0.070000,0.000000
1778942784.647041,0,0.000000,0.000000,0.000000,0.000000,1.000000,0.000000,1.000000,4.170000,0.070000,0.000000
1778942784.736268,0,0.000000,0.000000,0.000000,0.000000,1.000000,0.000000,1.000000,4.170000,0.000000,0.000000
1778942784.782453,0,0.000000,0.000000,0.000000,0.000000,1.000000,0.000000,1.000000,4.130000,0.070000,0.000000
1778942784.861978,0,0.000000,0.000000,0.000000,0.000000,1.000000,0.000000,1.000000,4.170000,0.070000,0.000000
1778942784.887255,0,0.000000,0.000000,0.000000,0.000000,1.000000,0.000000,1.000000,4.170000,0.210000,0.000000
1778942784.887758,0,0.000000,0.000000,0.000000,0.000000,1.000000,0.000000,1.000000,4.170000,0.070000,0.000000
1778942784.911854,0,0.000000,0.000000,0.000000,0.000000,1.000000,0.000000,1.000000,4.150000,0.070000,0.000000
1778942784.912359,0,0.000000,0.000000,0.000000,0.000000,1.000000,0.000000,1.000000,4.170000,0.070000,0.000000
1778942784.912755,0,0.000000,0.000000,0.000000,0.000000,0.070000,0.000000,1.000000,4.230000,0.070000,0.000000
1778942784.990100,0,0.000000,0.000000,0.000000,0.000000,0.680000,0.000000,1.000000,4.210000,0.070000,0.140000
1778942785.049167,0,0.000000,0.000000,0.000000,0.000000,1.000000,0.000000,1.000000,4.130000,0.070000,0.000000
1778942785.092766,0,0.000000,0.000000,0.000000,0.000000,1.000000,0.000000,1.000000,4.170000,0.070000,0.000000
1778942785.093290,0,0.000000,0.000000,0.000000,0.000000,1.000000,0.000000,1.000000,4.130000,0.070000,0.000000
1778942785.179345,0,0.000000,0.000000,0.000000,0.000000,1.000000,0.000000,1.000000,4.170000,0.070000,0.000000
1778942785.268362,0,0.000000,0.000000,0.000000,0.000000,1.000000,0.000000,1.000000,4.170000,0.070000,0.000000
1778942785.351055,0,0.000000,0.000000,0.000000,0.000000,1.000000,0.000000,1.000000,4.170000,0.150000,0.000000
1778942785.399245,0,0.000000,0.000000,0.000000,0.000000,1.000000,0.000000,1.000000,4.170000,0.070000,0.000000
1778942785.454433,0,0.000000,0.000000,0.000000,0.000000,1.000000,0.000000,1.000000,4.190000,0.070000,0.000000
1778942785.620606,0,0.000000,0.000000,0.000000,0.000000,1.000000,0.000000,1.000000,4.210000,0.000000,0.000000
1778942785.648685,0,0.000000,0.000000,0.000000,0.000000,1.000000,0.000000,1.000000,4.190000,0.070000,0.000000
1778942785.692173,0,0.000000,0.000000,0.000000,0.000000,1.000000,0.000000,1.000000,4.190000,0.070000,0.000000
1778942785.796306,0,0.000000,0.000000,0.000000,0.000000,1.000000,0.000000,1.000000,4.170000,0.210000,0.000000
1778942785.797696,0,0.000000,0.000000,0.000000,0.000000,1.000000,0.000000,1.000000,4.170000,0.070000,0.000000
1778942785.922966,0,0.000000,0.000000,0.000000,0.000000,1.000000,0.000000,1.000000,4.210000,0.070000,0.000000
1778942786.040166,0,0.000000,0.000000,0.000000,0.000000,1.000000,0.000000,1.000000,4.210000,0.000000,0.000000
1778942786.086874,0,0.000000,0.000000,0.000000,0.000000,0.030000,0.000000,1.000000,4.210000,0.070000,0.000000
1778942786.131299,0,0.000000,0.000000,0.000000,0.000000,0.810000,0.000000,1.000000,4.230000,0.070000,0.000000
1778942786.227211,0,0.000000,0.000000,0.000000,0.000000,1.000000,0.000000,1.000000,4.210000,0.070000,0.000000
1778942786.272199,0,0.000000,0.000000,0.000000,0.000000,1.000000,0.000000,1.000000,4.210000,0.070000,0.000000
1778942786.272729,0,0.000000,0.000000,0.000000,0.000000,1.000000,0.000000,1.000000,4.170000,0.070000,0.000000
1778942786.316801,0,0.000000,0.000000,0.000000,0.000000,1.000000,0.000000,1.000000,4.210000,0.070000,0.000000
1778942786.361873,0,0.000000,0.000000,0.000000,0.000000,1.000000,0.000000,1.000000,4.150000,0.070000,0.000000
1778942786.406774,0,0.000000,0.000000,0.000000,0.000000,1.000000,0.000000,1.000000,4.210000,0.070000,0.000000
1778942786.499993,0,0.000000,0.000000,0.000000,0.000000,0.100000,0.000000,1.000000,4.210000,0.070000,0.000000
1778942786.501404,0,0.000000,0.000000,0.000000,0.000000,0.880000,0.000000,1.000000,4.230000,0.070000,0.000000
1778942786.722675,0,0.000000,0.000000,0.000000,0.000000,1.000000,0.000000,1.000000,4.210000,0.070000,0.000000
1778942786.770716,0,0.000000,0.000000,0.000000,0.000000,1.000000,0.000000,1.000000,4.210000,0.070000,0.000000
1778942786.889098,0,0.000000,0.000000,0.000000,0.000000,1.000000,0.000000,1.000000,4.230000,0.070000,0.000000
1778942786.939706,0,0.000000,0.000000,0.000000,0.000000,1.000000,0.000000,1.000000,4.170000,0.210000,0.000000
1778942787.036306,0,0.000000,0.000000,0.000000,0.000000,1.000000,0.000000,1.000000,4.210000,0.070000,0.000000
1778942787.080566,0,0.000000,0.000000,0.000000,0.000000,1.000000,0.000000,1.000000,4.210000,0.070000,0.000000
1778942787.172612,0,0.000000,0.000000,0.000000,0.000000,1.000000,0.000000,1.000000,4.190000,0.150000,0.000000
1778942787.218793,0,0.000000,0.000000,0.000000,0.000000,1.000000,0.000000,1.000000,4.170000,0.070000,0.000000
1778942787.219311,0,0.000000,0.000000,0.000000,0.000000,1.000000,0.000000,1.000000,4.170000,0.070000,0.000000
1778942787.219708,0,0.000000,0.000000,0.000000,0.000000,0.000000,0.000000,1.000000,4.230000,0.300000,0.000000
1778942787.264527,0,0.000000,0.000000,0.000000,0.000000,1.000000,0.000000,1.000000,4.170000,0.070000,0.000000
1778942787.337435,0,0.000000,0.000000,0.000000,0.000000,1.000000,0.000000,1.000000,4.190000,0.070000,0.000000
1778942787.361428,0,0.000000,0.000000,0.000000,0.000000,1.000000,0.000000,1.000000,4.190000,0.070000,0.000000
1778942787.361913,0,0.000000,0.000000,0.000000,0.000000,1.000000,0.000000,1.000000,4.130000,0.070000,0.000000
1778942787.434426,0,0.000000,0.000000,0.000000,0.000000,1.000000,0.000000,1.000000,4.190000,0.070000,0.000000
1778942787.460127,0,0.000000,0.000000,0.000000,0.000000,1.000000,0.000000,1.000000,4.170000,0.070000,0.000000
1778942787.578721,0,0.000000,0.000000,0.000000,0.000000,1.000000,0.000000,1.000000,4.260000,0.070000,0.000000
1778942787.626966,0,0.000000,0.000000,0.000000,0.000000,1.000000,0.000000,1.000000,4.230000,0.000000,0.000000
1778942787.892370,0,0.000000,0.000000,0.000000,0.000000,1.000000,0.000000,1.000000,4.230000,0.070000,0.140000
1778942787.937786,0,0.000000,0.000000,0.000000,0.000000,1.000000,0.000000,1.000000,4.550000,0.070000,0.000000
1778942787.938311,0,0.000000,0.000000,0.000000,0.000000,1.000000,0.000000,1.000000,4.190000,0.070000,0.000000
1778942787.982629,0,0.000000,0.000000,0.000000,0.000000,1.000000,0.000000,1.000000,4.190000,0.070000,0.000000
1778942787.983137,0,0.000000,0.000000,0.000000,0.000000,1.000000,0.000000,1.000000,4.280000,0.070000,0.000000
1778942787.983531,0,0.000000,0.000000,0.000000,0.000000,1.000000,0.000000,1.000000,4.190000,0.070000,0.000000
1778942788.029510,0,0.000000,0.000000,0.000000,0.000000,1.000000,0.000000,1.000000,4.190000,0.070000,0.000000
1778942788.102504,0,0.000000,0.000000,0.000000,0.000000,1.000000,0.000000,1.000000,4.170000,0.070000,0.000000
1778942788.148581,0,0.000000,0.000000,0.000000,0.000000,0.020000,0.000000,1.000000,4.210000,0.070000,0.000000
1778942788.149257,0,0.000000,0.000000,0.000000,0.000000,0.310000,0.000000,1.000000,4.210000,0.070000,0.280000
1778942788.149699,0,0.000000,0.000000,0.000000,0.000000,0.870000,0.000000,1.000000,4.170000,0.070000,0.000000
1778942788.150081,0,0.000000,0.000000,0.000000,0.000000,1.000000,0.000000,1.000000,4.320000,0.070000,0.000000
1778942788.150451,0,0.000000,0.000000,0.000000,0.000000,0.340000,0.000000,1.000000,4.730000,0.150000,0.000000
1778942788.229599,0,0.000000,0.000000,0.000000,0.000000,0.720000,0.000000,1.000000,4.760000,0.070000,0.000000
1778942788.282447,0,0.000000,0.000000,0.000000,0.000000,0.920000,0.000000,1.000000,4.760000,0.150000,0.000000
1778942788.381006,0,0.000000,0.000000,0.000000,0.000000,1.000000,0.000000,1.000000,4.800000,0.070000,0.000000
1778942788.492605,0,0.000000,0.000000,0.000000,0.000000,1.000000,0.000000,1.000000,4.820000,0.070000,0.000000
1778942788.544972,0,0.000000,0.000000,0.000000,0.000000,1.000000,0.000000,1.000000,4.760000,0.000000,0.000000
1778942788.545478,0,0.000000,0.000000,0.000000,0.000000,0.050000,0.000000,1.000000,4.230000,0.150000,0.000000
1778942788.545859,0,0.000000,0.000000,0.000000,0.000000,0.280000,0.000000,1.000000,4.210000,0.150000,0.000000
1778942788.546249,0,0.000000,0.000000,0.000000,0.000000,0.980000,0.000000,1.000000,4.170000,0.150000,0.000000
1778942788.604503,0,0.000000,0.000000,0.000000,0.000000,1.000000,0.000000,1.000000,4.110000,0.000000,0.000000
1778942788.689152,0,0.000000,0.000000,0.000000,0.000000,1.000000,0.000000,1.000000,4.130000,0.070000,0.000000
1778942788.690461,0,0.000000,0.000000,0.000000,0.000000,0.010000,0.000000,1.000000,4.130000,0.000000,0.000000
1778942788.736328,0,0.000000,0.000000,0.000000,0.000000,0.100000,0.000000,1.000000,4.090000,0.070000,0.000000
1778942788.868490,0,0.000000,0.000000,0.000000,0.000000,0.340000,0.000000,1.000000,4.110000,0.000000,0.000000
1778942788.919866,0,0.000000,0.000000,0.000000,0.000000,0.000000,0.000000,1.000000,4.130000,0.300000,0.000000
1778942788.995242,0,0.000000,0.000000,0.000000,0.000000,0.210000,0.000000,1.000000,4.190000,0.150000,0.000000
1778942789.040934,0,0.000000,0.000000,0.000000,0.000000,0.310000,0.000000,1.000000,4.210000,0.070000,0.000000
1778942789.114745,0,0.000000,0.000000,0.000000,0.000000,0.560000,0.000000,1.000000,4.230000,0.070000,0.000000
1778942789.160697,0,0.000000,0.000000,0.000000,0.000000,0.620000,0.000000,1.000000,4.210000,0.070000,0.000000
1778942789.280531,0,0.000000,0.000000,0.000000,0.000000,0.800000,0.000000,1.000000,4.230000,0.070000,0.000000
1778942789.288315,0,0.000000,0.000000,0.000000,0.000000,0.180000,0.000000,1.000000,4.230000,0.150000,0.000000
1778942789.291157,0,0.000000,0.000000,0.000000,0.000000,0.380000,0.000000,1.000000,4.190000,0.070000,0.000000
1778942789.291573,0,0.000000,0.000000,0.000000,0.000000,0.930000,0.000000,1.000000,4.190000,0.150000,0.000000
1778942789.317062,0,0.000000,0.000000,0.000000,0.000000,1.000000,0.000000,1.000000,4.230000,0.070000,0.000000
1778942789.339262,0,0.000000,0.000000,0.000000,0.000000,1.000000,0.000000,1.000000,4.210000,0.070000,0.000000
1778942789.430870,0,0.000000,0.000000,0.000000,0.000000,1.000000,0.000000,1.000000,4.210000,0.000000,0.000000
1778942789.542246,0,0.000000,0.000000,0.000000,0.000000,1.000000,0.000000,1.000000,4.230000,0.070000,0.000000
1778942789.543148,0,0.000000,0.000000,0.000000,0.000000,1.000000,0.000000,1.000000,4.230000,0.070000,0.000000
1778942789.549344,0,0.000000,0.000000,0.000000,0.000000,1.000000,0.000000,1.000000,4.280000,0.070000,0.000000
1778942789.550785,0,0.000000,0.000000,0.000000,0.000000,1.000000,0.000000,1.000000,4.170000,0.070000,0.000000
1778942789.565794,0,0.000000,0.000000,0.000000,0.000000,1.000000,0.000000,1.000000,4.190000,0.000000,0.000000
1778942789.604216,0,0.000000,0.000000,0.000000,0.000000,1.000000,0.000000,1.000000,4.170000,0.070000,0.000000
1778942789.620248,0,0.000000,0.000000,0.000000,0.000000,0.070000,0.000000,1.000000,4.230000,0.150000,0.140000
1778942789.622748,0,0.000000,0.000000,0.000000,0.000000,0.170000,0.000000,1.000000,4.230000,0.070000,0.000000
1778942789.623564,0,0.000000,0.000000,0.000000,0.000000,0.270000,0.000000,1.000000,4.190000,0.070000,0.140000
1778942789.624362,0,0.000000,0.000000,0.000000,0.000000,0.370000,0.000000,1.000000,4.190000,0.150000,0.000000
1778942789.639372,0,0.000000,0.000000,0.000000,0.000000,0.500000,0.000000,1.000000,4.230000,0.070000,0.000000
1778942789.653984,0,0.000000,0.000000,0.000000,0.000000,0.600000,0.000000,1.000000,4.230000,0.070000,0.000000
1778942789.677825,0,0.000000,0.000000,0.000000,0.000000,0.700000,0.000000,1.000000,4.230000,0.070000,0.000000
1778942789.696235,0,0.000000,0.000000,0.000000,0.000000,0.810000,0.000000,1.000000,4.210000,0.070000,0.000000
1778942789.697275,0,0.000000,0.000000,0.000000,0.000000,0.930000,0.000000,1.000000,4.230000,0.070000,0.140000
1778942789.731302,0,0.000000,0.000000,0.000000,0.000000,1.000000,0.000000,1.000000,4.190000,0.150000,0.000000
1778942789.759710,0,0.000000,0.000000,0.000000,0.000000,1.000000,0.000000,1.000000,4.190000,0.000000,0.000000
1778942789.858054,0,0.000000,0.000000,0.000000,0.000000,1.000000,0.000000,1.000000,4.230000,0.070000,0.140000
1778942789.934218,0,0.000000,0.000000,0.000000,0.000000,1.000000,0.000000,1.000000,4.190000,0.070000,0.000000
1778942789.957044,0,0.000000,0.000000,0.000000,0.000000,0.070000,0.000000,1.000000,4.230000,0.070000,0.000000
1778942790.066675,0,0.000000,0.000000,0.000000,0.000000,0.150000,0.000000,1.000000,4.190000,0.070000,0.000000
1778942790.112732,0,0.000000,0.000000,0.000000,0.000000,0.400000,0.000000,1.000000,4.210000,0.070000,0.000000
1778942790.142617,0,0.000000,0.000000,0.000000,0.000000,0.740000,0.000000,1.000000,4.210000,0.070000,0.000000
1778942790.149750,0,0.000000,0.000000,0.000000,0.000000,0.250000,0.000000,1.000000,4.230000,0.070000,0.000000
1778942790.151823,0,0.000000,0.000000,0.000000,0.000000,0.400000,0.000000,1.000000,4.190000,0.070000,0.000000
1778942790.182218,0,0.000000,0.000000,0.000000,0.000000,0.970000,0.000000,1.000000,4.170000,0.210000,0.000000
1778942790.183827,0,0.000000,0.000000,0.000000,0.000000,1.000000,0.000000,1.000000,4.210000,0.070000,0.000000
1778942790.184601,0,0.000000,0.000000,0.000000,0.000000,1.000000,0.000000,1.000000,4.190000,0.070000,0.140000
1778942790.185148,0,0.000000,0.000000,0.000000,0.000000,1.000000,0.000000,1.000000,4.260000,0.070000,0.000000
1778942790.212769,0,0.000000,0.000000,0.000000,0.000000,1.000000,0.000000,1.000000,4.280000,0.070000,0.140000
1778942790.215930,0,0.000000,0.000000,0.000000,0.000000,1.000000,0.000000,1.000000,4.210000,0.070000,0.000000
1778942790.254865,0,0.000000,0.000000,0.000000,0.000000,1.000000,0.000000,1.000000,4.170000,0.070000,0.000000
1778942790.256120,0,0.000000,0.000000,0.000000,0.000000,1.000000,0.000000,1.000000,4.170000,0.070000,0.000000
1778942790.286321,0,0.000000,0.000000,0.000000,0.000000,1.000000,0.000000,1.000000,4.170000,0.070000,0.000000
1778942790.308007,0,0.000000,0.000000,0.000000,0.000000,1.000000,0.000000,1.000000,4.130000,0.070000,0.000000
1778942790.330495,0,0.000000,0.000000,0.000000,0.000000,1.000000,0.000000,1.000000,4.130000,0.070000,0.000000
1778942790.376548,0,0.000000,0.000000,0.000000,0.000000,1.000000,0.000000,1.000000,4.170000,0.150000,0.000000
1778942790.377853,0,0.000000,0.000000,0.000000,0.000000,1.000000,0.000000,1.000000,4.190000,0.070000,0.000000
1778942790.451272,0,0.000000,0.000000,0.000000,0.000000,1.000000,0.000000,1.000000,4.190000,0.150000,0.000000
1778942790.472669,0,0.000000,0.000000,0.000000,0.000000,1.000000,0.000000,1.000000,4.210000,0.070000,0.000000
1778942790.479626,0,0.000000,0.000000,0.000000,0.000000,0.070000,0.000000,1.000000,4.210000,0.070000,0.000000
1778942790.481250,0,0.000000,0.000000,0.000000,0.000000,0.150000,0.000000,1.000000,4.170000,0.070000,0.000000
1778942790.555436,0,0.000000,0.000000,0.000000,0.000000,0.400000,0.000000,1.000000,4.210000,0.070000,0.000000
1778942790.584964,0,0.000000,0.000000,0.000000,0.000000,0.560000,0.000000,1.000000,4.170000,0.070000,0.000000
1778942790.690264,0,0.000000,0.000000,0.000000,0.000000,0.630000,0.000000,1.000000,4.230000,0.070000,0.000000
1778942790.737290,0,0.000000,0.000000,0.000000,0.000000,0.720000,0.000000,1.000000,4.170000,0.000000,0.000000
1778942790.758743,0,0.000000,0.000000,0.000000,0.000000,0.940000,0.000000,1.000000,4.190000,0.070000,0.430000
1778942790.761055,0,0.000000,0.000000,0.000000,0.000000,1.000000,0.000000,1.000000,4.230000,0.150000,0.000000
1778942790.761795,0,0.000000,0.000000,0.000000,0.000000,1.000000,0.000000,1.000000,4.190000,0.070000,0.000000
1778942790.762347,0,0.000000,0.000000,0.000000,0.000000,1.000000,0.000000,1.000000,4.210000,0.070000,0.000000
1778942790.803312,0,0.000000,0.000000,0.000000,0.000000,0.090000,0.000000,1.000000,4.260000,0.070000,0.000000
1778942790.825586,0,0.000000,0.000000,0.000000,0.000000,0.150000,0.000000,1.000000,4.230000,0.070000,0.000000
1778942790.865037,0,0.000000,0.000000,0.000000,0.000000,0.210000,0.000000,1.000000,4.230000,0.070000,0.000000
1778942790.866709,0,0.000000,0.000000,0.000000,0.000000,0.280000,0.000000,1.000000,4.210000,0.070000,0.000000
1778942790.868078,0,0.000000,0.000000,0.000000,0.000000,0.340000,0.000000,1.000000,4.210000,0.070000,0.000000
1778942790.868739,0,0.000000,0.000000,0.000000,0.000000,0.460000,0.000000,1.000000,4.210000,0.150000,0.140000
1778942790.901886,0,0.000000,0.000000,0.000000,0.000000,0.570000,0.000000,1.000000,4.230000,0.070000,0.000000
1778942790.904082,0,0.000000,0.000000,0.000000,0.000000,0.640000,0.000000,1.000000,4.210000,0.070000,0.000000
1778942790.905124,0,0.000000,0.000000,0.000000,0.000000,0.020000,0.000000,1.000000,4.210000,0.070000,0.000000
1778942790.931948,0,0.000000,0.000000,0.000000,0.000000,0.090000,0.000000,1.000000,4.210000,0.070000,0.000000
1778942790.948049,0,0.000000,0.000000,0.000000,0.000000,0.150000,0.000000,1.000000,4.210000,0.070000,0.000000
1778942790.960598,0,0.000000,0.000000,0.000000,0.000000,0.210000,0.000000,1.000000,4.190000,0.070000,0.000000
1778942790.998644,0,0.000000,0.000000,0.000000,0.000000,0.280000,0.000000,1.000000,4.210000,0.070000,0.000000
1778942791.013930,0,0.000000,0.000000,0.000000,0.000000,0.360000,0.000000,1.000000,4.190000,0.070000,0.000000
1778942791.019691,0,0.000000,0.000000,0.000000,0.000000,0.430000,0.000000,1.000000,4.210000,0.070000,0.000000
1778942791.071799,0,0.000000,0.000000,0.000000,0.000000,0.500000,0.000000,1.000000,4.230000,0.070000,0.000000
1778942791.133937,0,0.000000,0.000000,0.000000,0.000000,0.020000,0.000000,1.000000,4.210000,0.070000,0.000000
1778942791.138309,0,0.000000,0.000000,0.000000,0.000000,0.100000,0.000000,1.000000,4.230000,0.070000,0.000000
1778942791.139137,0,0.000000,0.000000,0.000000,0.000000,0.180000,0.000000,1.000000,4.230000,0.070000,0.000000
1778942791.139705,0,0.000000,0.000000,0.000000,0.000000,0.310000,0.000000,1.000000,4.230000,0.070000,0.000000
1778942791.162134,0,0.000000,0.000000,0.000000,0.000000,0.070000,0.000000,1.000000,4.230000,0.070000,0.000000
1778942791.208250,0,0.000000,0.000000,0.000000,0.000000,0.170000,0.000000,1.000000,4.230000,0.070000,0.000000
1778942791.233464,0,0.000000,0.000000,0.000000,0.000000,0.300000,0.000000,1.000000,4.210000,0.070000,0.000000
1778942791.234633,0,0.000000,0.000000,0.000000,0.000000,0.400000,0.000000,1.000000,4.230000,0.150000,0.000000
1778942791.358824,0,0.000000,0.000000,0.000000,0.000000,0.510000,0.000000,1.000000,4.230000,0.150000,0.000000
1778942791.410326,0,0.000000,0.000000,0.000000,0.000000,0.630000,0.000000,1.000000,4.210000,0.070000,0.000000
1778942791.433326,0,0.000000,0.000000,0.000000,0.000000,0.750000,0.000000,1.000000,4.230000,0.070000,0.000000
1778942791.440236,0,0.000000,0.000000,0.000000,0.000000,0.870000,0.000000,1.000000,4.230000,0.070000,0.000000
1778942791.494722,0,0.000000,0.000000,0.000000,0.000000,1.000000,0.000000,1.000000,4.210000,0.150000,0.000000
1778942791.547113,0,0.000000,0.000000,0.000000,0.000000,1.000000,0.000000,1.000000,4.230000,0.070000,0.000000
1778942791.550220,0,0.000000,0.000000,0.000000,0.000000,1.000000,0.000000,1.000000,4.230000,0.070000,0.000000
1778942791.550989,0,0.000000,0.000000,0.000000,0.000000,1.000000,0.000000,1.000000,4.230000,0.150000,0.000000
1778942791.551639,0,0.000000,0.000000,0.000000,0.000000,1.000000,0.000000,1.000000,4.210000,0.070000,0.000000
1778942791.591297,0,0.000000,0.000000,0.000000,0.000000,0.000000,0.000000,1.000000,4.210000,0.070000,0.000000
1778942791.599250,0,0.000000,0.000000,0.000000,0.000000,0.250000,0.000000,1.000000,4.210000,0.070000,0.000000
1778942791.635792,0,0.000000,0.000000,0.000000,0.000000,0.370000,0.000000,1.000000,4.210000,0.070000,0.140000
1778942791.657037,0,0.000000,0.000000,0.000000,0.000000,0.490000,0.000000,1.000000,4.210000,0.070000,0.000000
1778942791.658539,0,0.000000,0.000000,0.000000,0.000000,0.610000,0.000000,1.000000,4.210000,0.070000,0.000000
1778942791.671961,0,0.000000,0.000000,0.000000,0.000000,0.720000,0.000000,1.000000,4.210000,0.070000,0.000000
1778942791.742366,0,0.000000,0.000000,0.000000,0.000000,0.950000,0.000000,1.000000,4.170000,0.070000,0.000000
1778942791.763101,0,0.000000,0.000000,0.000000,0.000000,1.000000,0.000000,1.000000,4.230000,0.070000,0.140000
1778942791.794536,0,0.000000,0.000000,0.000000,0.000000,1.000000,0.000000,1.000000,4.230000,0.070000,0.000000
1778942791.808032,0,0.000000,0.000000,0.000000,0.000000,1.000000,0.000000,1.000000,4.230000,0.070000,0.000000
1778942791.854189,0,0.000000,0.000000,0.000000,0.000000,1.000000,0.000000,1.000000,4.190000,0.070000,0.000000
1778942791.915274,0,0.000000,0.000000,0.000000,0.000000,1.000000,0.000000,1.000000,4.230000,0.070000,0.140000
1778942791.987802,0,0.000000,0.000000,0.000000,0.000000,1.000000,0.000000,1.000000,4.230000,0.150000,0.140000
1778942791.989043,0,0.000000,0.000000,0.000000,0.000000,1.000000,0.000000,1.000000,4.230000,0.070000,0.000000
1778942792.003671,0,0.000000,0.000000,0.000000,0.000000,1.000000,0.000000,1.000000,4.230000,0.070000,0.000000
1778942792.006974,0,0.000000,0.000000,0.000000,0.000000,1.000000,0.000000,1.000000,4.260000,0.150000,0.000000
1778942792.018593,0,0.000000,0.000000,0.000000,0.000000,1.000000,0.000000,1.000000,4.230000,0.070000,0.000000
1778942792.021912,0,0.000000,0.000000,0.000000,0.000000,1.000000,0.000000,1.000000,4.260000,0.070000,0.000000
1778942792.023049,0,0.000000,0.000000,0.000000,0.000000,1.000000,0.000000,1.000000,4.230000,0.070000,0.000000
1778942792.024784,0,0.000000,0.000000,0.000000,0.000000,1.000000,0.000000,1.000000,4.230000,0.070000,0.000000
1778942792.099989,0,0.000000,0.000000,0.000000,0.000000,1.000000,0.000000,1.000000,4.230000,0.070000,0.000000
1778942792.129407,0,0.000000,0.000000,0.000000,0.000000,1.000000,0.000000,1.000000,4.230000,0.070000,0.000000
1778942792.137133,0,0.000000,0.000000,0.000000,0.000000,1.000000,0.000000,1.000000,4.230000,0.000000,0.140000
1778942792.138697,0,0.000000,0.000000,0.000000,0.000000,1.000000,0.000000,1.000000,4.230000,0.070000,0.000000
1778942792.139404,0,0.000000,0.000000,0.000000,0.000000,0.110000,0.000000,1.000000,4.260000,0.070000,0.000000
1778942792.174940,0,0.000000,0.000000,0.000000,0.000000,0.030000,0.000000,1.000000,4.230000,0.070000,0.000000
1778942792.272052,0,0.000000,0.000000,0.000000,0.000000,0.210000,0.000000,1.000000,4.230000,0.070000,0.000000
1778942792.369387,0,0.000000,0.000000,0.000000,0.000000,0.400000,0.000000,1.000000,4.230000,0.070000,0.000000
1778942792.406730,0,0.000000,0.000000,0.000000,0.000000,0.570000,0.000000,1.000000,4.230000,0.070000,0.000000
1778942792.445767,0,0.000000,0.000000,0.000000,0.000000,0.750000,0.000000,1.000000,4.230000,0.070000,0.000000
1778942792.520176,0,0.000000,0.000000,0.000000,0.000000,1.000000,0.000000,1.000000,4.230000,0.070000,0.000000
1778942792.619162,0,0.000000,0.000000,0.000000,0.000000,0.030000,0.000000,1.000000,4.190000,0.070000,0.000000
1778942792.686288,0,0.000000,0.000000,0.000000,0.000000,0.460000,0.000000,1.000000,4.230000,0.070000,0.000000
1778942792.747490,0,0.000000,0.000000,0.000000,0.000000,0.800000,0.000000,1.000000,4.230000,0.070000,0.000000
1778942792.749175,0,0.000000,0.000000,0.000000,0.000000,1.000000,0.000000,1.000000,4.230000,0.070000,0.000000
1778942792.750663,0,0.000000,0.000000,0.000000,0.000000,1.000000,0.000000,1.000000,4.190000,0.150000,0.000000
1778942792.751246,0,0.000000,0.000000,0.000000,0.000000,1.000000,0.000000,1.000000,4.260000,0.070000,0.000000
1778942792.797614,0,0.000000,0.000000,0.000000,0.000000,1.000000,0.000000,1.000000,4.260000,0.070000,0.000000
1778942792.844893,0,0.000000,0.000000,0.000000,0.000000,1.000000,0.000000,1.000000,4.260000,0.070000,0.000000
1778942792.847268,0,0.000000,0.000000,0.000000,0.000000,1.000000,0.000000,1.000000,4.260000,0.070000,0.000000
1778942792.848336,0,0.000000,0.000000,0.000000,0.000000,1.000000,0.000000,1.000000,4.260000,0.150000,0.000000
1778942792.849075,0,0.000000,0.000000,0.000000,0.000000,1.000000,0.000000,1.000000,4.260000,0.150000,0.000000
1778942792.874804,0,0.000000,0.000000,0.000000,0.000000,1.000000,0.000000,1.000000,4.190000,0.070000,0.000000
1778942792.877297,0,0.000000,0.000000,0.000000,0.000000,1.000000,0.000000,1.000000,4.210000,0.070000,0.000000
1778942792.896696,0,0.000000,0.000000,0.000000,0.000000,1.000000,0.000000,1.000000,4.230000,0.070000,0.000000
1778942792.905045,0,0.000000,0.000000,0.000000,0.000000,0.110000,0.000000,1.000000,4.210000,0.070000,0.000000
1778942792.955137,0,0.000000,0.000000,0.000000,0.000000,0.280000,0.000000,1.000000,4.190000,0.070000,0.000000
1778942793.104934,0,0.000000,0.000000,0.000000,0.000000,0.120000,0.000000,1.000000,4.230000,0.070000,0.000000
1778942793.134022,0,0.000000,0.000000,0.000000,0.000000,0.310000,0.000000,1.000000,4.190000,0.070000,0.000000
1778942793.142120,0,0.000000,0.000000,0.000000,0.000000,0.500000,0.000000,1.000000,4.210000,0.150000,0.000000
1778942793.232572,0,0.000000,0.000000,0.000000,0.000000,0.670000,0.000000,1.000000,4.170000,0.070000,0.000000
1778942793.294196,0,0.000000,0.000000,0.000000,0.000000,1.000000,0.000000,1.000000,4.170000,0.070000,0.000000
1778942793.317144,0,0.000000,0.000000,0.000000,0.000000,0.830000,0.000000,1.000000,4.210000,0.150000,0.000000
1778942793.364425,0,0.000000,0.000000,0.000000,0.000000,1.000000,0.000000,1.000000,4.230000,0.070000,0.000000
1778942793.366136,0,0.000000,0.000000,0.000000,0.000000,0.310000,0.000000,1.000000,4.210000,0.150000,0.000000
1778942793.367450,0,0.000000,0.000000,0.000000,0.000000,0.970000,0.000000,1.000000,4.190000,0.070000,0.000000
1778942793.368067,0,0.000000,0.000000,0.000000,0.000000,1.000000,0.000000,1.000000,4.170000,0.070000,0.000000
1778942793.503609,0,0.000000,0.000000,0.000000,0.000000,1.000000,0.000000,1.000000,4.150000,0.070000,0.000000
1778942793.519015,0,0.000000,0.000000,0.000000,0.000000,1.000000,0.000000,1.000000,4.170000,0.070000,0.000000
1778942793.549032,0,0.000000,0.000000,0.000000,0.000000,1.000000,0.000000,1.000000,4.150000,0.070000,0.000000
1778942793.639523,0,0.000000,0.000000,0.000000,0.000000,1.000000,0.000000,1.000000,4.170000,0.070000,0.000000
1778942793.654226,0,0.000000,0.000000,0.000000,0.000000,1.000000,0.000000,1.000000,4.150000,0.000000,0.430000
1778942793.656467,0,0.000000,0.000000,0.000000,0.000000,0.070000,0.000000,1.000000,4.170000,0.150000,0.000000
1778942793.657211,0,0.000000,0.000000,0.000000,0.000000,0.380000,0.000000,1.000000,4.170000,0.070000,0.000000
1778942793.657761,0,0.000000,0.000000,0.000000,0.000000,0.700000,0.000000,1.000000,4.170000,0.070000,0.000000
1778942793.684892,0,0.000000,0.000000,0.000000,0.000000,0.150000,0.000000,1.000000,4.170000,0.070000,0.000000
1778942793.690379,0,0.000000,0.000000,0.000000,0.000000,0.280000,0.000000,1.000000,4.190000,0.070000,0.000000
1778942793.797925,0,0.000000,0.000000,0.000000,0.000000,0.400000,0.000000,1.000000,4.190000,0.070000,0.000000
1778942793.819181,0,0.000000,0.000000,0.000000,0.000000,0.500000,0.000000,1.000000,4.190000,0.070000,1.340000
1778942793.821702,0,0.000000,0.000000,0.000000,0.000000,0.620000,0.000000,1.000000,4.170000,0.070000,0.000000
1778942793.822523,0,0.000000,0.000000,0.000000,0.000000,0.740000,0.000000,1.000000,4.170000,0.070000,0.140000
1778942793.823104,0,0.000000,0.000000,0.000000,0.000000,1.000000,0.000000,1.000000,4.130000,0.150000,0.000000
1778942793.842214,0,0.000000,0.000000,0.000000,0.000000,1.000000,0.000000,1.000000,4.150000,0.070000,0.000000
1778942793.847716,0,0.000000,0.000000,0.000000,0.000000,1.000000,0.000000,1.000000,4.170000,0.070000,0.000000
1778942793.855218,0,0.000000,0.000000,0.000000,0.000000,1.000000,0.000000,1.000000,4.130000,0.070000,0.140000
1778942793.878467,0,0.000000,0.000000,0.000000,0.000000,1.000000,0.000000,1.000000,4.150000,0.070000,0.000000
1778942793.901904,0,0.000000,0.000000,0.000000,0.000000,1.000000,0.000000,1.000000,4.170000,0.150000,0.000000
1778942793.946353,0,0.000000,0.000000,0.000000,0.000000,1.000000,0.000000,1.000000,4.190000,0.150000,0.000000
1778942793.976933,0,0.000000,0.000000,0.000000,0.000000,1.000000,0.000000,1.000000,4.190000,0.150000,0.000000
1778942794.007576,0,0.000000,0.000000,0.000000,0.000000,1.000000,0.000000,1.000000,4.190000,0.000000,0.000000
1778942794.010043,0,0.000000,0.000000,0.000000,0.000000,1.000000,0.000000,1.000000,4.190000,0.070000,0.000000
1778942794.011882,0,0.000000,0.000000,0.000000,0.000000,0.000000,0.000000,1.000000,4.170000,0.300000,0.000000
1778942794.012460,0,0.000000,0.000000,0.000000,0.000000,0.230000,0.000000,1.000000,4.170000,0.070000,0.000000
1778942794.052347,0,0.000000,0.000000,0.000000,0.000000,0.460000,0.000000,1.000000,4.190000,0.070000,0.000000
1778942794.055422,0,0.000000,0.000000,0.000000,0.000000,0.570000,0.000000,1.000000,4.170000,0.070000,0.000000
1778942794.056496,0,0.000000,0.000000,0.000000,0.000000,0.690000,0.000000,1.000000,4.150000,0.070000,0.000000
1778942794.083352,0,0.000000,0.000000,0.000000,0.000000,0.810000,0.000000,1.000000,4.150000,0.070000,0.000000
1778942794.095244,0,0.000000,0.000000,0.000000,0.000000,0.930000,0.000000,1.000000,4.170000,0.070000,0.000000
1778942794.134359,0,0.000000,0.000000,0.000000,0.000000,1.000000,0.000000,1.000000,4.190000,0.070000,0.000000
1778942794.135738,0,0.000000,0.000000,0.000000,0.000000,1.000000,0.000000,1.000000,4.210000,0.070000,0.000000
1778942794.139552,0,0.000000,0.000000,0.000000,0.000000,1.000000,0.000000,1.000000,4.210000,0.070000,0.140000
1778942794.157104,0,0.000000,0.000000,0.000000,0.000000,1.000000,0.000000,1.000000,4.190000,0.070000,0.000000
1778942794.172232,0,0.000000,0.000000,0.000000,0.000000,1.000000,0.000000,1.000000,4.300000,0.070000,0.000000
1778942794.217371,0,0.000000,0.000000,0.000000,0.000000,1.000000,0.000000,1.000000,4.260000,0.210000,0.000000
1778942794.290207,0,0.000000,0.000000,0.000000,0.000000,1.000000,0.000000,1.000000,4.230000,0.070000,0.000000
1778942794.315008,0,0.000000,0.000000,0.000000,0.000000,1.000000,0.000000,1.000000,4.230000,0.150000,0.000000
1778942794.317658,0,0.000000,0.000000,0.000000,0.000000,1.000000,0.000000,1.000000,4.260000,0.070000,0.000000
1778942794.318581,0,0.000000,0.000000,0.000000,0.000000,1.000000,0.000000,1.000000,4.230000,0.070000,0.000000
1778942794.319289,0,0.000000,0.000000,0.000000,0.000000,1.000000,0.000000,1.000000,4.260000,0.070000,0.000000
1778942794.381766,0,0.000000,0.000000,0.000000,0.000000,1.000000,0.000000,1.000000,4.340000,0.070000,0.140000
1778942794.385255,0,0.000000,0.000000,0.000000,0.000000,1.000000,0.000000,1.000000,4.340000,0.070000,0.000000
1778942794.403261,0,0.000000,0.000000,0.000000,0.000000,0.050000,0.000000,1.000000,4.320000,0.070000,0.000000
1778942794.433710,0,0.000000,0.000000,0.000000,0.000000,0.150000,0.000000,1.000000,4.320000,0.150000,0.000000
1778942794.492706,0,0.000000,0.000000,0.000000,0.000000,0.280000,0.000000,1.000000,4.360000,0.070000,0.000000
1778942794.627790,0,0.000000,0.000000,0.000000,0.000000,0.400000,0.000000,1.000000,4.460000,0.070000,0.000000
1778942794.957459,0,0.000000,0.000000,0.000000,0.000000,0.510000,0.000000,1.000000,4.260000,0.070000,0.000000
1778942794.965087,0,0.000000,0.000000,0.000000,0.000000,0.750000,0.000000,1.000000,4.230000,0.070000,0.000000
1778942794.966748,0,0.000000,0.000000,0.000000,0.000000,1.000000,0.000000,1.000000,4.230000,0.070000,0.000000
1778942794.967261,0,0.000000,0.000000,0.000000,0.000000,1.000000,0.000000,1.000000,4.230000,0.070000,0.000000
1778942795.384913,0,0.000000,0.000000,0.000000,0.000000,0.540000,0.000000,1.000000,4.320000,0.070000,0.140000
1778942795.427303,0,0.000000,0.000000,0.000000,0.000000,0.280000,0.000000,1.000000,4.110000,0.070000,0.000000
1778942795.603627,0,0.000000,0.000000,0.000000,0.000000,0.340000,0.000000,1.000000,4.170000,0.070000,0.000000
1778942795.631343,0,0.000000,0.000000,0.000000,0.000000,0.410000,0.000000,1.000000,4.150000,0.070000,0.000000
1778942795.631832,0,0.000000,0.000000,0.000000,0.000000,0.620000,0.000000,1.000000,4.210000,0.070000,0.000000
1778942795.632232,0,0.000000,0.000000,0.000000,0.000000,0.600000,0.000000,1.000000,4.190000,0.070000,0.000000
1778942795.873397,0,0.000000,0.000000,0.000000,0.000000,0.750000,0.000000,1.000000,4.230000,0.150000,0.000000
1778942795.979745,0,0.000000,0.000000,0.000000,0.000000,0.000000,0.000000,1.000000,4.190000,0.070000,0.000000
1778942796.172432,0,0.000000,0.000000,0.000000,0.000000,0.050000,0.000000,1.000000,4.190000,0.150000,0.000000
1778942796.216233,0,0.000000,0.000000,0.000000,0.000000,0.120000,0.000000,1.000000,4.170000,0.070000,0.000000
1778942796.345411,0,0.000000,0.000000,0.000000,0.000000,0.330000,0.000000,1.000000,4.210000,0.070000,0.000000
1778942796.390924,0,0.000000,0.000000,0.000000,0.000000,0.150000,0.000000,1.000000,4.260000,0.150000,0.000000
1778942796.465895,0,0.000000,0.000000,0.000000,0.000000,0.660000,0.000000,1.000000,4.230000,0.210000,0.000000
1778942796.586529,0,0.000000,0.000000,0.000000,0.000000,0.850000,0.000000,1.000000,4.230000,0.070000,0.000000
1778942796.659801,0,0.000000,0.000000,0.000000,0.000000,1.000000,0.000000,1.000000,4.260000,0.150000,0.000000
1778942796.757174,0,0.000000,0.000000,0.000000,0.000000,0.340000,0.000000,1.000000,4.260000,0.070000,0.000000
1778942796.855819,0,0.000000,0.000000,0.000000,0.000000,0.560000,0.000000,1.000000,4.230000,0.070000,0.000000
1778942796.983061,0,0.000000,0.000000,0.000000,0.000000,1.000000,0.000000,1.000000,4.260000,0.070000,0.000000
1778942797.073360,0,0.000000,0.000000,0.000000,0.000000,0.280000,0.000000,1.000000,4.260000,0.070000,0.000000
1778942797.278046,0,0.000000,0.000000,0.000000,0.000000,0.750000,0.000000,1.000000,4.300000,0.070000,0.000000
1778942797.350305,0,0.000000,0.000000,0.000000,0.000000,0.100000,0.000000,1.000000,4.260000,0.150000,0.000000
1778942797.396333,0,0.000000,0.000000,0.000000,0.000000,0.720000,0.000000,1.000000,4.230000,0.070000,0.000000
1778942797.545336,0,0.000000,0.000000,0.000000,0.000000,1.000000,0.000000,1.000000,4.230000,0.070000,0.000000
1778942797.832833,0,0.000000,0.000000,0.000000,0.000000,1.000000,0.000000,1.000000,4.260000,0.150000,0.000000
1778942797.919129,0,0.000000,0.000000,0.000000,0.000000,1.000000,0.000000,1.000000,4.230000,0.000000,0.000000
1778942797.996409,0,0.000000,0.000000,0.000000,0.000000,1.000000,0.000000,1.000000,4.260000,0.000000,0.000000
1778942798.055139,0,0.000000,0.000000,0.000000,0.000000,1.000000,0.000000,1.000000,4.260000,0.000000,0.000000
1778942798.279156,0,0.000000,0.000000,0.000000,0.000000,1.000000,0.000000,1.000000,4.230000,0.000000,0.000000
1778942798.323377,0,0.000000,0.000000,0.000000,0.000000,1.000000,0.000000,1.000000,4.230000,0.070000,0.000000
1778942798.370147,0,0.000000,0.000000,0.000000,0.000000,1.000000,0.000000,1.000000,4.260000,0.070000,0.000000
1778942798.543259,0,0.000000,0.000000,0.000000,0.000000,1.000000,0.000000,1.000000,4.230000,0.070000,0.000000
1778942798.701117,0,0.000000,0.000000,0.000000,0.000000,1.000000,0.000000,1.000000,4.230000,0.070000,0.000000
1778942799.255676,0,0.000000,0.000000,0.000000,0.000000,1.000000,0.000000,1.000000,4.260000,0.070000,0.000000
1778942799.307349,0,0.000000,0.000000,0.000000,0.000000,0.100000,0.000000,1.000000,4.260000,0.070000,0.000000
1778942799.398194,0,0.000000,0.000000,0.000000,0.000000,0.410000,0.000000,1.000000,4.230000,0.150000,0.000000
1778942799.481274,0,0.000000,0.000000,0.000000,0.000000,1.000000,0.000000,1.000000,4.260000,0.150000,0.000000
1778942799.571995,0,0.000000,0.000000,0.000000,0.000000,1.000000,0.000000,1.000000,4.260000,0.070000,0.000000
1778942799.600494,0,0.000000,0.000000,0.000000,0.000000,0.400000,0.000000,1.000000,4.260000,0.070000,0.000000
1778942799.885013,0,0.000000,0.000000,0.000000,0.000000,0.760000,0.000000,1.000000,4.230000,0.070000,0.000000
1778942799.989843,0,0.000000,0.000000,0.000000,0.000000,1.000000,0.000000,1.000000,4.260000,0.150000,0.000000
1778942800.004993,0,0.000000,0.000000,0.000000,0.000000,0.050000,0.000000,1.000000,4.260000,0.070000,0.000000
1778942800.066540,0,0.000000,0.000000,0.000000,0.000000,0.460000,0.000000,1.000000,4.260000,0.150000,0.000000
1778942800.147627,0,0.000000,0.000000,0.000000,0.000000,0.600000,0.000000,1.000000,4.300000,0.150000,0.000000
1778942800.163835,0,0.000000,0.000000,0.000000,0.000000,0.720000,0.000000,1.000000,4.320000,0.070000,0.000000
1778942800.185297,0,0.000000,0.000000,0.000000,0.000000,1.000000,0.000000,1.000000,4.230000,0.070000,0.000000
1778942800.328554,0,0.000000,0.000000,0.000000,0.000000,1.000000,0.000000,1.000000,4.230000,0.070000,0.000000
1778942800.454831,0,0.000000,0.000000,0.000000,0.000000,1.000000,0.000000,1.000000,4.260000,0.150000,0.000000
1778942800.493911,0,0.000000,0.000000,0.000000,0.000000,0.370000,0.000000,1.000000,4.230000,0.070000,0.000000
1778942800.540074,0,0.000000,0.000000,0.000000,0.000000,0.440000,0.000000,1.000000,4.230000,0.070000,0.000000
1778942800.555815,0,0.000000,0.000000,0.000000,0.000000,0.110000,0.000000,1.000000,4.230000,0.070000,0.000000
1778942800.562160,0,0.000000,0.000000,0.000000,0.000000,0.700000,0.000000,1.000000,4.230000,0.070000,0.000000
1778942800.598196,0,0.000000,0.000000,0.000000,0.000000,0.010000,0.000000,1.000000,4.260000,0.070000,0.000000
1778942800.817322,0,0.000000,0.000000,0.000000,0.000000,0.270000,0.000000,1.000000,4.260000,0.070000,0.000000
1778942800.822485,0,0.000000,0.000000,0.000000,0.000000,0.640000,0.000000,1.000000,4.260000,0.150000,0.000000
1778942800.987096,0,0.000000,0.000000,0.000000,0.000000,0.750000,0.000000,1.000000,4.230000,0.070000,0.000000
1778942801.003366,0,0.000000,0.000000,0.000000,0.000000,1.000000,0.000000,1.000000,4.260000,0.070000,0.000000
1778942801.167186,0,0.000000,0.000000,0.000000,0.000000,1.000000,0.000000,1.000000,4.260000,0.070000,0.000000
1778942801.175866,0,0.000000,0.000000,0.000000,0.000000,0.980000,0.000000,1.000000,4.260000,0.150000,0.000000
1778942801.370916,0,0.000000,0.000000,0.000000,0.000000,1.000000,0.000000,1.000000,4.230000,0.000000,0.000000
1778942801.446821,0,0.000000,0.000000,0.000000,0.000000,1.000000,0.000000,1.000000,4.230000,0.070000,0.000000
1778942801.529096,0,0.000000,0.000000,0.000000,0.000000,1.000000,0.000000,1.000000,4.230000,0.070000,0.000000
1778942801.552029,0,0.000000,0.000000,0.000000,0.000000,0.500000,0.000000,1.000000,4.230000,0.070000,0.000000
1778942801.588928,0,0.000000,0.000000,0.000000,0.000000,0.670000,0.000000,1.000000,4.260000,0.070000,0.000000
1778942801.648888,0,0.000000,0.000000,0.000000,0.000000,0.000000,0.000000,1.000000,4.260000,0.070000,0.140000
1778942801.787158,0,0.000000,0.000000,0.000000,0.000000,0.310000,0.000000,1.000000,4.230000,0.070000,0.000000
1778942801.879286,0,0.000000,0.000000,0.000000,0.000000,0.560000,0.000000,1.000000,4.260000,0.070000,0.000000
1778942801.970595,0,0.000000,0.000000,0.000000,0.000000,0.010000,0.000000,1.000000,4.230000,0.070000,0.000000
1778942801.996041,0,0.000000,0.000000,0.000000,0.000000,0.120000,0.000000,1.000000,4.260000,0.070000,0.000000
1778942802.074756,0,0.000000,0.000000,0.000000,0.000000,0.330000,0.000000,1.000000,4.260000,0.150000,0.000000
1778942802.156876,0,0.000000,0.000000,0.000000,0.000000,0.790000,0.000000,1.000000,4.230000,0.150000,0.000000
1778942802.248995,0,0.000000,0.000000,0.000000,0.000000,1.000000,0.000000,1.000000,4.260000,0.070000,0.000000
1778942802.353305,0,0.000000,0.000000,0.000000,0.000000,1.000000,0.000000,1.000000,4.260000,0.070000,0.000000
1778942802.522276,0,0.000000,0.000000,0.000000,0.000000,1.000000,0.000000,1.000000,4.230000,0.070000,0.000000
1778942802.572371,0,0.000000,0.000000,0.000000,0.000000,0.000000,0.000000,1.000000,4.260000,0.000000,0.000000
1778942802.721132,0,0.000000,0.000000,0.000000,0.000000,0.280000,0.000000,1.000000,4.210000,0.070000,0.000000
1778942802.794797,0,0.000000,0.000000,0.000000,0.000000,0.340000,0.000000,1.000000,4.260000,0.000000,0.000000
1778942802.842622,0,0.000000,0.000000,0.000000,0.000000,0.750000,0.000000,1.000000,4.260000,0.070000,0.000000
1778942802.922779,0,0.000000,0.000000,0.000000,0.000000,0.150000,0.000000,1.000000,4.230000,0.070000,0.000000
1778942803.059003,0,0.000000,0.000000,0.000000,0.000000,0.360000,0.000000,1.000000,4.260000,0.070000,0.000000
1778942803.237721,0,0.000000,0.000000,0.000000,0.000000,1.000000,0.000000,1.000000,4.260000,0.150000,0.000000
1778942803.297563,0,0.000000,0.000000,0.000000,0.000000,1.000000,0.000000,1.000000,4.260000,0.070000,0.000000
1778942803.443345,0,0.000000,0.000000,0.000000,0.000000,1.000000,0.000000,1.000000,4.280000,0.070000,0.000000
1778942803.545189,0,0.000000,0.000000,0.000000,0.000000,0.020000,0.000000,1.000000,4.230000,0.070000,0.140000
1778942803.627533,0,0.000000,0.000000,0.000000,0.000000,0.890000,0.000000,1.000000,4.260000,0.150000,0.000000
1778942803.717714,0,0.000000,0.000000,0.000000,0.000000,1.000000,0.000000,1.000000,4.260000,0.070000,0.000000
1778942803.777535,0,0.000000,0.000000,0.000000,0.000000,1.000000,0.000000,1.000000,4.260000,0.070000,0.000000
1778942803.906389,0,0.000000,0.000000,0.000000,0.000000,1.000000,0.000000,1.000000,4.260000,0.000000,0.000000
1778942803.972261,0,0.000000,0.000000,0.000000,0.000000,1.000000,0.000000,1.000000,4.280000,0.000000,0.000000
1778942804.018169,0,0.000000,0.000000,0.000000,0.000000,1.000000,0.000000,1.000000,4.260000,0.000000,0.000000
1778942804.115815,0,0.000000,0.000000,0.000000,0.000000,1.000000,0.000000,1.000000,4.260000,0.000000,0.140000
1778942804.258723,0,0.000000,0.000000,0.000000,0.000000,1.000000,0.000000,1.000000,4.210000,0.000000,0.000000
1778942804.497335,0,0.000000,0.000000,0.000000,0.000000,1.000000,0.000000,1.000000,4.280000,0.000000,0.000000
1778942804.691948,0,0.000000,0.000000,0.000000,0.000000,1.000000,0.000000,1.000000,4.230000,0.000000,0.000000
1778942804.699472,0,0.000000,0.000000,0.000000,0.000000,1.000000,0.000000,1.000000,4.260000,0.000000,0.000000
1778942804.715388,0,0.000000,0.000000,0.000000,0.000000,1.000000,0.000000,1.000000,4.260000,0.000000,0.000000
1778942804.751260,0,0.000000,0.000000,0.000000,0.000000,1.000000,0.000000,1.000000,4.260000,0.000000,0.000000
1778942804.843761,0,0.000000,0.000000,0.000000,0.000000,1.000000,0.000000,1.000000,4.280000,0.000000,0.280000
1778942804.956043,0,0.000000,0.000000,0.000000,0.000000,1.000000,0.000000,1.000000,4.260000,0.000000,0.000000
1778942805.000389,0,0.000000,0.000000,0.000000,0.000000,1.000000,0.000000,1.000000,4.280000,0.000000,0.000000
1778942805.060774,0,0.000000,0.000000,0.000000,0.000000,1.000000,0.000000,1.000000,4.260000,0.000000,0.280000
1778942805.075408,0,0.000000,0.000000,0.000000,0.000000,1.000000,0.000000,1.000000,4.260000,0.000000,0.000000
1778942805.079060,0,0.000000,0.000000,0.000000,0.000000,1.000000,0.000000,1.000000,4.260000,0.000000,0.000000
1778942805.111981,0,0.000000,0.000000,0.000000,0.000000,1.000000,0.000000,1.000000,4.260000,0.000000,0.000000
1778942805.119828,0,0.000000,0.000000,0.000000,0.000000,1.000000,0.000000,1.000000,4.230000,0.000000,0.000000
1778942805.121134,0,0.000000,0.000000,0.000000,0.000000,1.000000,0.000000,1.000000,4.260000,0.000000,0.000000
1778942805.126592,0,0.000000,0.000000,0.000000,0.000000,1.000000,0.000000,1.000000,4.260000,0.000000,0.000000
1778942805.210410,0,0.000000,0.000000,0.000000,0.000000,1.000000,0.000000,1.000000,4.230000,0.000000,0.000000
1778942805.277853,0,0.000000,0.000000,0.000000,0.000000,1.000000,0.000000,1.000000,4.260000,0.000000,0.000000
1778942805.293192,0,0.000000,0.000000,0.000000,0.000000,1.000000,0.000000,1.000000,4.260000,0.000000,0.000000
1778942805.302389,0,0.000000,0.000000,0.000000,0.000000,1.000000,0.000000,1.000000,4.260000,0.000000,0.000000
1778942805.308851,0,0.000000,0.000000,0.000000,0.000000,1.000000,0.000000,1.000000,4.260000,0.000000,0.000000
1778942805.332236,0,0.000000,0.000000,0.000000,0.000000,1.000000,0.000000,1.000000,4.280000,0.000000,0.000000
1778942805.434475,0,0.000000,0.000000,0.000000,0.000000,1.000000,0.000000,1.000000,4.260000,0.000000,0.000000
1778942805.533859,0,0.000000,0.000000,0.000000,0.000000,1.000000,0.000000,1.000000,4.260000,0.000000,0.000000
1778942805.592624,0,0.000000,0.000000,0.000000,0.000000,1.000000,0.000000,1.000000,4.260000,0.000000,0.000000
1778942805.705426,0,0.000000,0.000000,0.000000,0.000000,1.000000,0.000000,1.000000,4.260000,0.000000,0.000000
1778942805.797940,0,0.000000,0.000000,0.000000,0.000000,1.000000,0.000000,1.000000,4.260000,0.000000,0.000000
1778942805.827679,0,0.000000,0.000000,0.000000,0.000000,1.000000,0.000000,1.000000,4.260000,0.000000,0.000000
1778942805.828176,0,0.000000,0.000000,0.000000,0.000000,1.000000,0.000000,1.000000,4.280000,0.000000,0.000000
1778942805.908641,0,0.000000,0.000000,0.000000,0.000000,1.000000,0.000000,1.000000,4.260000,0.000000,0.000000
1778942806.064599,0,0.000000,0.000000,0.000000,0.000000,1.000000,0.000000,1.000000,4.260000,0.000000,0.000000
1778942806.113984,0,0.000000,0.000000,0.000000,0.000000,1.000000,0.000000,1.000000,4.260000,0.000000,0.000000
1778942806.191202,0,0.000000,0.000000,0.000000,0.000000,1.000000,0.000000,1.000000,4.260000,0.000000,0.000000
1778942806.290242,0,0.000000,0.000000,0.000000,0.000000,1.000000,0.000000,1.000000,4.230000,0.000000,0.000000
1778942806.316591,0,0.000000,0.000000,0.000000,0.000000,1.000000,0.000000,1.000000,4.300000,0.070000,0.000000
1778942806.395193,0,0.000000,0.000000,0.000000,0.000000,1.000000,0.000000,1.000000,4.260000,0.000000,0.000000
1778942806.444426,0,0.000000,0.000000,0.000000,0.000000,1.000000,0.000000,1.000000,4.260000,0.000000,0.000000
1778942806.444955,0,0.000000,0.000000,0.000000,0.000000,1.000000,0.000000,1.000000,4.190000,0.000000,0.000000
1778942806.528750,0,0.000000,0.000000,0.000000,0.000000,1.000000,0.000000,1.000000,4.260000,0.000000,0.430000
1778942806.613968,0,0.000000,0.000000,0.000000,0.000000,1.000000,0.000000,1.000000,4.260000,0.000000,0.000000
1778942806.643680,0,0.000000,0.000000,0.000000,0.000000,1.000000,0.000000,1.000000,4.320000,0.150000,0.140000
1778942806.670348,0,0.000000,0.000000,0.000000,0.000000,1.000000,0.000000,1.000000,4.400000,0.070000,0.000000
1778942806.670888,0,0.000000,0.000000,0.000000,0.000000,0.150000,0.000000,1.000000,4.280000,0.150000,0.000000
1778942806.698368,0,0.000000,0.000000,0.000000,0.000000,0.140000,0.000000,1.000000,4.280000,0.070000,0.430000
1778942806.698902,0,0.000000,0.000000,0.000000,0.000000,0.120000,0.000000,1.000000,4.260000,0.070000,0.000000
1778942806.746963,0,0.000000,0.000000,0.000000,0.000000,0.360000,0.000000,1.000000,4.280000,0.150000,0.000000
1778942806.854687,0,0.000000,0.000000,0.000000,0.000000,0.090000,0.000000,1.000000,4.280000,0.070000,0.000000
1778942806.908306,0,0.000000,0.000000,0.000000,0.000000,0.430000,0.000000,1.000000,4.280000,0.070000,0.000000
1778942806.908860,0,0.000000,0.000000,0.000000,0.000000,0.790000,0.000000,1.000000,4.260000,0.070000,0.000000
1778942806.987311,0,0.000000,0.000000,0.000000,0.000000,1.000000,0.000000,1.000000,4.280000,0.070000,0.000000
1778942807.046872,0,0.000000,0.000000,0.000000,0.000000,0.180000,0.000000,1.000000,4.260000,0.070000,0.000000
1778942807.095667,0,0.000000,0.000000,0.000000,0.000000,1.000000,0.000000,1.000000,4.260000,0.070000,0.000000
1778942807.168764,0,0.000000,0.000000,0.000000,0.000000,1.000000,0.000000,1.000000,4.260000,0.070000,0.000000
1778942807.217679,0,0.000000,0.000000,0.000000,0.000000,1.000000,0.000000,1.000000,4.280000,0.070000,0.000000
1778942807.218194,0,0.000000,0.000000,0.000000,0.000000,0.600000,0.000000,1.000000,4.260000,0.150000,0.000000
1778942807.266307,0,0.000000,0.000000,0.000000,0.000000,0.430000,0.000000,1.000000,4.260000,0.150000,0.000000
1778942807.313794,0,0.000000,0.000000,0.000000,0.000000,0.810000,0.000000,1.000000,4.260000,0.070000,0.000000
1778942807.314287,0,0.000000,0.000000,0.000000,0.000000,1.000000,0.000000,1.000000,4.230000,0.070000,0.000000
1778942807.392720,0,0.000000,0.000000,0.000000,0.000000,1.000000,0.000000,1.000000,4.260000,0.070000,0.000000
1778942807.507100,0,0.000000,0.000000,0.000000,0.000000,1.000000,0.000000,1.000000,4.070000,0.070000,0.000000
1778942807.558680,0,0.000000,0.000000,0.000000,0.000000,1.000000,0.000000,1.000000,4.260000,0.070000,0.000000
1778942807.633851,0,0.000000,0.000000,0.000000,0.000000,1.000000,0.000000,1.000000,4.280000,0.150000,0.000000
1778942807.655347,0,0.000000,0.000000,0.000000,0.000000,1.000000,0.000000,1.000000,4.260000,0.070000,0.000000
1778942807.669627,0,0.000000,0.000000,0.000000,0.000000,1.000000,0.000000,1.000000,4.260000,0.070000,0.000000
1778942807.721383,0,0.000000,0.000000,0.000000,0.000000,1.000000,0.000000,1.000000,4.260000,0.150000,0.000000
1778942807.754282,0,0.000000,0.000000,0.000000,0.000000,1.000000,0.000000,1.000000,4.320000,0.000000,0.140000
1778942807.757293,0,0.000000,0.000000,0.000000,0.000000,0.000000,0.000000,1.000000,4.230000,0.300000,0.000000
1778942807.823333,0,0.000000,0.000000,0.000000,0.000000,0.180000,0.000000,1.000000,4.260000,0.150000,0.000000
1778942807.834463,0,0.000000,0.000000,0.000000,0.000000,0.800000,0.000000,1.000000,4.300000,0.150000,0.000000
1778942807.842510,0,0.000000,0.000000,0.000000,0.000000,1.000000,0.000000,1.000000,4.260000,0.070000,0.000000
1778942807.843911,0,0.000000,0.000000,0.000000,0.000000,1.000000,0.000000,1.000000,4.260000,0.150000,0.000000
1778942807.848646,0,0.000000,0.000000,0.000000,0.000000,1.000000,0.000000,1.000000,4.230000,0.070000,0.000000
1778942807.977813,0,0.000000,0.000000,0.000000,0.000000,1.000000,0.000000,1.000000,4.260000,0.000000,0.000000
1778942807.993514,0,0.000000,0.000000,0.000000,0.000000,1.000000,0.000000,1.000000,4.260000,0.000000,0.000000
1778942808.022377,0,0.000000,0.000000,0.000000,0.000000,1.000000,0.000000,1.000000,4.280000,0.070000,0.000000
1778942808.022874,0,0.000000,0.000000,0.000000,0.000000,1.000000,0.000000,1.000000,4.280000,0.150000,0.000000
1778942808.082960,0,0.000000,0.000000,0.000000,0.000000,1.000000,0.000000,1.000000,4.280000,0.070000,0.000000
1778942808.090074,0,0.000000,0.000000,0.000000,0.000000,0.680000,0.000000,1.000000,4.260000,0.070000,0.000000
1778942808.091839,0,0.000000,0.000000,0.000000,0.000000,0.880000,0.000000,1.000000,4.280000,0.150000,0.000000
1778942808.127579,0,0.000000,0.000000,0.000000,0.000000,1.000000,0.000000,1.000000,4.260000,0.070000,0.000000
1778942808.143818,0,0.000000,0.000000,0.000000,0.000000,1.000000,0.000000,1.000000,4.260000,0.070000,0.000000
1778942808.158514,0,0.000000,0.000000,0.000000,0.000000,1.000000,0.000000,1.000000,4.260000,0.070000,0.000000
1778942808.188654,0,0.000000,0.000000,0.000000,0.000000,1.000000,0.000000,1.000000,4.260000,0.070000,0.000000
1778942808.217180,0,0.000000,0.000000,0.000000,0.000000,1.000000,0.000000,1.000000,4.230000,0.070000,0.000000
1778942808.225048,0,0.000000,0.000000,0.000000,0.000000,1.000000,0.000000,1.000000,4.260000,0.070000,0.000000
1778942808.226388,0,0.000000,0.000000,0.000000,0.000000,1.000000,0.000000,1.000000,4.260000,0.150000,0.000000
1778942808.233437,0,0.000000,0.000000,0.000000,0.000000,0.090000,0.000000,1.000000,4.260000,0.150000,0.000000
1778942808.262531,0,0.000000,0.000000,0.000000,0.000000,0.500000,0.000000,1.000000,4.260000,0.070000,0.000000
1778942808.291876,0,0.000000,0.000000,0.000000,0.000000,0.680000,0.000000,1.000000,4.260000,0.070000,0.000000
1778942808.300984,0,0.000000,0.000000,0.000000,0.000000,0.890000,0.000000,1.000000,4.260000,0.070000,0.000000
1778942808.307363,0,0.000000,0.000000,0.000000,0.000000,1.000000,0.000000,1.000000,4.260000,0.070000,0.000000
1778942808.308415,0,0.000000,0.000000,0.000000,0.000000,1.000000,0.000000,1.000000,4.260000,0.150000,0.000000
1778942808.314605,0,0.000000,0.000000,0.000000,0.000000,1.000000,0.000000,1.000000,4.260000,0.070000,0.000000
1778942808.316141,0,0.000000,0.000000,0.000000,0.000000,1.000000,0.000000,1.000000,4.260000,0.070000,0.000000
1778942808.354136,0,0.000000,0.000000,0.000000,0.000000,1.000000,0.000000,1.000000,4.260000,0.210000,0.000000
1778942808.357145,0,0.000000,0.000000,0.000000,0.000000,0.100000,0.000000,1.000000,4.260000,0.070000,0.000000
1778942808.368083,0,0.000000,0.000000,0.000000,0.000000,0.250000,0.000000,1.000000,4.260000,0.070000,0.000000
1778942808.405874,0,0.000000,0.000000,0.000000,0.000000,0.400000,0.000000,1.000000,4.230000,0.070000,0.000000
1778942808.412851,0,0.000000,0.000000,0.000000,0.000000,0.070000,0.000000,1.000000,4.260000,0.070000,0.000000
1778942808.667316,0,0.000000,0.000000,0.000000,0.000000,0.250000,0.000000,1.000000,4.320000,0.070000,0.000000
1778942808.682509,0,0.000000,0.000000,0.000000,0.000000,0.410000,0.000000,1.000000,4.280000,0.070000,0.000000
1778942808.709948,0,0.000000,0.000000,0.000000,0.000000,0.600000,0.000000,1.000000,4.260000,0.070000,0.000000
1778942808.769898,0,0.000000,0.000000,0.000000,0.000000,0.760000,0.000000,1.000000,4.260000,0.070000,0.000000
1778942808.794434,0,0.000000,0.000000,0.000000,0.000000,1.000000,0.000000,1.000000,4.260000,0.070000,0.000000
1778942808.801656,0,0.000000,0.000000,0.000000,0.000000,0.050000,0.000000,1.000000,4.260000,0.070000,0.000000
1778942808.817596,0,0.000000,0.000000,0.000000,0.000000,0.070000,0.000000,1.000000,4.260000,0.150000,0.000000
1778942808.863063,0,0.000000,0.000000,0.000000,0.000000,0.500000,0.000000,1.000000,4.260000,0.070000,0.000000
1778942808.884969,0,0.000000,0.000000,0.000000,0.000000,0.800000,0.000000,1.000000,4.260000,0.150000,0.140000
1778942808.907968,0,0.000000,0.000000,0.000000,0.000000,0.930000,0.000000,1.000000,4.260000,0.070000,0.000000
1778942808.909098,0,0.000000,0.000000,0.000000,0.000000,1.000000,0.000000,1.000000,4.260000,0.070000,0.000000
1778942808.910093,0,0.000000,0.000000,0.000000,0.000000,1.000000,0.000000,1.000000,4.320000,0.070000,0.140000
1778942808.911308,0,0.000000,0.000000,0.000000,0.000000,1.000000,0.000000,1.000000,4.260000,0.070000,0.000000
1778942808.914025,0,0.000000,0.000000,0.000000,0.000000,1.000000,0.000000,1.000000,4.280000,0.070000,0.000000
1778942808.946564,0,0.000000,0.000000,0.000000,0.000000,0.050000,0.000000,1.000000,4.280000,0.070000,0.000000
1778942808.953575,0,0.000000,0.000000,0.000000,0.000000,0.180000,0.000000,1.000000,4.260000,0.070000,0.000000
1778942808.982027,0,0.000000,0.000000,0.000000,0.000000,0.310000,0.000000,1.000000,4.230000,0.150000,0.000000
1778942809.004772,0,0.000000,0.000000,0.000000,0.000000,0.440000,0.000000,1.000000,4.280000,0.070000,0.000000
1778942809.011613,0,0.000000,0.000000,0.000000,0.000000,0.570000,0.000000,1.000000,4.280000,0.070000,0.000000
1778942809.035309,0,0.000000,0.000000,0.000000,0.000000,0.720000,0.000000,1.000000,4.260000,0.070000,0.000000
1778942809.065423,0,0.000000,0.000000,0.000000,0.000000,0.860000,0.000000,1.000000,4.280000,0.070000,0.000000
1778942809.087363,0,0.000000,0.000000,0.000000,0.000000,1.000000,0.000000,1.000000,4.300000,0.070000,0.000000
1778942809.103599,0,0.000000,0.000000,0.000000,0.000000,1.000000,0.000000,1.000000,4.280000,0.000000,0.000000
1778942809.110803,0,0.000000,0.000000,0.000000,0.000000,1.000000,0.000000,1.000000,4.260000,0.150000,0.000000
1778942809.120322,0,0.000000,0.000000,0.000000,0.000000,1.000000,0.000000,1.000000,4.260000,0.150000,0.000000
1778942809.121261,0,0.000000,0.000000,0.000000,0.000000,1.000000,0.000000,1.000000,4.260000,0.070000,0.000000
1778942809.121925,0,0.000000,0.000000,0.000000,0.000000,1.000000,0.000000,1.000000,4.260000,0.070000,0.000000
1778942809.200895,0,0.000000,0.000000,0.000000,0.000000,1.000000,0.000000,1.000000,4.260000,0.070000,0.000000
1778942809.221601,0,0.000000,0.000000,0.000000,0.000000,1.000000,0.000000,1.000000,4.260000,0.070000,0.430000
1778942809.245221,0,0.000000,0.000000,0.000000,0.000000,1.000000,0.000000,1.000000,4.260000,0.070000,0.000000
1778942809.260089,0,0.000000,0.000000,0.000000,0.000000,1.000000,0.000000,1.000000,4.300000,0.070000,0.000000
1778942809.284418,0,0.000000,0.000000,0.000000,0.000000,1.000000,0.000000,1.000000,4.260000,0.070000,0.000000
1778942809.286967,0,0.000000,0.000000,0.000000,0.000000,1.000000,0.000000,1.000000,4.280000,0.070000,0.000000
1778942809.296968,0,0.000000,0.000000,0.000000,0.000000,1.000000,0.000000,1.000000,4.260000,0.150000,0.000000
1778942809.327558,0,0.000000,0.000000,0.000000,0.000000,1.000000,0.000000,1.000000,4.260000,0.070000,0.000000
1778942809.365137,0,0.000000,0.000000,0.000000,0.000000,1.000000,0.000000,1.000000,4.260000,0.070000,0.000000
1778942809.372081,0,0.000000,0.000000,0.000000,0.000000,1.000000,0.000000,1.000000,4.280000,0.070000,0.000000
1778942809.373561,0,0.000000,0.000000,0.000000,0.000000,1.000000,0.000000,1.000000,4.260000,0.070000,0.000000
1778942809.380699,0,0.000000,0.000000,0.000000,0.000000,1.000000,0.000000,1.000000,4.260000,0.070000,0.000000
1778942809.426274,0,0.000000,0.000000,0.000000,0.000000,0.150000,0.000000,1.000000,4.260000,0.070000,0.000000
1778942809.456969,0,0.000000,0.000000,0.000000,0.000000,0.280000,0.000000,1.000000,4.260000,0.070000,0.000000
1778942809.500789,0,0.000000,0.000000,0.000000,0.000000,0.430000,0.000000,1.000000,4.260000,0.070000,0.140000
1778942809.506557,0,0.000000,0.000000,0.000000,0.000000,0.560000,0.000000,1.000000,4.260000,0.070000,0.000000
1778942809.522877,0,0.000000,0.000000,0.000000,0.000000,0.720000,0.000000,1.000000,4.280000,0.150000,0.000000
1778942809.547008,0,0.000000,0.000000,0.000000,0.000000,0.860000,0.000000,1.000000,4.260000,0.000000,0.000000
1778942809.568343,0,0.000000,0.000000,0.000000,0.000000,1.000000,0.000000,1.000000,4.260000,0.000000,0.000000
1778942809.592756,0,0.000000,0.000000,0.000000,0.000000,1.000000,0.000000,1.000000,4.260000,0.000000,0.000000
1778942809.642670,0,0.000000,0.000000,0.000000,0.000000,1.000000,0.000000,1.000000,4.260000,0.070000,0.000000
1778942809.650817,0,0.000000,0.000000,0.000000,0.000000,1.000000,0.000000,1.000000,4.260000,0.070000,0.000000
1778942809.657266,0,0.000000,0.000000,0.000000,0.000000,1.000000,0.000000,1.000000,4.230000,0.070000,0.000000
1778942809.673084,0,0.000000,0.000000,0.000000,0.000000,1.000000,0.000000,1.000000,4.230000,0.070000,0.000000
1778942809.718335,0,0.000000,0.000000,0.000000,0.000000,1.000000,0.000000,1.000000,4.230000,0.070000,0.000000
1778942809.724927,0,0.000000,0.000000,0.000000,0.000000,1.000000,0.000000,1.000000,4.260000,0.070000,0.000000
1778942809.770092,0,0.000000,0.000000,0.000000,0.000000,1.000000,0.000000,1.000000,4.230000,0.070000,0.000000
1778942809.815973,0,0.000000,0.000000,0.000000,0.000000,1.000000,0.000000,1.000000,4.260000,0.070000,0.000000
1778942809.822474,0,0.000000,0.000000,0.000000,0.000000,1.000000,0.000000,1.000000,4.260000,0.070000,0.000000
1778942809.846922,0,0.000000,0.000000,0.000000,0.000000,1.000000,0.000000,1.000000,4.260000,0.070000,0.000000
1778942809.852923,0,0.000000,0.000000,0.000000,0.000000,1.000000,0.000000,1.000000,4.260000,0.070000,0.000000
1778942809.854823,0,0.000000,0.000000,0.000000,0.000000,1.000000,0.000000,1.000000,4.260000,0.070000,0.000000
1778942809.859437,0,0.000000,0.000000,0.000000,0.000000,1.000000,0.000000,1.000000,4.260000,0.070000,0.000000
1778942809.867145,0,0.000000,0.000000,0.000000,0.000000,1.000000,0.000000,1.000000,4.260000,0.070000,0.000000
1778942809.898187,0,0.000000,0.000000,0.000000,0.000000,1.000000,0.000000,1.000000,4.260000,0.070000,0.000000
1778942809.919941,0,0.000000,0.000000,0.000000,0.000000,1.000000,0.000000,1.000000,4.260000,0.150000,0.000000
1778942809.936826,0,0.000000,0.000000,0.000000,0.000000,1.000000,0.000000,1.000000,4.260000,0.070000,0.000000
1778942809.950200,0,0.000000,0.000000,0.000000,0.000000,1.000000,0.000000,1.000000,4.260000,0.070000,0.000000
1778942809.980695,0,0.000000,0.000000,0.000000,0.000000,1.000000,0.000000,1.000000,4.280000,0.070000,0.000000
1778942809.982289,0,0.000000,0.000000,0.000000,0.000000,1.000000,0.000000,1.000000,4.280000,0.070000,0.430000
1778942809.988024,0,0.000000,0.000000,0.000000,0.000000,1.000000,0.000000,1.000000,4.300000,0.070000,0.000000
1778942810.011572,0,0.000000,0.000000,0.000000,0.000000,1.000000,0.000000,1.000000,4.320000,0.070000,0.000000
1778942810.033137,0,0.000000,0.000000,0.000000,0.000000,1.000000,0.000000,1.000000,4.260000,0.070000,0.000000
1778942810.078503,0,0.000000,0.000000,0.000000,0.000000,1.000000,0.000000,1.000000,4.260000,0.150000,0.000000
1778942810.080377,0,0.000000,0.000000,0.000000,0.000000,1.000000,0.000000,1.000000,4.230000,0.070000,0.140000
1778942810.108807,0,0.000000,0.000000,0.000000,0.000000,1.000000,0.000000,1.000000,4.260000,0.070000,0.000000
1778942810.122895,0,0.000000,0.000000,0.000000,0.000000,1.000000,0.000000,1.000000,4.260000,0.070000,0.000000
1778942810.145144,0,0.000000,0.000000,0.000000,0.000000,1.000000,0.000000,1.000000,4.260000,0.070000,0.000000
1778942810.206118,0,0.000000,0.000000,0.000000,0.000000,1.000000,0.000000,1.000000,4.280000,0.070000,0.000000
1778942810.222594,0,0.000000,0.000000,0.000000,0.000000,1.000000,0.000000,1.000000,4.280000,0.070000,0.000000
1778942810.224621,0,0.000000,0.000000,0.000000,0.000000,0.030000,0.000000,1.000000,4.260000,0.150000,0.000000
1778942810.234490,0,0.000000,0.000000,0.000000,0.000000,0.180000,0.000000,1.000000,4.280000,0.150000,0.000000
1778942810.325005,0,0.000000,0.000000,0.000000,0.000000,0.720000,0.000000,1.000000,4.260000,0.150000,0.000000
1778942810.332849,0,0.000000,0.000000,0.000000,0.000000,0.860000,0.000000,1.000000,4.260000,0.070000,0.140000
1778942810.377811,0,0.000000,0.000000,0.000000,0.000000,1.000000,0.000000,1.000000,4.280000,0.070000,0.000000
1778942810.379720,0,0.000000,0.000000,0.000000,0.000000,1.000000,0.000000,1.000000,4.260000,0.070000,0.140000
1778942810.385133,0,0.000000,0.000000,0.000000,0.000000,1.000000,0.000000,1.000000,4.260000,0.070000,0.000000
1778942810.400186,0,0.000000,0.000000,0.000000,0.000000,1.000000,0.000000,1.000000,4.260000,0.070000,0.000000
1778942810.422416,0,0.000000,0.000000,0.000000,0.000000,0.100000,0.000000,1.000000,4.260000,0.000000,0.000000
1778942810.459975,0,0.000000,0.000000,0.000000,0.000000,0.200000,0.000000,1.000000,4.260000,0.070000,0.000000
1778942810.481756,0,0.000000,0.000000,0.000000,0.000000,0.310000,0.000000,1.000000,4.260000,0.070000,0.000000
1778942810.490223,0,0.000000,0.000000,0.000000,0.000000,0.400000,0.000000,1.000000,4.260000,0.070000,0.000000
1778942810.505375,0,0.000000,0.000000,0.000000,0.000000,0.500000,0.000000,1.000000,4.260000,0.150000,0.000000
1778942810.512536,0,0.000000,0.000000,0.000000,0.000000,0.140000,0.000000,1.000000,4.260000,0.070000,0.000000
1778942810.519751,0,0.000000,0.000000,0.000000,0.000000,0.000000,0.000000,1.000000,4.260000,0.070000,0.000000
1778942810.603998,0,0.000000,0.000000,0.000000,0.000000,0.120000,0.000000,1.000000,4.260000,0.150000,0.000000
1778942810.618394,0,0.000000,0.000000,0.000000,0.000000,0.200000,0.000000,1.000000,4.260000,0.070000,0.000000
1778942810.632730,0,0.000000,0.000000,0.000000,0.000000,0.500000,0.000000,1.000000,4.230000,0.070000,0.000000
1778942810.635318,0,0.000000,0.000000,0.000000,0.000000,0.800000,0.000000,1.000000,4.260000,0.070000,0.000000
1778942810.638705,0,0.000000,0.000000,0.000000,0.000000,0.800000,0.000000,1.000000,4.260000,0.210000,0.000000
1778942810.662422,0,0.000000,0.000000,0.000000,0.000000,1.000000,0.000000,1.000000,4.230000,0.150000,0.000000
1778942810.669906,0,0.000000,0.000000,0.000000,0.000000,1.000000,0.000000,1.000000,4.260000,0.070000,0.000000
1778942810.700002,0,0.000000,0.000000,0.000000,0.000000,1.000000,0.000000,1.000000,4.260000,0.070000,0.280000
1778942810.716133,0,0.000000,0.000000,0.000000,0.000000,1.000000,0.000000,1.000000,4.260000,0.150000,0.000000
1778942810.729558,0,0.000000,0.000000,0.000000,0.000000,1.000000,0.000000,1.000000,4.230000,0.070000,0.000000
1778942810.730924,0,0.000000,0.000000,0.000000,0.000000,1.000000,0.000000,1.000000,4.260000,0.070000,0.000000
1778942810.752350,0,0.000000,0.000000,0.000000,0.000000,1.000000,0.000000,1.000000,4.230000,0.070000,0.000000
1778942810.775567,0,0.000000,0.000000,0.000000,0.000000,1.000000,0.000000,1.000000,4.260000,0.150000,0.000000
1778942810.865615,0,0.000000,0.000000,0.000000,0.000000,1.000000,0.000000,1.000000,4.260000,0.070000,0.000000
1778942810.873882,0,0.000000,0.000000,0.000000,0.000000,1.000000,0.000000,1.000000,4.260000,0.150000,0.000000
1778942810.876831,0,0.000000,0.000000,0.000000,0.000000,1.000000,0.000000,1.000000,4.260000,0.070000,0.430000
1778942810.880163,0,0.000000,0.000000,0.000000,0.000000,1.000000,0.000000,1.000000,4.280000,0.000000,0.000000
1778942810.887315,0,0.000000,0.000000,0.000000,0.000000,1.000000,0.000000,1.000000,4.280000,0.150000,0.000000
1778942811.000244,0,0.000000,0.000000,0.000000,0.000000,1.000000,0.000000,1.000000,4.260000,0.070000,0.140000
1778942811.106236,0,0.000000,0.000000,0.000000,0.000000,1.000000,0.000000,1.000000,4.260000,0.070000,0.000000
1778942811.165441,0,0.000000,0.000000,0.000000,0.000000,1.000000,0.000000,1.000000,4.260000,0.000000,0.000000
1778942811.209946,0,0.000000,0.000000,0.000000,0.000000,1.000000,0.000000,1.000000,4.260000,0.070000,0.000000
1778942811.257496,0,0.000000,0.000000,0.000000,0.000000,1.000000,0.000000,1.000000,4.260000,0.070000,0.000000
1778942811.322093,0,0.000000,0.000000,0.000000,0.000000,1.000000,0.000000,1.000000,4.300000,0.000000,0.000000
1778942811.369377,0,0.000000,0.000000,0.000000,0.000000,1.000000,0.000000,1.000000,4.280000,0.070000,0.000000
1778942811.369912,0,0.000000,0.000000,0.000000,0.000000,1.000000,0.000000,1.000000,4.230000,0.150000,0.000000
1778942811.370312,0,0.000000,7.000000,0.000000,0.000000,1.000000,0.000000,1.000000,4.230000,0.150000,0.000000
1778942811.418851,0,0.000000,7.000000,0.000000,7.000000,1.000000,0.000000,1.000000,4.280000,0.070000,0.000000
1778942811.471298,0,0.000000,7.000000,0.000000,7.000000,0.030000,0.000000,1.000000,4.170000,0.150000,0.000000
1778942811.521293,0,0.000000,7.000000,0.000000,7.000000,0.340000,0.000000,1.000000,3.560000,0.070000,0.280000
1778942811.521809,0,0.000000,7.000000,0.000000,7.000000,0.680000,0.000000,1.000000,2.500000,0.070000,0.000000
1778942811.522208,0,0.000000,7.000000,0.000000,7.000000,0.360000,0.000000,1.000000,0.400000,0.070000,0.000000
1778942811.522586,0,0.000000,7.000000,0.000000,7.000000,1.000000,0.000000,1.000000,0.340000,0.070000,0.000000
1778942811.524092,0,0.000000,7.000000,0.000000,7.000000,0.340000,0.000000,1.000000,0.310000,0.070000,0.000000
1778942811.576770,0,0.000000,7.000000,0.000000,7.000000,0.860000,0.000000,1.000000,0.340000,0.070000,0.000000
1778942811.626453,0,0.000000,7.000000,0.000000,7.000000,1.000000,0.000000,1.000000,1.620000,0.070000,0.000000
1778942811.680085,0,0.000000,7.000000,0.000000,7.000000,1.000000,0.000000,1.000000,3.640000,0.070000,0.000000
1778942811.707227,0,0.000000,7.000000,0.000000,7.000000,1.000000,0.000000,1.000000,3.350000,0.070000,0.000000
1778942811.772032,0,0.000000,7.000000,0.000000,7.000000,0.210000,0.000000,1.000000,0.490000,0.070000,0.000000
1778942811.822919,0,0.000000,7.000000,0.000000,7.000000,0.430000,0.000000,1.000000,2.140000,0.070000,0.000000
1778942811.823435,0,0.000000,7.000000,0.000000,7.000000,1.000000,0.000000,1.000000,2.450000,0.070000,0.000000
1778942811.823841,0,0.000000,7.000000,0.000000,7.000000,1.000000,0.000000,1.000000,1.630000,0.150000,0.000000
1778942811.824223,0,0.000000,7.000000,0.000000,7.000000,1.000000,0.000000,1.000000,0.560000,0.070000,0.000000
1778942811.876272,0,0.000000,7.000000,0.000000,7.000000,1.000000,0.000000,1.000000,0.690000,0.070000,0.000000
1778942811.877801,0,0.000000,7.000000,0.000000,7.000000,1.000000,0.000000,1.000000,1.380000,0.150000,0.000000
1778942811.927776,0,0.000000,7.000000,0.000000,7.000000,1.000000,0.000000,1.000000,1.880000,0.070000,0.000000
1778942811.989658,0,0.000000,7.000000,0.000000,7.000000,1.000000,0.000000,1.000000,2.140000,0.070000,0.000000
1778942812.041877,0,0.000000,7.000000,0.000000,7.000000,1.000000,0.000000,1.000000,2.250000,0.150000,0.000000
1778942812.042418,0,0.000000,7.000000,0.000000,7.000000,1.000000,0.000000,1.000000,2.550000,0.070000,0.000000
1778942812.094286,0,0.000000,7.000000,0.000000,7.000000,0.300000,0.000000,1.000000,3.040000,0.070000,0.000000
1778942812.145288,0,0.000000,7.000000,0.000000,7.000000,1.000000,0.000000,1.000000,2.280000,0.150000,0.000000
1778942812.195718,0,0.000000,7.000000,0.000000,7.000000,1.000000,0.000000,1.000000,1.750000,0.210000,0.000000
1778942812.246887,0,0.000000,7.000000,0.000000,7.000000,1.000000,0.000000,1.000000,1.590000,0.150000,0.000000
1778942812.247401,0,0.000000,7.000000,0.000000,7.000000,1.000000,0.000000,1.000000,2.190000,0.070000,0.000000
1778942812.247846,0,0.000000,7.000000,0.000000,7.000000,1.000000,0.000000,1.000000,2.390000,0.070000,0.000000
1778942812.248859,0,0.000000,7.000000,0.000000,7.000000,1.000000,0.000000,1.000000,2.720000,0.070000,0.140000
1778942812.299231,0,0.000000,7.000000,0.000000,7.000000,1.000000,0.000000,1.000000,3.010000,0.150000,0.000000
1778942812.348221,0,0.000000,7.000000,0.000000,7.000000,1.000000,0.000000,1.000000,2.980000,0.150000,0.000000
1778942812.397428,0,0.000000,7.000000,0.000000,7.000000,1.000000,0.000000,1.000000,2.990000,0.070000,0.000000
1778942812.469659,0,0.000000,7.000000,0.000000,7.000000,1.000000,0.000000,1.000000,3.000000,0.070000,0.000000
1778942812.495806,0,0.000000,7.000000,0.000000,7.000000,1.000000,0.000000,1.000000,2.980000,0.070000,0.000000
1778942812.521955,0,0.000000,7.000000,0.000000,7.000000,1.000000,0.000000,1.000000,2.850000,0.070000,0.000000
1778942812.522627,0,0.000000,7.000000,0.000000,7.000000,0.270000,0.000000,1.000000,2.590000,0.000000,0.000000
1778942812.573664,0,0.000000,7.000000,0.000000,7.000000,0.030000,0.000000,1.000000,2.710000,0.000000,0.000000
1778942812.621348,0,0.000000,7.000000,0.000000,7.000000,0.980000,0.000000,1.000000,3.000000,0.070000,0.000000
1778942812.725671,0,0.000000,7.000000,0.000000,7.000000,1.000000,0.000000,1.000000,3.030000,0.070000,0.000000
1778942812.758803,0,0.000000,7.000000,0.000000,7.000000,1.000000,0.000000,1.000000,2.990000,0.210000,0.000000
1778942812.759361,0,0.000000,7.000000,0.000000,7.000000,1.000000,0.000000,1.000000,2.930000,0.150000,0.000000
1778942812.791543,0,0.000000,7.000000,0.000000,7.000000,1.000000,0.000000,1.000000,2.720000,0.070000,0.000000
1778942812.876121,0,0.000000,7.000000,0.000000,7.000000,1.000000,0.000000,1.000000,2.800000,0.070000,0.000000
1778942812.905167,0,0.000000,7.000000,0.000000,7.000000,0.000000,0.000000,1.000000,2.970000,0.370000,0.000000
1778942813.027551,0,0.000000,7.000000,0.000000,7.000000,0.180000,0.000000,1.000000,2.980000,0.150000,0.000000
1778942813.059786,0,0.000000,7.000000,0.000000,7.000000,0.340000,0.000000,1.000000,2.980000,0.070000,0.000000
1778942813.088695,0,0.000000,7.000000,0.000000,7.000000,0.910000,0.000000,1.000000,2.980000,0.070000,0.000000
1778942813.137204,0,0.000000,7.000000,0.000000,7.000000,1.000000,0.000000,1.000000,2.990000,0.000000,0.000000
1778942813.220631,0,0.000000,7.000000,0.000000,7.000000,1.000000,0.000000,1.000000,2.880000,0.070000,0.000000
1778942813.287228,0,0.000000,7.000000,0.000000,7.000000,0.660000,0.000000,1.000000,2.990000,0.150000,0.000000
1778942813.334404,0,0.000000,7.000000,0.000000,7.000000,1.000000,0.000000,1.000000,2.940000,0.070000,0.000000
1778942813.334925,0,0.000000,7.000000,0.000000,7.000000,1.000000,0.000000,1.000000,2.810000,0.070000,0.000000
1778942813.383753,0,0.000000,7.000000,0.000000,7.000000,1.000000,0.000000,1.000000,2.880000,0.150000,0.000000
1778942813.444767,0,0.000000,7.000000,0.000000,7.000000,1.000000,0.000000,1.000000,2.960000,0.150000,0.140000
1778942813.493458,0,0.000000,7.000000,0.000000,7.000000,1.000000,0.000000,1.000000,2.590000,0.070000,0.000000
1778942813.494176,0,0.000000,7.000000,0.000000,7.000000,1.000000,0.000000,1.000000,2.540000,0.070000,0.000000
1778942813.580801,0,0.000000,7.000000,0.000000,7.000000,1.000000,0.000000,1.000000,2.660000,0.070000,0.000000
1778942813.608689,0,0.000000,7.000000,0.000000,7.000000,1.000000,0.000000,1.000000,2.810000,0.070000,0.000000
1778942813.657033,0,0.000000,7.000000,0.000000,7.000000,0.180000,0.000000,1.000000,2.950000,0.000000,0.000000
1778942813.704591,0,0.000000,7.000000,0.000000,7.000000,0.370000,0.000000,1.000000,2.940000,0.000000,0.000000
1778942813.791178,0,0.000000,7.000000,0.000000,7.000000,0.930000,0.000000,1.000000,2.940000,0.070000,0.000000
1778942813.842493,0,0.000000,7.000000,0.000000,7.000000,1.000000,0.000000,1.000000,3.010000,0.000000,0.000000
1778942813.842987,0,0.000000,7.000000,0.000000,7.000000,1.000000,0.000000,1.000000,2.970000,0.150000,0.000000
1778942813.892031,0,0.000000,7.000000,0.000000,7.000000,1.000000,0.000000,1.000000,3.000000,0.070000,0.000000
1778942813.969752,0,0.000000,7.000000,0.000000,7.000000,0.750000,0.000000,1.000000,2.790000,0.070000,0.000000
1778942814.018017,0,0.000000,7.000000,0.000000,7.000000,0.560000,0.000000,1.000000,2.690000,0.070000,0.000000
1778942814.018540,0,0.000000,7.000000,0.000000,7.000000,0.740000,0.000000,1.000000,2.660000,0.150000,0.000000
1778942814.018930,0,0.000000,7.000000,0.000000,7.000000,1.000000,0.000000,1.000000,2.800000,0.070000,0.000000
1778942814.019304,0,0.000000,7.000000,0.000000,7.000000,0.180000,0.000000,1.000000,2.820000,0.070000,0.000000
1778942814.019863,0,0.000000,7.000000,0.000000,7.000000,0.800000,0.000000,1.000000,2.930000,0.070000,0.000000
1778942814.082244,0,0.000000,7.000000,0.000000,7.000000,1.000000,0.000000,1.000000,2.970000,0.070000,0.000000
1778942814.129528,0,0.000000,7.000000,0.000000,7.000000,1.000000,0.000000,1.000000,2.970000,0.070000,0.000000
1778942814.201736,0,0.000000,7.000000,0.000000,7.000000,0.070000,0.000000,1.000000,2.980000,0.150000,0.000000
1778942814.249764,0,0.000000,7.000000,0.000000,7.000000,0.370000,0.000000,1.000000,2.980000,0.070000,0.000000
1778942814.250600,0,0.000000,7.000000,0.000000,7.000000,0.980000,0.000000,1.000000,2.990000,0.070000,0.000000
1778942814.297375,0,0.000000,7.000000,0.000000,7.000000,1.000000,0.000000,1.000000,2.980000,0.070000,0.000000
1778942814.359131,0,0.000000,7.000000,0.000000,7.000000,1.000000,0.000000,1.000000,3.000000,0.070000,0.000000
1778942814.406585,0,0.000000,7.000000,0.000000,7.000000,0.620000,0.000000,1.000000,3.020000,0.070000,0.000000
1778942814.455390,0,0.000000,7.000000,0.000000,7.000000,0.980000,0.000000,1.000000,3.000000,0.070000,0.000000
1778942814.503537,0,0.000000,7.000000,0.000000,7.000000,0.000000,0.000000,1.000000,2.960000,0.300000,0.000000
1778942814.550996,0,0.000000,7.000000,0.000000,7.000000,0.400000,0.000000,1.000000,2.940000,0.070000,0.000000
1778942814.551519,0,0.000000,7.000000,0.000000,7.000000,0.970000,0.000000,1.000000,2.900000,0.070000,0.000000
1778942814.551911,0,0.000000,7.000000,0.000000,7.000000,1.000000,0.000000,1.000000,2.850000,0.070000,0.000000
1778942814.552482,0,0.000000,7.000000,0.000000,7.000000,1.000000,0.000000,1.000000,2.740000,0.070000,0.000000
1778942814.598912,0,0.000000,7.000000,0.000000,7.000000,0.180000,0.000000,1.000000,2.710000,0.070000,0.000000
1778942814.704829,0,0.000000,7.000000,0.000000,7.000000,0.200000,0.000000,1.000000,2.750000,0.070000,0.000000
1778942814.752066,0,0.000000,7.000000,0.000000,7.000000,0.340000,0.000000,1.000000,2.750000,0.150000,0.000000
1778942814.752585,0,0.000000,7.000000,0.000000,7.000000,0.490000,0.000000,1.000000,2.880000,0.070000,0.000000
1778942814.798681,0,0.000000,7.000000,0.000000,7.000000,0.620000,0.000000,1.000000,2.930000,0.070000,0.000000
1778942814.902230,0,0.000000,7.000000,0.000000,7.000000,1.000000,0.000000,1.000000,2.960000,0.070000,0.000000
1778942814.951693,0,0.000000,7.000000,0.000000,7.000000,1.000000,0.000000,1.000000,2.960000,0.210000,0.000000
1778942814.997387,0,0.000000,7.000000,0.000000,7.000000,1.000000,0.000000,1.000000,2.970000,0.070000,0.000000
1778942815.043233,0,0.000000,7.000000,0.000000,7.000000,1.000000,0.000000,1.000000,2.950000,0.070000,0.000000
1778942815.089948,0,0.000000,7.000000,0.000000,7.000000,1.000000,0.000000,1.000000,2.940000,0.070000,0.000000
1778942815.090461,0,0.000000,7.000000,0.000000,7.000000,1.000000,0.000000,1.000000,2.840000,0.070000,0.000000
1778942815.136314,0,0.000000,7.000000,0.000000,7.000000,1.000000,0.000000,1.000000,2.860000,0.150000,0.000000
1778942815.185482,0,0.000000,7.000000,0.000000,7.000000,1.000000,0.000000,1.000000,2.790000,0.070000,0.000000
1778942815.192269,0,0.000000,7.000000,0.000000,7.000000,0.400000,0.000000,1.000000,2.840000,0.150000,0.000000
1778942815.204601,0,0.000000,7.000000,0.000000,7.000000,1.000000,0.000000,1.000000,2.880000,0.070000,0.000000
1778942815.206423,0,0.000000,7.000000,0.000000,7.000000,1.000000,0.000000,1.000000,2.750000,0.000000,0.000000
1778942815.214429,0,0.000000,7.000000,0.000000,7.000000,1.000000,0.000000,1.000000,2.820000,0.150000,0.000000
1778942815.238972,0,0.000000,7.000000,0.000000,7.000000,1.000000,0.000000,1.000000,2.890000,0.070000,0.000000
1778942815.241746,0,0.000000,7.000000,0.000000,7.000000,1.000000,0.000000,1.000000,2.910000,0.070000,0.000000
1778942815.245530,0,0.000000,7.000000,0.000000,7.000000,1.000000,0.000000,1.000000,2.930000,0.070000,0.000000
1778942815.252219,0,0.000000,7.000000,0.000000,7.000000,1.000000,0.000000,1.000000,2.980000,0.070000,0.000000
1778942815.259890,0,0.000000,7.000000,0.000000,7.000000,1.000000,0.000000,1.000000,3.090000,0.070000,0.000000
1778942815.267333,0,0.000000,7.000000,0.000000,7.000000,1.000000,0.000000,1.000000,3.040000,0.070000,0.140000
1778942815.290152,0,0.000000,7.000000,0.000000,7.000000,1.000000,0.000000,1.000000,3.000000,0.070000,0.000000
1778942815.321984,0,0.000000,7.000000,0.000000,7.000000,1.000000,0.000000,1.000000,2.960000,0.070000,0.000000
1778942815.324358,0,0.000000,7.000000,0.000000,7.000000,1.000000,0.000000,1.000000,2.980000,0.070000,0.000000
1778942815.336232,0,0.000000,7.000000,0.000000,7.000000,1.000000,0.000000,1.000000,2.970000,0.070000,0.000000
1778942815.350956,0,0.000000,7.000000,0.000000,7.000000,1.000000,0.000000,1.000000,3.020000,0.070000,0.000000
1778942815.365608,0,0.000000,7.000000,0.000000,7.000000,1.000000,0.000000,1.000000,3.000000,0.150000,0.140000
1778942815.373034,0,0.000000,7.000000,0.000000,7.000000,1.000000,0.000000,1.000000,3.000000,0.070000,0.000000
1778942815.403008,0,0.000000,7.000000,0.000000,7.000000,1.000000,0.000000,1.000000,3.000000,0.210000,0.000000
1778942815.425209,0,0.000000,7.000000,0.000000,7.000000,1.000000,0.000000,1.000000,3.070000,0.070000,0.000000
1778942815.432642,0,0.000000,7.000000,0.000000,7.000000,1.000000,0.000000,1.000000,3.080000,0.070000,0.000000
1778942815.442025,0,0.000000,7.000000,0.000000,7.000000,1.000000,0.000000,1.000000,3.090000,0.070000,0.000000
1778942815.457179,0,0.000000,7.000000,0.000000,7.000000,1.000000,0.000000,1.000000,3.100000,0.070000,0.000000
1778942815.474394,0,0.000000,7.000000,0.000000,7.000000,1.000000,0.000000,1.000000,3.090000,0.070000,0.430000
1778942815.493948,0,0.000000,7.000000,0.000000,7.000000,1.000000,0.000000,1.000000,3.100000,0.070000,0.000000
1778942815.501105,0,0.000000,7.000000,0.000000,7.000000,1.000000,0.000000,1.000000,3.090000,0.070000,0.000000
1778942815.516088,0,0.000000,7.000000,0.000000,7.000000,1.000000,0.000000,1.000000,3.020000,0.070000,0.000000
1778942815.575189,0,0.000000,7.000000,0.000000,7.000000,1.000000,0.000000,1.000000,3.010000,0.070000,0.140000
1778942815.576819,0,0.000000,7.000000,0.000000,7.000000,1.000000,0.000000,1.000000,3.000000,0.070000,0.000000
1778942815.585123,0,0.000000,7.000000,0.000000,7.000000,1.000000,0.000000,1.000000,3.000000,0.070000,0.000000
1778942815.597477,0,0.000000,7.000000,0.000000,7.000000,1.000000,0.000000,1.000000,3.010000,0.070000,0.000000
1778942815.628025,0,0.000000,7.000000,0.000000,7.000000,1.000000,0.000000,1.000000,3.000000,0.070000,0.000000
1778942815.630278,0,0.000000,7.000000,0.000000,7.000000,1.000000,0.000000,1.000000,3.000000,0.070000,0.000000
1778942815.631232,0,0.000000,7.000000,0.000000,7.000000,1.000000,0.000000,1.000000,2.970000,0.210000,0.000000
1778942815.634769,0,0.000000,7.000000,0.000000,7.000000,1.000000,0.000000,1.000000,2.850000,0.070000,0.000000
1778942815.665102,0,0.000000,7.000000,0.000000,7.000000,0.500000,0.000000,1.000000,2.790000,0.070000,0.000000
1778942815.672241,0,0.000000,7.000000,0.000000,7.000000,1.000000,0.000000,1.000000,2.770000,0.150000,0.000000
1778942815.694165,0,0.000000,7.000000,0.000000,7.000000,1.000000,0.000000,1.000000,2.790000,0.150000,0.000000
1778942815.695244,0,0.000000,7.000000,0.000000,7.000000,1.000000,0.000000,1.000000,2.850000,0.070000,0.000000
1778942815.719224,0,0.000000,7.000000,0.000000,7.000000,1.000000,0.000000,1.000000,2.930000,0.070000,0.000000
1778942815.755912,0,0.000000,7.000000,0.000000,7.000000,1.000000,0.000000,1.000000,2.970000,0.070000,0.000000
1778942815.758000,0,0.000000,7.000000,0.000000,7.000000,1.000000,0.000000,1.000000,3.000000,0.070000,0.000000
1778942815.762682,0,0.000000,7.000000,0.000000,7.000000,1.000000,0.000000,1.000000,3.000000,0.070000,0.000000
1778942815.778300,0,0.000000,7.000000,0.000000,7.000000,1.000000,0.000000,1.000000,2.990000,0.070000,0.000000
1778942815.794343,0,0.000000,7.000000,0.000000,7.000000,1.000000,0.000000,1.000000,3.000000,0.070000,0.000000
1778942815.808854,0,0.000000,7.000000,0.000000,7.000000,1.000000,0.000000,1.000000,3.000000,0.070000,0.000000
1778942815.815744,0,0.000000,7.000000,0.000000,7.000000,1.000000,0.000000,1.000000,2.990000,0.070000,0.000000
1778942815.867445,0,0.000000,7.000000,0.000000,7.000000,1.000000,0.000000,1.000000,2.990000,0.070000,0.000000
1778942815.869781,0,0.000000,7.000000,0.000000,7.000000,1.000000,0.000000,1.000000,2.980000,0.150000,0.000000
1778942815.874752,0,0.000000,7.000000,0.000000,7.000000,1.000000,0.000000,1.000000,3.000000,0.070000,0.000000
1778942815.898880,0,0.000000,7.000000,0.000000,7.000000,1.000000,0.000000,1.000000,3.000000,0.070000,0.430000
1778942815.901988,0,0.000000,7.000000,0.000000,7.000000,1.000000,0.000000,1.000000,3.020000,0.070000,0.000000
1778942815.921476,0,0.000000,7.000000,0.000000,7.000000,1.000000,0.000000,1.000000,3.000000,0.070000,0.280000
1778942815.952669,0,0.000000,7.000000,0.000000,7.000000,1.000000,0.000000,1.000000,3.000000,0.070000,0.000000
1778942815.957563,0,0.000000,7.000000,0.000000,7.000000,1.000000,0.000000,1.000000,3.000000,0.150000,0.000000
1778942815.972332,0,0.000000,7.000000,0.000000,7.000000,1.000000,0.000000,1.000000,3.000000,0.070000,0.000000
1778942815.980160,0,0.000000,7.000000,0.000000,7.000000,1.000000,0.000000,1.000000,3.040000,0.000000,0.000000
1778942815.987619,0,0.000000,7.000000,0.000000,7.000000,1.000000,0.000000,1.000000,3.000000,0.070000,0.140000
1778942816.003601,0,0.000000,7.000000,0.000000,7.000000,1.000000,0.000000,1.000000,3.020000,0.070000,0.000000
1778942816.028286,0,0.000000,7.000000,0.000000,7.000000,1.000000,0.000000,1.000000,3.060000,0.150000,0.000000
1778942816.029888,0,0.000000,7.000000,0.000000,7.000000,1.000000,0.000000,1.000000,3.050000,0.150000,0.140000
1778942816.048387,0,0.000000,7.000000,0.000000,7.000000,1.000000,0.000000,1.000000,3.110000,0.150000,0.000000
1778942816.070439,0,0.000000,7.000000,0.000000,7.000000,1.000000,0.000000,1.000000,3.070000,0.150000,0.000000
1778942816.085541,0,0.000000,7.000000,0.000000,7.000000,1.000000,0.000000,1.000000,3.070000,0.070000,0.000000
1778942816.093401,0,0.000000,7.000000,0.000000,7.000000,1.000000,0.000000,1.000000,3.050000,0.070000,0.000000
1778942816.115384,0,0.000000,7.000000,0.000000,7.000000,1.000000,0.000000,1.000000,3.000000,0.070000,0.000000
1778942816.131219,0,0.000000,7.000000,0.000000,7.000000,1.000000,0.000000,1.000000,3.000000,0.070000,0.000000
1778942816.133031,0,0.000000,7.000000,0.000000,7.000000,1.000000,0.000000,1.000000,3.000000,0.070000,0.000000
1778942816.184647,0,0.000000,7.000000,0.000000,7.000000,1.000000,0.000000,1.000000,3.000000,0.070000,0.000000
1778942816.189643,0,0.000000,7.000000,0.000000,7.000000,1.000000,0.000000,1.000000,3.020000,0.150000,0.000000
1778942816.190871,0,0.000000,7.000000,0.000000,7.000000,1.000000,0.000000,1.000000,3.030000,0.150000,0.000000
1778942816.197513,0,0.000000,7.000000,0.000000,7.000000,1.000000,0.000000,1.000000,3.010000,0.070000,0.000000
1778942816.220305,0,0.000000,7.000000,0.000000,7.000000,1.000000,0.000000,1.000000,3.000000,0.070000,0.000000
1778942816.234656,0,0.000000,7.000000,0.000000,7.000000,1.000000,0.000000,1.000000,3.000000,0.070000,0.000000
1778942816.250789,0,0.000000,7.000000,0.000000,7.000000,1.000000,0.000000,1.000000,3.020000,0.150000,0.000000
1778942816.288170,0,0.000000,7.000000,0.000000,7.000000,1.000000,0.000000,1.000000,3.000000,0.070000,0.000000
1778942816.295752,0,0.000000,7.000000,0.000000,7.000000,1.000000,0.000000,1.000000,3.000000,0.000000,0.000000
1778942816.312907,0,0.000000,7.000000,0.000000,7.000000,1.000000,0.000000,1.000000,3.010000,0.070000,0.000000
1778942816.318403,0,0.000000,7.000000,0.000000,7.000000,1.000000,0.000000,1.000000,3.000000,0.070000,0.000000
1778942816.319967,0,0.000000,7.000000,0.000000,7.000000,1.000000,0.000000,1.000000,3.010000,0.210000,0.000000
1778942816.333299,0,0.000000,7.000000,0.000000,7.000000,1.000000,0.000000,1.000000,3.030000,0.070000,0.280000
1778942816.356405,0,0.000000,7.000000,0.000000,7.000000,1.000000,0.000000,1.000000,3.020000,0.070000,0.000000
1778942816.358892,0,0.000000,7.000000,0.000000,7.000000,1.000000,0.000000,1.000000,3.000000,0.070000,0.000000
1778942816.379066,0,0.000000,7.000000,0.000000,7.000000,1.000000,0.000000,1.000000,3.000000,0.070000,0.000000
1778942816.432551,0,0.000000,7.000000,0.000000,7.000000,1.000000,0.000000,1.000000,3.030000,0.070000,0.000000
1778942816.446169,0,0.000000,7.000000,0.000000,7.000000,1.000000,0.000000,1.000000,3.010000,0.070000,0.000000
1778942816.467804,0,0.000000,7.000000,0.000000,7.000000,1.000000,0.000000,1.000000,3.010000,0.070000,0.000000
1778942816.470001,0,0.000000,7.000000,0.000000,7.000000,1.000000,0.000000,1.000000,3.000000,0.070000,0.000000
1778942816.470675,0,0.000000,7.000000,0.000000,7.000000,1.000000,0.000000,1.000000,3.010000,0.070000,0.000000
1778942816.483180,0,0.000000,7.000000,0.000000,7.000000,1.000000,0.000000,1.000000,3.010000,0.070000,0.000000
1778942816.490761,0,0.000000,7.000000,0.000000,7.000000,1.000000,0.000000,1.000000,3.020000,0.070000,0.140000
1778942816.498443,0,0.000000,7.000000,0.000000,7.000000,1.000000,0.000000,1.000000,3.010000,0.070000,0.000000
1778942816.523718,0,0.000000,7.000000,0.000000,7.000000,1.000000,0.000000,1.000000,3.020000,0.070000,0.000000
1778942816.536564,0,0.000000,7.000000,0.000000,7.000000,1.000000,0.000000,1.000000,3.010000,0.070000,0.000000
1778942816.543634,0,0.000000,7.000000,0.000000,7.000000,1.000000,0.000000,1.000000,3.010000,0.070000,0.000000
1778942816.566225,0,0.000000,7.000000,0.000000,7.000000,1.000000,0.000000,1.000000,3.020000,0.070000,0.140000
1778942816.572945,0,0.000000,7.000000,0.000000,7.000000,1.000000,0.000000,1.000000,3.030000,0.000000,0.000000
1778942816.587974,0,0.000000,7.000000,0.000000,7.000000,1.000000,0.000000,1.000000,3.060000,0.070000,0.000000
1778942816.603313,0,0.000000,7.000000,0.000000,7.000000,1.000000,0.000000,1.000000,3.030000,0.070000,0.000000
1778942816.636220,0,0.000000,7.000000,0.000000,7.000000,1.000000,0.000000,1.000000,3.020000,0.070000,0.000000
1778942816.650035,0,0.000000,7.000000,0.000000,7.000000,1.000000,0.000000,1.000000,3.020000,0.070000,0.000000
1778942816.655904,0,0.000000,7.000000,0.000000,7.000000,1.000000,0.000000,1.000000,3.020000,0.150000,0.000000
1778942816.670405,0,0.000000,7.000000,0.000000,7.000000,1.000000,0.000000,1.000000,3.020000,0.150000,0.000000
1778942816.692784,0,0.000000,7.000000,0.000000,7.000000,1.000000,0.000000,1.000000,3.030000,0.070000,0.000000
1778942816.699854,0,0.000000,7.000000,0.000000,7.000000,1.000000,0.000000,1.000000,3.030000,0.070000,0.000000
1778942816.716024,0,0.000000,7.000000,0.000000,7.000000,1.000000,0.000000,1.000000,3.020000,0.070000,0.000000
1778942816.730955,0,0.000000,7.000000,0.000000,7.000000,1.000000,0.000000,1.000000,3.020000,0.070000,0.000000
1778942816.746348,0,0.000000,7.000000,0.000000,7.000000,1.000000,0.000000,1.000000,3.010000,0.070000,0.000000
1778942816.769498,0,0.000000,7.000000,0.000000,7.000000,1.000000,0.000000,1.000000,3.020000,0.150000,0.000000
1778942816.783123,0,0.000000,7.000000,0.000000,7.000000,1.000000,0.000000,1.000000,3.010000,0.070000,0.000000
1778942816.792815,0,0.000000,7.000000,0.000000,7.000000,1.000000,0.000000,1.000000,3.030000,0.070000,0.000000
1778942816.836137,0,0.000000,7.000000,0.000000,7.000000,1.000000,0.000000,1.000000,3.000000,0.070000,0.000000
1778942816.837529,0,0.000000,7.000000,0.000000,7.000000,1.000000,0.000000,1.000000,3.020000,0.000000,0.000000
1778942816.842354,0,0.000000,7.000000,0.000000,7.000000,1.000000,0.000000,1.000000,3.020000,0.070000,0.000000
1778942816.850430,0,0.000000,7.000000,0.000000,7.000000,1.000000,0.000000,1.000000,3.020000,0.070000,0.000000
1778942816.865351,0,0.000000,7.000000,0.000000,7.000000,1.000000,0.000000,1.000000,3.000000,0.070000,0.000000
1778942816.883052,0,0.000000,7.000000,0.000000,7.000000,1.000000,0.000000,1.000000,3.020000,0.000000,0.000000
1778942816.890591,0,0.000000,7.000000,0.000000,7.000000,1.000000,0.000000,1.000000,3.010000,0.150000,0.000000
1778942816.911392,0,0.000000,7.000000,0.000000,7.000000,1.000000,0.000000,1.000000,3.010000,0.150000,0.000000
1778942816.919067,0,0.000000,7.000000,0.000000,7.000000,1.000000,0.000000,1.000000,3.020000,0.070000,0.000000
1778942816.948323,0,0.000000,7.000000,0.000000,7.000000,1.000000,0.000000,1.000000,3.020000,0.070000,0.000000
1778942816.955544,0,0.000000,7.000000,0.000000,7.000000,1.000000,0.000000,1.000000,3.020000,0.070000,0.000000
1778942816.977344,0,0.000000,7.000000,0.000000,7.000000,1.000000,0.000000,1.000000,3.050000,0.070000,0.000000
1778942816.992675,0,0.000000,7.000000,0.000000,7.000000,0.150000,0.000000,1.000000,3.030000,0.070000,0.000000
1778942817.010552,0,0.000000,7.000000,0.000000,7.000000,0.750000,0.000000,1.000000,3.030000,0.070000,0.000000
1778942817.023451,0,0.000000,7.000000,0.000000,7.000000,1.000000,0.000000,1.000000,3.030000,0.150000,0.000000
1778942817.047318,0,0.000000,7.000000,0.000000,7.000000,1.000000,0.000000,1.000000,3.020000,0.070000,0.000000
1778942817.049493,0,0.000000,7.000000,0.000000,7.000000,1.000000,0.000000,1.000000,3.010000,0.070000,0.000000
1778942817.060040,0,0.000000,7.000000,0.000000,7.000000,1.000000,0.000000,1.000000,3.010000,0.150000,0.000000
1778942817.076774,0,0.000000,7.000000,0.000000,7.000000,1.000000,0.000000,1.000000,3.040000,0.070000,0.000000
1778942817.082682,0,0.000000,7.000000,0.000000,7.000000,1.000000,0.000000,1.000000,3.000000,0.070000,0.000000
1778942817.113448,0,0.000000,7.000000,0.000000,7.000000,1.000000,0.000000,1.000000,3.000000,0.070000,0.000000
1778942817.120994,0,0.000000,7.000000,0.000000,7.000000,1.000000,0.000000,1.000000,3.040000,0.070000,0.000000
1778942817.137340,0,0.000000,7.000000,0.000000,7.000000,1.000000,0.000000,1.000000,3.010000,0.070000,0.000000
1778942817.152096,0,0.000000,7.000000,0.000000,7.000000,1.000000,0.000000,1.000000,3.030000,0.070000,0.000000
1778942817.165689,0,0.000000,7.000000,0.000000,7.000000,1.000000,0.000000,1.000000,3.030000,0.070000,0.000000
1778942817.197033,0,0.000000,7.000000,0.000000,7.000000,1.000000,0.000000,1.000000,3.020000,0.070000,0.000000
1778942817.198844,0,0.000000,7.000000,0.000000,7.000000,1.000000,0.000000,1.000000,3.030000,0.150000,0.000000
1778942817.246710,0,0.000000,7.000000,0.000000,7.000000,1.000000,0.000000,1.000000,3.040000,0.070000,0.000000
1778942817.254491,0,0.000000,7.000000,0.000000,7.000000,1.000000,0.000000,1.000000,3.050000,0.070000,0.000000
1778942817.261279,0,0.000000,7.000000,0.000000,7.000000,1.000000,0.000000,1.000000,3.040000,0.070000,0.000000
1778942817.276160,0,0.000000,7.000000,0.000000,7.000000,1.000000,0.000000,1.000000,3.060000,0.150000,0.000000
1778942817.284490,0,0.000000,7.000000,0.000000,7.000000,1.000000,0.000000,1.000000,3.050000,0.070000,0.000000
1778942817.291761,0,0.000000,7.000000,0.000000,7.000000,1.000000,0.000000,1.000000,3.030000,0.070000,0.000000
1778942817.301277,0,0.000000,7.000000,0.000000,7.000000,1.000000,0.000000,1.000000,3.030000,0.070000,0.000000
1778942817.317391,0,0.000000,7.000000,0.000000,7.000000,1.000000,0.000000,1.000000,3.010000,0.070000,0.000000
1778942817.323772,0,0.000000,7.000000,0.000000,7.000000,1.000000,0.000000,1.000000,3.050000,0.070000,0.000000
1778942817.377513,0,0.000000,7.000000,0.000000,7.000000,1.000000,0.000000,1.000000,3.030000,0.070000,0.000000
1778942817.380649,0,0.000000,7.000000,0.000000,7.000000,1.000000,0.000000,1.000000,3.020000,0.070000,0.000000
1778942817.389585,0,0.000000,7.000000,0.000000,7.000000,1.000000,0.000000,1.000000,3.010000,0.070000,0.000000
1778942817.391084,0,0.000000,7.000000,0.000000,7.000000,1.000000,0.000000,1.000000,3.020000,0.070000,0.000000
1778942817.414342,0,0.000000,7.000000,0.000000,7.000000,1.000000,0.000000,1.000000,3.020000,0.070000,0.000000
1778942817.436823,0,0.000000,7.000000,0.000000,7.000000,1.000000,0.000000,1.000000,3.020000,0.070000,0.000000
1778942817.450090,0,0.000000,7.000000,0.000000,7.000000,1.000000,0.000000,1.000000,3.020000,0.210000,0.000000
1778942817.458248,0,0.000000,7.000000,0.000000,7.000000,1.000000,0.000000,1.000000,3.040000,0.070000,0.000000
1778942817.474260,0,0.000000,7.000000,0.000000,7.000000,1.000000,0.000000,1.000000,3.010000,0.070000,0.000000
1778942817.480697,0,0.000000,7.000000,0.000000,7.000000,1.000000,0.000000,1.000000,3.000000,0.150000,0.000000
1778942817.488805,0,0.000000,7.000000,0.000000,7.000000,1.000000,0.000000,1.000000,3.020000,0.070000,0.000000
1778942817.511300,0,0.000000,7.000000,0.000000,7.000000,1.000000,0.000000,1.000000,3.040000,0.070000,0.000000
1778942817.533663,0,0.000000,7.000000,0.000000,7.000000,1.000000,0.000000,1.000000,3.050000,0.070000,0.000000
1778942817.540709,0,0.000000,7.000000,0.000000,7.000000,1.000000,0.000000,1.000000,3.000000,0.070000,0.000000
1778942817.556135,0,0.000000,7.000000,0.000000,7.000000,1.000000,0.000000,1.000000,3.050000,0.070000,0.000000
1778942817.578426,0,0.000000,7.000000,0.000000,7.000000,1.000000,0.000000,1.000000,3.020000,0.070000,0.000000
1778942817.601407,0,0.000000,7.000000,0.000000,7.000000,1.000000,0.000000,1.000000,3.080000,0.070000,0.000000
1778942817.608154,0,0.000000,7.000000,0.000000,7.000000,1.000000,0.000000,1.000000,3.040000,0.070000,0.000000
1778942817.615412,0,0.000000,7.000000,0.000000,7.000000,1.000000,0.000000,1.000000,3.040000,0.070000,0.000000
1778942817.638804,0,0.000000,7.000000,0.000000,7.000000,1.000000,0.000000,1.000000,3.060000,0.070000,0.140000
1778942817.644943,0,0.000000,7.000000,0.000000,7.000000,1.000000,0.000000,1.000000,3.000000,0.150000,0.000000
1778942817.669520,0,0.000000,7.000000,0.000000,7.000000,1.000000,0.000000,1.000000,3.010000,0.070000,0.000000
1778942817.683257,0,0.000000,7.000000,0.000000,7.000000,1.000000,0.000000,1.000000,3.030000,0.070000,0.000000
1778942817.690485,0,0.000000,7.000000,0.000000,7.000000,1.000000,0.000000,1.000000,3.050000,0.150000,0.000000
1778942817.764294,0,0.000000,7.000000,0.000000,7.000000,1.000000,0.000000,1.000000,3.060000,0.070000,0.000000
1778942817.781614,0,0.000000,7.000000,0.000000,7.000000,1.000000,0.000000,1.000000,3.070000,0.070000,0.000000
1778942817.783403,0,0.000000,7.000000,0.000000,7.000000,1.000000,0.000000,1.000000,3.110000,0.070000,0.280000
1778942817.783834,0,0.000000,7.000000,0.000000,7.000000,1.000000,0.000000,1.000000,3.070000,0.070000,0.000000
1778942817.784208,0,0.000000,7.000000,0.000000,7.000000,1.000000,0.000000,1.000000,3.080000,0.070000,0.000000
1778942817.811862,0,0.000000,7.000000,0.000000,7.000000,1.000000,0.000000,1.000000,3.050000,0.070000,0.000000
1778942817.814053,0,0.000000,7.000000,0.000000,7.000000,1.000000,0.000000,1.000000,3.030000,0.000000,0.140000
1778942817.826102,0,0.000000,7.000000,0.000000,7.000000,1.000000,0.000000,1.000000,3.040000,0.070000,0.000000
1778942817.849629,0,0.000000,7.000000,0.000000,7.000000,0.200000,0.000000,1.000000,3.080000,0.210000,0.000000
1778942817.869245,0,0.000000,7.000000,0.000000,7.000000,0.870000,0.000000,1.000000,3.100000,0.070000,0.140000
1778942817.870650,0,0.000000,7.000000,0.000000,7.000000,1.000000,0.000000,1.000000,3.100000,0.070000,0.000000
1778942817.884526,0,0.000000,7.000000,0.000000,7.000000,1.000000,0.000000,1.000000,3.100000,0.070000,0.000000
1778942817.900700,0,0.000000,7.000000,0.000000,7.000000,1.000000,0.000000,1.000000,3.100000,0.210000,0.000000
1778942817.923806,0,0.000000,7.000000,0.000000,7.000000,0.330000,0.000000,1.000000,3.060000,0.070000,0.000000
1778942817.939395,0,0.000000,7.000000,0.000000,7.000000,0.910000,0.000000,1.000000,3.040000,0.070000,0.000000
1778942817.954898,0,0.000000,7.000000,0.000000,7.000000,1.000000,0.000000,1.000000,3.080000,0.070000,0.000000
1778942817.969537,0,0.000000,7.000000,0.000000,7.000000,0.050000,0.000000,1.000000,3.090000,0.070000,0.000000
1778942817.975338,0,0.000000,7.000000,0.000000,7.000000,0.460000,0.000000,1.000000,3.050000,0.150000,0.000000
1778942818.007477,0,0.000000,7.000000,0.000000,7.000000,0.910000,0.000000,1.000000,3.070000,0.070000,0.000000
1778942818.014587,0,0.000000,7.000000,0.000000,7.000000,1.000000,0.000000,1.000000,3.070000,0.150000,0.000000
1778942818.035341,0,0.000000,7.000000,0.000000,7.000000,0.020000,0.000000,1.000000,3.080000,0.070000,0.000000
1778942818.060806,0,0.000000,7.000000,0.000000,7.000000,0.330000,0.000000,1.000000,3.030000,0.070000,0.000000
1778942818.063012,0,0.000000,7.000000,0.000000,7.000000,0.620000,0.000000,1.000000,3.060000,0.070000,0.000000
1778942818.082224,0,0.000000,7.000000,0.000000,7.000000,0.930000,0.000000,1.000000,3.040000,0.070000,0.000000
1778942818.096596,0,0.000000,7.000000,0.000000,7.000000,1.000000,0.000000,1.000000,3.030000,0.210000,0.000000
1778942818.116712,0,0.000000,7.000000,0.000000,7.000000,1.000000,0.000000,1.000000,3.020000,0.000000,0.000000
1778942818.124597,0,0.000000,7.000000,0.000000,7.000000,1.000000,0.000000,1.000000,3.020000,0.070000,0.000000
1778942818.140738,0,0.000000,7.000000,0.000000,7.000000,1.000000,0.000000,1.000000,3.030000,0.150000,0.000000
1778942818.148954,0,0.000000,7.000000,0.000000,7.000000,1.000000,0.000000,1.000000,3.030000,0.070000,0.000000
1778942818.164702,0,0.000000,7.000000,0.000000,7.000000,1.000000,0.000000,1.000000,3.070000,0.070000,0.000000
1778942818.188084,0,0.000000,7.000000,0.000000,7.000000,0.000000,0.000000,1.000000,3.090000,0.300000,0.000000
1778942818.194124,0,0.000000,7.000000,0.000000,7.000000,0.280000,0.000000,1.000000,3.030000,0.070000,0.000000
1778942818.208330,0,0.000000,7.000000,0.000000,7.000000,0.600000,0.000000,1.000000,3.050000,0.070000,0.000000
1778942818.231096,0,0.000000,7.000000,0.000000,7.000000,0.870000,0.000000,1.000000,3.040000,0.070000,0.000000
1778942818.237710,0,0.000000,7.000000,0.000000,7.000000,1.000000,0.000000,1.000000,3.030000,0.070000,0.000000
1778942818.275292,0,0.000000,7.000000,0.000000,7.000000,1.000000,0.000000,1.000000,3.030000,0.070000,0.140000
1778942818.276323,0,0.000000,7.000000,0.000000,7.000000,1.000000,0.000000,1.000000,3.040000,0.210000,0.000000
1778942818.298244,0,0.000000,7.000000,0.000000,7.000000,1.000000,0.000000,1.000000,3.030000,0.070000,0.000000
1778942818.305796,0,0.000000,7.000000,0.000000,7.000000,0.000000,0.000000,1.000000,3.080000,0.370000,0.000000
1778942818.321009,0,0.000000,7.000000,0.000000,7.000000,0.310000,0.000000,1.000000,3.090000,0.070000,0.000000
1778942818.343759,0,0.000000,7.000000,0.000000,7.000000,0.600000,0.000000,1.000000,3.070000,0.070000,0.140000
1778942818.358459,0,0.000000,7.000000,0.000000,7.000000,0.070000,0.000000,1.000000,3.080000,0.070000,0.000000
1778942818.365276,0,0.000000,7.000000,0.000000,7.000000,0.360000,0.000000,1.000000,3.030000,0.070000,0.140000
1778942818.389656,0,0.000000,7.000000,0.000000,7.000000,0.640000,0.000000,1.000000,3.030000,0.070000,0.000000
1778942818.395842,0,0.000000,7.000000,0.000000,7.000000,0.920000,0.000000,1.000000,3.040000,0.070000,0.000000
1778942818.419981,0,0.000000,7.000000,0.000000,7.000000,1.000000,0.000000,1.000000,3.060000,0.070000,0.000000
1778942818.423030,0,0.000000,7.000000,0.000000,7.000000,1.000000,0.000000,1.000000,3.070000,0.070000,0.000000
1778942818.443373,0,0.000000,7.000000,0.000000,7.000000,1.000000,0.000000,1.000000,3.070000,0.070000,0.000000
1778942818.456757,0,0.000000,7.000000,0.000000,7.000000,1.000000,0.000000,1.000000,3.070000,0.150000,0.000000
1778942818.477780,0,0.000000,7.000000,0.000000,7.000000,1.000000,0.000000,1.000000,3.070000,0.150000,0.000000
1778942818.492684,0,0.000000,7.000000,0.000000,7.000000,1.000000,0.000000,1.000000,3.030000,0.070000,0.000000
1778942818.500097,0,0.000000,7.000000,0.000000,7.000000,0.000000,0.000000,1.000000,3.030000,0.150000,0.000000
1778942818.524503,0,0.000000,7.000000,0.000000,7.000000,0.300000,0.000000,1.000000,3.040000,0.070000,0.000000
1778942818.531050,0,0.000000,7.000000,0.000000,7.000000,0.570000,0.000000,1.000000,3.050000,0.150000,0.000000
1778942818.562173,0,0.000000,7.000000,0.000000,7.000000,0.870000,0.000000,1.000000,3.080000,0.150000,0.000000
1778942818.564190,0,0.000000,7.000000,0.000000,7.000000,1.000000,0.000000,1.000000,3.070000,0.070000,0.000000
1778942818.582848,0,0.000000,7.000000,0.000000,7.000000,1.000000,0.000000,1.000000,3.070000,0.000000,0.000000
1778942818.590998,0,0.000000,7.000000,0.000000,7.000000,1.000000,0.000000,1.000000,3.060000,0.070000,0.000000
1778942818.614584,0,0.000000,7.000000,0.000000,7.000000,1.000000,0.000000,1.000000,3.030000,0.150000,0.000000
1778942818.620924,0,0.000000,7.000000,0.000000,7.000000,1.000000,0.000000,1.000000,3.030000,0.070000,0.000000
1778942818.636502,0,0.000000,7.000000,0.000000,7.000000,1.000000,0.000000,1.000000,3.030000,0.070000,0.140000
1778942818.651264,0,0.000000,7.000000,0.000000,7.000000,1.000000,0.000000,1.000000,3.030000,0.070000,0.000000
1778942818.674898,0,0.000000,7.000000,0.000000,7.000000,1.000000,0.000000,1.000000,3.030000,0.070000,0.000000
1778942818.709952,0,0.000000,7.000000,0.000000,7.000000,1.000000,0.000000,1.000000,3.040000,0.070000,0.000000
1778942818.718037,0,0.000000,7.000000,0.000000,7.000000,1.000000,0.000000,1.000000,3.030000,0.070000,0.000000
1778942818.780173,0,0.000000,7.000000,0.000000,7.000000,1.000000,0.000000,1.000000,3.030000,0.070000,0.000000
1778942818.905679,0,0.000000,7.000000,0.000000,7.000000,1.000000,0.000000,1.000000,3.030000,0.070000,0.000000
1778942818.927266,0,0.000000,7.000000,0.000000,7.000000,1.000000,0.000000,1.000000,3.020000,0.070000,0.280000
1778942818.934487,0,0.000000,7.000000,0.000000,7.000000,1.000000,0.000000,1.000000,3.030000,0.070000,0.000000
1778942818.935838,0,0.000000,7.000000,0.000000,7.000000,0.020000,0.000000,1.000000,3.030000,0.150000,0.000000
1778942818.937266,0,0.000000,7.000000,0.000000,7.000000,0.620000,0.000000,1.000000,3.030000,0.070000,0.000000
1778942818.942037,0,0.000000,7.000000,0.000000,7.000000,1.000000,0.000000,1.000000,3.080000,0.070000,0.140000
1778942818.967741,0,0.000000,7.000000,0.000000,7.000000,1.000000,0.000000,1.000000,3.050000,0.070000,0.000000
1778942818.973934,0,0.000000,7.000000,0.000000,7.000000,1.000000,0.000000,1.000000,3.030000,0.070000,0.000000
1778942818.989542,0,0.000000,7.000000,0.000000,7.000000,1.000000,0.000000,1.000000,3.040000,0.070000,0.000000
1778942819.018815,0,0.000000,7.000000,0.000000,7.000000,1.000000,0.000000,1.000000,3.050000,0.070000,0.000000
1778942819.022135,0,0.000000,7.000000,0.000000,7.000000,1.000000,0.000000,1.000000,3.050000,0.070000,0.000000
1778942819.035797,0,0.000000,7.000000,0.000000,7.000000,1.000000,0.000000,1.000000,3.060000,0.070000,0.000000
1778942819.077944,0,0.000000,7.000000,0.000000,7.000000,1.000000,0.000000,1.000000,3.060000,0.070000,0.000000
1778942819.099732,0,0.000000,7.000000,0.000000,7.000000,1.000000,0.000000,1.000000,3.070000,0.070000,0.000000
1778942819.101216,0,0.000000,7.000000,0.000000,7.000000,1.000000,0.000000,1.000000,3.080000,0.070000,0.000000
1778942819.122843,0,0.000000,7.000000,0.000000,7.000000,1.000000,0.000000,1.000000,3.050000,0.070000,0.000000
1778942819.130068,0,0.000000,7.000000,0.000000,7.000000,1.000000,0.000000,1.000000,3.040000,0.070000,0.140000
1778942819.131773,0,0.000000,7.000000,0.000000,7.000000,1.000000,0.000000,1.000000,3.050000,0.070000,0.000000
1778942819.138092,0,0.000000,7.000000,0.000000,7.000000,1.000000,0.000000,1.000000,3.020000,0.070000,0.000000
1778942819.153304,0,0.000000,7.000000,0.000000,7.000000,1.000000,0.000000,1.000000,3.050000,0.070000,0.000000
1778942819.184487,0,0.000000,7.000000,0.000000,7.000000,1.000000,0.000000,1.000000,3.060000,0.070000,0.000000
1778942819.186261,0,0.000000,7.000000,0.000000,7.000000,1.000000,0.000000,1.000000,3.010000,0.070000,0.000000
1778942819.220916,0,0.000000,7.000000,0.000000,7.000000,1.000000,0.000000,1.000000,3.030000,0.150000,0.000000
1778942819.222433,0,0.000000,7.000000,0.000000,7.000000,1.000000,0.000000,1.000000,3.030000,0.070000,0.000000
1778942819.264611,0,0.000000,7.000000,0.000000,7.000000,1.000000,0.000000,1.000000,3.060000,0.070000,0.000000
1778942819.272241,0,0.000000,7.000000,0.000000,7.000000,0.000000,0.000000,1.000000,3.060000,0.370000,0.000000
1778942819.279523,0,0.000000,7.000000,0.000000,7.000000,0.360000,0.000000,1.000000,3.060000,0.070000,0.000000
1778942819.287081,0,0.000000,7.000000,0.000000,7.000000,0.770000,0.000000,1.000000,3.070000,0.000000,0.000000
1778942819.294159,0,0.000000,7.000000,0.000000,7.000000,1.000000,0.000000,1.000000,3.070000,0.150000,0.000000
1778942819.318306,0,0.000000,7.000000,0.000000,7.000000,1.000000,0.000000,1.000000,3.090000,0.150000,0.000000
1778942819.334264,0,0.000000,7.000000,0.000000,7.000000,1.000000,0.000000,1.000000,3.030000,0.070000,0.000000
1778942819.337030,0,0.000000,7.000000,0.000000,7.000000,1.000000,0.000000,1.000000,3.040000,0.070000,0.000000
1778942819.348283,0,0.000000,7.000000,0.000000,7.000000,1.000000,0.000000,1.000000,3.020000,0.070000,0.000000
1778942819.362971,0,0.000000,7.000000,0.000000,7.000000,1.000000,0.000000,1.000000,3.070000,0.070000,0.000000
1778942819.385973,0,0.000000,7.000000,0.000000,7.000000,1.000000,0.000000,1.000000,3.040000,0.000000,0.000000
1778942819.400948,0,0.000000,7.000000,0.000000,7.000000,1.000000,0.000000,1.000000,3.060000,0.070000,0.000000
1778942819.407515,0,0.000000,7.000000,0.000000,7.000000,1.000000,0.000000,1.000000,3.060000,0.150000,0.000000
1778942819.432023,0,0.000000,7.000000,0.000000,7.000000,1.000000,0.000000,1.000000,3.060000,0.000000,0.000000
1778942819.461103,0,0.000000,7.000000,0.000000,7.000000,1.000000,0.000000,1.000000,3.040000,0.070000,0.000000
1778942819.463334,0,0.000000,7.000000,0.000000,7.000000,1.000000,0.000000,1.000000,3.030000,0.070000,0.000000
1778942819.484723,0,0.000000,7.000000,0.000000,7.000000,1.000000,0.000000,1.000000,3.040000,0.070000,0.000000
1778942819.487190,0,0.000000,7.000000,0.000000,7.000000,1.000000,0.000000,1.000000,3.020000,0.070000,0.000000
1778942819.519932,0,0.000000,7.000000,0.000000,7.000000,1.000000,0.000000,1.000000,3.020000,0.150000,0.000000
1778942819.527169,0,0.000000,7.000000,0.000000,7.000000,1.000000,0.000000,1.000000,3.040000,0.070000,0.140000
1778942819.536591,0,0.000000,7.000000,0.000000,7.000000,1.000000,0.000000,1.000000,3.070000,0.070000,0.000000
1778942819.559606,0,0.000000,7.000000,0.000000,7.000000,1.000000,0.000000,1.000000,3.070000,0.070000,0.000000
1778942819.565635,0,0.000000,7.000000,0.000000,7.000000,1.000000,0.000000,1.000000,3.060000,0.070000,0.000000
1778942819.589052,0,0.000000,7.000000,0.000000,7.000000,1.000000,0.000000,1.000000,3.050000,0.070000,0.000000
1778942819.619559,0,0.000000,7.000000,0.000000,7.000000,1.000000,0.000000,1.000000,3.040000,0.070000,0.000000
1778942819.625046,0,0.000000,7.000000,0.000000,7.000000,1.000000,0.000000,1.000000,3.040000,0.150000,0.140000
1778942819.655041,0,0.000000,7.000000,0.000000,7.000000,1.000000,0.000000,1.000000,3.050000,0.070000,0.000000
1778942819.685498,0,0.000000,7.000000,0.000000,7.000000,1.000000,0.000000,1.000000,3.050000,0.070000,0.000000
1778942819.691924,0,0.000000,7.000000,0.000000,7.000000,1.000000,0.000000,1.000000,3.050000,0.070000,0.000000
1778942819.700118,0,0.000000,7.000000,0.000000,7.000000,1.000000,0.000000,1.000000,3.040000,0.070000,0.000000
1778942819.702321,0,0.000000,7.000000,0.000000,7.000000,1.000000,0.000000,1.000000,3.030000,0.070000,0.000000
1778942819.703312,0,0.000000,7.000000,0.000000,7.000000,1.000000,0.000000,1.000000,3.060000,0.000000,0.140000
1778942819.723710,0,0.000000,7.000000,0.000000,7.000000,1.000000,0.000000,1.000000,3.050000,0.070000,0.000000
1778942819.738484,0,0.000000,7.000000,0.000000,7.000000,1.000000,0.000000,1.000000,3.070000,0.070000,0.280000
1778942819.761493,0,0.000000,7.000000,0.000000,7.000000,1.000000,0.000000,1.000000,3.080000,0.150000,0.000000
1778942819.769129,0,0.000000,7.000000,0.000000,7.000000,1.000000,0.000000,1.000000,3.080000,0.070000,0.000000
1778942819.777964,0,0.000000,7.000000,0.000000,7.000000,1.000000,0.000000,1.000000,3.080000,0.070000,0.000000
1778942819.798252,0,0.000000,7.000000,0.000000,7.000000,1.000000,0.000000,1.000000,3.090000,0.070000,0.140000
1778942819.822318,0,0.000000,7.000000,0.000000,7.000000,1.000000,0.000000,1.000000,3.050000,0.070000,0.000000
1778942819.828188,0,0.000000,7.000000,0.000000,7.000000,1.000000,0.000000,1.000000,3.050000,0.000000,0.000000
1778942819.851754,0,0.000000,7.000000,0.000000,7.000000,1.000000,0.000000,1.000000,3.030000,0.070000,0.000000
1778942819.858344,0,0.000000,7.000000,0.000000,7.000000,1.000000,0.000000,1.000000,3.070000,0.070000,0.000000
1778942819.889108,0,0.000000,7.000000,0.000000,7.000000,1.000000,0.000000,1.000000,3.080000,0.070000,0.000000
1778942819.910950,0,0.000000,7.000000,0.000000,7.000000,1.000000,0.000000,1.000000,3.080000,0.070000,0.000000
1778942819.912098,0,0.000000,7.000000,0.000000,7.000000,1.000000,0.000000,1.000000,3.090000,0.150000,0.000000
1778942819.925129,0,0.000000,7.000000,0.000000,7.000000,0.050000,0.000000,1.000000,3.090000,0.070000,0.000000
1778942819.933170,0,0.000000,7.000000,0.000000,7.000000,0.430000,0.000000,1.000000,3.090000,0.070000,0.000000
1778942819.949282,0,0.000000,7.000000,0.000000,7.000000,0.810000,0.000000,1.000000,3.100000,0.070000,0.000000
1778942819.972001,0,0.000000,7.000000,0.000000,7.000000,1.000000,0.000000,1.000000,3.090000,0.070000,0.000000
1778942819.978565,0,0.000000,7.000000,0.000000,7.000000,1.000000,0.000000,1.000000,3.090000,0.070000,0.000000
1778942819.995052,0,0.000000,7.000000,0.000000,7.000000,1.000000,0.000000,1.000000,3.090000,0.070000,0.000000
1778942820.046689,0,0.000000,7.000000,0.000000,7.000000,1.000000,0.000000,1.000000,3.090000,0.070000,0.000000
1778942820.075217,0,0.000000,7.000000,0.000000,7.000000,1.000000,0.000000,1.000000,3.090000,0.150000,0.000000
1778942820.076231,0,0.000000,7.000000,0.000000,7.000000,0.050000,0.000000,1.000000,3.090000,0.070000,0.000000
1778942820.077601,0,0.000000,7.000000,0.000000,7.000000,0.410000,0.000000,1.000000,3.070000,0.070000,0.000000
1778942820.078536,0,0.000000,7.000000,0.000000,7.000000,0.830000,0.000000,1.000000,3.070000,0.070000,0.000000
1778942820.090528,0,0.000000,7.000000,0.000000,7.000000,1.000000,0.000000,1.000000,3.100000,0.070000,0.000000
1778942820.097850,0,0.000000,7.000000,0.000000,7.000000,1.000000,0.000000,1.000000,3.080000,0.070000,0.000000
1778942820.120169,0,0.000000,7.000000,0.000000,7.000000,0.330000,0.000000,1.000000,3.080000,0.070000,0.000000
1778942820.128269,0,0.000000,7.000000,0.000000,7.000000,0.110000,0.000000,1.000000,3.070000,0.070000,0.000000
1778942820.144024,0,0.000000,7.000000,0.000000,7.000000,0.560000,0.000000,1.000000,3.090000,0.150000,0.000000
1778942820.165406,0,0.000000,7.000000,0.000000,7.000000,1.000000,0.000000,1.000000,3.100000,0.070000,0.000000
1778942820.172559,0,0.000000,7.000000,0.000000,7.000000,1.000000,0.000000,1.000000,3.080000,0.150000,0.000000
1778942820.189808,0,0.000000,7.000000,0.000000,7.000000,0.150000,0.000000,1.000000,3.060000,0.070000,0.000000
1778942820.216330,0,0.000000,7.000000,0.000000,7.000000,0.500000,0.000000,1.000000,3.020000,0.070000,0.000000
1778942820.233247,0,0.000000,7.000000,0.000000,7.000000,0.790000,0.000000,1.000000,3.030000,0.070000,0.000000
1778942820.269515,0,0.000000,7.000000,0.000000,7.000000,1.000000,0.000000,1.000000,3.220000,0.070000,0.000000
1778942820.271013,0,0.000000,7.000000,0.000000,7.000000,1.000000,0.000000,1.000000,3.070000,0.150000,0.000000
1778942820.276492,0,0.000000,7.000000,0.000000,7.000000,1.000000,0.000000,1.000000,3.070000,0.070000,0.000000
1778942820.292707,0,0.000000,7.000000,0.000000,7.000000,1.000000,0.000000,1.000000,3.070000,0.070000,0.000000
1778942820.331490,0,0.000000,7.000000,0.000000,7.000000,1.000000,0.000000,1.000000,3.070000,0.070000,0.000000
1778942820.335792,0,0.000000,7.000000,0.000000,7.000000,1.000000,0.000000,1.000000,3.060000,0.150000,0.000000
1778942820.405020,0,0.000000,7.000000,0.000000,7.000000,1.000000,0.000000,1.000000,3.090000,0.070000,0.000000
1778942820.413754,0,0.000000,7.000000,0.000000,7.000000,1.000000,0.000000,1.000000,3.060000,0.150000,0.000000
1778942820.414860,0,0.000000,7.000000,0.000000,7.000000,1.000000,0.000000,1.000000,3.080000,0.070000,0.000000
1778942820.419660,0,0.000000,7.000000,0.000000,7.000000,1.000000,0.000000,1.000000,3.070000,0.070000,0.000000
1778942820.427302,0,0.000000,7.000000,0.000000,7.000000,0.180000,0.000000,1.000000,3.060000,0.150000,0.000000
1778942820.434544,0,0.000000,7.000000,0.000000,7.000000,0.500000,0.000000,1.000000,3.070000,0.070000,0.140000
1778942820.450119,0,0.000000,7.000000,0.000000,7.000000,0.810000,0.000000,1.000000,3.050000,0.070000,0.000000
1778942820.472563,0,0.000000,7.000000,0.000000,7.000000,1.000000,0.000000,1.000000,3.050000,0.070000,0.000000
1778942820.509875,0,0.000000,7.000000,0.000000,7.000000,1.000000,0.000000,1.000000,3.030000,0.070000,0.000000
1778942820.547835,0,0.000000,7.000000,0.000000,7.000000,1.000000,0.000000,1.000000,3.050000,0.000000,0.000000
1778942820.573666,0,0.000000,7.000000,0.000000,7.000000,1.000000,0.000000,1.000000,3.030000,0.070000,0.000000
1778942820.592476,0,0.000000,7.000000,0.000000,7.000000,1.000000,0.000000,1.000000,3.040000,0.000000,0.000000
1778942820.593298,0,0.000000,7.000000,0.000000,7.000000,1.000000,0.000000,1.000000,3.050000,0.070000,0.140000
1778942820.599168,0,0.000000,7.000000,0.000000,7.000000,1.000000,0.000000,1.000000,3.070000,0.070000,0.000000
1778942820.607863,0,0.000000,7.000000,0.000000,7.000000,1.000000,0.000000,1.000000,3.050000,0.150000,0.000000
1778942820.622452,0,0.000000,7.000000,0.000000,7.000000,1.000000,0.000000,1.000000,3.090000,0.070000,0.000000
1778942820.630941,0,0.000000,7.000000,0.000000,7.000000,1.000000,0.000000,1.000000,3.050000,0.150000,0.000000
1778942820.655782,0,0.000000,7.000000,0.000000,7.000000,1.000000,0.000000,1.000000,3.070000,0.150000,0.000000
1778942820.661118,0,0.000000,7.000000,0.000000,7.000000,1.000000,0.000000,1.000000,3.020000,0.070000,0.000000
1778942820.705749,0,0.000000,7.000000,0.000000,7.000000,1.000000,0.000000,1.000000,3.050000,0.070000,0.000000
1778942820.707091,0,0.000000,7.000000,0.000000,7.000000,1.000000,0.000000,1.000000,3.030000,0.070000,0.000000
1778942820.727632,0,0.000000,7.000000,0.000000,7.000000,1.000000,0.000000,1.000000,3.020000,0.150000,0.000000
1778942820.728453,0,0.000000,7.000000,0.000000,7.000000,1.000000,0.000000,1.000000,3.030000,0.070000,0.000000
1778942820.757288,0,0.000000,7.000000,0.000000,7.000000,1.000000,0.000000,1.000000,3.030000,0.070000,0.000000
1778942820.936998,0,0.000000,7.000000,0.000000,7.000000,1.000000,0.000000,1.000000,3.050000,0.070000,0.000000
1778942820.975897,0,0.000000,7.000000,0.000000,7.000000,1.000000,0.000000,1.000000,3.030000,0.150000,0.000000
1778942820.978198,0,0.000000,7.000000,0.000000,7.000000,1.000000,0.000000,1.000000,3.040000,0.070000,0.000000
1778942820.979112,0,0.000000,7.000000,0.000000,7.000000,1.000000,0.000000,1.000000,3.030000,0.070000,0.000000
1778942820.980202,0,0.000000,7.000000,0.000000,7.000000,1.000000,0.000000,1.000000,3.050000,0.070000,0.140000
1778942821.007186,0,0.000000,7.000000,0.000000,7.000000,1.000000,0.000000,1.000000,3.080000,0.070000,0.000000
1778942821.008310,0,0.000000,7.000000,0.000000,7.000000,1.000000,0.000000,1.000000,3.060000,0.070000,0.000000
1778942821.011877,0,0.000000,7.000000,0.000000,7.000000,0.140000,0.000000,1.000000,3.080000,0.150000,0.000000
1778942821.020778,0,0.000000,7.000000,0.000000,7.000000,0.440000,0.000000,1.000000,3.070000,0.070000,0.000000
1778942821.035766,0,0.000000,7.000000,0.000000,7.000000,0.790000,0.000000,1.000000,3.040000,0.150000,0.000000
1778942821.042446,0,0.000000,7.000000,0.000000,7.000000,1.000000,0.000000,1.000000,3.040000,0.070000,0.140000
1778942821.084465,0,0.000000,7.000000,0.000000,7.000000,1.000000,0.000000,1.000000,3.030000,0.000000,0.000000
1778942821.088465,0,0.000000,7.000000,0.000000,7.000000,1.000000,0.000000,1.000000,3.040000,0.070000,0.000000
1778942821.111300,0,0.000000,7.000000,0.000000,7.000000,1.000000,0.000000,1.000000,3.050000,0.150000,0.000000
1778942821.127011,0,0.000000,7.000000,0.000000,7.000000,1.000000,0.000000,1.000000,3.050000,0.070000,0.000000
1778942821.140469,0,0.000000,7.000000,0.000000,7.000000,1.000000,0.000000,1.000000,3.060000,0.070000,0.000000
1778942821.169830,0,0.000000,7.000000,0.000000,7.000000,1.000000,0.000000,1.000000,3.070000,0.070000,0.000000
1778942821.201737,0,0.000000,7.000000,0.000000,7.000000,1.000000,0.000000,1.000000,3.070000,0.070000,0.000000
1778942821.204230,0,0.000000,7.000000,0.000000,7.000000,0.270000,0.000000,1.000000,3.060000,0.070000,0.000000
1778942821.205185,0,0.000000,7.000000,0.000000,7.000000,0.560000,0.000000,1.000000,3.060000,0.070000,0.000000
1778942821.205812,0,0.000000,7.000000,0.000000,7.000000,0.880000,0.000000,1.000000,3.060000,0.070000,0.000000
1778942821.245850,0,0.000000,7.000000,0.000000,7.000000,1.000000,0.000000,1.000000,3.070000,0.070000,0.000000
1778942821.246424,0,0.000000,7.000000,0.000000,7.000000,1.000000,0.000000,1.000000,3.050000,0.070000,0.000000
1778942821.274394,0,0.000000,7.000000,0.000000,7.000000,1.000000,0.000000,1.000000,3.030000,0.150000,0.000000
1778942821.281740,0,0.000000,7.000000,0.000000,7.000000,1.000000,0.000000,1.000000,3.030000,0.000000,0.000000
1778942821.283411,0,0.000000,7.000000,0.000000,7.000000,1.000000,0.000000,1.000000,3.030000,0.070000,0.000000
1778942821.312920,0,0.000000,7.000000,0.000000,7.000000,1.000000,0.000000,1.000000,3.040000,0.070000,0.000000
1778942821.351606,0,0.000000,7.000000,0.000000,7.000000,1.000000,0.000000,1.000000,3.060000,0.070000,0.000000
1778942821.367102,0,0.000000,7.000000,0.000000,7.000000,0.030000,0.000000,1.000000,3.050000,0.150000,0.000000
1778942821.368798,0,0.000000,7.000000,0.000000,7.000000,0.340000,0.000000,1.000000,3.020000,0.070000,0.000000
1778942821.386739,0,0.000000,7.000000,0.000000,7.000000,0.660000,0.000000,1.000000,3.060000,0.070000,0.000000
1778942821.402444,0,0.000000,7.000000,0.000000,7.000000,0.970000,0.000000,1.000000,3.070000,0.070000,0.000000
1778942821.424852,0,0.000000,7.000000,0.000000,7.000000,1.000000,0.000000,1.000000,3.090000,0.070000,0.000000
1778942821.449557,0,0.000000,7.000000,0.000000,7.000000,1.000000,0.000000,1.000000,3.060000,0.070000,0.000000
1778942821.452118,0,0.000000,7.000000,0.000000,7.000000,1.000000,0.000000,1.000000,3.050000,0.070000,0.000000
1778942821.452895,0,0.000000,7.000000,0.000000,7.000000,1.000000,0.000000,1.000000,3.060000,0.070000,0.000000
1778942821.453537,0,0.000000,7.000000,0.000000,7.000000,1.000000,0.000000,1.000000,3.050000,0.070000,0.000000
1778942821.466208,0,0.000000,7.000000,0.000000,7.000000,1.000000,0.000000,1.000000,3.070000,0.070000,0.000000
1778942821.484773,0,0.000000,7.000000,0.000000,7.000000,1.000000,0.000000,1.000000,3.090000,0.070000,0.000000
1778942821.500898,0,0.000000,7.000000,0.000000,7.000000,1.000000,0.000000,1.000000,3.090000,0.000000,0.140000
1778942821.502184,0,0.000000,7.000000,0.000000,7.000000,1.000000,0.000000,1.000000,3.090000,0.000000,0.000000
1778942821.516012,0,0.000000,7.000000,0.000000,7.000000,1.000000,0.000000,1.000000,3.070000,0.070000,0.000000
1778942821.538459,0,0.000000,7.000000,0.000000,7.000000,1.000000,0.000000,1.000000,3.080000,0.070000,0.000000
1778942821.545258,0,0.000000,7.000000,0.000000,7.000000,1.000000,0.000000,1.000000,3.030000,0.070000,0.000000
1778942821.579893,0,0.000000,7.000000,0.000000,7.000000,1.000000,0.000000,1.000000,3.040000,0.070000,0.000000
1778942821.580600,0,0.000000,7.000000,0.000000,7.000000,0.000000,0.000000,1.000000,3.030000,0.300000,0.000000
1778942821.598959,0,0.000000,7.000000,0.000000,7.000000,0.330000,0.000000,1.000000,3.030000,0.070000,0.000000
1778942821.605869,0,0.000000,7.000000,0.000000,7.000000,0.620000,0.000000,1.000000,3.030000,0.070000,0.000000
1778942821.629303,0,0.000000,7.000000,0.000000,7.000000,0.940000,0.000000,1.000000,3.050000,0.070000,0.000000
1778942821.664022,0,0.000000,7.000000,0.000000,7.000000,1.000000,0.000000,1.000000,3.010000,0.210000,0.000000
1778942821.672769,0,0.000000,7.000000,0.000000,7.000000,1.000000,0.000000,1.000000,3.040000,0.070000,0.140000
1778942821.674793,0,0.000000,7.000000,0.000000,7.000000,1.000000,0.000000,1.000000,3.050000,0.210000,0.140000
1778942821.680033,0,0.000000,7.000000,0.000000,7.000000,1.000000,0.000000,1.000000,3.060000,0.070000,0.000000
1778942821.696829,0,0.000000,7.000000,0.000000,7.000000,1.000000,0.000000,1.000000,3.050000,0.070000,0.000000
1778942821.712960,0,0.000000,7.000000,0.000000,7.000000,1.000000,0.000000,1.000000,3.100000,0.070000,0.000000
1778942821.734504,0,0.000000,7.000000,0.000000,7.000000,1.000000,0.000000,1.000000,3.100000,0.070000,0.000000
1778942821.757060,0,0.000000,7.000000,0.000000,7.000000,1.000000,0.000000,1.000000,3.110000,0.070000,0.000000
1778942821.763375,0,0.000000,7.000000,0.000000,7.000000,1.000000,0.000000,1.000000,3.070000,0.150000,0.000000
1778942821.780389,0,0.000000,7.000000,0.000000,7.000000,1.000000,0.000000,1.000000,3.050000,0.070000,0.000000
1778942821.794390,0,0.000000,7.000000,0.000000,7.000000,1.000000,0.000000,1.000000,3.050000,0.150000,0.000000
1778942821.812524,0,0.000000,7.000000,0.000000,7.000000,1.000000,0.000000,1.000000,3.040000,0.150000,0.000000
1778942821.845101,0,0.000000,7.000000,0.000000,7.000000,1.000000,0.000000,1.000000,3.080000,0.070000,0.000000
1778942821.860586,0,0.000000,7.000000,0.000000,7.000000,1.000000,0.000000,1.000000,3.080000,0.070000,0.000000
1778942821.862461,0,0.000000,7.000000,0.000000,7.000000,1.000000,0.000000,1.000000,3.090000,0.070000,0.000000
1778942821.867371,0,0.000000,7.000000,0.000000,7.000000,1.000000,0.000000,1.000000,3.080000,0.070000,0.000000
1778942821.882386,0,0.000000,7.000000,0.000000,7.000000,1.000000,0.000000,1.000000,3.110000,0.150000,0.000000
1778942821.898762,0,0.000000,7.000000,0.000000,7.000000,1.000000,0.000000,1.000000,3.080000,0.150000,0.000000
1778942821.938116,0,0.000000,7.000000,0.000000,7.000000,1.000000,0.000000,1.000000,3.100000,0.150000,0.000000
1778942821.958856,0,0.000000,7.000000,0.000000,7.000000,1.000000,0.000000,1.000000,3.110000,0.070000,0.000000
1778942821.966658,0,0.000000,7.000000,0.000000,7.000000,1.000000,0.000000,1.000000,3.090000,0.210000,0.000000
1778942821.969128,0,0.000000,7.000000,0.000000,7.000000,1.000000,0.000000,1.000000,3.070000,0.070000,0.000000
1778942821.980388,0,0.000000,7.000000,0.000000,7.000000,1.000000,0.000000,1.000000,3.080000,0.070000,0.000000
1778942821.996185,0,0.000000,7.000000,0.000000,7.000000,1.000000,0.000000,1.000000,3.130000,0.070000,0.140000
1778942822.003111,0,0.000000,7.000000,0.000000,7.000000,1.000000,0.000000,1.000000,3.100000,0.070000,0.000000
1778942822.025735,0,0.000000,7.000000,0.000000,7.000000,1.000000,0.000000,1.000000,3.090000,0.070000,0.000000
1778942822.056921,0,0.000000,7.000000,0.000000,7.000000,0.030000,0.000000,1.000000,3.110000,0.070000,0.000000
1778942822.058697,0,0.000000,7.000000,0.000000,7.000000,0.340000,0.000000,1.000000,3.090000,0.070000,0.000000
1778942822.070476,0,0.000000,7.000000,0.000000,7.000000,0.680000,0.000000,1.000000,3.080000,0.000000,0.000000
1778942822.087018,0,0.000000,7.000000,0.000000,7.000000,1.000000,0.000000,1.000000,3.070000,0.070000,0.000000
1778942822.116272,0,0.000000,7.000000,0.000000,7.000000,1.000000,0.000000,1.000000,3.080000,0.070000,0.000000
1778942822.118242,0,0.000000,7.000000,0.000000,7.000000,1.000000,0.000000,1.000000,3.090000,0.150000,0.000000
1778942822.159213,0,0.000000,7.000000,0.000000,7.000000,1.000000,0.000000,1.000000,3.060000,0.070000,0.000000
1778942822.167531,0,0.000000,7.000000,0.000000,7.000000,1.000000,0.000000,1.000000,3.080000,0.070000,0.000000
1778942822.168796,0,0.000000,7.000000,0.000000,7.000000,1.000000,0.000000,1.000000,3.070000,0.070000,0.000000
1778942822.169964,0,0.000000,7.000000,0.000000,7.000000,1.000000,0.000000,1.000000,3.070000,0.070000,0.000000
1778942822.193031,0,0.000000,7.000000,0.000000,7.000000,1.000000,0.000000,1.000000,3.090000,0.070000,0.000000
1778942822.209309,0,0.000000,7.000000,0.000000,7.000000,1.000000,0.000000,1.000000,3.080000,0.000000,0.000000
1778942822.212736,0,0.000000,7.000000,0.000000,7.000000,1.000000,0.000000,1.000000,3.080000,0.070000,0.000000
1778942822.236168,0,0.000000,7.000000,0.000000,7.000000,1.000000,0.000000,1.000000,3.080000,0.070000,0.000000
1778942822.272457,0,0.000000,7.000000,0.000000,7.000000,1.000000,0.000000,1.000000,3.060000,0.070000,0.000000
1778942822.281011,0,0.000000,7.000000,0.000000,7.000000,1.000000,0.000000,1.000000,3.060000,0.070000,0.140000
1778942822.283114,0,0.000000,7.000000,0.000000,7.000000,1.000000,0.000000,1.000000,3.080000,0.070000,0.140000
1778942822.310991,0,0.000000,7.000000,0.000000,7.000000,1.000000,0.000000,1.000000,3.090000,0.000000,0.000000
1778942822.317853,0,0.000000,7.000000,0.000000,7.000000,1.000000,0.000000,1.000000,3.090000,0.070000,0.000000
1778942822.333413,0,0.000000,7.000000,0.000000,7.000000,1.000000,0.000000,1.000000,3.060000,0.070000,0.000000
1778942822.348351,0,0.000000,7.000000,0.000000,7.000000,1.000000,0.000000,1.000000,3.090000,0.070000,0.000000
1778942822.355362,0,0.000000,7.000000,0.000000,7.000000,1.000000,0.000000,1.000000,3.090000,0.150000,0.000000
1778942822.362922,0,0.000000,7.000000,0.000000,7.000000,1.000000,0.000000,1.000000,3.080000,0.000000,0.000000
1778942822.386352,0,0.000000,7.000000,0.000000,7.000000,1.000000,0.000000,1.000000,3.090000,0.070000,0.000000
1778942822.393147,0,0.000000,7.000000,0.000000,7.000000,1.000000,0.000000,1.000000,3.080000,0.070000,0.000000
1778942822.432780,0,0.000000,7.000000,0.000000,7.000000,1.000000,0.000000,1.000000,3.060000,0.070000,0.000000
1778942822.435119,0,0.000000,7.000000,0.000000,7.000000,1.000000,0.000000,1.000000,3.040000,0.070000,0.000000
1778942822.453054,0,0.000000,7.000000,0.000000,7.000000,1.000000,0.000000,1.000000,3.030000,0.070000,0.000000
1778942822.468639,0,0.000000,7.000000,0.000000,7.000000,1.000000,0.000000,1.000000,3.060000,0.150000,0.000000
1778942822.476833,0,0.000000,7.000000,0.000000,7.000000,1.000000,0.000000,1.000000,3.050000,0.070000,0.000000
1778942822.491310,0,0.000000,7.000000,0.000000,7.000000,1.000000,0.000000,1.000000,3.030000,0.070000,0.000000
1778942822.521205,0,0.000000,7.000000,0.000000,7.000000,1.000000,0.000000,1.000000,3.060000,0.070000,0.000000
1778942822.528252,0,0.000000,7.000000,0.000000,7.000000,1.000000,0.000000,1.000000,3.060000,0.070000,0.000000
1778942822.551713,0,0.000000,7.000000,0.000000,7.000000,1.000000,0.000000,1.000000,3.080000,0.070000,0.000000
1778942822.557857,0,0.000000,7.000000,0.000000,7.000000,1.000000,0.000000,1.000000,3.100000,0.070000,0.000000
1778942822.595983,0,0.000000,7.000000,0.000000,7.000000,1.000000,0.000000,1.000000,3.080000,0.070000,0.000000
1778942822.596960,0,0.000000,7.000000,0.000000,7.000000,1.000000,0.000000,1.000000,3.080000,0.150000,0.000000
1778942822.619712,0,0.000000,7.000000,0.000000,7.000000,1.000000,0.000000,1.000000,3.090000,0.070000,0.000000
1778942822.636845,0,0.000000,7.000000,0.000000,7.000000,1.000000,0.000000,1.000000,3.050000,0.070000,0.000000
1778942822.640641,0,0.000000,7.000000,0.000000,7.000000,0.030000,0.000000,1.000000,3.050000,0.150000,0.000000
1778942822.656042,0,0.000000,7.000000,0.000000,7.000000,0.330000,0.000000,1.000000,3.070000,0.070000,0.000000
1778942822.679567,0,0.000000,7.000000,0.000000,7.000000,0.630000,0.000000,1.000000,3.100000,0.070000,0.000000
1778942822.684932,0,0.000000,7.000000,0.000000,7.000000,0.940000,0.000000,1.000000,3.080000,0.070000,0.000000
1778942822.687089,0,0.000000,7.000000,0.000000,7.000000,1.000000,0.000000,1.000000,3.080000,0.070000,0.000000
1778942822.701092,0,0.000000,7.000000,0.000000,7.000000,1.000000,0.000000,1.000000,3.090000,0.070000,0.000000
1778942822.730572,0,0.000000,7.000000,0.000000,7.000000,1.000000,0.000000,1.000000,3.080000,0.000000,0.000000
1778942822.738655,0,0.000000,7.000000,0.000000,7.000000,1.000000,0.000000,1.000000,3.070000,0.070000,0.000000
1778942822.761098,0,0.000000,7.000000,0.000000,7.000000,0.000000,0.000000,1.000000,3.070000,0.980000,0.000000
1778942822.775991,0,0.000000,7.000000,0.000000,7.000000,0.310000,0.000000,1.000000,3.080000,0.070000,0.000000
1778942822.778800,0,0.000000,7.000000,0.000000,7.000000,0.630000,0.000000,1.000000,3.090000,0.070000,0.140000
1778942822.798830,0,0.000000,7.000000,0.000000,7.000000,0.970000,0.000000,1.000000,3.080000,0.150000,0.000000
1778942822.834874,0,0.000000,7.000000,0.000000,7.000000,1.000000,0.000000,1.000000,3.050000,0.070000,0.000000
1778942822.836026,0,0.000000,7.000000,0.000000,7.000000,1.000000,0.000000,1.000000,3.040000,0.070000,0.000000
1778942822.841895,0,0.000000,7.000000,0.000000,7.000000,1.000000,0.000000,1.000000,3.040000,0.070000,0.140000
1778942822.866295,0,0.000000,7.000000,0.000000,7.000000,1.000000,0.000000,1.000000,3.070000,0.070000,0.000000
1778942822.880989,0,0.000000,7.000000,0.000000,7.000000,1.000000,0.000000,1.000000,3.080000,0.150000,0.000000
1778942822.887723,0,0.000000,7.000000,0.000000,7.000000,1.000000,0.000000,1.000000,3.080000,0.070000,0.000000
1778942822.895879,0,0.000000,7.000000,0.000000,7.000000,1.000000,0.000000,1.000000,3.080000,0.070000,0.000000
1778942822.911269,0,0.000000,7.000000,0.000000,7.000000,1.000000,0.000000,1.000000,3.090000,0.070000,0.000000
1778942822.940838,0,0.000000,7.000000,0.000000,7.000000,1.000000,0.000000,1.000000,3.080000,0.070000,0.000000
1778942822.954481,0,0.000000,7.000000,0.000000,7.000000,1.000000,0.000000,1.000000,3.090000,0.070000,0.000000
1778942822.963278,0,0.000000,7.000000,0.000000,7.000000,1.000000,0.000000,1.000000,3.090000,0.070000,0.000000
1778942822.979880,0,0.000000,7.000000,0.000000,7.000000,1.000000,0.000000,1.000000,3.090000,0.070000,0.000000
1778942822.993701,0,0.000000,7.000000,0.000000,7.000000,1.000000,0.000000,1.000000,3.050000,0.070000,0.000000
1778942823.008821,0,0.000000,7.000000,0.000000,7.000000,1.000000,0.000000,1.000000,3.050000,0.070000,0.000000
1778942823.015370,0,0.000000,7.000000,0.000000,7.000000,1.000000,0.000000,1.000000,3.060000,0.070000,0.000000
1778942823.048926,0,0.000000,7.000000,0.000000,7.000000,1.000000,0.000000,1.000000,3.060000,0.070000,0.000000
1778942823.068784,0,0.000000,7.000000,0.000000,7.000000,1.000000,0.000000,1.000000,3.050000,0.070000,0.000000
1778942823.071359,0,0.000000,7.000000,0.000000,7.000000,1.000000,0.000000,1.000000,3.060000,0.150000,0.000000
1778942823.090138,0,0.000000,7.000000,0.000000,7.000000,1.000000,0.000000,1.000000,3.040000,0.150000,0.000000
1778942823.106945,0,0.000000,7.000000,0.000000,7.000000,1.000000,0.000000,1.000000,3.040000,0.070000,0.000000
1778942823.108781,0,0.000000,7.000000,0.000000,7.000000,1.000000,0.000000,1.000000,3.050000,0.070000,0.000000
1778942823.129497,0,0.000000,7.000000,0.000000,7.000000,1.000000,0.000000,1.000000,3.050000,0.070000,0.000000
1778942823.152858,0,0.000000,7.000000,0.000000,7.000000,1.000000,0.000000,1.000000,3.050000,0.070000,0.000000
1778942823.158508,0,0.000000,7.000000,0.000000,7.000000,1.000000,0.000000,1.000000,3.070000,0.150000,0.000000
1778942823.189783,0,0.000000,7.000000,0.000000,7.000000,1.000000,0.000000,1.000000,3.070000,0.070000,0.000000
1778942823.191695,0,0.000000,7.000000,0.000000,7.000000,1.000000,0.000000,1.000000,3.070000,0.070000,0.000000
1778942823.203150,0,0.000000,7.000000,0.000000,7.000000,0.140000,0.000000,1.000000,3.070000,0.070000,0.000000
1778942823.240917,0,0.000000,7.000000,0.000000,7.000000,0.460000,0.000000,1.000000,3.060000,0.070000,0.000000
1778942823.242043,0,0.000000,7.000000,0.000000,7.000000,0.810000,0.000000,1.000000,3.050000,0.070000,0.000000
1778942823.247578,0,0.000000,7.000000,0.000000,7.000000,1.000000,0.000000,1.000000,3.080000,0.070000,0.000000
1778942823.263656,0,0.000000,7.000000,0.000000,7.000000,1.000000,0.000000,1.000000,3.070000,0.070000,0.000000
1778942823.277407,0,0.000000,7.000000,0.000000,7.000000,1.000000,0.000000,1.000000,3.070000,0.070000,0.000000
1778942823.293032,0,0.000000,7.000000,0.000000,7.000000,1.000000,0.000000,1.000000,3.070000,0.070000,0.140000
1778942823.331545,0,0.000000,7.000000,0.000000,7.000000,1.000000,0.000000,1.000000,3.060000,0.150000,0.000000
1778942823.345448,0,0.000000,7.000000,0.000000,7.000000,1.000000,0.000000,1.000000,3.090000,0.070000,0.000000
1778942823.359852,0,0.000000,7.000000,0.000000,7.000000,1.000000,0.000000,1.000000,3.090000,0.070000,0.000000
1778942823.374916,0,0.000000,7.000000,0.000000,7.000000,1.000000,0.000000,1.000000,3.090000,0.070000,0.000000
1778942823.382264,0,0.000000,7.000000,0.000000,7.000000,1.000000,0.000000,1.000000,3.080000,0.070000,0.000000
1778942823.398984,0,0.000000,7.000000,0.000000,7.000000,1.000000,0.000000,1.000000,3.080000,0.070000,0.000000
1778942823.450146,0,0.000000,7.000000,0.000000,7.000000,1.000000,0.000000,1.000000,3.070000,0.070000,0.000000
1778942823.457635,0,0.000000,7.000000,0.000000,7.000000,1.000000,0.000000,1.000000,3.100000,0.070000,0.000000
1778942823.496108,0,0.000000,7.000000,0.000000,7.000000,1.000000,0.000000,1.000000,3.080000,0.070000,0.000000
1778942823.502927,0,0.000000,7.000000,0.000000,7.000000,1.000000,0.000000,1.000000,3.130000,0.070000,0.000000
1778942823.510887,0,0.000000,7.000000,0.000000,7.000000,1.000000,0.000000,1.000000,3.080000,0.070000,0.140000
1778942823.518603,0,0.000000,7.000000,0.000000,7.000000,1.000000,0.000000,1.000000,3.060000,0.070000,0.000000
1778942823.541171,0,0.000000,7.000000,0.000000,7.000000,1.000000,0.000000,1.000000,3.070000,0.070000,0.000000
1778942823.547400,0,0.000000,7.000000,0.000000,7.000000,1.000000,0.000000,1.000000,3.080000,0.070000,0.000000
1778942823.548947,0,0.000000,7.000000,0.000000,7.000000,1.000000,0.000000,1.000000,3.080000,0.150000,0.000000
1778942823.554120,0,0.000000,7.000000,0.000000,7.000000,1.000000,0.000000,1.000000,3.090000,0.070000,0.000000
1778942823.579079,0,0.000000,7.000000,0.000000,7.000000,1.000000,0.000000,1.000000,3.080000,0.070000,0.000000
1778942823.586017,0,0.000000,7.000000,0.000000,7.000000,1.000000,0.000000,1.000000,3.060000,0.070000,0.000000
1778942823.601397,0,0.000000,7.000000,0.000000,7.000000,1.000000,0.000000,1.000000,3.060000,0.150000,0.000000
1778942823.638298,0,0.000000,7.000000,0.000000,7.000000,1.000000,0.000000,1.000000,3.060000,0.070000,0.000000
1778942823.644988,0,0.000000,7.000000,0.000000,7.000000,1.000000,0.000000,1.000000,3.040000,0.150000,0.000000
1778942823.660698,0,0.000000,7.000000,0.000000,7.000000,1.000000,0.000000,1.000000,3.060000,0.070000,0.000000
1778942823.662120,0,0.000000,7.000000,0.000000,7.000000,1.000000,0.000000,1.000000,3.060000,0.070000,0.000000
1778942823.675060,0,0.000000,7.000000,0.000000,7.000000,1.000000,0.000000,1.000000,3.050000,0.070000,0.000000
1778942823.683007,0,0.000000,7.000000,0.000000,7.000000,1.000000,0.000000,1.000000,3.060000,0.070000,0.000000
1778942823.705883,0,0.000000,7.000000,0.000000,7.000000,1.000000,0.000000,1.000000,3.070000,0.070000,0.000000
1778942823.721222,0,0.000000,7.000000,0.000000,7.000000,1.000000,0.000000,1.000000,3.070000,0.150000,0.000000
1778942823.746311,0,0.000000,7.000000,0.000000,7.000000,1.000000,0.000000,1.000000,3.070000,0.150000,0.000000
1778942823.747453,0,0.000000,7.000000,0.000000,7.000000,1.000000,0.000000,1.000000,3.080000,0.150000,0.000000
1778942823.772959,0,0.000000,7.000000,0.000000,7.000000,1.000000,0.000000,1.000000,3.090000,0.150000,0.000000
1778942823.788293,0,0.000000,7.000000,0.000000,7.000000,0.000000,0.000000,1.000000,3.090000,0.300000,0.000000
1778942823.795615,0,0.000000,7.000000,0.000000,7.000000,0.310000,0.000000,1.000000,3.060000,0.070000,0.000000
1778942823.812477,0,0.000000,7.000000,0.000000,7.000000,0.100000,0.000000,1.000000,3.080000,0.070000,0.000000
1778942823.833069,0,0.000000,7.000000,0.000000,7.000000,0.090000,0.000000,1.000000,3.050000,0.070000,0.000000
1778942823.840957,0,0.000000,7.000000,0.000000,7.000000,0.540000,0.000000,1.000000,3.050000,0.210000,0.140000
1778942823.864140,0,0.000000,7.000000,0.000000,7.000000,1.000000,0.000000,1.000000,3.060000,0.070000,0.000000
1778942823.879867,0,0.000000,7.000000,0.000000,7.000000,1.000000,0.000000,1.000000,3.040000,0.070000,0.000000
1778942823.885245,0,0.000000,7.000000,0.000000,7.000000,1.000000,0.000000,1.000000,3.050000,0.150000,0.000000
1778942823.907533,0,0.000000,7.000000,0.000000,7.000000,1.000000,0.000000,1.000000,3.070000,0.070000,0.430000
1778942823.915660,0,0.000000,7.000000,0.000000,7.000000,1.000000,0.000000,1.000000,3.070000,0.210000,0.140000
1778942823.954714,0,0.000000,7.000000,0.000000,7.000000,1.000000,0.000000,1.000000,3.070000,0.070000,0.000000
1778942823.960094,0,0.000000,7.000000,0.000000,7.000000,1.000000,0.000000,1.000000,3.070000,0.070000,0.000000
1778942823.962159,0,0.000000,7.000000,0.000000,7.000000,1.000000,0.000000,1.000000,3.090000,0.070000,0.000000
1778942824.006112,0,0.000000,7.000000,0.000000,7.000000,1.000000,0.000000,1.000000,3.110000,0.070000,0.000000
1778942824.013133,0,0.000000,7.000000,0.000000,7.000000,1.000000,0.000000,1.000000,3.070000,0.070000,0.000000
1778942824.021299,0,0.000000,7.000000,0.000000,7.000000,1.000000,0.000000,1.000000,3.030000,0.070000,0.000000
1778942824.035622,0,0.000000,7.000000,0.000000,7.000000,1.000000,0.000000,1.000000,3.040000,0.070000,0.000000
1778942824.060320,0,0.000000,7.000000,0.000000,7.000000,1.000000,0.000000,1.000000,3.040000,0.150000,0.000000
1778942824.065806,0,0.000000,7.000000,0.000000,7.000000,1.000000,0.000000,1.000000,3.030000,0.070000,0.000000
1778942824.089320,0,0.000000,7.000000,0.000000,7.000000,1.000000,0.000000,1.000000,3.060000,0.070000,0.140000
1778942824.133120,0,0.000000,7.000000,0.000000,7.000000,1.000000,0.000000,1.000000,3.070000,0.000000,0.000000
1778942824.135279,0,0.000000,7.000000,0.000000,7.000000,1.000000,0.000000,1.000000,3.080000,0.000000,0.000000
1778942824.140805,0,0.000000,7.000000,0.000000,7.000000,1.000000,0.000000,1.000000,3.090000,0.070000,0.000000
1778942824.141779,0,0.000000,7.000000,0.000000,7.000000,1.000000,0.000000,1.000000,3.090000,0.070000,0.000000
1778942824.148295,0,0.000000,7.000000,0.000000,7.000000,1.000000,0.000000,1.000000,3.080000,0.070000,0.000000
1778942824.162546,0,0.000000,7.000000,0.000000,7.000000,1.000000,0.000000,1.000000,3.080000,0.150000,0.000000
1778942824.186775,0,0.000000,7.000000,0.000000,7.000000,0.180000,0.000000,1.000000,3.060000,0.070000,0.000000
1778942824.200742,0,0.000000,7.000000,0.000000,7.000000,0.620000,0.000000,1.000000,3.090000,0.070000,0.000000
1778942824.202576,0,0.000000,7.000000,0.000000,7.000000,1.000000,0.000000,1.000000,3.090000,0.070000,0.140000
1778942824.238353,0,0.000000,7.000000,0.000000,7.000000,1.000000,0.000000,1.000000,3.130000,0.150000,0.000000
1778942824.245028,0,0.000000,7.000000,0.000000,7.000000,1.000000,0.000000,1.000000,3.100000,0.070000,0.000000
1778942824.252826,0,0.000000,7.000000,0.000000,7.000000,1.000000,0.000000,1.000000,3.080000,0.150000,0.000000
1778942824.276045,0,0.000000,7.000000,0.000000,7.000000,1.000000,0.000000,1.000000,3.090000,0.070000,0.000000
1778942824.284286,0,0.000000,7.000000,0.000000,7.000000,1.000000,0.000000,1.000000,3.090000,0.150000,0.000000
1778942824.305213,0,0.000000,7.000000,0.000000,7.000000,1.000000,0.000000,1.000000,3.090000,0.070000,0.140000
1778942824.329104,0,0.000000,7.000000,0.000000,7.000000,1.000000,0.000000,1.000000,3.130000,0.070000,0.000000
1778942824.332059,0,0.000000,7.000000,0.000000,7.000000,1.000000,0.000000,1.000000,3.150000,0.000000,0.000000
1778942824.350045,0,0.000000,7.000000,0.000000,7.000000,1.000000,0.000000,1.000000,3.150000,0.070000,0.000000
1778942824.364626,0,0.000000,7.000000,0.000000,7.000000,1.000000,0.000000,1.000000,3.140000,0.210000,0.000000
1778942824.389138,0,0.000000,7.000000,0.000000,7.000000,1.000000,0.000000,1.000000,3.150000,0.000000,0.000000
1778942824.398272,0,0.000000,7.000000,0.000000,7.000000,0.050000,0.000000,1.000000,3.140000,0.150000,0.000000
1778942824.399379,0,0.000000,7.000000,0.000000,7.000000,0.540000,0.000000,1.000000,3.130000,0.150000,0.000000
1778942824.419574,0,0.000000,7.000000,0.000000,7.000000,1.000000,0.000000,1.000000,3.090000,0.070000,0.000000
1778942824.442250,0,0.000000,7.000000,0.000000,7.000000,1.000000,0.000000,1.000000,3.150000,0.070000,0.000000
1778942824.463961,0,0.000000,7.000000,0.000000,7.000000,1.000000,0.000000,1.000000,3.130000,0.150000,0.000000
1778942824.487123,0,0.000000,7.000000,0.000000,7.000000,1.000000,0.000000,1.000000,3.140000,0.070000,0.000000
1778942824.493755,0,0.000000,7.000000,0.000000,7.000000,1.000000,0.000000,1.000000,3.140000,0.070000,0.740000
1778942824.496258,0,0.000000,7.000000,0.000000,7.000000,1.000000,0.000000,1.000000,3.100000,0.070000,0.000000
1778942824.509354,0,0.000000,7.000000,0.000000,7.000000,1.000000,0.000000,1.000000,3.100000,0.070000,0.000000
1778942824.531201,0,0.000000,7.000000,0.000000,7.000000,1.000000,0.000000,1.000000,3.080000,0.070000,0.000000
1778942824.554852,0,0.000000,7.000000,0.000000,7.000000,1.000000,0.000000,1.000000,3.060000,0.070000,0.000000
1778942824.556058,0,0.000000,7.000000,0.000000,7.000000,1.000000,0.000000,1.000000,3.130000,0.070000,0.000000
1778942824.577075,0,0.000000,7.000000,0.000000,7.000000,1.000000,0.000000,1.000000,3.090000,0.070000,0.000000
1778942824.583861,0,0.000000,7.000000,0.000000,7.000000,1.000000,0.000000,1.000000,3.080000,0.070000,0.000000
1778942824.605129,0,0.000000,7.000000,0.000000,7.000000,1.000000,0.000000,1.000000,3.090000,0.070000,0.000000
1778942824.621284,0,0.000000,7.000000,0.000000,7.000000,0.150000,0.000000,1.000000,3.130000,0.070000,0.000000
1778942824.645624,0,0.000000,7.000000,0.000000,7.000000,0.600000,0.000000,1.000000,3.170000,0.070000,0.000000
1778942824.647711,0,0.000000,7.000000,0.000000,7.000000,1.000000,0.000000,1.000000,3.100000,0.210000,0.000000
1778942824.667351,0,0.000000,7.000000,0.000000,7.000000,1.000000,0.000000,1.000000,3.080000,0.070000,0.000000
1778942824.704193,0,0.000000,7.000000,0.000000,7.000000,1.000000,0.000000,1.000000,3.090000,0.070000,0.000000
1778942824.706450,0,0.000000,7.000000,0.000000,7.000000,1.000000,0.000000,1.000000,3.080000,0.150000,0.000000
1778942824.710404,0,0.000000,7.000000,0.000000,7.000000,1.000000,0.000000,1.000000,3.070000,0.070000,0.000000
1778942824.739694,0,0.000000,7.000000,0.000000,7.000000,1.000000,0.000000,1.000000,3.080000,0.070000,0.140000
1778942824.756416,0,0.000000,7.000000,0.000000,7.000000,1.000000,0.000000,1.000000,3.080000,0.070000,0.000000
1778942824.758634,0,0.000000,7.000000,0.000000,7.000000,1.000000,0.000000,1.000000,3.090000,0.150000,0.000000
1778942824.786772,0,0.000000,7.000000,0.000000,7.000000,1.000000,0.000000,1.000000,3.090000,0.070000,0.000000
1778942824.817219,0,0.000000,7.000000,0.000000,7.000000,1.000000,0.000000,1.000000,3.100000,0.070000,0.000000
1778942824.822971,0,0.000000,7.000000,0.000000,7.000000,1.000000,0.000000,1.000000,3.080000,0.070000,0.000000
1778942824.824183,0,0.000000,7.000000,0.000000,7.000000,1.000000,0.000000,1.000000,3.090000,0.070000,0.000000
1778942824.838935,0,0.000000,7.000000,0.000000,7.000000,1.000000,0.000000,1.000000,3.100000,0.070000,0.140000
1778942824.840460,0,0.000000,7.000000,0.000000,7.000000,1.000000,0.000000,1.000000,3.080000,0.070000,0.000000
1778942824.906434,0,0.000000,7.000000,0.000000,7.000000,1.000000,0.000000,1.000000,3.040000,0.070000,0.000000
1778942824.950796,0,0.000000,7.000000,0.000000,7.000000,1.000000,0.000000,1.000000,3.080000,0.070000,0.000000
1778942824.951707,0,0.000000,7.000000,0.000000,7.000000,0.110000,0.000000,1.000000,3.080000,0.070000,0.000000
1778942824.965612,0,0.000000,7.000000,0.000000,7.000000,0.600000,0.000000,1.000000,3.130000,0.070000,0.000000
1778942824.988998,0,0.000000,7.000000,0.000000,7.000000,1.000000,0.000000,1.000000,3.080000,0.150000,0.000000
1778942824.996598,0,0.000000,7.000000,0.000000,7.000000,1.000000,0.000000,1.000000,3.100000,0.150000,0.000000
1778942824.998698,0,0.000000,7.000000,0.000000,7.000000,1.000000,0.000000,1.000000,3.130000,0.070000,0.000000
1778942824.999446,0,0.000000,7.000000,0.000000,7.000000,1.000000,0.000000,1.000000,3.100000,0.070000,0.000000
1778942825.003069,0,0.000000,7.000000,0.000000,7.000000,1.000000,0.000000,1.000000,3.060000,0.070000,0.000000
1778942825.018546,0,0.000000,7.000000,0.000000,7.000000,1.000000,0.000000,1.000000,3.090000,0.070000,0.000000
1778942825.025528,0,0.000000,7.000000,0.000000,7.000000,1.000000,0.000000,1.000000,3.080000,0.070000,0.000000
1778942825.041447,0,0.000000,7.000000,0.000000,7.000000,1.000000,0.000000,1.000000,3.100000,0.070000,0.000000
1778942825.064260,0,0.000000,7.000000,0.000000,7.000000,1.000000,0.000000,1.000000,3.080000,0.070000,0.000000
1778942825.079677,0,0.000000,7.000000,0.000000,7.000000,1.000000,0.000000,1.000000,3.080000,0.150000,0.280000
1778942825.101449,0,0.000000,7.000000,0.000000,7.000000,1.000000,0.000000,1.000000,3.090000,0.070000,0.000000
1778942825.111052,0,0.000000,7.000000,0.000000,7.000000,1.000000,0.000000,1.000000,3.090000,0.070000,0.000000
1778942825.125167,0,0.000000,7.000000,0.000000,7.000000,1.000000,0.000000,1.000000,3.090000,0.070000,0.140000
1778942825.153410,0,0.000000,7.000000,0.000000,7.000000,1.000000,0.000000,1.000000,3.100000,0.070000,0.000000
1778942825.185584,0,0.000000,7.000000,0.000000,7.000000,1.000000,0.000000,1.000000,3.070000,0.070000,0.000000
1778942825.190007,0,0.000000,7.000000,0.000000,7.000000,1.000000,0.000000,1.000000,3.080000,0.070000,0.000000
1778942825.193378,0,0.000000,7.000000,0.000000,7.000000,1.000000,0.000000,1.000000,3.080000,0.070000,0.000000
1778942825.229012,0,0.000000,7.000000,0.000000,7.000000,1.000000,0.000000,1.000000,3.090000,0.070000,0.000000
1778942825.235183,0,0.000000,7.000000,0.000000,7.000000,1.000000,0.000000,1.000000,3.060000,0.070000,0.000000
1778942825.237226,0,0.000000,7.000000,0.000000,7.000000,1.000000,0.000000,1.000000,3.060000,0.000000,0.000000
1778942825.264882,0,0.000000,7.000000,0.000000,7.000000,1.000000,0.000000,1.000000,3.110000,0.070000,0.000000
1778942825.266871,0,0.000000,7.000000,0.000000,7.000000,1.000000,0.000000,1.000000,3.070000,0.000000,0.000000
1778942825.280769,0,0.000000,7.000000,0.000000,7.000000,1.000000,0.000000,1.000000,3.080000,0.070000,0.000000
1778942825.326392,0,0.000000,7.000000,0.000000,7.000000,1.000000,0.000000,1.000000,3.110000,0.070000,0.000000
1778942825.328884,0,0.000000,7.000000,0.000000,7.000000,1.000000,0.000000,1.000000,3.080000,0.070000,0.000000
1778942825.355707,0,0.000000,7.000000,0.000000,7.000000,1.000000,0.000000,1.000000,3.080000,0.070000,0.000000
1778942825.362480,0,0.000000,7.000000,0.000000,7.000000,1.000000,0.000000,1.000000,3.080000,0.070000,0.000000
1778942825.364225,0,0.000000,7.000000,0.000000,7.000000,1.000000,0.000000,1.000000,3.080000,0.070000,0.000000
1778942825.370085,0,0.000000,7.000000,0.000000,7.000000,1.000000,0.000000,1.000000,3.080000,0.070000,0.000000
1778942825.396100,0,0.000000,7.000000,0.000000,7.000000,0.330000,0.000000,1.000000,3.090000,0.070000,0.140000
1778942825.409750,0,0.000000,7.000000,0.000000,7.000000,0.750000,0.000000,1.000000,3.070000,0.070000,0.000000
1778942825.432430,0,0.000000,7.000000,0.000000,7.000000,1.000000,0.000000,1.000000,3.080000,0.150000,0.000000
1778942825.435195,0,0.000000,7.000000,0.000000,7.000000,1.000000,0.000000,1.000000,3.080000,0.070000,0.000000
1778942825.445754,0,0.000000,7.000000,0.000000,7.000000,1.000000,0.000000,1.000000,3.090000,0.070000,0.000000
1778942825.461606,0,0.000000,7.000000,0.000000,7.000000,1.000000,0.000000,1.000000,3.080000,0.070000,0.000000
1778942825.492732,0,0.000000,7.000000,0.000000,7.000000,1.000000,0.000000,1.000000,3.080000,0.070000,0.000000
1778942825.494844,0,0.000000,7.000000,0.000000,7.000000,1.000000,0.000000,1.000000,3.100000,0.070000,0.000000
1778942825.522158,0,0.000000,7.000000,0.000000,7.000000,1.000000,0.000000,1.000000,3.110000,0.070000,0.000000
1778942825.527852,0,0.000000,7.000000,0.000000,7.000000,1.000000,0.000000,1.000000,3.100000,0.070000,0.000000
1778942825.543278,0,0.000000,7.000000,0.000000,7.000000,1.000000,0.000000,1.000000,3.100000,0.070000,0.000000
1778942825.565956,0,0.000000,7.000000,0.000000,7.000000,1.000000,0.000000,1.000000,3.080000,0.070000,0.000000
1778942825.567725,0,0.000000,7.000000,0.000000,7.000000,1.000000,0.000000,1.000000,3.100000,0.070000,0.000000
1778942825.597153,0,0.000000,7.000000,0.000000,7.000000,1.000000,0.000000,1.000000,3.090000,0.000000,0.000000
1778942825.619098,0,0.000000,7.000000,0.000000,7.000000,1.000000,0.000000,1.000000,2.940000,0.070000,0.000000
1778942825.625787,0,0.000000,7.000000,0.000000,7.000000,1.000000,0.000000,1.000000,2.750000,0.070000,0.000000
1778942825.628309,0,0.000000,7.000000,0.000000,7.000000,1.000000,0.000000,1.000000,2.730000,0.070000,0.000000
1778942825.642466,0,0.000000,7.000000,0.000000,7.000000,1.000000,0.000000,1.000000,2.750000,0.070000,0.000000
1778942825.685800,0,0.000000,7.000000,0.000000,7.000000,1.000000,0.000000,1.000000,2.770000,0.070000,0.000000
1778942825.725747,0,0.000000,7.000000,0.000000,7.000000,1.000000,0.000000,1.000000,2.750000,0.000000,0.000000
1778942825.730453,0,0.000000,7.000000,0.000000,7.000000,1.000000,0.000000,1.000000,2.910000,0.070000,0.000000
1778942825.769902,0,0.000000,7.000000,0.000000,7.000000,1.000000,0.000000,1.000000,3.020000,0.070000,0.000000
1778942825.776973,0,0.000000,7.000000,0.000000,7.000000,1.000000,0.000000,1.000000,3.090000,0.150000,0.000000
1778942825.799479,0,0.000000,7.000000,0.000000,7.000000,1.000000,0.000000,1.000000,3.070000,0.070000,0.000000
1778942825.801499,0,0.000000,7.000000,0.000000,7.000000,1.000000,0.000000,1.000000,3.070000,0.150000,0.140000
1778942825.804673,0,0.000000,7.000000,0.000000,7.000000,0.200000,0.000000,1.000000,3.140000,0.070000,0.000000
1778942825.811549,0,0.000000,7.000000,0.000000,7.000000,0.620000,0.000000,1.000000,3.130000,0.150000,0.000000
1778942825.812772,0,0.000000,7.000000,0.000000,7.000000,1.000000,0.000000,1.000000,3.130000,0.210000,0.430000
1778942825.820328,0,0.000000,7.000000,0.000000,7.000000,1.000000,0.000000,1.000000,3.090000,0.070000,0.000000
1778942825.844437,0,0.000000,7.000000,0.000000,7.000000,1.000000,0.000000,1.000000,3.090000,0.070000,0.000000
1778942825.858424,0,0.000000,7.000000,0.000000,7.000000,1.000000,0.000000,1.000000,3.070000,0.070000,0.000000
1778942825.866312,0,0.000000,7.000000,0.000000,7.000000,1.000000,0.000000,1.000000,3.000000,0.150000,0.000000
1778942825.910291,0,0.000000,7.000000,0.000000,7.000000,0.270000,0.000000,1.000000,2.750000,0.070000,0.000000
1778942825.912763,0,0.000000,7.000000,0.000000,7.000000,0.750000,0.000000,1.000000,2.740000,0.070000,0.140000
1778942825.936588,0,0.000000,7.000000,0.000000,7.000000,1.000000,0.000000,1.000000,2.750000,0.150000,0.000000
1778942825.957108,0,0.000000,7.000000,0.000000,7.000000,1.000000,0.000000,1.000000,2.700000,0.150000,0.140000
1778942825.959303,0,0.000000,7.000000,0.000000,7.000000,1.000000,0.000000,1.000000,2.660000,0.150000,0.000000
1778942825.977809,0,0.000000,7.000000,0.000000,7.000000,1.000000,0.000000,1.000000,2.660000,0.070000,0.000000
1778942825.984934,0,0.000000,7.000000,0.000000,7.000000,1.000000,0.000000,1.000000,2.680000,0.150000,0.000000
1778942825.992960,0,0.000000,7.000000,0.000000,7.000000,1.000000,0.000000,1.000000,2.710000,0.150000,0.000000
1778942826.015539,0,0.000000,7.000000,0.000000,7.000000,1.000000,0.000000,1.000000,2.750000,0.070000,0.000000
1778942826.048194,0,0.000000,7.000000,0.000000,7.000000,1.000000,0.000000,1.000000,2.800000,0.150000,0.000000
1778942826.092035,0,0.000000,7.000000,0.000000,7.000000,1.000000,0.000000,1.000000,2.770000,0.070000,0.140000
1778942826.095060,0,0.000000,7.000000,0.000000,7.000000,1.000000,0.000000,1.000000,2.720000,0.070000,0.000000
1778942826.096189,0,0.000000,7.000000,0.000000,7.000000,1.000000,0.000000,1.000000,2.670000,0.070000,0.000000
1778942826.106986,0,0.000000,7.000000,0.000000,7.000000,1.000000,0.000000,1.000000,2.610000,0.070000,0.000000
1778942826.112994,0,0.000000,7.000000,0.000000,7.000000,1.000000,0.000000,1.000000,2.590000,0.070000,0.000000
1778942826.121164,0,0.000000,7.000000,0.000000,7.000000,1.000000,0.000000,1.000000,2.610000,0.070000,0.140000
1778942826.168489,0,0.000000,7.000000,0.000000,7.000000,1.000000,0.000000,1.000000,2.510000,0.070000,0.000000
1778942826.173305,0,0.000000,7.000000,0.000000,7.000000,1.000000,0.000000,1.000000,2.140000,0.070000,0.000000
1778942826.205603,0,0.000000,7.000000,0.000000,7.000000,1.000000,0.000000,1.000000,2.110000,0.150000,0.000000
1778942826.235688,0,0.000000,7.000000,0.000000,7.000000,1.000000,0.000000,1.000000,2.380000,0.000000,0.000000
1778942826.257308,0,0.000000,7.000000,0.000000,7.000000,0.270000,0.000000,1.000000,2.510000,0.070000,0.000000
1778942826.260073,0,0.000000,7.000000,0.000000,7.000000,0.680000,0.000000,1.000000,2.560000,0.070000,0.000000
1778942826.260956,0,0.000000,7.000000,0.000000,7.000000,0.020000,0.000000,1.000000,2.570000,0.070000,0.000000
1778942826.262819,0,0.000000,7.000000,0.000000,7.000000,1.000000,0.000000,1.000000,2.340000,0.150000,0.000000
1778942826.264053,0,0.000000,7.000000,0.000000,7.000000,1.000000,0.000000,1.000000,2.170000,0.070000,0.000000
1778942826.294824,0,0.000000,7.000000,0.000000,7.000000,1.000000,0.000000,1.000000,2.140000,0.150000,0.000000
1778942826.316616,0,0.000000,7.000000,0.000000,7.000000,1.000000,0.000000,1.000000,2.130000,0.070000,0.000000
1778942826.322113,0,0.000000,7.000000,0.000000,7.000000,1.000000,0.000000,1.000000,2.130000,0.070000,0.140000
1778942826.323659,0,0.000000,7.000000,0.000000,7.000000,1.000000,0.000000,1.000000,2.090000,0.150000,0.000000
1778942826.337259,0,0.000000,7.000000,0.000000,7.000000,1.000000,0.000000,1.000000,2.070000,0.070000,0.000000
1778942826.352235,0,0.000000,7.000000,0.000000,7.000000,1.000000,0.000000,1.000000,2.050000,0.070000,0.000000
1778942826.383982,0,0.000000,7.000000,0.000000,7.000000,1.000000,0.000000,1.000000,2.040000,0.070000,0.000000
1778942826.391621,0,0.000000,7.000000,0.000000,7.000000,1.000000,0.000000,1.000000,2.020000,0.070000,0.000000
1778942826.397334,0,0.000000,7.000000,0.000000,7.000000,1.000000,0.000000,1.000000,2.040000,0.070000,0.000000
1778942826.434707,0,0.000000,7.000000,0.000000,7.000000,1.000000,0.000000,1.000000,2.050000,0.070000,0.000000
1778942826.435833,0,0.000000,7.000000,0.000000,7.000000,0.230000,0.000000,1.000000,2.050000,0.070000,0.000000
1778942826.450759,0,0.000000,7.000000,0.000000,7.000000,0.830000,0.000000,1.000000,2.020000,0.000000,0.000000
1778942826.466975,0,0.000000,7.000000,0.000000,7.000000,1.000000,0.000000,1.000000,2.020000,0.070000,0.000000
1778942826.487218,0,0.000000,7.000000,0.000000,7.000000,1.000000,0.000000,1.000000,2.060000,0.150000,0.000000
1778942826.540931,0,0.000000,7.000000,0.000000,7.000000,1.000000,0.000000,1.000000,2.110000,0.070000,0.000000
1778942826.549119,0,0.000000,7.000000,0.000000,7.000000,1.000000,0.000000,1.000000,2.130000,0.000000,0.000000
1778942826.551590,0,0.000000,7.000000,0.000000,7.000000,1.000000,0.000000,1.000000,2.010000,0.150000,0.000000
1778942826.562801,0,0.000000,7.000000,0.000000,7.000000,1.000000,0.000000,1.000000,1.990000,0.070000,0.000000
1778942826.577914,0,0.000000,7.000000,0.000000,7.000000,0.410000,0.000000,1.000000,2.000000,0.070000,0.000000
1778942826.615638,0,0.000000,7.000000,0.000000,7.000000,0.950000,0.000000,1.000000,2.020000,0.070000,0.280000
1778942826.622509,0,0.000000,7.000000,0.000000,7.000000,1.000000,0.000000,1.000000,2.010000,0.150000,0.140000
1778942826.625100,0,0.000000,7.000000,0.000000,7.000000,1.000000,0.000000,1.000000,2.030000,0.070000,0.000000
1778942826.625966,0,0.000000,7.000000,0.000000,7.000000,1.000000,0.000000,1.000000,1.920000,0.070000,0.280000
1778942826.638112,0,0.000000,7.000000,0.000000,7.000000,0.340000,0.000000,1.000000,1.940000,0.070000,0.000000
1778942826.663564,0,0.000000,7.000000,0.000000,7.000000,0.950000,0.000000,1.000000,1.960000,0.070000,0.000000
1778942826.666008,0,0.000000,7.000000,0.000000,7.000000,1.000000,0.000000,1.000000,1.970000,0.070000,0.000000
1778942826.692517,0,0.000000,7.000000,0.000000,7.000000,1.000000,0.000000,1.000000,1.980000,0.000000,0.000000
1778942826.695464,0,0.000000,7.000000,0.000000,7.000000,0.180000,0.000000,1.000000,2.000000,0.070000,0.000000
1778942826.742375,0,0.000000,7.000000,0.000000,7.000000,0.600000,0.000000,1.000000,1.980000,0.070000,0.000000
1778942826.744685,0,0.000000,7.000000,0.000000,7.000000,1.000000,0.000000,1.000000,1.960000,0.070000,0.000000
1778942826.750145,0,0.000000,7.000000,0.000000,7.000000,1.000000,0.000000,1.000000,1.960000,0.150000,0.000000
1778942826.751692,0,0.000000,7.000000,0.000000,7.000000,1.000000,0.000000,1.000000,1.950000,0.210000,0.000000
1778942826.775408,0,0.000000,7.000000,0.000000,7.000000,1.000000,0.000000,1.000000,1.950000,0.070000,0.000000
1778942826.812542,0,0.000000,7.000000,0.000000,7.000000,1.000000,0.000000,1.000000,1.850000,0.070000,0.000000
1778942826.813979,0,0.000000,7.000000,0.000000,7.000000,1.000000,0.000000,1.000000,1.790000,0.000000,0.000000
1778942826.834407,0,0.000000,7.000000,0.000000,7.000000,1.000000,0.000000,1.000000,1.790000,0.150000,0.000000
1778942826.908973,0,0.000000,7.000000,0.000000,7.000000,1.000000,0.000000,1.000000,1.860000,0.070000,0.000000
1778942826.917387,0,0.000000,7.000000,0.000000,7.000000,1.000000,0.000000,1.000000,1.880000,0.210000,0.000000
1778942826.918897,0,0.000000,7.000000,0.000000,7.000000,1.000000,0.000000,1.000000,1.940000,0.070000,0.000000
1778942826.922576,0,0.000000,7.000000,0.000000,7.000000,1.000000,0.000000,1.000000,1.860000,0.070000,0.000000
1778942826.924627,0,0.000000,7.000000,0.000000,7.000000,1.000000,0.000000,1.000000,1.750000,0.070000,0.280000
1778942826.925233,0,0.000000,7.000000,0.000000,7.000000,1.000000,0.000000,1.000000,1.740000,0.070000,0.000000
1778942826.953954,0,0.000000,7.000000,0.000000,7.000000,1.000000,0.000000,1.000000,1.740000,0.070000,0.000000
1778942826.960836,0,0.000000,7.000000,0.000000,7.000000,1.000000,0.000000,1.000000,1.750000,0.070000,0.000000
1778942826.990221,0,0.000000,7.000000,0.000000,7.000000,1.000000,0.000000,1.000000,1.740000,0.150000,0.000000
1778942827.005656,0,0.000000,7.000000,0.000000,7.000000,1.000000,0.000000,1.000000,1.740000,0.070000,0.000000
1778942827.012443,0,0.000000,7.000000,0.000000,7.000000,1.000000,0.000000,1.000000,1.740000,0.070000,0.000000
1778942827.020170,0,0.000000,7.000000,0.000000,7.000000,1.000000,0.000000,1.000000,1.740000,0.070000,0.000000
1778942827.021596,0,0.000000,7.000000,0.000000,7.000000,0.180000,0.000000,1.000000,1.730000,0.070000,0.430000
1778942827.052776,0,0.000000,7.000000,0.000000,7.000000,0.600000,0.000000,1.000000,1.750000,0.070000,0.000000
1778942827.073370,0,0.000000,7.000000,0.000000,7.000000,0.970000,0.000000,1.000000,1.740000,0.070000,0.000000
1778942827.142847,0,0.000000,7.000000,0.000000,7.000000,1.000000,0.000000,1.000000,1.730000,0.070000,0.000000
1778942827.146098,0,0.000000,7.000000,0.000000,7.000000,1.000000,0.000000,1.000000,1.720000,0.070000,0.000000
1778942827.146898,0,0.000000,7.000000,0.000000,7.000000,1.000000,0.000000,1.000000,1.720000,0.070000,0.000000
1778942827.147348,0,0.000000,7.000000,0.000000,7.000000,1.000000,0.000000,1.000000,1.700000,0.150000,0.000000
1778942827.147721,0,0.000000,7.000000,0.000000,7.000000,1.000000,0.000000,1.000000,1.700000,0.070000,0.000000
1778942827.179072,0,0.000000,7.000000,0.000000,7.000000,1.000000,0.000000,1.000000,1.790000,0.070000,0.000000
1778942827.193150,0,0.000000,7.000000,0.000000,7.000000,1.000000,0.000000,1.000000,1.940000,0.070000,0.000000
1778942827.207417,0,0.000000,7.000000,0.000000,7.000000,1.000000,0.000000,1.000000,2.010000,0.070000,0.000000
1778942827.216411,0,0.000000,7.000000,0.000000,7.000000,1.000000,0.000000,1.000000,2.000000,0.070000,0.000000
1778942827.238127,0,0.000000,7.000000,0.000000,7.000000,1.000000,0.000000,1.000000,1.980000,0.150000,0.000000
1778942827.245572,0,0.000000,7.000000,0.000000,7.000000,1.000000,0.000000,1.000000,2.020000,0.070000,0.000000
1778942827.269982,0,0.000000,7.000000,0.000000,7.000000,1.000000,0.000000,1.000000,2.040000,0.070000,0.000000
1778942827.291806,0,0.000000,7.000000,0.000000,7.000000,1.000000,0.000000,1.000000,2.030000,0.150000,0.000000
1778942827.299224,0,0.000000,7.000000,0.000000,7.000000,1.000000,0.000000,1.000000,1.970000,0.070000,0.000000
1778942827.305594,0,0.000000,7.000000,0.000000,7.000000,1.000000,0.000000,1.000000,1.920000,0.070000,0.000000
1778942827.321580,0,0.000000,7.000000,0.000000,7.000000,1.000000,0.000000,1.000000,1.890000,0.070000,0.000000
1778942827.342649,0,0.000000,7.000000,0.000000,7.000000,1.000000,0.000000,1.000000,1.880000,0.070000,0.000000
1778942827.350265,0,0.000000,7.000000,0.000000,7.000000,1.000000,0.000000,1.000000,1.860000,0.070000,0.000000
1778942827.387702,0,0.000000,7.000000,0.000000,7.000000,1.000000,0.000000,1.000000,1.870000,0.070000,0.000000
1778942827.397342,0,0.000000,7.000000,0.000000,7.000000,1.000000,0.000000,1.000000,1.870000,0.070000,0.000000
1778942827.398338,0,0.000000,7.000000,0.000000,7.000000,1.000000,0.000000,1.000000,1.880000,0.070000,0.000000
1778942827.420463,0,0.000000,7.000000,0.000000,7.000000,1.000000,0.000000,1.000000,2.000000,0.070000,0.000000
1778942827.434729,0,0.000000,7.000000,0.000000,7.000000,1.000000,0.000000,1.000000,2.150000,0.070000,0.000000
1778942827.448211,0,0.000000,7.000000,0.000000,7.000000,1.000000,0.000000,1.000000,2.200000,0.070000,0.000000
1778942827.502702,0,0.000000,7.000000,0.000000,7.000000,1.000000,0.000000,1.000000,2.220000,0.070000,0.000000
1778942827.505292,0,0.000000,7.000000,0.000000,7.000000,1.000000,0.000000,1.000000,2.290000,0.210000,0.000000
1778942827.525105,0,0.000000,7.000000,0.000000,7.000000,1.000000,0.000000,1.000000,2.450000,0.150000,0.280000
1778942827.526069,0,0.000000,7.000000,0.000000,7.000000,1.000000,0.000000,1.000000,2.500000,0.070000,0.000000
1778942827.530294,0,0.000000,7.000000,0.000000,7.000000,0.120000,0.000000,1.000000,2.510000,0.070000,0.000000
1778942827.537396,0,0.000000,7.000000,0.000000,7.000000,0.510000,0.000000,1.000000,2.520000,0.070000,0.000000
1778942827.554514,0,0.000000,7.000000,0.000000,7.000000,0.920000,0.000000,1.000000,2.570000,0.070000,0.000000
1778942827.560404,0,0.000000,7.000000,0.000000,7.000000,1.000000,0.000000,1.000000,2.640000,0.070000,0.000000
1778942827.576283,0,0.000000,7.000000,0.000000,7.000000,1.000000,0.000000,1.000000,2.670000,0.070000,0.000000
1778942827.591718,0,0.000000,7.000000,0.000000,7.000000,1.000000,0.000000,1.000000,2.700000,0.070000,0.000000
1778942827.623200,0,0.000000,7.000000,0.000000,7.000000,1.000000,0.000000,1.000000,2.750000,0.150000,0.000000
1778942827.625710,0,0.000000,7.000000,0.000000,7.000000,1.000000,0.000000,1.000000,2.910000,0.070000,0.000000
1778942827.644091,0,0.000000,7.000000,0.000000,7.000000,1.000000,0.000000,1.000000,2.980000,0.070000,0.000000
1778942827.679831,0,0.000000,7.000000,0.000000,7.000000,1.000000,0.000000,1.000000,2.950000,0.070000,0.000000
1778942827.687382,0,0.000000,7.000000,0.000000,7.000000,1.000000,0.000000,1.000000,2.980000,0.070000,0.000000
1778942827.695336,0,0.000000,7.000000,0.000000,7.000000,1.000000,0.000000,1.000000,2.990000,0.210000,0.140000
1778942827.702721,0,0.000000,7.000000,0.000000,7.000000,0.100000,0.000000,1.000000,3.000000,0.070000,0.000000
1778942827.718138,0,0.000000,7.000000,0.000000,7.000000,0.510000,0.000000,1.000000,3.000000,0.070000,0.000000
1778942827.756198,0,0.000000,7.000000,0.000000,7.000000,0.920000,0.000000,1.000000,2.990000,0.070000,0.000000
1778942827.771264,0,0.000000,7.000000,0.000000,7.000000,0.070000,0.000000,1.000000,2.980000,0.070000,0.000000
1778942827.774295,0,0.000000,7.000000,0.000000,7.000000,0.370000,0.000000,1.000000,2.970000,0.070000,0.000000
1778942827.792763,0,0.000000,7.000000,0.000000,7.000000,0.700000,0.000000,1.000000,3.000000,0.070000,0.280000
1778942827.827403,0,0.000000,7.000000,0.000000,7.000000,1.000000,0.000000,1.000000,3.000000,0.000000,0.000000
1778942827.855003,0,0.000000,7.000000,0.000000,7.000000,1.000000,0.000000,1.000000,3.000000,0.070000,0.000000
1778942827.883604,0,0.000000,7.000000,0.000000,7.000000,1.000000,0.000000,1.000000,3.000000,0.070000,0.000000
1778942827.906098,0,0.000000,7.000000,0.000000,7.000000,0.000000,0.000000,1.000000,3.000000,0.300000,0.000000
1778942827.934718,0,0.000000,7.000000,0.000000,7.000000,0.200000,0.000000,1.000000,2.990000,0.070000,0.000000
1778942827.970211,0,0.000000,7.000000,0.000000,7.000000,0.430000,0.000000,1.000000,2.930000,0.070000,0.000000
1778942827.988739,0,0.000000,7.000000,0.000000,7.000000,0.860000,0.000000,1.000000,2.800000,0.070000,0.000000
1778942828.011843,0,0.000000,7.000000,0.000000,7.000000,1.000000,0.000000,1.000000,2.660000,0.070000,0.000000
1778942828.058687,0,0.000000,7.000000,0.000000,7.000000,1.000000,0.000000,1.000000,2.540000,0.070000,0.000000
1778942828.060993,0,0.000000,7.000000,0.000000,7.000000,1.000000,0.000000,1.000000,2.700000,0.070000,0.000000
1778942828.061955,0,0.000000,7.000000,0.000000,7.000000,1.000000,0.000000,1.000000,2.650000,0.070000,0.000000
1778942828.078079,0,0.000000,7.000000,0.000000,7.000000,1.000000,0.000000,1.000000,2.610000,0.070000,0.000000
1778942828.130600,0,0.000000,7.000000,0.000000,7.000000,1.000000,0.000000,1.000000,2.180000,0.210000,0.000000
1778942828.197669,0,0.000000,7.000000,0.000000,7.000000,1.000000,0.000000,1.000000,2.190000,0.070000,0.000000
1778942828.335076,0,0.000000,7.000000,0.000000,7.000000,1.000000,0.000000,1.000000,2.190000,0.070000,0.000000
1778942828.370525,0,0.000000,7.000000,0.000000,7.000000,1.000000,0.000000,1.000000,2.180000,0.070000,0.000000
1778942828.377512,0,0.000000,7.000000,0.000000,7.000000,1.000000,0.000000,1.000000,2.380000,0.070000,0.000000
1778942828.384782,0,0.000000,7.000000,0.000000,7.000000,0.330000,0.000000,1.000000,2.610000,0.000000,0.000000
1778942828.386483,0,0.000000,7.000000,0.000000,7.000000,0.980000,0.000000,1.000000,2.610000,0.070000,0.000000
1778942828.387495,0,0.000000,7.000000,0.000000,7.000000,1.000000,0.000000,1.000000,2.560000,0.070000,0.000000
1778942828.416655,0,0.000000,7.000000,0.000000,7.000000,1.000000,0.000000,1.000000,2.500000,0.150000,0.000000
1778942828.439651,0,0.000000,7.000000,0.000000,7.000000,1.000000,0.000000,1.000000,2.480000,0.070000,0.000000
1778942828.462850,0,0.000000,7.000000,0.000000,7.000000,1.000000,0.000000,1.000000,2.420000,0.150000,0.000000
1778942828.468652,0,0.000000,7.000000,0.000000,7.000000,1.000000,0.000000,1.000000,2.440000,0.070000,0.000000
1778942828.491335,0,0.000000,7.000000,0.000000,7.000000,1.000000,0.000000,1.000000,2.490000,0.070000,0.000000
1778942828.506679,0,0.000000,7.000000,0.000000,7.000000,1.000000,0.000000,1.000000,2.540000,0.070000,0.000000
1778942828.508119,0,0.000000,7.000000,0.000000,7.000000,1.000000,0.000000,1.000000,2.550000,0.070000,0.000000
1778942828.521767,0,0.000000,7.000000,0.000000,7.000000,1.000000,0.000000,1.000000,2.540000,0.070000,0.000000
1778942828.523297,0,0.000000,7.000000,0.000000,7.000000,1.000000,0.000000,1.000000,2.550000,0.070000,0.000000
1778942828.524098,0,0.000000,7.000000,0.000000,7.000000,1.000000,0.000000,1.000000,2.550000,0.070000,0.000000
1778942828.552465,0,0.000000,7.000000,0.000000,7.000000,1.000000,0.000000,1.000000,2.540000,0.070000,0.000000
1778942828.554726,0,0.000000,7.000000,0.000000,7.000000,1.000000,0.000000,1.000000,2.560000,0.070000,0.000000
1778942828.589783,0,0.000000,7.000000,0.000000,7.000000,1.000000,0.000000,1.000000,2.550000,0.070000,0.000000
1778942828.658233,0,0.000000,7.000000,0.000000,7.000000,0.000000,0.000000,1.000000,2.570000,0.070000,0.000000
1778942828.660804,0,0.000000,7.000000,0.000000,7.000000,0.230000,0.000000,1.000000,2.610000,0.070000,0.000000
1778942828.661952,0,0.000000,7.000000,0.000000,7.000000,0.460000,0.000000,1.000000,2.610000,0.150000,0.000000
1778942828.679516,0,0.000000,7.000000,0.000000,7.000000,0.680000,0.000000,1.000000,2.630000,0.210000,0.000000
1778942828.685397,0,0.000000,7.000000,0.000000,7.000000,1.000000,0.000000,1.000000,2.650000,0.070000,0.000000
1778942828.752838,0,0.000000,7.000000,0.000000,7.000000,1.000000,0.000000,1.000000,2.660000,0.150000,0.000000
1778942828.754809,0,0.000000,7.000000,0.000000,7.000000,1.000000,0.000000,1.000000,2.670000,0.070000,0.000000
1778942828.782614,0,0.000000,7.000000,0.000000,7.000000,1.000000,0.000000,1.000000,2.660000,0.070000,0.000000
1778942828.799863,0,0.000000,7.000000,0.000000,7.000000,1.000000,0.000000,1.000000,2.660000,0.070000,0.000000
1778942828.805521,0,0.000000,7.000000,0.000000,7.000000,1.000000,0.000000,1.000000,2.750000,0.070000,0.000000
1778942828.807582,0,0.000000,7.000000,0.000000,7.000000,1.000000,0.000000,1.000000,2.730000,0.070000,0.000000
1778942828.820211,0,0.000000,7.000000,0.000000,7.000000,1.000000,0.000000,1.000000,2.660000,0.150000,0.000000
1778942828.835968,0,0.000000,7.000000,0.000000,7.000000,1.000000,0.000000,1.000000,2.610000,0.070000,0.000000
1778942828.842476,0,0.000000,7.000000,0.000000,7.000000,1.000000,0.000000,1.000000,2.590000,0.070000,0.000000
1778942828.850307,0,0.000000,7.000000,0.000000,7.000000,1.000000,0.000000,1.000000,2.590000,0.150000,0.000000
1778942828.880495,0,0.000000,7.000000,0.000000,7.000000,1.000000,0.000000,1.000000,2.590000,0.070000,0.140000
1778942828.888474,0,0.000000,7.000000,0.000000,7.000000,1.000000,0.000000,1.000000,2.590000,0.070000,0.000000
1778942828.905264,0,0.000000,7.000000,0.000000,7.000000,0.070000,0.000000,1.000000,2.610000,0.070000,0.000000
1778942828.934340,0,0.000000,7.000000,0.000000,7.000000,0.280000,0.000000,1.000000,2.670000,0.150000,0.000000
1778942828.936684,0,0.000000,7.000000,0.000000,7.000000,0.510000,0.000000,1.000000,2.690000,0.150000,0.000000
1778942828.950130,0,0.000000,7.000000,0.000000,7.000000,0.750000,0.000000,1.000000,2.720000,0.070000,0.000000
1778942828.964858,0,0.000000,7.000000,0.000000,7.000000,0.940000,0.000000,1.000000,2.730000,0.150000,0.000000
1778942828.993918,0,0.000000,7.000000,0.000000,7.000000,1.000000,0.000000,1.000000,2.740000,0.070000,0.000000
1778942829.014417,0,0.000000,7.000000,0.000000,7.000000,1.000000,0.000000,1.000000,2.700000,0.150000,0.000000
1778942829.029915,0,0.000000,7.000000,0.000000,7.000000,1.000000,0.000000,1.000000,2.690000,0.070000,0.000000
1778942829.038948,0,0.000000,7.000000,0.000000,7.000000,1.000000,0.000000,1.000000,2.640000,0.070000,0.000000
1778942829.053307,0,0.000000,7.000000,0.000000,7.000000,1.000000,0.000000,1.000000,2.600000,0.070000,0.000000
1778942829.134989,0,0.000000,7.000000,0.000000,7.000000,1.000000,0.000000,1.000000,2.270000,0.070000,0.000000
1778942829.135510,0,0.000000,7.000000,0.000000,7.000000,1.000000,0.000000,1.000000,2.160000,0.070000,0.000000
1778942829.135925,0,0.000000,7.000000,0.000000,7.000000,1.000000,0.000000,1.000000,2.160000,0.150000,0.000000
1778942829.136683,0,0.000000,7.000000,0.000000,7.000000,1.000000,0.000000,1.000000,2.160000,0.070000,0.000000
1778942829.184202,0,0.000000,7.000000,0.000000,7.000000,0.050000,0.000000,1.000000,2.160000,0.070000,0.000000
1778942829.278044,0,0.000000,7.000000,0.000000,7.000000,0.270000,0.000000,1.000000,2.270000,0.070000,0.000000
1778942829.329290,0,0.000000,7.000000,0.000000,7.000000,0.490000,0.000000,1.000000,2.530000,0.150000,0.000000
1778942829.473641,0,0.000000,7.000000,0.000000,7.000000,0.720000,0.000000,1.000000,2.580000,0.070000,0.000000
1778942829.524091,0,0.000000,7.000000,0.000000,7.000000,0.860000,0.000000,1.000000,2.570000,0.070000,0.000000
1778942829.600296,0,0.000000,0.000000,0.000000,7.000000,1.000000,0.000000,1.000000,2.680000,0.070000,0.000000
1778942829.683736,0,0.000000,0.000000,0.000000,7.000000,1.000000,0.000000,1.000000,2.650000,0.070000,0.000000
1778942829.782278,0,0.000000,0.000000,0.000000,0.000000,1.000000,0.000000,1.000000,2.650000,0.070000,0.000000
1778942829.887103,0,0.000000,0.000000,0.000000,0.000000,1.000000,0.000000,1.000000,2.610000,0.150000,0.000000
1778942829.935966,0,0.000000,0.000000,0.000000,0.000000,1.000000,0.000000,1.000000,4.440000,0.000000,0.430000
1778942830.043262,0,0.000000,0.000000,0.000000,0.000000,1.000000,0.000000,1.000000,3.520000,0.070000,0.000000
1778942830.216873,0,0.000000,0.000000,0.000000,0.000000,1.000000,0.000000,1.000000,2.900000,0.000000,0.000000
1778942830.290214,0,0.000000,0.000000,0.000000,0.000000,1.000000,0.000000,1.000000,3.630000,0.070000,0.280000
1778942830.411175,0,0.000000,0.000000,0.000000,0.000000,0.970000,0.000000,1.000000,3.770000,0.070000,0.000000
1778942830.531890,0,0.000000,0.000000,0.000000,0.000000,1.000000,0.000000,1.000000,3.730000,0.070000,0.000000
1778942830.612935,0,0.000000,0.000000,0.000000,0.000000,1.000000,0.000000,1.000000,3.810000,0.000000,0.000000
1778942830.735058,0,0.000000,0.000000,0.000000,0.000000,1.000000,0.000000,1.000000,3.720000,0.070000,0.000000
1778942830.847151,0,0.000000,0.000000,0.000000,0.000000,1.000000,0.000000,1.000000,3.890000,0.070000,0.000000
1778942830.935906,0,0.000000,0.000000,0.000000,0.000000,0.010000,0.000000,1.000000,3.990000,0.150000,0.000000
1778942830.963323,0,0.000000,0.000000,0.000000,0.000000,1.000000,0.000000,1.000000,4.010000,0.070000,0.000000
1778942831.017354,0,0.000000,0.000000,0.000000,0.000000,1.000000,0.000000,1.000000,4.050000,0.070000,0.000000
1778942831.068565,0,0.000000,0.000000,0.000000,0.000000,1.000000,0.000000,1.000000,4.010000,0.070000,0.000000
1778942831.176647,0,0.000000,0.000000,0.000000,0.000000,1.000000,0.000000,1.000000,4.050000,0.150000,0.000000
1778942831.230535,0,0.000000,0.000000,0.000000,0.000000,1.000000,0.000000,1.000000,4.030000,0.070000,0.000000
1778942831.231227,0,0.000000,0.000000,0.000000,0.000000,1.000000,0.000000,1.000000,4.030000,0.070000,0.000000
1778942831.318493,0,0.000000,0.000000,0.000000,0.000000,1.000000,0.000000,1.000000,4.010000,0.070000,0.000000
1778942831.399987,0,0.000000,0.000000,0.000000,0.000000,1.000000,0.000000,1.000000,4.010000,0.150000,0.000000
1778942831.451827,0,0.000000,0.000000,0.000000,0.000000,1.000000,0.000000,1.000000,4.030000,0.070000,0.000000
1778942831.452349,0,0.000000,0.000000,0.000000,0.000000,1.000000,0.000000,1.000000,4.010000,0.070000,0.000000
1778942831.598039,0,0.000000,0.000000,0.000000,0.000000,1.000000,0.000000,1.000000,4.030000,0.070000,0.000000
1778942831.685302,0,0.000000,0.000000,0.000000,0.000000,1.000000,0.000000,1.000000,4.050000,0.070000,0.000000
1778942831.736970,0,0.000000,0.000000,0.000000,0.000000,1.000000,0.000000,1.000000,4.030000,0.070000,0.000000
1778942831.898226,0,0.000000,0.000000,0.000000,0.000000,1.000000,0.000000,1.000000,4.050000,0.070000,0.000000
1778942831.957092,0,0.000000,0.000000,0.000000,0.000000,1.000000,0.000000,1.000000,4.030000,0.070000,0.000000
1778942832.060846,0,0.000000,0.000000,0.000000,0.000000,1.000000,0.000000,1.000000,4.050000,0.000000,0.000000
1778942832.116671,0,0.000000,0.000000,0.000000,0.000000,1.000000,0.000000,1.000000,4.070000,0.150000,0.000000
1778942832.235735,0,0.000000,0.000000,0.000000,0.000000,1.000000,0.000000,1.000000,4.010000,0.070000,0.000000
1778942832.291210,0,0.000000,0.000000,0.000000,0.000000,1.000000,0.000000,1.000000,4.030000,0.000000,0.000000
1778942832.404655,0,0.000000,0.000000,0.000000,0.000000,1.000000,0.000000,1.000000,4.050000,0.000000,0.000000
1778942832.541547,0,0.000000,0.000000,0.000000,0.000000,1.000000,0.000000,1.000000,4.070000,0.000000,0.000000
1778942832.597996,0,0.000000,0.000000,0.000000,0.000000,1.000000,0.000000,1.000000,4.090000,0.000000,0.000000
1778942832.598529,0,0.000000,0.000000,0.000000,0.000000,0.280000,0.000000,1.000000,4.050000,0.070000,0.000000
1778942832.652552,0,0.000000,0.000000,0.000000,0.000000,1.000000,0.000000,1.000000,4.050000,0.150000,0.000000
1778942832.781200,0,0.000000,0.000000,0.000000,0.000000,1.000000,0.000000,1.000000,4.030000,0.070000,0.000000
1778942832.870387,0,0.000000,0.000000,0.000000,0.000000,1.000000,0.000000,1.000000,4.050000,0.070000,0.000000
1778942832.926138,0,0.000000,0.000000,0.000000,0.000000,1.000000,0.000000,1.000000,4.050000,0.070000,0.280000
1778942832.926969,0,0.000000,0.000000,0.000000,0.000000,1.000000,0.000000,1.000000,4.050000,0.070000,0.000000
1778942833.044436,0,0.000000,0.000000,0.000000,0.000000,1.000000,0.000000,1.000000,4.050000,0.070000,0.000000
1778942833.103103,0,0.000000,0.000000,0.000000,0.000000,1.000000,0.000000,1.000000,4.090000,0.070000,0.000000
1778942833.157453,0,0.000000,0.000000,0.000000,0.000000,1.000000,0.000000,1.000000,4.050000,0.070000,0.000000
1778942833.245549,0,0.000000,0.000000,0.000000,0.000000,1.000000,0.000000,1.000000,4.050000,0.070000,0.000000
1778942833.276475,0,0.000000,0.000000,0.000000,0.000000,0.200000,0.000000,1.000000,4.050000,0.070000,0.000000
1778942833.403288,0,0.000000,0.000000,0.000000,0.000000,1.000000,0.000000,1.000000,4.050000,0.150000,0.000000
1778942833.502229,0,0.000000,0.000000,0.000000,0.000000,1.000000,0.000000,1.000000,4.050000,0.070000,0.000000
1778942833.589924,0,0.000000,0.000000,0.000000,0.000000,0.180000,0.000000,1.000000,4.000000,0.070000,0.000000
1778942833.658646,0,0.000000,0.000000,0.000000,0.000000,1.000000,0.000000,1.000000,4.030000,0.070000,0.000000
1778942833.764349,0,0.000000,0.000000,0.000000,0.000000,1.000000,0.000000,1.000000,4.050000,0.210000,0.000000
1778942833.794068,0,0.000000,0.000000,0.000000,0.000000,1.000000,0.000000,1.000000,4.030000,0.070000,0.000000
1778942833.794575,0,0.000000,0.000000,0.000000,0.000000,1.000000,0.000000,1.000000,4.010000,0.070000,0.000000
1778942833.794960,0,0.000000,0.000000,0.000000,0.000000,1.000000,0.000000,1.000000,4.030000,0.070000,0.000000
1778942833.820791,0,0.000000,0.000000,0.000000,0.000000,1.000000,0.000000,1.000000,4.050000,0.070000,0.000000
1778942833.916367,0,0.000000,0.000000,0.000000,0.000000,1.000000,0.000000,1.000000,4.050000,0.070000,0.000000
1778942833.942776,0,0.000000,0.000000,0.000000,0.000000,1.000000,0.000000,1.000000,4.050000,0.150000,0.000000
1778942833.968292,0,0.000000,0.000000,0.000000,0.000000,1.000000,0.000000,1.000000,4.030000,0.150000,0.000000
1778942834.017299,0,0.000000,0.000000,0.000000,0.000000,1.000000,0.000000,1.000000,4.050000,0.150000,0.000000
1778942834.141090,0,0.000000,0.000000,0.000000,0.000000,1.000000,0.000000,1.000000,4.050000,0.070000,0.000000
1778942834.142442,0,0.000000,0.000000,0.000000,0.000000,1.000000,0.000000,1.000000,4.050000,0.070000,0.000000
1778942834.245932,0,0.000000,0.000000,0.000000,0.000000,1.000000,0.000000,1.000000,4.030000,0.070000,0.430000
1778942834.273141,0,0.000000,0.000000,0.000000,0.000000,1.000000,0.000000,1.000000,4.050000,0.070000,0.000000
1778942834.371184,0,0.000000,0.000000,0.000000,0.000000,1.000000,0.000000,1.000000,4.050000,0.070000,0.000000
1778942834.445769,0,0.000000,0.000000,0.000000,0.000000,1.000000,0.000000,1.000000,4.050000,0.070000,0.000000
1778942834.505342,0,0.000000,0.000000,0.000000,0.000000,1.000000,0.000000,1.000000,4.050000,0.210000,0.000000
1778942834.588178,0,0.000000,0.000000,0.000000,0.000000,1.000000,0.000000,1.000000,4.050000,0.070000,0.000000
1778942834.636982,0,0.000000,0.000000,0.000000,0.000000,1.000000,0.000000,1.000000,4.050000,0.070000,0.000000
1778942834.671017,0,0.000000,0.000000,0.000000,0.000000,1.000000,0.000000,1.000000,4.030000,0.000000,0.000000
1778942834.716364,0,0.000000,0.000000,0.000000,0.000000,1.000000,0.000000,1.000000,4.050000,0.000000,0.000000
1778942834.739773,0,0.000000,0.000000,0.000000,0.000000,1.000000,0.000000,1.000000,4.050000,0.000000,0.000000
1778942834.741670,0,0.000000,0.000000,0.000000,0.000000,1.000000,0.000000,1.000000,4.050000,0.000000,0.000000
1778942834.747243,0,0.000000,0.000000,0.000000,0.000000,1.000000,0.000000,1.000000,4.050000,0.070000,0.000000
1778942834.752020,0,0.000000,0.000000,0.000000,0.000000,1.000000,0.000000,1.000000,4.050000,0.000000,0.000000
1778942834.753452,0,0.000000,0.000000,0.000000,0.000000,1.000000,0.000000,1.000000,4.050000,0.000000,0.000000
1778942834.775208,0,0.000000,0.000000,0.000000,0.000000,1.000000,0.000000,1.000000,4.050000,0.000000,0.000000
1778942834.791402,0,0.000000,0.000000,0.000000,0.000000,1.000000,0.000000,1.000000,4.050000,0.000000,0.000000
1778942834.887450,0,0.000000,0.000000,0.000000,0.000000,1.000000,0.000000,1.000000,4.030000,0.000000,0.000000
1778942834.903919,0,0.000000,0.000000,0.000000,0.000000,1.000000,0.000000,1.000000,4.030000,0.000000,0.000000
1778942834.910495,0,0.000000,0.000000,0.000000,0.000000,1.000000,0.000000,1.000000,4.030000,0.000000,0.000000
1778942834.920612,0,0.000000,0.000000,0.000000,0.000000,1.000000,0.000000,1.000000,4.050000,0.000000,0.000000
1778942834.932844,0,0.000000,0.000000,0.000000,0.000000,1.000000,0.000000,1.000000,4.050000,0.000000,0.000000
1778942834.993775,0,0.000000,0.000000,0.000000,0.000000,1.000000,0.000000,1.000000,4.050000,0.000000,0.000000
1778942835.000903,0,0.000000,0.000000,0.000000,0.000000,1.000000,0.000000,1.000000,4.090000,0.000000,0.000000
1778942835.003001,0,0.000000,0.000000,0.000000,0.000000,1.000000,0.000000,1.000000,4.050000,0.000000,0.000000
1778942835.003632,0,0.000000,0.000000,0.000000,0.000000,1.000000,0.000000,1.000000,4.050000,0.000000,0.000000
1778942835.015734,0,0.000000,0.000000,0.000000,0.000000,1.000000,0.000000,1.000000,4.050000,0.000000,0.000000
1778942835.039457,0,0.000000,0.000000,0.000000,0.000000,1.000000,0.000000,1.000000,4.050000,0.000000,0.000000
1778942835.112562,0,0.000000,0.000000,0.000000,0.000000,1.000000,0.000000,1.000000,4.030000,0.000000,0.000000
1778942835.161373,0,0.000000,0.000000,0.000000,0.000000,1.000000,0.000000,1.000000,4.000000,0.000000,0.000000
1778942835.210736,0,0.000000,0.000000,0.000000,0.000000,1.000000,0.000000,1.000000,4.010000,0.000000,0.000000
1778942835.256811,0,0.000000,0.000000,0.000000,0.000000,1.000000,0.000000,1.000000,3.990000,0.000000,0.000000
1778942835.302044,0,0.000000,0.000000,0.000000,0.000000,1.000000,0.000000,1.000000,4.030000,0.000000,0.000000
1778942835.316022,0,0.000000,0.000000,0.000000,0.000000,1.000000,0.000000,1.000000,4.050000,0.000000,0.000000
1778942835.332740,0,0.000000,0.000000,0.000000,0.000000,1.000000,0.000000,1.000000,4.050000,0.000000,0.000000
1778942835.336128,0,0.000000,0.000000,0.000000,0.000000,1.000000,0.000000,1.000000,4.000000,0.000000,0.000000
1778942835.336827,0,0.000000,0.000000,0.000000,0.000000,1.000000,0.000000,1.000000,4.010000,0.000000,0.000000
1778942835.337496,0,0.000000,0.000000,0.000000,0.000000,1.000000,0.000000,1.000000,4.030000,0.000000,0.000000
1778942835.346158,0,0.000000,0.000000,0.000000,0.000000,1.000000,0.000000,1.000000,4.010000,0.000000,0.000000
1778942835.376189,0,0.000000,0.000000,0.000000,0.000000,1.000000,0.000000,1.000000,4.050000,0.000000,0.140000
1778942835.412200,0,0.000000,0.000000,0.000000,0.000000,1.000000,0.000000,1.000000,4.050000,0.000000,0.000000
1778942835.413333,0,0.000000,0.000000,0.000000,0.000000,1.000000,0.000000,1.000000,4.010000,0.000000,0.000000
1778942835.449792,0,0.000000,0.000000,0.000000,0.000000,1.000000,0.000000,1.000000,4.010000,0.000000,0.000000
1778942835.450904,0,0.000000,0.000000,0.000000,0.000000,1.000000,0.000000,1.000000,4.000000,0.000000,0.000000
1778942835.464496,0,0.000000,0.000000,0.000000,0.000000,1.000000,0.000000,1.000000,4.010000,0.000000,0.000000
1778942835.495095,0,0.000000,0.000000,0.000000,0.000000,1.000000,0.000000,1.000000,4.000000,0.000000,0.000000
1778942835.518580,0,0.000000,0.000000,0.000000,0.000000,1.000000,0.000000,1.000000,4.010000,0.000000,0.000000
1778942835.526545,0,0.000000,0.000000,0.000000,0.000000,1.000000,0.000000,1.000000,4.000000,0.000000,0.000000
1778942835.528956,0,0.000000,0.000000,0.000000,0.000000,1.000000,0.000000,1.000000,4.000000,0.000000,0.000000
1778942835.530053,0,0.000000,0.000000,0.000000,0.000000,1.000000,0.000000,1.000000,3.990000,0.000000,0.000000
1778942835.531390,0,0.000000,0.000000,0.000000,0.000000,1.000000,0.000000,1.000000,4.010000,0.000000,0.000000
1778942835.563933,0,0.000000,0.000000,0.000000,0.000000,1.000000,0.000000,1.000000,4.000000,0.000000,0.000000
1778942835.577908,0,0.000000,0.000000,0.000000,0.000000,1.000000,0.000000,1.000000,4.050000,0.000000,0.000000
1778942835.600926,0,0.000000,0.000000,0.000000,0.000000,1.000000,0.000000,1.000000,4.010000,0.000000,0.000000
1778942835.602426,0,0.000000,0.000000,0.000000,0.000000,1.000000,0.000000,1.000000,4.010000,0.000000,0.000000
1778942835.623321,0,0.000000,0.000000,0.000000,0.000000,1.000000,0.000000,1.000000,4.030000,0.000000,0.000000
1778942835.631012,0,0.000000,0.000000,0.000000,0.000000,1.000000,0.000000,1.000000,4.030000,0.000000,0.000000
1778942835.659402,0,0.000000,0.000000,0.000000,0.000000,1.000000,0.000000,1.000000,4.050000,0.000000,0.000000
1778942835.675127,0,0.000000,0.000000,0.000000,0.000000,1.000000,0.000000,1.000000,4.050000,0.000000,0.000000
1778942835.719527,0,0.000000,0.000000,0.000000,0.000000,1.000000,0.000000,1.000000,4.050000,0.000000,0.000000
1778942835.750707,0,0.000000,0.000000,0.000000,0.000000,1.000000,0.000000,1.000000,4.030000,0.000000,0.140000
1778942835.766086,0,0.000000,0.000000,0.000000,0.000000,1.000000,0.000000,1.000000,4.030000,0.000000,0.000000
1778942835.773466,0,0.000000,0.000000,0.000000,0.000000,1.000000,0.000000,1.000000,4.030000,0.000000,0.000000
1778942835.803481,0,0.000000,0.000000,0.000000,0.000000,1.000000,0.000000,1.000000,4.030000,0.000000,0.000000
1778942835.820020,0,0.000000,0.000000,0.000000,0.000000,1.000000,0.000000,1.000000,4.050000,0.000000,0.000000
1778942835.822043,0,0.000000,0.000000,0.000000,0.000000,1.000000,0.000000,1.000000,4.000000,0.000000,0.000000
1778942835.855149,0,0.000000,0.000000,0.000000,0.000000,1.000000,0.000000,1.000000,4.000000,0.000000,0.000000
1778942835.862008,0,0.000000,0.000000,0.000000,0.000000,1.000000,0.000000,1.000000,3.960000,0.000000,0.000000
1778942835.870955,0,0.000000,0.000000,0.000000,0.000000,1.000000,0.000000,1.000000,4.030000,0.000000,0.000000
1778942835.884336,0,0.000000,0.000000,0.000000,0.000000,1.000000,0.000000,1.000000,3.970000,0.000000,0.000000
1778942835.930721,0,0.000000,0.000000,0.000000,0.000000,1.000000,0.000000,1.000000,4.030000,0.000000,0.000000
1778942835.931905,0,0.000000,0.000000,0.000000,0.000000,1.000000,0.000000,1.000000,4.030000,0.000000,0.000000
1778942835.959901,0,0.000000,0.000000,0.000000,0.000000,1.000000,0.000000,1.000000,4.000000,0.000000,0.000000
1778942835.981836,0,0.000000,0.000000,0.000000,0.000000,1.000000,0.000000,1.000000,4.010000,0.000000,0.000000
1778942835.989608,0,0.000000,0.000000,0.000000,0.000000,1.000000,0.000000,1.000000,4.000000,0.000000,0.000000
1778942835.997285,0,0.000000,0.000000,0.000000,0.000000,1.000000,0.000000,1.000000,4.000000,0.000000,0.000000
1778942836.020094,0,0.000000,0.000000,0.000000,0.000000,1.000000,0.000000,1.000000,3.990000,0.000000,0.000000
1778942836.034187,0,0.000000,0.000000,0.000000,0.000000,1.000000,0.000000,1.000000,4.030000,0.000000,0.000000
1778942836.042134,0,0.000000,0.000000,0.000000,0.000000,1.000000,0.000000,1.000000,4.050000,0.000000,0.000000
1778942836.050533,0,0.000000,0.000000,0.000000,0.000000,1.000000,0.000000,1.000000,4.030000,0.000000,0.000000
1778942836.087129,0,0.000000,0.000000,0.000000,0.000000,1.000000,0.000000,1.000000,4.030000,0.000000,0.000000
1778942836.088205,0,0.000000,0.000000,0.000000,0.000000,1.000000,0.000000,1.000000,4.010000,0.000000,0.000000
1778942836.089446,0,0.000000,0.000000,0.000000,0.000000,1.000000,0.000000,1.000000,4.010000,0.000000,0.000000
1778942836.090296,0,0.000000,0.000000,0.000000,0.000000,1.000000,0.000000,1.000000,4.010000,0.000000,0.000000
1778942836.118201,0,0.000000,0.000000,0.000000,0.000000,1.000000,0.000000,1.000000,3.970000,0.000000,0.000000
1778942836.146870,0,0.000000,0.000000,0.000000,0.000000,1.000000,0.000000,1.000000,4.010000,0.150000,0.000000
1778942836.161815,0,0.000000,0.000000,0.000000,0.000000,1.000000,0.000000,1.000000,4.000000,0.000000,0.000000
1778942836.177665,0,0.000000,0.000000,0.000000,0.000000,1.000000,0.000000,1.000000,4.000000,0.000000,0.000000
1778942836.178838,0,0.000000,0.000000,0.000000,0.000000,1.000000,0.000000,1.000000,4.000000,0.000000,0.000000
1778942836.216612,0,0.000000,0.000000,0.000000,0.000000,1.000000,0.000000,1.000000,4.000000,0.070000,0.000000
1778942836.219064,0,0.000000,0.000000,0.000000,0.000000,1.000000,0.000000,1.000000,4.000000,0.000000,0.000000
1778942836.220079,0,0.000000,0.000000,0.000000,0.000000,1.000000,0.000000,1.000000,4.000000,0.000000,0.000000
1778942836.223361,0,0.000000,0.000000,0.000000,0.000000,1.000000,0.000000,1.000000,4.000000,0.000000,0.000000
1778942836.246887,0,0.000000,0.000000,0.000000,0.000000,1.000000,0.000000,1.000000,3.970000,0.000000,0.000000
1778942836.276412,0,0.000000,0.000000,0.000000,0.000000,1.000000,0.000000,1.000000,3.970000,0.000000,0.140000
1778942836.290301,0,0.000000,0.000000,0.000000,0.000000,1.000000,0.000000,1.000000,3.970000,0.000000,0.000000
1778942836.298256,0,0.000000,0.000000,0.000000,0.000000,1.000000,0.000000,1.000000,3.990000,0.000000,0.000000
1778942836.305680,0,0.000000,0.000000,0.000000,0.000000,1.000000,0.000000,1.000000,3.990000,0.000000,0.000000
1778942836.327045,0,0.000000,0.000000,0.000000,0.000000,1.000000,0.000000,1.000000,3.990000,0.000000,0.000000
1778942836.335284,0,0.000000,0.000000,0.000000,0.000000,1.000000,0.000000,1.000000,3.990000,0.000000,0.000000
1778942836.350029,0,0.000000,0.000000,0.000000,0.000000,1.000000,0.000000,1.000000,3.960000,0.000000,0.000000
1778942836.387921,0,0.000000,0.000000,0.000000,0.000000,1.000000,0.000000,1.000000,3.990000,0.000000,0.000000
1778942836.388900,0,0.000000,0.000000,0.000000,0.000000,1.000000,0.000000,1.000000,3.990000,0.000000,0.000000
1778942836.424893,0,0.000000,0.000000,0.000000,0.000000,1.000000,0.000000,1.000000,4.000000,0.000000,0.000000
1778942836.478202,0,0.000000,0.000000,0.000000,0.000000,1.000000,0.000000,1.000000,4.000000,0.000000,0.000000
1778942836.485276,0,0.000000,0.000000,0.000000,0.000000,1.000000,0.000000,1.000000,4.000000,0.000000,0.000000
1778942836.582603,0,0.000000,0.000000,0.000000,0.000000,1.000000,0.000000,1.000000,3.990000,0.000000,0.000000
1778942836.665663,0,0.000000,0.000000,0.000000,0.000000,1.000000,0.000000,1.000000,4.010000,0.000000,0.000000
1778942836.732422,0,0.000000,0.000000,0.000000,0.000000,1.000000,0.000000,1.000000,4.010000,0.000000,0.000000
1778942836.823493,0,0.000000,0.000000,0.000000,0.000000,1.000000,0.000000,1.000000,3.990000,0.000000,0.000000
1778942836.871987,0,0.000000,0.000000,0.000000,0.000000,1.000000,0.000000,1.000000,4.000000,0.000000,0.000000
1778942836.974169,0,0.000000,0.000000,0.000000,0.000000,1.000000,0.000000,1.000000,4.000000,0.000000,0.000000
1778942836.974693,0,0.000000,0.000000,0.000000,0.000000,1.000000,0.000000,1.000000,3.960000,0.000000,0.000000
1778942836.975353,0,0.000000,0.000000,0.000000,0.000000,1.000000,0.000000,1.000000,4.000000,0.000000,0.000000
1778942837.002530,0,0.000000,0.000000,0.000000,0.000000,1.000000,0.000000,1.000000,4.010000,0.000000,0.000000
1778942837.030061,0,0.000000,0.000000,0.000000,0.000000,1.000000,0.000000,1.000000,3.970000,0.000000,0.000000
1778942837.115768,0,0.000000,0.000000,0.000000,0.000000,1.000000,0.000000,1.000000,4.010000,0.000000,0.000000
1778942837.163586,0,0.000000,0.000000,0.000000,0.000000,1.000000,0.000000,1.000000,4.000000,0.000000,0.000000
1778942837.164426,0,0.000000,0.000000,0.000000,0.000000,1.000000,0.000000,1.000000,4.010000,0.000000,0.000000
1778942837.213678,0,0.000000,0.000000,0.000000,0.000000,1.000000,0.000000,1.000000,3.990000,0.150000,0.000000
1778942837.328120,0,0.000000,0.000000,0.000000,0.000000,1.000000,0.000000,1.000000,4.000000,0.070000,0.000000
1778942837.380265,0,0.000000,0.000000,0.000000,0.000000,1.000000,0.000000,1.000000,4.010000,0.000000,0.000000
1778942837.444949,0,0.000000,0.000000,0.000000,0.000000,1.000000,0.000000,1.000000,4.010000,0.000000,0.000000
1778942837.492810,0,0.000000,0.000000,0.000000,0.000000,1.000000,0.000000,1.000000,4.000000,0.000000,0.000000
1778942837.573403,0,0.000000,0.000000,0.000000,0.000000,1.000000,0.000000,1.000000,4.010000,0.000000,0.000000
1778942837.625178,0,0.000000,0.000000,0.000000,0.000000,1.000000,0.000000,1.000000,4.010000,0.070000,0.140000
1778942837.675807,0,0.000000,0.000000,0.000000,0.000000,1.000000,0.000000,1.000000,4.030000,0.000000,0.000000
1778942837.676338,0,0.000000,0.000000,0.000000,0.000000,1.000000,0.000000,1.000000,4.050000,0.000000,0.000000
1778942837.676766,0,0.000000,0.000000,0.000000,0.000000,1.000000,0.000000,1.000000,4.030000,0.000000,0.000000
1778942837.727564,0,0.000000,0.000000,0.000000,0.000000,1.000000,0.000000,1.000000,4.010000,0.000000,0.000000
1778942837.804717,0,0.000000,0.000000,0.000000,0.000000,1.000000,0.000000,1.000000,4.030000,0.000000,0.000000
1778942837.853692,0,0.000000,0.000000,0.000000,0.000000,1.000000,0.000000,1.000000,4.030000,0.000000,0.140000
1778942837.942281,0,0.000000,0.000000,0.000000,0.000000,1.000000,0.000000,1.000000,4.030000,0.000000,0.000000
1778942837.993094,0,0.000000,0.000000,0.000000,0.000000,1.000000,0.000000,1.000000,4.010000,0.000000,0.000000
1778942838.107570,0,0.000000,0.000000,0.000000,0.000000,1.000000,0.000000,1.000000,4.010000,0.000000,0.000000
1778942838.157492,0,0.000000,0.000000,0.000000,0.000000,1.000000,0.000000,1.000000,4.050000,0.000000,0.000000
1778942838.217431,0,0.000000,0.000000,0.000000,0.000000,1.000000,0.000000,1.000000,4.050000,0.000000,0.000000
1778942838.314949,0,0.000000,0.000000,0.000000,0.000000,1.000000,0.000000,1.000000,4.030000,0.000000,0.000000
1778942838.434492,0,0.000000,0.000000,0.000000,0.000000,1.000000,0.000000,1.000000,3.970000,0.000000,0.000000
1778942838.483441,0,0.000000,0.000000,0.000000,0.000000,0.890000,0.000000,1.000000,4.030000,0.000000,0.280000
1778942838.571321,0,0.000000,0.000000,0.000000,0.000000,1.000000,0.000000,1.000000,4.030000,0.070000,0.000000
1778942838.707180,0,0.000000,0.000000,0.000000,0.000000,1.000000,0.000000,1.000000,4.010000,0.070000,0.000000
1778942838.757086,0,0.000000,0.000000,0.000000,0.000000,1.000000,0.000000,1.000000,4.010000,0.070000,0.000000
1778942838.910291,0,0.000000,0.000000,0.000000,0.000000,1.000000,0.000000,1.000000,4.030000,0.070000,0.000000
1778942838.939797,0,0.000000,0.000000,0.000000,0.000000,1.000000,0.000000,1.000000,4.010000,0.070000,0.000000
1778942838.966017,0,0.000000,0.000000,0.000000,0.000000,1.000000,0.000000,1.000000,4.010000,0.070000,0.000000
1778942839.050932,0,0.000000,0.000000,0.000000,0.000000,1.000000,0.000000,1.000000,3.990000,0.070000,0.000000
1778942839.148097,0,0.000000,0.000000,0.000000,0.000000,1.000000,0.000000,1.000000,4.000000,0.210000,0.000000
1778942839.197442,0,0.000000,0.000000,0.000000,0.000000,1.000000,0.000000,1.000000,4.030000,0.070000,0.000000
1778942839.313947,0,0.000000,0.000000,0.000000,0.000000,1.000000,0.000000,1.000000,4.030000,0.070000,0.000000
1778942839.343979,0,0.000000,0.000000,0.000000,0.000000,1.000000,0.000000,1.000000,4.050000,0.150000,0.000000
1778942839.370172,0,0.000000,0.000000,0.000000,0.000000,1.000000,0.000000,1.000000,4.030000,0.070000,0.000000
1778942839.486229,0,0.000000,0.000000,0.000000,0.000000,1.000000,0.000000,1.000000,3.880000,0.150000,0.000000
1778942839.537474,0,0.000000,0.000000,0.000000,0.000000,1.000000,0.000000,1.000000,4.010000,0.070000,0.000000
1778942839.620054,0,0.000000,0.000000,0.000000,0.000000,1.000000,0.000000,1.000000,3.990000,0.070000,0.000000
1778942839.669615,0,0.000000,0.000000,0.000000,0.000000,1.000000,0.000000,1.000000,4.050000,0.150000,0.000000
1778942839.670136,0,0.000000,0.000000,0.000000,0.000000,1.000000,0.000000,1.000000,4.110000,0.070000,0.000000
1778942839.763678,0,0.000000,0.000000,0.000000,0.000000,1.000000,0.000000,1.000000,4.110000,0.150000,0.000000
1778942839.852426,0,0.000000,0.000000,0.000000,0.000000,1.000000,0.000000,1.000000,3.640000,0.070000,0.000000
1778942839.902453,0,0.000000,0.000000,0.000000,0.000000,1.000000,0.000000,1.000000,0.810000,0.070000,0.140000
1778942840.064095,0,0.000000,0.000000,0.000000,0.000000,1.000000,0.000000,1.000000,0.370000,0.070000,0.000000
1778942840.130108,0,0.000000,0.000000,0.000000,0.000000,0.750000,0.000000,1.000000,0.510000,0.070000,0.000000
1778942840.179941,0,0.000000,0.000000,0.000000,0.000000,1.000000,0.000000,1.000000,1.070000,0.070000,0.000000
1778942840.231310,0,0.000000,0.000000,0.000000,0.000000,1.000000,0.000000,1.000000,2.290000,0.070000,0.000000
1778942840.280843,0,0.000000,0.000000,0.000000,0.000000,1.000000,0.000000,1.000000,2.880000,0.070000,0.000000
1778942840.281383,0,0.000000,0.000000,0.000000,0.000000,1.000000,0.000000,1.000000,3.640000,0.070000,0.000000
1778942840.395262,0,0.000000,0.000000,0.000000,0.000000,1.000000,0.000000,1.000000,0.380000,0.150000,0.000000
1778942840.425979,0,0.000000,0.000000,0.000000,0.000000,1.000000,0.000000,1.000000,0.310000,0.070000,0.000000
1778942840.426478,0,0.000000,0.000000,0.000000,0.000000,1.000000,0.000000,1.000000,2.340000,0.070000,0.140000
1778942840.453912,0,0.000000,0.000000,0.000000,0.000000,1.000000,0.000000,1.000000,2.270000,0.070000,0.000000
1778942840.542369,0,0.000000,0.000000,0.000000,0.000000,1.000000,0.000000,1.000000,2.400000,0.070000,0.000000
1778942840.662283,0,0.000000,0.000000,0.000000,0.000000,1.000000,0.000000,1.000000,1.600000,0.150000,0.000000
1778942840.689633,0,0.000000,0.000000,0.000000,0.000000,1.000000,0.000000,1.000000,1.750000,0.070000,0.140000
1778942840.752446,0,0.000000,0.000000,0.000000,0.000000,0.360000,0.000000,1.000000,2.210000,0.070000,0.000000
1778942840.803541,0,0.000000,0.000000,0.000000,0.000000,1.000000,0.000000,1.000000,2.640000,0.070000,0.000000
1778942840.913269,0,0.000000,0.000000,0.000000,0.000000,1.000000,0.000000,1.000000,4.110000,0.070000,0.000000
1778942840.966474,0,0.000000,0.000000,0.000000,0.000000,1.000000,0.000000,1.000000,4.880000,0.070000,0.000000
1778942841.122747,0,0.000000,0.000000,0.000000,0.000000,1.000000,0.000000,1.000000,4.880000,0.070000,0.280000
1778942841.256268,0,0.000000,0.000000,0.000000,0.000000,1.000000,0.000000,1.000000,5.150000,0.070000,0.000000
1778942841.308131,0,0.000000,0.000000,0.000000,0.000000,1.000000,0.000000,1.000000,5.380000,0.070000,0.000000
1778942841.390115,0,0.000000,0.000000,0.000000,0.000000,1.000000,0.000000,1.000000,5.530000,0.070000,0.000000
1778942841.488423,0,0.000000,0.000000,0.000000,0.000000,1.000000,0.000000,1.000000,3.670000,0.150000,0.000000
1778942841.601518,0,0.000000,0.000000,0.000000,0.000000,1.000000,0.000000,1.000000,2.980000,0.070000,0.000000
1778942841.602036,0,0.000000,0.000000,0.000000,0.000000,1.000000,0.000000,1.000000,3.190000,0.070000,0.000000
1778942841.655415,0,0.000000,0.000000,0.000000,0.000000,1.000000,0.000000,1.000000,3.180000,0.070000,0.000000
1778942841.707999,0,0.000000,0.000000,0.000000,0.000000,1.000000,0.000000,1.000000,2.320000,0.150000,0.000000
1778942841.708519,0,0.000000,0.000000,0.000000,0.000000,1.000000,0.000000,1.000000,2.350000,0.070000,0.000000
1778942841.759032,0,0.000000,0.000000,0.000000,0.000000,1.000000,0.000000,1.000000,2.710000,0.070000,0.000000
1778942841.809205,0,0.000000,0.000000,0.000000,0.000000,1.000000,0.000000,1.000000,2.770000,0.070000,0.000000
1778942841.809719,0,0.000000,0.000000,0.000000,0.000000,1.000000,0.000000,1.000000,2.500000,0.070000,0.000000
1778942841.810133,0,0.000000,0.000000,0.000000,0.000000,1.000000,0.000000,1.000000,2.490000,0.070000,0.000000
1778942841.810724,0,0.000000,0.000000,0.000000,0.000000,1.000000,0.000000,1.000000,2.420000,0.070000,0.000000
1778942841.861257,0,0.000000,0.000000,0.000000,0.000000,1.000000,0.000000,1.000000,2.510000,0.070000,0.000000
1778942841.911475,0,0.000000,0.000000,0.000000,0.000000,1.000000,0.000000,1.000000,2.400000,0.070000,0.000000
1778942841.961092,0,0.000000,0.000000,0.000000,0.000000,1.000000,0.000000,1.000000,2.260000,0.070000,0.000000
1778942842.011786,0,0.000000,0.000000,0.000000,0.000000,1.000000,0.000000,1.000000,2.250000,0.150000,0.000000
1778942842.062209,0,0.000000,0.000000,0.000000,0.000000,1.000000,0.000000,1.000000,2.270000,0.070000,0.000000
1778942842.114107,0,0.000000,0.000000,0.000000,0.000000,1.000000,0.000000,1.000000,2.490000,0.150000,0.000000
1778942842.114634,0,0.000000,0.000000,0.000000,0.000000,1.000000,0.000000,1.000000,2.520000,0.070000,0.000000
1778942842.165285,0,0.000000,0.000000,0.000000,0.000000,1.000000,0.000000,1.000000,2.500000,0.150000,0.000000
1778942842.216402,0,0.000000,0.000000,0.000000,0.000000,1.000000,0.000000,1.000000,2.540000,0.210000,0.000000
1778942842.216914,0,0.000000,0.000000,0.000000,0.000000,1.000000,0.000000,1.000000,2.210000,0.070000,0.000000
1778942842.267806,0,0.000000,0.000000,0.000000,0.000000,1.000000,0.000000,1.000000,2.040000,0.070000,0.000000
1778942842.268352,0,0.000000,0.000000,0.000000,0.000000,1.000000,0.000000,1.000000,1.720000,0.070000,0.000000
1778942842.268776,0,0.000000,0.000000,0.000000,0.000000,1.000000,0.000000,1.000000,1.420000,0.070000,0.000000
1778942842.319476,0,0.000000,0.000000,0.000000,0.000000,1.000000,0.000000,1.000000,1.370000,0.070000,0.000000
1778942842.370320,0,0.000000,0.000000,0.000000,0.000000,1.000000,0.000000,1.000000,0.970000,0.000000,0.280000
1778942842.421378,0,0.000000,0.000000,0.000000,0.000000,1.000000,0.000000,1.000000,0.870000,0.070000,0.000000
1778942842.421904,0,0.000000,0.000000,0.000000,0.000000,1.000000,0.000000,1.000000,0.850000,0.000000,0.000000
1778942842.422298,0,0.000000,0.000000,0.000000,0.000000,1.000000,0.000000,1.000000,0.660000,0.070000,0.000000
1778942842.473493,0,0.000000,0.000000,0.000000,0.000000,1.000000,0.000000,1.000000,0.540000,0.070000,0.000000
1778942842.523991,0,0.000000,0.000000,0.000000,0.000000,1.000000,0.000000,1.000000,0.150000,0.000000,0.000000
1778942842.574906,0,0.000000,0.000000,0.000000,0.000000,1.000000,0.000000,1.000000,0.000000,0.070000,0.000000
1778942842.625617,0,0.000000,0.000000,0.000000,0.000000,1.000000,0.000000,1.000000,0.000000,0.070000,0.000000
1778942842.626310,0,0.000000,0.000000,0.000000,0.000000,0.150000,0.000000,1.000000,0.000000,0.070000,0.000000
1778942842.626735,0,0.000000,0.000000,0.000000,0.000000,1.000000,0.000000,1.000000,0.000000,0.150000,0.000000
1778942842.676875,0,0.000000,0.000000,0.000000,0.000000,1.000000,0.000000,1.000000,0.000000,0.070000,0.000000
1778942842.732961,0,0.000000,0.000000,0.000000,0.000000,1.000000,0.000000,1.000000,0.000000,0.150000,0.000000
1778942842.783623,0,0.000000,0.000000,0.000000,0.000000,1.000000,0.000000,1.000000,0.000000,0.150000,0.000000
1778942842.884681,0,0.000000,0.000000,0.000000,0.000000,0.410000,0.000000,1.000000,0.000000,0.210000,0.000000
1778942842.940345,0,0.000000,0.000000,0.000000,0.000000,1.000000,0.000000,1.000000,0.000000,0.070000,0.140000
1778942842.940871,0,0.000000,0.000000,0.000000,0.000000,1.000000,0.000000,1.000000,0.000000,0.070000,0.000000
1778942842.941320,0,0.000000,0.000000,0.000000,0.000000,1.000000,0.000000,1.000000,0.000000,0.210000,0.000000
1778942842.941776,0,0.000000,0.000000,0.000000,0.000000,1.000000,0.000000,0.410000,0.000000,0.070000,0.000000
1778942843.034659,0,0.000000,0.000000,0.000000,0.000000,1.000000,0.000000,1.000000,0.000000,0.150000,0.000000
1778942843.064400,0,0.000000,0.000000,0.000000,0.000000,1.000000,0.000000,1.000000,0.000000,0.150000,0.000000
1778942843.065001,0,0.000000,0.000000,0.000000,0.000000,1.000000,0.000000,0.090000,0.340000,0.070000,0.000000
1778942843.092290,0,0.000000,0.000000,0.000000,0.000000,1.000000,0.000000,0.800000,0.600000,0.070000,0.000000
1778942843.092831,0,0.000000,0.000000,0.000000,0.000000,0.680000,0.000000,1.000000,0.800000,0.150000,0.000000
1778942843.093240,0,0.000000,0.000000,0.000000,0.000000,1.000000,0.000000,1.000000,0.740000,0.070000,0.000000
1778942843.192320,0,0.000000,0.000000,0.000000,0.000000,1.000000,0.000000,1.000000,0.810000,0.070000,0.000000
1778942843.193482,0,0.000000,0.000000,0.000000,0.000000,1.000000,0.000000,1.000000,0.830000,0.150000,0.000000
1778942843.310874,0,0.000000,0.000000,0.000000,0.000000,1.000000,0.000000,1.000000,0.870000,0.070000,0.000000
1778942843.338888,0,0.000000,0.000000,0.000000,0.000000,1.000000,0.000000,1.000000,0.880000,0.000000,0.000000
1778942843.431249,0,0.000000,0.000000,0.000000,0.000000,1.000000,0.000000,1.000000,0.940000,0.070000,0.000000
1778942843.484021,0,0.000000,0.000000,0.000000,0.000000,1.000000,0.000000,1.000000,0.910000,0.070000,0.000000
1778942843.484542,0,0.000000,0.000000,0.000000,0.000000,1.000000,0.000000,1.000000,0.850000,0.070000,0.000000
1778942843.591069,0,0.000000,0.000000,0.000000,0.000000,1.000000,0.000000,1.000000,0.770000,0.070000,0.000000
1778942843.592961,0,0.000000,0.000000,0.000000,0.000000,1.000000,0.000000,1.000000,0.560000,0.070000,0.000000
1778942843.662720,0,0.000000,0.000000,0.000000,0.000000,1.000000,0.000000,1.000000,0.000000,0.070000,0.000000
1778942843.753118,0,0.000000,0.000000,0.000000,0.000000,0.180000,0.000000,1.000000,0.000000,0.210000,0.000000
1778942843.812291,0,0.000000,0.000000,0.000000,0.000000,1.000000,0.000000,0.850000,0.000000,0.150000,0.000000
1778942843.880086,0,0.000000,0.000000,0.000000,0.000000,1.000000,0.000000,0.150000,0.000000,0.070000,0.000000
1778942843.993602,0,0.000000,0.000000,0.000000,0.000000,1.000000,0.000000,1.000000,0.000000,0.070000,0.000000
1778942844.097897,0,0.000000,0.000000,0.000000,0.000000,0.730000,0.000000,1.000000,0.000000,0.070000,0.000000
1778942844.180092,0,0.000000,0.000000,0.000000,0.000000,1.000000,0.000000,1.000000,0.000000,0.070000,0.000000
1778942844.340357,0,0.000000,0.000000,0.000000,0.000000,1.000000,0.000000,1.000000,0.000000,0.070000,0.000000
1778942844.394861,0,0.000000,0.000000,0.000000,0.000000,1.000000,0.000000,1.000000,0.000000,0.070000,0.000000
1778942844.445399,0,0.000000,0.000000,0.000000,0.000000,1.000000,0.000000,1.000000,0.000000,0.150000,0.000000
1778942844.510182,0,0.000000,0.000000,0.000000,0.000000,1.000000,0.000000,1.000000,0.000000,0.150000,0.000000
1778942844.562256,0,0.000000,0.000000,0.000000,0.000000,0.680000,0.000000,1.000000,0.000000,0.150000,0.000000
1778942844.562801,0,0.000000,0.000000,0.000000,0.000000,0.070000,0.000000,0.010000,0.000000,0.150000,0.000000
1778942844.654872,0,0.000000,0.000000,0.000000,0.000000,1.000000,0.000000,0.470000,0.000000,0.070000,0.000000
1778942844.743250,0,0.000000,0.000000,0.000000,0.000000,0.750000,0.000000,1.000000,0.000000,0.070000,0.000000
1778942844.797692,0,0.000000,0.000000,0.000000,0.000000,1.000000,0.000000,1.000000,0.000000,0.070000,0.000000
1778942844.798212,0,0.000000,0.000000,0.000000,0.000000,1.000000,0.000000,0.010000,0.000000,0.070000,0.000000
1778942844.798601,0,0.000000,0.000000,0.000000,0.000000,1.000000,0.000000,0.690000,0.000000,0.150000,0.000000
1778942844.799063,0,0.000000,0.000000,0.000000,0.000000,1.000000,0.000000,0.470000,0.000000,0.070000,0.000000
1778942844.799507,0,0.000000,0.000000,0.000000,0.000000,1.000000,0.000000,1.000000,0.000000,0.070000,0.000000
1778942844.894825,0,0.000000,0.000000,0.000000,0.000000,1.000000,0.000000,1.000000,0.000000,0.150000,0.000000
1778942844.960500,0,0.000000,0.000000,0.000000,0.000000,1.000000,0.000000,1.000000,0.000000,0.070000,0.000000
1778942845.027798,0,0.000000,0.000000,0.000000,0.000000,1.000000,0.000000,1.000000,0.000000,0.070000,0.000000
1778942845.080508,0,0.000000,0.000000,0.000000,0.000000,1.000000,0.000000,1.000000,0.000000,0.070000,0.000000
1778942845.178782,0,0.000000,0.000000,0.000000,0.000000,1.000000,0.000000,1.000000,0.000000,0.070000,0.000000
1778942845.314721,0,0.000000,0.000000,0.000000,0.000000,1.000000,0.000000,0.000000,0.000000,0.070000,0.280000
1778942845.410283,0,0.000000,0.000000,0.000000,0.000000,1.000000,0.000000,0.150000,0.000000,0.070000,0.000000
1778942845.460975,0,0.000000,0.000000,0.000000,0.000000,1.000000,0.000000,1.000000,0.000000,0.070000,0.000000
1778942845.530163,0,0.000000,0.000000,0.000000,0.000000,0.470000,0.000000,1.000000,0.000000,0.070000,0.000000
1778942845.580856,0,0.000000,0.000000,0.000000,0.000000,1.000000,0.000000,0.910000,0.000000,0.070000,0.000000
1778942845.641707,0,0.000000,0.000000,0.000000,0.000000,1.000000,0.000000,1.000000,0.000000,0.070000,0.000000
1778942845.691563,0,0.000000,0.000000,0.000000,0.000000,1.000000,0.000000,0.280000,0.000000,0.150000,0.000000
1778942845.692075,0,0.000000,0.000000,0.000000,0.000000,1.000000,0.000000,0.810000,0.000000,0.070000,0.000000
1778942845.692647,0,0.000000,0.000000,0.000000,0.000000,1.000000,0.000000,0.660000,0.000000,0.070000,0.000000
1778942845.824581,0,0.000000,0.000000,0.000000,0.000000,0.230000,0.000000,1.000000,0.000000,0.070000,0.000000
1778942845.878890,0,0.000000,0.000000,0.000000,0.000000,1.000000,0.000000,1.000000,0.000000,0.070000,0.000000
1778942845.958236,0,0.000000,0.000000,0.000000,0.000000,1.000000,0.000000,1.000000,0.000000,0.070000,0.000000
1778942846.048947,0,0.000000,0.000000,0.000000,0.000000,1.000000,0.000000,1.000000,0.000000,0.070000,0.000000
1778942846.101176,0,0.000000,0.000000,0.000000,0.000000,1.000000,0.000000,0.600000,0.000000,0.070000,0.000000
1778942846.190587,0,0.000000,0.000000,0.000000,0.000000,1.000000,0.000000,1.000000,0.000000,0.070000,0.000000
1778942846.332734,0,0.000000,0.000000,0.000000,0.000000,1.000000,0.000000,1.000000,0.000000,0.000000,0.000000
1778942846.460633,0,0.000000,0.000000,0.000000,0.000000,0.810000,0.000000,1.000000,0.000000,0.070000,0.000000
1778942846.559412,0,0.000000,0.000000,0.000000,0.000000,1.000000,0.000000,1.000000,0.000000,0.210000,0.000000
1778942846.610449,0,0.000000,0.000000,0.000000,0.000000,0.430000,0.000000,1.000000,0.000000,0.070000,0.000000
1778942846.660306,0,0.000000,0.000000,0.000000,0.000000,1.000000,0.000000,1.000000,0.000000,0.070000,0.000000
1778942846.755461,0,0.000000,0.000000,0.000000,0.000000,1.000000,0.000000,1.000000,0.000000,0.070000,0.000000
1778942846.756755,0,0.000000,0.000000,0.000000,0.000000,1.000000,0.000000,1.000000,0.000000,0.070000,0.000000
1778942846.808135,0,0.000000,0.000000,0.000000,0.000000,1.000000,0.000000,0.830000,0.000000,0.000000,0.000000
1778942846.808653,0,0.000000,0.000000,0.000000,0.000000,1.000000,0.000000,0.340000,0.000000,0.070000,0.000000
1778942846.915122,0,0.000000,0.000000,0.000000,0.000000,0.400000,0.000000,1.000000,0.000000,0.070000,0.000000
1778942847.000221,0,0.000000,0.000000,0.000000,0.000000,1.000000,0.000000,1.000000,0.000000,0.070000,0.000000
1778942847.051675,0,0.000000,0.000000,0.000000,0.000000,0.200000,0.000000,1.000000,0.000000,0.070000,0.000000
1778942847.189349,0,0.000000,0.000000,0.000000,0.000000,1.000000,0.000000,1.000000,0.000000,0.150000,0.000000
1778942847.243699,0,0.000000,0.000000,0.000000,0.000000,0.200000,0.000000,1.000000,0.000000,0.070000,0.000000
1778942847.369120,0,0.000000,0.000000,0.000000,0.000000,1.000000,0.000000,1.000000,0.000000,0.070000,0.000000
1778942847.427908,0,0.000000,0.000000,0.000000,0.000000,1.000000,0.000000,0.770000,0.000000,0.070000,0.000000
1778942847.510970,0,0.000000,0.000000,0.000000,0.000000,1.000000,0.000000,1.000000,0.000000,0.070000,0.000000
1778942847.616737,0,0.000000,0.000000,0.000000,0.000000,1.000000,0.000000,0.460000,0.000000,0.070000,0.000000
1778942847.731313,0,0.000000,0.000000,0.000000,0.000000,1.000000,0.000000,0.920000,0.000000,0.070000,0.000000
1778942847.761108,0,0.000000,0.000000,0.000000,0.000000,1.000000,0.000000,0.380000,0.000000,0.150000,0.140000
1778942847.825667,0,0.000000,0.000000,0.000000,0.000000,1.000000,0.000000,1.000000,0.000000,0.150000,0.000000
1778942847.884720,0,0.000000,0.000000,0.000000,0.000000,1.000000,0.000000,0.150000,0.000000,0.070000,0.000000
1778942847.984484,0,0.000000,0.000000,0.000000,0.000000,1.000000,0.000000,1.000000,0.000000,0.070000,0.000000
1778942848.014048,0,0.000000,0.000000,0.000000,0.000000,1.000000,0.000000,1.000000,0.000000,0.150000,0.000000
1778942848.014586,0,0.000000,0.000000,0.000000,0.000000,1.000000,0.000000,1.000000,0.000000,0.150000,0.000000
1778942848.042714,0,0.000000,0.000000,0.000000,0.000000,1.000000,0.000000,0.250000,0.000000,0.150000,0.000000
1778942848.043236,0,0.000000,0.000000,0.000000,0.000000,1.000000,0.000000,1.000000,0.000000,0.070000,0.000000
1778942848.070510,0,0.000000,0.000000,0.000000,0.000000,0.730000,0.000000,1.000000,0.000000,0.150000,0.000000
1778942848.070997,0,0.000000,0.000000,0.000000,0.000000,1.000000,0.000000,1.000000,0.000000,0.150000,0.000000
1778942848.097845,0,0.000000,0.000000,0.000000,0.000000,0.120000,0.000000,1.000000,0.000000,0.150000,0.000000
1778942848.218300,0,0.000000,0.000000,0.000000,0.000000,0.810000,0.000000,0.000000,0.000000,0.070000,0.280000
1778942848.249683,0,0.000000,0.000000,0.000000,0.000000,1.000000,0.000000,0.330000,0.000000,0.070000,0.000000
1778942848.250223,0,0.000000,0.000000,0.000000,0.000000,1.000000,0.000000,0.660000,0.000000,0.070000,0.000000
1778942848.250628,0,0.000000,0.000000,0.000000,0.000000,1.000000,0.000000,1.000000,0.000000,0.070000,0.000000
1778942848.277526,0,0.000000,0.000000,0.000000,0.000000,1.000000,0.000000,1.000000,0.000000,0.070000,0.000000
1778942848.278024,0,0.000000,0.000000,0.000000,0.000000,1.000000,0.000000,0.700000,0.000000,0.070000,0.000000
1778942848.278442,0,0.000000,0.000000,0.000000,0.000000,1.000000,0.000000,1.000000,0.000000,0.070000,0.000000
1778942848.305915,0,0.000000,0.000000,0.000000,0.000000,1.000000,0.000000,1.000000,0.000000,0.070000,0.000000
1778942848.411782,0,0.000000,0.000000,0.000000,0.000000,1.000000,0.000000,1.000000,0.000000,0.070000,0.000000
1778942848.465819,0,0.000000,0.000000,0.000000,0.000000,1.000000,0.000000,1.000000,0.000000,0.000000,0.000000
1778942848.575809,0,0.000000,0.000000,0.000000,0.000000,1.000000,0.000000,0.140000,0.000000,0.070000,0.000000
1778942848.629681,0,0.000000,0.000000,0.000000,0.000000,0.070000,0.000000,0.340000,0.000000,0.070000,0.000000
1778942848.726673,0,0.000000,0.000000,0.000000,0.000000,0.920000,0.000000,1.000000,0.000000,0.070000,0.000000
1778942848.778703,0,0.000000,0.000000,0.000000,0.000000,1.000000,0.000000,0.300000,0.000000,0.150000,0.000000
1778942848.845085,0,0.000000,0.000000,0.000000,0.000000,1.000000,0.000000,0.630000,0.000000,0.070000,0.000000
1778942848.895354,0,0.000000,0.000000,0.000000,0.000000,1.000000,0.000000,0.050000,0.000000,0.070000,0.000000
1778942848.896027,0,0.000000,0.000000,0.000000,0.000000,0.280000,0.000000,0.380000,0.000000,0.070000,0.000000
1778942848.946973,0,0.000000,0.000000,0.000000,0.000000,1.000000,0.000000,0.370000,0.000000,0.070000,0.000000
1778942849.052781,0,0.000000,0.000000,0.000000,0.000000,1.000000,0.000000,0.700000,0.000000,0.070000,0.000000
1778942849.053992,0,0.000000,0.000000,0.000000,0.000000,1.000000,0.000000,0.230000,0.000000,0.070000,0.000000
1778942849.107080,0,0.000000,0.000000,0.000000,0.000000,1.000000,0.000000,0.440000,0.000000,0.070000,0.000000
1778942849.107598,0,0.000000,0.000000,0.000000,0.000000,1.000000,0.000000,0.810000,0.000000,0.070000,0.000000
1778942849.107994,0,0.000000,0.000000,0.000000,0.000000,1.000000,0.000000,1.000000,0.000000,0.070000,0.000000
1778942849.108371,0,0.000000,0.000000,0.000000,0.000000,1.000000,0.000000,1.000000,0.000000,0.070000,0.000000
1778942849.158531,0,0.000000,0.000000,0.000000,0.000000,1.000000,0.000000,1.000000,0.000000,0.070000,0.000000
1778942849.243443,0,0.000000,0.000000,0.000000,0.000000,1.000000,0.000000,1.000000,0.000000,0.070000,0.000000
1778942849.297062,0,0.000000,0.000000,0.000000,0.000000,1.000000,0.000000,1.000000,0.000000,0.070000,0.000000
1778942849.297634,0,0.000000,0.000000,0.000000,0.000000,1.000000,0.000000,0.050000,0.000000,0.070000,0.000000
1778942849.298041,0,0.000000,0.000000,0.000000,0.000000,1.000000,0.000000,0.050000,0.000000,0.070000,0.000000
1778942849.298427,0,0.000000,0.000000,0.000000,0.000000,1.000000,0.000000,0.570000,0.000000,0.070000,0.000000
1778942849.349437,0,0.000000,0.000000,0.000000,0.000000,1.000000,0.000000,0.020000,0.000000,0.070000,0.000000
1778942849.422343,0,0.000000,0.000000,0.000000,0.000000,1.000000,0.000000,0.250000,0.000000,0.070000,0.000000
1778942849.449658,0,0.000000,0.000000,0.000000,0.000000,1.000000,0.000000,0.100000,0.000000,0.070000,0.000000
1778942849.528520,0,0.000000,0.000000,0.000000,0.000000,1.000000,0.000000,0.370000,0.000000,0.070000,0.000000
1778942849.639759,0,0.000000,0.000000,0.000000,0.000000,1.000000,0.000000,0.630000,0.000000,0.070000,0.000000
1778942849.669428,0,0.000000,0.000000,0.000000,0.000000,1.000000,0.000000,1.000000,0.000000,0.070000,0.000000
1778942849.669953,0,0.000000,0.000000,0.000000,0.000000,1.000000,0.000000,1.000000,0.000000,0.070000,0.000000
1778942849.768647,0,0.000000,0.000000,0.000000,0.000000,1.000000,0.000000,1.000000,0.000000,0.070000,0.000000
1778942849.799468,0,0.000000,0.000000,0.000000,0.000000,1.000000,0.000000,1.000000,0.000000,0.070000,0.000000
1778942849.827312,0,0.000000,0.000000,0.000000,0.000000,1.000000,0.000000,1.000000,0.000000,0.070000,0.000000
1778942849.827802,0,0.000000,0.000000,0.000000,0.000000,1.000000,0.000000,1.000000,0.000000,0.070000,0.000000
1778942849.828188,0,0.000000,0.000000,0.000000,0.000000,1.000000,0.000000,0.180000,0.000000,0.000000,0.000000
1778942849.856104,0,0.000000,0.000000,0.000000,0.000000,1.000000,0.000000,0.740000,0.000000,0.070000,0.000000
1778942849.972859,0,0.000000,0.000000,0.000000,0.000000,1.000000,0.000000,1.000000,0.000000,0.070000,0.000000
1778942850.028770,0,0.000000,0.000000,0.000000,0.000000,1.000000,0.000000,1.000000,0.000000,0.150000,0.000000
1778942850.081152,0,0.000000,0.000000,0.000000,0.000000,1.000000,0.000000,1.000000,0.000000,0.000000,0.000000
1778942850.081825,0,0.000000,0.000000,0.000000,0.000000,1.000000,0.000000,1.000000,0.000000,0.070000,0.000000
1778942850.134660,0,0.000000,0.000000,0.000000,0.000000,1.000000,0.000000,1.000000,0.000000,0.070000,0.000000
1778942850.135209,0,0.000000,0.000000,0.000000,0.000000,1.000000,0.000000,1.000000,0.000000,0.070000,0.140000
1778942850.135628,0,0.000000,0.000000,0.000000,0.000000,0.750000,0.000000,1.000000,0.000000,0.070000,0.000000
1778942850.136257,0,0.000000,0.000000,0.000000,0.000000,1.000000,0.000000,1.000000,0.000000,0.210000,0.000000
1778942850.188526,0,0.000000,0.000000,0.000000,0.000000,1.000000,0.000000,1.000000,0.000000,0.070000,0.000000
1778942850.189201,0,0.000000,0.000000,0.000000,0.000000,1.000000,0.000000,1.000000,0.000000,0.070000,0.000000
1778942850.240842,0,0.000000,0.000000,0.000000,0.000000,1.000000,0.000000,0.200000,0.000000,0.150000,0.000000
1778942850.241546,0,0.000000,0.000000,0.000000,0.000000,1.000000,0.000000,0.430000,0.000000,0.150000,0.000000
1778942850.300715,0,0.000000,0.000000,0.000000,0.000000,1.000000,0.000000,0.680000,0.000000,0.070000,0.000000
1778942850.354142,0,0.000000,0.000000,0.000000,0.000000,0.560000,0.000000,0.770000,0.000000,0.070000,0.000000
1778942850.420077,0,0.000000,0.000000,0.000000,0.000000,0.170000,0.000000,1.000000,0.000000,0.070000,0.000000
1778942850.472883,0,0.000000,0.000000,0.000000,0.000000,0.630000,0.000000,1.000000,0.000000,0.150000,0.000000
1778942850.473589,0,0.000000,0.000000,0.000000,0.000000,1.000000,0.000000,0.000000,0.000000,0.070000,0.280000
1778942850.474199,0,0.000000,0.000000,0.000000,0.000000,1.000000,0.000000,0.380000,0.000000,0.070000,0.000000
1778942850.474630,0,0.000000,0.000000,0.000000,0.000000,1.000000,0.000000,0.890000,0.000000,0.070000,0.000000
1778942850.527321,0,0.000000,0.000000,0.000000,0.000000,0.970000,0.000000,1.000000,0.000000,0.070000,0.000000
1778942850.528043,0,0.000000,0.000000,0.000000,0.000000,1.000000,0.000000,1.000000,0.000000,0.150000,0.000000
1778942850.579550,0,0.000000,0.000000,0.000000,0.000000,1.000000,0.000000,1.000000,0.000000,0.150000,0.000000
1778942850.632589,0,0.000000,0.000000,0.000000,0.000000,1.000000,0.000000,1.000000,0.000000,0.210000,0.000000
1778942850.633088,0,0.000000,0.000000,0.000000,0.000000,1.000000,0.000000,1.000000,0.000000,0.150000,0.000000
1778942850.633475,0,0.000000,0.000000,0.000000,0.000000,0.050000,0.000000,1.000000,0.000000,0.150000,0.000000
1778942850.685383,0,0.000000,0.000000,0.000000,0.000000,1.000000,0.000000,1.000000,0.000000,0.150000,0.000000
1778942850.685915,0,0.000000,0.000000,0.000000,0.000000,1.000000,0.000000,1.000000,0.000000,0.070000,0.000000
1778942850.686504,0,0.000000,0.000000,0.000000,0.000000,1.000000,0.000000,1.000000,0.000000,0.070000,0.000000
1778942850.739609,0,0.000000,0.000000,0.000000,0.000000,1.000000,0.000000,1.000000,0.000000,0.070000,0.000000
1778942850.740140,0,0.000000,0.000000,0.000000,0.000000,1.000000,0.000000,1.000000,0.000000,0.070000,0.000000
1778942850.740562,0,0.000000,0.000000,0.000000,0.000000,1.000000,0.000000,0.120000,0.000000,0.070000,0.000000
1778942850.740958,0,0.000000,0.000000,0.000000,0.000000,1.000000,0.000000,0.500000,0.000000,0.070000,0.000000
1778942850.741444,0,0.000000,0.000000,0.000000,0.000000,0.000000,0.000000,0.830000,0.000000,0.300000,0.000000
1778942850.770132,0,0.000000,0.000000,0.000000,0.000000,0.460000,0.000000,0.120000,0.000000,0.070000,0.000000
1778942850.770816,0,0.000000,0.000000,0.000000,0.000000,0.910000,0.000000,0.440000,0.000000,0.070000,0.000000
1778942850.798857,0,0.000000,0.000000,0.000000,0.000000,1.000000,0.000000,0.770000,0.000000,0.070000,0.000000
1778942850.799381,0,0.000000,0.000000,0.000000,0.000000,1.000000,0.000000,1.000000,0.000000,0.070000,0.000000
1778942850.853340,0,0.000000,0.000000,0.000000,0.000000,1.000000,0.000000,1.000000,0.000000,0.070000,0.000000
1778942850.853838,0,0.000000,0.000000,0.000000,0.000000,1.000000,0.000000,1.000000,0.000000,0.070000,0.000000
1778942850.906050,0,0.000000,0.000000,0.000000,0.000000,1.000000,0.000000,1.000000,0.000000,0.150000,0.000000
1778942850.959861,0,0.000000,0.000000,0.000000,0.000000,1.000000,0.000000,1.000000,0.000000,0.070000,0.000000
1778942850.989300,0,0.000000,0.000000,0.000000,0.000000,0.200000,0.000000,1.000000,0.000000,0.070000,0.000000
1778942851.017358,0,0.000000,0.000000,0.000000,0.000000,0.630000,0.000000,1.000000,0.000000,0.000000,0.000000
1778942851.069555,0,0.000000,0.000000,0.000000,0.000000,1.000000,0.000000,1.000000,0.000000,0.150000,0.000000
1778942851.121797,0,0.000000,0.000000,0.000000,0.000000,1.000000,0.000000,1.000000,0.000000,0.150000,0.000000
1778942851.122310,0,0.000000,0.000000,0.000000,0.000000,1.000000,0.000000,1.000000,0.000000,0.070000,0.000000
1778942851.122708,0,0.000000,0.000000,0.000000,0.000000,1.000000,0.000000,1.000000,0.000000,0.210000,0.000000
1778942851.123247,0,0.000000,0.000000,0.000000,0.000000,1.000000,0.000000,1.000000,0.000000,0.150000,0.000000
1778942851.123648,0,0.000000,0.000000,0.000000,0.000000,1.000000,0.000000,0.180000,0.000000,0.070000,0.000000
1778942851.124026,0,0.000000,0.000000,0.000000,0.000000,1.000000,0.000000,0.540000,0.000000,0.070000,0.000000
1778942851.152224,0,0.000000,0.000000,0.000000,0.000000,1.000000,0.000000,0.880000,0.000000,0.150000,0.000000
1778942851.205714,0,0.000000,0.000000,0.000000,0.000000,1.000000,0.000000,1.000000,0.000000,0.070000,0.000000
1778942851.257459,0,0.000000,0.000000,0.000000,0.000000,1.000000,0.000000,1.000000,0.000000,0.070000,0.000000
1778942851.310387,0,0.000000,0.000000,0.000000,0.000000,1.000000,0.000000,1.000000,0.000000,0.150000,0.000000
1778942851.311387,0,0.000000,0.000000,0.000000,0.000000,0.170000,0.000000,1.000000,0.000000,0.070000,0.000000
1778942851.379960,0,0.000000,0.000000,0.000000,0.000000,0.570000,0.000000,1.000000,0.000000,0.070000,0.000000
1778942851.433926,0,0.000000,0.000000,0.000000,0.000000,1.000000,0.000000,1.000000,0.000000,0.070000,0.000000
