epoch,mark,Measured Torque (R),Desired Torque (R),Measured Torque (L),Desired Torque (L),Gait/100 (R),Toe FSR (R),Gait/100 (L),Toe FSR (L),Heel FSR (R),Heel FSR (L)
1777207686.672981,0,0.000000,0.300000,0.000000,237.920000,0.000000,0.000000,0.000000,-179.690000,0.000000,1.000000
1777207686.717776,0,0.000000,0.300000,0.000000,0.380000,0.000000,0.000000,0.000000,0.820000,0.000000,1.000000
1777207686.720160,0,0.000000,0.300000,0.000000,-0.180000,0.000000,0.000000,0.000000,0.740000,0.000000,0.000000
1777207686.720562,0,0.000000,0.300000,0.000000,0.000000,0.000000,0.000000,0.000000,0.490000,1.000000,0.000000
1777207686.766995,0,0.000000,0.300000,0.000000,-0.210000,0.000000,0.000000,0.000000,0.870000,0.000000,0.000000
1777207686.767496,0,0.000000,0.300000,0.000000,0.340000,0.000000,0.000000,0.000000,0.640000,0.500000,0.400000
1777207686.768414,0,0.000000,0.300000,0.000000,0.000000,0.000000,0.000000,0.000000,1.110000,0.000000,0.200000
1777207686.792456,0,0.000000,0.300000,0.000000,-0.150000,0.000000,0.000000,0.000000,0.640000,0.500000,0.000000
1777207686.817011,0,0.000000,0.300000,0.000000,-0.070000,0.000000,0.000000,0.000000,0.280000,1.000000,0.000000
1777207686.843965,0,0.000000,0.300000,0.000000,0.310000,0.000000,0.000000,0.000000,0.330000,0.000000,0.200000
1777207686.871166,0,0.000000,0.300000,0.000000,0.360000,0.000000,0.000000,0.000000,0.370000,0.500000,0.400000
1777207686.871609,0,0.000000,0.300000,0.000000,-0.090000,0.000000,0.000000,0.000000,0.370000,0.000000,0.000000
1777207686.899194,0,0.000000,0.300000,0.000000,0.310000,0.000000,0.000000,0.000000,0.230000,0.000000,0.200000
1777207686.899638,0,0.000000,0.300000,0.000000,-0.110000,0.000000,0.000000,0.000000,0.470000,0.000000,0.000000
1777207686.923266,0,0.000000,0.300000,0.000000,-0.050000,0.000000,0.000000,0.000000,0.270000,0.000000,0.000000
1777207686.923686,0,0.000000,0.300000,0.000000,-0.070000,0.000000,0.000000,0.000000,0.340000,0.330000,0.000000
1777207686.946111,0,0.000000,0.300000,0.000000,-0.090000,0.000000,0.000000,0.000000,0.370000,0.000000,0.000000
1777207686.969878,0,0.000000,0.300000,0.000000,0.360000,0.000000,0.000000,0.000000,0.270000,0.000000,0.400000
1777207686.994052,0,0.000000,0.300000,0.000000,0.000000,0.000000,0.000000,0.000000,0.300000,0.000000,0.000000
1777207686.994509,0,0.000000,0.300000,0.000000,-0.070000,0.000000,0.000000,0.000000,0.340000,0.000000,0.000000
1777207687.018619,0,0.000000,0.300000,0.000000,0.000000,0.000000,0.000000,0.000000,0.300000,0.660000,0.000000
1777207687.019045,0,0.000000,0.300000,0.000000,0.000000,0.000000,0.000000,0.000000,0.300000,0.000000,0.000000
1777207687.043484,0,0.000000,0.300000,0.000000,-0.050000,0.000000,0.000000,0.000000,0.230000,0.000000,0.000000
1777207687.043942,0,0.000000,0.300000,0.000000,-0.100000,0.000000,0.000000,0.000000,0.400000,0.000000,0.000000
1777207687.069507,0,0.000000,0.300000,0.000000,0.000000,0.000000,0.000000,0.000000,0.370000,0.000000,0.070000
1777207687.069959,0,0.000000,0.300000,0.000000,0.310000,0.000000,0.000000,0.000000,0.270000,0.660000,0.150000
1777207687.119226,0,0.000000,0.300000,0.000000,-0.050000,0.000000,0.000000,0.000000,0.270000,0.000000,0.000000
1777207687.119678,0,0.000000,0.300000,0.000000,0.000000,0.000000,0.000000,0.000000,0.370000,0.000000,0.070000
1777207687.120206,0,0.000000,0.300000,0.000000,0.310000,0.000000,0.000000,0.000000,0.340000,0.000000,0.230000
1777207687.120540,0,0.000000,0.300000,0.000000,0.000000,0.000000,0.000000,0.000000,0.340000,0.250000,0.000000
1777207687.160008,0,0.000000,0.300000,0.000000,0.000000,0.000000,0.000000,0.000000,0.340000,0.000000,0.000000
1777207687.160765,0,0.000000,0.300000,0.000000,-0.100000,0.000000,0.000000,0.000000,0.400000,0.000000,0.000000
1777207687.161132,0,0.000000,0.300000,0.000000,0.000000,0.000000,0.000000,0.000000,0.310000,0.500000,0.000000
1777207687.202727,0,0.000000,0.300000,0.000000,0.000000,0.000000,0.000000,0.000000,0.370000,0.000000,0.000000
1777207687.203197,0,0.000000,0.300000,0.000000,0.000000,0.000000,0.000000,0.000000,0.400000,0.000000,0.000000
1777207687.250211,0,0.000000,0.300000,0.000000,0.000000,0.000000,0.000000,0.000000,0.400000,0.000000,0.000000
1777207687.250659,0,0.000000,0.300000,0.000000,0.310000,0.000000,0.000000,0.000000,0.250000,0.000000,0.150000
1777207687.251164,0,0.000000,0.300000,0.000000,0.310000,0.000000,0.000000,0.000000,0.400000,0.250000,0.150000
1777207687.296566,0,0.000000,0.300000,0.000000,0.000000,0.000000,0.000000,0.000000,0.370000,0.000000,0.070000
1777207687.297013,0,0.000000,0.300000,0.000000,-0.100000,0.000000,0.000000,0.000000,0.430000,0.400000,0.000000
1777207687.297890,0,0.000000,0.300000,0.000000,0.000000,0.000000,0.000000,0.000000,0.310000,0.200000,0.070000
1777207687.341701,0,0.000000,0.300000,0.000000,0.000000,0.000000,0.000000,0.000000,0.430000,0.000000,0.000000
1777207687.342151,0,0.000000,0.300000,0.000000,0.000000,0.000000,0.000000,0.000000,0.370000,0.200000,0.070000
1777207687.342691,0,0.000000,0.300000,0.000000,0.000000,0.000000,0.000000,0.000000,0.340000,0.200000,0.070000
1777207687.343062,0,0.000000,0.300000,0.000000,-0.090000,0.000000,0.000000,0.000000,0.370000,0.000000,0.000000
1777207687.389925,0,0.000000,0.300000,0.000000,-0.020000,0.000000,0.000000,0.000000,0.430000,0.200000,0.070000
1777207687.391142,0,0.000000,0.300000,0.000000,0.310000,0.000000,0.000000,0.000000,0.310000,0.200000,0.150000
1777207687.438880,0,0.000000,0.300000,0.000000,0.000000,0.000000,0.000000,0.000000,0.370000,0.000000,0.020000
1777207687.439360,0,0.000000,0.300000,0.000000,0.300000,0.000000,0.000000,0.000000,0.370000,0.200000,0.100000
1777207687.439720,0,0.000000,0.300000,0.000000,-0.100000,0.000000,0.000000,0.000000,0.400000,0.400000,0.000000
1777207687.440684,0,0.000000,0.300000,0.000000,0.000000,0.000000,0.000000,0.000000,0.310000,0.200000,0.020000
1777207687.489331,0,0.000000,0.300000,0.000000,0.000000,0.000000,0.000000,0.000000,0.400000,0.200000,0.020000
1777207687.489776,0,0.000000,0.300000,0.000000,-0.090000,0.000000,0.000000,0.000000,0.370000,0.000000,0.000000
1777207687.490387,0,0.000000,0.300000,0.000000,-0.050000,0.000000,0.000000,0.000000,0.370000,0.000000,0.020000
1777207687.539217,0,0.000000,0.300000,0.000000,0.000000,0.000000,0.000000,0.000000,0.370000,0.000000,0.000000
1777207687.539661,0,0.000000,0.300000,0.000000,0.000000,0.000000,0.000000,0.000000,0.340000,0.000000,0.020000
1777207687.541190,0,0.000000,0.300000,0.000000,-0.070000,0.000000,0.000000,0.000000,0.340000,0.000000,0.000000
1777207687.581049,0,0.000000,0.300000,0.000000,0.000000,0.000000,0.000000,0.000000,0.310000,0.000000,0.020000
1777207687.581507,0,0.000000,0.300000,0.000000,0.000000,0.000000,0.000000,0.000000,0.340000,0.000000,0.000000
1777207687.624435,0,0.000000,0.300000,0.000000,-0.090000,0.000000,0.000000,0.000000,0.370000,0.000000,0.000000
1777207687.624967,0,0.000000,0.300000,0.000000,0.000000,0.000000,0.000000,0.000000,0.310000,0.200000,0.000000
1777207687.625599,0,0.000000,0.300000,0.000000,-0.100000,0.000000,0.000000,0.000000,0.400000,0.000000,0.000000
1777207687.625945,0,0.000000,0.300000,0.000000,0.000000,0.000000,0.000000,0.000000,0.370000,0.200000,0.050000
1777207687.648166,0,0.000000,0.300000,0.000000,-0.070000,0.000000,0.000000,0.000000,0.300000,0.000000,0.000000
1777207687.693494,0,0.000000,0.300000,0.000000,0.000000,0.000000,0.000000,0.000000,0.340000,0.000000,0.050000
1777207687.693961,0,0.000000,0.300000,0.000000,-0.070000,0.000000,0.000000,0.000000,0.340000,0.200000,0.000000
1777207687.694478,0,0.000000,0.300000,0.000000,0.000000,0.000000,0.000000,0.000000,0.340000,0.000000,0.020000
1777207687.694863,0,0.000000,0.300000,0.000000,0.000000,0.000000,0.000000,0.000000,0.310000,0.000000,0.020000
1777207687.738614,0,0.000000,0.300000,0.000000,0.000000,0.000000,0.000000,0.000000,0.340000,0.200000,0.000000
1777207687.739043,0,0.000000,0.300000,0.000000,-0.070000,0.000000,0.000000,0.000000,0.340000,0.000000,0.000000
1777207687.740037,0,0.000000,0.300000,0.000000,-0.070000,0.000000,0.000000,0.000000,0.340000,0.000000,0.000000
1777207687.782672,0,0.000000,0.300000,0.000000,0.000000,0.000000,0.000000,0.000000,0.340000,0.200000,0.050000
1777207687.783287,0,0.000000,0.300000,0.000000,-0.070000,0.000000,0.000000,0.000000,0.340000,0.000000,0.000000
1777207687.783840,0,0.000000,0.300000,0.000000,0.000000,0.000000,0.000000,0.000000,0.400000,0.000000,0.000000
1777207687.826830,0,0.000000,0.300000,0.000000,-0.090000,0.000000,0.000000,0.000000,0.370000,0.000000,0.000000
1777207687.827542,0,0.000000,0.300000,0.000000,0.000000,0.000000,0.000000,0.000000,0.370000,0.000000,0.020000
1777207687.852353,0,0.000000,0.300000,0.000000,0.000000,0.000000,0.000000,0.000000,0.340000,0.000000,0.000000
1777207687.876849,0,0.000000,0.300000,0.000000,0.000000,0.000000,0.000000,0.000000,0.370000,0.030000,0.050000
1777207687.901625,0,0.000000,0.300000,0.000000,-0.050000,0.000000,0.000000,0.000000,0.370000,0.030000,0.020000
1777207687.902077,0,0.000000,0.300000,0.000000,0.000000,0.000000,0.000000,0.000000,0.310000,0.000000,0.000000
1777207687.928513,0,0.000000,0.300000,0.000000,-0.090000,0.000000,0.000000,0.000000,0.370000,0.030000,0.000000
1777207687.954596,0,0.000000,0.300000,0.000000,-0.100000,0.000000,0.000000,0.000000,0.400000,0.000000,0.000000
1777207687.955063,0,0.000000,0.300000,0.000000,0.000000,0.000000,0.000000,0.000000,0.310000,0.000000,0.020000
1777207687.955401,0,0.000000,0.300000,0.000000,0.000000,0.000000,0.000000,0.000000,0.340000,0.030000,0.000000
1777207687.981465,0,0.000000,0.300000,0.000000,-0.090000,0.000000,0.000000,0.000000,0.370000,0.030000,0.000000
1777207688.007531,0,0.000000,0.300000,0.000000,0.000000,0.000000,0.000000,0.000000,0.120000,0.000000,0.000000
1777207688.007987,0,0.000000,0.300000,0.000000,0.000000,0.000000,0.000000,0.000000,0.310000,0.000000,0.020000
1777207688.033690,0,0.000000,0.300000,0.000000,-0.050000,0.000000,0.000000,0.000000,0.400000,0.030000,0.020000
1777207688.034192,0,0.000000,0.300000,0.000000,-0.030000,0.000000,0.000000,0.000000,0.310000,0.000000,0.020000
1777207688.059175,0,0.000000,0.300000,0.000000,0.000000,0.000000,0.000000,0.000000,0.340000,0.030000,0.000000
1777207688.059878,0,0.000000,0.300000,0.000000,-0.070000,0.000000,0.000000,0.000000,0.340000,0.030000,0.000000
1777207688.084918,0,0.000000,0.300000,0.000000,0.000000,0.000000,0.000000,0.000000,0.370000,0.000000,0.020000
1777207688.112794,0,0.000000,0.300000,0.000000,-0.100000,0.000000,0.000000,0.000000,0.410000,0.030000,0.000000
1777207688.113263,0,0.000000,0.300000,0.000000,0.000000,0.000000,0.000000,0.000000,0.340000,0.000000,0.000000
1777207688.138556,0,0.000000,0.300000,0.000000,-0.050000,0.000000,0.000000,0.000000,0.340000,0.000000,0.020000
1777207688.164122,0,0.000000,0.300000,0.000000,0.000000,0.000000,0.000000,0.000000,0.400000,0.030000,0.020000
1777207688.164591,0,0.000000,0.300000,0.000000,0.000000,0.000000,0.000000,0.000000,0.400000,0.030000,0.020000
1777207688.190905,0,0.000000,0.300000,0.000000,-0.090000,0.000000,0.000000,0.000000,0.370000,0.030000,0.000000
1777207688.191391,0,0.000000,0.300000,0.000000,0.000000,0.000000,0.000000,0.000000,0.310000,0.030000,0.000000
1777207688.219182,0,0.000000,0.300000,0.000000,0.000000,0.000000,0.000000,0.000000,0.310000,0.120000,0.000000
1777207688.219643,0,0.000000,0.300000,0.000000,0.000000,0.000000,0.000000,0.000000,0.270000,0.000000,0.000000
1777207688.250169,0,0.000000,0.300000,0.000000,0.310000,0.000000,0.000000,0.000000,0.370000,0.000000,0.150000
1777207688.250631,0,0.000000,0.300000,0.000000,0.310000,0.000000,0.000000,0.000000,0.370000,0.030000,0.150000
1777207688.278223,0,0.000000,0.300000,0.000000,0.300000,0.000000,0.000000,0.000000,0.250000,0.000000,0.050000
1777207688.304442,0,0.000000,0.300000,0.000000,0.000000,0.000000,0.000000,0.000000,0.340000,0.090000,0.020000
1777207688.304912,0,0.000000,0.300000,0.000000,-0.030000,0.000000,0.000000,0.000000,0.310000,0.030000,0.020000
1777207688.305258,0,0.000000,0.300000,0.000000,-0.100000,0.000000,0.000000,0.000000,0.410000,0.000000,0.000000
1777207688.333563,0,0.000000,0.300000,0.000000,0.000000,0.000000,0.000000,0.000000,0.250000,0.000000,0.000000
1777207688.334005,0,0.000000,0.300000,0.000000,-0.070000,0.000000,0.000000,0.000000,0.340000,0.000000,0.000000
1777207688.361650,0,0.000000,0.300000,0.000000,-0.070000,0.000000,0.000000,0.000000,0.340000,0.030000,0.000000
1777207688.362690,0,0.000000,0.300000,0.000000,0.000000,0.000000,0.000000,0.000000,0.310000,0.000000,0.050000
1777207688.389874,0,0.000000,0.300000,0.000000,0.000000,0.000000,0.000000,0.000000,0.370000,0.090000,0.050000
1777207688.418435,0,0.000000,0.300000,0.000000,-0.050000,0.000000,0.000000,0.000000,0.270000,0.030000,0.000000
1777207688.418912,0,0.000000,0.300000,0.000000,-0.090000,0.000000,0.000000,0.000000,0.370000,0.000000,0.000000
1777207688.447433,0,0.000000,0.300000,0.000000,-0.090000,0.000000,0.000000,0.000000,0.370000,0.000000,0.000000
1777207688.447892,0,0.000000,0.300000,0.000000,0.000000,0.000000,0.000000,0.000000,0.340000,0.000000,0.050000
1777207688.476276,0,0.000000,0.300000,0.000000,0.000000,0.000000,0.000000,0.000000,0.310000,0.000000,0.020000
1777207688.476821,0,0.000000,0.300000,0.000000,0.000000,0.000000,0.000000,0.000000,0.340000,0.000000,0.000000
1777207688.505294,0,0.000000,0.300000,0.000000,0.000000,0.000000,0.000000,0.000000,0.400000,0.000000,0.020000
1777207688.534402,0,0.000000,0.300000,0.000000,0.000000,0.000000,0.000000,0.000000,0.270000,0.000000,0.000000
1777207688.534867,0,0.000000,0.300000,0.000000,-0.100000,0.000000,0.000000,0.000000,0.400000,0.000000,0.000000
1777207688.535236,0,0.000000,0.300000,0.000000,0.310000,0.000000,0.000000,0.000000,0.000000,0.000000,0.100000
1777207688.564010,0,0.000000,0.300000,0.000000,-0.070000,0.000000,0.000000,0.000000,0.310000,0.030000,0.000000
1777207688.564488,0,0.000000,0.300000,0.000000,-0.070000,0.000000,0.000000,0.000000,0.300000,0.000000,0.000000
1777207688.592859,0,0.000000,0.300000,0.000000,0.000000,0.000000,0.000000,0.000000,0.340000,0.030000,0.050000
1777207688.621584,0,0.000000,0.300000,0.000000,0.300000,0.000000,0.000000,0.000000,0.010000,0.000000,0.020000
1777207688.622083,0,0.000000,0.300000,0.000000,-0.070000,0.000000,0.000000,0.000000,0.340000,0.030000,0.000000
1777207688.622448,0,0.000000,0.300000,0.000000,-0.100000,0.000000,0.000000,0.000000,0.400000,0.000000,0.000000
1777207688.652352,0,0.000000,0.300000,0.000000,0.000000,0.000000,0.000000,0.000000,0.250000,0.000000,0.020000
1777207688.681502,0,0.000000,0.300000,0.000000,0.000000,0.000000,0.000000,0.000000,0.310000,0.000000,0.020000
1777207688.682013,0,0.000000,0.300000,0.000000,-0.090000,0.000000,0.000000,0.000000,0.370000,0.030000,0.000000
1777207688.712376,0,0.000000,0.300000,0.000000,0.300000,0.000000,0.000000,0.000000,-0.030000,0.000000,0.020000
1777207688.712937,0,0.000000,0.300000,0.000000,0.000000,0.000000,0.000000,0.000000,0.340000,0.030000,0.020000
1777207688.744261,0,0.000000,0.300000,0.000000,0.000000,0.000000,0.000000,0.000000,0.310000,0.000000,0.000000
1777207688.744738,0,0.000000,0.300000,0.000000,-0.070000,0.000000,0.000000,0.000000,0.310000,0.000000,0.000000
1777207688.774782,0,0.000000,0.300000,0.000000,0.300000,0.000000,0.000000,0.000000,0.340000,0.000000,0.120000
1777207688.775250,0,0.000000,0.300000,0.000000,-0.070000,0.000000,0.000000,0.000000,0.340000,0.030000,0.000000
1777207688.806154,0,0.000000,0.300000,0.000000,0.000000,0.000000,0.000000,0.000000,0.340000,0.030000,0.050000
1777207688.806636,0,0.000000,0.300000,0.000000,-0.070000,0.000000,0.000000,0.000000,0.340000,0.030000,0.000000
1777207688.808199,0,0.000000,0.300000,0.000000,-0.050000,0.000000,0.000000,0.000000,0.510000,0.030000,0.050000
1777207688.831062,0,0.000000,0.300000,0.000000,0.000000,0.000000,0.000000,0.000000,0.300000,0.000000,0.020000
1777207688.855555,0,0.000000,0.300000,0.000000,-0.100000,0.000000,0.000000,0.000000,0.400000,0.030000,0.000000
1777207688.856037,0,0.000000,0.300000,0.000000,-0.070000,0.000000,0.000000,0.000000,0.340000,0.000000,0.000000
1777207688.880275,0,0.000000,0.300000,0.000000,0.300000,0.000000,0.000000,0.000000,0.460000,0.090000,0.150000
1777207688.880765,0,0.000000,0.300000,0.000000,0.000000,0.000000,0.000000,0.000000,0.310000,0.030000,0.050000
1777207688.905218,0,0.000000,0.300000,0.000000,-0.070000,0.000000,0.000000,0.000000,0.310000,0.360000,0.000000
1777207688.931113,0,0.000000,0.300000,0.000000,0.000000,0.000000,0.000000,0.000000,0.310000,0.000000,0.000000
1777207688.931663,0,0.000000,0.300000,0.000000,0.000000,0.000000,0.000000,0.000000,0.370000,0.000000,0.000000
1777207688.955527,0,0.000000,0.300000,0.000000,0.000000,0.000000,0.000000,0.000000,0.370000,0.030000,0.020000
1777207688.955991,0,0.000000,0.300000,0.000000,0.000000,0.000000,0.000000,0.000000,0.370000,0.000000,0.000000
1777207688.980110,0,0.000000,0.300000,0.000000,-0.030000,0.000000,0.000000,0.000000,0.310000,0.000000,0.020000
1777207688.981339,0,0.000000,0.300000,0.000000,0.000000,0.000000,0.000000,0.000000,0.370000,0.030000,0.050000
1777207689.004675,0,0.000000,0.300000,0.000000,-0.050000,0.000000,0.000000,0.000000,0.340000,0.000000,0.020000
1777207689.028978,0,0.000000,0.300000,0.000000,-0.070000,0.000000,0.000000,0.000000,0.340000,0.000000,0.000000
1777207689.053321,0,0.000000,0.300000,0.000000,0.000000,0.000000,0.000000,0.000000,0.270000,0.000000,0.020000
1777207689.053772,0,0.000000,0.300000,0.000000,-0.090000,0.000000,0.000000,0.000000,0.370000,0.030000,0.000000
1777207689.077938,0,0.000000,0.300000,0.000000,0.000000,0.000000,0.000000,0.000000,0.300000,0.000000,0.020000
1777207689.078415,0,0.000000,0.300000,0.000000,0.000000,0.000000,0.000000,0.000000,0.310000,0.030000,0.020000
1777207689.102809,0,0.000000,0.300000,0.000000,0.000000,0.000000,0.000000,0.000000,0.300000,0.000000,0.050000
1777207689.103354,0,0.000000,0.300000,0.000000,0.000000,0.000000,0.000000,0.000000,0.340000,0.000000,0.020000
1777207689.127676,0,0.000000,0.300000,0.000000,-0.090000,0.000000,0.000000,0.000000,0.370000,0.000000,0.000000
1777207689.151512,0,0.000000,0.300000,0.000000,0.310000,0.000000,0.000000,0.000000,0.340000,0.000000,0.150000
1777207689.174635,0,0.000000,0.300000,0.000000,0.000000,0.000000,0.000000,0.000000,0.340000,0.000000,0.020000
1777207689.175128,0,0.000000,0.300000,0.000000,-0.050000,0.000000,0.000000,0.000000,0.270000,0.000000,0.000000
1777207689.176325,0,0.000000,0.300000,0.000000,-0.090000,0.000000,0.000000,0.000000,0.370000,0.000000,0.000000
1777207689.201821,0,0.000000,0.300000,0.000000,0.000000,0.000000,0.000000,0.000000,0.340000,0.090000,0.020000
1777207689.237290,0,0.000000,0.300000,0.000000,-0.070000,0.000000,0.000000,0.000000,0.340000,0.030000,0.000000
1777207689.237874,0,0.000000,0.300000,0.000000,0.000000,0.000000,0.000000,0.000000,0.340000,0.000000,0.000000
1777207689.261947,0,0.000000,0.300000,0.000000,-0.070000,0.000000,0.000000,0.000000,0.310000,0.000000,0.000000
1777207689.288567,0,0.000000,0.300000,0.000000,0.330000,0.000000,0.000000,0.000000,0.310000,0.030000,0.250000
1777207689.289249,0,0.000000,0.300000,0.000000,0.000000,0.000000,0.000000,0.000000,0.370000,0.000000,0.000000
1777207689.312937,0,0.000000,0.300000,0.000000,0.000000,0.000000,0.000000,0.000000,0.270000,0.030000,0.000000
1777207689.313392,0,0.000000,0.300000,0.000000,0.000000,0.000000,0.000000,0.000000,0.270000,0.000000,0.000000
1777207689.313830,0,0.000000,0.300000,0.000000,-0.090000,0.000000,0.000000,0.000000,0.370000,0.000000,0.000000
1777207689.358649,0,0.000000,0.300000,0.000000,-0.100000,0.000000,0.000000,0.000000,0.410000,0.000000,0.000000
1777207689.359141,0,0.000000,0.300000,0.000000,0.000000,0.000000,0.000000,0.000000,0.300000,0.030000,0.020000
1777207689.359513,0,0.000000,0.300000,0.000000,-0.070000,0.000000,0.000000,0.000000,0.340000,0.000000,0.000000
1777207689.360789,0,0.000000,0.300000,0.000000,0.000000,0.000000,0.000000,0.000000,0.300000,0.000000,0.020000
1777207689.403733,0,0.000000,0.300000,0.000000,-0.050000,0.000000,0.000000,0.000000,0.270000,0.030000,0.000000
1777207689.404694,0,0.000000,0.300000,0.000000,-0.070000,0.000000,0.000000,0.000000,0.340000,0.000000,0.000000
1777207689.405094,0,0.000000,0.300000,0.000000,-0.090000,0.000000,0.000000,0.000000,0.370000,0.000000,0.000000
1777207689.448166,0,0.000000,0.300000,0.000000,-0.070000,0.000000,0.000000,0.000000,0.340000,0.030000,0.000000
1777207689.449910,0,0.000000,0.300000,0.000000,0.000000,0.000000,0.000000,0.000000,0.300000,0.000000,0.020000
1777207689.450314,0,0.000000,0.300000,0.000000,-0.070000,0.000000,0.000000,0.000000,0.300000,0.000000,0.000000
1777207689.493616,0,0.000000,0.300000,0.000000,0.000000,0.000000,0.000000,0.000000,0.250000,0.210000,0.000000
1777207689.494500,0,0.000000,0.300000,0.000000,0.000000,0.000000,0.000000,0.000000,0.250000,0.030000,0.020000
1777207689.538754,0,0.000000,0.300000,0.000000,0.000000,0.000000,0.000000,0.000000,0.340000,0.000000,0.020000
1777207689.539234,0,0.000000,0.300000,0.000000,0.000000,0.000000,0.000000,0.000000,0.400000,0.000000,0.020000
1777207689.540838,0,0.000000,0.300000,0.000000,-0.090000,0.000000,0.000000,0.000000,0.370000,0.030000,0.000000
1777207689.541292,0,0.000000,0.300000,0.000000,0.000000,0.000000,0.000000,0.000000,0.270000,0.000000,0.020000
1777207689.584426,0,0.000000,0.300000,0.000000,-0.100000,0.000000,0.000000,0.000000,0.440000,0.000000,0.000000
1777207689.585303,0,0.000000,0.300000,0.000000,-0.070000,0.000000,0.000000,0.000000,0.310000,0.000000,0.000000
1777207689.631529,0,0.000000,0.300000,0.000000,0.000000,0.000000,0.000000,0.000000,0.310000,0.090000,0.050000
1777207689.632039,0,0.000000,0.300000,0.000000,-0.070000,0.000000,0.000000,0.000000,0.300000,0.090000,0.000000
1777207689.632540,0,0.000000,0.300000,0.000000,0.000000,0.000000,0.000000,0.000000,0.340000,0.000000,0.020000
1777207689.633108,0,0.000000,0.300000,0.000000,-0.070000,0.000000,0.000000,0.000000,0.300000,0.000000,0.000000
1777207689.677100,0,0.000000,0.300000,0.000000,-0.050000,0.000000,0.000000,0.000000,0.250000,0.030000,0.000000
1777207689.677998,0,0.000000,0.300000,0.000000,-0.070000,0.000000,0.000000,0.000000,0.340000,0.000000,0.000000
1777207689.678396,0,0.000000,0.300000,0.000000,-0.020000,0.000000,0.000000,0.000000,0.270000,0.000000,0.020000
1777207689.721548,0,0.000000,0.300000,0.000000,0.000000,0.000000,0.000000,0.000000,0.340000,0.000000,0.020000
1777207689.722373,0,0.000000,0.300000,0.000000,0.000000,0.000000,0.000000,0.000000,0.360000,0.000000,0.020000
1777207689.748399,0,0.000000,0.300000,0.000000,-0.090000,0.000000,0.000000,0.000000,0.370000,0.030000,0.000000
1777207689.772942,0,0.000000,0.300000,0.000000,0.000000,0.000000,0.000000,0.000000,0.280000,0.090000,0.000000
1777207689.798373,0,0.000000,0.300000,0.000000,-0.070000,0.000000,0.000000,0.000000,0.340000,0.030000,0.000000
1777207689.798834,0,0.000000,0.300000,0.000000,0.000000,0.000000,0.000000,0.000000,0.340000,0.000000,0.020000
1777207689.822839,0,0.000000,0.300000,0.000000,-0.090000,0.000000,0.000000,0.000000,0.360000,0.000000,0.000000
1777207689.823310,0,0.000000,0.300000,0.000000,0.310000,0.000000,0.000000,0.000000,0.310000,0.000000,0.200000
1777207689.848801,0,0.000000,0.300000,0.000000,0.000000,0.000000,0.000000,0.000000,0.280000,0.000000,0.000000
1777207689.873436,0,0.000000,0.300000,0.000000,-0.050000,0.000000,0.000000,0.000000,0.360000,0.000000,0.020000
1777207689.874347,0,0.000000,0.300000,0.000000,0.000000,0.000000,0.000000,0.000000,0.400000,0.090000,0.050000
1777207689.898586,0,0.000000,0.300000,0.000000,0.000000,0.000000,0.000000,0.000000,0.360000,0.030000,0.020000
1777207689.899185,0,0.000000,0.300000,0.000000,-0.050000,0.000000,0.000000,0.000000,0.360000,0.000000,0.020000
1777207689.925168,0,0.000000,0.300000,0.000000,-0.070000,0.000000,0.000000,0.000000,0.310000,0.030000,0.000000
1777207689.950450,0,0.000000,0.300000,0.000000,-0.090000,0.000000,0.000000,0.000000,0.360000,0.000000,0.000000
1777207689.950925,0,0.000000,0.300000,0.000000,0.000000,0.000000,0.000000,0.000000,0.370000,0.000000,0.000000
1777207689.977085,0,0.000000,0.300000,0.000000,0.000000,0.000000,0.000000,0.000000,0.340000,0.000000,0.000000
1777207690.003236,0,0.000000,0.300000,0.000000,0.000000,0.000000,0.000000,0.000000,0.210000,0.000000,0.000000
1777207690.003720,0,0.000000,0.300000,0.000000,0.000000,0.000000,0.000000,0.000000,0.360000,0.090000,0.020000
1777207690.004258,0,0.000000,0.300000,0.000000,0.000000,0.000000,0.000000,0.000000,0.280000,0.090000,0.000000
1777207690.031075,0,0.000000,0.300000,0.000000,0.000000,0.000000,0.000000,0.000000,0.340000,0.030000,0.020000
1777207690.056328,0,0.000000,0.300000,0.000000,0.000000,0.000000,0.000000,0.000000,0.340000,0.030000,0.000000
1777207690.081815,0,0.000000,0.300000,0.000000,0.000000,0.000000,0.000000,0.000000,0.310000,0.030000,0.050000
1777207690.082320,0,0.000000,0.300000,0.000000,0.310000,0.000000,0.000000,0.000000,0.280000,0.000000,0.150000
1777207690.107444,0,0.000000,0.300000,0.000000,0.310000,0.000000,0.000000,0.000000,0.340000,0.030000,0.150000
1777207690.107917,0,0.000000,0.300000,0.000000,0.000000,0.000000,0.000000,0.000000,0.340000,0.000000,0.000000
1777207690.132382,0,0.000000,0.300000,0.000000,-0.070000,0.000000,0.000000,0.000000,0.340000,0.030000,0.000000
1777207690.132895,0,0.000000,0.300000,0.000000,0.000000,0.000000,0.000000,0.000000,0.280000,0.000000,0.000000
1777207690.158518,0,0.000000,0.300000,0.000000,0.000000,0.000000,0.000000,0.000000,0.250000,0.030000,0.000000
1777207690.184029,0,0.000000,0.300000,0.000000,-0.090000,0.000000,0.000000,0.000000,0.370000,0.030000,0.000000
1777207690.184543,0,0.000000,0.300000,0.000000,0.300000,0.000000,0.000000,0.000000,0.360000,0.000000,0.120000
1777207690.210857,0,0.000000,0.300000,0.000000,0.000000,0.000000,0.000000,0.000000,0.280000,0.000000,0.000000
1777207690.211329,0,0.000000,0.300000,0.000000,-0.100000,0.000000,0.000000,0.000000,0.400000,0.030000,0.000000
1777207690.237395,0,0.000000,0.300000,0.000000,0.000000,0.000000,0.000000,0.000000,0.250000,0.000000,0.000000
1777207690.237921,0,0.000000,0.300000,0.000000,-0.070000,0.000000,0.000000,0.000000,0.340000,0.000000,0.000000
1777207690.264027,0,0.000000,0.300000,0.000000,0.000000,0.000000,0.000000,0.000000,0.340000,0.030000,0.020000
1777207690.292785,0,0.000000,0.300000,0.000000,0.400000,0.000000,0.000000,0.000000,0.360000,0.030000,0.600000
1777207690.293284,0,0.000000,0.300000,0.000000,-0.090000,0.000000,0.000000,0.000000,0.360000,0.000000,0.000000
1777207690.319405,0,0.000000,0.300000,0.000000,0.310000,0.000000,0.000000,0.000000,0.340000,0.030000,0.200000
1777207690.319886,0,0.000000,0.300000,0.000000,0.310000,0.000000,0.000000,0.000000,0.310000,0.030000,0.120000
1777207690.346100,0,0.000000,0.300000,0.000000,-0.070000,0.000000,0.000000,0.000000,0.340000,0.030000,0.000000
1777207690.346583,0,0.000000,0.300000,0.000000,0.000000,0.000000,0.000000,0.000000,0.310000,0.120000,0.020000
1777207690.373274,0,0.000000,0.300000,0.000000,0.000000,0.000000,0.000000,0.000000,0.370000,0.000000,0.000000
1777207690.373763,0,0.000000,0.300000,0.000000,0.000000,0.000000,0.000000,0.000000,0.340000,0.030000,0.020000
1777207690.400130,0,0.000000,0.300000,0.000000,0.000000,0.000000,0.000000,0.000000,0.340000,0.000000,0.000000
1777207690.402133,0,0.000000,0.300000,0.000000,-0.090000,0.000000,0.000000,0.000000,0.360000,0.000000,0.000000
1777207690.428881,0,0.000000,0.300000,0.000000,0.000000,0.000000,0.000000,0.000000,0.340000,0.000000,0.000000
1777207690.456624,0,0.000000,0.300000,0.000000,0.000000,0.000000,0.000000,0.000000,0.340000,0.030000,0.020000
1777207690.457112,0,0.000000,0.300000,0.000000,0.000000,0.000000,0.000000,0.000000,0.340000,0.030000,0.000000
1777207690.484142,0,0.000000,0.300000,0.000000,0.000000,0.000000,0.000000,0.000000,0.280000,0.030000,0.020000
1777207690.484647,0,0.000000,0.300000,0.000000,0.000000,0.000000,0.000000,0.000000,0.360000,0.000000,0.020000
1777207690.511865,0,0.000000,0.300000,0.000000,-0.150000,0.000000,0.000000,0.000000,0.610000,0.030000,0.000000
1777207690.512581,0,0.000000,0.300000,0.000000,-0.090000,0.000000,0.000000,0.000000,0.360000,0.030000,0.000000
1777207690.541040,0,0.000000,0.300000,0.000000,0.000000,0.000000,0.000000,0.000000,0.340000,0.030000,0.000000
1777207690.541665,0,0.000000,0.300000,0.000000,0.000000,0.000000,0.000000,0.000000,0.310000,0.000000,0.000000
1777207690.568324,0,0.000000,0.300000,0.000000,-0.070000,0.000000,0.000000,0.000000,0.280000,0.000000,0.000000
1777207690.568928,0,0.000000,0.300000,0.000000,-0.030000,0.000000,0.000000,0.000000,0.310000,0.030000,0.020000
1777207690.596653,0,0.000000,0.300000,0.000000,-0.100000,0.000000,0.000000,0.000000,0.400000,0.000000,0.000000
1777207690.597523,0,0.000000,0.300000,0.000000,-0.070000,0.000000,0.000000,0.000000,0.310000,0.000000,0.000000
1777207690.647143,0,0.000000,0.300000,0.000000,-0.070000,0.000000,0.000000,0.000000,0.280000,0.090000,0.000000
1777207690.647651,0,0.000000,0.300000,0.000000,-0.090000,0.000000,0.000000,0.000000,0.370000,0.030000,0.000000
1777207690.648036,0,0.000000,0.300000,0.000000,0.000000,0.000000,0.000000,0.000000,0.340000,0.000000,0.000000
1777207690.649673,0,0.000000,0.300000,0.000000,-0.090000,0.000000,0.000000,0.000000,0.370000,0.000000,0.000000
1777207690.699611,0,0.000000,0.300000,0.000000,0.000000,0.000000,0.000000,0.000000,0.360000,0.030000,0.000000
1777207690.701540,0,0.000000,0.300000,0.000000,-0.090000,0.000000,0.000000,0.000000,0.370000,0.000000,0.000000
1777207690.702021,0,0.000000,0.300000,0.000000,-0.090000,0.000000,0.000000,0.000000,0.370000,0.030000,0.000000
1777207690.702409,0,0.000000,0.300000,0.000000,-0.100000,0.000000,0.000000,0.000000,0.400000,0.000000,0.000000
1777207690.751930,0,0.000000,0.300000,0.000000,0.000000,0.000000,0.000000,0.000000,0.360000,0.000000,0.020000
1777207690.752714,0,0.000000,0.300000,0.000000,0.000000,0.000000,0.000000,0.000000,0.310000,0.030000,0.020000
1777207690.753149,0,0.000000,0.300000,0.000000,-0.070000,0.000000,0.000000,0.000000,0.340000,0.000000,0.000000
1777207690.803339,0,0.000000,0.300000,0.000000,-0.070000,0.000000,0.000000,0.000000,0.430000,0.000000,0.020000
1777207690.804999,0,0.000000,0.300000,0.000000,0.000000,0.000000,0.000000,0.000000,0.360000,0.000000,0.000000
1777207690.855058,0,0.000000,0.300000,0.000000,-0.090000,0.000000,0.000000,0.000000,0.360000,0.000000,0.000000
1777207690.855693,0,0.000000,0.300000,0.000000,-0.090000,0.000000,0.000000,0.000000,0.370000,0.000000,0.000000
1777207690.856351,0,0.000000,0.300000,0.000000,-0.050000,0.000000,0.000000,0.000000,0.370000,0.030000,0.020000
1777207690.883713,0,0.000000,0.300000,0.000000,-0.050000,0.000000,0.000000,0.000000,0.340000,0.000000,0.020000
1777207690.884232,0,0.000000,0.300000,0.000000,-0.050000,0.000000,0.000000,0.000000,0.360000,0.000000,0.020000
1777207690.913059,0,0.000000,0.300000,0.000000,0.000000,0.000000,0.000000,0.000000,0.280000,0.000000,0.000000
1777207690.913552,0,0.000000,0.300000,0.000000,-0.090000,0.000000,0.000000,0.000000,0.370000,0.000000,0.000000
1777207690.936648,0,0.000000,0.300000,0.000000,-0.050000,0.000000,0.000000,0.000000,0.360000,0.090000,0.020000
1777207690.938559,0,0.000000,0.300000,0.000000,0.000000,0.000000,0.000000,0.000000,0.340000,0.000000,0.020000
1777207690.962579,0,0.000000,0.300000,0.000000,0.000000,0.000000,0.000000,0.000000,0.370000,0.000000,0.020000
1777207690.965180,0,0.000000,0.300000,0.000000,-0.100000,0.000000,0.000000,0.000000,0.400000,0.030000,0.000000
1777207690.988977,0,0.000000,0.300000,0.000000,-0.050000,0.000000,0.000000,0.000000,0.360000,0.000000,0.020000
1777207691.011795,0,0.000000,0.300000,0.000000,-0.090000,0.000000,0.000000,0.000000,0.370000,0.000000,0.000000
1777207691.012299,0,0.000000,0.300000,0.000000,0.000000,0.000000,0.000000,0.000000,0.310000,0.030000,0.020000
1777207691.035516,0,0.000000,0.300000,0.000000,-0.090000,0.000000,0.000000,0.000000,0.370000,0.000000,0.000000
1777207691.058330,0,0.000000,0.300000,0.000000,-0.070000,0.000000,0.000000,0.000000,0.340000,0.090000,0.000000
1777207691.058949,0,0.000000,0.300000,0.000000,0.000000,0.000000,0.000000,0.000000,0.360000,0.000000,0.000000
1777207691.081570,0,0.000000,0.300000,0.000000,0.000000,0.000000,0.000000,0.000000,0.310000,0.000000,0.000000
1777207691.082336,0,0.000000,0.300000,0.000000,-0.100000,0.000000,0.000000,0.000000,0.400000,0.000000,0.000000
1777207691.107669,0,0.000000,0.300000,0.000000,-0.090000,0.000000,0.000000,0.000000,0.370000,0.000000,0.000000
1777207691.131001,0,0.000000,0.300000,0.000000,-0.070000,0.000000,0.000000,0.000000,0.310000,0.000000,0.000000
1777207691.154928,0,0.000000,0.300000,0.000000,-0.090000,0.000000,0.000000,0.000000,0.360000,0.030000,0.000000
1777207691.155562,0,0.000000,0.300000,0.000000,0.370000,0.000000,0.000000,0.000000,0.310000,0.000000,0.460000
1777207691.180296,0,0.000000,0.300000,0.000000,-0.070000,0.000000,0.000000,0.000000,0.340000,0.000000,0.000000
1777207691.203637,0,0.000000,0.300000,0.000000,-0.090000,0.000000,0.000000,0.000000,0.370000,0.030000,0.000000
1777207691.228297,0,0.000000,0.300000,0.000000,0.000000,0.000000,0.000000,0.000000,0.360000,0.000000,0.020000
1777207691.228795,0,0.000000,0.300000,0.000000,-0.100000,0.000000,0.000000,0.000000,0.430000,0.000000,0.000000
1777207691.254209,0,0.000000,0.300000,0.000000,0.000000,0.000000,0.000000,0.000000,0.340000,0.030000,0.000000
1777207691.254718,0,0.000000,0.300000,0.000000,0.000000,0.000000,0.000000,0.000000,0.370000,0.030000,0.020000
1777207691.279706,0,0.000000,0.300000,0.000000,-0.070000,0.000000,0.000000,0.000000,0.340000,0.000000,0.000000
1777207691.280197,0,0.000000,0.300000,0.000000,-0.070000,0.000000,0.000000,0.000000,0.340000,0.000000,0.000000
1777207691.307331,0,0.000000,0.300000,0.000000,-0.090000,0.000000,0.000000,0.000000,0.370000,0.000000,0.000000
1777207691.307886,0,0.000000,0.300000,0.000000,0.000000,0.000000,0.000000,0.000000,0.340000,0.030000,0.020000
1777207691.333994,0,0.000000,0.300000,0.000000,-0.010000,0.000000,0.000000,0.000000,0.360000,0.000000,0.050000
1777207691.335044,0,0.000000,0.300000,0.000000,-0.090000,0.000000,0.000000,0.000000,0.370000,0.000000,0.000000
1777207691.362072,0,0.000000,0.300000,0.000000,0.000000,0.000000,0.000000,0.000000,0.360000,0.090000,0.000000
1777207691.387713,0,0.000000,0.300000,0.000000,-0.090000,0.000000,0.000000,0.000000,0.360000,0.000000,0.000000
1777207691.388290,0,0.000000,0.300000,0.000000,-0.090000,0.000000,0.000000,0.000000,0.370000,0.000000,0.000000
1777207691.412997,0,0.000000,0.300000,0.000000,-0.030000,0.000000,0.000000,0.000000,0.310000,0.000000,0.020000
1777207691.413484,0,0.000000,0.300000,0.000000,-0.070000,0.000000,0.000000,0.000000,0.340000,0.030000,0.000000
1777207691.438490,0,0.000000,0.300000,0.000000,-0.090000,0.000000,0.000000,0.000000,0.360000,0.000000,0.000000
1777207691.438975,0,0.000000,0.300000,0.000000,0.000000,0.000000,0.000000,0.000000,0.280000,0.030000,0.000000
1777207691.464376,0,0.000000,0.300000,0.000000,0.000000,0.000000,0.000000,0.000000,0.310000,0.000000,0.020000
1777207691.488897,0,0.000000,0.300000,0.000000,0.000000,0.000000,0.000000,0.000000,0.340000,0.000000,0.000000
1777207691.514046,0,0.000000,0.300000,0.000000,0.000000,0.000000,0.000000,0.000000,0.270000,0.000000,0.020000
1777207691.539327,0,0.000000,0.300000,0.000000,0.000000,0.000000,0.000000,0.000000,0.340000,0.030000,0.020000
1777207691.539863,0,0.000000,0.300000,0.000000,0.000000,0.000000,0.000000,0.000000,0.310000,0.000000,0.000000
1777207691.540298,0,0.000000,0.300000,0.000000,-0.070000,0.000000,0.000000,0.000000,0.310000,0.000000,0.000000
1777207691.565816,0,0.000000,0.300000,0.000000,-0.050000,0.000000,0.000000,0.000000,0.340000,0.030000,0.020000
1777207691.566307,0,0.000000,0.300000,0.000000,-0.070000,0.000000,0.000000,0.000000,0.340000,0.000000,0.000000
1777207691.590474,0,0.000000,0.300000,0.000000,0.000000,0.000000,0.000000,0.000000,0.270000,0.000000,0.020000
1777207691.591483,0,0.000000,0.300000,0.000000,-0.050000,0.000000,0.000000,0.000000,0.340000,0.030000,0.020000
1777207691.615783,0,0.000000,0.300000,0.000000,-0.050000,0.000000,0.000000,0.000000,0.340000,0.000000,0.020000
1777207691.641255,0,0.000000,0.300000,0.000000,-0.090000,0.000000,0.000000,0.000000,0.380000,0.000000,0.000000
1777207691.641760,0,0.000000,0.300000,0.000000,0.000000,0.000000,0.000000,0.000000,0.280000,0.000000,0.000000
1777207691.666213,0,0.000000,0.300000,0.000000,0.000000,0.000000,0.000000,0.000000,0.310000,0.000000,0.020000
1777207691.690406,0,0.000000,0.300000,0.000000,0.000000,0.000000,0.000000,0.000000,0.340000,0.000000,0.000000
1777207691.690920,0,0.000000,0.300000,0.000000,0.000000,0.000000,0.000000,0.000000,0.340000,0.000000,0.000000
1777207691.714841,0,0.000000,0.300000,0.000000,0.000000,0.000000,0.000000,0.000000,0.280000,0.000000,0.000000
1777207691.715342,0,0.000000,0.300000,0.000000,0.000000,0.000000,0.000000,0.000000,0.340000,0.000000,0.000000
1777207691.739906,0,0.000000,0.300000,0.000000,-0.070000,0.000000,0.000000,0.000000,0.340000,0.000000,0.000000
1777207691.764525,0,0.000000,0.300000,0.000000,-0.090000,0.000000,0.000000,0.000000,0.360000,0.030000,0.000000
1777207691.765187,0,0.000000,0.300000,0.000000,-0.090000,0.000000,0.000000,0.000000,0.360000,0.030000,0.000000
1777207691.789965,0,0.000000,0.300000,0.000000,-0.070000,0.000000,0.000000,0.000000,0.340000,0.030000,0.000000
1777207691.815508,0,0.000000,0.300000,0.000000,-0.090000,0.000000,0.000000,0.000000,0.360000,0.000000,0.000000
1777207691.816057,0,0.000000,0.300000,0.000000,-0.090000,0.000000,0.000000,0.000000,0.360000,0.000000,0.000000
1777207691.840855,0,0.000000,0.300000,0.000000,-0.070000,0.000000,0.000000,0.000000,0.280000,0.030000,0.000000
1777207691.841346,0,0.000000,0.300000,0.000000,0.000000,0.000000,0.000000,0.000000,0.340000,0.000000,0.000000
1777207691.865570,0,0.000000,0.300000,0.000000,-0.090000,0.000000,0.000000,0.000000,0.360000,0.000000,0.000000
1777207691.890935,0,0.000000,0.300000,0.000000,0.000000,0.000000,0.000000,0.000000,0.380000,0.000000,0.050000
1777207691.914926,0,0.000000,0.300000,0.000000,-0.090000,0.000000,0.000000,0.000000,0.360000,0.000000,0.000000
1777207691.915409,0,0.000000,0.300000,0.000000,0.000000,0.000000,0.000000,0.000000,0.270000,0.000000,0.000000
1777207691.916089,0,0.000000,0.300000,0.000000,0.000000,0.000000,0.000000,0.000000,0.270000,0.030000,0.020000
1777207691.941198,0,0.000000,0.300000,0.000000,-0.070000,0.000000,0.000000,0.000000,0.280000,0.030000,0.000000
1777207691.966024,0,0.000000,0.300000,0.000000,-0.090000,0.000000,0.000000,0.000000,0.360000,0.000000,0.000000
1777207691.966520,0,0.000000,0.300000,0.000000,0.000000,0.000000,0.000000,0.000000,0.340000,0.000000,0.000000
1777207691.991617,0,0.000000,0.300000,0.000000,-0.090000,0.000000,0.000000,0.000000,0.380000,0.000000,0.000000
1777207692.015798,0,0.000000,0.300000,0.000000,0.000000,0.000000,0.000000,0.000000,0.360000,0.000000,0.000000
1777207692.016288,0,0.000000,0.300000,0.000000,-0.090000,0.000000,0.000000,0.000000,0.360000,0.030000,0.000000
1777207692.040028,0,0.000000,0.300000,0.000000,-0.090000,0.000000,0.000000,0.000000,0.380000,0.000000,0.000000
1777207692.040533,0,0.000000,0.300000,0.000000,-0.090000,0.000000,0.000000,0.000000,0.380000,0.030000,0.000000
1777207692.065948,0,0.000000,0.300000,0.000000,-0.070000,0.000000,0.000000,0.000000,0.280000,0.000000,0.000000
1777207692.090245,0,0.000000,0.300000,0.000000,-0.070000,0.000000,0.000000,0.000000,0.310000,0.000000,0.000000
1777207692.090760,0,0.000000,0.300000,0.000000,-0.090000,0.000000,0.000000,0.000000,0.360000,0.030000,0.000000
1777207692.115798,0,0.000000,0.300000,0.000000,-0.150000,0.000000,0.000000,0.000000,0.620000,0.000000,0.000000
1777207692.140265,0,0.000000,0.300000,0.000000,-0.070000,0.000000,0.000000,0.000000,0.340000,0.000000,0.000000
1777207692.140759,0,0.000000,0.300000,0.000000,0.000000,0.000000,0.000000,0.000000,0.360000,0.000000,0.020000
1777207692.141243,0,0.000000,0.300000,0.000000,-0.070000,0.000000,0.000000,0.000000,0.310000,0.090000,0.000000
1777207692.166176,0,0.000000,0.300000,0.000000,0.300000,0.000000,0.000000,0.000000,0.280000,0.000000,0.100000
1777207692.191547,0,0.000000,0.300000,0.000000,0.000000,0.000000,0.000000,0.000000,0.340000,0.000000,0.000000
1777207692.192043,0,0.000000,0.300000,0.000000,0.000000,0.000000,0.000000,0.000000,0.250000,0.000000,0.000000
1777207692.217559,0,0.000000,0.300000,0.000000,0.000000,0.000000,0.000000,0.000000,0.270000,0.000000,0.000000
1777207692.242075,0,0.000000,0.300000,0.000000,-0.090000,0.000000,0.000000,0.000000,0.360000,0.030000,0.000000
1777207692.242572,0,0.000000,0.300000,0.000000,-0.090000,0.000000,0.000000,0.000000,0.380000,0.000000,0.000000
1777207692.267506,0,0.000000,0.300000,0.000000,0.000000,0.000000,0.000000,0.000000,0.360000,0.000000,0.000000
1777207692.293110,0,0.000000,0.300000,0.000000,0.000000,0.000000,0.000000,0.000000,0.310000,0.000000,0.000000
1777207692.293598,0,0.000000,0.300000,0.000000,0.000000,0.000000,0.000000,0.000000,0.340000,0.000000,0.000000
1777207692.294005,0,0.000000,0.300000,0.000000,0.000000,0.000000,0.000000,0.000000,0.310000,0.030000,0.000000
1777207692.319499,0,0.000000,0.300000,0.000000,-0.070000,0.000000,0.000000,0.000000,0.310000,0.000000,0.000000
1777207692.344094,0,0.000000,0.300000,0.000000,0.000000,0.000000,0.000000,0.000000,0.340000,0.000000,0.020000
1777207692.344595,0,0.000000,0.300000,0.000000,0.000000,0.000000,0.000000,0.000000,0.360000,0.000000,0.050000
1777207692.368808,0,0.000000,0.300000,0.000000,-0.070000,0.000000,0.000000,0.000000,0.340000,0.030000,0.000000
1777207692.369298,0,0.000000,0.300000,0.000000,0.000000,0.000000,0.000000,0.000000,0.360000,0.000000,0.020000
1777207692.393965,0,0.000000,0.300000,0.000000,-0.090000,0.000000,0.000000,0.000000,0.360000,0.000000,0.000000
1777207692.418645,0,0.000000,0.300000,0.000000,-0.070000,0.000000,0.000000,0.000000,0.340000,0.000000,0.000000
1777207692.419226,0,0.000000,0.300000,0.000000,-0.070000,0.000000,0.000000,0.000000,0.310000,0.030000,0.000000
1777207692.444728,0,0.000000,0.300000,0.000000,-0.070000,0.000000,0.000000,0.000000,0.310000,0.000000,0.000000
1777207692.469935,0,0.000000,0.300000,0.000000,0.000000,0.000000,0.000000,0.000000,0.280000,0.000000,0.000000
1777207692.470505,0,0.000000,0.300000,0.000000,0.000000,0.000000,0.000000,0.000000,0.280000,0.000000,0.000000
1777207692.495278,0,0.000000,0.300000,0.000000,-0.070000,0.000000,0.000000,0.000000,0.340000,0.000000,0.000000
1777207692.495765,0,0.000000,0.300000,0.000000,0.340000,0.000000,0.000000,0.000000,0.360000,0.000000,0.300000
1777207692.521801,0,0.000000,0.300000,0.000000,0.000000,0.000000,0.000000,0.000000,0.400000,0.030000,0.020000
1777207692.546232,0,0.000000,0.300000,0.000000,-0.070000,0.000000,0.000000,0.000000,0.340000,0.000000,0.000000
1777207692.546725,0,0.000000,0.300000,0.000000,-0.070000,0.000000,0.000000,0.000000,0.310000,0.000000,0.000000
1777207692.547205,0,0.000000,0.300000,0.000000,0.000000,0.000000,0.000000,0.000000,0.280000,0.000000,0.020000
1777207692.592220,0,0.000000,0.300000,0.000000,0.000000,0.000000,0.000000,0.000000,0.230000,0.000000,0.000000
1777207692.592726,0,0.000000,0.300000,0.000000,-0.070000,0.000000,0.000000,0.000000,0.340000,0.030000,0.000000
1777207692.593263,0,0.000000,0.300000,0.000000,0.000000,0.000000,0.000000,0.000000,0.340000,0.000000,0.000000
1777207692.636718,0,0.000000,0.300000,0.000000,-0.050000,0.000000,0.000000,0.000000,0.270000,0.000000,0.000000
1777207692.637419,0,0.000000,0.300000,0.000000,-0.070000,0.000000,0.000000,0.000000,0.340000,0.000000,0.000000
1777207692.637835,0,0.000000,0.300000,0.000000,0.000000,0.000000,0.000000,0.000000,0.310000,0.000000,0.000000
1777207692.638209,0,0.000000,0.300000,0.000000,-0.090000,0.000000,0.000000,0.000000,0.360000,0.000000,0.000000
1777207692.682255,0,0.000000,0.300000,0.000000,-0.070000,0.000000,0.000000,0.000000,0.340000,0.000000,0.000000
1777207692.683903,0,0.000000,0.300000,0.000000,-0.090000,0.000000,0.000000,0.000000,0.380000,0.000000,0.000000
1777207692.684395,0,0.000000,0.300000,0.000000,-0.070000,0.000000,0.000000,0.000000,0.340000,0.000000,0.000000
1777207692.729301,0,0.000000,0.300000,0.000000,-0.070000,0.000000,0.000000,0.000000,0.310000,0.000000,0.000000
1777207692.729825,0,0.000000,0.300000,0.000000,0.000000,0.000000,0.000000,0.000000,0.360000,0.030000,0.000000
1777207692.730225,0,0.000000,0.300000,0.000000,-0.090000,0.000000,0.000000,0.000000,0.360000,0.030000,0.000000
1777207692.754816,0,0.000000,0.300000,0.000000,0.000000,0.000000,0.000000,0.000000,0.340000,0.000000,0.000000
1777207692.799985,0,0.000000,0.300000,0.000000,-0.070000,0.000000,0.000000,0.000000,0.340000,0.000000,0.000000
1777207692.800526,0,0.000000,0.300000,0.000000,0.000000,0.000000,0.000000,0.000000,0.340000,0.030000,0.000000
1777207692.801088,0,0.000000,0.300000,0.000000,0.000000,0.000000,0.000000,0.000000,0.280000,0.000000,0.000000
1777207692.844954,0,0.000000,0.300000,0.000000,-0.070000,0.000000,0.000000,0.000000,0.340000,0.000000,0.000000
1777207692.845500,0,0.000000,0.300000,0.000000,0.000000,0.000000,0.000000,0.000000,0.270000,0.000000,0.000000
1777207692.846079,0,0.000000,0.300000,0.000000,0.000000,0.000000,0.000000,0.000000,0.340000,0.000000,0.020000
1777207692.890525,0,0.000000,0.300000,0.000000,0.000000,0.000000,0.000000,0.000000,0.360000,0.000000,0.000000
1777207692.891051,0,0.000000,0.300000,0.000000,-0.070000,0.000000,0.000000,0.000000,0.280000,0.000000,0.000000
1777207692.891627,0,0.000000,0.300000,0.000000,0.000000,0.000000,0.000000,0.000000,0.380000,0.000000,0.000000
1777207692.935869,0,0.000000,0.300000,0.000000,-0.070000,0.000000,0.000000,0.000000,0.340000,0.030000,0.000000
1777207692.936406,0,0.000000,0.300000,0.000000,-0.070000,0.000000,0.000000,0.000000,0.280000,0.000000,0.000000
1777207692.936961,0,0.000000,0.300000,0.000000,0.000000,0.000000,0.000000,0.000000,0.360000,0.000000,0.000000
1777207692.937364,0,0.000000,0.300000,0.000000,0.000000,0.000000,0.000000,0.000000,0.310000,0.000000,0.020000
1777207692.979820,0,0.000000,0.300000,0.000000,-0.070000,0.000000,0.000000,0.000000,0.310000,0.000000,0.000000
1777207692.980492,0,0.000000,0.300000,0.000000,0.000000,0.000000,0.000000,0.000000,0.310000,0.000000,0.000000
1777207693.023921,0,0.000000,0.300000,0.000000,0.000000,0.000000,0.000000,0.000000,0.340000,0.000000,0.000000
1777207693.024656,0,0.000000,0.300000,0.000000,-0.070000,0.000000,0.000000,0.000000,0.310000,0.000000,0.000000
1777207693.025290,0,0.000000,0.300000,0.000000,0.000000,0.000000,0.000000,0.000000,0.310000,0.000000,0.000000
1777207693.049211,0,0.000000,0.300000,0.000000,0.000000,0.000000,0.000000,0.000000,0.280000,0.030000,0.000000
1777207693.073172,0,0.000000,0.300000,0.000000,-0.070000,0.000000,0.000000,0.000000,0.280000,0.000000,0.000000
1777207693.097805,0,0.000000,0.300000,0.000000,0.000000,0.000000,0.000000,0.000000,0.280000,0.000000,0.000000
1777207693.122108,0,0.000000,0.300000,0.000000,-0.070000,0.000000,0.000000,0.000000,0.340000,0.000000,0.000000
1777207693.122614,0,0.000000,0.300000,0.000000,-0.070000,0.000000,0.000000,0.000000,0.310000,0.000000,0.000000
1777207693.147460,0,0.000000,0.300000,0.000000,0.000000,0.000000,0.000000,0.000000,0.380000,0.000000,0.000000
1777207693.147957,0,0.000000,0.300000,0.000000,-0.070000,0.000000,0.000000,0.000000,0.310000,0.000000,0.000000
1777207693.172781,0,0.000000,0.300000,0.000000,0.000000,0.000000,0.000000,0.000000,0.310000,0.000000,0.000000
1777207693.173634,0,0.000000,0.300000,0.000000,0.000000,0.000000,0.000000,0.000000,0.270000,0.000000,0.000000
1777207693.198622,0,0.000000,0.300000,0.000000,-0.100000,0.000000,0.000000,0.000000,0.430000,0.000000,0.000000
1777207693.223478,0,0.000000,0.300000,0.000000,0.000000,0.000000,0.000000,0.000000,0.310000,0.000000,0.050000
1777207693.223966,0,0.000000,0.300000,0.000000,-0.070000,0.000000,0.000000,0.000000,0.280000,0.000000,0.000000
1777207693.248047,0,0.000000,0.300000,0.000000,-0.070000,0.000000,0.000000,0.000000,0.280000,0.000000,0.000000
1777207693.273665,0,0.000000,0.300000,0.000000,-0.100000,0.000000,0.000000,0.000000,0.460000,0.000000,0.000000
1777207693.274339,0,0.000000,0.300000,0.000000,0.000000,0.000000,0.000000,0.000000,0.340000,0.000000,0.000000
1777207693.300188,0,0.000000,0.300000,0.000000,0.000000,0.000000,0.000000,0.000000,0.310000,0.000000,0.000000
1777207693.300725,0,0.000000,0.300000,0.000000,-0.070000,0.000000,0.000000,0.000000,0.340000,0.000000,0.000000
1777207693.326884,0,0.000000,0.300000,0.000000,-0.100000,0.000000,0.000000,0.000000,0.400000,0.000000,0.000000
1777207693.327481,0,0.000000,0.300000,0.000000,-0.070000,0.000000,0.000000,0.000000,0.340000,0.030000,0.000000
1777207693.351819,0,0.000000,0.300000,0.000000,-0.090000,0.000000,0.000000,0.000000,0.360000,0.000000,0.000000
1777207693.376381,0,0.000000,0.300000,0.000000,0.000000,0.000000,0.000000,0.000000,0.310000,0.000000,0.000000
1777207693.376883,0,0.000000,0.300000,0.000000,-0.100000,0.000000,0.000000,0.000000,0.430000,0.000000,0.000000
1777207693.401571,0,0.000000,0.300000,0.000000,-0.070000,0.000000,0.000000,0.000000,0.310000,0.000000,0.000000
1777207693.426203,0,0.000000,0.300000,0.000000,0.000000,0.000000,0.000000,0.000000,0.340000,0.000000,0.000000
1777207693.426714,0,0.000000,0.300000,0.000000,-0.090000,0.000000,0.000000,0.000000,0.380000,0.000000,0.000000
1777207693.452129,0,0.000000,0.300000,0.000000,0.000000,0.000000,0.000000,0.000000,0.150000,0.000000,0.000000
1777207693.452778,0,0.000000,0.300000,0.000000,-0.100000,0.000000,0.000000,0.000000,0.430000,0.000000,0.000000
1777207693.477397,0,0.000000,0.300000,0.000000,-0.090000,0.000000,0.000000,0.000000,0.380000,0.030000,0.000000
1777207693.477886,0,0.000000,0.300000,0.000000,-0.090000,0.000000,0.000000,0.000000,0.380000,0.000000,0.000000
1777207693.502886,0,0.000000,0.300000,0.000000,-0.070000,0.000000,0.000000,0.000000,0.340000,0.030000,0.000000
1777207693.527316,0,0.000000,0.300000,0.000000,-0.070000,0.000000,0.000000,0.000000,0.340000,0.000000,0.000000
1777207693.527813,0,0.000000,0.300000,0.000000,0.000000,0.000000,0.000000,0.000000,0.310000,0.000000,0.000000
1777207693.551573,0,0.000000,0.300000,0.000000,0.000000,0.000000,0.000000,0.000000,0.280000,0.000000,0.000000
1777207693.552084,0,0.000000,0.300000,0.000000,-0.090000,0.000000,0.000000,0.000000,0.360000,0.000000,0.000000
1777207693.576785,0,0.000000,0.300000,0.000000,0.000000,0.000000,0.000000,0.000000,0.310000,0.120000,0.000000
1777207693.601480,0,0.000000,0.300000,0.000000,0.000000,0.000000,0.000000,0.000000,0.250000,0.000000,0.000000
1777207693.602138,0,0.000000,0.300000,0.000000,-0.090000,0.000000,0.000000,0.000000,0.360000,0.000000,0.000000
1777207693.626665,0,0.000000,0.300000,0.000000,0.000000,0.000000,0.000000,0.000000,0.340000,0.000000,0.020000
1777207693.650692,0,0.000000,0.300000,0.000000,0.000000,0.000000,0.000000,0.000000,0.340000,0.000000,0.000000
1777207693.651186,0,0.000000,0.300000,0.000000,-0.090000,0.000000,0.000000,0.000000,0.360000,0.030000,0.000000
1777207693.675414,0,0.000000,0.300000,0.000000,-0.090000,0.000000,0.000000,0.000000,0.360000,0.030000,0.000000
1777207693.701337,0,0.000000,0.300000,0.000000,0.000000,0.000000,0.000000,0.000000,0.340000,0.030000,0.000000
1777207693.701841,0,0.000000,0.300000,0.000000,0.000000,0.000000,0.000000,0.000000,0.310000,0.000000,0.050000
1777207693.726367,0,0.000000,0.300000,0.000000,-0.090000,0.000000,0.000000,0.000000,0.360000,0.000000,0.000000
1777207693.726876,0,0.000000,0.300000,0.000000,0.000000,0.000000,0.000000,0.000000,0.280000,0.030000,0.000000
1777207693.754383,0,0.000000,0.300000,0.000000,0.000000,0.000000,0.000000,0.000000,0.340000,0.000000,0.020000
1777207693.755053,0,0.000000,0.300000,0.000000,-0.090000,0.000000,0.000000,0.000000,0.380000,0.030000,0.000000
1777207693.779711,0,0.000000,0.300000,0.000000,0.000000,0.000000,0.000000,0.000000,0.270000,0.000000,0.000000
1777207693.780196,0,0.000000,0.300000,0.000000,0.000000,0.000000,0.000000,0.000000,0.310000,0.000000,0.000000
1777207693.804837,0,0.000000,0.300000,0.000000,0.000000,0.000000,0.000000,0.000000,0.280000,0.000000,0.000000
1777207693.830253,0,0.000000,0.300000,0.000000,0.000000,0.000000,0.000000,0.000000,0.310000,0.000000,0.020000
1777207693.854327,0,0.000000,0.300000,0.000000,0.000000,0.000000,0.000000,0.000000,0.360000,0.000000,0.000000
1777207693.854820,0,0.000000,0.300000,0.000000,-0.090000,0.000000,0.000000,0.000000,0.360000,0.000000,0.000000
1777207693.855205,0,0.000000,0.300000,0.000000,-0.070000,0.000000,0.000000,0.000000,0.280000,0.000000,0.000000
1777207693.879280,0,0.000000,0.300000,0.000000,-0.100000,0.000000,0.000000,0.000000,0.430000,0.030000,0.000000
1777207693.903595,0,0.000000,0.300000,0.000000,-0.050000,0.000000,0.000000,0.000000,0.270000,0.000000,0.000000
1777207693.904084,0,0.000000,0.300000,0.000000,-0.070000,0.000000,0.000000,0.000000,0.340000,0.000000,0.000000
1777207693.929086,0,0.000000,0.300000,0.000000,0.000000,0.000000,0.000000,0.000000,0.310000,0.000000,0.020000
1777207693.953407,0,0.000000,0.300000,0.000000,-0.070000,0.000000,0.000000,0.000000,0.340000,0.000000,0.000000
1777207693.953992,0,0.000000,0.300000,0.000000,-0.090000,0.000000,0.000000,0.000000,0.380000,0.000000,0.000000
1777207693.978350,0,0.000000,0.300000,0.000000,0.000000,0.000000,0.000000,0.000000,0.380000,0.000000,0.000000
1777207693.978956,0,0.000000,0.300000,0.000000,-0.090000,0.000000,0.000000,0.000000,0.360000,0.000000,0.000000
1777207694.002989,0,0.000000,0.300000,0.000000,0.300000,0.000000,0.000000,0.000000,0.100000,0.000000,0.050000
1777207694.003494,0,0.000000,0.300000,0.000000,0.000000,0.000000,0.000000,0.000000,0.310000,0.000000,0.000000
1777207694.027193,0,0.000000,0.300000,0.000000,-0.100000,0.000000,0.000000,0.000000,0.430000,0.000000,0.000000
1777207694.051900,0,0.000000,0.300000,0.000000,0.000000,0.000000,0.000000,0.000000,0.340000,0.000000,0.020000
1777207694.076593,0,0.000000,0.300000,0.000000,0.000000,0.000000,0.000000,0.000000,0.310000,0.030000,0.000000
1777207694.077076,0,0.000000,0.300000,0.000000,-0.070000,0.000000,0.000000,0.000000,0.340000,0.000000,0.000000
1777207694.101518,0,0.000000,0.300000,0.000000,0.000000,0.000000,0.000000,0.000000,0.340000,0.000000,0.000000
1777207694.102013,0,0.000000,0.300000,0.000000,0.000000,0.000000,0.000000,0.000000,0.310000,0.000000,0.000000
1777207694.125535,0,0.000000,0.300000,0.000000,0.000000,0.000000,0.000000,0.000000,0.340000,0.000000,0.000000
1777207694.126021,0,0.000000,0.300000,0.000000,0.000000,0.000000,0.000000,0.000000,0.310000,0.030000,0.000000
1777207694.149944,0,0.000000,0.300000,0.000000,0.000000,0.000000,0.000000,0.000000,0.340000,0.000000,0.000000
1777207694.174198,0,0.000000,0.300000,0.000000,-0.070000,0.000000,0.000000,0.000000,0.280000,0.000000,0.000000
1777207694.174686,0,0.000000,0.300000,0.000000,-0.050000,0.000000,0.000000,0.000000,0.250000,0.000000,0.000000
1777207694.198355,0,0.000000,0.300000,0.000000,0.000000,0.000000,0.000000,0.000000,0.310000,0.000000,0.000000
1777207694.198863,0,0.000000,0.300000,0.000000,-0.070000,0.000000,0.000000,0.000000,0.340000,0.030000,0.000000
1777207694.223823,0,0.000000,0.300000,0.000000,0.000000,0.000000,0.000000,0.000000,0.340000,0.000000,0.000000
1777207694.247499,0,0.000000,0.300000,0.000000,-0.090000,0.000000,0.000000,0.000000,0.360000,0.000000,0.000000
1777207694.247986,0,0.000000,0.300000,0.000000,0.000000,0.000000,0.000000,0.000000,0.110000,0.030000,0.000000
1777207694.275297,0,0.000000,0.300000,0.000000,0.000000,0.000000,0.000000,0.000000,0.340000,0.000000,0.000000
1777207694.302984,0,0.000000,0.300000,0.000000,0.000000,0.000000,0.000000,0.000000,0.310000,0.000000,0.000000
1777207694.303488,0,0.000000,0.300000,0.000000,0.000000,0.000000,0.000000,0.000000,0.310000,0.000000,0.000000
1777207694.331005,0,0.000000,0.300000,0.000000,0.000000,0.000000,0.000000,0.000000,0.340000,0.000000,0.000000
1777207694.331494,0,0.000000,0.300000,0.000000,-0.070000,0.000000,0.000000,0.000000,0.340000,0.000000,0.000000
1777207694.356454,0,0.000000,0.300000,0.000000,0.300000,0.000000,0.000000,0.000000,0.310000,0.000000,0.100000
1777207694.356957,0,0.000000,0.300000,0.000000,0.000000,0.000000,0.000000,0.000000,0.310000,0.000000,0.000000
1777207694.382147,0,0.000000,0.300000,0.000000,-0.070000,0.000000,0.000000,0.000000,0.280000,0.000000,0.000000
1777207694.407066,0,0.000000,0.300000,0.000000,-0.090000,0.000000,0.000000,0.000000,0.360000,0.030000,0.000000
1777207694.407577,0,0.000000,0.300000,0.000000,0.000000,0.000000,0.000000,0.000000,0.310000,0.000000,0.000000
1777207694.433328,0,0.000000,0.300000,0.000000,0.000000,0.000000,0.000000,0.000000,0.280000,0.000000,0.000000
1777207694.458393,0,0.000000,0.300000,0.000000,-0.030000,0.000000,0.000000,0.000000,0.310000,0.030000,0.020000
1777207694.458883,0,0.000000,0.300000,0.000000,0.000000,0.000000,0.000000,0.000000,0.310000,0.000000,0.000000
1777207694.485628,0,0.000000,0.300000,0.000000,-0.070000,0.000000,0.000000,0.000000,0.280000,0.000000,0.000000
1777207694.486122,0,0.000000,0.300000,0.000000,-0.070000,0.000000,0.000000,0.000000,0.340000,0.000000,0.000000
1777207694.510459,0,0.000000,0.300000,0.000000,0.000000,0.000000,0.000000,0.000000,0.310000,0.000000,0.020000
1777207694.510949,0,0.000000,0.300000,0.000000,0.000000,0.000000,0.000000,0.000000,0.310000,0.000000,0.000000
1777207694.535925,0,0.000000,0.300000,0.000000,0.000000,0.000000,0.000000,0.000000,0.360000,0.030000,0.000000
1777207694.561262,0,0.000000,0.300000,0.000000,0.000000,0.000000,0.000000,0.000000,0.340000,0.000000,0.000000
1777207694.561808,0,0.000000,0.300000,0.000000,-0.090000,0.000000,0.000000,0.000000,0.360000,0.000000,0.000000
1777207694.586766,0,0.000000,0.300000,0.000000,0.000000,0.000000,0.000000,0.000000,0.280000,0.000000,0.000000
1777207694.587273,0,0.000000,0.300000,0.000000,0.000000,0.000000,0.000000,0.000000,0.340000,0.000000,0.000000
1777207694.613184,0,0.000000,0.300000,0.000000,-0.090000,0.000000,0.000000,0.000000,0.360000,0.000000,0.000000
1777207694.613680,0,0.000000,0.300000,0.000000,0.000000,0.000000,0.000000,0.000000,0.310000,0.000000,0.000000
1777207694.638554,0,0.000000,0.300000,0.000000,-0.070000,0.000000,0.000000,0.000000,0.310000,0.000000,0.000000
1777207694.664491,0,0.000000,0.300000,0.000000,0.000000,0.000000,0.000000,0.000000,0.310000,0.000000,0.000000
1777207694.664976,0,0.000000,0.300000,0.000000,-0.070000,0.000000,0.000000,0.000000,0.310000,0.000000,0.000000
1777207694.690519,0,0.000000,0.300000,0.000000,-0.070000,0.000000,0.000000,0.000000,0.340000,0.000000,0.000000
1777207694.691024,0,0.000000,0.300000,0.000000,0.000000,0.000000,0.000000,0.000000,0.310000,0.000000,0.000000
1777207694.716205,0,0.000000,0.300000,0.000000,0.000000,0.000000,0.000000,0.000000,0.310000,0.000000,0.000000
1777207694.742001,0,0.000000,0.300000,0.000000,-0.070000,0.000000,0.000000,0.000000,0.340000,0.000000,0.000000
1777207694.742533,0,0.000000,0.300000,0.000000,0.000000,0.000000,0.000000,0.000000,0.280000,0.000000,0.000000
1777207694.743301,0,0.000000,0.300000,0.000000,-0.090000,0.000000,0.000000,0.000000,0.360000,0.000000,0.000000
1777207694.768496,0,0.000000,0.300000,0.000000,0.310000,0.000000,0.000000,0.000000,0.310000,0.030000,0.120000
1777207694.793250,0,0.000000,0.300000,0.000000,-0.070000,0.000000,0.000000,0.000000,0.310000,0.000000,0.000000
1777207694.793736,0,0.000000,0.300000,0.000000,-0.070000,0.000000,0.000000,0.000000,0.340000,0.000000,0.000000
1777207694.820251,0,0.000000,0.300000,0.000000,0.000000,0.000000,0.000000,0.000000,0.310000,0.000000,0.020000
1777207694.845191,0,0.000000,0.300000,0.000000,0.000000,0.000000,0.000000,0.000000,0.280000,0.000000,0.000000
1777207694.845716,0,0.000000,0.300000,0.000000,0.000000,0.000000,0.000000,0.000000,0.280000,0.000000,0.020000
1777207694.871215,0,0.000000,0.300000,0.000000,0.300000,0.000000,0.000000,0.000000,0.280000,0.000000,0.100000
1777207694.895162,0,0.000000,0.300000,0.000000,-0.070000,0.000000,0.000000,0.000000,0.340000,0.000000,0.000000
1777207694.895650,0,0.000000,0.300000,0.000000,0.000000,0.000000,0.000000,0.000000,0.340000,0.030000,0.020000
1777207694.923288,0,0.000000,0.300000,0.000000,0.000000,0.000000,0.000000,0.000000,0.360000,0.030000,0.000000
1777207694.947351,0,0.000000,0.300000,0.000000,-0.050000,0.000000,0.000000,0.000000,0.250000,0.000000,0.000000
1777207694.947851,0,0.000000,0.300000,0.000000,0.000000,0.000000,0.000000,0.000000,0.280000,0.000000,0.000000
1777207694.948243,0,0.000000,0.300000,0.000000,0.000000,0.000000,0.000000,0.000000,0.280000,0.000000,0.000000
1777207694.972193,0,0.000000,0.300000,0.000000,0.000000,0.000000,0.000000,0.000000,0.340000,0.000000,0.050000
1777207694.972687,0,0.000000,0.300000,0.000000,-0.070000,0.000000,0.000000,0.000000,0.340000,0.000000,0.000000
1777207694.996822,0,0.000000,0.300000,0.000000,-0.070000,0.000000,0.000000,0.000000,0.340000,0.000000,0.000000
1777207695.021281,0,0.000000,0.300000,0.000000,-0.050000,0.000000,0.000000,0.000000,0.230000,0.000000,0.000000
1777207695.045275,0,0.000000,0.300000,0.000000,0.000000,0.000000,0.000000,0.000000,0.310000,0.030000,0.020000
1777207695.045794,0,0.000000,0.300000,0.000000,-0.090000,0.000000,0.000000,0.000000,0.360000,0.000000,0.000000
1777207695.069454,0,0.000000,0.300000,0.000000,-0.090000,0.000000,0.000000,0.000000,0.360000,0.030000,0.000000
1777207695.069977,0,0.000000,0.300000,0.000000,0.000000,0.000000,0.000000,0.000000,0.360000,0.000000,0.000000
1777207695.095273,0,0.000000,0.300000,0.000000,0.000000,0.000000,0.000000,0.000000,0.340000,0.000000,0.000000
1777207695.095762,0,0.000000,0.300000,0.000000,-0.070000,0.000000,0.000000,0.000000,0.310000,0.000000,0.000000
1777207695.119626,0,0.000000,0.300000,0.000000,0.000000,0.000000,0.000000,0.000000,0.360000,0.000000,0.020000
1777207695.143091,0,0.000000,0.300000,0.000000,0.000000,0.000000,0.000000,0.000000,0.280000,0.030000,0.000000
1777207695.143582,0,0.000000,0.300000,0.000000,-0.070000,0.000000,0.000000,0.000000,0.340000,0.000000,0.000000
1777207695.167085,0,0.000000,0.300000,0.000000,-0.070000,0.000000,0.000000,0.000000,0.340000,0.000000,0.000000
1777207695.167627,0,0.000000,0.300000,0.000000,0.000000,0.000000,0.000000,0.000000,0.340000,0.000000,0.000000
1777207695.191853,0,0.000000,0.300000,0.000000,0.000000,0.000000,0.000000,0.000000,0.310000,0.000000,0.000000
1777207695.215577,0,0.000000,0.300000,0.000000,0.000000,0.000000,0.000000,0.000000,0.270000,0.030000,0.000000
1777207695.216158,0,0.000000,0.300000,0.000000,-0.090000,0.000000,0.000000,0.000000,0.360000,0.030000,0.000000
1777207695.240074,0,0.000000,0.300000,0.000000,-0.070000,0.000000,0.000000,0.000000,0.340000,0.030000,0.000000
1777207695.264251,0,0.000000,0.300000,0.000000,0.000000,0.000000,0.000000,0.000000,0.340000,0.000000,0.000000
1777207695.264771,0,0.000000,0.300000,0.000000,0.000000,0.000000,0.000000,0.000000,0.360000,0.120000,0.020000
1777207695.289640,0,0.000000,0.300000,0.000000,0.000000,0.000000,0.000000,0.000000,0.280000,0.090000,0.000000
1777207695.315966,0,0.000000,0.300000,0.000000,0.000000,0.000000,0.000000,0.000000,0.270000,0.000000,0.000000
1777207695.316561,0,0.000000,0.300000,0.000000,-0.070000,0.000000,0.000000,0.000000,0.340000,0.000000,0.000000
1777207695.351819,0,0.000000,0.300000,0.000000,-0.070000,0.000000,0.000000,0.000000,0.310000,0.000000,0.000000
1777207695.352414,0,0.000000,0.300000,0.000000,-0.090000,0.000000,0.000000,0.000000,0.380000,0.000000,0.000000
1777207695.352816,0,0.000000,0.300000,0.000000,-0.070000,0.000000,0.000000,0.000000,0.310000,0.030000,0.000000
1777207695.377405,0,0.000000,0.300000,0.000000,0.000000,0.000000,0.000000,0.000000,0.310000,0.000000,0.000000
1777207695.401546,0,0.000000,0.300000,0.000000,-0.090000,0.000000,0.000000,0.000000,0.360000,0.000000,0.000000
1777207695.402335,0,0.000000,0.300000,0.000000,-0.090000,0.000000,0.000000,0.000000,0.360000,0.030000,0.000000
1777207695.426350,0,0.000000,0.300000,0.000000,0.000000,0.000000,0.000000,0.000000,0.360000,0.000000,0.000000
1777207695.426941,0,0.000000,0.300000,0.000000,-0.090000,0.000000,0.000000,0.000000,0.360000,0.000000,0.000000
1777207695.455124,0,0.000000,0.300000,0.000000,0.000000,0.000000,0.000000,0.000000,0.340000,0.000000,0.000000
1777207695.455850,0,0.000000,0.300000,0.000000,-0.070000,0.000000,0.000000,0.000000,0.310000,0.000000,0.000000
1777207695.456260,0,0.000000,0.300000,0.000000,-0.090000,0.000000,0.000000,0.000000,0.380000,0.000000,0.000000
1777207695.468356,0,0.000000,0.300000,0.000000,0.000000,0.000000,0.000000,0.000000,0.310000,0.000000,0.000000
1777207695.478100,0,0.000000,0.300000,0.000000,-0.070000,0.000000,0.000000,0.000000,0.340000,0.000000,0.000000
1777207695.492511,0,0.000000,0.300000,0.000000,0.000000,0.000000,0.000000,0.000000,0.310000,0.000000,0.000000
1777207695.516984,0,0.000000,0.300000,0.000000,0.000000,0.000000,0.000000,0.000000,0.270000,0.000000,0.020000
1777207695.531434,0,0.000000,0.300000,0.000000,0.000000,0.000000,0.000000,0.000000,0.280000,0.030000,0.050000
1777207695.545494,0,0.000000,0.300000,0.000000,0.000000,0.000000,0.000000,0.000000,0.340000,0.000000,0.000000
1777207695.569799,0,0.000000,0.300000,0.000000,-0.100000,0.000000,0.000000,0.000000,0.400000,0.000000,0.000000
1777207695.575761,0,0.000000,0.300000,0.000000,-0.070000,0.000000,0.000000,0.000000,0.340000,0.030000,0.000000
1777207695.593659,0,0.000000,0.300000,0.000000,0.000000,0.000000,0.000000,0.000000,0.340000,0.000000,0.000000
1777207695.606785,0,0.000000,0.300000,0.000000,-0.070000,0.000000,0.000000,0.000000,0.280000,0.000000,0.000000
1777207695.622259,0,0.000000,0.300000,0.000000,0.000000,0.000000,0.000000,0.000000,0.280000,0.000000,0.000000
1777207695.636766,0,0.000000,0.300000,0.000000,0.000000,0.000000,0.000000,0.000000,0.340000,0.000000,0.020000
1777207695.658239,0,0.000000,0.300000,0.000000,-0.070000,0.000000,0.000000,0.000000,0.310000,0.000000,0.000000
1777207695.665873,0,0.000000,0.300000,0.000000,-0.090000,0.000000,0.000000,0.000000,0.380000,0.000000,0.000000
1777207695.680498,0,0.000000,0.300000,0.000000,-0.070000,0.000000,0.000000,0.000000,0.340000,0.030000,0.000000
1777207695.705233,0,0.000000,0.300000,0.000000,0.000000,0.000000,0.000000,0.000000,0.310000,0.000000,0.020000
1777207695.710199,0,0.000000,0.300000,0.000000,-0.070000,0.000000,0.000000,0.000000,0.340000,0.000000,0.000000
1777207695.734254,0,0.000000,0.300000,0.000000,0.000000,0.000000,0.000000,0.000000,0.360000,0.000000,0.000000
1777207695.748512,0,0.000000,0.300000,0.000000,0.000000,0.000000,0.000000,0.000000,0.340000,0.000000,0.020000
1777207695.770782,0,0.000000,0.300000,0.000000,0.000000,0.000000,0.000000,0.000000,0.310000,0.000000,0.000000
1777207695.786790,0,0.000000,0.300000,0.000000,-0.100000,0.000000,0.000000,0.000000,0.430000,0.000000,0.000000
1777207695.792745,0,0.000000,0.300000,0.000000,-0.090000,0.000000,0.000000,0.000000,0.380000,0.000000,0.000000
1777207695.800525,0,0.000000,0.300000,0.000000,-0.090000,0.000000,0.000000,0.000000,0.380000,0.090000,0.000000
1777207695.816319,0,0.000000,0.300000,0.000000,-0.090000,0.000000,0.000000,0.000000,0.380000,0.000000,0.000000
1777207695.839444,0,0.000000,0.300000,0.000000,0.000000,0.000000,0.000000,0.000000,0.310000,0.000000,0.050000
1777207695.856039,0,0.000000,0.300000,0.000000,-0.090000,0.000000,0.000000,0.000000,0.360000,0.000000,0.000000
1777207695.869493,0,0.000000,0.300000,0.000000,-0.070000,0.000000,0.000000,0.000000,0.340000,0.000000,0.000000
1777207695.892164,0,0.000000,0.300000,0.000000,-0.070000,0.000000,0.000000,0.000000,0.340000,0.030000,0.000000
1777207695.893937,0,0.000000,0.300000,0.000000,0.000000,0.000000,0.000000,0.000000,0.400000,0.000000,0.020000
1777207695.914646,0,0.000000,0.300000,0.000000,0.000000,0.000000,0.000000,0.000000,0.270000,0.000000,0.000000
1777207695.927785,0,0.000000,0.300000,0.000000,-0.070000,0.000000,0.000000,0.000000,0.340000,0.000000,0.000000
1777207695.944572,0,0.000000,0.300000,0.000000,-0.070000,0.000000,0.000000,0.000000,0.340000,0.000000,0.000000
1777207695.958807,0,0.000000,0.300000,0.000000,-0.070000,0.000000,0.000000,0.000000,0.310000,0.000000,0.000000
1777207695.980713,0,0.000000,0.300000,0.000000,-0.070000,0.000000,0.000000,0.000000,0.340000,0.000000,0.000000
1777207695.988504,0,0.000000,0.300000,0.000000,0.000000,0.000000,0.000000,0.000000,0.340000,0.000000,0.020000
1777207696.003370,0,0.000000,0.300000,0.000000,-0.090000,0.000000,0.000000,0.000000,0.370000,0.000000,0.000000
1777207696.027416,0,0.000000,0.300000,0.000000,0.000000,0.000000,0.000000,0.000000,0.370000,0.000000,0.020000
1777207696.033186,0,0.000000,0.300000,0.000000,0.000000,0.000000,0.000000,0.000000,0.340000,0.000000,0.020000
1777207696.049157,0,0.000000,0.300000,0.000000,0.000000,0.000000,0.000000,0.000000,0.340000,0.030000,0.000000
1777207696.064367,0,0.000000,0.300000,0.000000,-0.090000,0.000000,0.000000,0.000000,0.370000,0.000000,0.000000
1777207696.087528,0,0.000000,0.300000,0.000000,0.000000,0.000000,0.000000,0.000000,0.380000,0.090000,0.000000
1777207696.092883,0,0.000000,0.300000,0.000000,0.000000,0.000000,0.000000,0.000000,0.370000,0.000000,0.050000
1777207696.115537,0,0.000000,0.300000,0.000000,0.000000,0.000000,0.000000,0.000000,0.370000,0.000000,0.000000
1777207696.122922,0,0.000000,0.300000,0.000000,0.000000,0.000000,0.000000,0.000000,0.410000,0.000000,0.020000
1777207696.138777,0,0.000000,0.300000,0.000000,0.000000,0.000000,0.000000,0.000000,0.300000,0.000000,0.020000
1777207696.161563,0,0.000000,0.300000,0.000000,-0.070000,0.000000,0.000000,0.000000,0.310000,0.000000,0.000000
1777207696.168597,0,0.000000,0.300000,0.000000,0.000000,0.000000,0.000000,0.000000,0.310000,0.000000,0.050000
1777207696.191935,0,0.000000,0.300000,0.000000,-0.140000,0.000000,0.000000,0.000000,0.680000,0.000000,0.020000
1777207696.198187,0,0.000000,0.300000,0.000000,-0.100000,0.000000,0.000000,0.000000,0.430000,0.000000,0.000000
1777207696.226788,0,0.000000,0.300000,0.000000,0.410000,0.000000,0.000000,0.000000,0.380000,0.000000,0.690000
1777207696.228406,0,0.000000,0.300000,0.000000,-0.150000,0.000000,0.000000,0.000000,0.620000,0.000000,0.000000
1777207696.252015,0,0.000000,0.300000,0.000000,-0.090000,0.000000,0.000000,0.000000,0.370000,0.000000,0.000000
1777207696.265845,0,0.000000,0.300000,0.000000,0.000000,0.000000,0.000000,0.000000,0.310000,0.000000,0.020000
1777207696.280299,0,0.000000,0.300000,0.000000,-0.050000,0.000000,0.000000,0.000000,0.340000,0.000000,0.020000
1777207696.288038,0,0.000000,0.300000,0.000000,0.000000,0.000000,0.000000,0.000000,0.300000,0.000000,0.000000
1777207696.309413,0,0.000000,0.300000,0.000000,-0.090000,0.000000,0.000000,0.000000,0.370000,0.030000,0.000000
1777207696.324671,0,0.000000,0.300000,0.000000,0.000000,0.000000,0.000000,0.000000,0.370000,0.030000,0.020000
1777207696.333952,0,0.000000,0.300000,0.000000,0.000000,0.000000,0.000000,0.000000,0.380000,0.030000,0.020000
1777207696.354870,0,0.000000,0.300000,0.000000,0.300000,0.000000,0.000000,0.000000,0.110000,0.030000,0.020000
1777207696.362410,0,0.000000,0.300000,0.000000,-0.090000,0.000000,0.000000,0.000000,0.380000,0.030000,0.000000
1777207696.378357,0,0.000000,0.300000,0.000000,-0.070000,0.000000,0.000000,0.000000,0.310000,0.000000,0.000000
1777207696.393660,0,0.000000,0.300000,0.000000,-0.070000,0.000000,0.000000,0.000000,0.310000,0.000000,0.000000
1777207696.408444,0,0.000000,0.300000,0.000000,0.000000,0.000000,0.000000,0.000000,0.370000,0.030000,0.020000
1777207696.433452,0,0.000000,0.300000,0.000000,-0.090000,0.000000,0.000000,0.000000,0.370000,0.030000,0.000000
1777207696.446656,0,0.000000,0.300000,0.000000,0.310000,0.000000,0.000000,0.000000,0.340000,0.000000,0.230000
1777207696.452760,0,0.000000,0.300000,0.000000,-0.070000,0.000000,0.000000,0.000000,0.340000,0.000000,0.000000
1777207696.469151,0,0.000000,0.300000,0.000000,-0.090000,0.000000,0.000000,0.000000,0.380000,0.000000,0.000000
1777207696.492527,0,0.000000,0.300000,0.000000,-0.020000,0.000000,0.000000,0.000000,0.380000,0.000000,0.050000
1777207696.497990,0,0.000000,0.300000,0.000000,-0.050000,0.000000,0.000000,0.000000,0.370000,0.000000,0.020000
1777207696.521608,0,0.000000,0.300000,0.000000,0.000000,0.000000,0.000000,0.000000,0.310000,0.000000,0.020000
1777207696.537282,0,0.000000,0.300000,0.000000,0.000000,0.000000,0.000000,0.000000,0.370000,0.030000,0.000000
1777207696.551374,0,0.000000,0.300000,0.000000,-0.090000,0.000000,0.000000,0.000000,0.370000,0.000000,0.000000
1777207696.567126,0,0.000000,0.300000,0.000000,-0.140000,0.000000,0.000000,0.000000,0.720000,0.000000,0.020000
1777207696.573879,0,0.000000,0.300000,0.000000,0.340000,0.000000,0.000000,0.000000,0.340000,0.030000,0.330000
1777207696.597004,0,0.000000,0.300000,0.000000,0.000000,0.000000,0.000000,0.000000,0.300000,0.000000,0.000000
1777207696.612029,0,0.000000,0.300000,0.000000,0.000000,0.000000,0.000000,0.000000,0.380000,0.000000,0.020000
1777207696.634527,0,0.000000,0.300000,0.000000,-0.090000,0.000000,0.000000,0.000000,0.380000,0.000000,0.000000
1777207696.641275,0,0.000000,0.300000,0.000000,-0.090000,0.000000,0.000000,0.000000,0.380000,0.000000,0.000000
1777207696.665121,0,0.000000,0.300000,0.000000,-0.070000,0.000000,0.000000,0.150000,0.310000,0.000000,0.000000
1777207696.670795,0,0.000000,0.300000,0.000000,0.000000,0.000000,0.000000,0.310000,0.410000,0.030000,0.000000
1777207696.687312,0,0.000000,0.300000,0.000000,0.310000,0.000000,0.000000,0.460000,0.340000,0.090000,0.150000
1777207696.709058,0,0.000000,0.300000,0.000000,-0.010000,0.000000,0.000000,0.620000,0.340000,0.000000,0.050000
1777207696.720863,0,0.000000,0.300000,0.000000,0.000000,0.000000,0.000000,0.760000,0.370000,0.000000,0.000000
1777207696.730881,0,0.000000,0.300000,0.000000,-0.070000,0.000000,0.000000,0.930000,0.340000,0.000000,0.000000
1777207696.752044,0,0.000000,0.300000,0.000000,-0.090000,0.000000,0.000000,1.000000,0.370000,0.000000,0.000000
1777207696.767282,0,0.000000,0.300000,0.000000,-0.090000,0.000000,0.000000,1.000000,0.370000,0.000000,0.000000
1777207696.784758,0,0.000000,0.300000,0.000000,-0.070000,0.000000,0.000000,1.000000,0.300000,0.000000,0.000000
1777207696.789928,0,0.000000,0.300000,0.000000,-0.090000,0.000000,0.000000,1.000000,0.370000,0.000000,0.000000
1777207696.814364,0,0.000000,0.300000,0.000000,-0.100000,0.000000,0.000000,1.000000,0.430000,0.030000,0.000000
1777207696.820929,0,0.000000,0.300000,0.000000,-0.070000,0.000000,0.000000,1.000000,0.340000,0.000000,0.000000
1777207696.838341,0,0.000000,0.300000,0.000000,0.000000,0.000000,0.000000,1.000000,0.340000,0.000000,0.000000
1777207696.860135,0,0.000000,0.300000,0.000000,0.000000,0.000000,0.000000,1.000000,0.310000,0.090000,0.020000
1777207696.873848,0,0.000000,0.300000,0.000000,-0.050000,0.000000,0.000000,1.000000,0.340000,0.000000,0.020000
1777207696.897837,0,0.000000,0.300000,0.000000,-0.050000,0.000000,0.000000,1.000000,0.370000,0.000000,0.020000
1777207696.900513,0,0.000000,0.300000,0.000000,0.000000,0.000000,0.000000,1.000000,0.340000,0.000000,0.050000
1777207696.918953,0,0.000000,0.300000,0.000000,-0.090000,0.000000,0.000000,1.000000,0.370000,0.000000,0.000000
1777207696.941595,0,0.000000,0.300000,0.000000,0.000000,0.000000,0.000000,1.000000,0.310000,0.000000,0.000000
1777207696.944825,0,0.000000,0.300000,0.000000,-0.110000,0.000000,0.000000,1.000000,0.490000,0.000000,0.000000
1777207696.965093,0,0.000000,0.300000,0.000000,-0.070000,0.000000,0.000000,1.000000,0.340000,0.000000,0.000000
1777207696.978639,0,0.000000,0.300000,0.000000,-0.090000,0.000000,0.000000,1.000000,0.370000,0.000000,0.000000
1777207697.002611,0,0.000000,0.300000,0.000000,-0.070000,0.000000,0.000000,1.000000,0.300000,0.000000,0.000000
1777207697.008424,0,0.000000,0.300000,0.000000,-0.070000,0.000000,0.000000,1.000000,0.340000,0.000000,0.000000
1777207697.031452,0,0.000000,0.300000,0.000000,0.000000,0.000000,0.000000,0.010000,0.340000,0.000000,0.020000
1777207697.048239,0,0.000000,0.300000,0.000000,-0.090000,0.000000,0.000000,0.090000,0.380000,0.000000,0.000000
1777207697.053971,0,0.000000,0.300000,0.000000,0.000000,0.000000,0.000000,0.150000,0.310000,0.000000,0.020000
1777207697.069869,0,0.000000,0.300000,0.000000,-0.090000,0.000000,0.000000,0.210000,0.380000,0.030000,0.000000
1777207697.086384,0,0.000000,0.300000,0.000000,-0.100000,0.000000,0.000000,0.300000,0.430000,0.030000,0.000000
1777207697.107681,0,0.000000,0.300000,0.000000,0.000000,0.000000,0.000000,0.370000,0.310000,0.000000,0.050000
1777207697.122355,0,0.000000,0.300000,0.000000,0.000000,0.000000,0.000000,0.000000,0.380000,0.000000,0.000000
1777207697.137054,0,0.000000,0.300000,0.000000,-0.020000,0.000000,0.000000,0.100000,0.380000,0.000000,0.050000
1777207697.159575,0,0.000000,0.300000,0.000000,-0.050000,0.000000,0.000000,0.200000,0.370000,0.000000,0.020000
1777207697.174323,0,0.000000,0.300000,0.000000,0.000000,0.000000,0.000000,0.280000,0.370000,0.000000,0.000000
1777207697.176145,0,0.000000,0.300000,0.000000,0.000000,0.000000,0.000000,0.370000,0.340000,0.000000,0.020000
1777207697.188794,0,0.000000,0.300000,0.000000,-0.090000,0.000000,0.000000,0.460000,0.380000,0.000000,0.000000
1777207697.212393,0,0.000000,0.300000,0.000000,0.000000,0.000000,0.000000,0.560000,0.310000,0.090000,0.050000
1777207697.224115,0,0.000000,0.300000,0.000000,0.340000,0.000000,0.000000,0.640000,0.310000,0.030000,0.330000
1777207697.249839,0,0.000000,0.300000,0.000000,0.360000,0.000000,0.000000,0.740000,0.340000,0.090000,0.400000
1777207697.255877,0,0.000000,0.300000,0.000000,0.000000,0.000000,0.000000,0.810000,0.370000,0.000000,0.050000
1777207697.279934,0,0.000000,0.300000,0.000000,-0.050000,0.000000,0.000000,0.920000,0.340000,0.030000,0.020000
1777207697.284161,0,0.000000,0.300000,0.000000,-0.070000,0.000000,0.000000,1.000000,0.310000,0.000000,0.000000
1777207697.299626,0,0.000000,0.300000,0.000000,-0.070000,0.000000,0.000000,1.000000,0.340000,0.030000,0.000000
1777207697.323905,0,0.000000,0.300000,0.000000,-0.070000,0.000000,0.000000,1.000000,0.340000,0.030000,0.000000
1777207697.326196,0,0.000000,0.300000,0.000000,-0.090000,0.000000,0.000000,1.000000,0.370000,0.000000,0.000000
1777207697.345934,0,0.000000,0.300000,0.000000,0.000000,0.000000,0.000000,1.000000,0.340000,0.030000,0.000000
1777207697.359851,0,0.000000,0.300000,0.000000,-0.050000,0.000000,0.000000,1.000000,0.270000,0.030000,0.000000
1777207697.383164,0,0.000000,0.300000,0.000000,-0.090000,0.000000,0.000000,1.000000,0.370000,0.000000,0.000000
1777207697.399573,0,0.000000,0.300000,0.000000,-0.070000,0.000000,0.000000,1.000000,0.340000,0.030000,0.000000
1777207697.414594,0,0.000000,0.300000,0.000000,0.000000,0.000000,0.000000,1.000000,0.380000,0.030000,0.020000
1777207697.416522,0,0.000000,0.300000,0.000000,0.000000,0.000000,0.000000,1.000000,0.270000,0.000000,0.000000
1777207697.435767,0,0.000000,0.300000,0.000000,0.000000,0.000000,0.000000,1.000000,0.300000,0.090000,0.000000
1777207697.461011,0,0.000000,0.300000,0.000000,0.000000,0.000000,0.000000,1.000000,0.310000,0.000000,0.020000
1777207697.474131,0,0.000000,0.300000,0.000000,-0.050000,0.000000,0.000000,1.000000,0.370000,0.000000,0.020000
1777207697.487977,0,0.000000,0.300000,0.000000,0.000000,0.000000,0.000000,1.000000,0.380000,0.000000,0.020000
1777207697.504232,0,0.000000,0.300000,0.000000,0.000000,0.000000,0.000000,1.000000,0.410000,0.000000,0.050000
1777207697.510630,0,0.000000,0.300000,0.000000,0.000000,0.000000,0.000000,1.000000,0.370000,0.000000,0.000000
1777207697.529248,0,0.000000,0.300000,0.000000,0.000000,0.000000,0.000000,1.000000,0.370000,0.030000,0.000000
1777207697.540892,0,0.000000,0.300000,0.000000,0.000000,0.000000,0.000000,1.000000,0.310000,0.000000,0.020000
1777207697.556604,0,0.000000,0.300000,0.000000,-0.010000,0.000000,0.000000,1.000000,0.340000,0.000000,0.050000
1777207697.571825,0,0.000000,0.300000,0.000000,0.000000,0.000000,0.000000,1.000000,0.370000,0.000000,0.000000
1777207697.593839,0,0.000000,0.300000,0.000000,0.000000,0.000000,0.000000,1.000000,0.370000,0.000000,0.020000
1777207697.601588,0,0.000000,0.300000,0.000000,0.000000,0.000000,0.000000,1.000000,0.340000,0.000000,0.050000
1777207697.617713,0,0.000000,0.300000,0.000000,-0.070000,0.000000,0.000000,1.000000,0.340000,0.000000,0.000000
1777207697.631549,0,0.000000,0.300000,0.000000,0.000000,0.000000,0.000000,1.000000,0.310000,0.000000,0.020000
1777207697.655895,0,0.000000,0.300000,0.000000,-0.090000,0.000000,0.000000,1.000000,0.370000,0.030000,0.000000
1777207697.668144,0,0.000000,0.300000,0.000000,0.300000,0.000000,0.000000,1.000000,0.380000,0.000000,0.100000
1777207697.676668,0,0.000000,0.300000,0.000000,-0.070000,0.000000,0.000000,0.000000,0.340000,0.000000,0.000000
1777207697.690892,0,0.000000,0.300000,0.000000,0.000000,0.000000,0.000000,0.050000,0.310000,0.000000,0.000000
1777207697.721354,0,0.000000,0.300000,0.000000,-0.090000,0.000000,0.000000,0.100000,0.370000,0.030000,0.000000
1777207697.727864,0,0.000000,0.300000,0.000000,-0.090000,0.000000,0.000000,0.140000,0.380000,0.000000,0.000000
1777207697.743951,0,0.000000,0.300000,0.000000,0.000000,0.000000,0.000000,0.180000,0.340000,0.030000,0.000000
1777207697.750909,0,0.000000,0.300000,0.000000,-0.070000,0.000000,0.000000,0.230000,0.310000,0.000000,0.000000
1777207697.774310,0,0.000000,0.300000,0.000000,-0.070000,0.000000,0.000000,0.270000,0.340000,0.000000,0.000000
1777207697.787568,0,0.000000,0.300000,0.000000,0.000000,0.000000,0.000000,0.310000,0.370000,0.030000,0.000000
1777207697.816504,0,0.000000,0.300000,0.000000,-0.090000,0.000000,0.000000,0.360000,0.380000,0.120000,0.000000
1777207697.817720,0,0.000000,0.300000,0.000000,-0.030000,0.000000,0.000000,0.000000,0.310000,0.000000,0.020000
1777207697.825288,0,0.000000,0.300000,0.000000,0.000000,0.000000,0.000000,0.050000,0.300000,0.000000,0.000000
1777207697.850381,0,0.000000,0.300000,0.000000,0.000000,0.000000,0.000000,0.100000,0.300000,0.000000,0.000000
1777207697.864897,0,0.000000,0.300000,0.000000,-0.070000,0.000000,0.000000,0.150000,0.340000,0.000000,0.000000
1777207697.871409,0,0.000000,0.300000,0.000000,0.000000,0.000000,0.000000,0.000000,0.310000,0.030000,0.000000
1777207697.887004,0,0.000000,0.300000,0.000000,0.000000,0.000000,0.000000,0.050000,0.340000,0.000000,0.000000
1777207697.902571,0,0.000000,0.300000,0.000000,0.300000,0.000000,0.000000,0.110000,0.370000,0.000000,0.100000
1777207697.924062,0,0.000000,0.300000,0.000000,0.000000,0.000000,0.000000,0.180000,0.300000,0.000000,0.000000
1777207697.938935,0,0.000000,0.300000,0.000000,0.000000,0.000000,0.000000,0.230000,0.370000,0.030000,0.050000
1777207697.962243,0,0.000000,0.300000,0.000000,0.000000,0.000000,0.000000,0.300000,0.310000,0.000000,0.020000
1777207697.965413,0,0.000000,0.300000,0.000000,0.470000,0.000000,0.000000,0.340000,0.340000,0.000000,1.010000
1777207697.977199,0,0.000000,0.300000,0.000000,-0.100000,0.000000,0.000000,0.400000,0.410000,0.090000,0.000000
1777207697.992302,0,0.000000,0.300000,0.000000,0.000000,0.000000,0.000000,0.460000,0.310000,0.000000,0.000000
1777207698.015786,0,0.000000,0.300000,0.000000,0.000000,0.000000,0.000000,0.510000,0.340000,0.000000,0.000000
1777207698.021464,0,0.000000,0.300000,0.000000,-0.070000,0.000000,0.000000,0.570000,0.310000,0.000000,0.000000
1777207698.044995,0,0.000000,0.300000,0.000000,-0.070000,0.000000,0.000000,0.640000,0.340000,0.000000,0.000000
1777207698.050956,0,0.000000,0.300000,0.000000,0.000000,0.000000,0.000000,0.700000,0.310000,0.000000,0.000000
1777207698.082268,0,0.000000,0.300000,0.000000,-0.050000,0.000000,0.000000,0.760000,0.340000,0.000000,0.020000
1777207698.088302,0,0.000000,0.300000,0.000000,0.000000,0.000000,0.000000,0.830000,0.300000,0.000000,0.050000
1777207698.104527,0,0.000000,0.300000,0.000000,0.000000,0.000000,0.000000,0.880000,0.310000,0.030000,0.050000
1777207698.120444,0,0.000000,0.300000,0.000000,0.000000,0.000000,0.000000,0.940000,0.340000,0.000000,0.000000
1777207698.134192,0,0.000000,0.300000,0.000000,-0.090000,0.000000,0.000000,1.000000,0.380000,0.090000,0.000000
1777207698.158063,0,0.000000,0.300000,0.000000,0.000000,0.000000,0.000000,1.000000,0.340000,0.030000,0.000000
1777207698.160663,0,0.000000,0.300000,0.000000,0.000000,0.000000,0.000000,1.000000,0.300000,0.000000,0.020000
1777207698.195049,0,0.000000,0.300000,0.000000,0.000000,0.000000,0.000000,1.000000,0.370000,0.000000,0.000000
1777207698.196539,0,0.000000,0.300000,0.000000,0.000000,0.000000,0.000000,1.000000,0.380000,0.000000,0.000000
1777207698.215232,0,0.000000,0.300000,0.000000,-0.090000,0.000000,0.000000,1.000000,0.380000,0.120000,0.000000
1777207698.222161,0,0.000000,0.300000,0.000000,0.000000,0.000000,0.000000,1.000000,0.340000,0.000000,0.020000
1777207698.237818,0,0.000000,0.300000,0.000000,0.000000,0.000000,0.000000,1.000000,0.370000,0.360000,0.020000
1777207698.254226,0,0.000000,0.300000,0.000000,-0.070000,0.000000,0.000000,1.000000,0.340000,0.030000,0.000000
1777207698.270159,0,0.000000,0.300000,0.000000,-0.090000,0.000000,0.000000,1.000000,0.380000,0.000000,0.000000
1777207698.284855,0,0.000000,0.300000,0.000000,-0.070000,0.000000,0.000000,1.000000,0.340000,0.000000,0.000000
1777207698.298179,0,0.000000,0.300000,0.000000,0.000000,0.000000,0.000000,1.000000,0.340000,0.000000,0.020000
1777207698.312926,0,0.000000,0.300000,0.000000,-0.090000,0.000000,0.000000,1.000000,0.370000,0.000000,0.000000
1777207698.336290,0,0.000000,0.300000,0.000000,-0.070000,0.000000,0.000000,1.000000,0.340000,0.030000,0.000000
1777207698.349927,0,0.000000,0.300000,0.000000,-0.070000,0.000000,0.000000,0.010000,0.340000,0.000000,0.000000
1777207698.358708,0,0.000000,0.300000,0.000000,-0.100000,0.000000,0.000000,0.090000,0.460000,0.000000,0.000000
1777207698.375340,0,0.000000,0.300000,0.000000,0.000000,0.000000,0.000000,0.150000,0.340000,0.000000,0.000000
1777207698.396856,0,0.000000,0.300000,0.000000,-0.070000,0.000000,0.000000,0.230000,0.310000,0.000000,0.000000
1777207698.412415,0,0.000000,0.300000,0.000000,-0.070000,0.000000,0.000000,0.010000,0.340000,0.000000,0.000000
1777207698.434618,0,0.000000,0.300000,0.000000,-0.030000,0.000000,0.000000,0.000000,0.310000,0.000000,0.020000
1777207698.441504,0,0.000000,0.300000,0.000000,-0.050000,0.000000,0.000000,0.070000,0.370000,0.180000,0.020000
1777207698.449146,0,0.000000,0.300000,0.000000,-0.100000,0.000000,0.000000,0.170000,0.430000,0.000000,0.000000
1777207698.472810,0,0.000000,0.300000,0.000000,0.000000,0.000000,0.000000,0.250000,0.340000,0.000000,0.000000
1777207698.486983,0,0.000000,0.300000,0.000000,-0.100000,0.000000,0.000000,0.330000,0.410000,0.030000,0.000000
1777207698.504700,0,0.000000,0.300000,0.000000,0.000000,0.000000,0.000000,0.410000,0.380000,0.000000,0.020000
1777207698.509432,0,0.000000,0.300000,0.000000,-0.100000,0.000000,0.000000,0.000000,0.410000,0.000000,0.000000
1777207698.547076,0,0.000000,0.300000,0.000000,-0.050000,0.000000,0.000000,0.100000,0.380000,0.000000,0.020000
1777207698.548241,0,0.000000,0.300000,0.000000,-0.090000,0.000000,0.000000,0.460000,0.370000,0.000000,0.000000
1777207698.561207,0,0.000000,0.300000,0.000000,0.000000,0.000000,0.000000,0.090000,0.310000,0.000000,0.000000
1777207698.585362,0,0.000000,0.300000,0.000000,0.340000,0.000000,0.000000,0.430000,0.310000,0.000000,0.340000
1777207698.589401,0,0.000000,0.300000,0.000000,0.000000,0.000000,0.000000,0.790000,0.180000,0.000000,0.000000
1777207698.615045,0,0.000000,0.300000,0.000000,-0.090000,0.000000,0.000000,0.230000,0.370000,0.000000,0.000000
1777207698.621402,0,0.000000,0.300000,0.000000,-0.100000,0.000000,0.000000,0.870000,0.410000,0.000000,0.000000
1777207698.644445,0,0.000000,0.300000,0.000000,0.000000,0.000000,0.000000,1.000000,0.300000,0.030000,0.020000
1777207698.659832,0,0.000000,0.300000,0.000000,0.000000,0.000000,0.000000,1.000000,0.310000,0.000000,0.000000
1777207698.672218,0,0.000000,0.300000,0.000000,-0.070000,0.000000,0.000000,1.000000,0.340000,0.000000,0.000000
1777207698.679666,0,0.000000,0.300000,0.000000,0.000000,0.000000,0.000000,1.000000,0.370000,0.000000,0.000000
1777207698.704686,0,0.000000,0.300000,0.000000,-0.100000,0.000000,0.000000,1.000000,0.410000,0.000000,0.000000
1777207698.710116,0,0.000000,0.300000,0.000000,0.000000,0.000000,0.000000,1.000000,0.340000,0.000000,0.020000
1777207698.742181,0,0.000000,0.300000,0.000000,0.000000,0.000000,0.000000,1.000000,0.370000,0.000000,0.020000
1777207698.745754,0,0.000000,0.300000,0.000000,0.000000,0.000000,0.000000,1.000000,0.370000,0.000000,0.020000
1777207698.770889,0,0.000000,0.300000,0.000000,-0.090000,0.000000,0.000000,1.000000,0.370000,0.030000,0.000000
1777207698.773373,0,0.000000,0.300000,0.000000,-0.070000,0.000000,0.000000,1.000000,0.310000,0.000000,0.000000
1777207698.786239,0,0.000000,0.300000,0.000000,0.000000,0.000000,0.000000,1.000000,0.250000,0.000000,0.000000
1777207698.808689,0,0.000000,0.300000,0.000000,0.000000,0.000000,0.000000,1.000000,0.340000,0.000000,0.000000
1777207698.825629,0,0.000000,0.300000,0.000000,-0.070000,0.000000,0.000000,1.000000,0.310000,0.000000,0.000000
1777207698.830432,0,0.000000,0.300000,0.000000,-0.090000,0.000000,0.000000,1.000000,0.370000,0.000000,0.000000
1777207698.862319,0,0.000000,0.300000,0.000000,-0.070000,0.000000,0.000000,0.280000,0.340000,0.000000,0.000000
1777207698.869986,0,0.000000,0.300000,0.000000,-0.090000,0.000000,0.000000,0.920000,0.380000,0.000000,0.000000
1777207698.886000,0,0.000000,0.300000,0.000000,-0.070000,0.000000,0.000000,1.000000,0.340000,0.000000,0.000000
1777207698.908015,0,0.000000,0.300000,0.000000,0.000000,0.000000,0.000000,1.000000,0.380000,0.030000,0.020000
1777207698.909184,0,0.000000,0.300000,0.000000,-0.090000,0.000000,0.000000,1.000000,0.370000,0.000000,0.000000
1777207698.928228,0,0.000000,0.300000,0.000000,0.000000,0.000000,0.000000,1.000000,0.340000,0.030000,0.000000
1777207698.950824,0,0.000000,0.300000,0.000000,-0.100000,0.000000,0.000000,1.000000,0.410000,0.030000,0.000000
1777207698.957394,0,0.000000,0.300000,0.000000,-0.050000,0.000000,0.000000,1.000000,0.370000,0.000000,0.020000
1777207698.980963,0,0.000000,0.300000,0.000000,-0.070000,0.000000,0.000000,1.000000,0.340000,0.000000,0.000000
1777207698.997499,0,0.000000,0.300000,0.000000,0.000000,0.000000,0.000000,1.000000,0.300000,0.000000,0.000000
1777207699.012024,0,0.000000,0.300000,0.000000,-0.070000,0.000000,0.000000,1.000000,0.310000,0.000000,0.000000
1777207699.027384,0,0.000000,0.300000,0.000000,-0.090000,0.000000,0.000000,1.000000,0.380000,0.000000,0.000000
1777207699.033435,0,0.000000,0.300000,0.000000,0.000000,0.000000,0.000000,1.000000,0.340000,0.030000,0.000000
1777207699.050431,0,0.000000,0.300000,0.000000,0.000000,0.000000,0.000000,0.230000,0.380000,0.000000,0.020000
1777207699.064435,0,0.000000,0.300000,0.000000,-0.090000,0.000000,0.000000,0.870000,0.370000,0.000000,0.000000
1777207699.087785,0,0.000000,0.300000,0.000000,0.000000,0.000000,0.000000,1.000000,0.340000,0.000000,0.000000
1777207699.102545,0,0.000000,0.300000,0.000000,0.000000,0.000000,0.000000,1.000000,0.300000,0.000000,0.000000
1777207699.108457,0,0.000000,0.300000,0.000000,0.000000,0.000000,0.000000,1.000000,0.340000,0.030000,0.050000
1777207699.140716,0,0.000000,0.300000,0.000000,0.000000,0.000000,0.000000,1.000000,0.370000,0.000000,0.000000
1777207699.145916,0,0.000000,0.300000,0.000000,0.000000,0.000000,0.000000,1.000000,0.370000,0.000000,0.020000
1777207699.162995,0,0.000000,0.300000,0.000000,-0.090000,0.000000,0.000000,1.000000,0.380000,0.000000,0.000000
1777207699.177137,0,0.000000,0.300000,0.000000,-0.090000,0.000000,0.000000,1.000000,0.370000,0.000000,0.000000
1777207699.201116,0,0.000000,0.300000,0.000000,-0.070000,0.000000,0.000000,1.000000,0.340000,0.000000,0.000000
1777207699.204283,0,0.000000,0.300000,0.000000,-0.100000,0.000000,0.000000,1.000000,0.460000,0.000000,0.000000
1777207699.219589,0,0.000000,0.300000,0.000000,0.000000,0.000000,0.000000,1.000000,0.300000,0.000000,0.000000
1777207699.235811,0,0.000000,0.300000,0.000000,0.000000,0.000000,0.000000,1.000000,0.340000,0.030000,0.020000
1777207699.259855,0,0.000000,0.300000,0.000000,-0.090000,0.000000,0.000000,1.000000,0.370000,0.030000,0.000000
1777207699.266165,0,0.000000,0.300000,0.000000,0.000000,0.000000,0.000000,1.000000,0.300000,0.000000,0.050000
1777207699.290459,0,0.000000,0.300000,0.000000,-0.090000,0.000000,0.000000,1.000000,0.380000,0.000000,0.000000
1777207699.295983,0,0.000000,0.300000,0.000000,-0.050000,0.000000,0.000000,1.000000,0.340000,0.000000,0.020000
1777207699.310060,0,0.000000,0.300000,0.000000,-0.050000,0.000000,0.000000,1.000000,0.340000,0.000000,0.020000
1777207699.332447,0,0.000000,0.300000,0.000000,0.000000,0.000000,0.000000,1.000000,0.310000,0.000000,0.000000
1777207699.340197,0,0.000000,0.300000,0.000000,0.000000,0.000000,0.000000,1.000000,0.370000,0.000000,0.020000
1777207699.361705,0,0.000000,0.300000,0.000000,0.000000,0.000000,0.000000,1.000000,0.340000,0.000000,0.000000
1777207699.363044,0,0.000000,0.300000,0.000000,0.000000,0.000000,0.000000,1.000000,0.340000,0.000000,0.000000
1777207699.393351,0,0.000000,0.300000,0.000000,-0.070000,0.000000,0.000000,1.000000,0.340000,0.030000,0.000000
1777207699.408652,0,0.000000,0.300000,0.000000,0.000000,0.000000,0.000000,1.000000,0.310000,0.030000,0.000000
1777207699.415362,0,0.000000,0.300000,0.000000,0.000000,0.000000,0.000000,1.000000,0.310000,0.000000,0.000000
1777207699.431345,0,0.000000,0.300000,0.000000,-0.090000,0.000000,0.000000,1.000000,0.380000,0.030000,0.000000
1777207699.456353,0,0.000000,0.300000,0.000000,0.000000,0.000000,0.000000,1.000000,0.340000,0.030000,0.050000
1777207699.468572,0,0.000000,0.300000,0.000000,0.000000,0.000000,0.000000,1.000000,0.380000,0.000000,0.000000
1777207699.475548,0,0.000000,0.300000,0.000000,-0.110000,0.000000,0.000000,1.000000,0.490000,0.030000,0.000000
1777207699.530340,0,0.000000,0.300000,0.000000,0.000000,0.000000,0.000000,1.000000,0.340000,0.000000,0.050000
1777207699.531594,0,0.000000,0.300000,0.000000,0.000000,0.000000,0.000000,1.000000,0.310000,0.030000,0.020000
1777207699.543987,0,0.000000,0.300000,0.000000,0.000000,0.000000,0.000000,1.000000,0.370000,0.090000,0.020000
1777207699.545379,0,0.000000,0.300000,0.000000,0.470000,0.000000,0.000000,1.000000,0.370000,0.000000,1.010000
1777207699.550885,0,0.000000,0.300000,0.000000,0.000000,0.000000,0.000000,1.000000,0.380000,0.000000,0.020000
1777207699.575951,0,0.000000,0.300000,0.000000,0.000000,0.000000,0.000000,1.000000,0.410000,0.000000,0.050000
1777207699.590118,0,0.000000,0.300000,0.000000,0.000000,0.000000,0.000000,1.000000,0.300000,0.000000,0.020000
1777207699.604425,0,0.000000,0.300000,0.000000,-0.050000,0.000000,0.000000,1.000000,0.270000,0.000000,0.000000
1777207699.618988,0,0.000000,0.300000,0.000000,-0.090000,0.000000,0.000000,1.000000,0.380000,0.000000,0.000000
1777207699.634580,0,0.000000,0.300000,0.000000,0.000000,0.000000,0.000000,1.000000,0.310000,0.030000,0.000000
1777207699.657168,0,0.000000,0.300000,0.000000,-0.070000,0.000000,0.000000,1.000000,0.310000,0.030000,0.000000
1777207699.663931,0,0.000000,0.300000,0.000000,-0.070000,0.000000,0.000000,0.360000,0.340000,0.000000,0.000000
1777207699.680502,0,0.000000,0.300000,0.000000,0.000000,0.000000,0.000000,0.950000,0.340000,0.000000,0.050000
1777207699.704125,0,0.000000,0.300000,0.000000,-0.090000,0.000000,0.000000,0.150000,0.380000,0.000000,0.000000
1777207699.705145,0,0.000000,0.300000,0.000000,-0.090000,0.000000,0.000000,0.680000,0.380000,0.000000,0.000000
1777207699.731988,0,0.000000,0.300000,0.000000,-0.090000,0.000000,0.000000,1.000000,0.370000,0.000000,0.000000
1777207699.738634,0,0.000000,0.300000,0.000000,0.300000,0.000000,0.000000,1.000000,0.310000,0.000000,0.100000
1777207699.770047,0,0.000000,0.300000,0.000000,0.000000,0.000000,0.000000,1.000000,0.370000,0.000000,0.000000
1777207699.772784,0,0.000000,0.300000,0.000000,-0.090000,0.000000,0.000000,1.000000,0.380000,0.000000,0.000000
1777207699.782878,0,0.000000,0.300000,0.000000,0.000000,0.000000,0.000000,1.000000,0.270000,0.000000,0.000000
1777207699.800256,0,0.000000,0.300000,0.000000,-0.070000,0.000000,0.000000,0.150000,0.310000,0.030000,0.000000
1777207699.813140,0,0.000000,0.300000,0.000000,-0.090000,0.000000,0.000000,0.730000,0.380000,0.000000,0.000000
1777207699.829411,0,0.000000,0.300000,0.000000,-0.100000,0.000000,0.000000,1.000000,0.460000,0.000000,0.000000
1777207699.843962,0,0.000000,0.300000,0.000000,-0.100000,0.000000,0.000000,1.000000,0.410000,0.000000,0.000000
1777207699.875383,0,0.000000,0.300000,0.000000,-0.100000,0.000000,0.000000,1.000000,0.410000,0.030000,0.000000
1777207699.878137,0,0.000000,0.300000,0.000000,0.000000,0.000000,0.000000,1.000000,0.310000,0.000000,0.050000
1777207699.890119,0,0.000000,0.300000,0.000000,-0.070000,0.000000,0.000000,1.000000,0.340000,0.000000,0.000000
1777207699.911335,0,0.000000,0.300000,0.000000,-0.090000,0.000000,0.000000,1.000000,0.380000,0.000000,0.000000
1777207699.919853,0,0.000000,0.300000,0.000000,0.000000,0.000000,0.000000,1.000000,0.310000,0.000000,0.020000
1777207699.936004,0,0.000000,0.300000,0.000000,-0.050000,0.000000,0.000000,1.000000,0.380000,0.000000,0.020000
1777207699.950202,0,0.000000,0.300000,0.000000,-0.100000,0.000000,0.000000,1.000000,0.410000,0.000000,0.000000
1777207699.965254,0,0.000000,0.300000,0.000000,0.000000,0.000000,0.000000,1.000000,0.340000,0.000000,0.020000
1777207699.987950,0,0.000000,0.300000,0.000000,0.000000,0.000000,0.000000,1.000000,0.250000,0.000000,0.000000
1777207699.994709,0,0.000000,0.300000,0.000000,-0.090000,0.000000,0.000000,1.000000,0.380000,0.000000,0.000000
1777207700.017798,0,0.000000,0.300000,0.000000,0.000000,0.000000,0.000000,0.230000,0.370000,0.000000,0.000000
1777207700.039697,0,0.000000,0.300000,0.000000,0.000000,0.000000,0.000000,0.830000,0.340000,0.000000,0.000000
1777207700.046141,0,0.000000,0.300000,0.000000,-0.090000,0.000000,0.000000,1.000000,0.380000,0.030000,0.000000
1777207700.055995,0,0.000000,0.300000,0.000000,-0.100000,0.000000,0.000000,1.000000,0.410000,0.000000,0.000000
1777207700.077637,0,0.000000,0.300000,0.000000,0.000000,0.000000,0.000000,1.000000,0.340000,0.090000,0.000000
1777207700.084153,0,0.000000,0.300000,0.000000,-0.070000,0.000000,0.000000,1.000000,0.300000,0.030000,0.000000
1777207700.106063,0,0.000000,0.300000,0.000000,0.000000,0.000000,0.000000,1.000000,0.250000,0.000000,0.000000
1777207700.113128,0,0.000000,0.300000,0.000000,-0.090000,0.000000,0.000000,1.000000,0.370000,0.030000,0.000000
1777207700.128514,0,0.000000,0.300000,0.000000,-0.090000,0.000000,0.000000,1.000000,0.370000,0.000000,0.000000
1777207700.144031,0,0.000000,0.300000,0.000000,-0.090000,0.000000,0.000000,1.000000,0.370000,0.000000,0.000000
1777207700.158630,0,0.000000,0.300000,0.000000,0.000000,0.000000,0.000000,1.000000,0.300000,0.000000,0.000000
1777207700.182968,0,0.000000,0.300000,0.000000,-0.090000,0.000000,0.000000,1.000000,0.370000,0.090000,0.000000
1777207700.188254,0,0.000000,0.300000,0.000000,-0.070000,0.000000,0.000000,0.000000,0.340000,0.000000,0.000000
1777207700.204510,0,0.000000,0.300000,0.000000,-0.070000,0.000000,0.000000,0.510000,0.340000,0.000000,0.000000
1777207700.224712,0,0.000000,0.300000,0.000000,-0.030000,0.000000,0.000000,1.000000,0.310000,0.000000,0.020000
1777207700.232624,0,0.000000,0.300000,0.000000,-0.100000,0.000000,0.000000,1.000000,0.410000,0.000000,0.000000
1777207700.247744,0,0.000000,0.300000,0.000000,0.000000,0.000000,0.000000,1.000000,0.340000,0.000000,0.020000
1777207700.279784,0,0.000000,0.300000,0.000000,0.000000,0.000000,0.000000,1.000000,0.340000,0.000000,0.000000
1777207700.281788,0,0.000000,0.300000,0.000000,-0.090000,0.000000,0.000000,1.000000,0.380000,0.000000,0.000000
1777207700.294591,0,0.000000,0.300000,0.000000,-0.090000,0.000000,0.000000,1.000000,0.370000,0.000000,0.000000
1777207700.312459,0,0.000000,0.300000,0.000000,-0.100000,0.000000,0.000000,1.000000,0.410000,0.000000,0.000000
1777207700.329259,0,0.000000,0.300000,0.000000,0.000000,0.000000,0.000000,1.000000,0.410000,0.000000,0.050000
1777207700.345278,0,0.000000,0.300000,0.000000,-0.090000,0.000000,0.000000,1.000000,0.370000,0.000000,0.000000
1777207700.352372,0,0.000000,0.300000,0.000000,-0.090000,0.000000,0.000000,1.000000,0.380000,0.000000,0.000000
1777207700.375304,0,0.000000,0.300000,0.000000,0.000000,0.000000,0.000000,1.000000,0.310000,0.000000,0.000000
1777207700.382425,0,0.000000,0.300000,0.000000,0.000000,0.000000,0.000000,1.000000,0.340000,0.000000,0.000000
1777207700.406744,0,0.000000,0.300000,0.000000,0.000000,0.000000,0.000000,1.000000,0.370000,0.090000,0.000000
1777207700.412443,0,0.000000,0.300000,0.000000,0.000000,0.000000,0.000000,1.000000,0.340000,0.000000,0.000000
1777207700.444857,0,0.000000,0.300000,0.000000,-0.090000,0.000000,0.000000,1.000000,0.380000,0.000000,0.000000
1777207700.449192,0,0.000000,0.300000,0.000000,0.000000,0.000000,0.000000,1.000000,0.310000,0.090000,0.000000
1777207700.465195,0,0.000000,0.300000,0.000000,-0.070000,0.000000,0.000000,1.000000,0.300000,0.000000,0.000000
1777207700.489232,0,0.000000,0.300000,0.000000,-0.090000,0.000000,0.000000,1.000000,0.380000,0.000000,0.000000
1777207700.495830,0,0.000000,0.300000,0.000000,-0.090000,0.000000,0.000000,1.000000,0.380000,0.090000,0.000000
1777207700.512528,0,0.000000,0.300000,0.000000,0.000000,0.000000,0.000000,1.000000,0.370000,0.000000,0.000000
1777207700.528854,0,0.000000,0.300000,0.000000,0.000000,0.000000,0.000000,1.000000,0.300000,0.000000,0.000000
1777207700.548991,0,0.000000,0.300000,0.000000,0.000000,0.000000,0.000000,0.250000,0.310000,0.000000,0.000000
1777207700.563721,0,0.000000,0.300000,0.000000,0.000000,0.000000,0.000000,0.800000,0.380000,0.030000,0.000000
1777207700.570762,0,0.000000,0.300000,0.000000,-0.090000,0.000000,0.000000,1.000000,0.370000,0.000000,0.000000
1777207700.588316,0,0.000000,0.300000,0.000000,0.000000,0.000000,0.000000,1.000000,0.300000,0.000000,0.000000
1777207700.601469,0,0.000000,0.300000,0.000000,0.000000,0.000000,0.000000,1.000000,0.340000,0.000000,0.000000
1777207700.625060,0,0.000000,0.300000,0.000000,-0.070000,0.000000,0.000000,1.000000,0.340000,0.000000,0.000000
1777207700.631141,0,0.000000,0.300000,0.000000,0.000000,0.000000,0.000000,0.070000,0.380000,0.000000,0.000000
1777207700.648015,0,0.000000,0.300000,0.000000,0.000000,0.000000,0.000000,0.680000,0.340000,0.000000,0.050000
1777207700.670757,0,0.000000,0.300000,0.000000,-0.070000,0.000000,0.000000,1.000000,0.340000,0.000000,0.000000
1777207700.675892,0,0.000000,0.300000,0.000000,-0.090000,0.000000,0.000000,1.000000,0.370000,0.030000,0.000000
1777207700.690504,0,0.000000,0.300000,0.000000,-0.070000,0.000000,0.000000,1.000000,0.340000,0.000000,0.000000
1777207700.705922,0,0.000000,0.300000,0.000000,0.000000,0.000000,0.000000,1.000000,0.270000,0.000000,0.020000
1777207700.729697,0,0.000000,0.300000,0.000000,-0.120000,0.000000,0.000000,1.000000,0.510000,0.000000,0.000000
1777207700.735138,0,0.000000,0.300000,0.000000,-0.090000,0.000000,0.000000,1.000000,0.380000,0.000000,0.000000
1777207700.758754,0,0.000000,0.300000,0.000000,-0.090000,0.000000,0.000000,1.000000,0.380000,0.030000,0.000000
1777207700.783124,0,0.000000,0.300000,0.000000,0.000000,0.000000,0.000000,1.000000,0.340000,0.030000,0.000000
1777207700.787671,0,0.000000,0.300000,0.000000,0.000000,0.000000,0.000000,1.000000,0.340000,0.000000,0.000000
1777207700.805631,0,0.000000,0.300000,0.000000,0.000000,0.000000,0.000000,1.000000,0.310000,0.000000,0.020000
1777207700.826258,0,0.000000,0.300000,0.000000,0.000000,0.000000,0.000000,1.000000,0.310000,0.000000,0.020000
1777207700.827945,0,0.000000,0.300000,0.000000,-0.050000,0.000000,0.000000,1.000000,0.270000,0.000000,0.000000
1777207700.849507,0,0.000000,0.300000,0.000000,0.000000,0.000000,0.000000,1.000000,0.380000,0.000000,0.000000
1777207700.866718,0,0.000000,0.300000,0.000000,-0.070000,0.000000,0.000000,1.000000,0.340000,0.000000,0.000000
1777207700.878511,0,0.000000,0.300000,0.000000,0.000000,0.000000,0.000000,1.000000,0.340000,0.000000,0.020000
1777207700.895034,0,0.000000,0.300000,0.000000,-0.150000,0.000000,0.000000,1.000000,0.620000,0.090000,0.000000
1777207700.908164,0,0.000000,0.300000,0.000000,-0.100000,0.000000,0.000000,1.000000,0.410000,0.000000,0.000000
1777207700.938916,0,0.000000,0.300000,0.000000,0.000000,0.000000,0.000000,1.000000,0.310000,0.000000,0.000000
1777207700.941374,0,0.000000,0.300000,0.000000,-0.050000,0.000000,0.000000,1.000000,0.340000,0.090000,0.020000
1777207700.964422,0,0.000000,0.300000,0.000000,0.000000,0.000000,0.000000,1.000000,0.310000,0.000000,0.020000
1777207700.968343,0,0.000000,0.300000,0.000000,-0.070000,0.000000,0.000000,1.000000,0.340000,0.000000,0.000000
1777207700.990592,0,0.000000,0.300000,0.000000,-0.100000,0.000000,0.000000,1.000000,0.410000,0.030000,0.000000
1777207700.997983,0,0.000000,0.300000,0.000000,0.000000,0.000000,0.000000,1.000000,0.300000,0.000000,0.000000
1777207701.022393,0,0.000000,0.300000,0.000000,0.000000,0.000000,0.000000,1.000000,0.340000,0.000000,0.000000
1777207701.027914,0,0.000000,0.300000,0.000000,-0.100000,0.000000,0.000000,1.000000,0.410000,0.000000,0.000000
1777207701.051727,0,0.000000,0.300000,0.000000,-0.090000,0.000000,0.000000,1.000000,0.380000,0.000000,0.000000
1777207701.058078,0,0.000000,0.300000,0.000000,0.300000,0.000000,0.000000,1.000000,0.340000,0.000000,0.100000
1777207701.074437,0,0.000000,0.300000,0.000000,-0.090000,0.000000,0.000000,1.000000,0.380000,0.000000,0.000000
1777207701.088742,0,0.000000,0.300000,0.000000,-0.090000,0.000000,0.000000,1.000000,0.370000,0.030000,0.000000
1777207701.111763,0,0.000000,0.300000,0.000000,-0.090000,0.000000,0.000000,0.100000,0.370000,0.000000,0.000000
1777207701.119393,0,0.000000,0.300000,0.000000,0.000000,0.000000,0.000000,0.730000,0.370000,0.000000,0.050000
1777207701.142427,0,0.000000,0.300000,0.000000,0.000000,0.000000,0.000000,1.000000,0.340000,0.000000,0.000000
1777207701.149381,0,0.000000,0.300000,0.000000,0.000000,0.000000,0.000000,1.000000,0.340000,0.000000,0.000000
1777207701.164719,0,0.000000,0.300000,0.000000,0.000000,0.000000,0.000000,1.000000,0.310000,0.000000,0.000000
1777207701.187319,0,0.000000,0.300000,0.000000,0.000000,0.000000,0.000000,1.000000,0.370000,0.000000,0.000000
1777207701.201467,0,0.000000,0.300000,0.000000,-0.090000,0.000000,0.000000,1.000000,0.380000,0.030000,0.000000
1777207701.208672,0,0.000000,0.300000,0.000000,0.000000,0.000000,0.000000,1.000000,0.310000,0.000000,0.000000
1777207701.231973,0,0.000000,0.300000,0.000000,-0.050000,0.000000,0.000000,1.000000,0.250000,0.000000,0.000000
1777207701.238501,0,0.000000,0.300000,0.000000,-0.090000,0.000000,0.000000,1.000000,0.380000,0.120000,0.000000
1777207701.254637,0,0.000000,0.300000,0.000000,-0.090000,0.000000,0.000000,1.000000,0.370000,0.000000,0.000000
1777207701.284555,0,0.000000,0.300000,0.000000,-0.070000,0.000000,0.000000,1.000000,0.310000,0.030000,0.000000
1777207701.299030,0,0.000000,0.300000,0.000000,0.000000,0.000000,0.000000,1.000000,0.340000,0.030000,0.000000
1777207701.301620,0,0.000000,0.300000,0.000000,-0.090000,0.000000,0.000000,1.000000,0.370000,0.030000,0.000000
1777207701.322155,0,0.000000,0.300000,0.000000,-0.070000,0.000000,0.000000,1.000000,0.340000,0.000000,0.000000
1777207701.343148,0,0.000000,0.300000,0.000000,-0.070000,0.000000,0.000000,1.000000,0.300000,0.000000,0.000000
1777207701.351037,0,0.000000,0.300000,0.000000,-0.070000,0.000000,0.000000,1.000000,0.340000,0.000000,0.000000
1777207701.364968,0,0.000000,0.300000,0.000000,0.000000,0.000000,0.000000,1.000000,0.300000,0.000000,0.000000
1777207701.372467,0,0.000000,0.300000,0.000000,-0.090000,0.000000,0.000000,1.000000,0.370000,0.000000,0.000000
1777207701.395539,0,0.000000,0.300000,0.000000,-0.090000,0.000000,0.000000,1.000000,0.370000,0.030000,0.000000
1777207701.419485,0,0.000000,0.300000,0.000000,-0.090000,0.000000,0.000000,1.000000,0.380000,0.030000,0.000000
1777207701.426400,0,0.000000,0.300000,0.000000,-0.090000,0.000000,0.000000,1.000000,0.370000,0.210000,0.000000
1777207701.441474,0,0.000000,0.300000,0.000000,0.000000,0.000000,0.000000,1.000000,0.370000,0.000000,0.000000
1777207701.464341,0,0.000000,0.300000,0.000000,0.000000,0.000000,0.000000,1.000000,0.310000,0.000000,0.000000
1777207701.466113,0,0.000000,0.300000,0.000000,-0.070000,0.000000,0.000000,1.000000,0.340000,0.000000,0.000000
1777207701.486185,0,0.000000,0.300000,0.000000,0.000000,0.000000,0.000000,1.000000,0.310000,0.000000,0.000000
1777207701.502792,0,0.000000,0.300000,0.000000,-0.020000,0.000000,0.000000,1.000000,0.410000,0.000000,0.050000
1777207701.524788,0,0.000000,0.300000,0.000000,-0.090000,0.000000,0.000000,1.000000,0.370000,0.000000,0.000000
1777207701.530623,0,0.000000,0.300000,0.000000,-0.090000,0.000000,0.000000,1.000000,0.380000,0.000000,0.000000
1777207701.553508,0,0.000000,0.300000,0.000000,-0.090000,0.000000,0.000000,1.000000,0.370000,0.000000,0.000000
1777207701.560368,0,0.000000,0.300000,0.000000,-0.070000,0.000000,0.000000,1.000000,0.310000,0.000000,0.000000
1777207701.576492,0,0.000000,0.300000,0.000000,-0.100000,0.000000,0.000000,1.000000,0.410000,0.030000,0.000000
1777207701.599452,0,0.000000,0.300000,0.000000,0.000000,0.000000,0.000000,1.000000,0.370000,0.000000,0.020000
1777207701.621845,0,0.000000,0.300000,0.000000,-0.070000,0.000000,0.000000,1.000000,0.310000,0.000000,0.000000
1777207701.637083,0,0.000000,0.300000,0.000000,-0.090000,0.000000,0.000000,1.000000,0.370000,0.000000,0.000000
1777207701.642664,0,0.000000,0.300000,0.000000,0.000000,0.000000,0.000000,1.000000,0.310000,0.000000,0.000000
1777207701.650463,0,0.000000,0.300000,0.000000,0.000000,0.000000,0.000000,1.000000,0.310000,0.000000,0.020000
1777207701.674629,0,0.000000,0.300000,0.000000,-0.090000,0.000000,0.000000,1.000000,0.370000,0.000000,0.000000
1777207701.688648,0,0.000000,0.300000,0.000000,0.000000,0.000000,0.000000,0.180000,0.340000,0.000000,0.000000
1777207701.704313,0,0.000000,0.300000,0.000000,0.000000,0.000000,0.000000,0.800000,0.230000,0.000000,0.000000
1777207701.740279,0,0.000000,0.300000,0.000000,-0.070000,0.000000,0.000000,1.000000,0.340000,0.000000,0.000000
1777207701.742585,0,0.000000,0.300000,0.000000,0.000000,0.000000,0.000000,1.000000,0.460000,0.000000,0.100000
1777207701.747685,0,0.000000,0.300000,0.000000,-0.090000,0.000000,0.000000,1.000000,0.380000,0.000000,0.000000
1777207701.763648,0,0.000000,0.300000,0.000000,0.310000,0.000000,0.000000,1.000000,0.380000,0.030000,0.230000
1777207701.779326,0,0.000000,0.300000,0.000000,-0.020000,0.000000,0.000000,1.000000,0.270000,0.000000,0.020000
1777207701.792517,0,0.000000,0.300000,0.000000,0.000000,0.000000,0.000000,1.000000,0.340000,0.000000,0.020000
1777207701.815968,0,0.000000,0.300000,0.000000,-0.070000,0.000000,0.000000,1.000000,0.300000,0.000000,0.000000
1777207701.822346,0,0.000000,0.300000,0.000000,-0.090000,0.000000,0.000000,1.000000,0.370000,0.000000,0.000000
1777207701.838430,0,0.000000,0.300000,0.000000,0.000000,0.000000,0.000000,1.000000,0.310000,0.000000,0.000000
1777207701.854885,0,0.000000,0.300000,0.000000,0.000000,0.000000,0.000000,1.000000,0.270000,0.000000,0.000000
1777207701.876071,0,0.000000,0.300000,0.000000,-0.090000,0.000000,0.000000,1.000000,0.380000,0.000000,0.000000
1777207701.883564,0,0.000000,0.300000,0.000000,-0.070000,0.000000,0.000000,1.000000,0.340000,0.030000,0.000000
1777207701.907172,0,0.000000,0.300000,0.000000,0.000000,0.000000,0.000000,1.000000,0.340000,0.000000,0.000000
1777207701.908484,0,0.000000,0.300000,0.000000,-0.100000,0.000000,0.000000,1.000000,0.410000,0.030000,0.000000
1777207701.929146,0,0.000000,0.300000,0.000000,0.000000,0.000000,0.000000,1.000000,0.310000,0.000000,0.020000
1777207701.944074,0,0.000000,0.300000,0.000000,0.000000,0.000000,0.000000,1.000000,0.310000,0.000000,0.020000
1777207701.967385,0,0.000000,0.300000,0.000000,0.000000,0.000000,0.000000,1.000000,0.340000,0.000000,0.000000
1777207701.981436,0,0.000000,0.300000,0.000000,0.000000,0.000000,0.000000,1.000000,0.180000,0.000000,0.020000
1777207701.988490,0,0.000000,0.300000,0.000000,0.000000,0.000000,0.000000,0.150000,0.300000,0.000000,0.000000
1777207702.014310,0,0.000000,0.300000,0.000000,0.000000,0.000000,0.000000,0.730000,0.370000,0.030000,0.020000
1777207702.017593,0,0.000000,0.300000,0.000000,0.000000,0.000000,0.000000,1.000000,0.380000,0.000000,0.020000
1777207702.033261,0,0.000000,0.300000,0.000000,-0.070000,0.000000,0.000000,1.000000,0.340000,0.030000,0.000000
1777207702.048652,0,0.000000,0.300000,0.000000,0.000000,0.000000,0.000000,1.000000,0.310000,0.000000,0.020000
1777207702.071951,0,0.000000,0.300000,0.000000,0.000000,0.000000,0.000000,1.000000,0.430000,0.000000,0.100000
1777207702.086904,0,0.000000,0.300000,0.000000,-0.090000,0.000000,0.000000,1.000000,0.380000,0.000000,0.000000
1777207702.103730,0,0.000000,0.300000,0.000000,0.000000,0.000000,0.000000,1.000000,0.300000,0.000000,0.000000
1777207702.116704,0,0.000000,0.300000,0.000000,-0.100000,0.000000,0.000000,1.000000,0.430000,0.030000,0.000000
1777207702.130464,0,0.000000,0.300000,0.000000,0.000000,0.000000,0.000000,0.180000,0.340000,0.000000,0.000000
1777207702.147413,0,0.000000,0.300000,0.000000,-0.100000,0.000000,0.000000,0.750000,0.560000,0.000000,0.020000
1777207702.162132,0,0.000000,0.300000,0.000000,-0.070000,0.000000,0.000000,0.110000,0.340000,0.000000,0.000000
1777207702.174473,0,0.000000,0.300000,0.000000,0.000000,0.000000,0.000000,0.790000,0.340000,0.000000,0.020000
1777207702.198797,0,0.000000,0.300000,0.000000,-0.050000,0.000000,0.000000,1.000000,0.270000,0.000000,0.000000
1777207702.199656,0,0.000000,0.300000,0.000000,-0.100000,0.000000,0.000000,1.000000,0.430000,0.030000,0.000000
1777207702.221096,0,0.000000,0.300000,0.000000,-0.090000,0.000000,0.000000,1.000000,0.380000,0.000000,0.000000
1777207702.291116,0,0.000000,0.300000,0.000000,0.000000,0.000000,0.000000,1.000000,0.310000,0.030000,0.000000
1777207702.291829,0,0.000000,0.300000,0.000000,-0.090000,0.000000,0.000000,1.000000,0.370000,0.000000,0.000000
1777207702.293043,0,0.000000,0.300000,0.000000,-0.090000,0.000000,0.000000,1.000000,0.380000,0.000000,0.000000
1777207702.293470,0,0.000000,0.300000,0.000000,0.000000,0.000000,0.000000,1.000000,0.340000,0.090000,0.020000
1777207702.339421,0,0.000000,0.300000,0.000000,0.300000,0.000000,0.000000,1.000000,0.340000,0.000000,0.120000
1777207702.339957,0,0.000000,0.300000,0.000000,-0.090000,0.000000,0.000000,1.000000,0.380000,0.000000,0.000000
1777207702.390182,0,0.000000,0.300000,0.000000,0.000000,0.000000,0.000000,1.000000,0.340000,0.000000,0.020000
1777207702.391438,0,0.000000,1.000000,0.000000,-0.090000,0.000000,0.000000,1.000000,0.380000,0.000000,0.000000
1777207702.420285,0,0.000000,1.000000,0.000000,1.000000,0.000000,0.000000,1.000000,0.410000,0.000000,0.020000
1777207702.453662,0,0.000000,1.000000,0.000000,1.000000,0.000000,0.000000,1.000000,0.340000,0.000000,0.050000
1777207702.454180,0,0.000000,1.000000,0.000000,1.000000,0.000000,0.000000,1.000000,0.380000,0.030000,0.000000
1777207702.486207,0,0.000000,1.000000,0.000000,1.000000,0.000000,0.000000,1.000000,0.340000,0.000000,0.000000
1777207702.486768,0,0.000000,1.000000,0.000000,1.000000,0.000000,0.000000,1.000000,0.430000,0.000000,0.000000
1777207702.520362,0,0.000000,1.000000,0.000000,1.000000,0.000000,0.000000,1.000000,0.310000,0.030000,0.020000
1777207702.520866,0,0.000000,1.000000,0.000000,1.000000,0.000000,0.000000,1.000000,0.340000,0.030000,0.000000
1777207702.553759,0,0.000000,1.000000,0.000000,1.000000,0.000000,0.000000,1.000000,0.380000,0.000000,0.000000
1777207702.554243,0,0.000000,1.000000,0.000000,1.000000,0.000000,0.000000,1.000000,0.340000,0.030000,0.000000
1777207702.587655,0,0.000000,1.000000,0.000000,1.000000,0.000000,0.000000,1.000000,0.310000,0.000000,0.000000
1777207702.588200,0,0.000000,1.000000,0.000000,1.000000,0.000000,0.000000,1.000000,0.370000,0.030000,0.120000
1777207702.588591,0,0.000000,1.000000,0.000000,1.000000,0.000000,0.000000,1.000000,0.310000,0.030000,0.000000
1777207702.621814,0,0.000000,1.000000,0.000000,1.000000,0.000000,0.000000,1.000000,0.370000,0.030000,0.300000
1777207702.622315,0,0.000000,1.000000,0.000000,1.000000,0.000000,0.000000,1.000000,0.310000,0.000000,0.000000
1777207702.653977,0,0.000000,1.000000,0.000000,1.000000,0.000000,0.000000,1.000000,0.340000,0.000000,0.020000
1777207702.654686,0,0.000000,1.000000,0.000000,1.000000,0.000000,0.000000,1.000000,0.270000,0.000000,0.200000
1777207702.689004,0,0.000000,1.000000,0.000000,1.000000,0.000000,0.000000,0.200000,0.340000,0.030000,0.000000
1777207702.689497,0,0.000000,1.000000,0.000000,1.000000,0.000000,0.000000,0.820000,0.310000,0.000000,0.020000
1777207702.721947,0,0.000000,1.000000,0.000000,1.000000,0.000000,0.000000,1.000000,0.310000,0.030000,0.050000
1777207702.722455,0,0.000000,1.000000,0.000000,1.000000,0.000000,0.000000,1.000000,0.370000,0.030000,0.000000
1777207702.754297,0,0.000000,1.000000,0.000000,1.000000,0.000000,0.000000,1.000000,0.370000,0.000000,0.000000
1777207702.754889,0,0.000000,1.000000,0.000000,1.000000,0.000000,0.000000,1.000000,0.300000,0.030000,0.020000
1777207702.755328,0,0.000000,1.000000,0.000000,1.000000,0.000000,0.000000,0.070000,0.310000,0.000000,0.000000
1777207702.789071,0,0.000000,1.000000,0.000000,1.000000,0.000000,0.000000,0.690000,0.410000,0.000000,0.050000
1777207702.789566,0,0.000000,1.000000,0.000000,1.000000,0.000000,0.000000,1.000000,0.270000,0.000000,0.000000
1777207702.822439,0,0.000000,1.000000,0.000000,1.000000,0.000000,0.000000,1.000000,0.340000,0.030000,0.020000
1777207702.823076,0,0.000000,1.000000,0.000000,1.000000,0.000000,0.000000,0.030000,0.340000,0.000000,0.020000
1777207702.855790,0,0.000000,1.000000,0.000000,1.000000,0.000000,0.000000,0.370000,0.340000,0.000000,0.000000
1777207702.856417,0,0.000000,1.000000,0.000000,1.000000,0.000000,0.000000,0.750000,0.370000,0.000000,0.000000
1777207702.888697,0,0.000000,1.000000,0.000000,1.000000,0.000000,0.000000,0.100000,0.310000,0.000000,0.000000
1777207702.889184,0,0.000000,1.000000,0.000000,1.000000,0.000000,0.000000,0.460000,0.380000,0.000000,0.000000
1777207702.889672,0,0.000000,1.000000,0.000000,1.000000,0.000000,0.000000,0.810000,0.380000,0.000000,0.020000
1777207702.921304,0,0.000000,1.000000,0.000000,1.000000,0.000000,0.000000,1.000000,0.370000,0.090000,0.000000
1777207702.921822,0,0.000000,1.000000,0.000000,1.000000,0.000000,0.000000,1.000000,0.380000,0.000000,0.100000
1777207702.957052,0,0.000000,1.000000,0.000000,1.000000,0.000000,0.000000,0.000000,0.370000,0.000000,0.100000
1777207702.957591,0,0.000000,1.000000,0.000000,1.000000,0.000000,0.000000,0.210000,0.340000,0.000000,0.000000
1777207702.991177,0,0.000000,1.000000,0.000000,1.000000,0.000000,0.000000,0.440000,0.310000,0.000000,0.000000
1777207702.991737,0,0.000000,1.000000,0.000000,1.000000,0.000000,0.000000,0.120000,0.370000,0.030000,0.000000
1777207703.024598,0,0.000000,1.000000,0.000000,1.000000,0.000000,0.000000,0.430000,0.340000,0.000000,0.020000
1777207703.025107,0,0.000000,1.000000,0.000000,1.000000,0.000000,0.000000,0.730000,0.270000,0.090000,0.050000
1777207703.058037,0,0.000000,1.000000,0.000000,1.000000,0.000000,0.000000,1.000000,0.370000,0.000000,0.000000
1777207703.058737,0,0.000000,1.000000,0.000000,1.000000,0.000000,0.000000,1.000000,0.340000,0.030000,0.000000
1777207703.090894,0,0.000000,1.000000,0.000000,1.000000,0.000000,0.000000,1.000000,0.340000,0.000000,0.020000
1777207703.091423,0,0.000000,1.000000,0.000000,1.000000,0.000000,0.000000,1.000000,0.410000,0.030000,0.000000
1777207703.091916,0,0.000000,1.000000,0.000000,1.000000,0.000000,0.000000,1.000000,0.380000,0.000000,0.000000
1777207703.125389,0,0.000000,1.000000,0.000000,1.000000,0.000000,0.000000,1.000000,0.380000,0.030000,0.000000
1777207703.157331,0,0.000000,1.000000,0.000000,1.000000,0.000000,0.000000,1.000000,0.340000,0.030000,0.000000
1777207703.157815,0,0.000000,1.000000,0.000000,1.000000,0.000000,0.000000,1.000000,0.310000,0.000000,0.020000
1777207703.158196,0,0.000000,1.000000,0.000000,1.000000,0.000000,0.000000,1.000000,0.380000,0.090000,0.000000
1777207703.190462,0,0.000000,1.000000,0.000000,1.000000,0.000000,0.000000,1.000000,0.380000,0.030000,0.000000
1777207703.191022,0,0.000000,1.000000,0.000000,1.000000,0.000000,0.000000,1.000000,0.380000,0.030000,0.000000
1777207703.223606,0,0.000000,1.000000,0.000000,1.000000,0.000000,0.000000,1.000000,0.310000,0.030000,0.000000
1777207703.224113,0,0.000000,1.000000,0.000000,1.000000,0.000000,0.000000,1.000000,0.310000,0.030000,0.000000
1777207703.255161,0,0.000000,1.000000,0.000000,1.000000,0.000000,0.000000,1.000000,0.430000,0.120000,0.020000
1777207703.255666,0,0.000000,1.000000,0.000000,1.000000,0.000000,0.000000,1.000000,0.370000,0.000000,0.020000
1777207703.286565,0,0.000000,1.000000,0.000000,1.000000,0.000000,0.000000,1.000000,0.720000,0.000000,0.000000
1777207703.287070,0,0.000000,1.000000,0.000000,1.000000,0.000000,0.000000,1.000000,0.340000,0.000000,0.000000
1777207703.287474,0,0.000000,1.000000,0.000000,1.000000,0.000000,0.000000,1.000000,0.380000,0.030000,0.000000
1777207703.319185,0,0.000000,1.000000,0.000000,1.000000,0.000000,0.000000,1.000000,0.340000,0.000000,0.000000
1777207703.319668,0,0.000000,1.000000,0.000000,1.000000,0.000000,0.000000,1.000000,0.310000,0.000000,0.020000
1777207703.352158,0,0.000000,1.000000,0.000000,1.000000,0.000000,0.000000,1.000000,0.370000,0.000000,0.050000
1777207703.352660,0,0.000000,1.000000,0.000000,1.000000,0.000000,0.000000,1.000000,0.380000,0.030000,0.300000
1777207703.385585,0,0.000000,1.000000,0.000000,1.000000,0.000000,0.000000,1.000000,0.370000,0.000000,0.020000
1777207703.386086,0,0.000000,1.000000,0.000000,1.000000,0.000000,0.000000,1.000000,0.380000,0.000000,0.000000
1777207703.418955,0,0.000000,1.000000,0.000000,1.000000,0.000000,0.000000,1.000000,0.310000,0.000000,0.020000
1777207703.450804,0,0.000000,1.000000,0.000000,1.000000,0.000000,0.000000,1.000000,0.430000,0.030000,0.000000
1777207703.451358,0,0.000000,1.000000,0.000000,1.000000,0.000000,0.000000,1.000000,0.370000,0.030000,0.020000
1777207703.451790,0,0.000000,1.000000,0.000000,1.000000,0.000000,0.000000,1.000000,0.310000,0.000000,0.020000
1777207703.484776,0,0.000000,1.000000,0.000000,1.000000,0.000000,0.000000,1.000000,0.340000,0.000000,0.000000
1777207703.485344,0,0.000000,1.000000,0.000000,1.000000,0.000000,0.000000,1.000000,0.370000,0.000000,0.000000
1777207703.517384,0,0.000000,1.000000,0.000000,1.000000,0.000000,0.000000,0.020000,0.380000,0.030000,0.020000
1777207703.517890,0,0.000000,1.000000,0.000000,1.000000,0.000000,0.000000,0.310000,0.380000,0.120000,0.020000
1777207703.518508,0,0.000000,1.000000,0.000000,1.000000,0.000000,0.000000,0.600000,0.410000,0.030000,0.000000
1777207703.550023,0,0.000000,1.000000,0.000000,1.000000,0.000000,0.000000,0.870000,0.380000,0.000000,0.020000
1777207703.550527,0,0.000000,1.000000,0.000000,1.000000,0.000000,0.000000,1.000000,0.370000,0.000000,0.000000
1777207703.582817,0,0.000000,1.000000,0.000000,1.000000,0.000000,0.000000,1.000000,0.310000,0.000000,0.000000
1777207703.614770,0,0.000000,1.000000,0.000000,1.000000,0.000000,0.000000,1.000000,0.430000,0.000000,0.000000
1777207703.615332,0,0.000000,1.000000,0.000000,1.000000,0.000000,0.000000,1.000000,0.370000,0.030000,0.020000
1777207703.615916,0,0.000000,1.000000,0.000000,1.000000,0.000000,0.000000,1.000000,0.300000,0.000000,0.020000
1777207703.616798,0,0.000000,1.000000,0.000000,1.000000,0.000000,0.000000,1.000000,0.340000,0.000000,0.020000
1777207703.649195,0,0.000000,1.000000,0.000000,1.000000,0.000000,0.000000,1.000000,0.340000,0.000000,0.000000
1777207703.681252,0,0.000000,1.000000,0.000000,1.000000,0.000000,0.000000,1.000000,0.370000,0.000000,0.000000
1777207703.682197,0,0.000000,1.000000,0.000000,1.000000,0.000000,0.000000,1.000000,0.300000,0.000000,0.000000
1777207703.682832,0,0.000000,1.000000,0.000000,1.000000,0.000000,0.000000,1.000000,0.410000,0.000000,0.020000
1777207703.715235,0,0.000000,1.000000,0.000000,1.000000,0.000000,0.000000,1.000000,0.340000,0.000000,0.050000
1777207703.715829,0,0.000000,1.000000,0.000000,1.000000,0.000000,0.000000,1.000000,0.340000,0.030000,0.000000
1777207703.748335,0,0.000000,1.000000,0.000000,1.000000,0.000000,0.000000,1.000000,0.310000,0.000000,0.000000
1777207703.780350,0,0.000000,1.000000,0.000000,1.000000,0.000000,0.000000,1.000000,0.340000,0.030000,0.000000
1777207703.780847,0,0.000000,1.000000,0.000000,1.000000,0.000000,0.000000,1.000000,0.370000,0.000000,0.000000
1777207703.781262,0,0.000000,1.000000,0.000000,1.000000,0.000000,0.000000,1.000000,0.340000,0.000000,0.000000
1777207703.813485,0,0.000000,1.000000,0.000000,1.000000,0.000000,0.000000,1.000000,0.410000,0.000000,0.000000
1777207703.813983,0,0.000000,1.000000,0.000000,1.000000,0.000000,0.000000,1.000000,0.340000,0.030000,0.020000
1777207703.848040,0,0.000000,1.000000,0.000000,1.000000,0.000000,0.000000,1.000000,0.310000,0.030000,0.020000
1777207703.848561,0,0.000000,1.000000,0.000000,1.000000,0.000000,0.000000,1.000000,0.380000,0.030000,0.000000
1777207703.879601,0,0.000000,1.000000,0.000000,1.000000,0.000000,0.000000,1.000000,0.370000,0.030000,0.000000
1777207703.880097,0,0.000000,1.000000,0.000000,1.000000,0.000000,0.000000,1.000000,0.270000,0.000000,0.000000
1777207703.880486,0,0.000000,1.000000,0.000000,1.000000,0.000000,0.000000,1.000000,0.380000,0.000000,0.340000
1777207703.939181,0,0.000000,1.000000,0.000000,1.000000,0.000000,0.000000,1.000000,0.300000,0.030000,0.000000
1777207703.939705,0,0.000000,1.000000,0.000000,1.000000,0.000000,0.000000,1.000000,0.310000,0.000000,0.000000
1777207703.940102,0,0.000000,1.000000,0.000000,1.000000,0.000000,0.000000,1.000000,0.340000,0.000000,0.020000
1777207703.940473,0,0.000000,1.000000,0.000000,1.000000,0.000000,0.000000,1.000000,0.270000,0.090000,0.000000
1777207703.940905,0,0.000000,1.000000,0.000000,1.000000,0.000000,0.000000,1.000000,0.340000,0.000000,0.050000
1777207703.941312,0,0.000000,1.000000,0.000000,1.000000,0.000000,0.000000,1.000000,0.410000,0.000000,0.000000
1777207703.999671,0,0.000000,1.000000,0.000000,1.000000,0.000000,0.000000,1.000000,0.370000,0.090000,0.000000
1777207704.000327,0,0.000000,1.000000,0.000000,1.000000,0.000000,0.000000,0.090000,0.180000,0.030000,0.000000
1777207704.000740,0,0.000000,1.000000,0.000000,1.000000,0.000000,0.000000,0.180000,0.310000,0.090000,0.050000
1777207704.059932,0,0.000000,1.000000,0.000000,1.000000,0.000000,0.000000,0.510000,0.340000,0.000000,0.000000
1777207704.060443,0,0.000000,1.000000,0.000000,1.000000,0.000000,0.000000,0.870000,0.270000,0.000000,0.000000
1777207704.061002,0,0.000000,1.000000,0.000000,1.000000,0.000000,0.000000,1.000000,0.270000,0.000000,0.340000
1777207704.061402,0,0.000000,1.000000,0.000000,1.000000,0.000000,0.000000,1.000000,0.340000,0.000000,0.020000
1777207704.119598,0,0.000000,1.000000,0.000000,1.000000,0.000000,0.000000,1.000000,0.370000,0.000000,0.020000
1777207704.120120,0,0.000000,1.000000,0.000000,1.000000,0.000000,0.000000,1.000000,0.340000,0.000000,0.000000
1777207704.120518,0,0.000000,1.000000,0.000000,1.000000,0.000000,0.000000,1.000000,0.310000,0.030000,0.050000
1777207704.121101,0,0.000000,1.000000,0.000000,1.000000,0.000000,0.000000,1.000000,0.410000,0.030000,0.000000
1777207704.179534,0,0.000000,1.000000,0.000000,1.000000,0.000000,0.000000,1.000000,0.340000,0.000000,0.020000
1777207704.180047,0,0.000000,1.000000,0.000000,1.000000,0.000000,0.000000,1.000000,0.250000,0.000000,0.000000
1777207704.180624,0,0.000000,1.000000,0.000000,1.000000,0.000000,0.000000,1.000000,0.370000,0.000000,0.000000
1777207704.181026,0,0.000000,1.000000,0.000000,1.000000,0.000000,0.000000,1.000000,0.370000,0.000000,0.020000
1777207704.239872,0,0.000000,1.000000,0.000000,1.000000,0.000000,0.000000,1.000000,0.380000,0.000000,0.000000
1777207704.240386,0,0.000000,1.000000,0.000000,1.000000,0.000000,0.000000,1.000000,0.310000,0.000000,0.000000
1777207704.240945,0,0.000000,1.000000,0.000000,1.000000,0.000000,0.000000,1.000000,0.310000,0.000000,0.050000
1777207704.241338,0,0.000000,1.000000,0.000000,1.000000,0.000000,0.000000,1.000000,0.140000,0.000000,0.000000
1777207704.298483,0,0.000000,1.000000,0.000000,1.000000,0.000000,0.000000,0.280000,0.150000,0.000000,0.000000
1777207704.298999,0,0.000000,1.000000,0.000000,1.000000,0.000000,0.000000,0.500000,0.340000,0.000000,0.000000
1777207704.299403,0,0.000000,1.000000,0.000000,1.000000,0.000000,0.000000,1.000000,0.300000,0.030000,0.000000
1777207704.299946,0,0.000000,1.000000,0.000000,1.000000,0.000000,0.000000,0.070000,0.300000,0.030000,0.000000
1777207704.357893,0,0.000000,1.000000,0.000000,1.000000,0.000000,0.000000,0.730000,0.340000,0.000000,0.000000
1777207704.358447,0,0.000000,1.000000,0.000000,1.000000,0.000000,0.000000,1.000000,0.410000,0.000000,0.020000
1777207704.359056,0,0.000000,1.000000,0.000000,1.000000,0.000000,0.000000,1.000000,0.310000,0.030000,0.000000
1777207704.359471,0,0.000000,0.000000,0.000000,1.000000,0.000000,0.000000,1.000000,0.510000,0.030000,0.000000
1777207704.427949,0,0.000000,0.000000,0.000000,1.000000,0.000000,0.000000,1.000000,0.410000,0.030000,0.000000
1777207704.428449,0,0.000000,0.000000,0.000000,0.000000,0.000000,0.000000,1.000000,0.310000,0.000000,0.000000
1777207704.428987,0,0.000000,0.000000,0.000000,0.000000,0.000000,0.000000,0.000000,0.340000,0.000000,0.000000
1777207704.429406,0,0.000000,0.000000,0.000000,0.000000,0.000000,0.000000,0.640000,0.490000,0.030000,0.020000
1777207704.485580,0,0.000000,0.000000,0.000000,0.000000,0.000000,0.000000,1.000000,0.380000,0.030000,0.020000
1777207704.486108,0,0.000000,0.000000,0.000000,0.000000,0.000000,0.000000,1.000000,0.370000,0.030000,0.020000
1777207704.486656,0,0.000000,0.000000,0.000000,0.000000,0.000000,0.000000,1.000000,0.380000,0.180000,0.100000
1777207704.487056,0,0.000000,0.000000,0.000000,0.000000,0.000000,0.000000,1.000000,0.460000,0.090000,0.020000
1777207704.545826,0,0.000000,0.000000,0.000000,0.000000,0.000000,0.000000,1.000000,0.410000,0.030000,0.020000
1777207704.546352,0,0.000000,0.000000,0.000000,0.000000,0.000000,0.000000,0.070000,0.340000,0.000000,0.020000
1777207704.546906,0,0.000000,0.000000,0.000000,0.000000,0.000000,0.000000,0.770000,0.340000,0.000000,0.020000
1777207704.547303,0,0.000000,0.000000,0.000000,0.000000,0.000000,0.000000,1.000000,0.310000,0.000000,0.000000
1777207704.605780,0,0.000000,0.000000,0.000000,0.000000,0.000000,0.000000,1.000000,0.340000,0.030000,0.020000
1777207704.606295,0,0.000000,0.000000,0.000000,0.000000,0.000000,0.000000,1.000000,0.340000,0.030000,0.120000
1777207704.606696,0,0.000000,0.000000,0.000000,0.000000,0.000000,0.000000,1.000000,0.430000,0.000000,0.020000
1777207704.607220,0,0.000000,0.000000,0.000000,0.000000,0.000000,0.000000,1.000000,0.300000,0.120000,0.000000
1777207704.664664,0,0.000000,0.000000,0.000000,0.000000,0.000000,0.000000,1.000000,0.410000,0.030000,0.000000
1777207704.665285,0,0.000000,0.000000,0.000000,0.000000,0.000000,0.000000,1.000000,0.340000,0.000000,0.000000
1777207704.665975,0,0.000000,0.000000,0.000000,0.000000,0.000000,0.000000,1.000000,0.340000,0.000000,0.020000
1777207704.666532,0,0.000000,0.000000,0.000000,0.000000,0.000000,0.000000,1.000000,0.310000,0.180000,0.000000
1777207704.697897,0,0.000000,0.000000,0.000000,0.000000,0.000000,0.000000,1.000000,0.380000,0.000000,0.000000
1777207704.730096,0,0.000000,0.000000,0.000000,0.000000,0.000000,0.000000,1.000000,0.370000,0.000000,0.020000
1777207704.761982,0,0.000000,0.000000,0.000000,0.000000,0.000000,0.000000,1.000000,0.270000,0.000000,0.000000
1777207704.762466,0,0.000000,0.000000,0.000000,0.000000,0.000000,0.000000,0.200000,0.370000,0.030000,0.000000
1777207704.793960,0,0.000000,0.000000,0.000000,0.000000,0.000000,0.000000,0.860000,0.380000,0.030000,0.000000
1777207704.794441,0,0.000000,0.000000,0.000000,0.000000,0.000000,0.000000,1.000000,0.340000,0.030000,0.020000
1777207704.826329,0,0.000000,0.000000,0.000000,0.000000,0.000000,0.000000,1.000000,0.340000,0.000000,0.000000
1777207704.826825,0,0.000000,0.000000,0.000000,0.000000,0.000000,0.000000,1.000000,0.380000,0.000000,0.020000
1777207704.858715,0,0.000000,0.000000,0.000000,0.000000,0.000000,0.000000,1.000000,0.340000,0.000000,0.000000
1777207704.859191,0,0.000000,0.000000,0.000000,0.000000,0.000000,0.000000,1.000000,0.490000,0.000000,0.000000
1777207704.859570,0,0.000000,0.000000,0.000000,0.000000,0.000000,0.000000,1.000000,0.410000,0.030000,0.020000
1777207704.890345,0,0.000000,0.000000,0.000000,0.000000,0.000000,0.000000,1.000000,0.370000,0.000000,0.000000
1777207704.890862,0,0.000000,0.000000,0.000000,0.000000,0.000000,0.000000,1.000000,0.370000,0.090000,0.000000
1777207704.922850,0,0.000000,0.000000,0.000000,0.000000,0.000000,0.000000,1.000000,0.340000,0.030000,0.020000
1777207704.923338,0,0.000000,0.000000,0.000000,0.000000,0.000000,0.000000,1.000000,0.340000,0.000000,0.000000
1777207704.954421,0,0.000000,0.000000,0.000000,0.000000,0.000000,0.000000,1.000000,0.380000,0.000000,0.000000
1777207704.954927,0,0.000000,0.000000,0.000000,0.000000,0.000000,0.000000,1.000000,0.250000,0.000000,0.050000
1777207704.986317,0,0.000000,0.000000,0.000000,0.000000,0.000000,0.000000,1.000000,0.340000,0.000000,0.020000
1777207704.986933,0,0.000000,0.000000,0.000000,0.000000,0.000000,0.000000,1.000000,0.410000,0.030000,0.000000
1777207705.018462,0,0.000000,0.000000,0.000000,0.000000,0.000000,0.000000,1.000000,0.310000,0.090000,0.000000
1777207705.018956,0,0.000000,0.000000,0.000000,0.000000,0.000000,0.000000,1.000000,0.310000,0.030000,0.000000
1777207705.019434,0,0.000000,0.000000,0.000000,0.000000,0.000000,0.000000,1.000000,0.310000,0.000000,0.020000
1777207705.050349,0,0.000000,0.000000,0.000000,0.000000,0.000000,0.000000,1.000000,0.310000,0.000000,0.020000
1777207705.050854,0,0.000000,0.000000,0.000000,0.000000,0.000000,0.000000,1.000000,0.340000,0.000000,0.170000
1777207705.084512,0,0.000000,0.000000,0.000000,0.000000,0.000000,0.000000,1.000000,0.310000,0.000000,0.000000
1777207705.085006,0,0.000000,0.000000,0.000000,0.000000,0.000000,0.000000,1.000000,0.310000,0.000000,0.000000
1777207705.115851,0,0.000000,0.000000,0.000000,0.000000,0.000000,0.000000,1.000000,0.340000,0.030000,0.000000
1777207705.116356,0,0.000000,0.000000,0.000000,0.000000,0.000000,0.000000,1.000000,0.410000,0.030000,0.020000
1777207705.147517,0,0.000000,0.000000,0.000000,0.000000,0.000000,0.000000,1.000000,0.310000,0.030000,0.000000
1777207705.148026,0,0.000000,0.000000,0.000000,0.000000,0.000000,0.000000,1.000000,0.340000,0.000000,0.020000
1777207705.179823,0,0.000000,0.000000,0.000000,0.000000,0.000000,0.000000,1.000000,0.380000,0.030000,0.020000
1777207705.210901,0,0.000000,0.000000,0.000000,0.000000,0.000000,0.000000,1.000000,0.310000,0.000000,0.020000
1777207705.211398,0,0.000000,0.000000,0.000000,0.000000,0.000000,0.000000,1.000000,0.380000,0.030000,0.000000
1777207705.211780,0,0.000000,0.000000,0.000000,0.000000,0.000000,0.000000,1.000000,0.430000,0.030000,0.000000
1777207705.212332,0,0.000000,0.000000,0.000000,0.000000,0.000000,0.000000,1.000000,0.370000,0.030000,0.000000
1777207705.244250,0,0.000000,0.000000,0.000000,0.000000,0.000000,0.000000,1.000000,0.380000,0.000000,0.000000
1777207705.275938,0,0.000000,0.000000,0.000000,0.000000,0.000000,0.000000,1.000000,0.370000,0.000000,0.000000
1777207705.276440,0,0.000000,0.000000,0.000000,0.000000,0.000000,0.000000,1.000000,0.310000,0.000000,0.000000
1777207705.308430,0,0.000000,0.000000,0.000000,0.000000,0.000000,0.000000,1.000000,0.410000,0.000000,0.000000
1777207705.308947,0,0.000000,0.000000,0.000000,0.000000,0.000000,0.000000,1.000000,0.370000,0.000000,0.000000
1777207705.309469,0,0.000000,0.000000,0.000000,0.000000,0.000000,0.000000,0.000000,0.370000,0.030000,0.000000
1777207705.340505,0,0.000000,0.000000,0.000000,0.000000,0.000000,0.000000,0.640000,0.380000,0.000000,0.000000
1777207705.376462,0,0.000000,0.000000,0.000000,0.000000,0.000000,0.000000,1.000000,0.340000,0.000000,0.000000
1777207705.376981,0,0.000000,0.000000,0.000000,0.000000,0.000000,0.000000,1.000000,0.370000,0.030000,0.020000
1777207705.377410,0,0.000000,0.000000,0.000000,0.000000,0.000000,0.000000,1.000000,0.460000,0.000000,0.020000
1777207705.410790,0,0.000000,0.000000,0.000000,0.000000,0.000000,0.000000,1.000000,0.340000,0.030000,0.020000
1777207705.411297,0,0.000000,0.000000,0.000000,0.000000,0.000000,0.000000,1.000000,0.430000,0.030000,0.000000
1777207705.443343,0,0.000000,0.000000,0.000000,0.000000,0.000000,0.000000,1.000000,0.300000,0.000000,0.000000
1777207705.476629,0,0.000000,0.000000,0.000000,0.000000,0.000000,0.000000,1.000000,0.300000,0.000000,0.020000
1777207705.477113,0,0.000000,0.000000,0.000000,0.000000,0.000000,0.000000,1.000000,0.380000,0.000000,0.100000
1777207705.477492,0,0.000000,0.000000,0.000000,0.000000,0.000000,0.000000,1.000000,0.370000,0.000000,0.000000
1777207705.477953,0,0.000000,0.000000,0.000000,0.000000,0.000000,0.000000,1.000000,0.380000,0.000000,0.000000
1777207705.509084,0,0.000000,0.000000,0.000000,0.000000,0.000000,0.000000,1.000000,0.310000,0.000000,0.000000
1777207705.541191,0,0.000000,0.000000,0.000000,0.000000,0.000000,0.000000,0.030000,0.370000,0.030000,0.000000
1777207705.541701,0,0.000000,0.000000,0.000000,0.000000,0.000000,0.000000,0.680000,0.300000,0.000000,0.000000
1777207705.574593,0,0.000000,0.000000,0.000000,0.000000,0.000000,0.000000,1.000000,0.380000,0.000000,0.020000
1777207705.575072,0,0.000000,0.000000,0.000000,0.000000,0.000000,0.000000,1.000000,0.310000,0.000000,0.000000
1777207705.575452,0,0.000000,0.000000,0.000000,0.000000,0.000000,0.000000,1.000000,0.300000,0.000000,0.000000
1777207705.607819,0,0.000000,0.000000,0.000000,0.000000,0.000000,0.000000,1.000000,0.380000,0.000000,0.020000
1777207705.608392,0,0.000000,0.000000,0.000000,0.000000,0.000000,0.000000,1.000000,0.310000,0.000000,0.000000
1777207705.639828,0,0.000000,0.000000,0.000000,0.000000,0.000000,0.000000,1.000000,0.430000,0.030000,0.000000
1777207705.640445,0,0.000000,0.000000,0.000000,0.000000,0.000000,0.000000,1.000000,0.340000,0.000000,0.050000
1777207705.641015,0,0.000000,0.000000,0.000000,0.000000,0.000000,0.000000,1.000000,0.310000,0.000000,0.000000
1777207705.672170,0,0.000000,0.000000,0.000000,0.000000,0.000000,0.000000,1.000000,0.370000,0.030000,0.050000
1777207705.672683,0,0.000000,0.000000,0.000000,0.000000,0.000000,0.000000,1.000000,0.370000,0.030000,0.000000
1777207705.703798,0,0.000000,0.000000,0.000000,0.000000,0.000000,0.000000,1.000000,0.370000,0.000000,0.000000
1777207705.704308,0,0.000000,0.000000,0.000000,0.000000,0.000000,0.000000,1.000000,0.540000,0.090000,0.020000
1777207705.737056,0,0.000000,0.000000,0.000000,0.000000,0.000000,0.000000,1.000000,0.340000,0.030000,0.000000
1777207705.737616,0,0.000000,0.000000,0.000000,0.000000,0.000000,0.000000,1.000000,0.370000,0.030000,0.000000
1777207705.768100,0,0.000000,0.000000,0.000000,0.000000,0.000000,0.000000,1.000000,0.310000,0.030000,0.050000
1777207705.768589,0,0.000000,0.000000,0.000000,0.000000,0.000000,0.000000,0.250000,0.370000,0.000000,0.000000
1777207705.799116,0,0.000000,0.000000,0.000000,0.000000,0.000000,0.000000,0.910000,0.340000,0.000000,0.000000
1777207705.830203,0,0.000000,0.000000,0.000000,0.000000,0.000000,0.000000,1.000000,0.380000,0.000000,0.000000
1777207705.830708,0,0.000000,0.000000,0.000000,0.000000,0.000000,0.000000,1.000000,0.340000,0.000000,0.000000
1777207705.862099,0,0.000000,0.000000,0.000000,0.000000,0.000000,0.000000,1.000000,0.310000,0.000000,0.000000
1777207705.862596,0,0.000000,0.000000,0.000000,0.000000,0.000000,0.000000,1.000000,0.340000,0.030000,0.050000
1777207705.863044,0,0.000000,0.000000,0.000000,0.000000,0.000000,0.000000,1.000000,0.250000,0.000000,0.000000
1777207705.894432,0,0.000000,0.000000,0.000000,0.000000,0.000000,0.000000,1.000000,0.340000,0.000000,0.000000
1777207705.894929,0,0.000000,0.000000,0.000000,0.000000,0.000000,0.000000,0.000000,0.310000,0.030000,0.020000
1777207705.925593,0,0.000000,0.000000,0.000000,0.000000,0.000000,0.000000,0.640000,0.380000,0.000000,0.000000
1777207705.956212,0,0.000000,0.000000,0.000000,0.000000,0.000000,0.000000,1.000000,0.310000,0.030000,0.020000
1777207705.956718,0,0.000000,0.000000,0.000000,0.000000,0.000000,0.000000,1.000000,0.310000,0.000000,0.000000
1777207705.957102,0,0.000000,0.000000,0.000000,0.000000,0.000000,0.000000,1.000000,0.410000,0.000000,0.020000
1777207705.989336,0,0.000000,0.000000,0.000000,0.000000,0.000000,0.000000,1.000000,0.300000,0.000000,0.020000
1777207705.989851,0,0.000000,0.000000,0.000000,0.000000,0.000000,0.000000,1.000000,0.370000,0.000000,0.000000
1777207706.020471,0,0.000000,0.000000,0.000000,0.000000,0.000000,0.000000,1.000000,0.370000,0.000000,0.000000
1777207706.021026,0,0.000000,0.000000,0.000000,0.000000,0.000000,0.000000,1.000000,0.380000,0.030000,0.000000
1777207706.021441,0,0.000000,0.000000,0.000000,0.000000,0.000000,0.000000,1.000000,0.370000,0.030000,0.000000
1777207706.052501,0,0.000000,0.000000,0.000000,0.000000,0.000000,0.000000,1.000000,0.380000,0.030000,0.000000
1777207706.082746,0,0.000000,0.000000,0.000000,0.000000,0.000000,0.000000,1.000000,0.300000,0.000000,0.020000
1777207706.083236,0,0.000000,0.000000,0.000000,0.000000,0.000000,0.000000,1.000000,0.380000,0.000000,0.100000
1777207706.083617,0,0.000000,0.000000,0.000000,0.000000,0.000000,0.000000,1.000000,0.370000,0.000000,0.500000
1777207706.114824,0,0.000000,0.000000,0.000000,0.000000,0.000000,0.000000,1.000000,0.300000,0.000000,0.000000
1777207706.115326,0,0.000000,0.000000,0.000000,0.000000,0.000000,0.000000,1.000000,0.410000,0.000000,0.000000
1777207706.145759,0,0.000000,0.000000,0.000000,0.000000,0.000000,0.000000,1.000000,0.370000,0.000000,0.020000
1777207706.177388,0,0.000000,0.000000,0.000000,0.000000,0.000000,0.000000,1.000000,0.380000,0.030000,0.020000
1777207706.177909,0,0.000000,0.000000,0.000000,0.000000,0.000000,0.000000,1.000000,0.370000,0.030000,0.020000
1777207706.210383,0,0.000000,0.000000,0.000000,0.000000,0.000000,0.000000,1.000000,0.370000,0.030000,0.000000
1777207706.210876,0,0.000000,0.000000,0.000000,0.000000,0.000000,0.000000,1.000000,0.540000,0.030000,0.000000
1777207706.211257,0,0.000000,0.000000,0.000000,0.000000,0.000000,0.000000,1.000000,0.380000,0.000000,0.050000
1777207706.242162,0,0.000000,0.000000,0.000000,0.000000,0.000000,0.000000,1.000000,0.370000,0.000000,0.000000
1777207706.242667,0,0.000000,0.000000,0.000000,0.000000,0.000000,0.000000,1.000000,0.340000,0.120000,0.050000
1777207706.273855,0,0.000000,0.000000,0.000000,0.000000,0.000000,0.000000,1.000000,0.340000,0.000000,0.020000
1777207706.274335,0,0.000000,0.000000,0.000000,0.000000,0.000000,0.000000,1.000000,0.310000,0.030000,0.000000
1777207706.307620,0,0.000000,0.000000,0.000000,0.000000,0.000000,0.000000,0.070000,0.270000,0.000000,0.120000
1777207706.308111,0,0.000000,0.000000,0.000000,0.000000,0.000000,0.000000,0.730000,0.380000,0.000000,0.000000
1777207706.339070,0,0.000000,0.000000,0.000000,0.000000,0.000000,0.000000,0.140000,0.410000,0.030000,0.000000
1777207706.339562,0,0.000000,0.000000,0.000000,0.000000,0.000000,0.000000,0.630000,0.370000,0.000000,0.000000
1777207706.372625,0,0.000000,0.000000,0.000000,0.000000,0.000000,0.000000,1.000000,0.370000,0.000000,0.000000
1777207706.373147,0,0.000000,0.000000,0.000000,0.000000,0.000000,0.000000,1.000000,0.200000,0.000000,0.000000
1777207706.406845,0,0.000000,0.000000,0.000000,0.000000,0.000000,0.000000,1.000000,0.340000,0.000000,0.000000
1777207706.407360,0,0.000000,1.000000,0.000000,0.000000,0.000000,0.000000,1.000000,0.340000,0.000000,0.000000
1777207706.407908,0,0.000000,1.000000,0.000000,0.000000,0.000000,0.000000,1.000000,0.340000,0.030000,0.020000
1777207706.440856,0,0.000000,1.000000,0.000000,1.000000,0.000000,0.000000,1.000000,0.310000,0.000000,0.020000
1777207706.441338,0,0.000000,1.000000,0.000000,1.000000,0.000000,0.000000,1.000000,0.340000,0.000000,0.000000
1777207706.471807,0,0.000000,1.000000,0.000000,1.000000,0.000000,0.000000,1.000000,0.380000,0.000000,0.000000
1777207706.472573,0,0.000000,1.000000,0.000000,1.000000,0.000000,0.000000,1.000000,0.370000,0.030000,0.000000
1777207706.503143,0,0.000000,1.000000,0.000000,1.000000,0.000000,0.000000,1.000000,0.370000,0.000000,0.020000
1777207706.503630,0,0.000000,1.000000,0.000000,1.000000,0.000000,0.000000,1.000000,0.410000,0.000000,0.000000
1777207706.504112,0,0.000000,1.000000,0.000000,1.000000,0.000000,0.000000,1.000000,0.370000,0.030000,0.020000
1777207706.534849,0,0.000000,1.000000,0.000000,1.000000,0.000000,0.000000,1.000000,0.370000,0.000000,0.120000
1777207706.535376,0,0.000000,1.000000,0.000000,1.000000,0.000000,0.000000,1.000000,0.310000,0.030000,0.000000
1777207706.567416,0,0.000000,1.000000,0.000000,1.000000,0.000000,0.000000,1.000000,0.340000,0.000000,0.020000
1777207706.599353,0,0.000000,1.000000,0.000000,1.000000,0.000000,0.000000,1.000000,0.230000,0.000000,0.000000
1777207706.599853,0,0.000000,1.000000,0.000000,1.000000,0.000000,0.000000,1.000000,0.410000,0.000000,0.000000
1777207706.600379,0,0.000000,1.000000,0.000000,1.000000,0.000000,0.000000,1.000000,0.300000,0.030000,0.020000
1777207706.630728,0,0.000000,1.000000,0.000000,1.000000,0.000000,0.000000,1.000000,0.310000,0.000000,0.000000
1777207706.662714,0,0.000000,1.000000,0.000000,1.000000,0.000000,0.000000,1.000000,0.380000,0.030000,0.000000
1777207706.663316,0,0.000000,1.000000,0.000000,1.000000,0.000000,0.000000,1.000000,0.340000,0.000000,0.020000
1777207706.663813,0,0.000000,1.000000,0.000000,1.000000,0.000000,0.000000,1.000000,0.380000,0.000000,0.000000
1777207706.695644,0,0.000000,1.000000,0.000000,1.000000,0.000000,0.000000,1.000000,0.310000,0.000000,0.020000
1777207706.696154,0,0.000000,1.000000,0.000000,1.000000,0.000000,0.000000,1.000000,0.380000,0.000000,0.000000
1777207706.727191,0,0.000000,1.000000,0.000000,1.000000,0.000000,0.000000,1.000000,0.270000,0.030000,0.000000
1777207706.727701,0,0.000000,1.000000,0.000000,1.000000,0.000000,0.000000,1.000000,0.380000,0.000000,0.000000
1777207706.758535,0,0.000000,1.000000,0.000000,1.000000,0.000000,0.000000,1.000000,0.380000,0.030000,0.000000
1777207706.759025,0,0.000000,1.000000,0.000000,1.000000,0.000000,0.000000,1.000000,0.370000,0.000000,0.000000
1777207706.790147,0,0.000000,1.000000,0.000000,1.000000,0.000000,0.000000,1.000000,0.310000,0.000000,0.100000
1777207706.790653,0,0.000000,1.000000,0.000000,1.000000,0.000000,0.000000,1.000000,0.340000,0.000000,0.000000
1777207706.821731,0,0.000000,1.000000,0.000000,1.000000,0.000000,0.000000,1.000000,0.310000,0.000000,0.020000
1777207706.822243,0,0.000000,1.000000,0.000000,1.000000,0.000000,0.000000,1.000000,0.340000,0.030000,0.000000
1777207706.853289,0,0.000000,1.000000,0.000000,1.000000,0.000000,0.000000,1.000000,0.380000,0.030000,0.050000
1777207706.853782,0,0.000000,1.000000,0.000000,1.000000,0.000000,0.000000,1.000000,0.370000,0.000000,0.000000
1777207706.854409,0,0.000000,1.000000,0.000000,1.000000,0.000000,0.000000,1.000000,0.300000,0.030000,0.000000
1777207706.885792,0,0.000000,1.000000,0.000000,1.000000,0.000000,0.000000,1.000000,0.430000,0.000000,0.720000
1777207706.916732,0,0.000000,1.000000,0.000000,1.000000,0.000000,0.000000,1.000000,0.370000,0.090000,0.100000
1777207706.917247,0,0.000000,1.000000,0.000000,1.000000,0.000000,0.000000,1.000000,0.310000,0.000000,0.020000
1777207706.917637,0,0.000000,1.000000,0.000000,1.000000,0.000000,0.000000,1.000000,0.340000,0.090000,0.000000
1777207706.949219,0,0.000000,1.000000,0.000000,1.000000,0.000000,0.000000,1.000000,0.380000,0.000000,0.020000
1777207706.979993,0,0.000000,1.000000,0.000000,1.000000,0.000000,0.000000,0.000000,0.380000,0.090000,0.020000
1777207706.980478,0,0.000000,1.000000,0.000000,1.000000,0.000000,0.000000,0.510000,0.270000,0.000000,0.000000
1777207706.980927,0,0.000000,1.000000,0.000000,1.000000,0.000000,0.000000,1.000000,0.380000,0.000000,0.000000
1777207707.011384,0,0.000000,1.000000,0.000000,1.000000,0.000000,0.000000,1.000000,0.380000,0.030000,0.020000
1777207707.011875,0,0.000000,1.000000,0.000000,1.000000,0.000000,0.000000,1.000000,0.370000,0.400000,0.000000
1777207707.041541,0,0.000000,1.000000,0.000000,1.000000,0.000000,0.000000,1.000000,0.250000,0.090000,0.000000
1777207707.042046,0,0.000000,1.000000,0.000000,1.000000,0.000000,0.000000,1.000000,0.310000,0.000000,0.230000
1777207707.073091,0,0.000000,1.000000,0.000000,1.000000,0.000000,0.000000,1.000000,0.340000,0.090000,0.000000
1777207707.073600,0,0.000000,1.000000,0.000000,1.000000,0.000000,0.000000,1.000000,0.340000,0.030000,0.020000
1777207707.103725,0,0.000000,1.000000,0.000000,1.000000,0.000000,0.000000,1.000000,0.270000,0.030000,0.000000
1777207707.104235,0,0.000000,1.000000,0.000000,1.000000,0.000000,0.000000,1.000000,0.340000,0.000000,0.020000
1777207707.134306,0,0.000000,1.000000,0.000000,1.000000,0.000000,0.000000,1.000000,0.310000,0.000000,0.000000
1777207707.134801,0,0.000000,1.000000,0.000000,1.000000,0.000000,0.000000,1.000000,0.340000,0.000000,0.000000
1777207707.164463,0,0.000000,1.000000,0.000000,1.000000,0.000000,0.000000,1.000000,0.410000,0.090000,0.000000
1777207707.164972,0,0.000000,1.000000,0.000000,1.000000,0.000000,0.000000,1.000000,0.340000,0.090000,0.050000
1777207707.195169,0,0.000000,1.000000,0.000000,1.000000,0.000000,0.000000,1.000000,0.410000,0.000000,0.020000
1777207707.225681,0,0.000000,1.000000,0.000000,1.000000,0.000000,0.000000,1.000000,0.380000,0.180000,0.020000
1777207707.226172,0,0.000000,1.000000,0.000000,1.000000,0.000000,0.000000,1.000000,0.460000,0.000000,0.000000
1777207707.226557,0,0.000000,1.000000,0.000000,1.000000,0.000000,0.000000,1.000000,0.380000,0.000000,0.020000
1777207707.257360,0,0.000000,1.000000,0.000000,1.000000,0.000000,0.000000,1.000000,0.340000,0.030000,0.020000
1777207707.258044,0,0.000000,1.000000,0.000000,1.000000,0.000000,0.000000,1.000000,0.370000,0.000000,0.020000
1777207707.287917,0,0.000000,1.000000,0.000000,1.000000,0.000000,0.000000,1.000000,0.380000,0.090000,0.020000
1777207707.288440,0,0.000000,1.000000,0.000000,1.000000,0.000000,0.000000,1.000000,0.370000,0.000000,0.000000
1777207707.318585,0,0.000000,1.000000,0.000000,1.000000,0.000000,0.000000,1.000000,0.380000,0.030000,0.000000
1777207707.319117,0,0.000000,1.000000,0.000000,1.000000,0.000000,0.000000,1.000000,0.310000,0.000000,0.020000
1777207707.349506,0,0.000000,1.000000,0.000000,1.000000,0.000000,0.000000,1.000000,0.370000,0.000000,0.000000
1777207707.349998,0,0.000000,1.000000,0.000000,1.000000,0.000000,0.000000,1.000000,0.250000,0.000000,0.000000
1777207707.379822,0,0.000000,1.000000,0.000000,1.000000,0.000000,0.000000,1.000000,0.340000,0.030000,0.000000
1777207707.380327,0,0.000000,1.000000,0.000000,1.000000,0.000000,0.000000,1.000000,0.310000,0.000000,0.050000
1777207707.414507,0,0.000000,1.000000,0.000000,1.000000,0.000000,0.000000,1.000000,0.370000,0.090000,0.000000
1777207707.415134,0,0.000000,1.000000,0.000000,1.000000,0.000000,0.000000,1.000000,0.410000,0.000000,0.020000
1777207707.447341,0,0.000000,1.000000,0.000000,1.000000,0.000000,0.000000,0.100000,0.340000,0.030000,0.020000
1777207707.447834,0,0.000000,1.000000,0.000000,1.000000,0.000000,0.000000,0.630000,0.340000,0.000000,0.000000
1777207707.477652,0,0.000000,1.000000,0.000000,1.000000,0.000000,0.000000,1.000000,0.340000,0.030000,0.050000
1777207707.478139,0,0.000000,1.000000,0.000000,1.000000,0.000000,0.000000,1.000000,0.370000,0.000000,0.020000
1777207707.508098,0,0.000000,1.000000,0.000000,1.000000,0.000000,0.000000,1.000000,0.300000,0.000000,0.000000
1777207707.508622,0,0.000000,1.000000,0.000000,1.000000,0.000000,0.000000,1.000000,0.310000,0.030000,0.020000
1777207707.509006,0,0.000000,1.000000,0.000000,1.000000,0.000000,0.000000,1.000000,0.370000,0.030000,0.000000
1777207707.539813,0,0.000000,1.000000,0.000000,1.000000,0.000000,0.000000,1.000000,0.380000,0.000000,0.000000
1777207707.540315,0,0.000000,1.000000,0.000000,1.000000,0.000000,0.000000,1.000000,0.340000,0.000000,0.000000
1777207707.570230,0,0.000000,1.000000,0.000000,1.000000,0.000000,0.000000,1.000000,0.340000,0.000000,0.100000
1777207707.570747,0,0.000000,1.000000,0.000000,1.000000,0.000000,0.000000,1.000000,0.370000,0.030000,0.000000
1777207707.627119,0,0.000000,1.000000,0.000000,1.000000,0.000000,0.000000,0.170000,0.340000,0.000000,0.000000
1777207707.627633,0,0.000000,1.000000,0.000000,1.000000,0.000000,0.000000,0.750000,0.340000,0.030000,0.020000
1777207707.628022,0,0.000000,1.000000,0.000000,1.000000,0.000000,0.000000,1.000000,0.340000,0.000000,0.100000
1777207707.628574,0,0.000000,1.000000,0.000000,1.000000,0.000000,0.000000,1.000000,0.310000,0.000000,0.020000
1777207707.628972,0,0.000000,1.000000,0.000000,1.000000,0.000000,0.000000,1.000000,0.300000,0.000000,0.020000
1777207707.629354,0,0.000000,1.000000,0.000000,1.000000,0.000000,0.000000,1.000000,0.230000,0.000000,0.000000
1777207707.684899,0,0.000000,1.000000,0.000000,1.000000,0.000000,0.000000,1.000000,0.380000,0.030000,0.020000
1777207707.685418,0,0.000000,1.000000,0.000000,1.000000,0.000000,0.000000,1.000000,0.300000,0.000000,0.000000
1777207707.686639,0,0.000000,1.000000,0.000000,1.000000,0.000000,0.000000,1.000000,0.370000,0.000000,0.000000
1777207707.742130,0,0.000000,1.000000,0.000000,1.000000,0.000000,0.000000,1.000000,0.340000,0.030000,0.000000
1777207707.742689,0,0.000000,1.000000,0.000000,1.000000,0.000000,0.000000,1.000000,0.340000,0.000000,0.000000
1777207707.743369,0,0.000000,1.000000,0.000000,1.000000,0.000000,0.000000,1.000000,0.310000,0.000000,0.000000
1777207707.798162,0,0.000000,1.000000,0.000000,1.000000,0.000000,0.000000,1.000000,0.300000,0.000000,0.100000
1777207707.798683,0,0.000000,1.000000,0.000000,1.000000,0.000000,0.000000,1.000000,0.370000,0.000000,0.020000
1777207707.799081,0,0.000000,1.000000,0.000000,1.000000,0.000000,0.000000,1.000000,0.370000,0.000000,0.000000
1777207707.799601,0,0.000000,1.000000,0.000000,1.000000,0.000000,0.000000,1.000000,0.340000,0.030000,0.400000
1777207707.800014,0,0.000000,1.000000,0.000000,1.000000,0.000000,0.000000,1.000000,0.370000,0.000000,0.050000
1777207707.854250,0,0.000000,1.000000,0.000000,1.000000,0.000000,0.000000,1.000000,0.310000,0.030000,0.050000
1777207707.854967,0,0.000000,1.000000,0.000000,1.000000,0.000000,0.000000,1.000000,0.250000,0.000000,0.020000
1777207707.855379,0,0.000000,1.000000,0.000000,1.000000,0.000000,0.000000,1.000000,0.340000,0.030000,0.000000
1777207707.910298,0,0.000000,1.000000,0.000000,1.000000,0.000000,0.000000,1.000000,0.310000,0.030000,0.100000
1777207707.910822,0,0.000000,1.000000,0.000000,1.000000,0.000000,0.000000,1.000000,0.370000,0.000000,0.020000
1777207707.911688,0,0.000000,1.000000,0.000000,1.000000,0.000000,0.000000,1.000000,0.380000,0.000000,0.000000
1777207707.943764,0,0.000000,1.000000,0.000000,1.000000,0.000000,0.000000,1.000000,0.310000,0.000000,0.000000
1777207708.000579,0,0.000000,1.000000,0.000000,1.000000,0.000000,0.000000,1.000000,0.370000,0.000000,0.000000
1777207708.001082,0,0.000000,1.000000,0.000000,1.000000,0.000000,0.000000,1.000000,0.410000,0.000000,0.020000
1777207708.001475,0,0.000000,1.000000,0.000000,1.000000,0.000000,0.000000,1.000000,0.370000,0.000000,0.000000
1777207708.001844,0,0.000000,1.000000,0.000000,1.000000,0.000000,0.000000,1.000000,0.410000,0.030000,0.000000
1777207708.056881,0,0.000000,1.000000,0.000000,1.000000,0.000000,0.000000,1.000000,0.370000,0.090000,0.000000
1777207708.057643,0,0.000000,1.000000,0.000000,1.000000,0.000000,0.000000,1.000000,0.340000,0.000000,0.000000
1777207708.058229,0,0.000000,1.000000,0.000000,1.000000,0.000000,0.000000,1.000000,0.370000,0.000000,0.000000
1777207708.058653,0,0.000000,1.000000,0.000000,1.000000,0.000000,0.000000,1.000000,0.410000,0.030000,0.020000
1777207708.088871,0,0.000000,1.000000,0.000000,1.000000,0.000000,0.000000,1.000000,0.370000,0.030000,0.020000
1777207708.118923,0,0.000000,1.000000,0.000000,1.000000,0.000000,0.000000,1.000000,0.340000,0.030000,0.020000
1777207708.119486,0,0.000000,1.000000,0.000000,1.000000,0.000000,0.000000,1.000000,0.370000,0.000000,0.020000
1777207708.150101,0,0.000000,1.000000,0.000000,1.000000,0.000000,0.000000,0.140000,0.340000,0.000000,0.000000
1777207708.179300,0,0.000000,1.000000,0.000000,1.000000,0.000000,0.000000,0.670000,0.370000,0.030000,0.000000
1777207708.179792,0,0.000000,1.000000,0.000000,1.000000,0.000000,0.000000,1.000000,0.410000,0.000000,0.000000
1777207708.180177,0,0.000000,1.000000,0.000000,1.000000,0.000000,0.000000,1.000000,0.430000,0.030000,0.000000
1777207708.210085,0,0.000000,1.000000,0.000000,1.000000,0.000000,0.000000,1.000000,0.370000,0.000000,0.000000
1777207708.210599,0,0.000000,1.000000,0.000000,1.000000,0.000000,0.000000,1.000000,0.310000,0.000000,0.000000
1777207708.239965,0,0.000000,1.000000,0.000000,1.000000,0.000000,0.000000,1.000000,0.380000,0.000000,0.000000
1777207708.240597,0,0.000000,1.000000,0.000000,1.000000,0.000000,0.000000,1.000000,0.630000,0.030000,0.000000
1777207708.296472,0,0.000000,1.000000,0.000000,1.000000,0.000000,0.000000,1.000000,0.340000,0.030000,0.000000
1777207708.296990,0,0.000000,1.000000,0.000000,1.000000,0.000000,0.000000,1.000000,0.300000,0.000000,0.000000
1777207708.297384,0,0.000000,1.000000,0.000000,1.000000,0.000000,0.000000,1.000000,0.340000,0.000000,0.000000
1777207708.297960,0,0.000000,1.000000,0.000000,1.000000,0.000000,0.000000,1.000000,0.300000,0.000000,0.000000
1777207708.298398,0,0.000000,1.000000,0.000000,1.000000,0.000000,0.000000,1.000000,0.340000,0.000000,0.000000
1777207708.353733,0,0.000000,1.000000,0.000000,1.000000,0.000000,0.000000,1.000000,0.370000,0.000000,0.050000
1777207708.354427,0,0.000000,1.000000,0.000000,1.000000,0.000000,0.000000,1.000000,0.300000,0.000000,0.000000
1777207708.355130,0,0.000000,1.000000,0.000000,1.000000,0.000000,0.000000,1.000000,0.310000,0.030000,0.020000
1777207708.386667,0,0.000000,1.000000,0.000000,1.000000,0.000000,0.000000,1.000000,0.270000,0.090000,0.000000
1777207708.416934,0,0.000000,0.000000,0.000000,1.000000,0.000000,0.000000,1.000000,0.430000,0.000000,0.100000
1777207708.417419,0,0.000000,0.000000,0.000000,1.000000,0.000000,0.000000,1.000000,0.310000,0.000000,0.020000
1777207708.448614,0,0.000000,0.000000,0.000000,0.000000,0.000000,0.000000,1.000000,0.370000,0.000000,0.020000
1777207708.449103,0,0.000000,0.000000,0.000000,0.000000,0.000000,0.000000,1.000000,0.380000,0.000000,0.000000
1777207708.504880,0,0.000000,0.000000,0.000000,0.000000,0.000000,0.000000,1.000000,0.370000,0.000000,0.000000
1777207708.505414,0,0.000000,0.000000,0.000000,0.000000,0.000000,0.000000,1.000000,0.340000,0.090000,0.370000
1777207708.506142,0,0.000000,0.000000,0.000000,0.000000,0.000000,0.000000,1.000000,0.370000,0.000000,0.000000
1777207708.506756,0,0.000000,0.000000,0.000000,0.000000,0.000000,0.000000,1.000000,0.340000,0.000000,0.100000
1777207708.507163,0,0.000000,0.000000,0.000000,0.000000,0.000000,0.000000,1.000000,0.370000,0.030000,0.000000
1777207708.507572,0,0.000000,0.000000,0.000000,0.000000,0.000000,0.000000,0.070000,0.300000,0.000000,0.020000
1777207708.562845,0,0.000000,0.000000,0.000000,0.000000,0.000000,0.000000,0.600000,0.340000,0.000000,0.300000
1777207708.563362,0,0.000000,0.000000,0.000000,0.000000,0.000000,0.000000,0.090000,0.370000,0.000000,0.000000
1777207708.563921,0,0.000000,0.000000,0.000000,0.000000,0.000000,0.000000,0.560000,0.310000,0.000000,0.000000
1777207708.620116,0,0.000000,0.000000,0.000000,0.000000,0.000000,0.000000,1.000000,0.340000,0.000000,0.020000
1777207708.620639,0,0.000000,0.000000,0.000000,0.000000,0.000000,0.000000,1.000000,0.310000,0.030000,0.000000
1777207708.621090,0,0.000000,0.000000,0.000000,0.000000,0.000000,0.000000,1.000000,0.270000,0.000000,0.000000
1777207708.621740,0,0.000000,0.000000,0.000000,0.000000,0.000000,0.000000,1.000000,0.340000,0.000000,0.100000
1777207708.651862,0,0.000000,0.000000,0.000000,0.000000,0.000000,0.000000,1.000000,0.300000,0.030000,0.000000
1777207708.681584,0,0.000000,0.000000,0.000000,0.000000,0.000000,0.000000,1.000000,0.410000,0.030000,0.000000
1777207708.682339,0,0.000000,0.000000,0.000000,0.000000,0.000000,0.000000,1.000000,0.430000,0.000000,0.000000
1777207708.712447,0,0.000000,0.000000,0.000000,0.000000,0.000000,0.000000,1.000000,0.430000,0.000000,0.020000
1777207708.713169,0,0.000000,0.000000,0.000000,0.000000,0.000000,0.000000,1.000000,0.300000,0.090000,0.100000
1777207708.743912,0,0.000000,0.000000,0.000000,0.000000,0.000000,0.000000,1.000000,0.370000,0.000000,0.000000
1777207708.774400,0,0.000000,0.000000,0.000000,0.000000,0.000000,0.000000,1.000000,0.310000,0.000000,0.000000
1777207708.774904,0,0.000000,0.000000,0.000000,0.000000,0.000000,0.000000,1.000000,0.410000,0.030000,0.000000
1777207708.805314,0,0.000000,0.000000,0.000000,0.000000,0.000000,0.000000,1.000000,0.370000,0.000000,0.000000
1777207708.805812,0,0.000000,0.000000,0.000000,0.000000,0.000000,0.000000,1.000000,0.370000,0.000000,0.000000
1777207708.806211,0,0.000000,0.000000,0.000000,0.000000,0.000000,0.000000,1.000000,0.370000,0.030000,0.000000
1777207708.836199,0,0.000000,0.000000,0.000000,0.000000,0.000000,0.000000,1.000000,0.340000,0.090000,0.000000
1777207708.836711,0,0.000000,0.000000,0.000000,0.000000,0.000000,0.000000,1.000000,0.370000,0.000000,0.020000
1777207708.867549,0,0.000000,0.000000,0.000000,0.000000,0.000000,0.000000,1.000000,0.300000,0.000000,0.000000
1777207708.898017,0,0.000000,0.000000,0.000000,0.000000,0.000000,0.000000,1.000000,0.370000,0.030000,0.000000
1777207708.898516,0,0.000000,0.000000,0.000000,0.000000,0.000000,0.000000,1.000000,0.300000,0.310000,0.000000
1777207708.928513,0,0.000000,0.000000,0.000000,0.000000,0.000000,0.000000,1.000000,0.310000,0.030000,0.000000
1777207708.929016,0,0.000000,0.000000,0.000000,0.000000,0.000000,0.000000,1.000000,0.250000,0.030000,0.020000
1777207708.929399,0,0.000000,0.000000,0.000000,0.000000,0.000000,0.000000,1.000000,0.310000,0.030000,0.000000
1777207708.960896,0,0.000000,0.000000,0.000000,0.000000,0.000000,0.000000,1.000000,0.340000,0.000000,0.000000
1777207708.991729,0,0.000000,0.000000,0.000000,0.000000,0.000000,0.000000,1.000000,0.310000,0.000000,0.000000
1777207708.992232,0,0.000000,0.000000,0.000000,0.000000,0.000000,0.000000,1.000000,0.340000,0.000000,0.000000
1777207709.022636,0,0.000000,0.000000,0.000000,0.000000,0.000000,0.000000,0.020000,0.370000,0.000000,0.000000
1777207709.023131,0,0.000000,0.000000,0.000000,0.000000,0.000000,0.000000,0.510000,0.380000,0.000000,0.000000
1777207709.023518,0,0.000000,0.000000,0.000000,0.000000,0.000000,0.000000,1.000000,0.310000,0.000000,0.020000
1777207709.053316,0,0.000000,0.000000,0.000000,0.000000,0.000000,0.000000,1.000000,0.370000,0.030000,0.000000
1777207709.053816,0,0.000000,0.000000,0.000000,0.000000,0.000000,0.000000,1.000000,0.370000,0.000000,0.000000
1777207709.083997,0,0.000000,0.000000,0.000000,0.000000,0.000000,0.000000,0.110000,0.340000,0.030000,0.000000
1777207709.114225,0,0.000000,0.000000,0.000000,0.000000,0.000000,0.000000,0.570000,0.340000,0.000000,0.020000
1777207709.114704,0,0.000000,0.000000,0.000000,0.000000,0.000000,0.000000,1.000000,0.310000,0.000000,0.000000
1777207709.115105,0,0.000000,0.000000,0.000000,0.000000,0.000000,0.000000,1.000000,0.340000,0.000000,0.120000
1777207709.145037,0,0.000000,0.000000,0.000000,0.000000,0.000000,0.000000,1.000000,0.300000,0.000000,0.020000
1777207709.145571,0,0.000000,0.000000,0.000000,0.000000,0.000000,0.000000,1.000000,0.370000,0.030000,0.050000
1777207709.175506,0,0.000000,0.000000,0.000000,0.000000,0.000000,0.000000,1.000000,0.300000,0.000000,0.000000
1777207709.176007,0,0.000000,0.000000,0.000000,0.000000,0.000000,0.000000,1.000000,0.340000,0.030000,0.000000
1777207709.205837,0,0.000000,0.000000,0.000000,0.000000,0.000000,0.000000,1.000000,0.380000,0.090000,0.000000
1777207709.206330,0,0.000000,0.000000,0.000000,0.000000,0.000000,0.000000,1.000000,0.370000,0.090000,0.020000
1777207709.249272,0,0.000000,0.000000,0.000000,0.000000,0.000000,0.000000,1.000000,0.270000,0.030000,0.000000
1777207709.249779,0,0.000000,0.000000,0.000000,0.000000,0.000000,0.000000,1.000000,0.370000,0.000000,0.020000
1777207709.250321,0,0.000000,0.000000,0.000000,0.000000,0.000000,0.000000,0.000000,0.300000,0.000000,0.000000
1777207709.280472,0,0.000000,0.000000,0.000000,0.000000,0.000000,0.000000,0.070000,0.310000,0.030000,0.020000
1777207709.310732,0,0.000000,0.000000,0.000000,0.000000,0.000000,0.000000,0.770000,0.430000,0.090000,0.000000
1777207709.311231,0,0.000000,0.000000,0.000000,0.000000,0.000000,0.000000,1.000000,0.370000,0.000000,0.020000
1777207709.311610,0,0.000000,0.000000,0.000000,0.000000,0.000000,0.000000,1.000000,0.410000,0.000000,0.000000
1777207709.341401,0,0.000000,0.000000,0.000000,0.000000,0.000000,0.000000,1.000000,0.370000,0.030000,0.020000
1777207709.341898,0,0.000000,0.000000,0.000000,0.000000,0.000000,0.000000,1.000000,0.340000,0.030000,0.000000
1777207709.372531,0,0.000000,0.000000,0.000000,0.000000,0.000000,0.000000,0.120000,0.310000,0.000000,0.000000
1777207709.406631,0,0.000000,0.000000,0.000000,0.000000,0.000000,0.000000,0.770000,0.380000,0.000000,0.000000
1777207709.407139,0,0.000000,0.000000,0.000000,0.000000,0.000000,0.000000,1.000000,0.340000,0.000000,0.050000
1777207709.407655,0,0.000000,0.000000,0.000000,0.000000,0.000000,0.000000,1.000000,0.340000,0.030000,0.100000
1777207709.445961,0,0.000000,0.000000,0.000000,0.000000,0.000000,0.000000,1.000000,0.310000,0.000000,0.020000
1777207709.446486,0,0.000000,0.000000,0.000000,0.000000,0.000000,0.000000,1.000000,0.310000,0.030000,0.000000
1777207709.475208,0,0.000000,0.000000,0.000000,0.000000,0.000000,0.000000,1.000000,0.370000,0.000000,0.000000
1777207709.475707,0,0.000000,0.000000,0.000000,0.000000,0.000000,0.000000,1.000000,0.340000,0.120000,0.000000
1777207709.476221,0,0.000000,0.000000,0.000000,0.000000,0.000000,0.000000,1.000000,0.310000,0.000000,0.470000
1777207709.506974,0,0.000000,0.000000,0.000000,0.000000,0.000000,0.000000,0.000000,0.370000,0.030000,0.020000
1777207709.537210,0,0.000000,0.000000,0.000000,0.000000,0.000000,0.000000,0.680000,0.460000,0.030000,0.020000
1777207709.537715,0,0.000000,0.000000,0.000000,0.000000,0.000000,0.000000,1.000000,0.340000,0.000000,0.000000
1777207709.538327,0,0.000000,0.000000,0.000000,0.000000,0.000000,0.000000,1.000000,0.410000,0.000000,0.000000
1777207709.567972,0,0.000000,0.000000,0.000000,0.000000,0.000000,0.000000,1.000000,0.380000,0.030000,0.000000
1777207709.568535,0,0.000000,0.000000,0.000000,0.000000,0.000000,0.000000,1.000000,0.310000,0.030000,0.020000
1777207709.598779,0,0.000000,0.000000,0.000000,0.000000,0.000000,0.000000,1.000000,0.370000,0.000000,0.000000
1777207709.599692,0,0.000000,0.000000,0.000000,0.000000,0.000000,0.000000,1.000000,0.380000,0.000000,0.020000
1777207709.629849,0,0.000000,0.000000,0.000000,0.000000,0.000000,0.000000,1.000000,0.340000,0.000000,0.020000
1777207709.630334,0,0.000000,0.000000,0.000000,0.000000,0.000000,0.000000,1.000000,0.370000,0.000000,0.000000
1777207709.659802,0,0.000000,0.000000,0.000000,0.000000,0.000000,0.000000,1.000000,0.310000,0.030000,0.020000
1777207709.689805,0,0.000000,0.000000,0.000000,0.000000,0.000000,0.000000,1.000000,0.340000,0.030000,0.020000
1777207709.690315,0,0.000000,0.000000,0.000000,0.000000,0.000000,0.000000,1.000000,0.250000,0.000000,0.050000
1777207709.690703,0,0.000000,0.000000,0.000000,0.000000,0.000000,0.000000,1.000000,0.380000,0.030000,0.020000
1777207709.721227,0,0.000000,0.000000,0.000000,0.000000,0.000000,0.000000,1.000000,0.370000,0.090000,0.370000
1777207709.751380,0,0.000000,0.000000,0.000000,0.000000,0.000000,0.000000,1.000000,0.380000,0.030000,0.020000
1777207709.751858,0,0.000000,0.000000,0.000000,0.000000,0.000000,0.000000,1.000000,0.370000,0.000000,0.000000
1777207709.782063,0,0.000000,0.000000,0.000000,0.000000,0.000000,0.000000,1.000000,0.340000,0.030000,0.400000
1777207709.782573,0,0.000000,0.000000,0.000000,0.000000,0.000000,0.000000,1.000000,0.180000,0.030000,0.000000
1777207709.814330,0,0.000000,0.000000,0.000000,0.000000,0.000000,0.000000,0.560000,0.370000,0.030000,0.000000
1777207709.814831,0,0.000000,0.000000,0.000000,0.000000,0.000000,0.000000,1.000000,0.340000,0.000000,0.020000
1777207709.815485,0,0.000000,0.000000,0.000000,0.000000,0.000000,0.000000,1.000000,0.370000,0.000000,0.000000
1777207709.845631,0,0.000000,0.000000,0.000000,0.000000,0.000000,0.000000,1.000000,0.380000,0.030000,0.050000
1777207709.846342,0,0.000000,0.000000,0.000000,0.000000,0.000000,0.000000,1.000000,0.310000,0.030000,0.020000
1777207709.876793,0,0.000000,0.000000,0.000000,0.000000,0.000000,0.000000,0.300000,0.380000,0.000000,0.000000
1777207709.877514,0,0.000000,0.000000,0.000000,0.000000,0.000000,0.000000,0.500000,0.310000,0.000000,0.020000
1777207709.907145,0,0.000000,0.000000,0.000000,0.000000,0.000000,0.000000,1.000000,0.300000,0.000000,0.000000
1777207709.907807,0,0.000000,0.000000,0.000000,0.000000,0.000000,0.000000,1.000000,0.300000,0.000000,0.000000
1777207709.938088,0,0.000000,0.000000,0.000000,0.000000,0.000000,0.000000,1.000000,0.340000,0.030000,0.050000
1777207709.938576,0,0.000000,0.000000,0.000000,0.000000,0.000000,0.000000,1.000000,0.310000,0.000000,0.000000
1777207709.968990,0,0.000000,0.000000,0.000000,0.000000,0.000000,0.000000,1.000000,0.310000,0.000000,0.000000
1777207709.969493,0,0.000000,0.000000,0.000000,0.000000,0.000000,0.000000,1.000000,0.310000,0.000000,0.000000
1777207709.999933,0,0.000000,0.000000,0.000000,0.000000,0.000000,0.000000,1.000000,0.340000,0.000000,0.020000
1777207710.000447,0,0.000000,0.000000,0.000000,0.000000,0.000000,0.000000,1.000000,0.370000,0.000000,0.000000
1777207710.030015,0,0.000000,0.000000,0.000000,0.000000,0.000000,0.000000,1.000000,0.340000,0.000000,0.000000
1777207710.030528,0,0.000000,0.000000,0.000000,0.000000,0.000000,0.000000,1.000000,0.310000,0.030000,0.020000
1777207710.060048,0,0.000000,0.000000,0.000000,0.000000,0.000000,0.000000,1.000000,0.380000,0.000000,0.020000
1777207710.060562,0,0.000000,0.000000,0.000000,0.000000,0.000000,0.000000,1.000000,0.380000,0.000000,0.000000
1777207710.090085,0,0.000000,0.000000,0.000000,0.000000,0.000000,0.000000,0.270000,0.380000,0.030000,0.000000
1777207710.120291,0,0.000000,0.000000,0.000000,0.000000,0.000000,0.000000,1.000000,0.380000,0.030000,0.020000
1777207710.120796,0,0.000000,0.000000,0.000000,0.000000,0.000000,0.000000,1.000000,0.340000,0.000000,0.000000
1777207710.121178,0,0.000000,0.000000,0.000000,0.000000,0.000000,0.000000,1.000000,0.340000,0.000000,0.000000
1777207710.151561,0,0.000000,0.000000,0.000000,0.000000,0.000000,0.000000,1.000000,0.300000,0.090000,0.000000
1777207710.181805,0,0.000000,0.000000,0.000000,0.000000,0.000000,0.000000,1.000000,0.300000,0.000000,0.000000
1777207710.182319,0,0.000000,0.000000,0.000000,0.000000,0.000000,0.000000,1.000000,0.340000,0.000000,0.000000
1777207710.182903,0,0.000000,0.000000,0.000000,0.000000,0.000000,0.000000,1.000000,0.380000,0.000000,0.000000
1777207710.213831,0,0.000000,0.000000,0.000000,0.000000,0.000000,0.000000,1.000000,0.300000,0.030000,0.000000
1777207710.244603,0,0.000000,0.000000,0.000000,0.000000,0.000000,0.000000,1.000000,0.250000,0.000000,0.000000
1777207710.245096,0,0.000000,0.000000,0.000000,0.000000,0.000000,0.000000,1.000000,0.340000,0.000000,0.020000
1777207710.245619,0,0.000000,0.000000,0.000000,0.000000,0.000000,0.000000,1.000000,0.300000,0.000000,0.020000
1777207710.275916,0,0.000000,0.000000,0.000000,0.000000,0.000000,0.000000,1.000000,0.380000,0.000000,0.000000
1777207710.276481,0,0.000000,0.000000,0.000000,0.000000,0.000000,0.000000,0.150000,0.340000,0.030000,0.000000
1777207710.306680,0,0.000000,0.000000,0.000000,0.000000,0.000000,0.000000,1.000000,0.250000,0.000000,0.000000
1777207710.307156,0,0.000000,0.000000,0.000000,0.000000,0.000000,0.000000,1.000000,0.370000,0.000000,0.020000
1777207710.336792,0,0.000000,0.000000,0.000000,0.000000,0.000000,0.000000,1.000000,0.340000,0.000000,0.000000
1777207710.337276,0,0.000000,0.000000,0.000000,0.000000,0.000000,0.000000,1.000000,0.300000,0.000000,0.100000
1777207710.367319,0,0.000000,0.000000,0.000000,0.000000,0.000000,0.000000,1.000000,0.310000,0.000000,0.000000
1777207710.367809,0,0.000000,0.000000,0.000000,0.000000,0.000000,0.000000,1.000000,0.340000,0.000000,0.170000
1777207710.399372,0,0.000000,0.000000,0.000000,0.000000,0.000000,0.000000,1.000000,0.340000,0.090000,0.020000
1777207710.399878,0,0.000000,0.000000,0.000000,0.000000,0.000000,0.000000,1.000000,0.310000,0.000000,0.000000
1777207710.436071,0,0.000000,0.000000,0.000000,0.000000,0.000000,0.000000,1.000000,0.310000,0.000000,0.020000
1777207710.436550,0,0.000000,0.000000,0.000000,0.000000,0.000000,0.000000,1.000000,0.300000,0.030000,0.000000
1777207710.469375,0,0.000000,0.000000,0.000000,0.000000,0.000000,0.000000,1.000000,0.110000,0.000000,0.000000
1777207710.469954,0,0.000000,0.000000,0.000000,0.000000,0.000000,0.000000,0.370000,0.410000,0.030000,0.020000
1777207710.470493,0,0.000000,0.000000,0.000000,0.000000,0.000000,0.000000,1.000000,0.270000,0.030000,0.000000
1777207710.500140,0,0.000000,0.000000,0.000000,0.000000,0.000000,0.000000,1.000000,0.340000,0.000000,0.000000
1777207710.500725,0,0.000000,0.000000,0.000000,0.000000,0.000000,0.000000,1.000000,0.250000,0.030000,0.020000
1777207710.531696,0,0.000000,0.000000,0.000000,0.000000,0.000000,0.000000,1.000000,0.270000,0.000000,0.000000
1777207710.532184,0,0.000000,0.000000,0.000000,0.000000,0.000000,0.000000,1.000000,0.270000,0.030000,0.000000
1777207710.562024,0,0.000000,0.000000,0.000000,0.000000,0.000000,0.000000,1.000000,0.270000,0.000000,0.050000
1777207710.591852,0,0.000000,0.000000,0.000000,0.000000,0.000000,0.000000,1.000000,0.340000,0.000000,0.000000
1777207710.592336,0,0.000000,0.000000,0.000000,0.000000,0.000000,0.000000,1.000000,0.310000,0.000000,0.000000
1777207710.592718,0,0.000000,0.000000,0.000000,0.000000,0.000000,0.000000,1.000000,0.270000,0.000000,0.000000
1777207710.649003,0,0.000000,0.000000,0.000000,0.000000,0.000000,0.000000,1.000000,0.340000,0.030000,0.020000
1777207710.649633,0,0.000000,0.000000,0.000000,0.000000,0.000000,0.000000,1.000000,0.300000,0.000000,0.000000
1777207710.650239,0,0.000000,0.000000,0.000000,0.000000,0.000000,0.000000,1.000000,0.070000,0.030000,0.000000
1777207710.650855,0,0.000000,0.000000,0.000000,0.000000,0.000000,0.000000,0.150000,0.340000,0.000000,0.000000
1777207710.651457,0,0.000000,0.000000,0.000000,0.000000,0.000000,0.000000,1.000000,0.300000,0.090000,0.000000
1777207710.682201,0,0.000000,0.000000,0.000000,0.000000,0.000000,0.000000,1.000000,0.310000,0.000000,0.020000
1777207710.712363,0,0.000000,0.000000,0.000000,0.000000,0.000000,0.000000,1.000000,0.340000,0.000000,0.000000
1777207710.742791,0,0.000000,0.000000,0.000000,0.000000,0.000000,0.000000,1.000000,0.310000,0.120000,0.020000
1777207710.743298,0,0.000000,0.000000,0.000000,0.000000,0.000000,0.000000,1.000000,0.300000,0.000000,0.000000
1777207710.743686,0,0.000000,0.000000,0.000000,0.000000,0.000000,0.000000,1.000000,0.370000,0.030000,0.020000
1777207710.773980,0,0.000000,0.000000,0.000000,0.000000,0.000000,0.000000,1.000000,0.310000,0.090000,0.020000
1777207710.804055,0,0.000000,0.000000,0.000000,0.000000,0.000000,0.000000,1.000000,0.310000,0.000000,0.000000
1777207710.804541,0,0.000000,0.000000,0.000000,0.000000,0.000000,0.000000,1.000000,0.370000,0.030000,0.000000
1777207710.804921,0,0.000000,0.000000,0.000000,0.000000,0.000000,0.000000,1.000000,0.340000,0.030000,0.000000
1777207710.835311,0,0.000000,0.000000,0.000000,0.000000,0.000000,0.000000,1.000000,0.370000,0.000000,0.020000
1777207710.835834,0,0.000000,0.000000,0.000000,0.000000,0.000000,0.000000,1.000000,0.250000,0.030000,0.000000
1777207710.865795,0,0.000000,0.000000,0.000000,0.000000,0.000000,0.000000,1.000000,0.300000,0.030000,0.000000
1777207710.866657,0,0.000000,0.000000,0.000000,0.000000,0.000000,0.000000,1.000000,0.270000,0.000000,0.050000
1777207710.867258,0,0.000000,0.000000,0.000000,0.000000,0.000000,0.000000,1.000000,0.380000,0.000000,0.000000
1777207710.897182,0,0.000000,0.000000,0.000000,0.000000,0.000000,0.000000,1.000000,0.410000,0.000000,0.000000
1777207710.927222,0,0.000000,0.000000,0.000000,0.000000,0.000000,0.000000,1.000000,0.380000,0.000000,0.000000
1777207710.927820,0,0.000000,0.000000,0.000000,0.000000,0.000000,0.000000,0.000000,0.380000,0.000000,0.000000
1777207710.957341,0,0.000000,0.000000,0.000000,0.000000,0.000000,0.000000,0.820000,0.310000,0.000000,0.000000
1777207710.987551,0,0.000000,0.000000,0.000000,0.000000,0.000000,0.000000,1.000000,0.340000,0.000000,0.000000
1777207710.988044,0,0.000000,0.000000,0.000000,0.000000,0.000000,0.000000,1.000000,0.310000,0.000000,0.000000
1777207710.988425,0,0.000000,0.000000,0.000000,0.000000,0.000000,0.000000,1.000000,0.370000,0.000000,0.000000
1777207711.017818,0,0.000000,0.000000,0.000000,0.000000,0.000000,0.000000,1.000000,0.310000,0.030000,0.000000
1777207711.048234,0,0.000000,0.000000,0.000000,0.000000,0.000000,0.000000,1.000000,0.270000,0.000000,0.000000
1777207711.078274,0,0.000000,0.000000,0.000000,0.000000,0.000000,0.000000,1.000000,0.300000,0.000000,0.000000
1777207711.078779,0,0.000000,0.000000,0.000000,0.000000,0.000000,0.000000,1.000000,0.250000,0.030000,0.000000
1777207711.079169,0,0.000000,0.000000,0.000000,0.000000,0.000000,0.000000,1.000000,0.300000,0.000000,0.020000
1777207711.109118,0,0.000000,0.000000,0.000000,0.000000,0.000000,0.000000,1.000000,0.300000,0.000000,0.000000
1777207711.109626,0,0.000000,0.000000,0.000000,0.000000,0.000000,0.000000,1.000000,0.410000,0.000000,0.000000
1777207711.110013,0,0.000000,0.000000,0.000000,0.000000,0.000000,0.000000,1.000000,0.310000,0.000000,0.000000
1777207711.140463,0,0.000000,0.000000,0.000000,0.000000,0.000000,0.000000,1.000000,0.310000,0.000000,0.000000
1777207711.170238,0,0.000000,0.000000,0.000000,0.000000,0.000000,0.000000,1.000000,0.370000,0.000000,0.000000
1777207711.170764,0,0.000000,0.000000,0.000000,0.000000,0.000000,0.000000,1.000000,0.310000,0.000000,0.000000
1777207711.171156,0,0.000000,0.000000,0.000000,0.000000,0.000000,0.000000,1.000000,0.310000,0.030000,0.020000
1777207711.201021,0,0.000000,0.000000,0.000000,0.000000,0.000000,0.000000,1.000000,0.370000,0.000000,0.000000
1777207711.201546,0,0.000000,0.000000,0.000000,0.000000,0.000000,0.000000,1.000000,0.310000,0.000000,0.020000
1777207711.236173,0,0.000000,0.000000,0.000000,0.000000,0.000000,0.000000,1.000000,0.340000,0.000000,0.000000
1777207711.236666,0,0.000000,0.000000,0.000000,0.000000,0.000000,0.000000,1.000000,0.340000,0.090000,0.000000
1777207711.267275,0,0.000000,0.000000,0.000000,0.000000,0.000000,0.000000,0.330000,0.370000,0.000000,0.100000
1777207711.296773,0,0.000000,0.000000,0.000000,0.000000,0.000000,0.000000,1.000000,0.300000,0.000000,0.000000
1777207711.297298,0,0.000000,0.000000,0.000000,0.000000,0.000000,0.000000,0.150000,0.310000,0.000000,0.020000
1777207711.297692,0,0.000000,0.000000,0.000000,0.000000,0.000000,0.000000,0.890000,0.310000,0.000000,0.000000
1777207711.355535,0,0.000000,0.000000,0.000000,0.000000,0.000000,0.000000,1.000000,0.310000,0.030000,0.020000
1777207711.356043,0,0.000000,0.000000,0.000000,0.000000,0.000000,0.000000,1.000000,0.380000,0.030000,0.000000
1777207711.356432,0,0.000000,0.000000,0.000000,0.000000,0.000000,0.000000,1.000000,0.340000,0.000000,0.050000
1777207711.356798,0,0.000000,0.000000,0.000000,0.000000,0.000000,0.000000,1.000000,0.310000,0.030000,0.020000
1777207711.357201,0,0.000000,0.000000,0.000000,0.000000,0.000000,0.000000,1.000000,0.310000,0.090000,0.020000
1777207711.357589,0,0.000000,0.000000,0.000000,0.000000,0.000000,0.000000,0.300000,0.310000,0.000000,0.000000
1777207711.413993,0,0.000000,0.000000,0.000000,0.000000,0.000000,0.000000,1.000000,0.340000,0.000000,0.000000
1777207711.414508,0,0.000000,0.000000,0.000000,0.000000,0.000000,0.000000,1.000000,0.380000,0.030000,0.120000
1777207711.469951,0,0.000000,0.000000,0.000000,0.000000,0.000000,0.000000,1.000000,0.340000,0.030000,0.000000
1777207711.470542,0,0.000000,0.000000,0.000000,0.000000,0.000000,0.000000,1.000000,0.300000,0.000000,0.000000
1777207711.524980,0,0.000000,0.000000,0.000000,0.000000,0.000000,0.000000,1.000000,0.300000,0.000000,0.020000
1777207711.525488,0,0.000000,0.000000,0.000000,0.000000,0.000000,0.000000,1.000000,0.300000,0.000000,0.000000
1777207711.525877,0,0.000000,0.000000,0.000000,0.000000,0.000000,0.000000,1.000000,0.270000,0.090000,0.000000
1777207711.526333,0,0.000000,0.000000,0.000000,0.000000,0.000000,0.000000,0.200000,0.380000,0.090000,0.170000
1777207711.526852,0,0.000000,0.000000,0.000000,0.000000,0.000000,0.000000,1.000000,0.300000,0.000000,0.100000
1777207711.582738,0,0.000000,0.000000,0.000000,0.000000,0.000000,0.000000,1.000000,0.340000,0.000000,0.000000
1777207711.583272,0,0.000000,0.000000,0.000000,0.000000,0.000000,0.000000,0.100000,0.310000,0.030000,0.020000
1777207711.583669,0,0.000000,0.000000,0.000000,0.000000,0.000000,0.000000,0.800000,0.370000,0.000000,0.000000
1777207711.584239,0,0.000000,0.000000,0.000000,0.000000,0.000000,0.000000,1.000000,0.300000,0.120000,0.020000
1777207711.639826,0,0.000000,0.000000,0.000000,0.000000,0.000000,0.000000,1.000000,0.340000,0.030000,0.000000
1777207711.640490,0,0.000000,0.000000,0.000000,0.000000,0.000000,0.000000,1.000000,0.340000,0.000000,0.000000
1777207711.640900,0,0.000000,0.000000,0.000000,0.000000,0.000000,0.000000,1.000000,0.370000,0.030000,0.000000
1777207711.641274,0,0.000000,0.000000,0.000000,0.000000,0.000000,0.000000,1.000000,0.340000,0.000000,0.000000
1777207711.641647,0,0.000000,0.000000,0.000000,0.000000,0.000000,0.000000,1.000000,0.340000,0.030000,0.000000
1777207711.696801,0,0.000000,0.000000,0.000000,0.000000,0.000000,0.000000,1.000000,0.340000,0.000000,0.000000
1777207711.697469,0,0.000000,0.000000,0.000000,0.000000,0.000000,0.000000,1.000000,0.380000,0.000000,0.020000
1777207711.697887,0,0.000000,0.000000,0.000000,0.000000,0.000000,0.000000,1.000000,0.370000,0.000000,0.100000
1777207711.752401,0,0.000000,0.000000,0.000000,0.000000,0.000000,0.000000,1.000000,0.370000,0.000000,0.020000
1777207711.752912,0,0.000000,0.000000,0.000000,0.000000,0.000000,0.000000,1.000000,0.310000,0.000000,0.000000
1777207711.753450,0,0.000000,0.000000,0.000000,0.000000,0.000000,0.000000,1.000000,0.270000,0.000000,0.000000
1777207711.753837,0,0.000000,0.000000,0.000000,0.000000,0.000000,0.000000,1.000000,0.300000,0.000000,0.000000
1777207711.809436,0,0.000000,0.000000,0.000000,0.000000,0.000000,0.000000,1.000000,0.370000,0.030000,0.000000
1777207711.809994,0,0.000000,0.000000,0.000000,0.000000,0.000000,0.000000,1.000000,0.370000,0.030000,0.000000
1777207711.810405,0,0.000000,0.000000,0.000000,0.000000,0.000000,0.000000,0.200000,0.270000,0.000000,0.050000
1777207711.810982,0,0.000000,0.000000,0.000000,0.000000,0.000000,0.000000,0.890000,0.310000,0.000000,0.000000
1777207711.840479,0,0.000000,0.000000,0.000000,0.000000,0.000000,0.000000,1.000000,0.310000,0.030000,0.000000
1777207711.869521,0,0.000000,0.000000,0.000000,0.000000,0.000000,0.000000,1.000000,0.310000,0.030000,0.020000
1777207711.925450,0,0.000000,0.000000,0.000000,0.000000,0.000000,0.000000,1.000000,0.300000,0.090000,0.000000
1777207711.925986,0,0.000000,0.000000,0.000000,0.000000,0.000000,0.000000,1.000000,0.340000,0.030000,0.000000
1777207711.926382,0,0.000000,0.000000,0.000000,0.000000,0.000000,0.000000,1.000000,0.340000,0.000000,0.000000
1777207711.926752,0,0.000000,0.000000,0.000000,0.000000,0.000000,0.000000,1.000000,0.630000,0.030000,0.020000
1777207711.980628,0,0.000000,0.000000,0.000000,0.000000,0.000000,0.000000,1.000000,0.300000,0.000000,0.020000
1777207711.981160,0,0.000000,0.000000,0.000000,0.000000,0.000000,0.000000,1.000000,0.340000,0.000000,0.100000
1777207711.981550,0,0.000000,0.000000,0.000000,0.000000,0.000000,0.000000,1.000000,0.310000,0.000000,0.020000
1777207712.036621,0,0.000000,0.000000,0.000000,0.000000,0.000000,0.000000,1.000000,0.310000,0.000000,0.020000
1777207712.037286,0,0.000000,0.000000,0.000000,0.000000,0.000000,0.000000,1.000000,0.340000,0.000000,0.000000
1777207712.037694,0,0.000000,0.000000,0.000000,0.000000,0.000000,0.000000,1.000000,0.370000,0.000000,0.020000
1777207712.038069,0,0.000000,0.000000,0.000000,0.000000,0.000000,0.000000,1.000000,0.340000,0.000000,0.000000
1777207712.038445,0,0.000000,0.000000,0.000000,0.000000,0.000000,0.000000,1.000000,0.370000,0.000000,0.000000
1777207712.038815,0,0.000000,0.000000,0.000000,0.000000,0.000000,0.000000,1.000000,0.310000,0.000000,0.050000
1777207712.093680,0,0.000000,0.000000,0.000000,0.000000,0.000000,0.000000,1.000000,0.310000,0.000000,0.000000
1777207712.094212,0,0.000000,0.000000,0.000000,0.000000,0.000000,0.000000,1.000000,0.370000,0.000000,0.020000
1777207712.094829,0,0.000000,0.000000,0.000000,0.000000,0.000000,0.000000,1.000000,0.370000,0.000000,0.000000
1777207712.149295,0,0.000000,0.000000,0.000000,0.000000,0.000000,0.000000,1.000000,0.340000,0.000000,0.000000
1777207712.149824,0,0.000000,0.000000,0.000000,0.000000,0.000000,0.000000,1.000000,0.310000,0.000000,0.020000
1777207712.150224,0,0.000000,0.000000,0.000000,0.000000,0.000000,0.000000,1.000000,0.310000,0.000000,0.000000
1777207712.150775,0,0.000000,0.000000,0.000000,0.000000,0.000000,0.000000,1.000000,0.370000,0.000000,0.000000
1777207712.206080,0,0.000000,0.000000,0.000000,0.000000,0.000000,0.000000,1.000000,0.310000,0.000000,0.050000
1777207712.206613,0,0.000000,0.000000,0.000000,0.000000,0.000000,0.000000,1.000000,0.310000,0.000000,0.020000
1777207712.207000,0,0.000000,0.000000,0.000000,0.000000,0.000000,0.000000,1.000000,0.380000,0.000000,0.000000
1777207712.262455,0,0.000000,0.000000,0.000000,0.000000,0.000000,0.000000,1.000000,0.310000,0.030000,0.050000
1777207712.262983,0,0.000000,0.000000,0.000000,0.000000,0.000000,0.000000,1.000000,0.270000,0.000000,0.020000
1777207712.263386,0,0.000000,0.000000,0.000000,0.000000,0.000000,0.000000,1.000000,0.300000,0.000000,0.100000
1777207712.263828,0,0.000000,0.000000,0.000000,0.000000,0.000000,0.000000,1.000000,0.370000,0.000000,0.120000
1777207712.318715,0,0.000000,0.000000,0.000000,0.000000,0.000000,0.000000,1.000000,0.310000,0.000000,0.000000
1777207712.319232,0,0.000000,0.000000,0.000000,0.000000,0.000000,0.000000,1.000000,0.310000,0.000000,0.000000
1777207712.319767,0,0.000000,0.000000,0.000000,0.000000,0.000000,0.000000,1.000000,0.340000,0.030000,0.000000
1777207712.348877,0,0.000000,0.000000,0.000000,0.000000,0.000000,0.000000,0.050000,0.310000,0.000000,0.020000
1777207712.378371,0,0.000000,0.000000,0.000000,0.000000,0.000000,0.000000,0.800000,0.340000,0.000000,0.000000
1777207712.378901,0,0.000000,0.000000,0.000000,0.000000,0.000000,0.000000,1.000000,0.370000,0.030000,0.020000
1777207712.379307,0,0.000000,0.000000,0.000000,0.000000,0.000000,0.000000,1.000000,0.340000,0.000000,0.000000
1777207712.410825,0,0.000000,0.000000,0.000000,0.000000,0.000000,0.000000,1.000000,0.300000,0.030000,0.000000
1777207712.411341,0,0.000000,0.000000,0.000000,0.000000,0.000000,0.000000,1.000000,0.000000,0.030000,0.000000
1777207712.442845,0,0.000000,0.000000,0.000000,0.000000,0.000000,0.000000,0.500000,0.340000,0.090000,0.000000
1777207712.443327,0,0.000000,0.000000,0.000000,0.000000,0.000000,0.000000,0.180000,0.380000,0.000000,0.000000
1777207712.474123,0,0.000000,0.000000,0.000000,0.000000,0.000000,0.000000,0.000000,0.310000,0.000000,0.230000
1777207712.474616,0,0.000000,0.000000,0.000000,0.000000,0.000000,0.000000,0.620000,0.270000,0.000000,0.000000
1777207712.504842,0,0.000000,0.000000,0.000000,0.000000,0.000000,0.000000,1.000000,0.370000,0.030000,0.000000
1777207712.505327,0,0.000000,0.000000,0.000000,0.000000,0.000000,0.000000,1.000000,0.270000,0.030000,0.120000
1777207712.535279,0,0.000000,0.000000,0.000000,0.000000,0.000000,0.000000,1.000000,0.340000,0.030000,0.000000
1777207712.535793,0,0.000000,0.000000,0.000000,0.000000,0.000000,0.000000,1.000000,0.370000,0.000000,0.000000
1777207712.565925,0,0.000000,0.000000,0.000000,0.000000,0.000000,0.000000,0.070000,0.300000,0.030000,0.050000
1777207712.597860,0,0.000000,0.000000,0.000000,0.000000,0.000000,0.000000,0.690000,0.370000,0.000000,0.020000
1777207712.628380,0,0.000000,0.000000,0.000000,0.000000,0.000000,0.000000,1.000000,0.340000,0.000000,0.020000
1777207712.628863,0,0.000000,0.000000,0.000000,0.000000,0.000000,0.000000,0.000000,0.340000,0.000000,0.000000
1777207712.629243,0,0.000000,0.000000,0.000000,0.000000,0.000000,0.000000,0.470000,0.310000,0.000000,0.000000
1777207712.629761,0,0.000000,0.000000,0.000000,0.000000,0.000000,0.000000,1.000000,0.340000,0.030000,0.000000
1777207712.659478,0,0.000000,0.000000,0.000000,0.000000,0.000000,0.000000,1.000000,0.270000,0.000000,0.000000
1777207712.689252,0,0.000000,0.000000,0.000000,0.000000,0.000000,0.000000,1.000000,0.430000,0.000000,0.000000
1777207712.689737,0,0.000000,0.000000,0.000000,0.000000,0.000000,0.000000,1.000000,0.270000,0.000000,0.000000
1777207712.690141,0,0.000000,0.000000,0.000000,0.000000,0.000000,0.000000,1.000000,0.310000,0.000000,0.050000
1777207712.720345,0,0.000000,0.000000,0.000000,0.000000,0.000000,0.000000,1.000000,0.370000,0.000000,0.000000
1777207712.720848,0,0.000000,0.000000,0.000000,0.000000,0.000000,0.000000,1.000000,0.270000,0.000000,0.000000
1777207712.750801,0,0.000000,0.000000,0.000000,0.000000,0.000000,0.000000,1.000000,0.370000,0.000000,0.000000
1777207712.751290,0,0.000000,0.000000,0.000000,0.000000,0.000000,0.000000,0.050000,0.310000,0.030000,0.000000
1777207712.781585,0,0.000000,0.000000,0.000000,0.000000,0.000000,0.000000,0.570000,0.300000,0.030000,0.050000
1777207712.811326,0,0.000000,0.000000,0.000000,0.000000,0.000000,0.000000,1.000000,0.340000,0.000000,0.000000
1777207712.811825,0,0.000000,0.000000,0.000000,0.000000,0.000000,0.000000,1.000000,0.340000,0.090000,0.000000
1777207712.812213,0,0.000000,0.000000,0.000000,0.000000,0.000000,0.000000,1.000000,0.370000,0.000000,0.000000
1777207712.842775,0,0.000000,0.000000,0.000000,0.000000,0.000000,0.000000,1.000000,0.300000,0.000000,0.000000
1777207712.872464,0,0.000000,0.000000,0.000000,0.000000,0.000000,0.000000,1.000000,0.310000,0.030000,0.050000
1777207712.872969,0,0.000000,0.000000,0.000000,0.000000,0.000000,0.000000,1.000000,0.370000,0.000000,0.000000
1777207712.873354,0,0.000000,0.000000,0.000000,0.000000,0.000000,0.000000,1.000000,0.300000,0.000000,0.000000
1777207712.903935,0,0.000000,0.000000,0.000000,0.000000,0.000000,0.000000,1.000000,0.370000,0.000000,0.000000
1777207712.937894,0,0.000000,0.000000,0.000000,0.000000,0.000000,0.000000,1.000000,0.310000,0.000000,0.000000
1777207712.938374,0,0.000000,0.000000,0.000000,0.000000,0.000000,0.000000,1.000000,0.340000,0.000000,0.000000
1777207712.938752,0,0.000000,0.000000,0.000000,0.000000,0.000000,0.000000,0.100000,0.340000,0.000000,0.020000
1777207712.968492,0,0.000000,0.000000,0.000000,0.000000,0.000000,0.000000,0.640000,0.310000,0.000000,0.000000
1777207712.968977,0,0.000000,0.000000,0.000000,0.000000,0.000000,0.000000,1.000000,0.270000,0.090000,0.000000
1777207713.000580,0,0.000000,0.000000,0.000000,0.000000,0.000000,0.000000,1.000000,0.300000,0.030000,0.020000
1777207713.033273,0,0.000000,0.000000,0.000000,0.000000,0.000000,0.000000,1.000000,0.310000,0.000000,0.020000
1777207713.033765,0,0.000000,0.000000,0.000000,0.000000,0.000000,0.000000,1.000000,0.310000,0.000000,0.170000
1777207713.034164,0,0.000000,0.000000,0.000000,0.000000,0.000000,0.000000,1.000000,0.370000,0.000000,0.000000
1777207713.068244,0,0.000000,0.000000,0.000000,0.000000,0.000000,0.000000,1.000000,0.410000,0.030000,0.000000
1777207713.068729,0,0.000000,0.000000,0.000000,0.000000,0.000000,0.000000,0.000000,0.310000,0.000000,0.000000
1777207713.069276,0,0.000000,0.000000,0.000000,0.000000,0.000000,0.000000,0.500000,0.300000,0.000000,0.000000
1777207713.126433,0,0.000000,0.000000,0.000000,0.000000,0.000000,0.000000,1.000000,0.410000,0.030000,0.000000
1777207713.126946,0,0.000000,0.000000,0.000000,0.000000,0.000000,0.000000,1.000000,0.300000,0.000000,0.000000
1777207713.127339,0,0.000000,0.000000,0.000000,0.000000,0.000000,0.000000,1.000000,0.340000,0.030000,0.000000
1777207713.127706,0,0.000000,0.000000,0.000000,0.000000,0.000000,0.000000,1.000000,0.300000,0.000000,0.000000
1777207713.181796,0,0.000000,0.000000,0.000000,0.000000,0.000000,0.000000,1.000000,0.370000,0.000000,0.000000
1777207713.182278,0,0.000000,0.000000,0.000000,0.000000,0.000000,0.000000,1.000000,0.340000,0.000000,0.000000
1777207713.182659,0,0.000000,0.000000,0.000000,0.000000,0.000000,0.000000,0.100000,0.370000,0.000000,0.000000
1777207713.183028,0,0.000000,0.000000,0.000000,0.000000,0.000000,0.000000,0.620000,0.370000,0.030000,0.050000
1777207713.183424,0,0.000000,0.000000,0.000000,0.000000,0.000000,0.000000,0.110000,0.310000,0.000000,0.000000
1777207713.183800,0,0.000000,0.000000,0.000000,0.000000,0.000000,0.000000,0.570000,0.310000,0.000000,0.000000
1777207713.238632,0,0.000000,0.000000,0.000000,0.000000,0.000000,0.000000,1.000000,0.430000,0.000000,0.000000
1777207713.239333,0,0.000000,0.000000,0.000000,0.000000,0.000000,0.000000,1.000000,0.510000,0.000000,0.000000
1777207713.239756,0,0.000000,0.000000,0.000000,0.000000,0.000000,0.000000,1.000000,0.380000,0.000000,0.000000
1777207713.294143,0,0.000000,0.000000,0.000000,0.000000,0.000000,0.000000,1.000000,0.370000,0.000000,0.020000
1777207713.294662,0,0.000000,0.000000,0.000000,0.000000,0.000000,0.000000,1.000000,0.340000,0.000000,0.000000
1777207713.295828,0,0.000000,0.000000,0.000000,0.000000,0.000000,0.000000,1.000000,0.310000,0.000000,0.000000
1777207713.350614,0,0.000000,0.000000,0.000000,0.000000,0.000000,0.000000,1.000000,0.370000,0.000000,0.000000
1777207713.351148,0,0.000000,0.000000,0.000000,0.000000,0.000000,0.000000,1.000000,0.410000,0.000000,0.020000
1777207713.351737,0,0.000000,0.000000,0.000000,0.000000,0.000000,0.000000,1.000000,0.340000,0.000000,0.100000
1777207713.352142,0,0.000000,0.000000,0.000000,0.000000,0.000000,0.000000,1.000000,0.370000,0.000000,0.000000
1777207713.409377,0,0.000000,0.000000,0.000000,0.000000,0.000000,0.000000,1.000000,-0.090000,0.000000,0.000000
1777207713.409943,0,0.000000,0.000000,0.000000,0.000000,0.000000,0.000000,0.280000,0.270000,0.000000,0.020000
1777207713.410343,0,0.000000,0.000000,0.000000,0.000000,0.000000,0.000000,0.700000,0.380000,0.030000,0.000000
1777207713.410926,0,0.000000,0.000000,0.000000,0.000000,0.000000,0.000000,1.000000,0.310000,0.000000,0.000000
1777207713.468014,0,0.000000,0.000000,0.000000,0.000000,0.000000,0.000000,0.000000,0.300000,0.030000,0.020000
1777207713.468548,0,0.000000,0.000000,0.000000,0.000000,0.000000,0.000000,0.050000,0.310000,0.000000,0.000000
1777207713.468940,0,0.000000,0.000000,0.000000,0.000000,0.000000,0.000000,0.150000,0.270000,0.000000,0.020000
1777207713.469471,0,0.000000,0.000000,0.000000,0.000000,0.000000,0.000000,0.730000,0.460000,0.000000,0.000000
1777207713.523531,0,0.000000,0.000000,0.000000,0.000000,0.000000,0.000000,1.000000,0.310000,0.000000,0.000000
1777207713.524336,0,0.000000,0.000000,0.000000,0.000000,0.000000,0.000000,1.000000,0.310000,0.000000,0.000000
1777207713.524773,0,0.000000,0.000000,0.000000,0.000000,0.000000,0.000000,1.000000,0.370000,0.000000,0.000000
1777207713.525161,0,0.000000,0.000000,0.000000,0.000000,0.000000,0.000000,1.000000,0.380000,0.000000,0.000000
1777207713.580500,0,0.000000,0.000000,0.000000,0.000000,0.000000,0.000000,1.000000,0.430000,0.000000,0.100000
1777207713.581024,0,0.000000,0.000000,0.000000,0.000000,0.000000,0.000000,1.000000,0.300000,0.000000,0.020000
1777207713.581573,0,0.000000,0.000000,0.000000,0.000000,0.000000,0.000000,1.000000,0.310000,0.000000,0.020000
1777207713.636014,0,0.000000,0.000000,0.000000,0.000000,0.000000,0.000000,1.000000,0.310000,0.000000,0.000000
1777207713.691411,0,0.000000,0.000000,0.000000,0.000000,0.000000,0.000000,1.000000,0.340000,0.030000,0.000000
1777207713.691930,0,0.000000,0.000000,0.000000,0.000000,0.000000,0.000000,1.000000,0.300000,0.000000,0.000000
1777207713.692324,0,0.000000,0.000000,0.000000,0.000000,0.000000,0.000000,1.000000,0.370000,0.030000,0.000000
1777207713.692695,0,0.000000,0.000000,0.000000,0.000000,0.000000,0.000000,1.000000,0.340000,0.000000,0.020000
1777207713.693058,0,0.000000,0.000000,0.000000,0.000000,0.000000,0.000000,1.000000,0.340000,0.000000,0.000000
1777207713.693425,0,0.000000,0.000000,0.000000,0.000000,0.000000,0.000000,1.000000,0.380000,0.000000,0.000000
1777207713.694092,0,0.000000,0.000000,0.000000,0.000000,0.000000,0.000000,1.000000,0.300000,0.000000,0.020000
1777207713.748749,0,0.000000,0.000000,0.000000,0.000000,0.000000,0.000000,1.000000,0.250000,0.000000,0.000000
1777207713.749297,0,0.000000,0.000000,0.000000,0.000000,0.000000,0.000000,1.000000,0.340000,0.030000,0.000000
1777207713.749821,0,0.000000,0.000000,0.000000,0.000000,0.000000,0.000000,1.000000,0.300000,0.000000,0.020000
1777207713.806272,0,0.000000,0.000000,0.000000,0.000000,0.000000,0.000000,1.000000,0.310000,0.000000,0.000000
1777207713.806800,0,0.000000,0.000000,0.000000,0.000000,0.000000,0.000000,1.000000,0.250000,0.030000,0.020000
1777207713.807197,0,0.000000,0.000000,0.000000,0.000000,0.000000,0.000000,1.000000,0.370000,0.000000,0.000000
1777207713.807571,0,0.000000,0.000000,0.000000,0.000000,0.000000,0.000000,1.000000,0.380000,0.030000,0.000000
1777207713.808111,0,0.000000,0.000000,0.000000,0.000000,0.000000,0.000000,1.000000,0.110000,0.000000,0.050000
1777207713.862482,0,0.000000,0.000000,0.000000,0.000000,0.000000,0.000000,0.090000,0.340000,0.000000,0.000000
1777207713.863146,0,0.000000,0.000000,0.000000,0.000000,0.000000,0.000000,1.000000,0.300000,0.000000,0.020000
1777207713.863567,0,0.000000,0.000000,0.000000,0.000000,0.000000,0.000000,1.000000,0.300000,0.000000,0.020000
1777207713.863955,0,0.000000,0.000000,0.000000,0.000000,0.000000,0.000000,0.000000,0.460000,0.000000,0.000000
1777207713.918086,0,0.000000,0.000000,0.000000,0.000000,0.000000,0.000000,1.000000,0.300000,0.000000,0.050000
1777207713.918975,0,0.000000,0.000000,0.000000,0.000000,0.000000,0.000000,1.000000,0.370000,0.000000,0.000000
1777207713.948978,0,0.000000,0.000000,0.000000,0.000000,0.000000,0.000000,1.000000,0.340000,0.000000,0.000000
1777207713.978437,0,0.000000,0.000000,0.000000,0.000000,0.000000,0.000000,1.000000,0.340000,0.000000,0.000000
1777207713.978989,0,0.000000,0.000000,0.000000,0.000000,0.000000,0.000000,1.000000,0.370000,0.030000,0.050000
1777207714.009669,0,0.000000,0.000000,0.000000,0.000000,0.000000,0.000000,1.000000,0.310000,0.030000,0.000000
1777207714.010154,0,0.000000,0.000000,0.000000,0.000000,0.000000,0.000000,1.000000,0.180000,0.000000,0.000000
1777207714.039358,0,0.000000,0.000000,0.000000,0.000000,0.000000,0.000000,0.890000,0.310000,0.000000,0.000000
1777207714.039874,0,0.000000,0.000000,0.000000,0.000000,0.000000,0.000000,1.000000,0.310000,0.000000,0.000000
1777207714.070264,0,0.000000,0.000000,0.000000,0.000000,0.000000,0.000000,1.000000,0.340000,0.000000,0.000000
1777207714.070756,0,0.000000,0.000000,0.000000,0.000000,0.000000,0.000000,1.000000,0.310000,0.000000,0.020000
1777207714.099951,0,0.000000,0.000000,0.000000,0.000000,0.000000,0.000000,0.000000,0.340000,0.030000,0.000000
1777207714.100456,0,0.000000,0.000000,0.000000,0.000000,0.000000,0.000000,1.000000,0.310000,0.000000,0.000000
1777207714.130602,0,0.000000,0.000000,0.000000,0.000000,0.000000,0.000000,1.000000,0.310000,0.000000,0.000000
1777207714.131142,0,0.000000,0.000000,0.000000,0.000000,0.000000,0.000000,1.000000,0.300000,0.030000,0.000000
1777207714.161507,0,0.000000,0.000000,0.000000,0.000000,0.000000,0.000000,1.000000,0.300000,0.030000,0.000000
1777207714.161994,0,0.000000,0.000000,0.000000,0.000000,0.000000,0.000000,1.000000,0.310000,0.000000,0.020000
1777207714.191883,0,0.000000,0.000000,0.000000,0.000000,0.000000,0.000000,1.000000,0.340000,0.000000,0.000000
1777207714.192385,0,0.000000,0.000000,0.000000,0.000000,0.000000,0.000000,0.090000,0.270000,0.030000,0.020000
1777207714.222402,0,0.000000,0.000000,0.000000,0.000000,0.000000,0.000000,1.000000,0.300000,0.030000,0.000000
1777207714.222895,0,0.000000,0.000000,0.000000,0.000000,0.000000,0.000000,1.000000,0.310000,0.000000,0.050000
1777207714.252404,0,0.000000,0.000000,0.000000,0.000000,0.000000,0.000000,1.000000,0.410000,0.000000,0.000000
1777207714.252887,0,0.000000,0.000000,0.000000,0.000000,0.000000,0.000000,1.000000,0.310000,0.000000,0.000000
1777207714.282758,0,0.000000,0.000000,0.000000,0.000000,0.000000,0.000000,1.000000,0.340000,0.000000,0.000000
1777207714.311984,0,0.000000,0.000000,0.000000,0.000000,0.000000,0.000000,1.000000,0.340000,0.000000,0.000000
1777207714.312481,0,0.000000,0.000000,0.000000,0.000000,0.000000,0.000000,1.000000,0.370000,0.000000,0.000000
1777207714.312895,0,0.000000,0.000000,0.000000,0.000000,0.000000,0.000000,1.000000,0.340000,0.030000,0.050000
1777207714.343219,0,0.000000,0.000000,0.000000,0.000000,0.000000,0.000000,1.000000,0.250000,0.000000,0.020000
1777207714.374277,0,0.000000,0.000000,0.000000,0.000000,0.000000,0.000000,0.620000,0.310000,0.000000,0.000000
1777207714.374767,0,0.000000,0.000000,0.000000,0.000000,0.000000,0.000000,1.000000,0.300000,0.000000,0.020000
1777207714.375169,0,0.000000,0.000000,0.000000,0.000000,0.000000,0.000000,1.000000,0.340000,0.000000,0.020000
1777207714.405407,0,0.000000,0.000000,0.000000,0.000000,0.000000,0.000000,1.000000,0.270000,0.030000,0.000000
1777207714.405915,0,0.000000,0.000000,0.000000,0.000000,0.000000,0.000000,1.000000,0.340000,0.030000,0.020000
1777207714.440594,0,0.000000,0.000000,0.000000,0.000000,0.000000,0.000000,1.000000,0.270000,0.000000,0.000000
1777207714.441188,0,0.000000,0.000000,0.000000,0.000000,0.000000,0.000000,1.000000,0.410000,0.000000,0.020000
1777207714.441713,0,0.000000,0.000000,0.000000,0.000000,0.000000,0.000000,1.000000,0.340000,0.000000,0.020000
1777207714.476896,0,0.000000,0.000000,0.000000,0.000000,0.000000,0.000000,1.000000,0.340000,0.000000,0.000000
1777207714.477541,0,0.000000,0.000000,0.000000,0.000000,0.000000,0.000000,1.000000,0.380000,0.030000,0.020000
1777207714.506765,0,0.000000,0.000000,0.000000,0.000000,0.000000,0.000000,1.000000,0.370000,0.090000,0.100000
1777207714.507256,0,0.000000,0.000000,0.000000,0.000000,0.000000,0.000000,0.090000,0.310000,0.030000,0.020000
1777207714.536705,0,0.000000,0.000000,0.000000,0.000000,0.000000,0.000000,1.000000,0.560000,0.000000,0.050000
1777207714.537220,0,0.000000,0.000000,0.000000,0.000000,0.000000,0.000000,1.000000,0.340000,0.030000,0.050000
1777207714.568386,0,0.000000,0.000000,0.000000,0.000000,0.000000,0.000000,1.000000,0.340000,0.210000,0.020000
1777207714.598313,0,0.000000,0.000000,0.000000,0.000000,0.000000,0.000000,1.000000,0.340000,0.030000,0.020000
1777207714.598794,0,0.000000,0.000000,0.000000,0.000000,0.000000,0.000000,1.000000,0.340000,0.000000,0.000000
1777207714.599174,0,0.000000,0.000000,0.000000,0.000000,0.000000,0.000000,1.000000,0.310000,0.090000,0.020000
1777207714.629907,0,0.000000,0.000000,0.000000,0.000000,0.000000,0.000000,1.000000,0.340000,0.000000,0.050000
1777207714.660060,0,0.000000,0.000000,0.000000,0.000000,0.000000,0.000000,1.000000,0.300000,0.000000,0.000000
1777207714.660628,0,0.000000,0.000000,0.000000,0.000000,0.000000,0.000000,1.000000,0.410000,0.000000,0.000000
1777207714.661283,0,0.000000,0.000000,0.000000,0.000000,0.000000,0.000000,1.000000,0.140000,0.030000,0.000000
1777207714.691510,0,0.000000,0.000000,0.000000,0.000000,0.000000,0.000000,0.620000,0.340000,0.000000,0.020000
1777207714.692097,0,0.000000,0.000000,0.000000,0.000000,0.000000,0.000000,1.000000,0.300000,0.030000,0.000000
1777207714.747183,0,0.000000,0.000000,0.000000,0.000000,0.000000,0.000000,1.000000,0.340000,0.000000,0.050000
1777207714.747871,0,0.000000,0.000000,0.000000,0.000000,0.000000,0.000000,1.000000,0.370000,0.000000,0.020000
1777207714.748290,0,0.000000,0.000000,0.000000,0.000000,0.000000,0.000000,1.000000,0.300000,0.000000,0.020000
1777207714.748686,0,0.000000,0.000000,0.000000,0.000000,0.000000,0.000000,1.000000,0.340000,0.000000,0.000000
1777207714.749077,0,0.000000,0.000000,0.000000,0.000000,0.000000,0.000000,1.000000,0.270000,0.000000,0.020000
1777207714.803690,0,0.000000,0.000000,0.000000,0.000000,0.000000,0.000000,0.620000,0.340000,0.000000,0.000000
1777207714.804449,0,0.000000,0.000000,0.000000,0.000000,0.000000,0.000000,1.000000,0.370000,0.000000,0.000000
1777207714.804863,0,0.000000,0.000000,0.000000,0.000000,0.000000,0.000000,0.810000,0.340000,0.030000,0.000000
1777207714.805239,0,0.000000,0.000000,0.000000,0.000000,0.000000,0.000000,1.000000,0.310000,0.030000,0.000000
1777207714.834142,0,0.000000,0.000000,0.000000,0.000000,0.000000,0.000000,1.000000,0.380000,0.000000,0.000000
1777207714.863360,0,0.000000,0.000000,0.000000,0.000000,0.000000,0.000000,1.000000,0.340000,0.000000,0.020000
1777207714.894324,0,0.000000,0.000000,0.000000,0.000000,0.000000,0.000000,1.000000,0.380000,0.000000,0.050000
1777207714.895123,0,0.000000,0.000000,0.000000,0.000000,0.000000,0.000000,1.000000,0.310000,0.000000,0.000000
1777207714.925509,0,0.000000,0.000000,0.000000,0.000000,0.000000,0.000000,1.000000,0.340000,0.000000,0.020000
1777207714.926000,0,0.000000,0.000000,0.000000,0.000000,0.000000,0.000000,1.000000,0.370000,0.030000,0.000000
1777207714.926502,0,0.000000,0.000000,0.000000,0.000000,0.000000,0.000000,1.000000,0.370000,0.030000,0.000000
1777207714.956238,0,0.000000,0.000000,0.000000,0.000000,0.000000,0.000000,1.000000,0.340000,0.000000,0.000000
1777207714.956728,0,0.000000,0.000000,0.000000,0.000000,0.000000,0.000000,1.000000,0.370000,0.090000,0.020000
1777207714.986307,0,0.000000,0.000000,0.000000,0.000000,0.000000,0.000000,1.000000,0.300000,0.000000,0.000000
1777207714.986799,0,0.000000,0.000000,0.000000,0.000000,0.000000,0.000000,1.000000,0.340000,0.000000,0.000000
1777207715.016779,0,0.000000,0.000000,0.000000,0.000000,0.000000,0.000000,0.180000,0.410000,0.000000,0.020000
1777207715.046596,0,0.000000,0.000000,0.000000,0.000000,0.000000,0.000000,1.000000,0.300000,0.000000,0.020000
1777207715.047091,0,0.000000,0.000000,0.000000,0.000000,0.000000,0.000000,1.000000,0.340000,0.000000,0.000000
1777207715.077169,0,0.000000,0.000000,0.000000,0.000000,0.000000,0.000000,1.000000,0.300000,0.000000,0.170000
1777207715.107477,0,0.000000,0.000000,0.000000,0.000000,0.000000,0.000000,1.000000,0.310000,0.000000,0.000000
1777207715.107969,0,0.000000,0.000000,0.000000,0.000000,0.000000,0.000000,1.000000,0.310000,0.000000,0.000000
1777207715.108358,0,0.000000,0.000000,0.000000,0.000000,0.000000,0.000000,1.000000,0.310000,0.000000,0.020000
1777207715.138256,0,0.000000,0.000000,0.000000,0.000000,0.000000,0.000000,1.000000,0.230000,0.030000,0.000000
1777207715.138765,0,0.000000,0.000000,0.000000,0.000000,0.000000,0.000000,1.000000,0.270000,0.000000,0.000000
1777207715.168736,0,0.000000,0.000000,0.000000,0.000000,0.000000,0.000000,1.000000,0.370000,0.000000,0.050000
1777207715.169230,0,0.000000,0.000000,0.000000,0.000000,0.000000,0.000000,1.000000,0.110000,0.000000,0.000000
1777207715.199474,0,0.000000,0.000000,0.000000,0.000000,0.000000,0.000000,1.000000,0.310000,0.120000,0.000000
1777207715.200173,0,0.000000,0.000000,0.000000,0.000000,0.000000,0.000000,1.000000,0.300000,0.030000,0.020000
1777207715.230631,0,0.000000,0.000000,0.000000,0.000000,0.000000,0.000000,1.000000,0.300000,0.000000,0.200000
1777207715.231123,0,0.000000,0.000000,0.000000,0.000000,0.000000,0.000000,1.000000,0.310000,0.030000,0.020000
1777207715.231716,0,0.000000,0.000000,0.000000,0.000000,0.000000,0.000000,1.000000,0.370000,0.000000,0.000000
1777207715.262023,0,0.000000,0.000000,0.000000,0.000000,0.000000,0.000000,1.000000,0.310000,0.000000,0.000000
1777207715.292612,0,0.000000,0.000000,0.000000,0.000000,0.000000,0.000000,1.000000,0.340000,0.000000,0.000000
1777207715.293095,0,0.000000,0.000000,0.000000,0.000000,0.000000,0.000000,1.000000,0.340000,0.000000,0.000000
1777207715.323096,0,0.000000,0.000000,0.000000,0.000000,0.000000,0.000000,1.000000,0.310000,0.000000,0.000000
1777207715.323591,0,0.000000,0.000000,0.000000,0.000000,0.000000,0.000000,1.000000,0.310000,0.000000,0.000000
1777207715.323974,0,0.000000,0.000000,0.000000,0.000000,0.000000,0.000000,1.000000,0.370000,0.030000,0.000000
1777207715.354393,0,0.000000,0.000000,0.000000,0.000000,0.000000,0.000000,1.000000,0.270000,0.000000,0.120000
1777207715.386181,0,0.000000,0.000000,0.000000,0.000000,0.000000,0.000000,1.000000,0.370000,0.000000,0.000000
1777207715.386663,0,0.000000,0.000000,0.000000,0.000000,0.000000,0.000000,1.000000,0.370000,0.090000,0.020000
1777207715.387046,0,0.000000,0.000000,0.000000,0.000000,0.000000,0.000000,1.000000,0.460000,0.000000,0.000000
1777207715.417351,0,0.000000,0.000000,0.000000,0.000000,0.000000,0.000000,1.000000,0.370000,0.000000,0.000000
1777207715.417863,0,0.000000,0.000000,0.000000,0.000000,0.000000,0.000000,1.000000,0.370000,0.000000,0.000000
1777207715.447905,0,0.000000,0.000000,0.000000,0.000000,0.000000,0.000000,1.000000,0.310000,0.030000,0.000000
1777207715.448411,0,0.000000,0.000000,0.000000,0.000000,0.000000,0.000000,1.000000,0.340000,0.000000,0.050000
1777207715.482164,0,0.000000,0.000000,0.000000,0.000000,0.000000,0.000000,1.000000,0.340000,0.030000,0.000000
1777207715.482695,0,0.000000,0.000000,0.000000,0.000000,0.000000,0.000000,1.000000,0.340000,0.000000,0.000000
1777207715.511903,0,0.000000,0.000000,0.000000,0.000000,0.000000,0.000000,1.000000,0.340000,0.030000,0.000000
1777207715.512429,0,0.000000,0.000000,0.000000,0.000000,0.000000,0.000000,1.000000,0.370000,0.000000,0.000000
1777207715.542218,0,0.000000,0.000000,0.000000,0.000000,0.000000,0.000000,1.000000,0.380000,0.000000,0.020000
1777207715.542739,0,0.000000,0.000000,0.000000,0.000000,0.000000,0.000000,1.000000,0.310000,0.030000,0.020000
1777207715.573883,0,0.000000,0.000000,0.000000,0.000000,0.000000,0.000000,1.000000,0.380000,0.000000,0.000000
1777207715.574363,0,0.000000,0.000000,0.000000,0.000000,0.000000,0.000000,0.440000,0.370000,0.000000,0.000000
1777207715.603718,0,0.000000,0.000000,0.000000,0.000000,0.000000,0.000000,1.000000,0.340000,0.000000,0.000000
1777207715.604213,0,0.000000,0.000000,0.000000,0.000000,0.000000,0.000000,1.000000,0.310000,0.030000,0.020000
1777207715.660575,0,0.000000,0.000000,0.000000,0.000000,0.000000,0.000000,1.000000,0.340000,0.000000,0.000000
1777207715.661080,0,0.000000,0.000000,0.000000,0.000000,0.000000,0.000000,1.000000,0.370000,0.000000,0.000000
1777207715.661491,0,0.000000,0.000000,0.000000,0.000000,0.000000,0.000000,1.000000,0.340000,0.000000,0.050000
1777207715.717454,0,0.000000,0.000000,0.000000,0.000000,0.000000,0.000000,1.000000,0.340000,0.000000,0.000000
1777207715.718024,0,0.000000,0.000000,0.000000,0.000000,0.000000,0.000000,1.000000,0.340000,0.000000,0.000000
1777207715.718451,0,0.000000,0.000000,0.000000,0.000000,0.000000,0.000000,1.000000,0.310000,0.000000,0.000000
1777207715.719316,0,0.000000,0.000000,0.000000,0.000000,0.000000,0.000000,0.360000,0.370000,0.030000,0.000000
1777207715.719809,0,0.000000,0.000000,0.000000,0.000000,0.000000,0.000000,1.000000,0.270000,0.000000,0.020000
1777207715.720226,0,0.000000,0.000000,0.000000,0.000000,0.000000,0.000000,1.000000,0.340000,0.120000,0.000000
1777207715.775834,0,0.000000,0.000000,0.000000,0.000000,0.000000,0.000000,1.000000,0.340000,0.000000,0.000000
1777207715.776345,0,0.000000,0.000000,0.000000,0.000000,0.000000,0.000000,1.000000,0.000000,0.030000,0.020000
1777207715.776951,0,0.000000,0.000000,0.000000,0.000000,0.000000,0.000000,1.000000,0.310000,0.090000,0.050000
1777207715.831094,0,0.000000,0.000000,0.000000,0.000000,0.000000,0.000000,1.000000,0.410000,0.030000,0.000000
1777207715.831756,0,0.000000,0.000000,0.000000,0.000000,0.000000,0.000000,1.000000,0.370000,0.000000,0.020000
1777207715.832173,0,0.000000,0.000000,0.000000,0.000000,0.000000,0.000000,1.000000,0.310000,0.000000,0.000000
1777207715.886908,0,0.000000,0.000000,0.000000,0.000000,0.000000,0.000000,1.000000,-0.150000,0.000000,0.020000
1777207715.887425,0,0.000000,0.000000,0.000000,0.000000,0.000000,0.000000,1.000000,0.380000,0.000000,0.000000
1777207715.887834,0,0.000000,0.000000,0.000000,0.000000,0.000000,0.000000,1.000000,0.370000,0.000000,0.000000
1777207715.888501,0,0.000000,0.000000,0.000000,0.000000,0.000000,0.000000,1.000000,0.340000,0.000000,0.000000
1777207715.943708,0,0.000000,0.000000,0.000000,0.000000,0.000000,0.000000,1.000000,0.380000,0.000000,0.020000
1777207715.944223,0,0.000000,0.000000,0.000000,0.000000,0.000000,0.000000,1.000000,0.310000,0.000000,0.020000
1777207715.944808,0,0.000000,0.000000,0.000000,0.000000,0.000000,0.000000,1.000000,0.300000,0.000000,0.000000
1777207715.999920,0,0.000000,0.000000,0.000000,0.000000,0.000000,0.000000,1.000000,0.340000,0.000000,0.000000
1777207716.000459,0,0.000000,0.000000,0.000000,0.000000,0.000000,0.000000,1.000000,0.370000,0.000000,0.000000
1777207716.000859,0,0.000000,0.000000,0.000000,0.000000,0.000000,0.000000,1.000000,0.270000,0.030000,0.000000
1777207716.001232,0,0.000000,0.000000,0.000000,0.000000,0.000000,0.000000,1.000000,0.340000,0.000000,0.000000
1777207716.001920,0,0.000000,0.000000,0.000000,0.000000,0.000000,0.000000,1.000000,0.270000,0.000000,0.020000
1777207716.055430,0,0.000000,0.000000,0.000000,0.000000,0.000000,0.000000,1.000000,0.380000,0.000000,0.100000
1777207716.056093,0,0.000000,0.000000,0.000000,0.000000,0.000000,0.000000,1.000000,0.340000,0.000000,0.020000
1777207716.085301,0,0.000000,0.000000,0.000000,0.000000,0.000000,0.000000,1.000000,0.300000,0.030000,0.100000
1777207716.085797,0,0.000000,0.000000,0.000000,0.000000,0.000000,0.000000,1.000000,0.370000,0.000000,0.000000
1777207716.115825,0,0.000000,0.000000,0.000000,0.000000,0.000000,0.000000,1.000000,0.370000,0.030000,0.020000
1777207716.145007,0,0.000000,0.000000,0.000000,0.000000,0.000000,0.000000,1.000000,0.380000,0.030000,0.020000
1777207716.145520,0,0.000000,0.000000,0.000000,0.000000,0.000000,0.000000,1.000000,0.430000,0.000000,0.000000
1777207716.175296,0,0.000000,0.000000,0.000000,0.000000,0.000000,0.000000,1.000000,0.300000,0.000000,0.000000
1777207716.205768,0,0.000000,0.000000,0.000000,0.000000,0.000000,0.000000,1.000000,0.370000,0.030000,0.270000
1777207716.206268,0,0.000000,0.000000,0.000000,0.000000,0.000000,0.000000,1.000000,0.340000,0.000000,0.000000
1777207716.206668,0,0.000000,0.000000,0.000000,0.000000,0.000000,0.000000,1.000000,0.340000,0.000000,0.000000
1777207716.237184,0,0.000000,0.000000,0.000000,0.000000,0.000000,0.000000,1.000000,0.270000,0.000000,0.370000
1777207716.237674,0,0.000000,0.000000,0.000000,0.000000,0.000000,0.000000,1.000000,0.430000,0.000000,0.020000
1777207716.238056,0,0.000000,0.000000,0.000000,0.000000,0.000000,0.000000,1.000000,0.250000,0.000000,0.000000
1777207716.268029,0,0.000000,0.000000,0.000000,0.000000,0.000000,0.000000,1.000000,0.370000,0.000000,0.000000
1777207716.298071,0,0.000000,0.000000,0.000000,0.000000,0.000000,0.000000,1.000000,0.310000,0.030000,0.020000
1777207716.298583,0,0.000000,0.000000,0.000000,0.000000,0.000000,0.000000,1.000000,0.310000,0.120000,0.000000
1777207716.327914,0,0.000000,0.000000,0.000000,0.000000,0.000000,0.000000,1.000000,0.340000,0.000000,0.100000
1777207716.328601,0,0.000000,0.000000,0.000000,0.000000,0.000000,0.000000,1.000000,0.340000,0.000000,0.000000
1777207716.329163,0,0.000000,0.000000,0.000000,0.000000,0.000000,0.000000,1.000000,0.300000,0.030000,0.020000
1777207716.358719,0,0.000000,0.000000,0.000000,0.000000,0.000000,0.000000,1.000000,0.370000,0.000000,0.000000
1777207716.359213,0,0.000000,0.000000,0.000000,0.000000,0.000000,0.000000,1.000000,0.310000,0.000000,0.000000
1777207716.388524,0,0.000000,0.000000,0.000000,0.000000,0.000000,0.000000,1.000000,0.270000,0.000000,0.000000
1777207716.418400,0,0.000000,0.000000,0.000000,0.000000,0.000000,0.000000,1.000000,0.310000,0.000000,0.000000
1777207716.418890,0,0.000000,0.000000,0.000000,0.000000,0.000000,0.000000,1.000000,0.340000,0.030000,0.400000
1777207716.449621,0,0.000000,0.000000,0.000000,0.000000,0.000000,0.000000,1.000000,0.340000,0.030000,0.020000
1777207716.450133,0,0.000000,0.000000,0.000000,0.000000,0.000000,0.000000,1.000000,0.370000,0.030000,0.020000
1777207716.450540,0,0.000000,0.000000,0.000000,0.000000,0.000000,0.000000,1.000000,0.370000,0.000000,0.050000
1777207716.481778,0,0.000000,0.000000,0.000000,0.000000,0.000000,0.000000,1.000000,0.180000,0.000000,0.000000
1777207716.482327,0,0.000000,0.000000,0.000000,0.000000,0.000000,0.000000,0.270000,0.340000,0.000000,0.020000
1777207716.511377,0,0.000000,0.000000,0.000000,0.000000,0.000000,0.000000,0.150000,-0.070000,0.090000,0.000000
1777207716.541259,0,0.000000,0.000000,0.000000,0.000000,0.000000,0.000000,0.430000,0.230000,0.030000,0.020000
1777207716.541745,0,0.000000,0.000000,0.000000,0.000000,0.000000,0.000000,0.330000,0.410000,0.000000,0.020000
1777207716.571965,0,0.000000,0.000000,0.000000,0.000000,0.000000,0.000000,1.000000,0.340000,0.000000,0.020000
1777207716.572502,0,0.000000,0.000000,0.000000,0.000000,0.000000,0.000000,1.000000,0.370000,0.000000,0.020000
1777207716.572937,0,0.000000,0.000000,0.000000,0.000000,0.000000,0.000000,1.000000,0.270000,0.000000,0.000000
1777207716.602804,0,0.000000,0.000000,0.000000,0.000000,0.000000,0.000000,1.000000,0.410000,0.030000,0.000000
1777207716.603409,0,0.000000,0.000000,0.000000,0.000000,0.000000,0.000000,1.000000,0.370000,0.000000,0.000000
1777207716.634047,0,0.000000,0.000000,0.000000,0.000000,0.000000,0.000000,0.120000,0.370000,0.120000,0.100000
1777207716.634703,0,0.000000,0.000000,0.000000,0.000000,0.000000,0.000000,1.000000,0.370000,0.000000,0.020000
1777207716.663893,0,0.000000,0.000000,0.000000,0.000000,0.000000,0.000000,1.000000,0.380000,0.000000,0.000000
1777207716.694371,0,0.000000,0.000000,0.000000,0.000000,0.000000,0.000000,1.000000,0.250000,0.000000,0.020000
1777207716.724016,0,0.000000,0.000000,0.000000,0.000000,0.000000,0.000000,1.000000,0.310000,0.000000,0.000000
1777207716.724639,0,0.000000,0.000000,0.000000,0.000000,0.000000,0.000000,1.000000,0.340000,0.000000,0.020000
1777207716.725381,0,0.000000,0.000000,0.000000,0.000000,0.000000,0.000000,1.000000,0.340000,0.000000,0.120000
1777207716.725971,0,0.000000,0.000000,0.000000,0.000000,0.000000,0.000000,1.000000,0.370000,0.000000,0.000000
1777207716.756728,0,0.000000,0.000000,0.000000,0.000000,0.000000,0.000000,1.000000,0.340000,0.000000,0.000000
1777207716.757235,0,0.000000,0.000000,0.000000,0.000000,0.000000,0.000000,1.000000,0.370000,0.000000,0.000000
1777207716.786929,0,0.000000,0.000000,0.000000,0.000000,0.000000,0.000000,1.000000,0.340000,0.030000,0.000000
1777207716.787423,0,0.000000,0.000000,0.000000,0.000000,0.000000,0.000000,1.000000,0.310000,0.000000,0.020000
1777207716.817235,0,0.000000,0.000000,0.000000,0.000000,0.000000,0.000000,1.000000,0.340000,0.000000,0.000000
1777207716.847545,0,0.000000,0.000000,0.000000,0.000000,0.000000,0.000000,0.000000,0.300000,0.000000,0.120000
1777207716.848061,0,0.000000,0.000000,0.000000,0.000000,0.000000,0.000000,0.140000,0.300000,0.000000,0.050000
1777207716.877682,0,0.000000,0.000000,0.000000,0.000000,0.000000,0.000000,1.000000,0.340000,0.000000,0.000000
1777207716.878183,0,0.000000,0.000000,0.000000,0.000000,0.000000,0.000000,1.000000,0.370000,0.000000,0.000000
1777207716.908478,0,0.000000,0.000000,0.000000,0.000000,0.000000,0.000000,1.000000,0.430000,0.000000,0.000000
1777207716.908976,0,0.000000,0.000000,0.000000,0.000000,0.000000,0.000000,1.000000,0.340000,0.000000,0.000000
1777207716.909360,0,0.000000,0.000000,0.000000,0.000000,0.000000,0.000000,1.000000,0.370000,0.000000,0.020000
1777207716.940220,0,0.000000,0.000000,0.000000,0.000000,0.000000,0.000000,1.000000,0.300000,0.030000,0.000000
1777207716.940733,0,0.000000,0.000000,0.000000,0.000000,0.000000,0.000000,1.000000,0.250000,0.000000,0.020000
1777207716.971078,0,0.000000,0.000000,0.000000,0.000000,0.000000,0.000000,1.000000,0.370000,0.030000,0.000000
1777207716.971591,0,0.000000,0.000000,0.000000,0.000000,0.000000,0.000000,1.000000,0.310000,0.000000,0.000000
1777207717.001594,0,0.000000,0.000000,0.000000,0.000000,0.000000,0.000000,1.000000,0.340000,0.000000,0.000000
1777207717.002101,0,0.000000,0.000000,0.000000,0.000000,0.000000,0.000000,1.000000,0.340000,0.000000,0.000000
1777207717.032003,0,0.000000,0.000000,0.000000,0.000000,0.000000,0.000000,1.000000,0.340000,0.000000,0.020000
1777207717.032499,0,0.000000,0.000000,0.000000,0.000000,0.000000,0.000000,1.000000,0.340000,0.000000,0.020000
1777207717.062013,0,0.000000,0.000000,0.000000,0.000000,0.000000,0.000000,1.000000,0.340000,0.000000,0.000000
1777207717.092410,0,0.000000,0.000000,0.000000,0.000000,0.000000,0.000000,1.000000,0.340000,0.000000,0.050000
1777207717.092896,0,0.000000,0.000000,0.000000,0.000000,0.000000,0.000000,1.000000,0.300000,0.030000,0.000000
1777207717.123318,0,0.000000,0.000000,0.000000,0.000000,0.000000,0.000000,1.000000,0.370000,0.000000,0.000000
1777207717.123825,0,0.000000,0.000000,0.000000,0.000000,0.000000,0.000000,1.000000,0.310000,0.000000,0.100000
1777207717.124222,0,0.000000,0.000000,0.000000,0.000000,0.000000,0.000000,1.000000,0.410000,0.030000,0.000000
1777207717.154329,0,0.000000,0.000000,0.000000,0.000000,0.000000,0.000000,1.000000,0.380000,0.000000,0.050000
1777207717.184075,0,0.000000,0.000000,0.000000,0.000000,0.000000,0.000000,1.000000,0.430000,0.030000,0.020000
1777207717.184562,0,0.000000,0.000000,0.000000,0.000000,0.000000,0.000000,1.000000,0.380000,0.000000,0.000000
1777207717.215487,0,0.000000,0.000000,0.000000,0.000000,0.000000,0.000000,1.000000,0.300000,0.090000,0.000000
1777207717.216014,0,0.000000,0.000000,0.000000,0.000000,0.000000,0.000000,1.000000,0.380000,0.000000,0.000000
1777207717.248242,0,0.000000,0.000000,0.000000,0.000000,0.000000,0.000000,1.000000,0.370000,0.000000,0.020000
1777207717.248737,0,0.000000,0.000000,0.000000,0.000000,0.000000,0.000000,1.000000,0.340000,0.000000,0.050000
1777207717.278402,0,0.000000,0.000000,0.000000,0.000000,0.000000,0.000000,1.000000,0.310000,0.000000,0.020000
1777207717.278947,0,0.000000,0.000000,0.000000,0.000000,0.000000,0.000000,1.000000,0.620000,0.000000,0.000000
1777207717.309019,0,0.000000,0.000000,0.000000,0.000000,0.000000,0.000000,1.000000,0.310000,0.000000,0.020000
1777207717.309589,0,0.000000,0.000000,0.000000,0.000000,0.000000,0.000000,1.000000,0.310000,0.000000,0.020000
1777207717.310267,0,0.000000,0.000000,0.000000,0.000000,0.000000,0.000000,1.000000,0.410000,0.030000,0.000000
1777207717.340720,0,0.000000,0.000000,0.000000,0.000000,0.000000,0.000000,1.000000,0.380000,0.000000,0.020000
1777207717.341297,0,0.000000,0.000000,0.000000,0.000000,0.000000,0.000000,1.000000,0.310000,0.000000,0.170000
1777207717.370614,0,0.000000,0.000000,0.000000,0.000000,0.000000,0.000000,1.000000,0.340000,0.030000,0.050000
1777207717.371106,0,0.000000,0.000000,0.000000,0.000000,0.000000,0.000000,1.000000,0.340000,0.030000,0.020000
1777207717.400972,0,0.000000,0.000000,0.000000,0.000000,0.000000,0.000000,1.000000,0.310000,0.030000,0.020000
1777207717.433310,0,0.000000,0.000000,0.000000,0.000000,0.000000,0.000000,1.000000,0.370000,0.030000,0.000000
1777207717.433825,0,0.000000,0.000000,0.000000,0.000000,0.000000,0.000000,1.000000,0.300000,0.030000,0.050000
1777207717.434222,0,0.000000,0.000000,0.000000,0.000000,0.000000,0.000000,1.000000,0.300000,0.030000,0.020000
1777207717.468890,0,0.000000,0.000000,0.000000,0.000000,0.000000,0.000000,1.000000,0.340000,0.000000,0.020000
1777207717.500047,0,0.000000,0.000000,0.000000,0.000000,0.000000,0.000000,1.000000,0.310000,0.000000,0.020000
1777207717.500572,0,0.000000,0.000000,0.000000,0.000000,0.000000,0.000000,1.000000,0.370000,0.000000,0.000000
1777207717.500974,0,0.000000,0.000000,0.000000,0.000000,0.000000,0.000000,1.000000,0.310000,0.000000,0.020000
1777207717.530256,0,0.000000,0.000000,0.000000,0.000000,0.000000,0.000000,1.000000,0.340000,0.030000,0.000000
1777207717.530797,0,0.000000,0.000000,0.000000,0.000000,0.000000,0.000000,1.000000,0.340000,0.000000,0.000000
1777207717.531197,0,0.000000,0.000000,0.000000,0.000000,0.000000,0.000000,1.000000,0.410000,0.030000,0.000000
1777207717.561203,0,0.000000,0.000000,0.000000,0.000000,0.000000,0.000000,1.000000,0.300000,0.000000,0.000000
1777207717.592222,0,0.000000,0.000000,0.000000,0.000000,0.000000,0.000000,1.000000,0.310000,0.030000,0.000000
1777207717.592747,0,0.000000,0.000000,0.000000,0.000000,0.000000,0.000000,1.000000,0.380000,0.030000,0.000000
1777207717.623770,0,0.000000,0.000000,0.000000,0.000000,0.000000,0.000000,1.000000,0.340000,0.000000,0.000000
1777207717.624281,0,0.000000,0.000000,0.000000,0.000000,0.000000,0.000000,1.000000,0.340000,0.000000,0.170000
1777207717.654938,0,0.000000,0.000000,0.000000,0.000000,0.000000,0.000000,1.000000,0.310000,0.000000,0.000000
1777207717.655468,0,0.000000,0.000000,0.000000,0.000000,0.000000,0.000000,1.000000,0.460000,0.000000,0.000000
1777207717.655862,0,0.000000,0.000000,0.000000,0.000000,0.000000,0.000000,1.000000,0.370000,0.030000,0.020000
1777207717.687493,0,0.000000,0.000000,0.000000,0.000000,0.000000,0.000000,1.000000,0.310000,0.000000,0.050000
1777207717.688075,0,0.000000,0.000000,0.000000,0.000000,0.000000,0.000000,1.000000,0.310000,0.000000,0.000000
1777207717.719493,0,0.000000,0.000000,0.000000,0.000000,0.000000,0.000000,1.000000,0.340000,0.030000,0.000000
1777207717.719981,0,0.000000,0.000000,0.000000,0.000000,0.000000,0.000000,1.000000,0.630000,0.030000,0.000000
1777207717.749910,0,0.000000,0.000000,0.000000,0.000000,0.000000,0.000000,1.000000,0.340000,0.030000,0.000000
1777207717.750394,0,0.000000,0.000000,0.000000,0.000000,0.000000,0.000000,1.000000,0.370000,0.000000,0.000000
1777207717.780194,0,0.000000,0.000000,0.000000,0.000000,0.000000,0.000000,1.000000,0.340000,0.030000,0.000000
1777207717.780684,0,0.000000,0.000000,0.000000,0.000000,0.000000,0.000000,1.000000,0.300000,0.000000,0.020000
1777207717.810233,0,0.000000,0.000000,0.000000,0.000000,0.000000,0.000000,1.000000,0.370000,0.000000,0.000000
1777207717.810717,0,0.000000,0.000000,0.000000,0.000000,0.000000,0.000000,1.000000,0.300000,0.030000,0.000000
1777207717.840923,0,0.000000,0.000000,0.000000,0.000000,0.000000,0.000000,1.000000,0.340000,0.030000,0.000000
1777207717.841414,0,0.000000,0.000000,0.000000,0.000000,0.000000,0.000000,1.000000,0.270000,0.030000,0.050000
1777207717.871799,0,0.000000,0.000000,0.000000,0.000000,0.000000,0.000000,1.000000,0.380000,0.030000,0.000000
1777207717.872285,0,0.000000,0.000000,0.000000,0.000000,0.000000,0.000000,1.000000,0.310000,0.000000,0.000000
1777207717.902347,0,0.000000,0.000000,0.000000,0.000000,0.000000,0.000000,1.000000,0.310000,0.030000,0.000000
1777207717.902846,0,0.000000,0.000000,0.000000,0.000000,0.000000,0.000000,1.000000,0.310000,0.030000,0.000000
1777207717.933439,0,0.000000,0.000000,0.000000,0.000000,0.000000,0.000000,1.000000,0.300000,0.000000,0.000000
1777207717.964444,0,0.000000,0.000000,0.000000,0.000000,0.000000,0.000000,1.000000,0.370000,0.000000,0.000000
1777207717.994233,0,0.000000,0.000000,0.000000,0.000000,0.000000,0.000000,1.000000,0.310000,0.000000,0.120000
1777207717.994747,0,0.000000,0.000000,0.000000,0.000000,0.000000,0.000000,0.140000,0.410000,0.000000,0.000000
1777207717.995133,0,0.000000,0.000000,0.000000,0.000000,0.000000,0.000000,1.000000,0.340000,0.030000,0.000000
1777207717.995502,0,0.000000,0.000000,0.000000,0.000000,0.000000,0.000000,1.000000,0.300000,0.000000,0.020000
1777207718.025786,0,0.000000,0.000000,0.000000,0.000000,0.000000,0.000000,1.000000,0.310000,0.000000,0.050000
1777207718.026307,0,0.000000,0.000000,0.000000,0.000000,0.000000,0.000000,1.000000,0.270000,0.030000,0.370000
1777207718.056261,0,0.000000,0.000000,0.000000,0.000000,0.000000,0.000000,0.500000,0.380000,0.030000,0.000000
1777207718.056757,0,0.000000,0.000000,0.000000,0.000000,0.000000,0.000000,1.000000,0.370000,0.030000,0.020000
1777207718.087005,0,0.000000,0.000000,0.000000,0.000000,0.000000,0.000000,1.000000,0.340000,0.030000,0.050000
1777207718.087490,0,0.000000,0.000000,0.000000,0.000000,0.000000,0.000000,1.000000,0.310000,0.000000,0.000000
1777207718.117946,0,0.000000,0.000000,0.000000,0.000000,0.000000,0.000000,1.000000,0.370000,0.000000,0.000000
1777207718.118486,0,0.000000,0.000000,0.000000,0.000000,0.000000,0.000000,1.000000,0.310000,0.000000,0.000000
1777207718.148018,0,0.000000,0.000000,0.000000,0.000000,0.000000,0.000000,0.140000,0.270000,0.000000,0.050000
1777207718.148542,0,0.000000,0.000000,0.000000,0.000000,0.000000,0.000000,1.000000,0.370000,0.000000,0.000000
1777207718.178379,0,0.000000,0.000000,0.000000,0.000000,0.000000,0.000000,1.000000,0.340000,0.000000,0.020000
1777207718.179075,0,0.000000,0.000000,0.000000,0.000000,0.000000,0.000000,1.000000,0.300000,0.000000,0.050000
1777207718.210013,0,0.000000,0.000000,0.000000,0.000000,0.000000,0.000000,1.000000,0.200000,0.000000,0.020000
1777207718.210501,0,0.000000,0.000000,0.000000,0.000000,0.000000,0.000000,1.000000,0.310000,0.000000,0.000000
1777207718.240077,0,0.000000,0.000000,0.000000,0.000000,0.000000,0.000000,1.000000,0.300000,0.000000,0.020000
1777207718.269939,0,0.000000,0.000000,0.000000,0.000000,0.000000,0.000000,1.000000,0.310000,0.000000,0.000000
1777207718.270464,0,0.000000,0.000000,0.000000,0.000000,0.000000,0.000000,1.000000,0.560000,0.000000,0.000000
1777207718.270853,0,0.000000,0.000000,0.000000,0.000000,0.000000,0.000000,1.000000,0.340000,0.000000,0.000000
1777207718.301111,0,0.000000,0.000000,0.000000,0.000000,0.000000,0.000000,0.280000,0.340000,0.000000,0.100000
1777207718.331014,0,0.000000,0.000000,0.000000,0.000000,0.000000,0.000000,1.000000,0.310000,0.000000,0.000000
1777207718.331503,0,0.000000,0.000000,0.000000,0.000000,0.000000,0.000000,1.000000,0.270000,0.000000,0.020000
1777207718.331887,0,0.000000,0.000000,0.000000,0.000000,0.000000,0.000000,1.000000,0.380000,0.030000,0.020000
1777207718.361580,0,0.000000,0.000000,0.000000,0.000000,0.000000,0.000000,1.000000,0.310000,0.030000,0.000000
1777207718.391534,0,0.000000,0.000000,0.000000,0.000000,0.000000,0.000000,1.000000,0.000000,0.030000,0.000000
1777207718.392018,0,0.000000,0.000000,0.000000,0.000000,0.000000,0.000000,0.500000,0.300000,0.000000,0.020000
1777207718.392403,0,0.000000,0.000000,0.000000,0.000000,0.000000,0.000000,1.000000,0.310000,0.000000,0.000000
1777207718.422724,0,0.000000,0.000000,0.000000,0.000000,0.000000,0.000000,1.000000,0.250000,0.000000,0.050000
1777207718.423230,0,0.000000,0.000000,0.000000,0.000000,0.000000,0.000000,1.000000,0.370000,0.000000,0.000000
1777207718.456066,0,0.000000,0.000000,0.000000,0.000000,0.000000,0.000000,1.000000,0.310000,0.000000,0.020000
1777207718.456570,0,0.000000,0.000000,0.000000,0.000000,0.000000,0.000000,0.000000,0.340000,0.000000,0.050000
1777207718.488997,0,0.000000,0.000000,0.000000,0.000000,0.000000,0.000000,1.000000,0.720000,0.000000,0.020000
1777207718.489486,0,0.000000,0.000000,0.000000,0.000000,0.000000,0.000000,1.000000,0.310000,0.000000,0.020000
1777207718.518863,0,0.000000,0.000000,0.000000,0.000000,0.000000,0.000000,1.000000,0.340000,0.000000,0.000000
1777207718.519358,0,0.000000,0.000000,0.000000,0.000000,0.000000,0.000000,1.000000,0.370000,0.000000,0.000000
1777207718.519748,0,0.000000,0.000000,0.000000,0.000000,0.000000,0.000000,1.000000,0.380000,0.120000,0.000000
1777207718.549197,0,0.000000,0.000000,0.000000,0.000000,0.000000,0.000000,1.000000,0.340000,0.120000,0.000000
1777207718.579576,0,0.000000,0.000000,0.000000,0.000000,0.000000,0.000000,1.000000,0.310000,0.090000,0.000000
1777207718.580075,0,0.000000,0.000000,0.000000,0.000000,0.000000,0.000000,1.000000,0.300000,0.000000,0.020000
1777207718.610624,0,0.000000,0.000000,0.000000,0.000000,0.000000,0.000000,1.000000,0.340000,0.000000,0.000000
1777207718.640220,0,0.000000,0.000000,0.000000,0.000000,0.000000,0.000000,1.000000,0.540000,0.000000,0.020000
1777207718.640702,0,0.000000,0.000000,0.000000,0.000000,0.000000,0.000000,1.000000,0.310000,0.030000,0.000000
1777207718.672603,0,0.000000,0.000000,0.000000,0.000000,0.000000,0.000000,1.000000,0.250000,0.000000,0.000000
1777207718.703027,0,0.000000,0.000000,0.000000,0.000000,0.000000,0.000000,1.000000,0.250000,0.030000,0.000000
1777207718.703528,0,0.000000,0.000000,0.000000,0.000000,0.000000,0.000000,0.560000,0.430000,0.000000,0.000000
1777207718.703909,0,0.000000,0.000000,0.000000,0.000000,0.000000,0.000000,1.000000,0.300000,0.030000,0.020000
1777207718.704274,0,0.000000,0.000000,0.000000,0.000000,0.000000,0.000000,1.000000,0.340000,0.000000,0.000000
1777207718.735127,0,0.000000,0.000000,0.000000,0.000000,0.000000,0.000000,1.000000,0.370000,0.030000,0.000000
1777207718.735655,0,0.000000,0.000000,0.000000,0.000000,0.000000,0.000000,1.000000,0.310000,0.030000,0.050000
1777207718.766517,0,0.000000,0.000000,0.000000,0.000000,0.000000,0.000000,1.000000,0.430000,0.000000,0.000000
1777207718.767021,0,0.000000,0.000000,0.000000,0.000000,0.000000,0.000000,1.000000,0.380000,0.000000,0.000000
1777207718.797254,0,0.000000,0.000000,0.000000,0.000000,0.000000,0.000000,0.410000,0.310000,0.030000,0.020000
1777207718.797834,0,0.000000,0.000000,0.000000,0.000000,0.000000,0.000000,1.000000,0.300000,0.090000,0.000000
1777207718.798244,0,0.000000,0.000000,0.000000,0.000000,0.000000,0.000000,1.000000,0.300000,0.000000,0.020000
1777207718.828662,0,0.000000,0.000000,0.000000,0.000000,0.000000,0.000000,1.000000,0.270000,0.000000,0.020000
1777207718.829149,0,0.000000,0.000000,0.000000,0.000000,0.000000,0.000000,1.000000,0.380000,0.000000,0.020000
1777207718.858605,0,0.000000,0.000000,0.000000,0.000000,0.000000,0.000000,1.000000,0.370000,0.000000,0.000000
1777207718.888872,0,0.000000,0.000000,0.000000,0.000000,0.000000,0.000000,1.000000,0.380000,0.030000,0.000000
1777207718.889352,0,0.000000,0.000000,0.000000,0.000000,0.000000,0.000000,1.000000,0.340000,0.030000,0.000000
1777207718.919070,0,0.000000,0.000000,0.000000,0.000000,0.000000,0.000000,1.000000,0.270000,0.000000,0.020000
1777207718.919597,0,0.000000,0.000000,0.000000,0.000000,0.000000,0.000000,1.000000,0.310000,0.030000,0.000000
1777207718.920007,0,0.000000,0.000000,0.000000,0.000000,0.000000,0.000000,1.000000,0.300000,0.030000,0.050000
1777207718.950208,0,0.000000,0.000000,0.000000,0.000000,0.000000,0.000000,1.000000,0.300000,0.000000,0.020000
1777207718.950849,0,0.000000,0.000000,0.000000,0.000000,0.000000,0.000000,1.000000,0.300000,0.000000,0.000000
1777207718.981004,0,0.000000,0.000000,0.000000,0.000000,0.000000,0.000000,0.500000,0.300000,0.000000,0.120000
1777207718.981491,0,0.000000,0.000000,0.000000,0.000000,0.000000,0.000000,1.000000,0.310000,0.000000,0.000000
1777207719.012250,0,0.000000,0.000000,0.000000,0.000000,0.000000,0.000000,1.000000,0.340000,0.000000,0.000000
1777207719.042066,0,0.000000,0.000000,0.000000,0.000000,0.000000,0.000000,1.000000,0.370000,0.000000,0.020000
1777207719.042734,0,0.000000,0.000000,0.000000,0.000000,0.000000,0.000000,1.000000,0.310000,0.000000,0.000000
1777207719.072840,0,0.000000,0.000000,0.000000,0.000000,0.000000,0.000000,1.000000,0.340000,0.000000,0.000000
1777207719.073331,0,0.000000,0.000000,0.000000,0.000000,0.000000,0.000000,1.000000,0.340000,0.000000,0.000000
1777207719.073715,0,0.000000,0.000000,0.000000,0.000000,0.000000,0.000000,1.000000,0.340000,0.000000,0.000000
1777207719.103879,0,0.000000,0.000000,0.000000,0.000000,0.000000,0.000000,1.000000,0.310000,0.030000,0.020000
1777207719.104425,0,0.000000,0.000000,0.000000,0.000000,0.000000,0.000000,1.000000,0.370000,0.000000,0.000000
1777207719.133617,0,0.000000,0.000000,0.000000,0.000000,0.000000,0.000000,1.000000,0.340000,0.000000,0.000000
1777207719.134117,0,0.000000,0.000000,0.000000,0.000000,0.000000,0.000000,1.000000,0.410000,0.030000,0.020000
1777207719.164050,0,0.000000,0.000000,0.000000,0.000000,0.000000,0.000000,1.000000,0.300000,0.000000,0.000000
1777207719.193786,0,0.000000,0.000000,0.000000,0.000000,0.000000,0.000000,1.000000,0.370000,0.030000,0.000000
1777207719.234778,0,0.000000,0.000000,0.000000,0.000000,0.000000,0.000000,1.000000,0.310000,0.000000,0.000000
1777207719.235255,0,0.000000,0.000000,0.000000,0.000000,0.000000,0.000000,1.000000,0.310000,0.000000,0.120000
1777207719.235635,0,0.000000,0.000000,0.000000,0.000000,0.000000,0.000000,1.000000,0.180000,0.030000,0.000000
1777207719.265927,0,0.000000,0.000000,0.000000,0.000000,0.000000,0.000000,0.630000,0.370000,0.000000,0.020000
1777207719.266455,0,0.000000,0.000000,0.000000,0.000000,0.000000,0.000000,1.000000,0.310000,0.000000,0.020000
1777207719.267150,0,0.000000,0.000000,0.000000,0.000000,0.000000,0.000000,1.000000,0.310000,0.030000,0.000000
1777207719.296518,0,0.000000,0.000000,0.000000,0.000000,0.000000,0.000000,1.000000,0.370000,0.030000,0.000000
1777207719.297043,0,0.000000,0.000000,0.000000,0.000000,0.000000,0.000000,1.000000,0.300000,0.030000,0.020000
1777207719.297529,0,0.000000,0.000000,0.000000,0.000000,0.000000,0.000000,1.000000,0.310000,0.000000,0.000000
1777207719.327480,0,0.000000,0.000000,0.000000,0.000000,0.000000,0.000000,1.000000,0.340000,0.000000,0.020000
1777207719.357470,0,0.000000,0.000000,0.000000,0.000000,0.000000,0.000000,1.000000,0.380000,0.030000,0.000000
1777207719.358106,0,0.000000,0.000000,0.000000,0.000000,0.000000,0.000000,1.000000,0.370000,0.090000,0.020000
1777207719.387579,0,0.000000,0.000000,0.000000,0.000000,0.000000,0.000000,1.000000,0.380000,0.000000,0.000000
1777207719.388064,0,0.000000,0.000000,0.000000,0.000000,0.000000,0.000000,1.000000,0.340000,0.000000,0.000000
1777207719.388536,0,0.000000,0.000000,0.000000,0.000000,0.000000,0.000000,1.000000,0.340000,0.000000,0.000000
1777207719.417726,0,0.000000,0.000000,0.000000,0.000000,0.000000,0.000000,1.000000,0.270000,0.000000,0.000000
1777207719.450756,0,0.000000,0.000000,0.000000,0.000000,0.000000,0.000000,1.000000,0.340000,0.000000,0.000000
1777207719.488325,0,0.000000,0.000000,0.000000,0.000000,0.000000,0.000000,1.000000,0.460000,0.030000,0.000000
1777207719.488905,0,0.000000,0.000000,0.000000,0.000000,0.000000,0.000000,1.000000,0.370000,0.030000,0.020000
1777207719.489383,0,0.000000,0.000000,0.000000,0.000000,0.000000,0.000000,1.000000,0.310000,0.000000,0.000000
1777207719.519650,0,0.000000,0.000000,0.000000,0.000000,0.000000,0.000000,1.000000,0.370000,0.030000,0.000000
1777207719.520147,0,0.000000,0.000000,0.000000,0.000000,0.000000,0.000000,1.000000,0.270000,0.000000,0.000000
1777207719.549225,0,0.000000,0.000000,0.000000,0.000000,0.000000,0.000000,1.000000,0.380000,0.000000,0.000000
1777207719.549710,0,0.000000,0.000000,0.000000,0.000000,0.000000,0.000000,1.000000,0.340000,0.030000,0.020000
1777207719.550092,0,0.000000,0.000000,0.000000,0.000000,0.000000,0.000000,1.000000,0.310000,0.000000,0.000000
1777207719.579948,0,0.000000,0.000000,0.000000,0.000000,0.000000,0.000000,1.000000,0.340000,0.090000,0.020000
1777207719.580579,0,0.000000,0.000000,0.000000,0.000000,0.000000,0.000000,1.000000,0.310000,0.000000,0.400000
1777207719.610253,0,0.000000,0.000000,0.000000,0.000000,0.000000,0.000000,1.000000,0.340000,0.030000,0.000000
1777207719.641064,0,0.000000,0.000000,0.000000,0.000000,0.000000,0.000000,1.000000,0.370000,0.030000,0.000000
1777207719.671236,0,0.000000,0.000000,0.000000,0.000000,0.000000,0.000000,1.000000,0.310000,0.030000,0.000000
1777207719.671736,0,0.000000,0.000000,0.000000,0.000000,0.000000,0.000000,1.000000,0.340000,0.000000,0.020000
1777207719.672126,0,0.000000,0.000000,0.000000,0.000000,0.000000,0.000000,1.000000,0.310000,0.120000,0.020000
1777207719.702366,0,0.000000,0.000000,0.000000,0.000000,0.000000,0.000000,1.000000,0.270000,0.030000,0.020000
1777207719.732606,0,0.000000,0.000000,0.000000,0.000000,0.000000,0.000000,1.000000,0.300000,0.000000,0.020000
1777207719.733109,0,0.000000,0.000000,0.000000,0.000000,0.000000,0.000000,1.000000,0.310000,0.000000,0.000000
1777207719.733501,0,0.000000,0.000000,0.000000,0.000000,0.000000,0.000000,1.000000,0.340000,0.030000,0.020000
1777207719.733878,0,0.000000,0.000000,0.000000,0.000000,0.000000,0.000000,1.000000,0.310000,0.030000,0.020000
1777207719.764399,0,0.000000,0.000000,0.000000,0.000000,0.000000,0.000000,1.000000,0.340000,0.030000,0.000000
1777207719.793783,0,0.000000,0.000000,0.000000,0.000000,0.000000,0.000000,1.000000,0.340000,0.000000,0.000000
1777207719.849889,0,0.000000,0.000000,0.000000,0.000000,0.000000,0.000000,1.000000,0.370000,0.000000,0.000000
1777207719.850423,0,0.000000,0.000000,0.000000,0.000000,0.000000,0.000000,1.000000,0.380000,0.000000,0.050000
1777207719.850829,0,0.000000,0.000000,0.000000,0.000000,0.000000,0.000000,0.000000,0.300000,0.030000,0.000000
1777207719.851199,0,0.000000,0.000000,0.000000,0.000000,0.000000,0.000000,1.000000,0.370000,0.030000,0.000000
1777207719.851729,0,0.000000,0.000000,0.000000,0.000000,0.000000,0.000000,1.000000,0.270000,0.000000,0.020000
1777207719.852270,0,0.000000,0.000000,0.000000,0.000000,0.000000,0.000000,1.000000,0.380000,0.000000,0.000000
1777207719.853153,0,0.000000,0.000000,0.000000,0.000000,0.000000,0.000000,1.000000,0.340000,0.000000,0.000000
1777207719.882213,0,0.000000,0.000000,0.000000,0.000000,0.000000,0.000000,1.000000,0.340000,0.030000,0.000000
1777207719.912896,0,0.000000,0.000000,0.000000,0.000000,0.000000,0.000000,1.000000,0.300000,0.030000,0.000000
1777207719.942678,0,0.000000,0.000000,0.000000,0.000000,0.000000,0.000000,0.200000,0.380000,0.030000,0.000000
1777207719.943253,0,0.000000,0.000000,0.000000,0.000000,0.000000,0.000000,1.000000,0.270000,0.030000,0.020000
1777207719.943684,0,0.000000,0.000000,0.000000,0.000000,0.000000,0.000000,1.000000,0.430000,0.120000,0.020000
1777207719.974152,0,0.000000,0.000000,0.000000,0.000000,0.000000,0.000000,1.000000,0.310000,0.000000,0.000000
1777207720.004028,0,0.000000,0.000000,0.000000,0.000000,0.000000,0.000000,1.000000,0.340000,0.000000,0.000000
1777207720.004516,0,0.000000,0.000000,0.000000,0.000000,0.000000,0.000000,1.000000,0.250000,0.000000,0.020000
1777207720.004909,0,0.000000,0.000000,0.000000,0.000000,0.000000,0.000000,1.000000,0.370000,0.000000,0.020000
1777207720.034299,0,0.000000,0.000000,0.000000,0.000000,0.000000,0.000000,1.000000,0.380000,0.090000,0.000000
1777207720.034800,0,0.000000,0.000000,0.000000,0.000000,0.000000,0.000000,1.000000,0.370000,0.000000,0.000000
1777207720.064075,0,0.000000,0.000000,0.000000,0.000000,0.000000,0.000000,1.000000,0.380000,0.000000,0.020000
1777207720.064567,0,0.000000,0.000000,0.000000,0.000000,0.000000,0.000000,1.000000,0.460000,0.090000,0.020000
1777207720.094406,0,0.000000,0.000000,0.000000,0.000000,0.000000,0.000000,1.000000,0.300000,0.030000,0.020000
1777207720.123941,0,0.000000,0.000000,0.000000,0.000000,0.000000,0.000000,1.000000,0.300000,0.030000,0.020000
1777207720.124476,0,0.000000,0.000000,0.000000,0.000000,0.000000,0.000000,1.000000,0.250000,0.000000,0.000000
1777207720.154493,0,0.000000,0.000000,0.000000,0.000000,0.000000,0.000000,1.000000,0.310000,0.000000,0.020000
1777207720.185486,0,0.000000,0.000000,0.000000,0.000000,0.000000,0.000000,1.000000,0.370000,0.000000,0.020000
1777207720.185974,0,0.000000,0.000000,0.000000,0.000000,0.000000,0.000000,1.000000,0.370000,0.000000,0.020000
1777207720.186355,0,0.000000,0.000000,0.000000,0.000000,0.000000,0.000000,1.000000,0.380000,0.000000,0.020000
1777207720.216492,0,0.000000,0.000000,0.000000,0.000000,0.000000,0.000000,1.000000,0.410000,0.030000,0.000000
1777207720.216984,0,0.000000,0.000000,0.000000,0.000000,0.000000,0.000000,1.000000,0.270000,0.000000,0.000000
1777207720.249178,0,0.000000,0.000000,0.000000,0.000000,0.000000,0.000000,1.000000,0.340000,0.000000,0.020000
1777207720.249693,0,0.000000,0.000000,0.000000,0.000000,0.000000,0.000000,1.000000,0.370000,0.030000,0.000000
1777207720.279540,0,0.000000,0.000000,0.000000,0.000000,0.000000,0.000000,1.000000,0.310000,0.030000,0.050000
1777207720.280095,0,0.000000,0.000000,0.000000,0.000000,0.000000,0.000000,1.000000,0.340000,0.000000,0.000000
1777207720.280499,0,0.000000,0.000000,0.000000,0.000000,0.000000,0.000000,1.000000,0.340000,0.000000,0.000000
1777207720.310308,0,0.000000,0.000000,0.000000,0.000000,0.000000,0.000000,1.000000,0.270000,0.030000,0.000000
1777207720.310833,0,0.000000,0.000000,0.000000,0.000000,0.000000,0.000000,1.000000,0.380000,0.000000,0.000000
1777207720.340571,0,0.000000,0.000000,0.000000,0.000000,0.000000,0.000000,1.000000,0.300000,0.030000,0.230000
1777207720.341099,0,0.000000,0.000000,0.000000,0.000000,0.000000,0.000000,1.000000,0.340000,0.000000,0.000000
1777207720.371664,0,0.000000,0.000000,0.000000,0.000000,0.000000,0.000000,1.000000,0.340000,0.030000,0.020000
1777207720.401969,0,0.000000,0.000000,0.000000,0.000000,0.000000,0.000000,1.000000,0.340000,0.000000,0.020000
1777207720.402457,0,0.000000,0.000000,0.000000,0.000000,0.000000,0.000000,1.000000,0.310000,0.000000,0.000000
1777207720.402900,0,0.000000,0.000000,0.000000,0.000000,0.000000,0.000000,1.000000,0.340000,0.000000,0.020000
1777207720.433680,0,0.000000,0.000000,0.000000,0.000000,0.000000,0.000000,1.000000,0.310000,0.030000,0.020000
1777207720.464686,0,0.000000,0.000000,0.000000,0.000000,0.000000,0.000000,1.000000,0.310000,0.000000,0.000000
1777207720.465867,0,0.000000,0.000000,0.000000,0.000000,0.000000,0.000000,1.000000,0.370000,0.030000,0.050000
1777207720.499297,0,0.000000,0.000000,0.000000,0.000000,0.000000,0.000000,1.000000,0.340000,0.030000,0.050000
1777207720.529685,0,0.000000,0.000000,0.000000,0.000000,0.000000,0.000000,0.280000,0.310000,0.000000,0.020000
1777207720.530183,0,0.000000,0.000000,0.000000,0.000000,0.000000,0.000000,1.000000,0.200000,0.030000,0.020000
1777207720.530610,0,0.000000,0.000000,0.000000,0.000000,0.000000,0.000000,1.000000,0.310000,0.030000,0.000000
1777207720.560376,0,0.000000,0.000000,0.000000,0.000000,0.000000,0.000000,1.000000,0.370000,0.000000,0.170000
1777207720.560938,0,0.000000,0.000000,0.000000,0.000000,0.000000,0.000000,1.000000,0.340000,0.000000,0.020000
1777207720.561328,0,0.000000,0.000000,0.000000,0.000000,0.000000,0.000000,1.000000,0.310000,0.000000,0.000000
1777207720.632258,0,0.000000,0.000000,0.000000,0.000000,0.000000,0.000000,1.000000,0.340000,0.030000,0.020000
