epoch,mark,Measured Torque (R),Desired Torque (R),Measured Torque (L),Desired Torque (L),Gait/100 (R),Toe FSR (R),Gait/100 (L),Toe FSR (L),Heel FSR (R),Heel FSR (L)
1784020246.100952,0,0.000000,0.000000,0.000000,0.000000,0.000000,0.000000,0.000000,0.000000,0.000000,0.000000
1784020246.101746,0,0.000000,0.000000,0.000000,0.000000,0.000000,0.000000,0.000000,0.000000,0.000000,0.000000
1784020246.151652,0,0.000000,0.000000,0.000000,0.000000,0.000000,0.000000,0.000000,0.000000,0.000000,0.000000
1784020246.152061,0,0.000000,0.000000,0.000000,0.000000,0.000000,0.000000,0.000000,0.000000,0.000000,0.000000
1784020246.217962,0,0.000000,0.000000,0.000000,0.000000,0.000000,0.000000,0.000000,0.000000,0.000000,0.000000
1784020246.249162,0,0.000000,0.000000,0.000000,0.000000,0.000000,0.000000,0.000000,0.000000,0.000000,0.000000
1784020246.249594,0,0.000000,0.000000,0.000000,0.000000,0.000000,0.000000,0.000000,0.000000,0.000000,0.000000
1784020246.282083,0,0.000000,0.000000,0.000000,0.000000,0.000000,0.000000,0.000000,0.000000,0.000000,0.000000
1784020246.282581,0,0.000000,0.000000,0.000000,0.000000,0.000000,0.000000,0.000000,0.000000,0.000000,0.000000
1784020246.282917,0,0.000000,0.000000,0.000000,0.000000,0.000000,0.000000,0.000000,0.000000,1.000000,0.000000
1784020246.315377,0,0.000000,0.000000,0.000000,0.000000,0.000000,0.000000,0.000000,0.000000,0.000000,0.000000
1784020246.315805,0,0.000000,0.000000,0.000000,0.000000,0.000000,0.000000,0.000000,0.000000,0.000000,0.000000
1784020246.344439,0,0.000000,0.000000,0.000000,0.000000,0.000000,0.000000,0.000000,0.000000,0.000000,0.000000
1784020246.344872,0,0.000000,0.000000,0.000000,0.000000,0.000000,0.000000,0.000000,0.000000,0.000000,0.000000
1784020246.374253,0,0.000000,0.000000,0.000000,0.000000,0.000000,0.000000,0.000000,0.000000,0.000000,0.000000
1784020246.374777,0,0.000000,0.000000,0.000000,0.000000,0.000000,0.000000,0.000000,0.000000,0.000000,0.000000
1784020246.404802,0,0.000000,0.000000,0.000000,0.000000,0.000000,0.000000,0.000000,0.000000,0.000000,0.000000
1784020246.405216,0,0.000000,0.000000,0.000000,0.000000,0.000000,0.000000,0.000000,0.000000,0.000000,0.000000
1784020246.436279,0,0.000000,0.000000,0.000000,0.000000,0.000000,0.000000,0.000000,0.000000,0.000000,0.000000
1784020246.436731,0,0.000000,0.000000,0.000000,0.000000,0.000000,0.000000,0.000000,0.000000,0.000000,0.000000
1784020246.437058,0,0.000000,0.000000,0.000000,0.000000,0.000000,0.000000,0.000000,0.000000,0.000000,0.000000
1784020246.468607,0,0.000000,0.000000,0.000000,0.000000,0.000000,0.000000,0.000000,0.000000,0.000000,0.000000
1784020246.499520,0,0.000000,0.000000,0.000000,0.000000,0.000000,0.000000,0.000000,0.000000,0.000000,0.000000
1784020246.500008,0,0.000000,0.000000,0.000000,0.000000,0.000000,0.000000,0.000000,0.000000,1.000000,0.000000
1784020246.530007,0,0.000000,0.000000,0.000000,0.000000,0.000000,0.000000,0.000000,0.000000,0.000000,0.000000
1784020246.530546,0,0.000000,0.000000,0.000000,0.000000,0.000000,0.000000,0.000000,0.000000,0.000000,0.000000
1784020246.557958,0,0.000000,0.000000,0.000000,0.000000,0.000000,0.000000,0.000000,0.000000,0.000000,0.000000
1784020246.586818,0,0.000000,0.000000,0.000000,0.000000,0.000000,0.000000,0.000000,0.000000,0.000000,0.000000
1784020246.587254,0,0.000000,0.000000,0.000000,0.000000,0.000000,0.000000,0.000000,0.000000,0.000000,0.000000
1784020246.642023,0,0.000000,0.000000,0.000000,0.000000,0.000000,0.000000,0.000000,0.000000,0.000000,0.000000
1784020246.644353,0,0.000000,0.000000,0.000000,0.000000,0.000000,0.000000,0.000000,0.000000,0.000000,0.000000
1784020246.644953,0,0.000000,0.000000,0.000000,0.000000,0.000000,0.000000,0.000000,0.000000,0.000000,0.000000
1784020246.696739,0,0.000000,0.000000,0.000000,0.000000,0.000000,0.000000,0.000000,0.000000,0.000000,0.000000
1784020246.757369,0,0.000000,0.000000,0.000000,0.000000,0.000000,0.000000,0.000000,0.000000,0.000000,0.000000
1784020246.786918,0,0.000000,0.000000,0.000000,0.000000,0.000000,0.000000,0.000000,0.000000,0.000000,0.000000
1784020246.787443,0,0.000000,0.000000,0.000000,0.000000,0.000000,0.000000,0.000000,0.000000,0.000000,0.150000
1784020246.843866,0,0.000000,0.000000,0.000000,0.000000,0.000000,0.000000,0.000000,0.000000,0.000000,0.000000
1784020246.844529,0,0.000000,0.000000,0.000000,0.000000,0.000000,0.000000,0.000000,0.000000,0.000000,0.000000
1784020246.845084,0,0.000000,0.000000,0.000000,0.000000,0.000000,0.000000,0.000000,0.000000,0.000000,0.000000
1784020246.845528,0,0.000000,0.000000,0.000000,0.000000,0.000000,0.000000,0.000000,0.000000,0.000000,0.000000
1784020246.901198,0,0.000000,0.000000,0.000000,0.000000,0.000000,0.000000,0.000000,0.000000,0.500000,0.000000
1784020246.902409,0,0.000000,0.000000,0.000000,0.000000,0.000000,0.000000,0.000000,0.000000,0.000000,0.000000
1784020246.903137,0,0.000000,0.000000,0.000000,0.000000,0.000000,0.000000,0.000000,0.000000,0.000000,0.000000
1784020246.903625,0,0.000000,0.000000,0.000000,0.000000,0.000000,0.000000,0.000000,0.000000,0.000000,0.000000
1784020246.904150,0,0.000000,0.000000,0.000000,0.000000,0.000000,0.000000,0.000000,0.000000,0.000000,0.000000
1784020246.935176,0,0.000000,0.000000,0.000000,0.000000,0.000000,0.000000,0.000000,0.000000,0.000000,0.000000
1784020246.965847,0,0.000000,0.000000,0.000000,0.000000,0.000000,0.000000,0.000000,0.000000,0.000000,0.000000
1784020246.966546,0,0.000000,0.000000,0.000000,0.000000,0.000000,0.000000,0.000000,0.000000,0.000000,0.000000
1784020247.015167,0,0.000000,0.000000,0.000000,0.000000,0.000000,0.000000,0.000000,0.000000,0.000000,0.000000
1784020247.066839,0,0.000000,0.000000,0.000000,0.000000,0.000000,0.000000,0.000000,0.000000,0.000000,0.000000
1784020247.067356,0,0.000000,0.000000,0.000000,0.000000,0.000000,0.000000,0.000000,0.000000,0.000000,0.000000
1784020247.067855,0,0.000000,0.000000,0.000000,0.000000,0.000000,0.000000,0.000000,0.000000,0.000000,0.000000
1784020247.068186,0,0.000000,0.000000,0.000000,0.000000,0.000000,0.000000,0.000000,0.000000,0.250000,0.000000
1784020247.119043,0,0.000000,0.000000,0.000000,0.000000,0.000000,0.000000,0.000000,0.000000,0.000000,0.000000
1784020247.119567,0,0.000000,0.000000,0.000000,0.000000,0.000000,0.000000,0.000000,0.000000,0.000000,0.000000
1784020247.184883,0,0.000000,0.000000,0.000000,0.000000,0.000000,0.000000,0.000000,0.000000,0.000000,0.000000
1784020247.185382,0,0.000000,0.000000,0.000000,0.000000,0.000000,0.000000,0.000000,0.000000,0.000000,0.000000
1784020247.185739,0,0.000000,0.000000,0.000000,0.000000,0.000000,0.000000,0.000000,0.000000,0.000000,0.000000
1784020247.215966,0,0.000000,0.000000,0.000000,0.000000,0.000000,0.000000,0.000000,0.000000,0.000000,0.000000
1784020247.223862,0,0.000000,0.000000,0.000000,0.000000,0.000000,0.000000,0.000000,0.000000,0.000000,0.000000
1784020247.231214,0,0.000000,0.000000,0.000000,0.000000,0.000000,0.000000,0.000000,0.000000,0.000000,0.000000
1784020247.232387,0,0.000000,0.000000,0.000000,0.000000,0.000000,0.000000,0.000000,0.000000,0.000000,0.150000
1784020247.266571,0,0.000000,0.000000,0.000000,0.000000,0.000000,0.000000,0.000000,0.000000,0.000000,0.000000
1784020247.267557,0,0.000000,0.000000,0.000000,0.000000,0.000000,0.000000,0.000000,0.000000,0.000000,0.000000
1784020247.274807,0,0.000000,0.000000,0.000000,0.000000,0.000000,0.000000,0.000000,0.000000,0.250000,0.000000
1784020247.287488,0,0.000000,0.000000,0.000000,0.000000,0.000000,0.000000,0.000000,0.000000,0.000000,0.000000
1784020247.308680,0,0.000000,0.000000,0.000000,0.000000,0.000000,0.000000,0.000000,0.000000,0.000000,0.000000
1784020247.309335,0,0.000000,0.000000,0.000000,0.000000,0.000000,0.000000,0.000000,0.000000,0.000000,0.000000
1784020247.342984,0,0.000000,0.000000,0.000000,0.000000,0.000000,0.000000,0.000000,0.000000,0.000000,0.150000
1784020247.351058,0,0.000000,0.000000,0.000000,0.000000,0.000000,0.000000,0.000000,0.000000,0.000000,0.000000
1784020247.372571,0,0.000000,0.000000,0.000000,0.000000,0.000000,0.000000,0.000000,0.000000,0.000000,0.000000
1784020247.397101,0,0.000000,0.000000,0.000000,0.000000,0.000000,0.000000,0.000000,0.000000,0.000000,0.000000
1784020247.402722,0,0.000000,0.000000,0.000000,0.000000,0.000000,0.000000,0.000000,0.000000,0.000000,0.000000
1784020247.416292,0,0.000000,0.000000,0.000000,0.000000,0.000000,0.000000,0.000000,0.000000,0.000000,0.000000
1784020247.416930,0,0.000000,0.000000,0.000000,0.000000,0.000000,0.000000,0.000000,0.000000,0.000000,0.000000
1784020247.425108,0,0.000000,0.000000,0.000000,0.000000,0.000000,0.000000,0.000000,0.000000,0.000000,0.000000
1784020247.463664,0,0.000000,0.000000,0.000000,0.000000,0.000000,0.000000,0.000000,0.000000,0.000000,0.000000
1784020247.469611,0,0.000000,0.000000,0.000000,0.000000,0.000000,0.000000,0.000000,0.000000,0.000000,0.000000
1784020247.485608,0,0.000000,0.000000,0.000000,0.000000,0.000000,0.000000,0.000000,0.000000,0.000000,0.000000
1784020247.501466,0,0.000000,0.000000,0.000000,0.000000,0.000000,0.000000,0.000000,0.000000,0.000000,0.000000
1784020247.521479,0,0.000000,0.000000,0.000000,0.000000,0.000000,0.000000,0.000000,0.000000,0.000000,0.000000
1784020247.522593,0,0.000000,0.000000,0.000000,0.000000,0.000000,0.000000,0.000000,0.000000,0.000000,0.150000
1784020247.567252,0,0.000000,0.000000,0.000000,0.000000,0.000000,0.000000,0.000000,0.000000,0.000000,0.000000
1784020247.567712,0,0.000000,0.000000,0.000000,0.000000,0.000000,0.000000,0.000000,0.000000,0.000000,0.000000
1784020247.586248,0,0.000000,0.000000,0.000000,0.000000,0.000000,0.000000,0.000000,0.000000,0.000000,0.000000
1784020247.587067,0,0.000000,0.000000,0.000000,0.000000,0.000000,0.000000,0.000000,0.000000,0.000000,0.000000
1784020247.597374,0,0.000000,0.000000,0.000000,0.000000,0.000000,0.000000,0.000000,0.000000,0.000000,0.000000
1784020247.620864,0,0.000000,0.000000,0.000000,0.000000,0.000000,0.000000,0.000000,0.000000,0.000000,0.000000
1784020247.650532,0,0.000000,0.000000,0.000000,0.000000,0.000000,0.000000,0.000000,0.000000,0.000000,0.000000
1784020247.656605,0,0.000000,0.000000,0.000000,0.000000,0.000000,0.000000,0.000000,0.000000,0.000000,0.000000
1784020247.671497,0,0.000000,0.000000,0.000000,0.000000,0.000000,0.000000,0.000000,0.000000,0.000000,0.000000
1784020247.672577,0,0.000000,0.000000,0.000000,0.000000,0.000000,0.000000,0.000000,0.000000,0.000000,0.000000
1784020247.719178,0,0.000000,0.000000,0.000000,0.000000,0.000000,0.000000,0.000000,0.000000,0.000000,0.000000
1784020247.724407,0,0.000000,0.000000,0.000000,0.000000,0.000000,0.000000,0.000000,0.000000,0.000000,0.000000
1784020247.739668,0,0.000000,0.000000,0.000000,0.000000,0.000000,0.000000,0.000000,0.000000,0.000000,0.000000
1784020247.740722,0,0.000000,0.000000,0.000000,0.000000,0.000000,0.000000,0.000000,0.000000,0.500000,0.000000
1784020247.778310,0,0.000000,0.000000,0.000000,0.000000,0.000000,0.000000,0.000000,0.000000,0.000000,0.000000
1784020247.779027,0,0.000000,0.000000,0.000000,0.000000,0.000000,0.000000,0.000000,0.000000,0.000000,0.000000
1784020247.785397,0,0.000000,0.000000,0.000000,0.000000,0.000000,0.000000,0.000000,0.000000,0.000000,0.000000
1784020247.820731,0,0.000000,0.000000,0.000000,0.000000,0.000000,0.000000,0.000000,0.000000,0.250000,0.000000
1784020247.829003,0,0.000000,0.000000,0.000000,0.000000,0.000000,0.000000,0.000000,0.000000,0.000000,0.150000
1784020247.841644,0,0.000000,0.000000,0.000000,0.000000,0.000000,0.000000,0.000000,0.000000,0.000000,0.000000
1784020247.874472,0,0.000000,0.000000,0.000000,0.000000,0.000000,0.000000,0.000000,0.000000,0.000000,0.000000
1784020247.875986,0,0.000000,0.000000,0.000000,0.000000,0.000000,0.000000,0.000000,0.000000,0.000000,0.000000
1784020247.884238,0,0.000000,0.000000,0.000000,0.000000,0.000000,0.000000,0.000000,0.000000,0.000000,0.000000
1784020247.897707,0,0.000000,0.000000,0.000000,0.000000,0.000000,0.000000,0.000000,0.000000,0.000000,0.000000
1784020247.913346,0,0.000000,0.000000,0.000000,0.000000,0.000000,0.000000,0.000000,0.000000,0.000000,0.000000
1784020247.936719,0,0.000000,0.000000,0.000000,0.000000,0.000000,0.000000,0.000000,0.000000,0.000000,0.000000
1784020247.949322,0,0.000000,0.000000,0.000000,0.000000,0.000000,0.000000,0.000000,0.000000,0.000000,0.000000
1784020247.969824,0,0.000000,0.000000,0.000000,0.000000,0.000000,0.000000,0.000000,0.000000,0.000000,0.000000
1784020247.971554,0,0.000000,0.000000,0.000000,0.000000,0.000000,0.000000,0.000000,0.000000,0.000000,0.000000
1784020247.972716,0,0.000000,0.000000,0.000000,0.000000,0.000000,0.000000,0.000000,0.000000,0.000000,0.000000
1784020247.995803,0,0.000000,0.000000,0.000000,0.000000,0.000000,0.000000,0.000000,0.000000,0.000000,0.000000
1784020248.013358,0,0.000000,0.000000,0.000000,0.000000,0.000000,0.000000,0.000000,0.000000,0.000000,0.000000
1784020248.034294,0,0.000000,0.000000,0.000000,0.000000,0.000000,0.000000,0.000000,0.000000,0.000000,0.000000
1784020248.056446,0,0.000000,0.000000,0.000000,0.000000,0.000000,0.000000,0.000000,0.000000,0.000000,0.000000
1784020248.062467,0,0.000000,0.000000,0.000000,0.000000,0.000000,0.000000,0.000000,0.000000,0.000000,0.000000
1784020248.076921,0,0.000000,0.000000,0.000000,0.000000,0.000000,0.000000,0.000000,0.000000,0.000000,0.000000
1784020248.098021,0,0.000000,0.000000,0.000000,0.000000,0.000000,0.000000,0.000000,0.000000,0.000000,0.000000
1784020248.099627,0,0.000000,0.000000,0.000000,0.000000,0.000000,0.000000,0.000000,0.000000,0.000000,0.000000
1784020248.145126,0,0.000000,0.000000,0.000000,0.000000,0.000000,0.000000,0.000000,0.000000,0.000000,0.000000
1784020248.146534,0,0.000000,0.000000,0.000000,0.000000,0.000000,0.000000,0.000000,0.000000,0.000000,0.000000
1784020248.152169,0,0.000000,0.000000,0.000000,0.000000,0.000000,0.000000,0.000000,0.000000,0.000000,0.000000
1784020248.162636,0,0.000000,0.000000,0.000000,0.000000,0.000000,0.000000,0.000000,0.000000,0.000000,0.000000
1784020248.184072,0,0.000000,0.000000,0.000000,0.000000,0.000000,0.000000,0.000000,0.000000,0.000000,0.000000
1784020248.205036,0,0.000000,0.000000,0.000000,0.000000,0.000000,0.000000,0.000000,0.000000,0.000000,0.000000
1784020248.225505,0,0.000000,0.000000,0.000000,0.000000,0.000000,0.000000,0.000000,0.000000,0.000000,0.000000
1784020248.247399,0,0.000000,0.000000,0.000000,0.000000,0.000000,0.000000,0.000000,0.000000,0.000000,0.000000
1784020248.249113,0,0.000000,0.000000,0.000000,0.000000,0.000000,0.000000,0.000000,0.000000,0.000000,0.000000
1784020248.269755,0,0.000000,0.000000,0.000000,0.000000,0.000000,0.000000,0.000000,0.000000,0.250000,0.000000
1784020248.302046,0,0.000000,0.000000,0.000000,0.000000,0.000000,0.000000,0.000000,0.000000,0.000000,0.000000
1784020248.316612,0,0.000000,0.000000,0.000000,0.000000,0.000000,0.000000,0.000000,0.000000,0.000000,0.000000
1784020248.332451,0,0.000000,0.000000,0.000000,0.000000,0.000000,0.000000,0.000000,0.000000,0.250000,0.000000
1784020248.340037,0,0.000000,0.000000,0.000000,0.000000,0.000000,0.000000,0.000000,0.000000,0.000000,0.330000
1784020248.341131,0,0.000000,0.000000,0.000000,0.000000,0.000000,0.000000,0.000000,0.000000,0.000000,0.000000
1784020248.355253,0,0.000000,0.000000,0.000000,0.000000,0.000000,0.000000,0.000000,0.000000,0.000000,0.000000
1784020248.377155,0,0.000000,0.000000,0.000000,0.000000,0.000000,0.000000,0.000000,0.000000,0.000000,0.000000
1784020248.384080,0,0.000000,0.000000,0.000000,0.000000,0.000000,0.000000,0.000000,0.000000,0.000000,0.000000
1784020248.417383,0,0.000000,0.000000,0.000000,0.000000,0.000000,0.000000,0.000000,0.000000,0.000000,0.000000
1784020248.417902,0,0.000000,0.000000,0.000000,0.000000,0.000000,0.000000,0.000000,0.000000,0.000000,0.000000
1784020248.431379,0,0.000000,0.000000,0.000000,0.000000,0.000000,0.000000,0.000000,0.000000,0.000000,0.000000
1784020248.445709,0,0.000000,0.000000,0.000000,0.000000,0.000000,0.000000,0.000000,0.000000,0.000000,0.000000
1784020248.459812,0,0.000000,0.000000,0.000000,0.000000,0.000000,0.000000,0.000000,0.000000,0.000000,0.000000
1784020248.482770,0,0.000000,0.000000,0.000000,0.000000,0.000000,0.000000,0.000000,0.000000,0.000000,0.000000
1784020248.527340,0,0.000000,0.000000,0.000000,0.000000,0.000000,0.000000,0.000000,0.000000,0.000000,0.000000
1784020248.535007,0,0.000000,0.000000,0.000000,0.000000,0.000000,0.000000,0.000000,0.000000,0.000000,0.000000
1784020248.536188,0,0.000000,0.000000,0.000000,0.000000,0.000000,0.000000,0.000000,0.000000,0.000000,0.000000
1784020248.544715,0,0.000000,0.000000,0.000000,0.000000,0.000000,0.000000,0.000000,0.000000,0.000000,0.000000
1784020248.557848,0,0.000000,0.000000,0.000000,0.000000,0.000000,0.000000,0.000000,0.000000,0.000000,0.000000
1784020248.567655,0,0.000000,0.000000,0.000000,0.000000,0.000000,0.000000,0.000000,0.000000,0.000000,0.000000
1784020248.579834,0,0.000000,0.000000,0.000000,0.000000,0.000000,0.000000,0.000000,0.000000,0.000000,0.000000
1784020248.609501,0,0.000000,0.000000,0.000000,0.000000,0.000000,0.000000,0.000000,0.000000,0.000000,0.000000
1784020248.610034,0,0.000000,0.000000,0.000000,0.000000,0.000000,0.000000,0.000000,0.000000,0.000000,0.000000
1784020248.633111,0,0.000000,0.000000,0.000000,0.000000,0.000000,0.000000,0.000000,0.000000,0.000000,0.000000
1784020248.654896,0,0.000000,0.000000,0.000000,0.000000,0.000000,0.000000,0.000000,0.000000,0.000000,0.000000
1784020248.657251,0,0.000000,0.000000,0.000000,0.000000,0.000000,0.000000,0.000000,0.000000,0.000000,0.000000
1784020248.662504,0,0.000000,0.000000,0.000000,0.000000,0.000000,0.000000,0.000000,0.000000,0.000000,0.000000
1784020248.695780,0,0.000000,0.000000,0.000000,0.000000,0.000000,0.000000,0.000000,0.000000,0.000000,0.000000
1784020248.696259,0,0.000000,0.000000,0.000000,0.000000,0.000000,0.000000,0.000000,0.000000,0.000000,0.000000
1784020248.737493,0,0.000000,0.000000,0.000000,0.000000,0.000000,0.000000,0.000000,0.000000,0.000000,0.000000
1784020248.760886,0,0.000000,0.000000,0.000000,0.000000,0.000000,0.000000,0.000000,0.000000,0.000000,0.000000
1784020248.761386,0,0.000000,0.000000,0.000000,0.000000,0.000000,0.000000,0.000000,0.000000,0.000000,0.000000
1784020248.767228,0,0.000000,0.000000,0.000000,0.000000,0.000000,0.000000,0.000000,0.000000,0.000000,0.000000
1784020248.790558,0,0.000000,0.000000,0.000000,0.000000,0.000000,0.000000,0.000000,0.000000,0.000000,0.000000
1784020248.802281,0,0.000000,0.000000,0.000000,0.000000,0.000000,0.000000,0.000000,0.000000,0.000000,0.000000
1784020248.825549,0,0.000000,0.000000,0.000000,0.000000,0.000000,0.000000,0.000000,0.000000,0.000000,0.000000
1784020248.827099,0,0.000000,0.000000,0.000000,0.000000,0.000000,0.000000,0.000000,0.000000,0.000000,0.000000
1784020248.858106,0,0.000000,0.000000,0.000000,0.000000,0.000000,0.000000,0.000000,0.000000,0.000000,0.000000
1784020248.866456,0,0.000000,0.000000,0.000000,0.000000,0.000000,0.000000,0.000000,0.000000,0.250000,0.000000
1784020248.887915,0,0.000000,0.000000,0.000000,0.000000,0.000000,0.000000,0.000000,0.000000,0.000000,0.000000
1784020248.888447,0,0.000000,0.000000,0.000000,0.000000,0.000000,0.000000,0.000000,0.000000,0.000000,0.000000
1784020248.910125,0,0.000000,0.000000,0.000000,0.000000,0.000000,0.000000,0.000000,0.000000,0.000000,0.000000
1784020248.930531,0,0.000000,0.000000,0.000000,0.000000,0.000000,0.000000,0.000000,0.000000,0.000000,0.150000
1784020248.951266,0,0.000000,0.000000,0.000000,0.000000,0.000000,0.000000,0.000000,0.000000,0.000000,0.000000
1784020249.019247,0,0.000000,0.000000,0.000000,0.000000,0.000000,0.000000,0.000000,0.000000,0.000000,0.000000
1784020249.071698,0,0.000000,0.000000,0.000000,0.000000,0.000000,0.000000,0.000000,0.000000,0.000000,0.000000
1784020249.072194,0,0.000000,0.000000,0.000000,0.000000,0.000000,0.000000,0.000000,0.000000,0.000000,0.000000
1784020249.126008,0,0.000000,0.000000,0.000000,0.000000,0.000000,0.000000,0.000000,0.000000,0.000000,0.000000
1784020249.126699,0,0.000000,0.000000,0.000000,0.000000,0.000000,0.000000,0.000000,0.000000,0.000000,0.000000
1784020249.178860,0,0.000000,0.000000,0.000000,0.000000,0.000000,0.000000,0.000000,0.000000,0.250000,0.000000
1784020249.179355,0,0.000000,0.000000,0.000000,0.000000,0.000000,0.000000,0.000000,0.000000,0.000000,0.000000
1784020249.181648,0,0.000000,3.000000,0.000000,0.000000,0.000000,0.000000,0.000000,0.000000,0.000000,0.000000
1784020249.231506,0,0.000000,3.000000,0.000000,0.000000,0.000000,0.000000,0.000000,0.000000,0.000000,0.000000
1784020249.231987,0,0.000000,3.000000,0.000000,0.000000,0.000000,0.000000,0.000000,0.000000,0.000000,0.000000
1784020249.234224,0,0.000000,3.000000,0.000000,0.000000,0.000000,0.000000,0.000000,0.000000,0.000000,0.000000
1784020249.234739,0,0.000000,3.000000,0.000000,0.000000,0.000000,0.000000,0.000000,0.000000,0.000000,0.000000
1784020249.285761,0,0.000000,3.000000,0.000000,0.000000,0.000000,0.000000,0.000000,0.000000,0.000000,0.000000
1784020249.287045,0,0.000000,3.000000,0.000000,0.000000,0.000000,0.000000,0.000000,0.000000,0.000000,0.000000
1784020249.287539,0,0.000000,3.000000,0.000000,0.000000,0.000000,0.000000,0.000000,0.000000,0.000000,0.000000
1784020249.338778,0,0.000000,3.000000,0.000000,0.000000,0.000000,0.000000,0.000000,0.000000,0.000000,0.000000
1784020249.339246,0,0.000000,3.000000,0.000000,0.000000,0.000000,0.000000,0.000000,0.000000,0.000000,0.000000
1784020249.339604,0,0.000000,3.000000,0.000000,0.000000,0.000000,0.000000,0.000000,0.000000,0.000000,0.000000
1784020249.341808,0,0.000000,3.000000,0.000000,0.000000,0.000000,0.000000,0.000000,0.000000,0.000000,0.000000
1784020249.342446,0,0.000000,3.000000,0.000000,0.000000,0.000000,0.000000,0.000000,0.000000,0.000000,0.000000
1784020249.392543,0,0.000000,3.000000,0.000000,0.000000,0.000000,0.000000,0.000000,0.000000,0.000000,0.000000
1784020249.444904,0,0.000000,3.000000,0.000000,0.000000,0.000000,0.000000,0.000000,0.000000,0.000000,0.000000
1784020249.496366,0,0.000000,3.000000,0.000000,0.000000,0.000000,0.000000,0.000000,0.000000,0.000000,0.000000
1784020249.496879,0,0.000000,3.000000,0.000000,0.000000,0.000000,0.000000,0.000000,0.000000,0.000000,0.000000
1784020249.497276,0,0.000000,3.000000,0.000000,0.000000,0.000000,0.000000,0.000000,0.000000,0.000000,0.000000
1784020249.497628,0,0.000000,3.000000,0.000000,0.000000,0.000000,0.000000,0.000000,0.000000,0.000000,0.000000
1784020249.554034,0,0.000000,3.000000,0.000000,0.000000,0.000000,0.000000,0.000000,0.000000,0.000000,0.000000
1784020249.554827,0,0.000000,3.000000,0.000000,0.000000,0.000000,0.000000,0.000000,0.000000,0.000000,0.000000
1784020249.555306,0,0.000000,3.000000,0.000000,0.000000,0.000000,0.000000,0.000000,0.000000,0.000000,0.000000
1784020249.608605,0,0.000000,3.000000,0.000000,0.000000,0.000000,0.000000,0.000000,0.000000,0.000000,0.000000
1784020249.610152,0,0.000000,3.000000,0.000000,0.000000,0.000000,0.000000,0.000000,0.000000,0.000000,0.000000
1784020249.639817,0,0.000000,3.000000,0.000000,0.000000,0.000000,0.000000,0.000000,0.000000,0.000000,0.000000
1784020249.640424,0,0.000000,3.000000,0.000000,0.000000,0.000000,0.000000,0.000000,0.000000,0.000000,0.000000
1784020249.667974,0,0.000000,3.000000,0.000000,0.000000,0.000000,0.000000,0.000000,0.000000,0.000000,0.000000
1784020249.668437,0,0.000000,3.000000,0.000000,0.000000,0.000000,0.000000,0.000000,0.000000,0.000000,0.000000
1784020249.698897,0,0.000000,3.000000,0.000000,0.000000,0.000000,0.000000,0.000000,0.000000,0.000000,0.000000
1784020249.699488,0,0.000000,3.000000,0.000000,0.000000,0.000000,0.000000,0.000000,0.000000,0.000000,0.000000
1784020249.729184,0,0.000000,3.000000,0.000000,0.000000,0.000000,0.000000,0.000000,0.000000,0.000000,0.000000
1784020249.729886,0,0.000000,3.000000,0.000000,0.000000,0.000000,0.000000,0.000000,0.000000,0.000000,0.000000
1784020249.730438,0,0.000000,3.000000,0.000000,0.000000,0.000000,0.000000,0.000000,0.000000,0.000000,0.000000
1784020249.760335,0,0.000000,3.000000,0.000000,0.000000,0.000000,0.000000,0.000000,0.000000,0.000000,0.000000
1784020249.789551,0,0.000000,3.000000,0.000000,0.000000,0.000000,0.000000,0.000000,0.000000,0.000000,0.000000
1784020249.820186,0,0.000000,3.000000,0.000000,0.000000,0.000000,0.000000,0.000000,0.000000,0.000000,0.000000
1784020249.820835,0,0.000000,3.000000,0.000000,0.000000,0.000000,0.000000,0.000000,0.000000,0.000000,0.000000
1784020249.821334,0,0.000000,3.000000,0.000000,0.000000,0.000000,0.000000,0.000000,0.000000,0.000000,0.000000
1784020249.821932,0,0.000000,3.000000,0.000000,0.000000,0.000000,0.000000,0.000000,0.000000,0.000000,0.000000
1784020249.851034,0,0.000000,3.000000,0.000000,0.000000,0.000000,0.000000,0.000000,0.000000,0.000000,0.000000
1784020249.881935,0,0.000000,3.000000,0.000000,0.000000,0.000000,0.000000,0.000000,0.000000,0.000000,0.000000
1784020249.884087,0,0.000000,3.000000,0.000000,0.000000,0.000000,0.000000,0.000000,0.000000,0.000000,0.000000
1784020249.913197,0,0.000000,3.000000,0.000000,0.000000,0.000000,0.000000,0.000000,0.000000,0.000000,0.000000
1784020249.913832,0,0.000000,3.000000,0.000000,0.000000,0.000000,0.000000,0.000000,0.000000,0.000000,0.000000
1784020249.914326,0,0.000000,3.000000,0.000000,0.000000,0.000000,0.000000,0.000000,0.000000,0.000000,0.000000
1784020249.944636,0,0.000000,3.000000,0.000000,0.000000,0.000000,0.000000,0.000000,0.000000,0.000000,0.000000
1784020249.975724,0,0.000000,3.000000,0.000000,0.000000,0.000000,0.000000,0.000000,0.000000,0.000000,0.000000
1784020249.976517,0,0.000000,3.000000,0.000000,0.000000,0.000000,0.000000,0.000000,0.000000,0.000000,0.000000
1784020250.007036,0,0.000000,3.000000,0.000000,0.000000,0.000000,0.000000,0.000000,0.000000,0.000000,0.000000
1784020250.007573,0,0.000000,3.000000,0.000000,0.000000,0.000000,0.000000,0.000000,0.000000,0.000000,0.000000
1784020250.007973,0,0.000000,3.000000,0.000000,0.000000,0.000000,0.000000,0.000000,0.000000,0.000000,0.000000
1784020250.038162,0,0.000000,3.000000,0.000000,0.000000,0.000000,0.000000,0.000000,0.000000,0.000000,0.000000
1784020250.069196,0,0.000000,3.000000,0.000000,0.000000,0.000000,0.000000,0.000000,0.000000,0.000000,0.100000
1784020250.070137,0,0.000000,3.000000,0.000000,0.000000,0.000000,0.000000,0.000000,0.000000,0.000000,0.000000
1784020250.070807,0,0.000000,3.000000,0.000000,0.000000,0.000000,0.000000,0.000000,0.000000,0.000000,0.000000
1784020250.102251,0,0.000000,3.000000,0.000000,0.000000,0.000000,0.000000,0.000000,0.000000,0.000000,0.000000
1784020250.102763,0,0.000000,3.000000,0.000000,0.000000,0.000000,0.000000,0.000000,0.000000,0.000000,0.000000
1784020250.136080,0,0.000000,3.000000,0.000000,0.000000,0.000000,0.000000,0.000000,0.000000,0.000000,0.000000
1784020250.165660,0,0.000000,3.000000,0.000000,0.000000,0.000000,0.000000,0.000000,0.000000,0.000000,0.000000
1784020250.166920,0,0.000000,3.000000,0.000000,0.000000,0.000000,0.000000,0.000000,0.000000,0.000000,0.000000
1784020250.167500,0,0.000000,3.000000,0.000000,0.000000,0.000000,0.000000,0.000000,0.000000,0.000000,0.000000
1784020250.199517,0,0.000000,3.000000,0.000000,0.000000,0.000000,0.000000,0.000000,0.000000,0.000000,0.000000
1784020250.200009,0,0.000000,3.000000,0.000000,0.000000,0.000000,0.000000,0.000000,0.000000,0.000000,0.000000
1784020250.229930,0,0.000000,3.000000,0.000000,0.000000,0.000000,0.000000,0.000000,0.000000,0.000000,0.000000
1784020250.230409,0,0.000000,3.000000,0.000000,0.000000,0.000000,0.000000,0.000000,0.000000,0.000000,0.100000
1784020250.286446,0,0.000000,3.000000,0.000000,0.000000,0.000000,0.000000,0.000000,0.000000,0.000000,0.000000
1784020250.286948,0,0.000000,3.000000,0.000000,0.000000,0.000000,0.000000,0.000000,0.000000,0.000000,0.000000
1784020250.287338,0,0.000000,3.000000,0.000000,0.000000,0.000000,0.000000,0.000000,0.000000,0.000000,0.000000
1784020250.287717,0,0.000000,3.000000,0.000000,0.000000,0.000000,0.000000,0.000000,0.000000,0.000000,0.000000
1784020250.288644,0,0.000000,3.000000,0.000000,0.000000,0.000000,0.000000,0.000000,0.000000,0.000000,0.000000
1784020250.343431,0,0.000000,3.000000,0.000000,0.000000,0.000000,0.000000,0.000000,0.000000,0.250000,0.000000
1784020250.344162,0,0.000000,3.000000,0.000000,0.000000,0.000000,0.000000,0.000000,0.000000,0.000000,0.000000
1784020250.390355,0,0.000000,3.000000,0.000000,0.000000,0.000000,0.000000,0.000000,0.000000,0.000000,0.000000
1784020250.391156,0,0.000000,3.000000,0.000000,0.000000,0.000000,0.000000,0.000000,0.000000,0.000000,0.000000
1784020250.391638,0,0.000000,3.000000,0.000000,0.000000,0.000000,0.000000,0.000000,0.000000,0.000000,0.000000
1784020250.392080,0,0.000000,3.000000,0.000000,0.000000,0.000000,0.000000,0.000000,0.000000,0.000000,0.000000
1784020250.437174,0,0.000000,3.000000,0.000000,0.000000,0.000000,0.000000,0.000000,0.000000,0.000000,0.000000
1784020250.437658,0,0.000000,3.000000,0.000000,0.000000,0.000000,0.000000,0.000000,0.000000,0.000000,0.000000
1784020250.438197,0,0.000000,3.000000,0.000000,0.000000,0.000000,0.000000,0.000000,0.000000,0.000000,0.000000
1784020250.438570,0,0.000000,3.000000,0.000000,0.000000,0.000000,0.000000,0.000000,0.000000,0.000000,0.000000
1784020250.484249,0,0.000000,3.000000,0.000000,0.000000,0.000000,0.000000,0.000000,0.000000,0.000000,0.000000
1784020250.485082,0,0.000000,3.000000,0.000000,0.000000,0.000000,0.000000,0.000000,0.000000,0.000000,0.000000
1784020250.509713,0,0.000000,3.000000,0.000000,0.000000,0.000000,0.000000,0.000000,0.000000,0.000000,0.000000
1784020250.535246,0,0.000000,3.000000,0.000000,0.000000,0.000000,0.000000,0.000000,0.000000,0.000000,0.000000
1784020250.560907,0,0.000000,3.000000,0.000000,0.000000,0.000000,0.000000,0.000000,0.000000,0.000000,0.000000
1784020250.561484,0,0.000000,3.000000,0.000000,0.000000,0.000000,0.000000,0.000000,0.000000,0.000000,0.000000
1784020250.607461,0,0.000000,3.000000,0.000000,0.000000,0.000000,0.000000,0.000000,0.000000,0.000000,0.000000
1784020250.607961,0,0.000000,3.000000,0.000000,0.000000,0.000000,0.000000,0.000000,0.000000,0.000000,0.000000
1784020250.608349,0,0.000000,3.000000,0.000000,0.000000,0.000000,0.000000,0.000000,0.000000,0.000000,0.000000
1784020250.609206,0,0.000000,3.000000,0.000000,0.000000,0.000000,0.000000,0.000000,0.000000,0.000000,0.000000
1784020250.609835,0,0.000000,3.000000,0.000000,0.000000,0.000000,0.000000,0.000000,0.000000,0.000000,0.000000
1784020250.610351,0,0.000000,3.000000,0.000000,0.000000,0.000000,0.000000,0.000000,0.000000,0.000000,0.000000
1784020250.655543,0,0.000000,3.000000,0.000000,0.000000,0.000000,0.000000,0.000000,0.000000,0.000000,0.000000
1784020250.656037,0,0.000000,3.000000,0.000000,0.000000,0.000000,0.000000,0.000000,0.000000,0.000000,0.000000
1784020250.681915,0,0.000000,3.000000,0.000000,0.000000,0.000000,0.000000,0.000000,0.000000,0.000000,0.000000
1784020250.728274,0,0.000000,3.000000,0.000000,0.000000,0.000000,0.000000,0.000000,0.000000,0.000000,0.000000
1784020250.728932,0,0.000000,3.000000,0.000000,0.000000,0.000000,0.000000,0.000000,0.000000,0.000000,0.000000
1784020250.776194,0,0.000000,3.000000,0.000000,0.000000,0.000000,0.000000,0.000000,0.000000,0.000000,0.000000
1784020250.823827,0,0.000000,3.000000,0.000000,0.000000,0.000000,0.000000,0.000000,0.000000,0.000000,0.000000
1784020250.824307,0,0.000000,3.000000,0.000000,0.000000,0.000000,0.000000,0.000000,0.000000,0.000000,0.000000
1784020250.824705,0,0.000000,3.000000,0.000000,0.000000,0.000000,0.000000,0.000000,0.000000,0.000000,0.000000
1784020250.825075,0,0.000000,3.000000,0.000000,0.000000,0.000000,0.000000,0.000000,0.000000,0.000000,0.000000
1784020250.872010,0,0.000000,3.000000,0.000000,0.000000,0.000000,0.000000,0.000000,0.000000,0.000000,0.000000
1784020250.872522,0,0.000000,3.000000,0.000000,0.000000,0.000000,0.000000,0.000000,0.000000,0.000000,0.000000
1784020250.872974,0,0.000000,3.000000,0.000000,0.000000,0.000000,0.000000,0.000000,0.000000,0.000000,0.000000
1784020250.897673,0,0.000000,3.000000,0.000000,0.000000,0.000000,0.000000,0.000000,0.000000,0.000000,0.000000
1784020250.943927,0,0.000000,3.000000,0.000000,0.000000,0.000000,0.000000,0.000000,0.000000,0.000000,0.000000
1784020250.944443,0,0.000000,3.000000,0.000000,0.000000,0.000000,0.000000,0.000000,0.000000,0.000000,0.000000
1784020250.991961,0,0.000000,3.000000,0.000000,0.000000,0.000000,0.000000,0.000000,0.000000,0.000000,0.000000
1784020251.040776,0,0.000000,3.000000,0.000000,0.000000,0.000000,0.000000,0.000000,0.000000,0.000000,0.000000
1784020251.041307,0,0.000000,3.000000,0.000000,0.000000,0.000000,0.000000,0.000000,0.000000,0.000000,0.000000
1784020251.041805,0,0.000000,3.000000,0.000000,0.000000,0.000000,0.000000,0.000000,0.000000,0.000000,0.000000
1784020251.067231,0,0.000000,3.000000,0.000000,0.000000,0.000000,0.000000,0.000000,0.000000,0.500000,0.000000
1784020251.092534,0,0.000000,3.000000,0.000000,0.000000,0.000000,0.000000,0.000000,0.000000,0.000000,0.100000
1784020251.093159,0,0.000000,3.000000,0.000000,0.000000,0.000000,0.000000,0.000000,0.000000,0.000000,0.000000
1784020251.094107,0,0.000000,3.000000,0.000000,0.000000,0.000000,0.000000,0.000000,0.000000,0.000000,0.000000
1784020251.143209,0,0.000000,3.000000,0.000000,0.000000,0.000000,0.000000,0.000000,0.000000,0.000000,0.000000
1784020251.143992,0,0.000000,3.000000,0.000000,0.000000,0.000000,0.000000,0.000000,0.000000,0.000000,0.000000
1784020251.197362,0,0.000000,3.000000,0.000000,0.000000,0.000000,0.000000,0.000000,0.000000,0.000000,0.000000
1784020251.245226,0,0.000000,3.000000,0.000000,0.000000,0.000000,0.000000,0.000000,0.000000,0.000000,0.000000
1784020251.245875,0,0.000000,0.000000,0.000000,0.000000,0.000000,0.000000,0.000000,0.000000,0.000000,0.000000
1784020251.246343,0,0.000000,0.000000,0.000000,0.000000,0.000000,0.000000,0.000000,0.000000,0.000000,0.000000
1784020251.246823,0,0.000000,0.000000,0.000000,0.000000,0.000000,0.000000,0.000000,0.000000,0.000000,0.000000
1784020251.325386,0,0.000000,0.000000,0.000000,0.000000,0.000000,0.000000,0.000000,0.000000,0.000000,0.000000
1784020251.350447,0,0.000000,0.000000,0.000000,0.000000,0.000000,0.000000,0.000000,0.000000,0.000000,0.000000
1784020251.350957,0,0.000000,0.000000,0.000000,0.000000,0.000000,0.000000,0.000000,0.000000,0.000000,0.000000
1784020251.406963,0,0.000000,0.000000,0.000000,0.000000,0.000000,0.000000,0.000000,0.000000,0.000000,0.000000
1784020251.455941,0,0.000000,0.000000,0.000000,0.000000,0.000000,0.000000,0.000000,0.000000,0.000000,0.000000
1784020251.456454,0,0.000000,0.000000,0.000000,0.000000,0.000000,0.000000,0.000000,0.000000,0.000000,0.000000
1784020251.456988,0,0.000000,0.000000,0.000000,0.000000,0.000000,0.000000,0.000000,0.000000,0.000000,0.000000
1784020251.457562,0,0.000000,0.000000,0.000000,0.000000,0.000000,0.000000,0.000000,0.000000,0.250000,0.000000
1784020251.504256,0,0.000000,0.000000,0.000000,0.000000,0.000000,0.000000,0.000000,0.000000,0.000000,0.100000
1784020251.552470,0,0.000000,0.000000,0.000000,0.000000,0.000000,0.000000,0.000000,0.000000,0.000000,0.000000
1784020251.552951,0,0.000000,0.000000,0.000000,0.000000,0.000000,0.000000,0.000000,0.000000,0.000000,0.000000
1784020251.553340,0,0.000000,0.000000,0.000000,0.000000,0.000000,0.000000,0.000000,0.000000,0.000000,0.000000
1784020251.624898,0,0.000000,0.000000,0.000000,0.000000,0.000000,0.000000,0.000000,0.000000,0.000000,0.000000
1784020251.672774,0,0.000000,0.000000,0.000000,0.000000,0.000000,0.000000,0.000000,0.000000,0.000000,0.000000
1784020251.673288,0,0.000000,0.000000,0.000000,0.000000,0.000000,0.000000,0.000000,0.000000,0.000000,0.000000
1784020251.673858,0,0.000000,0.000000,0.000000,0.000000,0.000000,0.000000,0.000000,0.000000,0.000000,0.000000
1784020251.729941,0,0.000000,0.000000,0.000000,0.000000,0.000000,0.000000,0.000000,0.000000,0.000000,0.000000
1784020251.777753,0,0.000000,0.000000,0.000000,0.000000,0.000000,0.000000,0.000000,0.000000,0.000000,0.000000
1784020251.778553,0,0.000000,0.000000,0.000000,0.000000,0.000000,0.000000,0.000000,0.000000,0.000000,0.000000
1784020251.779023,0,0.000000,0.000000,0.000000,0.000000,0.000000,0.000000,0.000000,0.000000,0.000000,0.000000
1784020251.826677,0,0.000000,0.000000,0.000000,0.000000,0.000000,0.000000,0.000000,0.000000,0.000000,0.000000
1784020251.827422,0,0.000000,0.000000,0.000000,0.000000,0.000000,0.000000,0.000000,0.000000,0.000000,0.000000
1784020251.827904,0,0.000000,0.000000,0.000000,0.000000,0.000000,0.000000,0.000000,0.000000,0.000000,0.000000
1784020251.828305,0,0.000000,0.000000,0.000000,0.000000,0.000000,0.000000,0.000000,0.000000,0.000000,0.000000
1784020251.875724,0,0.000000,0.000000,0.000000,0.000000,0.000000,0.000000,0.000000,0.000000,0.000000,0.000000
1784020251.876266,0,0.000000,0.000000,0.000000,0.000000,0.000000,0.000000,0.000000,0.000000,0.000000,0.000000
1784020251.876670,0,0.000000,0.000000,0.000000,0.000000,0.000000,0.000000,0.000000,0.000000,0.000000,0.000000
1784020251.877229,0,0.000000,0.000000,0.000000,0.000000,0.000000,0.000000,0.000000,0.000000,0.000000,0.100000
1784020251.877669,0,0.000000,0.000000,0.000000,0.000000,0.000000,0.000000,0.000000,0.000000,0.000000,0.000000
1784020251.925327,0,0.000000,0.000000,0.000000,0.000000,0.000000,0.000000,0.000000,0.000000,0.000000,0.000000
1784020251.971533,0,0.000000,0.000000,0.000000,0.000000,0.000000,0.000000,0.000000,0.000000,0.000000,0.000000
1784020251.972250,0,0.000000,0.000000,0.000000,0.000000,0.000000,0.000000,0.000000,0.000000,0.000000,0.000000
1784020251.972700,0,0.000000,0.000000,0.000000,0.000000,0.000000,0.000000,0.000000,0.000000,0.000000,0.000000
1784020251.973112,0,0.000000,0.000000,0.000000,0.000000,0.000000,0.000000,0.000000,0.000000,0.000000,0.000000
1784020252.019778,0,0.000000,0.000000,0.000000,0.000000,0.000000,0.000000,0.000000,0.000000,0.000000,0.000000
1784020252.020298,0,0.000000,0.000000,0.000000,0.000000,0.000000,0.000000,0.000000,0.000000,0.000000,0.000000
1784020252.021058,0,0.000000,0.000000,0.000000,0.000000,0.000000,0.000000,0.000000,0.000000,0.000000,0.000000
1784020252.046999,0,0.000000,0.000000,0.000000,0.000000,0.000000,0.000000,0.000000,0.000000,0.000000,0.000000
1784020252.094753,0,0.000000,0.000000,0.000000,0.000000,0.000000,0.000000,0.000000,0.000000,0.000000,0.000000
1784020252.122043,0,0.000000,0.000000,0.000000,0.000000,0.000000,0.000000,0.000000,0.000000,0.000000,0.000000
1784020252.149870,0,0.000000,0.000000,0.000000,0.000000,0.000000,0.000000,0.000000,0.000000,0.000000,0.000000
1784020252.176316,0,0.000000,0.000000,0.000000,0.000000,0.000000,0.000000,0.000000,0.000000,0.000000,0.000000
1784020252.202021,0,0.000000,0.000000,0.000000,0.000000,0.000000,0.000000,0.000000,0.000000,0.250000,0.000000
1784020252.202626,0,0.000000,0.000000,0.000000,0.000000,0.000000,0.000000,0.000000,0.000000,0.000000,0.000000
1784020252.250619,0,0.000000,0.000000,0.000000,0.000000,0.000000,0.000000,0.000000,0.000000,0.000000,0.000000
1784020252.299565,0,0.000000,0.000000,0.000000,0.000000,0.000000,0.000000,0.000000,0.000000,0.000000,0.000000
1784020252.300183,0,0.000000,0.000000,0.000000,0.000000,0.000000,0.000000,0.000000,0.000000,0.000000,0.100000
1784020252.346576,0,0.000000,0.000000,0.000000,0.000000,0.000000,0.000000,0.000000,0.000000,0.000000,0.000000
1784020252.394632,0,0.000000,0.000000,0.000000,0.000000,0.000000,0.000000,0.000000,0.000000,0.000000,0.000000
1784020252.395159,0,0.000000,0.000000,0.000000,0.000000,0.000000,0.000000,0.000000,0.000000,0.000000,0.000000
1784020252.395557,0,0.000000,0.000000,0.000000,0.000000,0.000000,0.000000,0.000000,0.000000,0.000000,0.000000
1784020252.395951,0,0.000000,0.000000,0.000000,0.000000,0.000000,0.000000,0.000000,0.000000,0.000000,0.000000
1784020252.422495,0,0.000000,0.000000,0.000000,0.000000,0.000000,0.000000,0.000000,0.000000,0.000000,0.000000
1784020252.470620,0,0.000000,0.000000,0.000000,0.000000,0.000000,0.000000,0.000000,0.000000,0.000000,0.000000
1784020252.519025,0,0.000000,0.000000,0.000000,0.000000,0.000000,0.000000,0.000000,0.000000,0.000000,0.000000
1784020252.519562,0,0.000000,0.000000,0.000000,0.000000,0.000000,0.000000,0.000000,0.000000,0.000000,0.000000
1784020252.519986,0,0.000000,0.000000,0.000000,0.000000,0.000000,0.000000,0.000000,0.000000,0.000000,0.000000
1784020252.520394,0,0.000000,0.000000,0.000000,0.000000,0.000000,0.000000,0.000000,0.000000,0.000000,0.000000
1784020252.567620,0,0.000000,0.000000,0.000000,0.000000,0.000000,0.000000,0.000000,0.000000,0.000000,0.000000
1784020252.568406,0,0.000000,0.000000,0.000000,0.000000,0.000000,0.000000,0.000000,0.000000,0.000000,0.000000
1784020252.568823,0,0.000000,0.000000,0.000000,0.000000,0.000000,0.000000,0.000000,0.000000,0.000000,0.000000
1784020252.569206,0,0.000000,0.000000,0.000000,0.000000,0.000000,0.000000,0.000000,0.000000,0.000000,0.000000
1784020252.616521,0,0.000000,0.000000,0.000000,0.000000,0.000000,0.000000,0.000000,0.000000,0.000000,0.000000
1784020252.617050,0,0.000000,0.000000,0.000000,0.000000,0.000000,0.000000,0.000000,0.000000,0.000000,0.000000
1784020252.664169,0,0.000000,0.000000,0.000000,0.000000,0.000000,0.000000,0.000000,0.000000,0.000000,0.000000
1784020252.664779,0,0.000000,0.000000,0.000000,0.000000,0.000000,0.000000,0.000000,0.000000,0.000000,0.000000
1784020252.665229,0,0.000000,0.000000,0.000000,0.000000,0.000000,0.000000,0.000000,0.000000,0.000000,0.000000
1784020252.665954,0,0.000000,0.000000,0.000000,0.000000,0.000000,0.000000,0.000000,0.000000,0.000000,0.000000
1784020252.713233,0,0.000000,0.000000,0.000000,0.000000,0.000000,0.000000,0.000000,0.000000,0.000000,0.000000
1784020252.760172,0,0.000000,0.000000,0.000000,0.000000,0.000000,0.000000,0.000000,0.000000,0.000000,0.000000
1784020252.760955,0,0.000000,0.000000,0.000000,0.000000,0.000000,0.000000,0.000000,0.000000,0.000000,0.000000
1784020252.761434,0,0.000000,0.000000,0.000000,0.000000,0.000000,0.000000,0.000000,0.000000,0.000000,0.000000
1784020252.809844,0,0.000000,0.000000,0.000000,0.000000,0.000000,0.000000,0.000000,0.000000,0.000000,0.000000
1784020252.810590,0,0.000000,0.000000,0.000000,0.000000,0.000000,0.000000,0.000000,0.000000,0.000000,0.000000
1784020252.858296,0,0.000000,0.000000,0.000000,0.000000,0.000000,0.000000,0.000000,0.000000,0.000000,0.000000
1784020252.858852,0,0.000000,0.000000,0.000000,0.000000,0.000000,0.000000,0.000000,0.000000,0.000000,0.000000
1784020252.859462,0,0.000000,0.000000,0.000000,0.000000,0.000000,0.000000,0.000000,0.000000,0.000000,0.000000
1784020252.907587,0,0.000000,0.000000,0.000000,0.000000,0.000000,0.000000,0.000000,0.000000,0.000000,0.000000
1784020252.955182,0,0.000000,0.000000,0.000000,0.000000,0.000000,0.000000,0.000000,0.000000,0.000000,0.000000
1784020252.955722,0,0.000000,0.000000,0.000000,0.000000,0.000000,0.000000,0.000000,0.000000,0.000000,0.000000
1784020252.956359,0,0.000000,0.000000,0.000000,0.000000,0.000000,0.000000,0.000000,0.000000,0.000000,0.000000
1784020252.956773,0,0.000000,0.000000,0.000000,0.000000,0.000000,0.000000,0.000000,0.000000,0.000000,0.000000
1784020253.025330,0,0.000000,0.000000,0.000000,0.000000,0.000000,0.000000,0.000000,0.000000,0.000000,0.000000
1784020253.026095,0,0.000000,0.000000,0.000000,0.000000,0.000000,0.000000,0.000000,0.000000,0.000000,0.100000
1784020253.053232,0,0.000000,0.000000,0.000000,0.000000,0.000000,0.000000,0.000000,0.000000,0.000000,0.000000
1784020253.080437,0,0.000000,0.000000,0.000000,0.000000,0.000000,0.000000,0.000000,0.000000,0.000000,0.000000
1784020253.080946,0,0.000000,0.000000,0.000000,0.000000,0.000000,0.000000,0.000000,0.000000,0.000000,0.000000
1784020253.081425,0,0.000000,0.000000,0.000000,0.000000,0.000000,0.000000,0.000000,0.000000,0.000000,0.000000
1784020253.081879,0,0.000000,0.000000,0.000000,0.000000,0.000000,0.000000,0.000000,0.000000,0.000000,0.000000
1784020253.139600,0,0.000000,0.000000,0.000000,0.000000,0.000000,0.000000,0.000000,0.000000,0.250000,0.000000
1784020253.188601,0,0.000000,0.000000,0.000000,0.000000,0.000000,0.000000,0.000000,0.000000,0.000000,0.000000
1784020253.189289,0,0.000000,0.000000,0.000000,0.000000,0.000000,0.000000,0.000000,0.000000,0.000000,0.000000
1784020253.189736,0,0.000000,3.000000,0.000000,0.000000,0.000000,0.000000,0.000000,0.000000,0.000000,0.000000
1784020253.237787,0,0.000000,3.000000,0.000000,0.000000,0.000000,0.000000,0.000000,0.000000,0.000000,0.000000
1784020253.263976,0,0.000000,3.000000,0.000000,0.000000,0.000000,0.000000,0.000000,0.000000,0.000000,0.000000
1784020253.291047,0,0.000000,3.000000,0.000000,0.000000,0.000000,0.000000,0.000000,0.000000,0.000000,0.000000
1784020253.340111,0,0.000000,3.000000,0.000000,0.000000,0.000000,0.000000,0.000000,0.000000,0.000000,0.000000
1784020253.340618,0,0.000000,3.000000,0.000000,0.000000,0.000000,0.000000,0.000000,0.000000,0.000000,0.000000
1784020253.390746,0,0.000000,3.000000,0.000000,0.000000,0.000000,0.000000,0.000000,0.000000,0.000000,0.000000
1784020253.391335,0,0.000000,3.000000,0.000000,0.000000,0.000000,0.000000,0.000000,0.000000,0.000000,0.000000
1784020253.454591,0,0.000000,3.000000,0.000000,0.000000,0.000000,0.000000,0.000000,0.000000,0.000000,0.000000
1784020253.503500,0,0.000000,3.000000,0.000000,0.000000,0.000000,0.000000,0.000000,0.000000,0.000000,0.000000
1784020253.567801,0,0.000000,3.000000,0.000000,0.000000,0.000000,0.000000,0.000000,0.000000,0.000000,0.000000
1784020253.617293,0,0.000000,3.000000,0.000000,0.000000,0.000000,0.000000,0.000000,0.000000,0.250000,0.000000
1784020253.617806,0,0.000000,3.000000,0.000000,0.000000,0.000000,0.000000,0.000000,0.000000,0.000000,0.000000
1784020253.618197,0,0.000000,3.000000,0.000000,0.000000,0.000000,0.000000,0.000000,0.000000,0.000000,0.000000
1784020253.618564,0,0.000000,3.000000,0.000000,0.000000,0.000000,0.000000,0.000000,0.000000,0.000000,0.000000
1784020253.619188,0,0.000000,3.000000,0.000000,0.000000,0.000000,0.000000,0.000000,0.000000,0.000000,0.000000
1784020253.669482,0,0.000000,3.000000,0.000000,0.000000,0.000000,0.000000,0.000000,0.000000,0.000000,0.000000
1784020253.670066,0,0.000000,3.000000,0.000000,0.000000,0.000000,0.000000,0.000000,0.000000,0.000000,0.000000
1784020253.670722,0,0.000000,3.000000,0.000000,0.000000,0.000000,0.000000,0.000000,0.000000,0.000000,0.300000
1784020253.671188,0,0.000000,3.000000,0.000000,0.000000,0.000000,0.000000,0.000000,0.000000,0.000000,0.000000
1784020253.719212,0,0.000000,3.000000,0.000000,0.000000,0.000000,0.000000,0.000000,0.000000,0.000000,0.000000
1784020253.768393,0,0.000000,3.000000,0.000000,0.000000,0.000000,0.000000,0.000000,0.000000,0.000000,0.100000
1784020253.768921,0,0.000000,3.000000,0.000000,0.000000,0.000000,0.000000,0.000000,0.000000,0.000000,0.000000
1784020253.818439,0,0.000000,3.000000,0.000000,0.000000,0.000000,0.000000,0.000000,0.000000,0.000000,0.000000
1784020253.818960,0,0.000000,3.000000,0.000000,0.000000,0.000000,0.000000,0.000000,0.000000,0.000000,0.000000
1784020253.819546,0,0.000000,3.000000,0.000000,0.000000,0.000000,0.000000,0.000000,0.000000,0.000000,0.000000
1784020253.819969,0,0.000000,3.000000,0.000000,0.000000,0.000000,0.000000,0.000000,0.000000,0.250000,0.000000
1784020253.847792,0,0.000000,3.000000,0.000000,0.000000,0.000000,0.000000,0.000000,0.000000,0.250000,0.000000
1784020253.896414,0,0.000000,3.000000,0.000000,0.000000,0.000000,0.000000,0.000000,0.000000,0.000000,0.000000
1784020253.896917,0,0.000000,3.000000,0.000000,0.000000,0.000000,0.000000,0.000000,0.000000,0.000000,0.000000
1784020253.897297,0,0.000000,3.000000,0.000000,0.000000,0.000000,0.000000,0.000000,0.000000,0.000000,0.000000
1784020253.897664,0,0.000000,3.000000,0.000000,0.000000,0.000000,0.000000,0.000000,0.000000,0.250000,0.000000
1784020253.946771,0,0.000000,3.000000,0.000000,0.000000,0.000000,0.000000,0.000000,0.000000,0.000000,0.000000
1784020253.947614,0,0.000000,3.000000,0.000000,0.000000,0.000000,0.000000,0.000000,0.000000,0.000000,0.000000
1784020253.948617,0,0.000000,3.000000,0.000000,0.000000,0.000000,0.000000,0.000000,0.000000,0.000000,0.100000
1784020253.949233,0,0.000000,3.000000,0.000000,0.000000,0.000000,0.000000,0.000000,0.000000,0.000000,0.000000
1784020253.997615,0,0.000000,3.000000,0.000000,0.000000,0.000000,0.000000,0.000000,0.000000,0.000000,0.000000
1784020253.998113,0,0.000000,3.000000,0.000000,0.000000,0.000000,0.000000,0.000000,0.000000,0.000000,0.000000
1784020254.072490,0,0.000000,3.000000,0.000000,0.000000,0.000000,0.000000,0.000000,0.000000,0.000000,0.000000
1784020254.136992,0,0.000000,3.000000,0.000000,0.000000,0.000000,0.000000,0.000000,0.000000,0.000000,0.000000
1784020254.137697,0,0.000000,3.000000,0.000000,0.000000,0.000000,0.000000,0.000000,0.000000,0.000000,0.000000
1784020254.163533,0,0.000000,3.000000,0.000000,0.000000,0.000000,0.000000,0.000000,0.000000,0.000000,0.000000
1784020254.189970,0,0.000000,3.000000,0.000000,0.000000,0.000000,0.000000,0.000000,0.000000,0.000000,0.000000
1784020254.190533,0,0.000000,3.000000,0.000000,0.000000,0.000000,0.000000,0.000000,0.000000,0.000000,0.000000
1784020254.190947,0,0.000000,3.000000,0.000000,0.000000,0.000000,0.000000,0.000000,0.000000,0.000000,0.000000
1784020254.264823,0,0.000000,3.000000,0.000000,0.000000,0.000000,0.000000,0.000000,0.000000,0.000000,0.000000
1784020254.316719,0,0.000000,3.000000,0.000000,0.000000,0.000000,0.000000,0.000000,0.000000,0.000000,0.100000
1784020254.343798,0,0.000000,3.000000,0.000000,0.000000,0.000000,0.000000,0.000000,0.000000,0.000000,0.000000
1784020254.344380,0,0.000000,3.000000,0.000000,0.000000,0.000000,0.000000,0.000000,0.000000,0.000000,0.000000
1784020254.415585,0,0.000000,3.000000,0.000000,0.000000,0.000000,0.000000,0.000000,0.000000,0.000000,0.000000
1784020254.442001,0,0.000000,3.000000,0.000000,0.000000,0.000000,0.000000,0.000000,0.000000,0.000000,0.000000
1784020254.492213,0,0.000000,3.000000,0.000000,0.000000,0.000000,0.000000,0.000000,0.000000,0.000000,0.000000
1784020254.553954,0,0.000000,3.000000,0.000000,0.000000,0.000000,0.000000,0.000000,0.000000,0.000000,0.000000
1784020254.714629,0,0.000000,3.000000,0.000000,0.000000,0.000000,0.000000,0.000000,0.000000,0.000000,0.000000
1784020254.741112,0,0.000000,3.000000,0.000000,0.000000,0.000000,0.000000,0.000000,0.000000,0.000000,0.000000
1784020254.769956,0,0.000000,3.000000,0.000000,0.000000,0.000000,0.000000,0.000000,0.000000,0.000000,0.000000
1784020254.797823,0,0.000000,3.000000,0.000000,0.000000,0.000000,0.000000,0.000000,0.000000,0.000000,0.000000
1784020254.798341,0,0.000000,3.000000,0.000000,0.000000,0.000000,0.000000,0.000000,0.000000,0.000000,0.000000
1784020254.849908,0,0.000000,3.000000,0.000000,0.000000,0.000000,0.000000,0.000000,0.000000,0.000000,0.000000
1784020254.926088,0,0.000000,3.000000,0.000000,0.000000,0.000000,0.000000,0.000000,0.000000,0.000000,0.000000
1784020254.988437,0,0.000000,3.000000,0.000000,0.000000,0.000000,0.000000,0.000000,0.000000,0.000000,0.000000
1784020255.128184,0,0.000000,3.000000,0.000000,0.000000,0.000000,0.000000,0.000000,0.000000,0.000000,0.000000
1784020255.299760,0,0.000000,3.000000,0.000000,0.000000,0.000000,0.000000,0.000000,0.000000,0.000000,0.000000
1784020255.458811,0,0.000000,3.000000,0.000000,0.000000,0.000000,0.000000,0.000000,0.000000,0.000000,0.000000
1784020255.459429,0,0.000000,3.000000,0.000000,0.000000,0.000000,0.000000,0.000000,0.000000,0.000000,0.000000
1784020255.513462,0,0.000000,3.000000,0.000000,0.000000,0.000000,0.000000,0.000000,0.000000,0.000000,0.100000
1784020255.514047,0,0.000000,0.000000,0.000000,0.000000,0.000000,0.000000,0.000000,0.000000,0.000000,0.000000
1784020255.514493,0,0.000000,0.000000,0.000000,0.000000,0.000000,0.000000,0.000000,0.000000,0.000000,0.000000
1784020255.514913,0,0.000000,0.000000,0.000000,0.000000,0.000000,0.000000,0.000000,0.000000,0.000000,0.000000
1784020255.629556,0,0.000000,0.000000,0.000000,0.000000,0.000000,0.000000,0.000000,0.000000,0.000000,0.100000
1784020255.713415,0,0.000000,0.000000,0.000000,0.000000,0.000000,0.000000,0.000000,0.000000,0.000000,0.000000
1784020255.713975,0,0.000000,0.000000,0.000000,0.000000,0.000000,0.000000,0.000000,0.000000,0.000000,0.000000
1784020255.770200,0,0.000000,0.000000,0.000000,0.000000,0.000000,0.000000,0.000000,0.000000,0.000000,0.000000
1784020255.831343,0,0.000000,0.000000,0.000000,0.000000,0.000000,0.000000,0.000000,0.000000,0.000000,0.000000
1784020255.831906,0,0.000000,0.000000,0.000000,0.000000,0.000000,0.000000,0.000000,0.000000,0.000000,0.000000
1784020255.890491,0,0.000000,0.000000,0.000000,0.000000,0.000000,0.000000,0.000000,0.000000,0.000000,0.000000
1784020255.890972,0,0.000000,0.000000,0.000000,0.000000,0.000000,0.000000,0.000000,0.000000,0.000000,0.000000
1784020255.891393,0,0.000000,0.000000,0.000000,0.000000,0.000000,0.000000,0.000000,0.000000,0.000000,0.000000
1784020255.951447,0,0.000000,0.000000,0.000000,0.000000,0.000000,0.000000,0.000000,0.000000,0.000000,0.000000
1784020255.951972,0,0.000000,0.000000,0.000000,0.000000,0.000000,0.000000,0.000000,0.000000,0.000000,0.000000
1784020256.068471,0,0.000000,0.000000,0.000000,0.000000,0.000000,0.000000,0.000000,0.000000,0.000000,0.000000
1784020256.162125,0,0.000000,0.000000,0.000000,0.000000,0.000000,0.000000,0.000000,0.000000,0.000000,0.000000
1784020256.253934,0,0.000000,0.000000,0.000000,0.000000,0.000000,0.000000,0.000000,0.000000,0.000000,0.000000
1784020256.364484,0,0.000000,0.000000,0.000000,0.000000,0.000000,0.000000,0.000000,0.000000,0.000000,0.000000
1784020256.515018,0,0.000000,0.000000,0.000000,0.000000,0.000000,0.000000,0.000000,0.000000,0.000000,0.000000
1784020256.573053,0,0.000000,0.000000,0.000000,0.000000,0.000000,0.000000,0.000000,0.000000,0.250000,0.000000
1784020256.573904,0,0.000000,0.000000,0.000000,0.000000,0.000000,0.000000,0.000000,0.000000,0.000000,0.000000
1784020256.575512,0,0.000000,0.000000,0.000000,0.000000,0.000000,0.000000,0.000000,0.000000,0.250000,0.000000
1784020256.576185,0,0.000000,0.000000,0.000000,0.000000,0.000000,0.000000,0.000000,0.000000,0.000000,0.000000
1784020256.780618,0,0.000000,0.000000,0.000000,0.000000,0.000000,0.000000,0.000000,0.000000,0.000000,0.000000
1784020256.781272,0,0.000000,0.000000,0.000000,0.000000,0.000000,0.000000,0.000000,0.000000,0.000000,0.000000
1784020256.844852,0,0.000000,0.000000,0.000000,0.000000,0.000000,0.000000,0.000000,0.000000,0.000000,0.000000
1784020256.931460,0,0.000000,0.000000,0.000000,0.000000,0.000000,0.000000,0.000000,0.000000,0.000000,0.000000
1784020256.932084,0,0.000000,0.000000,0.000000,0.000000,0.000000,0.000000,0.000000,0.000000,0.000000,0.000000
1784020257.085325,0,0.000000,0.000000,0.000000,0.000000,0.000000,0.000000,0.000000,0.000000,0.000000,0.200000
1784020257.142834,0,0.000000,0.000000,0.000000,0.000000,0.000000,0.000000,0.000000,0.000000,0.000000,0.000000
1784020257.314999,0,0.000000,0.000000,0.000000,0.000000,0.000000,0.000000,0.000000,0.000000,0.000000,0.100000
1784020257.315525,0,0.000000,0.000000,0.000000,0.000000,0.000000,0.000000,0.000000,0.000000,0.000000,0.000000
1784020257.370626,0,0.000000,0.000000,0.000000,0.000000,0.000000,0.000000,0.000000,0.000000,0.000000,0.000000
1784020257.467927,0,0.000000,3.000000,0.000000,0.000000,0.000000,0.000000,0.000000,0.000000,0.000000,0.000000
1784020257.603430,0,0.000000,3.000000,0.000000,0.000000,0.000000,0.000000,0.000000,0.000000,0.000000,0.000000
1784020257.700373,0,0.000000,3.000000,0.000000,0.000000,0.000000,0.000000,0.000000,0.000000,0.000000,0.000000
1784020257.757360,0,0.000000,3.000000,0.000000,0.000000,0.000000,0.000000,0.000000,0.000000,0.000000,0.000000
1784020257.815536,0,0.000000,3.000000,0.000000,0.000000,0.000000,0.000000,0.000000,0.000000,0.000000,0.000000
1784020257.911894,0,0.000000,3.000000,0.000000,0.000000,0.000000,0.000000,0.000000,0.000000,0.000000,0.000000
1784020257.967066,0,0.000000,3.000000,0.000000,0.000000,0.000000,0.000000,0.000000,0.000000,0.000000,0.000000
1784020257.968100,0,0.000000,3.000000,0.000000,0.000000,0.000000,0.000000,0.000000,0.000000,0.000000,0.000000
1784020258.194787,0,0.000000,3.000000,0.000000,0.000000,0.000000,0.000000,0.000000,0.000000,0.000000,0.000000
1784020258.262605,0,0.000000,3.000000,0.000000,0.000000,0.000000,0.000000,0.000000,0.000000,0.000000,0.000000
1784020258.456880,0,0.000000,3.000000,0.000000,0.000000,0.000000,0.000000,0.000000,0.000000,0.000000,0.000000
1784020258.504134,0,0.000000,3.000000,0.000000,0.000000,0.000000,0.000000,0.000000,0.000000,0.000000,0.000000
1784020258.504921,0,0.000000,3.000000,0.000000,0.000000,0.000000,0.000000,0.000000,0.000000,0.000000,0.100000
1784020258.554017,0,0.000000,3.000000,0.000000,0.000000,0.000000,0.000000,0.000000,0.000000,0.000000,0.000000
1784020258.554878,0,0.000000,3.000000,0.000000,0.000000,0.000000,0.000000,0.000000,0.000000,0.000000,0.200000
1784020258.646555,0,0.000000,3.000000,0.000000,0.000000,0.000000,0.000000,0.000000,0.000000,0.000000,0.000000
1784020258.674539,0,0.000000,3.000000,0.000000,0.000000,0.000000,0.000000,0.000000,0.000000,0.000000,0.000000
1784020258.743494,0,0.000000,3.000000,0.000000,0.000000,0.000000,0.000000,0.000000,0.000000,0.000000,0.000000
1784020258.788977,0,0.000000,3.000000,0.000000,0.000000,0.000000,0.000000,0.000000,0.000000,0.000000,0.000000
1784020258.935377,0,0.000000,3.000000,0.000000,0.000000,0.000000,0.000000,0.000000,0.000000,0.000000,0.000000
1784020258.982247,0,0.000000,3.000000,0.000000,0.000000,0.000000,0.000000,0.000000,0.000000,0.000000,0.000000
1784020258.982787,0,0.000000,3.000000,0.000000,0.000000,0.000000,0.000000,0.000000,0.000000,0.000000,0.000000
1784020259.065327,0,0.000000,3.000000,0.000000,0.000000,0.000000,0.000000,0.000000,0.000000,0.000000,0.000000
1784020259.128586,0,0.000000,3.000000,0.000000,0.000000,0.000000,0.000000,0.000000,0.000000,0.000000,0.000000
1784020259.216159,0,0.000000,3.000000,0.000000,0.000000,0.000000,0.000000,0.000000,0.000000,0.000000,0.000000
1784020259.342671,0,0.000000,3.000000,0.000000,0.000000,0.000000,0.000000,0.000000,0.000000,0.000000,0.000000
1784020259.371656,0,0.000000,3.000000,0.000000,0.000000,0.000000,0.000000,0.000000,0.000000,0.000000,0.000000
1784020260.025572,0,0.000000,3.000000,0.000000,0.000000,0.000000,0.000000,0.000000,0.000000,0.250000,0.000000
1784020260.075318,0,0.000000,0.000000,0.000000,0.000000,0.000000,0.000000,0.000000,0.000000,0.000000,0.000000
1784020260.076906,0,0.000000,0.000000,0.000000,0.000000,0.000000,0.000000,0.000000,0.000000,0.000000,0.000000
1784020260.160894,0,0.000000,0.000000,0.000000,0.000000,0.000000,0.000000,0.000000,0.000000,0.000000,0.000000
1784020260.209181,0,0.000000,0.000000,0.000000,0.000000,0.000000,0.000000,0.000000,0.000000,0.000000,0.000000
1784020260.209701,0,0.000000,0.000000,0.000000,0.000000,0.000000,0.000000,0.000000,0.000000,0.000000,0.000000
1784020260.210082,0,0.000000,0.000000,0.000000,0.000000,0.000000,0.000000,0.000000,0.000000,0.000000,0.000000
1784020260.210481,0,0.000000,0.000000,0.000000,0.000000,0.000000,0.000000,0.000000,0.000000,0.250000,0.000000
1784020260.812709,0,0.000000,0.000000,0.000000,0.000000,0.000000,0.000000,0.000000,0.000000,0.250000,0.000000
1784020260.863991,0,0.000000,0.000000,0.000000,0.000000,0.000000,0.000000,0.000000,0.000000,0.000000,0.000000
1784020260.864734,0,0.000000,0.000000,0.000000,0.000000,0.000000,0.000000,0.000000,0.000000,0.000000,0.000000
1784020260.924731,0,0.000000,0.000000,0.000000,0.000000,0.000000,0.000000,0.000000,0.000000,0.000000,0.000000
1784020260.974309,0,0.000000,0.000000,0.000000,0.000000,0.000000,0.000000,0.000000,0.000000,0.000000,0.000000
1784020261.132851,0,0.000000,0.000000,0.000000,0.000000,0.000000,0.000000,0.000000,0.000000,0.000000,0.100000
1784020261.159435,0,0.000000,0.000000,0.000000,0.000000,0.000000,0.000000,0.000000,0.000000,0.000000,0.200000
1784020261.325521,0,0.000000,0.000000,0.000000,0.000000,0.000000,0.000000,0.000000,0.000000,0.000000,0.000000
1784020261.326069,0,0.000000,0.000000,0.000000,0.000000,0.000000,0.000000,0.000000,0.000000,0.000000,0.000000
1784020261.412581,0,0.000000,0.000000,0.000000,0.000000,0.000000,0.000000,0.000000,0.000000,0.000000,0.000000
1784020261.480243,0,0.000000,3.000000,0.000000,0.000000,0.000000,0.000000,0.000000,0.000000,0.000000,0.000000
1784020261.552217,0,0.000000,3.000000,0.000000,0.000000,0.000000,0.000000,0.000000,0.000000,0.000000,0.200000
1784020261.785181,0,0.000000,3.000000,0.000000,0.000000,0.000000,0.000000,0.000000,0.000000,0.000000,0.000000
1784020262.220536,0,0.000000,3.000000,0.000000,0.000000,0.000000,0.000000,0.000000,0.000000,0.000000,0.000000
1784020262.868035,0,0.000000,3.000000,0.000000,0.000000,0.000000,0.000000,0.000000,0.000000,0.000000,0.000000
1784020262.957633,0,0.000000,3.000000,0.000000,0.000000,0.000000,0.000000,0.000000,0.000000,0.000000,0.000000
1784020262.958354,0,0.000000,3.000000,0.000000,0.000000,0.000000,0.000000,0.000000,0.000000,0.000000,0.000000
1784020263.521628,0,0.000000,3.000000,0.000000,0.000000,0.000000,0.000000,0.000000,0.000000,0.000000,0.000000
1784020263.591338,0,0.000000,3.000000,0.000000,0.000000,0.000000,0.000000,0.000000,0.000000,0.000000,0.000000
1784020263.980972,0,0.000000,3.000000,0.000000,0.000000,0.000000,0.000000,0.000000,0.000000,0.000000,0.000000
1784020263.982130,0,0.000000,3.000000,0.000000,0.000000,0.000000,0.000000,0.000000,0.000000,0.000000,0.000000
1784020264.055748,0,0.000000,3.000000,0.000000,0.000000,0.000000,0.000000,0.000000,0.000000,0.000000,0.000000
1784020264.195524,0,0.000000,0.000000,0.000000,0.000000,0.000000,0.000000,0.000000,0.000000,0.000000,0.000000
1784020264.230658,0,0.000000,0.000000,0.000000,0.000000,0.000000,0.000000,0.000000,0.000000,0.250000,0.000000
1784020264.268490,0,0.000000,0.000000,0.000000,0.000000,0.000000,0.000000,0.000000,0.000000,0.000000,0.000000
1784020264.339415,0,0.000000,0.000000,0.000000,0.000000,0.000000,0.000000,0.000000,0.000000,0.000000,0.000000
1784020264.340029,0,0.000000,0.000000,0.000000,0.000000,0.000000,0.000000,0.000000,0.000000,0.000000,0.000000
1784020264.422785,0,0.000000,0.000000,0.000000,0.000000,0.000000,0.000000,0.000000,0.000000,0.000000,0.000000
1784020264.423294,0,0.000000,0.000000,0.000000,0.000000,0.000000,0.000000,0.000000,0.000000,0.000000,0.000000
1784020264.424219,0,0.000000,0.000000,0.000000,0.000000,0.000000,0.000000,0.000000,0.000000,0.000000,0.000000
1784020264.424656,0,0.000000,0.000000,0.000000,0.000000,0.000000,0.000000,0.000000,0.000000,0.000000,0.000000
1784020264.425042,0,0.000000,0.000000,0.000000,0.000000,0.000000,0.000000,0.000000,0.000000,0.250000,0.000000
1784020264.492605,0,0.000000,0.000000,0.000000,0.000000,0.000000,0.000000,0.000000,0.000000,0.000000,0.000000
1784020264.493126,0,0.000000,0.000000,0.000000,0.000000,0.000000,0.000000,0.000000,0.000000,0.000000,0.000000
1784020264.577672,0,0.000000,0.000000,0.000000,0.000000,0.000000,0.000000,0.000000,0.000000,0.000000,0.000000
1784020264.646573,0,0.000000,0.000000,0.000000,0.000000,0.000000,0.000000,0.000000,0.000000,0.000000,0.000000
1784020264.647101,0,0.000000,0.000000,0.000000,0.000000,0.000000,0.000000,0.000000,0.000000,0.000000,0.000000
1784020264.647480,0,0.000000,0.000000,0.000000,0.000000,0.000000,0.000000,0.000000,0.000000,0.000000,0.000000
1784020264.742987,0,0.000000,0.000000,0.000000,0.000000,0.000000,0.000000,0.000000,0.000000,0.000000,0.000000
1784020264.807290,0,0.000000,0.000000,0.000000,0.000000,0.000000,0.000000,0.000000,0.000000,0.000000,0.000000
1784020264.901195,0,0.000000,0.000000,0.000000,0.000000,0.000000,0.000000,0.000000,0.000000,0.250000,0.000000
1784020265.051472,0,0.000000,0.000000,0.000000,0.000000,0.000000,0.000000,0.000000,0.000000,0.000000,0.000000
1784020265.156305,0,0.000000,0.000000,0.000000,0.000000,0.000000,0.000000,0.000000,0.000000,0.000000,0.000000
1784020265.537208,0,0.000000,0.000000,0.000000,0.000000,0.000000,0.000000,0.000000,0.000000,0.000000,0.000000
1784020265.724877,0,0.000000,0.000000,0.000000,0.000000,0.000000,0.000000,0.000000,0.000000,0.000000,0.100000
1784020265.837358,0,0.000000,0.000000,0.000000,0.000000,0.000000,0.000000,0.000000,0.000000,0.000000,0.000000
1784020265.941838,0,0.000000,0.000000,0.000000,0.000000,0.000000,0.000000,0.000000,0.000000,0.000000,0.000000
1784020266.061281,0,0.000000,3.000000,0.000000,0.000000,0.000000,0.000000,0.000000,0.000000,0.000000,0.000000
1784020266.091396,0,0.000000,3.000000,0.000000,0.000000,0.000000,0.000000,0.000000,0.000000,0.000000,0.000000
1784020266.189988,0,0.000000,3.000000,0.000000,0.000000,0.000000,0.000000,0.000000,0.000000,0.000000,0.000000
1784020266.190821,0,0.000000,3.000000,0.000000,0.000000,0.000000,0.000000,0.000000,0.000000,0.000000,0.000000
1784020266.245188,0,0.000000,3.000000,0.000000,0.000000,0.000000,0.000000,0.000000,0.000000,0.000000,0.000000
1784020266.317349,0,0.000000,3.000000,0.000000,0.000000,0.000000,0.000000,0.000000,0.000000,0.500000,0.000000
1784020266.415232,0,0.000000,3.000000,0.000000,0.000000,0.000000,0.000000,0.000000,0.000000,0.000000,0.000000
1784020266.581926,0,0.000000,3.000000,0.000000,0.000000,0.000000,0.000000,0.000000,0.000000,0.000000,0.000000
1784020266.595568,0,0.000000,3.000000,0.000000,0.000000,0.000000,0.000000,0.000000,0.000000,0.000000,0.100000
1784020266.603067,0,0.000000,3.000000,0.000000,0.000000,0.000000,0.000000,0.000000,0.000000,0.000000,0.000000
1784020266.618199,0,0.000000,3.000000,0.000000,0.000000,0.000000,0.000000,0.000000,0.000000,0.000000,0.000000
1784020266.637094,0,0.000000,3.000000,0.000000,0.000000,0.000000,0.000000,0.000000,0.000000,0.500000,0.100000
1784020266.637602,0,0.000000,3.000000,0.000000,0.000000,0.000000,0.000000,0.000000,0.000000,0.000000,0.000000
1784020266.662904,0,0.000000,3.000000,0.000000,0.000000,0.000000,0.000000,0.000000,0.000000,0.000000,0.000000
1784020266.700724,0,0.000000,3.000000,0.000000,0.000000,0.000000,0.000000,0.000000,0.000000,0.250000,0.200000
1784020266.722910,0,0.000000,3.000000,0.000000,0.000000,0.000000,0.000000,0.000000,0.000000,0.000000,0.000000
1784020266.729959,0,0.000000,3.000000,0.000000,0.000000,0.000000,0.000000,0.000000,0.000000,0.000000,0.000000
1784020266.752380,0,0.000000,3.000000,0.000000,0.000000,0.000000,0.000000,0.000000,0.000000,0.000000,0.000000
1784020266.784939,0,0.000000,3.000000,0.000000,0.000000,0.000000,0.000000,0.000000,0.000000,0.000000,0.200000
1784020266.812103,0,0.000000,3.000000,0.000000,0.000000,0.000000,0.000000,0.000000,0.000000,0.000000,0.000000
1784020266.851612,0,0.000000,3.000000,0.000000,0.000000,0.000000,0.000000,0.000000,0.000000,0.000000,0.000000
1784020266.852550,0,0.000000,3.000000,0.000000,0.000000,0.000000,0.000000,0.000000,0.000000,0.000000,0.000000
1784020266.857335,0,0.000000,3.000000,0.000000,0.000000,0.000000,0.000000,0.000000,0.000000,0.000000,0.000000
1784020266.895514,0,0.000000,3.000000,0.000000,0.000000,0.000000,0.000000,0.000000,0.000000,0.000000,0.000000
1784020266.915678,0,0.000000,3.000000,0.000000,0.000000,0.000000,0.000000,0.000000,0.000000,0.000000,0.000000
1784020266.916202,0,0.000000,3.000000,0.000000,0.000000,0.000000,0.000000,0.000000,0.000000,0.250000,0.000000
1784020267.021131,0,0.000000,3.000000,0.000000,0.000000,0.000000,0.000000,0.000000,0.000000,0.000000,0.000000
1784020267.044913,0,0.000000,3.000000,0.000000,0.000000,0.000000,0.000000,0.000000,0.000000,0.000000,0.000000
1784020267.112358,0,0.000000,3.000000,0.000000,0.000000,0.000000,0.000000,0.000000,0.000000,0.000000,0.000000
1784020267.169837,0,0.000000,3.000000,0.000000,0.000000,0.000000,0.000000,0.000000,0.000000,0.000000,0.000000
1784020267.170890,0,0.000000,3.000000,0.000000,0.000000,0.000000,0.000000,0.000000,0.000000,0.000000,0.000000
1784020267.202116,0,0.000000,3.000000,0.000000,0.000000,0.000000,0.000000,0.000000,0.000000,0.000000,0.000000
1784020267.240586,0,0.000000,3.000000,0.000000,0.000000,0.000000,0.000000,0.000000,0.000000,0.000000,0.000000
1784020267.278000,0,0.000000,0.000000,0.000000,0.000000,0.000000,0.000000,0.000000,0.000000,0.000000,0.000000
1784020267.319686,0,0.000000,0.000000,0.000000,0.000000,0.000000,0.000000,0.000000,0.000000,0.000000,0.000000
1784020267.321505,0,0.000000,0.000000,0.000000,0.000000,0.000000,0.000000,0.000000,0.000000,0.000000,0.000000
1784020267.360810,0,0.000000,0.000000,0.000000,0.000000,0.000000,0.000000,0.000000,0.000000,0.000000,0.000000
1784020267.404218,0,0.000000,0.000000,0.000000,0.000000,0.000000,0.000000,0.000000,0.000000,0.000000,0.000000
1784020267.456727,0,0.000000,0.000000,0.000000,0.000000,0.000000,0.000000,0.000000,0.000000,0.000000,0.100000
1784020267.540618,0,0.000000,0.000000,0.000000,0.000000,0.000000,0.000000,0.000000,0.000000,0.000000,0.000000
1784020267.555962,0,0.000000,0.000000,0.000000,0.000000,0.000000,0.000000,0.000000,0.000000,0.000000,0.000000
1784020267.585059,0,0.000000,0.000000,0.000000,0.000000,0.000000,0.000000,0.000000,0.000000,0.000000,0.000000
1784020267.618531,0,0.000000,0.000000,0.000000,0.000000,0.000000,0.000000,0.000000,0.000000,0.000000,0.000000
1784020267.652092,0,0.000000,0.000000,0.000000,0.000000,0.000000,0.000000,0.000000,0.000000,0.000000,0.000000
1784020267.667775,0,0.000000,0.000000,0.000000,0.000000,0.000000,0.000000,0.000000,0.000000,0.000000,0.000000
1784020267.713338,0,0.000000,0.000000,0.000000,0.000000,0.000000,0.000000,0.000000,0.000000,0.000000,0.100000
1784020267.745388,0,0.000000,0.000000,0.000000,0.000000,0.000000,0.000000,0.000000,0.000000,0.250000,0.000000
1784020267.767612,0,0.000000,0.000000,0.000000,0.000000,0.000000,0.000000,0.000000,0.000000,0.500000,0.000000
1784020267.768676,0,0.000000,0.000000,0.000000,0.000000,0.000000,0.000000,0.000000,0.000000,0.000000,0.000000
1784020267.810115,0,0.000000,0.000000,0.000000,0.000000,0.000000,0.000000,0.000000,0.000000,0.000000,0.000000
1784020267.895959,0,0.000000,0.000000,0.000000,0.000000,0.000000,0.000000,0.000000,0.000000,0.000000,0.000000
1784020267.896500,0,0.000000,0.000000,0.000000,0.000000,0.000000,0.000000,0.000000,0.000000,0.000000,0.000000
1784020267.922570,0,0.000000,0.000000,0.000000,0.000000,0.000000,0.000000,0.000000,0.000000,0.000000,0.000000
1784020267.937848,0,0.000000,0.000000,0.000000,0.000000,0.000000,0.000000,0.000000,0.000000,0.000000,0.000000
1784020267.946687,0,0.000000,0.000000,0.000000,0.000000,0.000000,0.000000,0.000000,0.000000,0.000000,0.000000
1784020267.960808,0,0.000000,0.000000,0.000000,0.000000,0.000000,0.000000,0.000000,0.000000,0.000000,0.000000
1784020267.962349,0,0.000000,0.000000,0.000000,0.000000,0.000000,0.000000,0.000000,0.000000,0.000000,0.000000
1784020267.990201,0,0.000000,0.000000,0.000000,0.000000,0.000000,0.000000,0.000000,0.000000,0.000000,0.000000
1784020268.027158,0,0.000000,0.000000,0.000000,0.000000,0.000000,0.000000,0.000000,0.000000,0.000000,0.000000
1784020268.090128,0,0.000000,0.000000,0.000000,0.000000,0.000000,0.000000,0.000000,0.000000,0.000000,0.000000
1784020268.090619,0,0.000000,0.000000,0.000000,0.000000,0.000000,0.000000,0.000000,0.000000,0.000000,0.000000
1784020268.094543,0,0.000000,0.000000,0.000000,0.000000,0.000000,0.000000,0.000000,0.000000,0.000000,0.000000
1784020268.132472,0,0.000000,0.000000,0.000000,0.000000,0.000000,0.000000,0.000000,0.000000,0.250000,0.000000
1784020268.260388,0,0.000000,0.000000,0.000000,0.000000,0.000000,0.000000,0.000000,0.000000,0.000000,0.000000
1784020268.315500,0,0.000000,0.000000,0.000000,0.000000,0.000000,0.000000,0.000000,0.000000,0.000000,0.000000
1784020268.388145,0,0.000000,0.000000,0.000000,0.000000,0.000000,0.000000,0.000000,0.000000,0.000000,0.000000
1784020268.443201,0,0.000000,0.000000,0.000000,0.000000,0.000000,0.000000,0.000000,0.000000,0.000000,0.000000
1784020268.443890,0,0.000000,0.000000,0.000000,0.000000,0.000000,0.000000,0.000000,0.000000,0.000000,0.000000
1784020268.536169,0,0.000000,0.000000,0.000000,0.000000,0.000000,0.000000,0.000000,0.000000,0.000000,0.000000
1784020268.537097,0,0.000000,0.000000,0.000000,0.000000,0.000000,0.000000,0.000000,0.000000,0.000000,0.000000
1784020268.591752,0,0.000000,0.000000,0.000000,0.000000,0.000000,0.000000,0.000000,0.000000,0.000000,0.000000
1784020268.592293,0,0.000000,0.000000,0.000000,0.000000,0.000000,0.000000,0.000000,0.000000,0.000000,0.000000
1784020268.695720,0,0.000000,0.000000,0.000000,3.000000,0.000000,0.000000,0.000000,0.000000,0.000000,0.000000
1784020268.750692,0,0.000000,0.000000,0.000000,3.000000,0.000000,0.000000,0.000000,0.000000,0.000000,0.000000
1784020268.751193,0,0.000000,0.000000,0.000000,3.000000,0.000000,0.000000,0.000000,0.000000,0.000000,0.000000
1784020268.815154,0,0.000000,0.000000,0.000000,3.000000,0.000000,0.000000,0.000000,0.000000,0.000000,0.000000
1784020268.883304,0,0.000000,0.000000,0.000000,3.000000,0.000000,0.000000,0.000000,0.000000,0.000000,0.000000
1784020268.965038,0,0.000000,0.000000,0.000000,3.000000,0.000000,0.000000,0.000000,0.000000,0.000000,0.000000
1784020269.017886,0,0.000000,0.000000,0.000000,3.000000,0.000000,0.000000,0.000000,0.000000,0.000000,0.000000
1784020269.133475,0,0.000000,0.000000,0.000000,3.000000,0.000000,0.000000,0.000000,0.000000,0.000000,0.000000
1784020269.162514,0,0.000000,0.000000,0.000000,3.000000,0.000000,0.000000,0.000000,0.000000,0.000000,0.000000
1784020269.191617,0,0.000000,0.000000,0.000000,3.000000,0.000000,0.000000,0.000000,0.000000,0.000000,0.000000
1784020269.192127,0,0.000000,0.000000,0.000000,3.000000,0.000000,0.000000,0.000000,0.000000,0.000000,0.000000
1784020269.282175,0,0.000000,0.000000,0.000000,3.000000,0.000000,0.000000,0.000000,0.000000,0.000000,0.000000
1784020269.282810,0,0.000000,0.000000,0.000000,3.000000,0.000000,0.000000,0.000000,0.000000,0.000000,0.000000
1784020269.338432,0,0.000000,0.000000,0.000000,3.000000,0.000000,0.000000,0.000000,0.000000,0.000000,0.000000
1784020269.394644,0,0.000000,0.000000,0.000000,3.000000,0.000000,0.000000,0.000000,0.000000,0.000000,0.000000
1784020269.504889,0,0.000000,0.000000,0.000000,3.000000,0.000000,0.000000,0.000000,0.000000,0.000000,0.000000
1784020269.603417,0,0.000000,0.000000,0.000000,3.000000,0.000000,0.000000,0.000000,0.000000,0.000000,0.000000
1784020269.604035,0,0.000000,0.000000,0.000000,3.000000,0.000000,0.000000,0.000000,0.000000,0.000000,0.000000
1784020269.670402,0,0.000000,0.000000,0.000000,3.000000,0.000000,0.000000,0.000000,0.000000,0.000000,0.000000
1784020269.721407,0,0.000000,0.000000,0.000000,3.000000,0.000000,0.000000,0.000000,0.000000,0.000000,0.000000
1784020269.721899,0,0.000000,0.000000,0.000000,3.000000,0.000000,0.000000,0.000000,0.000000,0.000000,0.000000
1784020269.819557,0,0.000000,0.000000,0.000000,3.000000,0.000000,0.000000,0.000000,0.000000,0.000000,0.000000
1784020269.887650,0,0.000000,0.000000,0.000000,3.000000,0.000000,0.000000,0.000000,0.000000,0.000000,0.100000
1784020269.954958,0,0.000000,0.000000,0.000000,3.000000,0.000000,0.000000,0.000000,0.000000,0.000000,0.000000
1784020270.049806,0,0.000000,0.000000,0.000000,3.000000,0.000000,0.000000,0.000000,0.000000,0.000000,0.000000
1784020270.101447,0,0.000000,0.000000,0.000000,3.000000,0.000000,0.000000,0.000000,0.000000,0.000000,0.000000
1784020270.154937,0,0.000000,0.000000,0.000000,3.000000,0.000000,0.000000,0.000000,0.000000,0.000000,0.000000
1784020270.243467,0,0.000000,0.000000,0.000000,3.000000,0.000000,0.000000,0.000000,0.000000,0.000000,0.000000
1784020270.296489,0,0.000000,0.000000,0.000000,3.000000,0.000000,0.000000,0.000000,0.000000,0.000000,0.000000
1784020270.296990,0,0.000000,0.000000,0.000000,3.000000,0.000000,0.000000,0.000000,0.000000,0.000000,0.000000
1784020270.361252,0,0.000000,0.000000,0.000000,3.000000,0.000000,0.000000,0.000000,0.000000,0.000000,0.000000
1784020270.416423,0,0.000000,0.000000,0.000000,3.000000,0.000000,0.000000,0.000000,0.000000,0.000000,0.000000
1784020270.470549,0,0.000000,0.000000,0.000000,3.000000,0.000000,0.000000,0.000000,0.000000,0.000000,0.000000
1784020270.471052,0,0.000000,0.000000,0.000000,3.000000,0.000000,0.000000,0.000000,0.000000,0.000000,0.000000
1784020270.524966,0,0.000000,0.000000,0.000000,3.000000,0.000000,0.000000,0.000000,0.000000,0.000000,0.000000
1784020270.690307,0,0.000000,0.000000,0.000000,3.000000,0.000000,0.000000,0.000000,0.000000,0.000000,0.000000
1784020270.741278,0,0.000000,0.000000,0.000000,3.000000,0.000000,0.000000,0.000000,0.000000,0.000000,0.000000
1784020270.792651,0,0.000000,0.000000,0.000000,3.000000,0.000000,0.000000,0.000000,0.000000,0.000000,0.000000
1784020270.862343,0,0.000000,0.000000,0.000000,0.000000,0.000000,0.000000,0.000000,0.000000,0.000000,0.000000
1784020270.930888,0,0.000000,0.000000,0.000000,0.000000,0.000000,0.000000,0.000000,0.000000,0.000000,0.000000
1784020271.043768,0,0.000000,0.000000,0.000000,0.000000,0.000000,0.000000,0.000000,0.000000,0.000000,0.000000
1784020271.095271,0,0.000000,0.000000,0.000000,0.000000,0.000000,0.000000,0.000000,0.000000,0.000000,0.000000
1784020271.181711,0,0.000000,0.000000,0.000000,0.000000,0.000000,0.000000,0.000000,0.000000,0.250000,0.000000
1784020271.252259,0,0.000000,0.000000,0.000000,0.000000,0.000000,0.000000,0.000000,0.000000,0.000000,0.000000
1784020271.302517,0,0.000000,0.000000,0.000000,0.000000,0.000000,0.000000,0.000000,0.000000,0.000000,0.000000
1784020271.395905,0,0.000000,0.000000,0.000000,0.000000,0.000000,0.000000,0.000000,0.000000,0.000000,0.000000
1784020271.493445,0,0.000000,0.000000,0.000000,0.000000,0.000000,0.000000,0.000000,0.000000,0.000000,0.000000
1784020271.565543,0,0.000000,0.000000,0.000000,0.000000,0.000000,0.000000,0.000000,0.000000,0.000000,0.000000
1784020271.593435,0,0.000000,0.000000,0.000000,0.000000,0.000000,0.000000,0.000000,0.000000,0.000000,0.000000
1784020271.621574,0,0.000000,0.000000,0.000000,0.000000,0.000000,0.000000,0.000000,0.000000,0.000000,0.000000
1784020271.622329,0,0.000000,0.000000,0.000000,0.000000,0.000000,0.000000,0.000000,0.000000,0.250000,0.000000
1784020271.694764,0,0.000000,0.000000,0.000000,0.000000,0.000000,0.000000,0.000000,0.000000,0.000000,0.000000
1784020271.785620,0,0.000000,0.000000,0.000000,0.000000,0.000000,0.000000,0.000000,0.000000,0.000000,0.000000
1784020271.874540,0,0.000000,0.000000,0.000000,0.000000,0.000000,0.000000,0.000000,0.000000,0.000000,0.000000
1784020271.969482,0,0.000000,0.000000,0.000000,0.000000,0.000000,0.000000,0.000000,0.000000,0.000000,0.000000
1784020272.023433,0,0.000000,0.000000,0.000000,0.000000,0.000000,0.000000,0.000000,0.000000,0.000000,0.000000
1784020272.100188,0,0.000000,0.000000,0.000000,0.000000,0.000000,0.000000,0.000000,0.000000,0.000000,0.000000
1784020272.190580,0,0.000000,0.000000,0.000000,0.000000,0.000000,0.000000,0.000000,0.000000,0.000000,0.000000
1784020272.257313,0,0.000000,0.000000,0.000000,0.000000,0.000000,0.000000,0.000000,0.000000,0.000000,0.000000
1784020272.332881,0,0.000000,0.000000,0.000000,0.000000,0.000000,0.000000,0.000000,0.000000,0.000000,0.000000
1784020272.385024,0,0.000000,0.000000,0.000000,0.000000,0.000000,0.000000,0.000000,0.000000,0.000000,0.000000
1784020272.466703,0,0.000000,0.000000,0.000000,0.000000,0.000000,0.000000,0.000000,0.000000,0.000000,0.000000
1784020272.534723,0,0.000000,0.000000,0.000000,0.000000,0.000000,0.000000,0.000000,0.000000,0.000000,0.000000
1784020272.632568,0,0.000000,0.000000,0.000000,0.000000,0.000000,0.000000,0.000000,0.000000,0.000000,0.000000
1784020272.685792,0,0.000000,0.000000,0.000000,0.000000,0.000000,0.000000,0.000000,0.000000,0.000000,0.000000
1784020272.739129,0,0.000000,0.000000,0.000000,0.000000,0.000000,0.000000,0.000000,0.000000,0.000000,0.000000
1784020272.930488,0,0.000000,0.000000,0.000000,3.000000,0.000000,0.000000,0.000000,0.000000,0.000000,0.000000
1784020272.986366,0,0.000000,0.000000,0.000000,3.000000,0.000000,0.000000,0.000000,0.000000,0.000000,0.000000
1784020273.112611,0,0.000000,0.000000,0.000000,3.000000,0.000000,0.000000,0.000000,0.000000,0.000000,0.000000
1784020273.240237,0,0.000000,0.000000,0.000000,3.000000,0.000000,0.000000,0.000000,0.000000,0.000000,0.000000
1784020273.336341,0,0.000000,0.000000,0.000000,3.000000,0.000000,0.000000,0.000000,0.000000,0.000000,0.000000
1784020273.337898,0,0.000000,0.000000,0.000000,3.000000,0.000000,0.000000,0.000000,0.000000,0.000000,0.000000
1784020273.399050,0,0.000000,0.000000,0.000000,3.000000,0.000000,0.000000,0.000000,0.000000,0.000000,0.000000
1784020273.487763,0,0.000000,0.000000,0.000000,3.000000,0.000000,0.000000,0.000000,0.000000,0.000000,0.000000
1784020273.762660,0,0.000000,0.000000,0.000000,3.000000,0.000000,0.000000,0.000000,0.000000,0.000000,0.000000
1784020273.763150,0,0.000000,0.000000,0.000000,3.000000,0.000000,0.000000,0.000000,0.000000,0.000000,0.000000
1784020273.817483,0,0.000000,0.000000,0.000000,3.000000,0.000000,0.000000,0.000000,0.000000,0.000000,0.000000
1784020273.817961,0,0.000000,0.000000,0.000000,3.000000,0.000000,0.000000,0.000000,0.000000,0.000000,0.000000
1784020273.872216,0,0.000000,0.000000,0.000000,3.000000,0.000000,0.000000,0.000000,0.000000,0.000000,0.000000
1784020273.872717,0,0.000000,0.000000,0.000000,3.000000,0.000000,0.000000,0.000000,0.000000,0.250000,0.000000
1784020273.873285,0,0.000000,0.000000,0.000000,3.000000,0.000000,0.000000,0.000000,0.000000,0.000000,0.000000
1784020273.960439,0,0.000000,0.000000,0.000000,3.000000,0.000000,0.000000,0.000000,0.000000,0.000000,0.000000
1784020274.028655,0,0.000000,0.000000,0.000000,3.000000,0.000000,0.000000,0.000000,0.000000,0.000000,0.000000
1784020274.087831,0,0.000000,0.000000,0.000000,3.000000,0.000000,0.000000,0.000000,0.000000,0.000000,0.000000
1784020274.088517,0,0.000000,0.000000,0.000000,3.000000,0.000000,0.000000,0.000000,0.000000,0.000000,0.000000
1784020274.177694,0,0.000000,0.000000,0.000000,3.000000,0.000000,0.000000,0.000000,0.000000,0.000000,0.000000
1784020274.299622,0,0.000000,0.000000,0.000000,3.000000,0.000000,0.000000,0.000000,0.000000,0.000000,0.000000
1784020274.355369,0,0.000000,0.000000,0.000000,3.000000,0.000000,0.000000,0.000000,0.000000,0.000000,0.000000
1784020274.409062,0,0.000000,0.000000,0.000000,3.000000,0.000000,0.000000,0.000000,0.000000,0.000000,0.000000
1784020274.437648,0,0.000000,0.000000,0.000000,3.000000,0.000000,0.000000,0.000000,0.000000,0.000000,0.000000
1784020274.530446,0,0.000000,0.000000,0.000000,3.000000,0.000000,0.000000,0.000000,0.000000,0.000000,0.000000
1784020274.531162,0,0.000000,0.000000,0.000000,3.000000,0.000000,0.000000,0.000000,0.000000,0.000000,0.000000
1784020274.559578,0,0.000000,0.000000,0.000000,3.000000,0.000000,0.000000,0.000000,0.000000,0.000000,0.000000
1784020274.614885,0,0.000000,0.000000,0.000000,3.000000,0.000000,0.000000,0.000000,0.000000,0.000000,0.000000
1784020274.670320,0,0.000000,0.000000,0.000000,3.000000,0.000000,0.000000,0.000000,0.000000,0.000000,0.000000
1784020274.723272,0,0.000000,0.000000,0.000000,0.000000,0.000000,0.000000,0.000000,0.000000,0.000000,0.000000
1784020274.776945,0,0.000000,0.000000,0.000000,0.000000,0.000000,0.000000,0.000000,0.000000,0.000000,0.000000
1784020274.852676,0,0.000000,0.000000,0.000000,0.000000,0.000000,0.000000,0.000000,0.000000,0.000000,0.000000
1784020274.906768,0,0.000000,0.000000,0.000000,0.000000,0.000000,0.000000,0.000000,0.000000,0.000000,0.000000
1784020274.907315,0,0.000000,0.000000,0.000000,0.000000,0.000000,0.000000,0.000000,0.000000,0.000000,0.000000
1784020274.961987,0,0.000000,0.000000,0.000000,0.000000,0.000000,0.000000,0.000000,0.000000,0.000000,0.000000
1784020275.025648,0,0.000000,0.000000,0.000000,0.000000,0.000000,0.000000,0.000000,0.000000,0.000000,0.000000
1784020275.106855,0,0.000000,0.000000,0.000000,0.000000,0.000000,0.000000,0.000000,0.000000,0.000000,0.000000
1784020275.159487,0,0.000000,0.000000,0.000000,0.000000,0.000000,0.000000,0.000000,0.000000,0.000000,0.000000
1784020275.258856,0,0.000000,0.000000,0.000000,0.000000,0.000000,0.000000,0.000000,0.000000,0.000000,0.000000
1784020275.319392,0,0.000000,0.000000,0.000000,0.000000,0.000000,0.000000,0.000000,0.000000,0.000000,0.000000
1784020275.319996,0,0.000000,0.000000,0.000000,0.000000,0.000000,0.000000,0.000000,0.000000,0.000000,0.000000
1784020275.382807,0,0.000000,0.000000,0.000000,0.000000,0.000000,0.000000,0.000000,0.000000,0.000000,0.000000
1784020275.447291,0,0.000000,0.000000,0.000000,0.000000,0.000000,0.000000,0.000000,0.000000,0.000000,0.000000
1784020275.447873,0,0.000000,0.000000,0.000000,0.000000,0.000000,0.000000,0.000000,0.000000,0.000000,0.000000
1784020275.543685,0,0.000000,0.000000,0.000000,0.000000,0.000000,0.000000,0.000000,0.000000,0.000000,0.000000
1784020275.573976,0,0.000000,0.000000,0.000000,0.000000,0.000000,0.000000,0.000000,0.000000,0.000000,0.000000
1784020275.639035,0,0.000000,0.000000,0.000000,0.000000,0.000000,0.000000,0.000000,0.000000,0.000000,0.000000
1784020275.639937,0,0.000000,0.000000,0.000000,0.000000,0.000000,0.000000,0.000000,0.000000,0.000000,0.000000
1784020275.692756,0,0.000000,0.000000,0.000000,0.000000,0.000000,0.000000,0.000000,0.000000,0.000000,0.000000
1784020275.767227,0,0.000000,0.000000,0.000000,0.000000,0.000000,0.000000,0.000000,0.000000,0.000000,0.000000
1784020275.794854,0,0.000000,0.000000,0.000000,0.000000,0.000000,0.000000,0.000000,0.000000,0.000000,0.000000
1784020275.895514,0,0.000000,0.000000,0.000000,0.000000,0.000000,0.000000,0.000000,0.000000,0.000000,0.000000
1784020275.950898,0,0.000000,0.000000,0.000000,0.000000,0.000000,0.000000,0.000000,0.000000,0.000000,0.000000
1784020276.004220,0,0.000000,0.000000,0.000000,0.000000,0.000000,0.000000,0.000000,0.000000,0.000000,0.000000
1784020276.056844,0,0.000000,0.000000,0.000000,0.000000,0.000000,0.000000,0.000000,0.000000,0.000000,0.000000
1784020276.265560,0,0.000000,0.000000,0.000000,0.000000,0.000000,0.000000,0.000000,0.000000,0.000000,0.000000
1784020276.353114,0,0.000000,0.000000,0.000000,0.000000,0.000000,0.000000,0.000000,0.000000,0.000000,0.000000
1784020276.450005,0,0.000000,0.000000,0.000000,0.000000,0.000000,0.000000,0.000000,0.000000,0.000000,0.000000
1784020276.505450,0,0.000000,0.000000,0.000000,0.000000,0.000000,0.000000,0.000000,0.000000,0.000000,0.000000
1784020276.698988,0,0.000000,0.000000,0.000000,0.000000,0.000000,0.000000,0.000000,0.000000,0.000000,0.000000
1784020276.753528,0,0.000000,0.000000,0.000000,0.000000,0.000000,0.000000,0.000000,0.000000,0.000000,0.000000
1784020276.754276,0,0.000000,0.000000,0.000000,0.000000,0.000000,0.000000,0.000000,0.000000,0.000000,0.100000
1784020276.807442,0,0.000000,0.000000,0.000000,0.000000,0.000000,0.000000,0.000000,0.000000,0.000000,0.000000
1784020276.922145,0,0.000000,0.000000,0.000000,3.000000,0.000000,0.000000,0.000000,0.000000,0.000000,0.000000
1784020276.980637,0,0.000000,0.000000,0.000000,3.000000,0.000000,0.000000,0.000000,0.000000,0.000000,0.000000
1784020276.981144,0,0.000000,0.000000,0.000000,3.000000,0.000000,0.000000,0.000000,0.000000,0.000000,0.000000
1784020277.136509,0,0.000000,0.000000,0.000000,3.000000,0.000000,0.000000,0.000000,0.000000,0.000000,0.000000
1784020277.252443,0,0.000000,0.000000,0.000000,3.000000,0.000000,0.000000,0.000000,0.000000,0.000000,0.000000
1784020277.395280,0,0.000000,0.000000,0.000000,3.000000,0.000000,0.000000,0.000000,0.000000,0.000000,0.000000
1784020277.425528,0,0.000000,0.000000,0.000000,3.000000,0.000000,0.000000,0.000000,0.000000,0.000000,0.000000
1784020277.481572,0,0.000000,0.000000,0.000000,3.000000,0.000000,0.000000,0.000000,0.000000,0.000000,0.000000
1784020277.560238,0,0.000000,0.000000,0.000000,3.000000,0.000000,0.000000,0.000000,0.000000,0.000000,0.000000
1784020277.560800,0,0.000000,0.000000,0.000000,3.000000,0.000000,0.000000,0.000000,0.000000,0.000000,0.000000
1784020277.712670,0,0.000000,0.000000,0.000000,3.000000,0.000000,0.000000,0.000000,0.000000,0.000000,0.100000
1784020277.776903,0,0.000000,0.000000,0.000000,3.000000,0.000000,0.000000,0.000000,0.000000,0.000000,0.000000
1784020277.845117,0,0.000000,0.000000,0.000000,3.000000,0.000000,0.000000,0.000000,0.000000,0.000000,0.000000
1784020277.943377,0,0.000000,0.000000,0.000000,3.000000,0.000000,0.000000,0.000000,0.000000,0.000000,0.000000
1784020278.033878,0,0.000000,0.000000,0.000000,3.000000,0.000000,0.000000,0.000000,0.000000,0.000000,0.000000
1784020278.062753,0,0.000000,0.000000,0.000000,3.000000,0.000000,0.000000,0.000000,0.000000,0.000000,0.000000
1784020278.156095,0,0.000000,0.000000,0.000000,3.000000,0.000000,0.000000,0.000000,0.000000,0.000000,0.000000
1784020278.156629,0,0.000000,0.000000,0.000000,3.000000,0.000000,0.000000,0.000000,0.000000,0.000000,0.000000
1784020278.209375,0,0.000000,0.000000,0.000000,3.000000,0.000000,0.000000,0.000000,0.000000,0.000000,0.000000
1784020278.287282,0,0.000000,0.000000,0.000000,3.000000,0.000000,0.000000,0.000000,0.000000,0.000000,0.000000
1784020278.355631,0,0.000000,0.000000,0.000000,3.000000,0.000000,0.000000,0.000000,0.000000,0.000000,0.000000
1784020278.477357,0,0.000000,0.000000,0.000000,3.000000,0.000000,0.000000,0.000000,0.000000,0.500000,0.000000
1784020278.604288,0,0.000000,0.000000,0.000000,3.000000,0.000000,0.000000,0.000000,0.000000,0.000000,0.000000
1784020278.605157,0,0.000000,0.000000,0.000000,3.000000,0.000000,0.000000,0.000000,0.000000,0.000000,0.000000
1784020278.670497,0,0.000000,0.000000,0.000000,3.000000,0.000000,0.000000,0.000000,0.000000,0.000000,0.000000
1784020278.782991,0,0.000000,0.000000,0.000000,3.000000,0.000000,0.000000,0.000000,0.000000,0.000000,0.000000
1784020278.813259,0,0.000000,0.000000,0.000000,3.000000,0.000000,0.000000,0.000000,0.000000,0.000000,0.000000
1784020278.844122,0,0.000000,0.000000,0.000000,0.000000,0.000000,0.000000,0.000000,0.000000,0.000000,0.000000
1784020278.910721,0,0.000000,0.000000,0.000000,0.000000,0.000000,0.000000,0.000000,0.000000,0.000000,0.000000
1784020278.989819,0,0.000000,0.000000,0.000000,0.000000,0.000000,0.000000,0.000000,0.000000,0.000000,0.000000
1784020278.990560,0,0.000000,0.000000,0.000000,0.000000,0.000000,0.000000,0.000000,0.000000,0.000000,0.000000
1784020279.043316,0,0.000000,0.000000,0.000000,0.000000,0.000000,0.000000,0.000000,0.000000,0.000000,0.000000
1784020279.143087,0,0.000000,0.000000,0.000000,0.000000,0.000000,0.000000,0.000000,0.000000,0.000000,0.000000
1784020279.203293,0,0.000000,0.000000,0.000000,0.000000,0.000000,0.000000,0.000000,0.000000,0.000000,0.000000
1784020279.288062,0,0.000000,0.000000,0.000000,0.000000,0.000000,0.000000,0.000000,0.000000,0.000000,0.000000
1784020279.382296,0,0.000000,0.000000,0.000000,0.000000,0.000000,0.000000,0.000000,0.000000,0.000000,0.000000
1784020279.457553,0,0.000000,0.000000,0.000000,0.000000,0.000000,0.000000,0.000000,0.000000,0.000000,0.000000
1784020279.486704,0,0.000000,0.000000,0.000000,0.000000,0.000000,0.000000,0.000000,0.000000,0.000000,0.000000
1784020279.585494,0,0.000000,0.000000,0.000000,0.000000,0.000000,0.000000,0.000000,0.000000,0.000000,0.000000
1784020279.705142,0,0.000000,0.000000,0.000000,0.000000,0.000000,0.000000,0.000000,0.000000,0.000000,0.000000
1784020279.760358,0,0.000000,0.000000,0.000000,0.000000,0.000000,0.000000,0.000000,0.000000,0.000000,0.000000
1784020279.815936,0,0.000000,0.000000,0.000000,0.000000,0.000000,0.000000,0.000000,0.000000,0.000000,0.000000
1784020280.033731,0,0.000000,0.000000,0.000000,0.000000,0.000000,0.000000,0.000000,0.000000,0.000000,0.100000
1784020280.089082,0,0.000000,0.000000,0.000000,0.000000,0.000000,0.000000,0.000000,0.000000,0.000000,0.000000
1784020280.089667,0,0.000000,0.000000,0.000000,0.000000,0.000000,0.000000,0.000000,0.000000,0.000000,0.000000
1784020280.090059,0,0.000000,0.000000,0.000000,0.000000,0.000000,0.000000,0.000000,0.000000,0.250000,0.000000
1784020280.239039,0,0.000000,0.000000,0.000000,0.000000,0.000000,0.000000,0.000000,0.000000,0.000000,0.000000
1784020280.332478,0,0.000000,0.000000,0.000000,0.000000,0.000000,0.000000,0.000000,0.000000,0.000000,0.000000
1784020280.333334,0,0.000000,0.000000,0.000000,0.000000,0.000000,0.000000,0.000000,0.000000,0.000000,0.100000
1784020280.397442,0,0.000000,0.000000,0.000000,0.000000,0.000000,0.000000,0.000000,0.000000,0.000000,0.100000
1784020280.449206,0,0.000000,0.000000,0.000000,0.000000,0.000000,0.000000,0.000000,0.000000,0.000000,0.000000
1784020280.505725,0,0.000000,0.000000,0.000000,0.000000,0.000000,0.000000,0.000000,0.000000,0.000000,0.100000
1784020280.697651,0,0.000000,0.000000,0.000000,0.000000,0.000000,0.000000,0.000000,0.000000,0.250000,0.000000
1784020280.702144,0,0.000000,0.000000,0.000000,0.000000,0.000000,0.000000,0.000000,0.000000,0.000000,0.000000
1784020280.718454,0,0.000000,0.000000,0.000000,0.000000,0.000000,0.000000,0.000000,0.000000,0.000000,0.000000
1784020280.781130,0,0.000000,0.000000,0.000000,0.000000,0.000000,0.000000,0.000000,0.000000,0.000000,0.000000
1784020280.781677,0,0.000000,0.000000,0.000000,0.000000,0.000000,0.000000,0.000000,0.000000,0.000000,0.000000
1784020280.853029,0,0.000000,0.000000,0.000000,3.000000,0.000000,0.000000,0.000000,0.000000,0.000000,0.000000
1784020280.868529,0,0.000000,0.000000,0.000000,3.000000,0.000000,0.000000,0.000000,0.000000,0.000000,0.000000
1784020280.888487,0,0.000000,0.000000,0.000000,3.000000,0.000000,0.000000,0.000000,0.000000,0.000000,0.000000
1784020280.908101,0,0.000000,0.000000,0.000000,3.000000,0.000000,0.000000,0.000000,0.000000,0.000000,0.000000
1784020280.912380,0,0.000000,0.000000,0.000000,3.000000,0.000000,0.000000,0.000000,0.000000,0.000000,0.000000
1784020280.973306,0,0.000000,0.000000,0.000000,3.000000,0.000000,0.000000,0.000000,0.000000,0.500000,0.000000
1784020281.085376,0,0.000000,0.000000,0.000000,3.000000,0.000000,0.000000,0.000000,0.000000,0.000000,0.000000
1784020281.130020,0,0.000000,0.000000,0.000000,3.000000,0.000000,0.000000,0.000000,0.000000,0.000000,0.000000
1784020281.229270,0,0.000000,0.000000,0.000000,3.000000,0.000000,0.000000,0.000000,0.000000,0.000000,0.000000
1784020281.251920,0,0.000000,0.000000,0.000000,3.000000,0.000000,0.000000,0.000000,0.000000,0.000000,0.000000
1784020281.252517,0,0.000000,0.000000,0.000000,3.000000,0.000000,0.000000,0.000000,0.000000,0.000000,0.000000
1784020281.293634,0,0.000000,0.000000,0.000000,3.000000,0.000000,0.000000,0.000000,0.000000,0.000000,0.000000
1784020281.294488,0,0.000000,0.000000,0.000000,3.000000,0.000000,0.000000,0.000000,0.000000,0.000000,0.000000
1784020281.314527,0,0.000000,0.000000,0.000000,3.000000,0.000000,0.000000,0.000000,0.000000,0.000000,0.000000
1784020281.317223,0,0.000000,0.000000,0.000000,3.000000,0.000000,0.000000,0.000000,0.000000,0.000000,0.000000
1784020281.340477,0,0.000000,0.000000,0.000000,3.000000,0.000000,0.000000,0.000000,0.000000,0.000000,0.000000
1784020281.452291,0,0.000000,0.000000,0.000000,3.000000,0.000000,0.000000,0.000000,0.000000,0.000000,0.000000
1784020281.557699,0,0.000000,0.000000,0.000000,3.000000,0.000000,0.000000,0.000000,0.000000,0.000000,0.000000
1784020281.592459,0,0.000000,0.000000,0.000000,3.000000,0.000000,0.000000,0.000000,0.000000,0.000000,0.200000
1784020281.592953,0,0.000000,0.000000,0.000000,3.000000,0.000000,0.000000,0.000000,0.000000,0.000000,0.000000
1784020281.655901,0,0.000000,0.000000,0.000000,3.000000,0.000000,0.000000,0.000000,0.000000,0.000000,0.000000
1784020281.722588,0,0.000000,0.000000,0.000000,3.000000,0.000000,0.000000,0.000000,0.000000,0.000000,0.000000
1784020281.782593,0,0.000000,0.000000,0.000000,3.000000,0.000000,0.000000,0.000000,0.000000,0.000000,0.000000
1784020281.828319,0,0.000000,0.000000,0.000000,3.000000,0.000000,0.000000,0.000000,0.000000,0.000000,0.100000
1784020281.858400,0,0.000000,0.000000,0.000000,3.000000,0.000000,0.000000,0.000000,0.000000,0.000000,0.000000
1784020281.956243,0,0.000000,0.000000,0.000000,3.000000,0.000000,0.000000,0.000000,0.000000,0.250000,0.000000
1784020281.978030,0,0.000000,0.000000,0.000000,3.000000,0.000000,0.000000,0.000000,0.000000,0.000000,0.000000
1784020282.018410,0,0.000000,0.000000,0.000000,3.000000,0.000000,0.000000,0.000000,0.000000,0.000000,0.000000
1784020282.038331,0,0.000000,0.000000,0.000000,3.000000,0.000000,0.000000,0.000000,0.000000,0.000000,0.000000
1784020282.082830,0,0.000000,0.000000,0.000000,3.000000,0.000000,0.000000,0.000000,0.000000,0.000000,0.000000
1784020282.083737,0,0.000000,0.000000,0.000000,3.000000,0.000000,0.000000,0.000000,0.000000,0.000000,0.000000
1784020282.103518,0,0.000000,0.000000,0.000000,3.000000,0.000000,0.000000,0.000000,0.000000,0.000000,0.200000
1784020282.104149,0,0.000000,0.000000,0.000000,3.000000,0.000000,0.000000,0.000000,0.000000,0.000000,0.000000
1784020282.112324,0,0.000000,0.000000,0.000000,3.000000,0.000000,0.000000,0.000000,0.000000,0.000000,0.000000
1784020282.254922,0,0.000000,0.000000,0.000000,3.000000,0.000000,0.000000,0.000000,0.000000,0.000000,0.000000
1784020282.304969,0,0.000000,0.000000,0.000000,3.000000,0.000000,0.000000,0.000000,0.000000,0.000000,0.000000
1784020282.384961,0,0.000000,0.000000,0.000000,3.000000,0.000000,0.000000,0.000000,0.000000,0.000000,0.000000
1784020282.466628,0,0.000000,0.000000,0.000000,3.000000,0.000000,0.000000,0.000000,0.000000,0.000000,0.000000
1784020282.517776,0,0.000000,0.000000,0.000000,3.000000,0.000000,0.000000,0.000000,0.000000,0.000000,0.000000
1784020282.585105,0,0.000000,0.000000,0.000000,3.000000,0.000000,0.000000,0.000000,0.000000,0.000000,0.000000
1784020282.716504,0,0.000000,0.000000,0.000000,3.000000,0.000000,0.000000,0.000000,0.000000,0.000000,0.000000
1784020282.767354,0,0.000000,0.000000,0.000000,3.000000,0.000000,0.000000,0.000000,0.000000,0.000000,0.000000
1784020282.857959,0,0.000000,0.000000,0.000000,3.000000,0.000000,0.000000,0.000000,0.000000,0.000000,0.000000
1784020283.022258,0,0.000000,0.000000,0.000000,0.000000,0.000000,0.000000,0.000000,0.000000,0.000000,0.000000
1784020283.022842,0,0.000000,0.000000,0.000000,0.000000,0.000000,0.000000,0.000000,0.000000,0.000000,0.200000
1784020283.085755,0,0.000000,0.000000,0.000000,0.000000,0.000000,0.000000,0.000000,0.000000,0.000000,0.000000
1784020283.087530,0,0.000000,0.000000,0.000000,0.000000,0.000000,0.000000,0.000000,0.000000,0.000000,0.000000
1784020283.177933,0,0.000000,0.000000,0.000000,0.000000,0.000000,0.000000,0.000000,0.000000,0.000000,0.000000
1784020283.277336,0,0.000000,0.000000,0.000000,0.000000,0.000000,0.000000,0.000000,0.000000,0.000000,0.000000
1784020283.395978,0,0.000000,0.000000,0.000000,0.000000,0.000000,0.000000,0.000000,0.000000,0.000000,0.000000
1784020283.500150,0,0.000000,0.000000,0.000000,0.000000,0.000000,0.000000,0.000000,0.000000,0.000000,0.000000
1784020283.560364,0,0.000000,0.000000,0.000000,0.000000,0.000000,0.000000,0.000000,0.000000,0.000000,0.000000
1784020283.627682,0,0.000000,0.000000,0.000000,0.000000,0.000000,0.000000,0.000000,0.000000,0.000000,0.000000
1784020283.747231,0,0.000000,0.000000,0.000000,0.000000,0.000000,0.000000,0.000000,0.000000,0.000000,0.000000
1784020283.748046,0,0.000000,0.000000,0.000000,0.000000,0.000000,0.000000,0.000000,0.000000,0.000000,0.000000
1784020283.815122,0,0.000000,0.000000,0.000000,0.000000,0.000000,0.000000,0.000000,0.000000,0.000000,0.000000
1784020284.812424,0,0.000000,0.000000,0.000000,0.000000,0.000000,0.000000,0.000000,0.000000,0.000000,0.000000
1784020284.949060,0,0.000000,0.000000,0.000000,0.000000,0.000000,0.000000,0.000000,0.000000,0.000000,0.000000
1784020285.090601,0,0.000000,0.000000,0.000000,0.000000,0.000000,0.000000,0.000000,0.000000,0.000000,0.000000
1784020285.325038,0,0.000000,0.000000,0.000000,0.000000,0.000000,0.000000,0.000000,0.000000,0.250000,0.000000
1784020285.412170,0,0.000000,0.000000,0.000000,0.000000,0.000000,0.000000,0.000000,0.000000,0.000000,0.000000
1784020285.466825,0,0.000000,0.000000,0.000000,3.000000,0.000000,0.000000,0.000000,0.000000,0.000000,0.000000
1784020285.744621,0,0.000000,0.000000,0.000000,3.000000,0.000000,0.000000,0.000000,0.000000,0.000000,0.000000
1784020285.902884,0,0.000000,0.000000,0.000000,3.000000,0.000000,0.000000,0.000000,0.000000,0.000000,0.000000
1784020287.074559,0,0.000000,0.000000,0.000000,3.000000,0.000000,0.000000,0.000000,0.000000,0.000000,0.000000
1784020287.131732,0,0.000000,0.000000,0.000000,3.000000,0.000000,0.000000,0.000000,0.000000,0.000000,0.000000
1784020287.132238,0,0.000000,0.000000,0.000000,3.000000,0.000000,0.000000,0.000000,0.000000,0.000000,0.000000
1784020287.186272,0,0.000000,0.000000,0.000000,3.000000,0.000000,0.000000,0.000000,0.000000,0.000000,0.000000
1784020287.288054,0,0.000000,0.000000,0.000000,3.000000,0.000000,0.000000,0.000000,0.000000,0.000000,0.000000
1784020287.288686,0,0.000000,0.000000,0.000000,0.000000,0.000000,0.000000,0.000000,0.000000,0.000000,0.100000
1784020287.350373,0,0.000000,0.000000,0.000000,0.000000,0.000000,0.000000,0.000000,0.000000,0.250000,0.000000
1784020287.350980,0,0.000000,0.000000,0.000000,0.000000,0.000000,0.000000,0.000000,0.000000,0.000000,0.000000
1784020287.445502,0,0.000000,0.000000,0.000000,0.000000,0.000000,0.000000,0.000000,0.000000,0.000000,0.000000
1784020287.473424,0,0.000000,0.000000,0.000000,0.000000,0.000000,0.000000,0.000000,0.000000,0.000000,0.000000
1784020287.565574,0,0.000000,0.000000,0.000000,0.000000,0.000000,0.000000,0.000000,0.000000,0.000000,0.000000
1784020287.888948,0,0.000000,0.000000,0.000000,0.000000,0.000000,0.000000,0.000000,0.000000,0.000000,0.000000
1784020287.945276,0,0.000000,0.000000,0.000000,0.000000,0.000000,0.000000,0.000000,0.000000,0.000000,0.000000
1784020288.015181,0,0.000000,0.000000,0.000000,0.000000,0.000000,0.000000,0.000000,0.000000,0.000000,0.000000
1784020288.071553,0,0.000000,0.000000,0.000000,0.000000,0.000000,0.000000,0.000000,0.000000,0.000000,0.000000
1784020288.196393,0,0.000000,0.000000,0.000000,0.000000,0.000000,0.000000,0.000000,0.000000,0.000000,0.000000
1784020288.270381,0,0.000000,0.000000,0.000000,0.000000,0.000000,0.000000,0.000000,0.000000,0.000000,0.000000
1784020288.352895,0,0.000000,0.000000,0.000000,0.000000,0.000000,0.000000,0.000000,0.000000,0.000000,0.000000
1784020288.417790,0,0.000000,0.000000,0.000000,0.000000,0.000000,0.000000,0.000000,0.000000,0.000000,0.000000
1784020288.481989,0,0.000000,0.000000,0.000000,0.000000,0.000000,0.000000,0.000000,0.000000,0.000000,0.000000
1784020288.482750,0,0.000000,0.000000,0.000000,0.000000,0.000000,0.000000,0.000000,0.000000,0.000000,0.000000
1784020288.483232,0,0.000000,0.000000,0.000000,0.000000,0.000000,0.000000,0.000000,0.000000,0.000000,0.000000
1784020288.538726,0,0.000000,0.000000,0.000000,0.000000,0.000000,0.000000,0.000000,0.000000,0.000000,0.000000
1784020288.652686,0,0.000000,0.000000,0.000000,0.000000,0.000000,0.000000,0.000000,0.000000,0.000000,0.000000
1784020288.653233,0,0.000000,0.000000,0.000000,0.000000,0.000000,0.000000,0.000000,0.000000,0.000000,0.000000
1784020288.710264,0,0.000000,0.000000,0.000000,0.000000,0.000000,0.000000,0.000000,0.000000,0.000000,0.000000
1784020288.960799,0,0.000000,0.000000,0.000000,0.000000,0.000000,0.000000,0.000000,0.000000,0.000000,0.000000
1784020289.006416,0,0.000000,0.000000,0.000000,0.000000,0.000000,0.000000,0.000000,0.000000,0.000000,0.000000
1784020289.006924,0,0.000000,0.000000,0.000000,0.000000,0.000000,0.000000,0.000000,0.000000,0.000000,0.000000
1784020289.007324,0,0.000000,0.000000,0.000000,0.000000,0.000000,0.000000,0.000000,0.000000,0.000000,0.100000
1784020289.111307,0,0.000000,0.000000,0.000000,0.000000,0.000000,0.000000,0.000000,0.000000,0.000000,0.000000
1784020289.155204,0,0.000000,0.000000,0.000000,0.000000,0.000000,0.000000,0.000000,0.000000,0.000000,0.000000
1784020289.155954,0,0.000000,0.000000,0.000000,0.000000,0.000000,0.000000,0.000000,0.000000,0.000000,0.000000
1784020290.513398,0,0.000000,0.000000,0.000000,0.000000,0.000000,0.000000,0.000000,0.000000,0.000000,0.000000
1784020290.602823,0,0.000000,0.000000,0.000000,0.000000,0.000000,0.000000,0.000000,0.000000,0.000000,0.000000
1784020290.662419,0,0.000000,0.000000,0.000000,0.000000,0.000000,0.000000,0.000000,0.000000,0.000000,0.000000
1784020290.663175,0,0.000000,0.000000,0.000000,0.000000,0.000000,0.000000,0.000000,0.000000,0.000000,0.000000
1784020290.851216,0,0.000000,0.000000,0.000000,0.000000,0.000000,0.000000,0.000000,0.000000,0.000000,0.000000
1784020290.917650,0,0.000000,0.000000,0.000000,0.000000,0.000000,0.000000,0.000000,0.000000,0.000000,0.000000
1784020290.976747,0,0.000000,0.000000,0.000000,0.000000,0.000000,0.000000,0.000000,0.000000,0.000000,0.000000
1784020291.128340,0,0.000000,0.000000,0.000000,0.000000,0.000000,0.000000,0.000000,0.000000,0.000000,0.000000
1784020291.187983,0,0.000000,0.000000,0.000000,0.000000,0.000000,0.000000,0.000000,0.000000,0.000000,0.100000
1784020291.242958,0,0.000000,0.000000,0.000000,0.000000,0.000000,0.000000,0.000000,0.000000,0.000000,0.000000
1784020291.312573,0,0.000000,0.000000,0.000000,0.000000,0.000000,0.000000,0.000000,0.000000,0.000000,0.000000
1784020291.378084,0,0.000000,0.000000,0.000000,0.000000,0.000000,0.000000,0.000000,0.000000,0.000000,0.100000
1784020291.447500,0,0.000000,0.000000,0.000000,0.000000,0.000000,0.000000,0.000000,0.000000,0.000000,0.000000
1784020291.540050,0,0.000000,0.000000,0.000000,0.000000,0.000000,0.000000,0.000000,0.000000,0.000000,0.000000
1784020291.602834,0,0.000000,0.000000,0.000000,0.000000,0.000000,0.000000,0.000000,0.000000,0.000000,0.000000
1784020291.604936,0,0.000000,0.000000,0.000000,0.000000,0.000000,0.000000,0.000000,0.000000,0.000000,0.000000
1784020291.682750,0,0.000000,0.000000,0.000000,0.000000,0.000000,0.000000,0.000000,0.000000,0.000000,0.000000
1784020291.683297,0,0.000000,0.000000,0.000000,0.000000,0.000000,0.000000,0.000000,0.000000,0.000000,0.000000
1784020291.743377,0,0.000000,0.000000,0.000000,0.000000,0.000000,0.000000,0.000000,0.000000,0.000000,0.000000
1784020291.800251,0,0.000000,0.000000,0.000000,0.000000,0.000000,0.000000,0.000000,0.000000,0.000000,0.000000
1784020291.937997,0,0.000000,0.000000,0.000000,0.000000,0.000000,0.000000,0.000000,0.000000,0.000000,0.000000
1784020291.968241,0,0.000000,0.000000,0.000000,0.000000,0.000000,0.000000,0.000000,0.000000,0.000000,0.000000
1784020292.130422,0,0.000000,0.000000,0.000000,0.000000,0.000000,0.000000,0.000000,0.000000,0.000000,0.000000
1784020292.247502,0,0.000000,0.000000,0.000000,0.000000,0.000000,0.000000,0.000000,0.000000,0.000000,0.000000
1784020292.343671,0,0.000000,0.000000,0.000000,0.000000,0.000000,0.000000,0.000000,0.000000,0.000000,0.000000
1784020292.454881,0,0.000000,0.000000,0.000000,0.000000,0.000000,0.000000,0.000000,0.000000,0.000000,0.000000
1784020292.515145,0,0.000000,0.000000,0.000000,0.000000,0.000000,0.000000,0.000000,0.000000,0.000000,0.000000
1784020292.622588,0,0.000000,0.000000,0.000000,0.000000,0.000000,0.000000,0.000000,0.000000,0.000000,0.000000
1784020292.710968,0,0.000000,0.000000,0.000000,0.000000,0.000000,0.000000,0.000000,0.000000,0.000000,0.000000
1784020292.755340,0,0.000000,0.000000,0.000000,0.000000,0.000000,0.000000,0.000000,0.000000,0.000000,0.000000
1784020292.883310,0,0.000000,0.000000,0.000000,0.000000,0.000000,0.000000,0.000000,0.000000,0.000000,0.000000
1784020292.975110,0,0.000000,0.000000,0.000000,0.000000,0.000000,0.000000,0.000000,0.000000,0.000000,0.000000
1784020293.029779,0,0.000000,0.000000,0.000000,0.000000,0.000000,0.000000,0.000000,0.000000,0.500000,0.000000
1784020293.093569,0,0.000000,0.000000,0.000000,0.000000,0.000000,0.000000,0.000000,0.000000,0.000000,0.000000
1784020293.155675,0,0.000000,0.000000,0.000000,0.000000,0.000000,0.000000,0.000000,0.000000,0.000000,0.000000
1784020293.156569,0,0.000000,0.000000,0.000000,0.000000,0.000000,0.000000,0.000000,0.000000,0.000000,0.000000
1784020293.225199,0,0.000000,0.000000,0.000000,0.000000,0.000000,0.000000,0.000000,0.000000,0.000000,0.000000
1784020293.292720,0,0.000000,0.000000,0.000000,0.000000,0.000000,0.000000,0.000000,0.000000,0.250000,0.000000
1784020293.294008,0,0.000000,0.000000,0.000000,0.000000,0.000000,0.000000,0.000000,0.000000,0.000000,0.000000
1784020293.388820,0,0.000000,0.000000,0.000000,0.000000,0.000000,0.000000,0.000000,0.000000,0.000000,0.000000
1784020293.448837,0,0.000000,0.000000,0.000000,0.000000,0.000000,0.000000,0.000000,0.000000,0.000000,0.000000
1784020293.542957,0,0.000000,0.000000,0.000000,0.000000,0.000000,0.000000,0.000000,0.000000,0.000000,0.000000
1784020293.605198,0,0.000000,0.000000,0.000000,0.000000,0.000000,0.000000,0.000000,0.000000,0.000000,0.000000
1784020293.605784,0,0.000000,0.000000,0.000000,0.000000,0.000000,0.000000,0.000000,0.000000,0.000000,0.000000
1784020293.606205,0,0.000000,0.000000,0.000000,0.000000,0.000000,0.000000,0.000000,0.000000,0.000000,0.100000
1784020294.037376,0,0.000000,0.000000,0.000000,0.000000,0.000000,0.000000,0.000000,0.000000,0.000000,0.200000
1784020294.137565,0,0.000000,0.000000,0.000000,0.000000,0.000000,0.000000,0.000000,0.000000,0.000000,0.000000
1784020294.203345,0,0.000000,0.000000,0.000000,0.000000,0.000000,0.000000,0.000000,0.000000,0.000000,0.000000
1784020294.264382,0,0.000000,0.000000,0.000000,0.000000,0.000000,0.000000,0.000000,0.000000,0.000000,0.000000
1784020294.308531,0,0.000000,0.000000,0.000000,0.000000,0.000000,0.000000,0.000000,0.000000,0.000000,0.000000
1784020294.309100,0,0.000000,0.000000,0.000000,0.000000,0.000000,0.000000,0.000000,0.000000,0.000000,0.000000
1784020294.369375,0,0.000000,0.000000,0.000000,0.000000,0.000000,0.000000,0.000000,0.000000,0.000000,0.000000
1784020294.548877,0,0.000000,0.000000,0.000000,0.000000,0.000000,0.000000,0.000000,0.000000,0.000000,0.000000
1784020294.595045,0,0.000000,0.000000,0.000000,0.000000,0.000000,0.000000,0.000000,0.000000,0.000000,0.000000
1784020294.690845,0,0.000000,0.000000,0.000000,0.000000,0.000000,0.000000,0.000000,0.000000,0.000000,0.000000
1784020294.715005,0,0.000000,0.000000,0.000000,0.000000,0.000000,0.000000,0.000000,0.000000,0.000000,0.000000
1784020294.740145,0,0.000000,0.000000,0.000000,0.000000,0.000000,0.000000,0.000000,0.000000,0.000000,0.000000
1784020294.840665,0,0.000000,0.000000,0.000000,0.000000,0.000000,0.000000,0.000000,0.000000,0.000000,0.000000
1784020294.841175,0,0.000000,0.000000,0.000000,0.000000,0.000000,0.000000,0.000000,0.000000,0.000000,0.000000
1784020294.890572,0,0.000000,0.000000,0.000000,0.000000,0.000000,0.000000,0.000000,0.000000,0.000000,0.000000
1784020294.934415,0,0.000000,0.000000,0.000000,0.000000,0.000000,0.000000,0.000000,0.000000,0.000000,0.000000
1784020294.934927,0,0.000000,0.000000,0.000000,0.000000,0.000000,0.000000,0.000000,0.000000,0.000000,0.000000
1784020295.020089,0,0.000000,0.000000,0.000000,0.000000,0.000000,0.000000,0.000000,0.000000,0.000000,0.000000
1784020295.045046,0,0.000000,0.000000,0.000000,0.000000,0.000000,0.000000,0.000000,0.000000,0.000000,0.000000
1784020295.089934,0,0.000000,0.000000,0.000000,0.000000,0.000000,0.000000,0.000000,0.000000,0.000000,0.000000
1784020295.134062,0,0.000000,0.000000,0.000000,0.000000,0.000000,0.000000,0.000000,0.000000,0.000000,0.000000
1784020295.203216,0,0.000000,0.000000,0.000000,0.000000,0.000000,0.000000,0.000000,0.000000,0.000000,0.000000
1784020295.203835,0,0.000000,0.000000,0.000000,0.000000,0.000000,0.000000,0.000000,0.000000,0.000000,0.000000
1784020295.247964,0,0.000000,0.000000,0.000000,0.000000,0.000000,0.000000,0.000000,0.000000,0.000000,0.000000
1784020295.248480,0,0.000000,0.000000,0.000000,0.000000,0.000000,0.000000,0.000000,0.000000,0.000000,0.000000
1784020295.249049,0,0.000000,0.000000,0.000000,0.000000,0.000000,0.000000,0.000000,0.000000,0.000000,0.000000
1784020295.330445,0,0.000000,0.000000,0.000000,0.000000,0.000000,0.000000,0.000000,0.000000,0.000000,0.000000
1784020295.354356,0,0.000000,0.000000,0.000000,0.000000,0.000000,0.000000,0.000000,0.000000,0.000000,0.000000
1784020295.379808,0,0.000000,0.000000,0.000000,0.000000,0.000000,0.000000,0.000000,0.000000,0.000000,0.000000
1784020295.437134,0,0.000000,0.000000,0.000000,0.000000,0.000000,0.000000,0.000000,0.000000,0.000000,0.000000
1784020295.531076,0,0.000000,0.000000,0.000000,0.000000,0.000000,0.000000,0.000000,0.000000,0.000000,0.000000
1784020295.532650,0,0.000000,0.000000,0.000000,0.000000,0.000000,0.000000,0.000000,0.000000,0.000000,0.000000
1784020295.606566,0,0.000000,0.000000,0.000000,0.000000,0.000000,0.000000,0.000000,0.000000,0.000000,0.000000
1784020295.691577,0,0.000000,0.000000,0.000000,0.000000,0.000000,0.000000,0.000000,0.000000,0.000000,0.000000
1784020295.692206,0,0.000000,0.000000,0.000000,0.000000,0.000000,0.000000,0.000000,0.000000,0.000000,0.000000
1784020295.762744,0,0.000000,0.000000,0.000000,0.000000,0.000000,0.000000,0.000000,0.000000,0.000000,0.000000
1784020295.830105,0,0.000000,0.000000,0.000000,0.000000,0.000000,0.000000,0.000000,0.000000,0.000000,0.000000
1784020295.885740,0,0.000000,0.000000,0.000000,0.000000,0.000000,0.000000,0.000000,0.000000,0.000000,0.000000
1784020295.928970,0,0.000000,0.000000,0.000000,0.000000,0.000000,0.000000,0.000000,0.000000,0.000000,0.000000
1784020295.930341,0,0.000000,0.000000,0.000000,0.000000,0.000000,0.000000,0.000000,0.000000,0.000000,0.000000
1784020295.973732,0,0.000000,0.000000,0.000000,0.000000,0.000000,0.000000,0.000000,0.000000,0.000000,0.000000
1784020295.974616,0,0.000000,0.000000,0.000000,0.000000,0.000000,0.000000,0.000000,0.000000,0.000000,0.000000
1784020296.033655,0,0.000000,0.000000,0.000000,0.000000,0.000000,0.000000,0.000000,0.000000,0.000000,0.000000
1784020296.034331,0,0.000000,0.000000,0.000000,0.000000,0.000000,0.000000,0.000000,0.000000,0.000000,0.000000
1784020296.085463,0,0.000000,0.000000,0.000000,0.000000,0.000000,0.000000,0.000000,0.000000,0.000000,0.000000
1784020296.110217,0,0.000000,0.000000,0.000000,0.000000,0.000000,0.000000,0.000000,0.000000,0.000000,0.000000
1784020296.111671,0,0.000000,0.000000,0.000000,0.000000,0.000000,0.000000,0.000000,0.000000,0.000000,0.000000
1784020296.191092,0,0.000000,0.000000,0.000000,0.000000,0.000000,0.000000,0.000000,0.000000,0.000000,0.000000
1784020296.214662,0,0.000000,0.000000,0.000000,0.000000,0.000000,0.000000,0.000000,0.000000,0.000000,0.000000
1784020296.257561,0,0.000000,0.000000,0.000000,0.000000,0.000000,0.000000,0.000000,0.000000,0.000000,0.000000
1784020296.313021,0,0.000000,0.000000,0.000000,0.000000,0.000000,0.000000,0.000000,0.000000,0.000000,0.000000
1784020296.313897,0,0.000000,0.000000,0.000000,0.000000,0.000000,0.000000,0.000000,0.000000,0.000000,0.000000
1784020296.338228,0,0.000000,0.000000,0.000000,0.000000,0.000000,0.000000,0.000000,0.000000,0.250000,0.000000
1784020296.381754,0,0.000000,0.000000,0.000000,0.000000,0.000000,0.000000,0.000000,0.000000,0.000000,0.000000
1784020296.382268,0,0.000000,0.000000,0.000000,0.000000,0.000000,0.000000,0.000000,0.000000,0.000000,0.000000
1784020296.425382,0,0.000000,0.000000,0.000000,0.000000,0.000000,0.000000,0.000000,0.000000,0.000000,0.000000
1784020296.427101,0,0.000000,0.000000,0.000000,0.000000,0.000000,0.000000,0.000000,0.000000,0.000000,0.200000
1784020296.469649,0,0.000000,0.000000,0.000000,0.000000,0.000000,0.000000,0.000000,0.000000,0.000000,0.000000
1784020296.470845,0,0.000000,0.000000,0.000000,0.000000,0.000000,0.000000,0.000000,0.000000,0.000000,0.000000
1784020296.589036,0,0.000000,0.000000,0.000000,0.000000,0.000000,0.000000,0.000000,0.000000,0.250000,0.000000
1784020296.613755,0,0.000000,0.000000,0.000000,0.000000,0.000000,0.000000,0.000000,0.000000,0.000000,0.000000
1784020296.662283,0,0.000000,0.000000,0.000000,0.000000,0.000000,0.000000,0.000000,0.000000,0.000000,0.000000
1784020296.705732,0,0.000000,0.000000,0.000000,0.000000,0.000000,0.000000,0.000000,0.000000,0.000000,0.000000
1784020296.706457,0,0.000000,0.000000,0.000000,0.000000,0.000000,0.000000,0.000000,0.000000,0.000000,0.000000
1784020296.759171,0,0.000000,0.000000,0.000000,0.000000,0.000000,0.000000,0.000000,0.000000,0.000000,0.000000
1784020296.759709,0,0.000000,0.000000,0.000000,0.000000,0.000000,0.000000,0.000000,0.000000,0.000000,0.000000
1784020296.801670,0,0.000000,0.000000,0.000000,0.000000,0.000000,0.000000,0.000000,0.000000,0.000000,0.100000
1784020296.802431,0,0.000000,0.000000,0.000000,0.000000,0.000000,0.000000,0.000000,0.000000,0.000000,0.000000
1784020296.845311,0,0.000000,0.000000,0.000000,0.000000,0.000000,0.000000,0.000000,0.000000,0.000000,0.000000
1784020296.846183,0,0.000000,0.000000,0.000000,0.000000,0.000000,0.000000,0.000000,0.000000,0.250000,0.000000
1784020296.889588,0,0.000000,0.000000,0.000000,0.000000,0.000000,0.000000,0.000000,0.000000,0.000000,0.000000
1784020296.934466,0,0.000000,0.000000,0.000000,0.000000,0.000000,0.000000,0.000000,0.000000,0.000000,0.000000
1784020296.934986,0,0.000000,0.000000,0.000000,0.000000,0.000000,0.000000,0.000000,0.000000,0.000000,0.000000
1784020296.935910,0,0.000000,0.000000,0.000000,0.000000,0.000000,0.000000,0.000000,0.000000,0.000000,0.000000
1784020296.978952,0,0.000000,0.000000,0.000000,0.000000,0.000000,0.000000,0.000000,0.000000,0.000000,0.100000
1784020296.979600,0,0.000000,0.000000,0.000000,0.000000,0.000000,0.000000,0.000000,0.000000,0.000000,0.000000
1784020297.038010,0,0.000000,0.000000,0.000000,0.000000,0.000000,0.000000,0.000000,0.000000,0.000000,0.200000
1784020297.061124,0,0.000000,0.000000,0.000000,0.000000,0.000000,0.000000,0.000000,0.000000,0.000000,0.000000
1784020297.109015,0,0.000000,0.000000,0.000000,0.000000,0.000000,0.000000,0.000000,0.000000,0.000000,0.000000
1784020297.153122,0,0.000000,0.000000,0.000000,0.000000,0.000000,0.000000,0.000000,0.000000,0.000000,0.000000
1784020297.207361,0,0.000000,0.000000,0.000000,0.000000,0.000000,0.000000,0.000000,0.000000,0.000000,0.000000
1784020297.357004,0,0.000000,0.000000,0.000000,0.000000,0.000000,0.000000,0.000000,0.000000,0.000000,0.000000
1784020297.420966,0,0.000000,0.000000,0.000000,0.000000,0.000000,0.000000,0.000000,0.000000,0.000000,0.000000
1784020297.484251,0,0.000000,0.000000,0.000000,0.000000,0.000000,0.000000,0.000000,0.000000,0.000000,0.000000
1784020297.547254,0,0.000000,0.000000,0.000000,0.000000,0.000000,0.000000,0.000000,0.000000,0.250000,0.000000
1784020297.667995,0,0.000000,0.000000,0.000000,0.000000,0.000000,0.000000,0.000000,0.000000,0.000000,0.000000
1784020297.765194,0,0.000000,0.000000,0.000000,0.000000,0.000000,0.000000,0.000000,0.000000,0.000000,0.000000
1784020297.889879,0,0.000000,0.000000,0.000000,0.000000,0.000000,0.000000,0.000000,0.000000,0.000000,0.000000
1784020297.953793,0,0.000000,0.000000,0.000000,0.000000,0.000000,0.000000,0.000000,0.000000,0.000000,0.000000
1784020298.000792,0,0.000000,0.000000,0.000000,0.000000,0.000000,0.000000,0.000000,0.000000,0.000000,0.000000
1784020298.125182,0,0.000000,0.000000,0.000000,0.000000,0.000000,0.000000,0.000000,0.000000,0.000000,0.000000
1784020298.171399,0,0.000000,0.000000,0.000000,0.000000,0.000000,0.000000,0.000000,0.000000,0.000000,0.000000
1784020298.387854,0,0.000000,0.000000,0.000000,0.000000,0.000000,0.000000,0.000000,0.000000,0.000000,0.000000
1784020298.411677,0,0.000000,0.000000,0.000000,0.000000,0.000000,0.000000,0.000000,0.000000,0.000000,0.000000
1784020298.493739,0,0.000000,0.000000,0.000000,0.000000,0.000000,0.000000,0.000000,0.000000,0.000000,0.000000
1784020299.220257,0,0.000000,0.000000,0.000000,0.000000,0.000000,0.000000,0.000000,0.000000,0.000000,0.000000
1784020299.469665,0,0.000000,0.000000,0.000000,0.000000,0.000000,0.000000,0.000000,0.000000,0.000000,0.000000
1784020299.471515,0,0.000000,0.000000,0.000000,0.000000,0.000000,0.000000,0.000000,0.000000,0.000000,0.000000
1784020299.694468,0,0.000000,0.000000,0.000000,0.000000,0.000000,0.000000,0.000000,0.000000,0.000000,0.000000
1784020299.822049,0,0.000000,0.000000,0.000000,0.000000,0.000000,0.000000,0.000000,0.000000,0.000000,0.000000
1784020299.846288,0,0.000000,0.000000,0.000000,0.000000,0.000000,0.000000,0.000000,0.000000,0.000000,0.000000
1784020299.891887,0,0.000000,0.000000,0.000000,0.000000,0.000000,0.000000,0.000000,0.000000,0.000000,0.000000
1784020299.970439,0,0.000000,0.000000,0.000000,0.000000,0.000000,0.000000,0.000000,0.000000,0.000000,0.000000
1784020300.016713,0,0.000000,0.000000,0.000000,0.000000,0.000000,0.000000,0.000000,0.000000,0.000000,0.000000
1784020300.112591,0,0.000000,0.000000,0.000000,0.000000,0.000000,0.000000,0.000000,0.000000,0.000000,0.000000
1784020300.225156,0,0.000000,0.000000,0.000000,0.000000,0.000000,0.000000,0.000000,0.000000,0.000000,0.000000
1784020300.301028,0,0.000000,0.000000,0.000000,0.000000,0.000000,0.000000,0.000000,0.000000,0.000000,0.000000
1784020300.345728,0,0.000000,0.000000,0.000000,0.000000,0.000000,0.000000,0.000000,0.000000,0.000000,0.000000
1784020300.391361,0,0.000000,0.000000,0.000000,0.000000,0.000000,0.000000,0.000000,0.000000,0.000000,0.000000
1784020300.392171,0,0.000000,0.000000,0.000000,0.000000,0.000000,0.000000,0.000000,0.000000,0.000000,0.100000
1784020300.392586,0,0.000000,0.000000,0.000000,0.000000,0.000000,0.000000,0.000000,0.000000,0.000000,0.000000
1784020300.435951,0,0.000000,0.000000,0.000000,0.000000,0.000000,0.000000,0.000000,0.000000,0.000000,0.000000
1784020300.482786,0,0.000000,0.000000,0.000000,0.000000,0.000000,0.000000,0.000000,0.000000,0.000000,0.000000
1784020300.607626,0,0.000000,0.000000,0.000000,0.000000,0.000000,0.000000,0.000000,0.000000,0.000000,0.000000
1784020300.684830,0,0.000000,0.000000,0.000000,0.000000,0.000000,0.000000,0.000000,0.000000,0.000000,0.000000
1784020300.769935,0,0.000000,0.000000,0.000000,0.000000,0.000000,0.000000,0.000000,0.000000,0.000000,0.100000
1784020300.770554,0,0.000000,0.000000,0.000000,0.000000,0.000000,0.000000,0.000000,0.000000,0.000000,0.000000
1784020300.863691,0,0.000000,0.000000,0.000000,0.000000,0.000000,0.000000,0.000000,0.000000,0.000000,0.000000
1784020300.923408,0,0.000000,0.000000,0.000000,0.000000,0.000000,0.000000,0.000000,0.000000,0.000000,0.000000
1784020301.026058,0,0.000000,0.000000,0.000000,0.000000,0.000000,0.000000,0.000000,0.000000,0.000000,0.000000
1784020301.110427,0,0.000000,0.000000,0.000000,0.000000,0.000000,0.000000,0.000000,0.000000,0.000000,0.000000
1784020301.156626,0,0.000000,0.000000,0.000000,0.000000,0.000000,0.000000,0.000000,0.000000,0.000000,0.000000
1784020301.157207,0,0.000000,0.000000,0.000000,0.000000,0.000000,0.000000,0.000000,0.000000,0.000000,0.200000
1784020301.260452,0,0.000000,0.000000,0.000000,0.000000,0.000000,0.000000,0.000000,0.000000,0.000000,0.000000
1784020301.367253,0,0.000000,0.000000,0.000000,0.000000,0.000000,0.000000,0.000000,0.000000,0.000000,0.000000
1784020301.411048,0,0.000000,0.000000,0.000000,0.000000,0.000000,0.000000,0.000000,0.000000,0.000000,0.000000
1784020301.473904,0,0.000000,0.000000,0.000000,0.000000,0.000000,0.000000,0.000000,0.000000,0.000000,0.000000
1784020301.592261,0,0.000000,0.000000,0.000000,0.000000,0.000000,0.000000,0.000000,0.000000,0.000000,0.000000
1784020301.847348,0,0.000000,0.000000,0.000000,0.000000,0.000000,0.000000,0.000000,0.000000,0.000000,0.000000
1784020301.943792,0,0.000000,0.000000,0.000000,0.000000,0.000000,0.000000,0.000000,0.000000,0.000000,0.000000
1784020301.944420,0,0.000000,0.000000,0.000000,0.000000,0.000000,0.000000,0.000000,0.000000,0.000000,0.000000
1784020302.029602,0,0.000000,0.000000,0.000000,0.000000,0.000000,0.000000,0.000000,0.000000,0.000000,0.000000
1784020302.074254,0,0.000000,0.000000,0.000000,0.000000,0.000000,0.000000,0.000000,0.000000,0.000000,0.000000
1784020302.445779,0,0.000000,0.000000,0.000000,0.000000,0.000000,0.000000,0.000000,0.000000,0.000000,0.100000
1784020302.490057,0,0.000000,0.000000,0.000000,0.000000,0.000000,0.000000,0.000000,0.000000,0.000000,0.000000
1784020302.701608,0,0.000000,0.000000,0.000000,0.000000,0.000000,0.000000,0.000000,0.000000,0.000000,0.000000
1784020302.783812,0,0.000000,0.000000,0.000000,0.000000,0.000000,0.000000,0.000000,0.000000,0.000000,0.000000
1784020302.851122,0,0.000000,0.000000,0.000000,0.000000,0.000000,0.000000,0.000000,0.000000,0.000000,0.000000
1784020303.052851,0,0.000000,0.000000,0.000000,0.000000,0.000000,0.000000,0.000000,0.000000,0.000000,0.000000
1784020303.099109,0,0.000000,0.000000,0.000000,0.000000,0.000000,0.000000,0.000000,0.000000,0.000000,0.000000
1784020303.144177,0,0.000000,0.000000,0.000000,0.000000,0.000000,0.000000,0.000000,0.000000,0.000000,0.000000
1784020303.144710,0,0.000000,0.000000,0.000000,0.000000,0.000000,0.000000,0.000000,0.000000,0.000000,0.000000
1784020303.145095,0,0.000000,0.000000,0.000000,0.000000,0.000000,0.000000,0.000000,0.000000,0.000000,0.000000
1784020303.223039,0,0.000000,0.000000,0.000000,0.000000,0.000000,0.000000,0.000000,0.000000,0.000000,0.000000
1784020303.315647,0,0.000000,0.000000,0.000000,0.000000,0.000000,0.000000,0.000000,0.000000,0.000000,0.000000
1784020303.416639,0,0.000000,0.000000,0.000000,0.000000,0.000000,0.000000,0.000000,0.000000,0.000000,0.000000
1784020303.441544,0,0.000000,0.000000,0.000000,0.000000,0.000000,0.000000,0.000000,0.000000,0.000000,0.000000
1784020303.465878,0,0.000000,0.000000,0.000000,0.000000,0.000000,0.000000,0.000000,0.000000,0.000000,0.000000
1784020303.510720,0,0.000000,0.000000,0.000000,0.000000,0.000000,0.000000,0.000000,0.000000,0.000000,0.000000
1784020303.511895,0,0.000000,0.000000,0.000000,0.000000,0.000000,0.000000,0.000000,0.000000,0.000000,0.000000
1784020303.556118,0,0.000000,0.000000,0.000000,0.000000,0.000000,0.000000,0.000000,0.000000,0.000000,0.000000
1784020303.556640,0,0.000000,0.000000,0.000000,0.000000,0.000000,0.000000,0.000000,0.000000,0.000000,0.000000
1784020303.600062,0,0.000000,0.000000,0.000000,0.000000,0.000000,0.000000,0.000000,0.000000,0.000000,0.000000
1784020303.643887,0,0.000000,0.000000,0.000000,0.000000,0.000000,0.000000,0.000000,0.000000,0.250000,0.000000
1784020303.688277,0,0.000000,0.000000,0.000000,0.000000,0.000000,0.000000,0.000000,0.000000,0.000000,0.000000
1784020303.689021,0,0.000000,0.000000,0.000000,0.000000,0.000000,0.000000,0.000000,0.000000,0.250000,0.000000
1784020303.689448,0,0.000000,0.000000,0.000000,0.000000,0.000000,0.000000,0.000000,0.000000,0.000000,0.000000
1784020303.803592,0,0.000000,0.000000,0.000000,0.000000,0.000000,0.000000,0.000000,0.000000,0.250000,0.000000
1784020303.848650,0,0.000000,0.000000,0.000000,0.000000,0.000000,0.000000,0.000000,0.000000,0.000000,0.000000
1784020303.891953,0,0.000000,0.000000,0.000000,0.000000,0.000000,0.000000,0.000000,0.000000,0.000000,0.000000
1784020303.991857,0,0.000000,0.000000,0.000000,0.000000,0.000000,0.000000,0.000000,0.000000,0.000000,0.000000
1784020304.088619,0,0.000000,0.000000,0.000000,0.000000,0.000000,0.000000,0.000000,0.000000,0.000000,0.000000
1784020304.164910,0,0.000000,0.000000,0.000000,0.000000,0.000000,0.000000,0.000000,0.000000,0.000000,0.000000
1784020304.312711,0,0.000000,0.000000,0.000000,0.000000,0.000000,0.000000,0.000000,0.000000,0.000000,0.000000
1784020304.313246,0,0.000000,0.000000,0.000000,0.000000,0.000000,0.000000,0.000000,0.000000,0.000000,0.000000
1784020304.531582,0,0.000000,0.000000,0.000000,0.000000,0.000000,0.000000,0.000000,0.000000,0.000000,0.000000
1784020304.659025,0,0.000000,0.000000,0.000000,0.000000,0.000000,0.000000,0.000000,0.000000,0.000000,0.000000
1784020304.714174,0,0.000000,0.000000,0.000000,0.000000,0.000000,0.000000,0.000000,0.000000,0.000000,0.000000
1784020304.714847,0,0.000000,0.000000,0.000000,0.000000,0.000000,0.000000,0.000000,0.000000,0.000000,0.000000
1784020304.749550,0,0.000000,0.000000,0.000000,0.000000,0.000000,0.000000,0.000000,0.000000,0.250000,0.000000
1784020304.750164,0,0.000000,0.000000,0.000000,0.000000,0.000000,0.000000,0.000000,0.000000,0.000000,0.000000
1784020304.839385,0,0.000000,0.000000,0.000000,0.000000,0.000000,0.000000,0.000000,0.000000,0.000000,0.100000
1784020305.859181,0,0.000000,0.000000,0.000000,0.000000,0.000000,0.000000,0.000000,0.000000,0.000000,0.000000
1784020306.730623,0,0.000000,0.000000,0.000000,0.000000,0.000000,0.000000,0.000000,0.000000,0.000000,0.000000
1784020306.815651,0,0.000000,0.000000,0.000000,0.000000,0.000000,0.000000,0.000000,0.000000,0.000000,0.000000
1784020306.901070,0,0.000000,0.000000,0.000000,0.000000,0.000000,0.000000,0.000000,0.000000,0.000000,0.000000
1784020307.151467,0,0.000000,0.000000,0.000000,0.000000,0.000000,0.000000,0.000000,0.000000,0.000000,0.100000
1784020307.307332,0,0.000000,0.000000,0.000000,0.000000,0.000000,0.000000,0.000000,0.000000,0.000000,0.000000
1784020307.434449,0,0.000000,0.000000,0.000000,0.000000,0.000000,0.000000,0.000000,0.000000,0.000000,0.000000
1784020307.509572,0,0.000000,0.000000,0.000000,0.000000,0.000000,0.000000,0.000000,0.000000,0.000000,0.000000
1784020307.576890,0,0.000000,0.000000,0.000000,0.000000,0.000000,0.000000,0.000000,0.000000,0.000000,0.000000
1784020307.577427,0,0.000000,0.000000,0.000000,0.000000,0.000000,0.000000,0.000000,0.000000,0.000000,0.000000
1784020307.577833,0,0.000000,0.000000,0.000000,0.000000,0.000000,0.000000,0.000000,0.000000,0.000000,0.200000
1784020307.578642,0,0.000000,0.000000,0.000000,0.000000,0.000000,0.000000,0.000000,0.000000,0.000000,0.000000
1784020307.658949,0,0.000000,0.000000,0.000000,0.000000,0.000000,0.000000,0.000000,0.000000,0.000000,0.000000
1784020307.659510,0,0.000000,0.000000,0.000000,0.000000,0.000000,0.000000,0.000000,0.000000,0.000000,0.200000
1784020307.660814,0,0.000000,0.000000,0.000000,0.000000,0.000000,0.000000,0.000000,0.000000,0.000000,0.000000
1784020307.702270,0,0.000000,0.000000,0.000000,0.000000,0.000000,0.000000,0.000000,0.000000,0.000000,0.000000
1784020307.746271,0,0.000000,0.000000,0.000000,0.000000,0.000000,0.000000,0.000000,0.000000,0.000000,0.000000
1784020307.789649,0,0.000000,0.000000,0.000000,0.000000,0.000000,0.000000,0.000000,0.000000,0.000000,0.000000
1784020307.790534,0,0.000000,0.000000,0.000000,0.000000,0.000000,0.000000,0.000000,0.000000,0.000000,0.000000
1784020307.791240,0,0.000000,0.000000,0.000000,0.000000,0.000000,0.000000,0.000000,0.000000,0.000000,0.000000
1784020307.864578,0,0.000000,0.000000,0.000000,0.000000,0.000000,0.000000,0.000000,0.000000,0.000000,0.000000
1784020307.935971,0,0.000000,0.000000,0.000000,0.000000,0.000000,0.000000,0.000000,0.000000,0.000000,0.000000
1784020308.015605,0,0.000000,0.000000,0.000000,0.000000,0.000000,0.000000,0.000000,0.000000,0.000000,0.000000
1784020308.089621,0,0.000000,0.000000,0.000000,0.000000,0.000000,0.000000,0.000000,0.000000,0.000000,0.000000
1784020308.090153,0,0.000000,0.000000,0.000000,0.000000,0.000000,0.000000,0.000000,0.000000,0.000000,0.000000
1784020308.090569,0,0.000000,0.000000,0.000000,0.000000,0.000000,0.000000,0.000000,0.000000,0.250000,0.000000
1784020308.168070,0,0.000000,0.000000,0.000000,0.000000,0.000000,0.000000,0.000000,0.000000,0.000000,0.000000
1784020308.251215,0,0.000000,0.000000,0.000000,0.000000,0.000000,0.000000,0.000000,0.000000,0.000000,0.100000
1784020308.251836,0,0.000000,0.000000,0.000000,0.000000,0.000000,0.000000,0.000000,0.000000,0.000000,0.000000
1784020308.348577,0,0.000000,0.000000,0.000000,0.000000,0.000000,0.000000,0.000000,0.000000,0.000000,0.000000
1784020308.413181,0,0.000000,0.000000,0.000000,0.000000,0.000000,0.000000,0.000000,0.000000,0.000000,0.000000
1784020308.454235,0,0.000000,0.000000,0.000000,0.000000,0.000000,0.000000,0.000000,0.000000,0.000000,0.000000
1784020308.535924,0,0.000000,0.000000,0.000000,0.000000,0.000000,0.000000,0.000000,0.000000,0.000000,0.000000
1784020308.632704,0,0.000000,0.000000,0.000000,0.000000,0.000000,0.000000,0.000000,0.000000,0.000000,0.000000
1784020308.710358,0,0.000000,0.000000,0.000000,0.000000,0.000000,0.000000,0.000000,0.000000,0.000000,0.000000
1784020308.710918,0,0.000000,0.000000,0.000000,0.000000,0.000000,0.000000,0.000000,0.000000,0.000000,0.100000
1784020308.711732,0,0.000000,0.000000,0.000000,0.000000,0.000000,0.000000,0.000000,0.000000,0.000000,0.000000
1784020308.712598,0,0.000000,0.000000,0.000000,0.000000,0.000000,0.000000,0.000000,0.000000,0.000000,0.000000
1784020308.713242,0,0.000000,0.000000,0.000000,0.000000,0.000000,0.000000,0.000000,0.000000,0.000000,0.000000
1784020308.782492,0,0.000000,0.000000,0.000000,0.000000,0.000000,0.000000,0.000000,0.000000,0.000000,0.000000
1784020308.783637,0,0.000000,0.000000,0.000000,0.000000,0.000000,0.000000,0.000000,0.000000,0.000000,0.000000
1784020308.784617,0,0.000000,0.000000,0.000000,0.000000,0.000000,0.000000,0.000000,0.000000,0.000000,0.000000
1784020308.857756,0,0.000000,0.000000,0.000000,0.000000,0.000000,0.000000,0.000000,0.000000,0.000000,0.000000
1784020308.903190,0,0.000000,0.000000,0.000000,0.000000,0.000000,0.000000,0.000000,0.000000,0.000000,0.000000
1784020308.979653,0,0.000000,0.000000,0.000000,0.000000,0.000000,0.000000,0.000000,0.000000,0.000000,0.100000
1784020309.047453,0,0.000000,0.000000,0.000000,0.000000,0.000000,0.000000,0.000000,0.000000,0.000000,0.000000
1784020309.047960,0,0.000000,0.000000,0.000000,0.000000,0.000000,0.000000,0.000000,0.000000,0.000000,0.000000
1784020309.048360,0,0.000000,0.000000,0.000000,0.000000,0.000000,0.000000,0.000000,0.000000,0.250000,0.000000
1784020309.049628,0,0.000000,0.000000,0.000000,0.000000,0.000000,0.000000,0.000000,0.000000,0.000000,0.000000
1784020309.099063,0,0.000000,0.000000,0.000000,0.000000,0.000000,0.000000,0.000000,0.000000,0.000000,0.000000
1784020309.151170,0,0.000000,0.000000,0.000000,0.000000,0.000000,0.000000,0.000000,0.000000,0.000000,0.000000
1784020309.209367,0,0.000000,0.000000,0.000000,0.000000,0.000000,0.000000,0.000000,0.000000,0.000000,0.000000
1784020309.210118,0,0.000000,0.000000,0.000000,0.000000,0.000000,0.000000,0.000000,0.000000,0.000000,0.000000
1784020309.210555,0,0.000000,0.000000,0.000000,0.000000,0.000000,0.000000,0.000000,0.000000,0.000000,0.000000
1784020309.266910,0,0.000000,0.000000,0.000000,0.000000,0.000000,0.000000,0.000000,0.000000,0.000000,0.000000
1784020309.267408,0,0.000000,0.000000,0.000000,0.000000,0.000000,0.000000,0.000000,0.000000,0.000000,0.000000
1784020309.268008,0,0.000000,0.000000,0.000000,0.000000,0.000000,0.000000,0.000000,0.000000,0.000000,0.000000
1784020309.305466,0,0.000000,0.000000,0.000000,0.000000,0.000000,0.000000,0.000000,0.000000,0.500000,0.000000
1784020309.361503,0,0.000000,0.000000,0.000000,0.000000,0.000000,0.000000,0.000000,0.000000,0.000000,0.100000
1784020309.421952,0,0.000000,0.000000,0.000000,0.000000,0.000000,0.000000,0.000000,0.000000,0.000000,0.000000
1784020309.422498,0,0.000000,0.000000,0.000000,0.000000,0.000000,0.000000,0.000000,0.000000,0.000000,0.000000
1784020309.484756,0,0.000000,0.000000,0.000000,0.000000,0.000000,0.000000,0.000000,0.000000,0.000000,0.000000
1784020309.485274,0,0.000000,0.000000,0.000000,0.000000,0.000000,0.000000,0.000000,0.000000,0.000000,0.000000
1784020309.548715,0,0.000000,0.000000,0.000000,0.000000,0.000000,0.000000,0.000000,0.000000,0.000000,0.000000
1784020309.584490,0,0.000000,0.000000,0.000000,0.000000,0.000000,0.000000,0.000000,0.000000,0.000000,0.000000
1784020309.676108,0,0.000000,0.000000,0.000000,0.000000,0.000000,0.000000,0.000000,0.000000,0.000000,0.000000
1784020309.734862,0,0.000000,0.000000,0.000000,0.000000,0.000000,0.000000,0.000000,0.000000,0.000000,0.000000
1784020309.735542,0,0.000000,0.000000,0.000000,0.000000,0.000000,0.000000,0.000000,0.000000,0.000000,0.000000
1784020309.736230,0,0.000000,0.000000,0.000000,0.000000,0.000000,0.000000,0.000000,0.000000,0.000000,0.000000
1784020309.736675,0,0.000000,0.000000,0.000000,0.000000,0.000000,0.000000,0.000000,0.000000,0.000000,0.000000
1784020309.737115,0,0.000000,0.000000,0.000000,0.000000,0.000000,0.000000,0.000000,0.000000,0.000000,0.000000
1784020309.796368,0,0.000000,0.000000,0.000000,0.000000,0.000000,0.000000,0.000000,0.000000,0.000000,0.000000
1784020309.796946,0,0.000000,0.000000,0.000000,0.000000,0.000000,0.000000,0.000000,0.000000,0.000000,0.100000
1784020309.797430,0,0.000000,0.000000,0.000000,0.000000,0.000000,0.000000,0.000000,0.000000,0.000000,0.000000
1784020309.797927,0,0.000000,0.000000,0.000000,0.000000,0.000000,0.000000,0.000000,0.000000,0.000000,0.000000
1784020309.866215,0,0.000000,0.000000,0.000000,0.000000,0.000000,0.000000,0.000000,0.000000,0.000000,0.100000
1784020309.934945,0,0.000000,0.000000,0.000000,0.000000,0.000000,0.000000,0.000000,0.000000,0.000000,0.000000
1784020309.935584,0,0.000000,0.000000,0.000000,0.000000,0.000000,0.000000,0.000000,0.000000,0.000000,0.000000
1784020309.936547,0,0.000000,0.000000,0.000000,0.000000,0.000000,0.000000,0.000000,0.000000,0.000000,0.000000
1784020310.049334,0,0.000000,0.000000,0.000000,0.000000,0.000000,0.000000,0.000000,0.000000,0.000000,0.000000
1784020310.120948,0,0.000000,0.000000,0.000000,0.000000,0.000000,0.000000,0.000000,0.000000,0.000000,0.000000
1784020310.121692,0,0.000000,0.000000,0.000000,0.000000,0.000000,0.000000,0.000000,0.000000,0.000000,0.000000
1784020310.122122,0,0.000000,0.000000,0.000000,0.000000,0.000000,0.000000,0.000000,0.000000,0.000000,0.100000
1784020310.189772,0,0.000000,0.000000,0.000000,0.000000,0.000000,0.000000,0.000000,0.000000,0.000000,0.000000
1784020310.262238,0,0.000000,0.000000,0.000000,0.000000,0.000000,0.000000,0.000000,0.000000,0.000000,0.000000
1784020310.263183,0,0.000000,0.000000,0.000000,0.000000,0.000000,0.000000,0.000000,0.000000,0.000000,0.000000
1784020310.263844,0,0.000000,0.000000,0.000000,0.000000,0.000000,0.000000,0.000000,0.000000,0.000000,0.000000
1784020310.337973,0,0.000000,0.000000,0.000000,0.000000,0.000000,0.000000,0.000000,0.000000,0.000000,0.000000
1784020310.338481,0,0.000000,0.000000,0.000000,0.000000,0.000000,0.000000,0.000000,0.000000,0.000000,0.000000
1784020310.338877,0,0.000000,0.000000,0.000000,0.000000,0.000000,0.000000,0.000000,0.000000,0.000000,0.000000
1784020310.339244,0,0.000000,0.000000,0.000000,0.000000,0.000000,0.000000,0.000000,0.000000,0.000000,0.000000
1784020310.414031,0,0.000000,0.000000,0.000000,0.000000,0.000000,0.000000,0.000000,0.000000,0.000000,0.000000
1784020310.414808,0,0.000000,0.000000,0.000000,0.000000,0.000000,0.000000,0.000000,0.000000,0.000000,0.000000
1784020310.415975,0,0.000000,0.000000,0.000000,0.000000,0.000000,0.000000,0.000000,0.000000,0.000000,0.000000
1784020310.416446,0,0.000000,0.000000,0.000000,0.000000,0.000000,0.000000,0.000000,0.000000,0.000000,0.000000
1784020310.417032,0,0.000000,0.000000,0.000000,0.000000,0.000000,0.000000,0.000000,0.000000,0.000000,0.000000
1784020310.461315,0,0.000000,0.000000,0.000000,0.000000,0.000000,0.000000,0.000000,0.000000,0.000000,0.000000
1784020310.534341,0,0.000000,0.000000,0.000000,0.000000,0.000000,0.000000,0.000000,0.000000,0.000000,0.000000
1784020310.613950,0,0.000000,0.000000,0.000000,0.000000,0.000000,0.000000,0.000000,0.000000,0.000000,0.000000
1784020310.687691,0,0.000000,0.000000,0.000000,0.000000,0.000000,0.000000,0.000000,0.000000,0.000000,0.000000
1784020310.688249,0,0.000000,0.000000,0.000000,0.000000,0.000000,0.000000,0.000000,0.000000,0.000000,0.000000
1784020310.689093,0,0.000000,0.000000,0.000000,0.000000,0.000000,0.000000,0.000000,0.000000,0.000000,0.000000
1784020310.690146,0,0.000000,0.000000,0.000000,0.000000,0.000000,0.000000,0.000000,0.000000,0.000000,0.000000
1784020310.690735,0,0.000000,0.000000,0.000000,0.000000,0.000000,0.000000,0.000000,0.000000,0.000000,0.000000
1784020310.730168,0,0.000000,0.000000,0.000000,0.000000,0.000000,0.000000,0.000000,0.000000,0.000000,0.000000
1784020310.730644,0,0.000000,0.000000,0.000000,0.000000,0.000000,0.000000,0.000000,0.000000,0.000000,0.000000
1784020310.766416,0,0.000000,0.000000,0.000000,0.000000,0.000000,0.000000,0.000000,0.000000,0.000000,0.000000
1784020310.766924,0,0.000000,0.000000,0.000000,0.000000,0.000000,0.000000,0.000000,0.000000,0.000000,0.000000
1784020310.767402,0,0.000000,0.000000,0.000000,0.000000,0.000000,0.000000,0.000000,0.000000,0.000000,0.000000
1784020310.828888,0,0.000000,0.000000,0.000000,0.000000,0.000000,0.000000,0.000000,0.000000,0.000000,0.000000
1784020310.829375,0,0.000000,0.000000,0.000000,0.000000,0.000000,0.000000,0.000000,0.000000,0.000000,0.000000
1784020310.829753,0,0.000000,0.000000,0.000000,0.000000,0.000000,0.000000,0.000000,0.000000,0.000000,0.000000
1784020310.889905,0,0.000000,0.000000,0.000000,0.000000,0.000000,0.000000,0.000000,0.000000,0.000000,0.000000
1784020310.953630,0,0.000000,0.000000,0.000000,0.000000,0.000000,0.000000,0.000000,0.000000,0.000000,0.000000
1784020310.954478,0,0.000000,0.000000,0.000000,0.000000,0.000000,0.000000,0.000000,0.000000,0.000000,0.000000
1784020310.955006,0,0.000000,0.000000,0.000000,0.000000,0.000000,0.000000,0.000000,0.000000,0.000000,0.000000
1784020310.955453,0,0.000000,0.000000,0.000000,0.000000,0.000000,0.000000,0.000000,0.000000,0.000000,0.000000
1784020311.035336,0,0.000000,0.000000,0.000000,0.000000,0.000000,0.000000,0.000000,0.000000,0.250000,0.000000
1784020311.036106,0,0.000000,0.000000,0.000000,0.000000,0.000000,0.000000,0.000000,0.000000,0.000000,0.000000
1784020311.109087,0,0.000000,0.000000,0.000000,0.000000,0.000000,0.000000,0.000000,0.000000,0.000000,0.200000
1784020311.109597,0,0.000000,0.000000,0.000000,0.000000,0.000000,0.000000,0.000000,0.000000,0.000000,0.000000
1784020311.110165,0,0.000000,0.000000,0.000000,0.000000,0.000000,0.000000,0.000000,0.000000,0.000000,0.000000
1784020311.183292,0,0.000000,0.000000,0.000000,0.000000,0.000000,0.000000,0.000000,0.000000,0.000000,0.000000
1784020311.423806,0,0.000000,0.000000,0.000000,0.000000,0.000000,0.000000,0.000000,0.000000,0.000000,0.000000
1784020311.466949,0,0.000000,0.000000,0.000000,0.000000,0.000000,0.000000,0.000000,0.000000,0.000000,0.000000
1784020311.467449,0,0.000000,0.000000,0.000000,0.000000,0.000000,0.000000,0.000000,0.000000,0.000000,0.000000
1784020311.508551,0,0.000000,0.000000,0.000000,0.000000,0.000000,0.000000,0.000000,0.000000,0.000000,0.200000
1784020311.509068,0,0.000000,0.000000,0.000000,0.000000,0.000000,0.000000,0.000000,0.000000,0.000000,0.000000
1784020311.509502,0,0.000000,0.000000,0.000000,0.000000,0.000000,0.000000,0.000000,0.000000,0.000000,0.200000
1784020311.509892,0,0.000000,0.000000,0.000000,0.000000,0.000000,0.000000,0.000000,0.000000,0.000000,0.000000
1784020311.571325,0,0.000000,0.000000,0.000000,0.000000,0.000000,0.000000,0.000000,0.000000,0.000000,0.000000
1784020311.678081,0,0.000000,0.000000,0.000000,0.000000,0.000000,0.000000,0.000000,0.000000,0.000000,0.000000
1784020311.714705,0,0.000000,0.000000,0.000000,0.000000,0.000000,0.000000,0.000000,0.000000,0.000000,0.000000
1784020311.715512,0,0.000000,0.000000,0.000000,0.000000,0.000000,0.000000,0.000000,0.000000,0.000000,0.000000
1784020311.715957,0,0.000000,0.000000,0.000000,0.000000,0.000000,0.000000,0.000000,0.000000,0.000000,0.000000
1784020311.822006,0,0.000000,0.000000,0.000000,0.000000,0.000000,0.000000,0.000000,0.000000,0.000000,0.000000
1784020311.823407,0,0.000000,0.000000,0.000000,0.000000,0.000000,0.000000,0.000000,0.000000,0.000000,0.000000
1784020311.887556,0,0.000000,0.000000,0.000000,0.000000,0.000000,0.000000,0.000000,0.000000,0.000000,0.000000
1784020311.949868,0,0.000000,0.000000,0.000000,0.000000,0.000000,0.000000,0.000000,0.000000,0.000000,0.000000
1784020311.950370,0,0.000000,0.000000,0.000000,0.000000,0.000000,0.000000,0.000000,0.000000,0.250000,0.000000
1784020311.950753,0,0.000000,0.000000,0.000000,0.000000,0.000000,0.000000,0.000000,0.000000,0.000000,0.000000
1784020311.951552,0,0.000000,0.000000,0.000000,0.000000,0.000000,0.000000,0.000000,0.000000,0.000000,0.000000
1784020311.952063,0,0.000000,0.000000,0.000000,0.000000,0.000000,0.000000,0.000000,0.000000,0.000000,0.000000
1784020312.056980,0,0.000000,0.000000,0.000000,0.000000,0.000000,0.000000,0.000000,0.000000,0.000000,0.000000
1784020312.138185,0,0.000000,0.000000,0.000000,0.000000,0.000000,0.000000,0.000000,0.000000,0.000000,0.000000
1784020312.138678,0,0.000000,0.000000,0.000000,0.000000,0.000000,0.000000,0.000000,0.000000,0.000000,0.000000
1784020312.139778,0,0.000000,0.000000,0.000000,0.000000,0.000000,0.000000,0.000000,0.000000,0.000000,0.000000
1784020312.140213,0,0.000000,0.000000,0.000000,0.000000,0.000000,0.000000,0.000000,0.000000,0.000000,0.000000
1784020312.195618,0,0.000000,0.000000,0.000000,0.000000,0.000000,0.000000,0.000000,0.000000,0.000000,0.000000
1784020312.196800,0,0.000000,0.000000,0.000000,0.000000,0.000000,0.000000,0.000000,0.000000,0.000000,0.000000
1784020312.237513,0,0.000000,0.000000,0.000000,0.000000,0.000000,0.000000,0.000000,0.000000,0.000000,0.000000
1784020312.309146,0,0.000000,0.000000,0.000000,0.000000,0.000000,0.000000,0.000000,0.000000,0.000000,0.000000
1784020312.466705,0,0.000000,0.000000,0.000000,0.000000,0.000000,0.000000,0.000000,0.000000,0.000000,0.000000
1784020312.501120,0,0.000000,0.000000,0.000000,0.000000,0.000000,0.000000,0.000000,0.000000,0.000000,0.000000
1784020312.501931,0,0.000000,0.000000,0.000000,0.000000,0.000000,0.000000,0.000000,0.000000,0.000000,0.000000
1784020312.503549,0,0.000000,0.000000,0.000000,0.000000,0.000000,0.000000,0.000000,0.000000,0.000000,0.000000
1784020312.577367,0,0.000000,0.000000,0.000000,0.000000,0.000000,0.000000,0.000000,0.000000,0.000000,0.000000
1784020312.577894,0,0.000000,0.000000,0.000000,0.000000,0.000000,0.000000,0.000000,0.000000,0.250000,0.000000
1784020312.649828,0,0.000000,0.000000,0.000000,0.000000,0.000000,0.000000,0.000000,0.000000,0.000000,0.000000
1784020312.713042,0,0.000000,0.000000,0.000000,0.000000,0.000000,0.000000,0.000000,0.000000,0.250000,0.000000
1784020312.823328,0,0.000000,0.000000,0.000000,0.000000,0.000000,0.000000,0.000000,0.000000,0.250000,0.000000
1784020312.894176,0,0.000000,0.000000,0.000000,0.000000,0.000000,0.000000,0.000000,0.000000,0.000000,0.000000
1784020312.894695,0,0.000000,0.000000,0.000000,0.000000,0.000000,0.000000,0.000000,0.000000,0.000000,0.000000
1784020312.966388,0,0.000000,0.000000,0.000000,0.000000,0.000000,0.000000,0.000000,0.000000,0.000000,0.000000
1784020313.034042,0,0.000000,0.000000,0.000000,0.000000,0.000000,0.000000,0.000000,0.000000,0.000000,0.000000
1784020313.034616,0,0.000000,0.000000,0.000000,0.000000,0.000000,0.000000,0.000000,0.000000,0.000000,0.000000
1784020313.116011,0,0.000000,0.000000,0.000000,0.000000,0.000000,0.000000,0.000000,0.000000,0.000000,0.000000
1784020313.199610,0,0.000000,0.000000,0.000000,0.000000,0.000000,0.000000,0.000000,0.000000,0.000000,0.000000
1784020313.200166,0,0.000000,0.000000,0.000000,0.000000,0.000000,0.000000,0.000000,0.000000,0.000000,0.000000
1784020313.284988,0,0.000000,0.000000,0.000000,0.000000,0.000000,0.000000,0.000000,0.000000,0.000000,0.000000
1784020313.285567,0,0.000000,0.000000,0.000000,0.000000,0.000000,0.000000,0.000000,0.000000,0.000000,0.000000
1784020313.531012,0,0.000000,0.000000,0.000000,0.000000,0.000000,0.000000,0.000000,0.000000,0.000000,0.000000
1784020313.846062,0,0.000000,0.000000,0.000000,0.000000,0.000000,0.000000,0.000000,0.000000,0.000000,0.000000
1784020314.423592,0,0.000000,0.000000,0.000000,0.000000,0.000000,0.000000,0.000000,0.000000,0.000000,0.100000
1784020314.670400,0,0.000000,0.000000,0.000000,0.000000,0.000000,0.000000,0.000000,0.000000,0.000000,0.100000
1784020314.754023,0,0.000000,0.000000,0.000000,0.000000,0.000000,0.000000,0.000000,0.000000,0.000000,0.000000
1784020314.949027,0,0.000000,0.000000,0.000000,0.000000,0.000000,0.000000,0.000000,0.000000,0.000000,0.000000
1784020315.128999,0,0.000000,0.000000,0.000000,0.000000,0.000000,0.000000,0.000000,0.000000,0.000000,0.000000
1784020315.286123,0,0.000000,0.000000,0.000000,0.000000,0.000000,0.000000,0.000000,0.000000,0.000000,0.000000
1784020315.709439,0,0.000000,0.000000,0.000000,0.000000,0.000000,0.000000,0.000000,0.000000,0.000000,0.000000
1784020315.902045,0,0.000000,0.000000,0.000000,0.000000,0.000000,0.000000,0.000000,0.000000,0.000000,0.000000
1784020315.974566,0,0.000000,0.000000,0.000000,0.000000,0.000000,0.000000,0.000000,0.000000,0.000000,0.000000
1784020315.975186,0,0.000000,0.000000,0.000000,0.000000,0.000000,0.000000,0.000000,0.000000,0.000000,0.000000
1784020315.975875,0,0.000000,0.000000,0.000000,0.000000,0.000000,0.000000,0.000000,0.000000,0.000000,0.000000
1784020316.046658,0,0.000000,0.000000,0.000000,0.000000,0.000000,0.000000,0.000000,0.000000,0.000000,0.000000
1784020316.047208,0,0.000000,0.000000,0.000000,0.000000,0.000000,0.000000,0.000000,0.000000,0.000000,0.000000
1784020316.048301,0,0.000000,0.000000,0.000000,0.000000,0.000000,0.000000,0.000000,0.000000,0.000000,0.100000
1784020316.048788,0,0.000000,0.000000,0.000000,0.000000,0.000000,0.000000,0.000000,0.000000,0.000000,0.000000
1784020316.121311,0,0.000000,0.000000,0.000000,0.000000,0.000000,0.000000,0.000000,0.000000,0.000000,0.000000
1784020316.121835,0,0.000000,0.000000,0.000000,0.000000,0.000000,0.000000,0.000000,0.000000,0.000000,0.000000
1784020316.122235,0,0.000000,0.000000,0.000000,0.000000,0.000000,0.000000,0.000000,0.000000,0.000000,0.000000
1784020316.122632,0,0.000000,0.000000,0.000000,0.000000,0.000000,0.000000,0.000000,0.000000,0.000000,0.000000
1784020316.209500,0,0.000000,0.000000,0.000000,0.000000,0.000000,0.000000,0.000000,0.000000,0.000000,0.000000
1784020316.210021,0,0.000000,0.000000,0.000000,0.000000,0.000000,0.000000,0.000000,0.000000,0.000000,0.000000
1784020316.210447,0,0.000000,0.000000,0.000000,0.000000,0.000000,0.000000,0.000000,0.000000,0.000000,0.000000
1784020316.211216,0,0.000000,0.000000,0.000000,0.000000,0.000000,0.000000,0.000000,0.000000,0.000000,0.000000
1784020316.211648,0,0.000000,0.000000,0.000000,0.000000,0.000000,0.000000,0.000000,0.000000,0.000000,0.000000
1784020316.212044,0,0.000000,0.000000,0.000000,0.000000,0.000000,0.000000,0.000000,0.000000,0.000000,0.000000
1784020316.281385,0,0.000000,0.000000,0.000000,0.000000,0.000000,0.000000,0.000000,0.000000,0.000000,0.000000
1784020316.282160,0,0.000000,0.000000,0.000000,0.000000,0.000000,0.000000,0.000000,0.000000,0.000000,0.000000
1784020316.282703,0,0.000000,0.000000,0.000000,0.000000,0.000000,0.000000,0.000000,0.000000,0.000000,0.000000
1784020316.283361,0,0.000000,0.000000,0.000000,0.000000,0.000000,0.000000,0.000000,0.000000,0.000000,0.000000
1784020316.387205,0,0.000000,0.000000,0.000000,0.000000,0.000000,0.000000,0.000000,0.000000,0.000000,0.000000
1784020316.387756,0,0.000000,0.000000,0.000000,0.000000,0.000000,0.000000,0.000000,0.000000,0.000000,0.000000
1784020316.466123,0,0.000000,0.000000,0.000000,0.000000,0.000000,0.000000,0.000000,0.000000,0.000000,0.000000
1784020316.466707,0,0.000000,0.000000,0.000000,0.000000,0.000000,0.000000,0.000000,0.000000,0.000000,0.000000
1784020316.467152,0,0.000000,0.000000,0.000000,0.000000,0.000000,0.000000,0.000000,0.000000,0.000000,0.000000
1784020316.467541,0,0.000000,0.000000,0.000000,0.000000,0.000000,0.000000,0.000000,0.000000,0.000000,0.000000
1784020316.561049,0,0.000000,0.000000,0.000000,0.000000,0.000000,0.000000,0.000000,0.000000,0.000000,0.000000
1784020316.595552,0,0.000000,0.000000,0.000000,0.000000,0.000000,0.000000,0.000000,0.000000,0.000000,0.000000
1784020316.662320,0,0.000000,0.000000,0.000000,0.000000,0.000000,0.000000,0.000000,0.000000,0.000000,0.100000
1784020316.663376,0,0.000000,0.000000,0.000000,0.000000,0.000000,0.000000,0.000000,0.000000,0.000000,0.000000
1784020316.664093,0,0.000000,0.000000,0.000000,0.000000,0.000000,0.000000,0.000000,0.000000,0.000000,0.200000
1784020316.664618,0,0.000000,0.000000,0.000000,0.000000,0.000000,0.000000,0.000000,0.000000,0.000000,0.000000
1784020316.754993,0,0.000000,0.000000,0.000000,0.000000,0.000000,0.000000,0.000000,0.000000,0.000000,0.000000
1784020316.834309,0,0.000000,0.000000,0.000000,0.000000,0.000000,0.000000,0.000000,0.000000,0.250000,0.000000
1784020316.834827,0,0.000000,0.000000,0.000000,0.000000,0.000000,0.000000,0.000000,0.000000,0.000000,0.000000
1784020316.835510,0,0.000000,0.000000,0.000000,0.000000,0.000000,0.000000,0.000000,0.000000,0.000000,0.000000
1784020316.835943,0,0.000000,0.000000,0.000000,0.000000,0.000000,0.000000,0.000000,0.000000,0.000000,0.000000
1784020316.836331,0,0.000000,0.000000,0.000000,0.000000,0.000000,0.000000,0.000000,0.000000,0.000000,0.000000
1784020316.836701,0,0.000000,0.000000,0.000000,0.000000,0.000000,0.000000,0.000000,0.000000,0.000000,0.000000
1784020316.872044,0,0.000000,0.000000,0.000000,0.000000,0.000000,0.000000,0.000000,0.000000,0.000000,0.000000
1784020316.951245,0,0.000000,0.000000,0.000000,0.000000,0.000000,0.000000,0.000000,0.000000,0.000000,0.000000
1784020316.951746,0,0.000000,0.000000,0.000000,0.000000,0.000000,0.000000,0.000000,0.000000,0.000000,0.000000
1784020316.952162,0,0.000000,0.000000,0.000000,0.000000,0.000000,0.000000,0.000000,0.000000,0.250000,0.000000
1784020316.952758,0,0.000000,0.000000,0.000000,0.000000,0.000000,0.000000,0.000000,0.000000,0.000000,0.000000
1784020317.033519,0,0.000000,0.000000,0.000000,0.000000,0.000000,0.000000,0.000000,0.000000,0.000000,0.000000
1784020317.034420,0,0.000000,0.000000,0.000000,0.000000,0.000000,0.000000,0.000000,0.000000,0.000000,0.000000
1784020317.034846,0,0.000000,0.000000,0.000000,0.000000,0.000000,0.000000,0.000000,0.000000,0.000000,0.000000
1784020317.035384,0,0.000000,0.000000,0.000000,0.000000,0.000000,0.000000,0.000000,0.000000,0.000000,0.000000
1784020317.035951,0,0.000000,0.000000,0.000000,0.000000,0.000000,0.000000,0.000000,0.000000,0.000000,0.000000
1784020317.036362,0,0.000000,0.000000,0.000000,0.000000,0.000000,0.000000,0.000000,0.000000,0.000000,0.000000
1784020317.104439,0,0.000000,0.000000,0.000000,0.000000,0.000000,0.000000,0.000000,0.000000,0.000000,0.000000
1784020317.104983,0,0.000000,0.000000,0.000000,0.000000,0.000000,0.000000,0.000000,0.000000,0.000000,0.000000
1784020317.105573,0,0.000000,0.000000,0.000000,0.000000,0.000000,0.000000,0.000000,0.000000,0.000000,0.000000
1784020317.175935,0,0.000000,0.000000,0.000000,0.000000,0.000000,0.000000,0.000000,0.000000,0.000000,0.000000
1784020317.176484,0,0.000000,0.000000,0.000000,0.000000,0.000000,0.000000,0.000000,0.000000,0.000000,0.000000
1784020317.176878,0,0.000000,0.000000,0.000000,0.000000,0.000000,0.000000,0.000000,0.000000,0.000000,0.000000
1784020317.177464,0,0.000000,0.000000,0.000000,0.000000,0.000000,0.000000,0.000000,0.000000,0.000000,0.000000
1784020317.220795,0,0.000000,0.000000,0.000000,0.000000,0.000000,0.000000,0.000000,0.000000,0.000000,0.000000
1784020317.266600,0,0.000000,0.000000,0.000000,0.000000,0.000000,0.000000,0.000000,0.000000,0.000000,0.000000
1784020317.267131,0,0.000000,0.000000,0.000000,0.000000,0.000000,0.000000,0.000000,0.000000,0.000000,0.000000
1784020317.302744,0,0.000000,0.000000,0.000000,0.000000,0.000000,0.000000,0.000000,0.000000,0.000000,0.000000
1784020317.495068,0,0.000000,0.000000,0.000000,0.000000,0.000000,0.000000,0.000000,0.000000,0.000000,0.000000
1784020317.657499,0,0.000000,0.000000,0.000000,0.000000,0.000000,0.000000,0.000000,0.000000,0.000000,0.000000
1784020317.815659,0,0.000000,0.000000,0.000000,0.000000,0.000000,0.000000,0.000000,0.000000,0.000000,0.000000
1784020317.848817,0,0.000000,0.000000,0.000000,0.000000,0.000000,0.000000,0.000000,0.000000,0.000000,0.000000
1784020317.986652,0,0.000000,0.000000,0.000000,0.000000,0.000000,0.000000,0.000000,0.000000,0.000000,0.000000
1784020318.052798,0,0.000000,0.000000,0.000000,0.000000,0.000000,0.000000,0.000000,0.000000,0.000000,0.000000
1784020318.053327,0,0.000000,0.000000,0.000000,0.000000,0.000000,0.000000,0.000000,0.000000,0.000000,0.000000
1784020318.135330,0,0.000000,0.000000,0.000000,0.000000,0.000000,0.000000,0.000000,0.000000,0.000000,0.000000
1784020318.136299,0,0.000000,0.000000,0.000000,0.000000,0.000000,0.000000,0.000000,0.000000,0.000000,0.000000
1784020318.197446,0,0.000000,0.000000,0.000000,0.000000,0.000000,0.000000,0.000000,0.000000,0.000000,0.000000
1784020318.258451,0,0.000000,0.000000,0.000000,0.000000,0.000000,0.000000,0.000000,0.000000,0.000000,0.000000
1784020318.258965,0,0.000000,0.000000,0.000000,0.000000,0.000000,0.000000,0.000000,0.000000,0.000000,0.000000
1784020318.259346,0,0.000000,0.000000,0.000000,0.000000,0.000000,0.000000,0.000000,0.000000,0.000000,0.000000
1784020318.327949,0,0.000000,0.000000,0.000000,0.000000,0.000000,0.000000,0.000000,0.000000,0.000000,0.000000
1784020318.328471,0,0.000000,0.000000,0.000000,0.000000,0.000000,0.000000,0.000000,0.000000,0.000000,0.000000
1784020318.329038,0,0.000000,0.000000,0.000000,0.000000,0.000000,0.000000,0.000000,0.000000,0.000000,0.000000
1784020318.329848,0,0.000000,0.000000,0.000000,0.000000,0.000000,0.000000,0.000000,0.000000,0.000000,0.000000
1784020318.376905,0,0.000000,0.000000,0.000000,0.000000,0.000000,0.000000,0.000000,0.000000,0.000000,0.000000
1784020318.417485,0,0.000000,0.000000,0.000000,0.000000,0.000000,0.000000,0.000000,0.000000,0.000000,0.000000
1784020318.418012,0,0.000000,0.000000,0.000000,0.000000,0.000000,0.000000,0.000000,0.000000,0.000000,0.000000
1784020318.418438,0,0.000000,0.000000,0.000000,0.000000,0.000000,0.000000,0.000000,0.000000,0.000000,0.000000
1784020318.455090,0,0.000000,0.000000,0.000000,0.000000,0.000000,0.000000,0.000000,0.000000,0.000000,0.000000
1784020318.455627,0,0.000000,0.000000,0.000000,0.000000,0.000000,0.000000,0.000000,0.000000,0.000000,0.000000
1784020318.456015,0,0.000000,0.000000,0.000000,0.000000,0.000000,0.000000,0.000000,0.000000,0.000000,0.000000
1784020318.516411,0,0.000000,0.000000,0.000000,0.000000,0.000000,0.000000,0.000000,0.000000,0.000000,0.000000
1784020318.517139,0,0.000000,0.000000,0.000000,0.000000,0.000000,0.000000,0.000000,0.000000,0.000000,0.000000
1784020318.585616,0,0.000000,0.000000,0.000000,0.000000,0.000000,0.000000,0.000000,0.000000,0.000000,0.000000
1784020318.649772,0,0.000000,0.000000,0.000000,0.000000,0.000000,0.000000,0.000000,0.000000,0.000000,0.000000
1784020318.735215,0,0.000000,0.000000,0.000000,0.000000,0.000000,0.000000,0.000000,0.000000,0.000000,0.000000
1784020318.813015,0,0.000000,0.000000,0.000000,0.000000,0.000000,0.000000,0.000000,0.000000,0.000000,0.000000
1784020318.879625,0,0.000000,0.000000,0.000000,0.000000,0.000000,0.000000,0.000000,0.000000,0.000000,0.000000
1784020318.991347,0,0.000000,0.000000,0.000000,0.000000,0.000000,0.000000,0.000000,0.000000,0.000000,0.000000
1784020319.056270,0,0.000000,0.000000,0.000000,0.000000,0.000000,0.000000,0.000000,0.000000,0.000000,0.000000
1784020319.057065,0,0.000000,0.000000,0.000000,0.000000,0.000000,0.000000,0.000000,0.000000,0.000000,0.000000
1784020319.125425,0,0.000000,0.000000,0.000000,0.000000,0.000000,0.000000,0.000000,0.000000,0.000000,0.000000
1784020319.126040,0,0.000000,0.000000,0.000000,0.000000,0.000000,0.000000,0.000000,0.000000,0.000000,0.000000
1784020319.202463,0,0.000000,0.000000,0.000000,0.000000,0.000000,0.000000,0.000000,0.000000,0.000000,0.000000
1784020319.262510,0,0.000000,0.000000,0.000000,0.000000,0.000000,0.000000,0.000000,0.000000,0.000000,0.000000
1784020319.329591,0,0.000000,0.000000,0.000000,0.000000,0.000000,0.000000,0.000000,0.000000,0.000000,0.000000
1784020319.396985,0,0.000000,0.000000,0.000000,0.000000,0.000000,0.000000,0.000000,0.000000,0.000000,0.000000
1784020319.397621,0,0.000000,0.000000,0.000000,0.000000,0.000000,0.000000,0.000000,0.000000,0.000000,0.000000
1784020319.469044,0,0.000000,0.000000,0.000000,0.000000,0.000000,0.000000,0.000000,0.000000,0.000000,0.000000
1784020319.658612,0,0.000000,0.000000,0.000000,0.000000,0.000000,0.000000,0.000000,0.000000,0.000000,0.000000
1784020319.758069,0,0.000000,0.000000,0.000000,0.000000,0.000000,0.000000,0.000000,0.000000,0.000000,0.000000
1784020319.804811,0,0.000000,0.000000,0.000000,0.000000,0.000000,0.000000,0.000000,0.000000,0.000000,0.000000
1784020319.870496,0,0.000000,0.000000,0.000000,0.000000,0.000000,0.000000,0.000000,0.000000,0.000000,0.000000
1784020319.871093,0,0.000000,0.000000,0.000000,0.000000,0.000000,0.000000,0.000000,0.000000,0.000000,0.000000
1784020319.915105,0,0.000000,0.000000,0.000000,0.000000,0.000000,0.000000,0.000000,0.000000,0.000000,0.000000
1784020319.915627,0,0.000000,0.000000,0.000000,0.000000,0.000000,0.000000,0.000000,0.000000,0.000000,0.000000
1784020319.963414,0,0.000000,0.000000,0.000000,0.000000,0.000000,0.000000,0.000000,0.000000,0.000000,0.000000
1784020319.964006,0,0.000000,0.000000,0.000000,0.000000,0.000000,0.000000,0.000000,0.000000,0.000000,0.000000
1784020319.964410,0,0.000000,0.000000,0.000000,0.000000,0.000000,0.000000,0.000000,0.000000,0.000000,0.000000
1784020319.964819,0,0.000000,0.000000,0.000000,0.000000,0.000000,0.000000,0.000000,0.000000,0.000000,0.000000
1784020319.965192,0,0.000000,0.000000,0.000000,0.000000,0.000000,0.000000,0.000000,0.000000,0.000000,0.000000
1784020320.011679,0,0.000000,0.000000,0.000000,0.000000,0.000000,0.000000,0.000000,0.000000,0.000000,0.000000
1784020320.012273,0,0.000000,0.000000,0.000000,0.000000,0.000000,0.000000,0.000000,0.000000,0.000000,0.200000
1784020320.012716,0,0.000000,0.000000,0.000000,0.000000,0.000000,0.000000,0.000000,0.000000,0.000000,0.000000
1784020320.165064,0,0.000000,0.000000,0.000000,0.000000,0.000000,0.000000,0.000000,0.000000,0.000000,0.000000
1784020320.165649,0,0.000000,0.000000,0.000000,0.000000,0.000000,0.000000,0.000000,0.000000,0.000000,0.000000
1784020320.166231,0,0.000000,0.000000,0.000000,0.000000,0.000000,0.000000,0.000000,0.000000,0.000000,0.000000
1784020320.167005,0,0.000000,0.000000,0.000000,0.000000,0.000000,0.000000,0.000000,0.000000,0.000000,0.000000
1784020320.167578,0,0.000000,0.000000,0.000000,0.000000,0.000000,0.000000,0.000000,0.000000,0.000000,0.100000
1784020320.168098,0,0.000000,0.000000,0.000000,0.000000,0.000000,0.000000,0.000000,0.000000,0.000000,0.000000
1784020320.168525,0,0.000000,0.000000,0.000000,0.000000,0.000000,0.000000,0.000000,0.000000,0.000000,0.000000
1784020320.168958,0,0.000000,0.000000,0.000000,0.000000,0.000000,0.000000,0.000000,0.000000,0.000000,0.000000
1784020320.169360,0,0.000000,0.000000,0.000000,0.000000,0.000000,0.000000,0.000000,0.000000,0.000000,0.000000
1784020320.169820,0,0.000000,0.000000,0.000000,0.000000,0.000000,0.000000,0.000000,0.000000,0.000000,0.200000
1784020320.170205,0,0.000000,0.000000,0.000000,0.000000,0.000000,0.000000,0.000000,0.000000,0.000000,0.000000
1784020320.170588,0,0.000000,0.000000,0.000000,0.000000,0.000000,0.000000,0.000000,0.000000,0.000000,0.000000
1784020320.277274,0,0.000000,0.000000,0.000000,0.000000,0.000000,0.000000,0.000000,0.000000,0.000000,0.000000
1784020320.277844,0,0.000000,0.000000,0.000000,0.000000,0.000000,0.000000,0.000000,0.000000,0.000000,0.000000
1784020320.278236,0,0.000000,0.000000,0.000000,0.000000,0.000000,0.000000,0.000000,0.000000,0.000000,0.000000
1784020320.278812,0,0.000000,0.000000,0.000000,0.000000,0.000000,0.000000,0.000000,0.000000,0.000000,0.000000
1784020320.279218,0,0.000000,0.000000,0.000000,0.000000,0.000000,0.000000,0.000000,0.000000,0.000000,0.000000
1784020320.279590,0,0.000000,0.000000,0.000000,0.000000,0.000000,0.000000,0.000000,0.000000,0.000000,0.000000
1784020320.279963,0,0.000000,0.000000,0.000000,0.000000,0.000000,0.000000,0.000000,0.000000,0.000000,0.000000
1784020320.280321,0,0.000000,0.000000,0.000000,0.000000,0.000000,0.000000,0.000000,0.000000,0.000000,0.000000
1784020320.366952,0,0.000000,0.000000,0.000000,0.000000,0.000000,0.000000,0.000000,0.000000,0.000000,0.000000
1784020320.367566,0,0.000000,0.000000,0.000000,0.000000,0.000000,0.000000,0.000000,0.000000,0.000000,0.200000
1784020320.369067,0,0.000000,0.000000,0.000000,0.000000,0.000000,0.000000,0.000000,0.000000,0.000000,0.000000
1784020320.370101,0,0.000000,0.000000,0.000000,0.000000,0.000000,0.000000,0.000000,0.000000,0.000000,0.000000
1784020320.444237,0,0.000000,0.000000,0.000000,0.000000,0.000000,0.000000,0.000000,0.000000,0.000000,0.000000
1784020320.445302,0,0.000000,0.000000,0.000000,0.000000,0.000000,0.000000,0.000000,0.000000,0.000000,0.000000
1784020320.446421,0,0.000000,0.000000,0.000000,0.000000,0.000000,0.000000,0.000000,0.000000,0.000000,0.000000
1784020320.447232,0,0.000000,0.000000,0.000000,0.000000,0.000000,0.000000,0.000000,0.000000,0.000000,0.100000
1784020320.674198,0,0.000000,0.000000,0.000000,0.000000,0.000000,0.000000,0.000000,0.000000,0.000000,0.000000
1784020320.908957,0,0.000000,0.000000,0.000000,0.000000,0.000000,0.000000,0.000000,0.000000,0.000000,0.000000
1784020320.985611,0,0.000000,0.000000,0.000000,0.000000,0.000000,0.000000,0.000000,0.000000,0.000000,0.000000
1784020321.196592,0,0.000000,0.000000,0.000000,0.000000,0.000000,0.000000,0.000000,0.000000,0.000000,0.000000
1784020321.243412,0,0.000000,0.000000,0.000000,0.000000,0.000000,0.000000,0.000000,0.000000,0.000000,0.000000
1784020321.244205,0,0.000000,0.000000,0.000000,0.000000,0.000000,0.000000,0.000000,0.000000,0.000000,0.000000
1784020321.291710,0,0.000000,0.000000,0.000000,0.000000,0.000000,0.000000,0.000000,0.000000,0.000000,0.000000
1784020321.333239,0,0.000000,0.000000,0.000000,0.000000,0.000000,0.000000,0.000000,0.000000,0.250000,0.000000
1784020321.334798,0,0.000000,0.000000,0.000000,0.000000,0.000000,0.000000,0.000000,0.000000,0.000000,0.000000
1784020321.412111,0,0.000000,0.000000,0.000000,0.000000,0.000000,0.000000,0.000000,0.000000,0.000000,0.000000
1784020321.413072,0,0.000000,0.000000,0.000000,0.000000,0.000000,0.000000,0.000000,0.000000,0.000000,0.200000
1784020321.488065,0,0.000000,0.000000,0.000000,0.000000,0.000000,0.000000,0.000000,0.000000,0.000000,0.000000
1784020321.489278,0,0.000000,0.000000,0.000000,0.000000,0.000000,0.000000,0.000000,0.000000,0.000000,0.100000
1784020321.489752,0,0.000000,0.000000,0.000000,0.000000,0.000000,0.000000,0.000000,0.000000,0.000000,0.000000
1784020321.560804,0,0.000000,0.000000,0.000000,0.000000,0.000000,0.000000,0.000000,0.000000,0.000000,0.000000
1784020321.561508,0,0.000000,0.000000,0.000000,0.000000,0.000000,0.000000,0.000000,0.000000,0.000000,0.000000
1784020321.676744,0,0.000000,0.000000,0.000000,0.000000,0.000000,0.000000,0.000000,0.000000,0.000000,0.000000
1784020321.754122,0,0.000000,0.000000,0.000000,0.000000,0.000000,0.000000,0.000000,0.000000,0.000000,0.000000
1784020321.894202,0,0.000000,0.000000,0.000000,0.000000,0.000000,0.000000,0.000000,0.000000,0.000000,0.200000
1784020322.043042,0,0.000000,0.000000,0.000000,0.000000,0.000000,0.000000,0.000000,0.000000,0.000000,0.000000
1784020322.126147,0,0.000000,0.000000,0.000000,0.000000,0.000000,0.000000,0.000000,0.000000,0.000000,0.000000
1784020322.209333,0,0.000000,0.000000,0.000000,0.000000,0.000000,0.000000,0.000000,0.000000,0.000000,0.000000
1784020322.252251,0,0.000000,0.000000,0.000000,0.000000,0.000000,0.000000,0.000000,0.000000,0.000000,0.000000
1784020322.343528,0,0.000000,0.000000,0.000000,0.000000,0.000000,0.000000,0.000000,0.000000,0.000000,0.000000
1784020322.436006,0,0.000000,0.000000,0.000000,0.000000,0.000000,0.000000,0.000000,0.000000,0.000000,0.000000
1784020322.436770,0,0.000000,0.000000,0.000000,0.000000,0.000000,0.000000,0.000000,0.000000,0.000000,0.000000
1784020322.437196,0,0.000000,0.000000,0.000000,0.000000,0.000000,0.000000,0.000000,0.000000,0.000000,0.000000
1784020322.534493,0,0.000000,0.000000,0.000000,0.000000,0.000000,0.000000,0.000000,0.000000,0.000000,0.000000
1784020322.535174,0,0.000000,0.000000,0.000000,0.000000,0.000000,0.000000,0.000000,0.000000,0.000000,0.000000
1784020322.535592,0,0.000000,0.000000,0.000000,0.000000,0.000000,0.000000,0.000000,0.000000,0.000000,0.000000
1784020322.535981,0,0.000000,0.000000,0.000000,0.000000,0.000000,0.000000,0.000000,0.000000,0.000000,0.000000
1784020322.629545,0,0.000000,0.000000,0.000000,0.000000,0.000000,0.000000,0.000000,0.000000,0.000000,0.000000
1784020322.630544,0,0.000000,0.000000,0.000000,0.000000,0.000000,0.000000,0.000000,0.000000,0.000000,0.000000
1784020322.631279,0,0.000000,0.000000,0.000000,0.000000,0.000000,0.000000,0.000000,0.000000,0.000000,0.000000
1784020322.631948,0,0.000000,0.000000,0.000000,0.000000,0.000000,0.000000,0.000000,0.000000,0.000000,0.000000
1784020322.714023,0,0.000000,0.000000,0.000000,0.000000,0.000000,0.000000,0.000000,0.000000,0.000000,0.000000
1784020322.715235,0,0.000000,0.000000,0.000000,0.000000,0.000000,0.000000,0.000000,0.000000,0.000000,0.000000
1784020322.805070,0,0.000000,0.000000,0.000000,0.000000,0.000000,0.000000,0.000000,0.000000,0.000000,0.000000
1784020322.806067,0,0.000000,0.000000,0.000000,0.000000,0.000000,0.000000,0.000000,0.000000,0.000000,0.000000
1784020322.807534,0,0.000000,0.000000,0.000000,0.000000,0.000000,0.000000,0.000000,0.000000,0.000000,0.000000
1784020322.808865,0,0.000000,0.000000,0.000000,0.000000,0.000000,0.000000,0.000000,0.000000,0.000000,0.000000
1784020322.809534,0,0.000000,0.000000,0.000000,0.000000,0.000000,0.000000,0.000000,0.000000,0.000000,0.000000
1784020322.853269,0,0.000000,0.000000,0.000000,0.000000,0.000000,0.000000,0.000000,0.000000,0.000000,0.000000
1784020322.853780,0,0.000000,0.000000,0.000000,0.000000,0.000000,0.000000,0.000000,0.000000,0.000000,0.000000
1784020322.907303,0,0.000000,0.000000,0.000000,0.000000,0.000000,0.000000,0.000000,0.000000,0.250000,0.000000
1784020322.907895,0,0.000000,0.000000,0.000000,0.000000,0.000000,0.000000,0.000000,0.000000,0.500000,0.000000
1784020322.908308,0,0.000000,0.000000,0.000000,0.000000,0.000000,0.000000,0.000000,0.000000,0.000000,0.000000
1784020322.951496,0,0.000000,0.000000,0.000000,0.000000,0.000000,0.000000,0.000000,0.000000,0.000000,0.000000
1784020322.952036,0,0.000000,0.000000,0.000000,0.000000,0.000000,0.000000,0.000000,0.000000,0.000000,0.000000
1784020322.952441,0,0.000000,0.000000,0.000000,0.000000,0.000000,0.000000,0.000000,0.000000,0.000000,0.000000
1784020322.952803,0,0.000000,0.000000,0.000000,0.000000,0.000000,0.000000,0.000000,0.000000,0.000000,0.000000
1784020323.009205,0,0.000000,0.000000,0.000000,0.000000,0.000000,0.000000,0.000000,0.000000,0.000000,0.000000
1784020323.057650,0,0.000000,0.000000,0.000000,0.000000,0.000000,0.000000,0.000000,0.000000,0.000000,0.000000
1784020323.139178,0,0.000000,0.000000,0.000000,0.000000,0.000000,0.000000,0.000000,0.000000,0.000000,0.000000
1784020323.139675,0,0.000000,0.000000,0.000000,0.000000,0.000000,0.000000,0.000000,0.000000,0.000000,0.000000
1784020323.140055,0,0.000000,0.000000,0.000000,0.000000,0.000000,0.000000,0.000000,0.000000,0.000000,0.000000
1784020323.140783,0,0.000000,0.000000,0.000000,0.000000,0.000000,0.000000,0.000000,0.000000,0.000000,0.000000
1784020323.141354,0,0.000000,0.000000,0.000000,0.000000,0.000000,0.000000,0.000000,0.000000,0.000000,0.000000
1784020323.225417,0,0.000000,0.000000,0.000000,0.000000,0.000000,0.000000,0.000000,0.000000,0.000000,0.000000
1784020323.226014,0,0.000000,0.000000,0.000000,0.000000,0.000000,0.000000,0.000000,0.000000,0.000000,0.000000
1784020323.226896,0,0.000000,0.000000,0.000000,0.000000,0.000000,0.000000,0.000000,0.000000,0.000000,0.000000
1784020323.227568,0,0.000000,0.000000,0.000000,0.000000,0.000000,0.000000,0.000000,0.000000,0.000000,0.000000
1784020323.228277,0,0.000000,0.000000,0.000000,0.000000,0.000000,0.000000,0.000000,0.000000,0.000000,0.000000
1784020323.229082,0,0.000000,0.000000,0.000000,0.000000,0.000000,0.000000,0.000000,0.000000,0.000000,0.000000
1784020323.229529,0,0.000000,0.000000,0.000000,0.000000,0.000000,0.000000,0.000000,0.000000,0.000000,0.000000
1784020323.310538,0,0.000000,0.000000,0.000000,0.000000,0.000000,0.000000,0.000000,0.000000,0.000000,0.000000
1784020323.311576,0,0.000000,0.000000,0.000000,0.000000,0.000000,0.000000,0.000000,0.000000,0.000000,0.000000
1784020323.313146,0,0.000000,0.000000,0.000000,0.000000,0.000000,0.000000,0.000000,0.000000,0.000000,0.000000
1784020323.401284,0,0.000000,0.000000,0.000000,0.000000,0.000000,0.000000,0.000000,0.000000,0.000000,0.000000
1784020323.402448,0,0.000000,0.000000,0.000000,0.000000,0.000000,0.000000,0.000000,0.000000,0.000000,0.000000
1784020323.402986,0,0.000000,0.000000,0.000000,0.000000,0.000000,0.000000,0.000000,0.000000,0.000000,0.000000
1784020323.403518,0,0.000000,0.000000,0.000000,0.000000,0.000000,0.000000,0.000000,0.000000,0.000000,0.000000
1784020323.403992,0,0.000000,0.000000,0.000000,0.000000,0.000000,0.000000,0.000000,0.000000,0.000000,0.000000
1784020323.493023,0,0.000000,0.000000,0.000000,0.000000,0.000000,0.000000,0.000000,0.000000,0.000000,0.000000
1784020323.493813,0,0.000000,0.000000,0.000000,0.000000,0.000000,0.000000,0.000000,0.000000,0.000000,0.000000
1784020323.494411,0,0.000000,0.000000,0.000000,0.000000,0.000000,0.000000,0.000000,0.000000,0.000000,0.000000
1784020323.494911,0,0.000000,0.000000,0.000000,0.000000,0.000000,0.000000,0.000000,0.000000,0.000000,0.000000
1784020323.496403,0,0.000000,0.000000,0.000000,0.000000,0.000000,0.000000,0.000000,0.000000,0.000000,0.000000
1784020323.497489,0,0.000000,0.000000,0.000000,0.000000,0.000000,0.000000,0.000000,0.000000,0.000000,0.000000
1784020323.498736,0,0.000000,0.000000,0.000000,0.000000,0.000000,0.000000,0.000000,0.000000,0.000000,0.000000
1784020323.500303,0,0.000000,0.000000,0.000000,0.000000,0.000000,0.000000,0.000000,0.000000,0.000000,0.000000
1784020323.501367,0,0.000000,0.000000,0.000000,0.000000,0.000000,0.000000,0.000000,0.000000,0.000000,0.100000
1784020323.550397,0,0.000000,0.000000,0.000000,0.000000,0.000000,0.000000,0.000000,0.000000,0.000000,0.000000
1784020323.593336,0,0.000000,0.000000,0.000000,0.000000,0.000000,0.000000,0.000000,0.000000,0.000000,0.000000
1784020323.593863,0,0.000000,0.000000,0.000000,0.000000,0.000000,0.000000,0.000000,0.000000,0.000000,0.000000
1784020323.638632,0,0.000000,0.000000,0.000000,0.000000,0.000000,0.000000,0.000000,0.000000,0.000000,0.000000
1784020323.639917,0,0.000000,0.000000,0.000000,0.000000,0.000000,0.000000,0.000000,0.000000,0.000000,0.000000
1784020323.641202,0,0.000000,0.000000,0.000000,0.000000,0.000000,0.000000,0.000000,0.000000,0.000000,0.000000
1784020323.683400,0,0.000000,0.000000,0.000000,0.000000,0.000000,0.000000,0.000000,0.000000,0.000000,0.000000
1784020323.683940,0,0.000000,0.000000,0.000000,0.000000,0.000000,0.000000,0.000000,0.000000,0.000000,0.000000
1784020323.684465,0,0.000000,0.000000,0.000000,0.000000,0.000000,0.000000,0.000000,0.000000,0.000000,0.000000
1784020323.684980,0,0.000000,0.000000,0.000000,0.000000,0.000000,0.000000,0.000000,0.000000,0.000000,0.000000
1784020323.761818,0,0.000000,0.000000,0.000000,0.000000,0.000000,0.000000,0.000000,0.000000,0.000000,0.000000
1784020323.853571,0,0.000000,0.000000,0.000000,0.000000,0.000000,0.000000,0.000000,0.000000,0.000000,0.000000
1784020323.854091,0,0.000000,0.000000,0.000000,0.000000,0.000000,0.000000,0.000000,0.000000,0.000000,0.000000
1784020323.854517,0,0.000000,0.000000,0.000000,0.000000,0.000000,0.000000,0.000000,0.000000,0.000000,0.000000
1784020323.855675,0,0.000000,0.000000,0.000000,0.000000,0.000000,0.000000,0.000000,0.000000,0.000000,0.100000
1784020323.856243,0,0.000000,0.000000,0.000000,0.000000,0.000000,0.000000,0.000000,0.000000,0.000000,0.000000
1784020323.856712,0,0.000000,0.000000,0.000000,0.000000,0.000000,0.000000,0.000000,0.000000,0.000000,0.000000
1784020323.857340,0,0.000000,0.000000,0.000000,0.000000,0.000000,0.000000,0.000000,0.000000,0.000000,0.000000
1784020323.944354,0,0.000000,0.000000,0.000000,0.000000,0.000000,0.000000,0.000000,0.000000,0.000000,0.000000
1784020323.945170,0,0.000000,0.000000,0.000000,0.000000,0.000000,0.000000,0.000000,0.000000,0.000000,0.000000
1784020323.945670,0,0.000000,0.000000,0.000000,0.000000,0.000000,0.000000,0.000000,0.000000,0.000000,0.000000
1784020323.946067,0,0.000000,0.000000,0.000000,0.000000,0.000000,0.000000,0.000000,0.000000,0.250000,0.000000
1784020323.946448,0,0.000000,0.000000,0.000000,0.000000,0.000000,0.000000,0.000000,0.000000,0.000000,0.000000
1784020323.947190,0,0.000000,0.000000,0.000000,0.000000,0.000000,0.000000,0.000000,0.000000,0.000000,0.000000
1784020323.948506,0,0.000000,0.000000,0.000000,0.000000,0.000000,0.000000,0.000000,0.000000,0.000000,0.000000
1784020324.030866,0,0.000000,0.000000,0.000000,0.000000,0.000000,0.000000,0.000000,0.000000,0.000000,0.000000
1784020324.031354,0,0.000000,0.000000,0.000000,0.000000,0.000000,0.000000,0.000000,0.000000,0.000000,0.000000
1784020324.031945,0,0.000000,0.000000,0.000000,0.000000,0.000000,0.000000,0.000000,0.000000,0.000000,0.000000
1784020324.032669,0,0.000000,0.000000,0.000000,0.000000,0.000000,0.000000,0.000000,0.000000,0.000000,0.000000
1784020324.111895,0,0.000000,0.000000,0.000000,0.000000,0.000000,0.000000,0.000000,0.000000,0.000000,0.000000
1784020324.112585,0,0.000000,0.000000,0.000000,0.000000,0.000000,0.000000,0.000000,0.000000,0.000000,0.000000
1784020324.113300,0,0.000000,0.000000,0.000000,0.000000,0.000000,0.000000,0.000000,0.000000,0.000000,0.000000
1784020324.188684,0,0.000000,0.000000,0.000000,0.000000,0.000000,0.000000,0.000000,0.000000,0.000000,0.000000
1784020324.189178,0,0.000000,0.000000,0.000000,0.000000,0.000000,0.000000,0.000000,0.000000,0.000000,0.000000
1784020324.189595,0,0.000000,0.000000,0.000000,0.000000,0.000000,0.000000,0.000000,0.000000,0.000000,0.000000
1784020324.190039,0,0.000000,0.000000,0.000000,0.000000,0.000000,0.000000,0.000000,0.000000,0.000000,0.000000
1784020324.190857,0,0.000000,0.000000,0.000000,0.000000,0.000000,0.000000,0.000000,0.000000,0.500000,0.000000
1784020324.230293,0,0.000000,0.000000,0.000000,0.000000,0.000000,0.000000,0.000000,0.000000,0.000000,0.000000
1784020324.275748,0,0.000000,0.000000,0.000000,0.000000,0.000000,0.000000,0.000000,0.000000,0.000000,0.000000
1784020324.276276,0,0.000000,0.000000,0.000000,0.000000,0.000000,0.000000,0.000000,0.000000,0.000000,0.000000
1784020324.276729,0,0.000000,0.000000,0.000000,0.000000,0.000000,0.000000,0.000000,0.000000,0.000000,0.000000
1784020324.319384,0,0.000000,0.000000,0.000000,0.000000,0.000000,0.000000,0.000000,0.000000,0.000000,0.000000
1784020324.319896,0,0.000000,0.000000,0.000000,0.000000,0.000000,0.000000,0.000000,0.000000,0.000000,0.000000
1784020324.363929,0,0.000000,0.000000,0.000000,0.000000,0.000000,0.000000,0.000000,0.000000,0.000000,0.000000
1784020324.409251,0,0.000000,0.000000,0.000000,0.000000,0.000000,0.000000,0.000000,0.000000,0.000000,0.000000
1784020324.409802,0,0.000000,0.000000,0.000000,0.000000,0.000000,0.000000,0.000000,0.000000,0.000000,0.000000
1784020324.410246,0,0.000000,0.000000,0.000000,0.000000,0.000000,0.000000,0.000000,0.000000,0.000000,0.000000
1784020324.453288,0,0.000000,0.000000,0.000000,0.000000,0.000000,0.000000,0.000000,0.000000,0.000000,0.000000
1784020324.453919,0,0.000000,0.000000,0.000000,0.000000,0.000000,0.000000,0.000000,0.000000,0.000000,0.000000
1784020324.454412,0,0.000000,0.000000,0.000000,0.000000,0.000000,0.000000,0.000000,0.000000,0.000000,0.000000
1784020324.454968,0,0.000000,0.000000,0.000000,0.000000,0.000000,0.000000,0.000000,0.000000,0.000000,0.000000
1784020324.499767,0,0.000000,0.000000,0.000000,0.000000,0.000000,0.000000,0.000000,0.000000,0.000000,0.000000
1784020324.500802,0,0.000000,0.000000,0.000000,0.000000,0.000000,0.000000,0.000000,0.000000,0.000000,0.000000
1784020324.501395,0,0.000000,0.000000,0.000000,0.000000,0.000000,0.000000,0.000000,0.000000,0.000000,0.000000
1784020324.544010,0,0.000000,0.000000,0.000000,0.000000,0.000000,0.000000,0.000000,0.000000,0.000000,0.000000
1784020324.592716,0,0.000000,0.000000,0.000000,0.000000,0.000000,0.000000,0.000000,0.000000,0.000000,0.000000
1784020324.593278,0,0.000000,0.000000,0.000000,0.000000,0.000000,0.000000,0.000000,0.000000,0.000000,0.000000
1784020324.679012,0,0.000000,0.000000,0.000000,0.000000,0.000000,0.000000,0.000000,0.000000,0.000000,0.000000
1784020324.679530,0,0.000000,0.000000,0.000000,0.000000,0.000000,0.000000,0.000000,0.000000,0.000000,0.000000
1784020324.679916,0,0.000000,0.000000,0.000000,0.000000,0.000000,0.000000,0.000000,0.000000,0.000000,0.000000
1784020324.680282,0,0.000000,0.000000,0.000000,0.000000,0.000000,0.000000,0.000000,0.000000,0.000000,0.100000
1784020324.680658,0,0.000000,0.000000,0.000000,0.000000,0.000000,0.000000,0.000000,0.000000,0.000000,0.100000
1784020324.765087,0,0.000000,0.000000,0.000000,0.000000,0.000000,0.000000,0.000000,0.000000,0.000000,0.000000
1784020324.765606,0,0.000000,0.000000,0.000000,0.000000,0.000000,0.000000,0.000000,0.000000,0.250000,0.000000
1784020324.767328,0,0.000000,0.000000,0.000000,0.000000,0.000000,0.000000,0.000000,0.000000,0.000000,0.000000
1784020324.768622,0,0.000000,0.000000,0.000000,0.000000,0.000000,0.000000,0.000000,0.000000,0.000000,0.000000
1784020324.769581,0,0.000000,0.000000,0.000000,0.000000,0.000000,0.000000,0.000000,0.000000,0.000000,0.100000
1784020324.770525,0,0.000000,0.000000,0.000000,0.000000,0.000000,0.000000,0.000000,0.000000,0.000000,0.300000
1784020324.771901,0,0.000000,0.000000,0.000000,0.000000,0.000000,0.000000,0.000000,0.000000,0.000000,0.000000
1784020324.772427,0,0.000000,0.000000,0.000000,0.000000,0.000000,0.000000,0.000000,0.000000,0.000000,0.000000
1784020324.843855,0,0.000000,0.000000,0.000000,0.000000,0.000000,0.000000,0.000000,0.000000,0.000000,0.000000
1784020324.844743,0,0.000000,0.000000,0.000000,0.000000,0.000000,0.000000,0.000000,0.000000,0.000000,0.000000
1784020324.845369,0,0.000000,0.000000,0.000000,0.000000,0.000000,0.000000,0.000000,0.000000,0.000000,0.000000
1784020324.845936,0,0.000000,0.000000,0.000000,0.000000,0.000000,0.000000,0.000000,0.000000,0.000000,0.000000
1784020324.846473,0,0.000000,0.000000,0.000000,0.000000,0.000000,0.000000,0.000000,0.000000,0.000000,0.000000
1784020324.924488,0,0.000000,0.000000,0.000000,0.000000,0.000000,0.000000,0.000000,0.000000,0.000000,0.000000
1784020324.924995,0,0.000000,0.000000,0.000000,0.000000,0.000000,0.000000,0.000000,0.000000,0.000000,0.000000
1784020324.925395,0,0.000000,0.000000,0.000000,0.000000,0.000000,0.000000,0.000000,0.000000,0.000000,0.000000
1784020324.926028,0,0.000000,0.000000,0.000000,0.000000,0.000000,0.000000,0.000000,0.000000,0.000000,0.000000
1784020324.926452,0,0.000000,0.000000,0.000000,0.000000,0.000000,0.000000,0.000000,0.000000,0.000000,0.000000
1784020324.926821,0,0.000000,0.000000,0.000000,0.000000,0.000000,0.000000,0.000000,0.000000,0.000000,0.000000
1784020324.996726,0,0.000000,0.000000,0.000000,0.000000,0.000000,0.000000,0.000000,0.000000,0.000000,0.000000
1784020324.997520,0,0.000000,0.000000,0.000000,0.000000,0.000000,0.000000,0.000000,0.000000,0.000000,0.000000
1784020324.998642,0,0.000000,0.000000,0.000000,0.000000,0.000000,0.000000,0.000000,0.000000,0.000000,0.000000
1784020324.999091,0,0.000000,0.000000,0.000000,0.000000,0.000000,0.000000,0.000000,0.000000,0.500000,0.000000
1784020324.999470,0,0.000000,0.000000,0.000000,0.000000,0.000000,0.000000,0.000000,0.000000,0.000000,0.000000
1784020325.073098,0,0.000000,0.000000,0.000000,0.000000,0.000000,0.000000,0.000000,0.000000,0.000000,0.000000
1784020325.073971,0,0.000000,0.000000,0.000000,0.000000,0.000000,0.000000,0.000000,0.000000,0.000000,0.000000
1784020325.075930,0,0.000000,0.000000,0.000000,0.000000,0.000000,0.000000,0.000000,0.000000,0.000000,0.000000
1784020325.077080,0,0.000000,0.000000,0.000000,0.000000,0.000000,0.000000,0.000000,0.000000,0.000000,0.000000
1784020325.155806,0,0.000000,0.000000,0.000000,0.000000,0.000000,0.000000,0.000000,0.000000,0.000000,0.000000
1784020325.156436,0,0.000000,0.000000,0.000000,0.000000,0.000000,0.000000,0.000000,0.000000,0.000000,0.000000
1784020325.156844,0,0.000000,0.000000,0.000000,0.000000,0.000000,0.000000,0.000000,0.000000,0.000000,0.000000
1784020325.157224,0,0.000000,0.000000,0.000000,0.000000,0.000000,0.000000,0.000000,0.000000,0.000000,0.000000
1784020325.232886,0,0.000000,0.000000,0.000000,0.000000,0.000000,0.000000,0.000000,0.000000,0.000000,0.000000
1784020325.233478,0,0.000000,0.000000,0.000000,0.000000,0.000000,0.000000,0.000000,0.000000,0.000000,0.000000
1784020325.234131,0,0.000000,0.000000,0.000000,0.000000,0.000000,0.000000,0.000000,0.000000,0.000000,0.000000
1784020325.234611,0,0.000000,0.000000,0.000000,0.000000,0.000000,0.000000,0.000000,0.000000,0.000000,0.000000
1784020325.303845,0,0.000000,0.000000,0.000000,0.000000,0.000000,0.000000,0.000000,0.000000,0.000000,0.000000
1784020325.304519,0,0.000000,0.000000,0.000000,0.000000,0.000000,0.000000,0.000000,0.000000,0.000000,0.000000
1784020325.305095,0,0.000000,0.000000,0.000000,0.000000,0.000000,0.000000,0.000000,0.000000,0.000000,0.000000
1784020325.305818,0,0.000000,0.000000,0.000000,0.000000,0.000000,0.000000,0.000000,0.000000,0.000000,0.000000
1784020325.307793,0,0.000000,0.000000,0.000000,0.000000,0.000000,0.000000,0.000000,0.000000,0.000000,0.000000
1784020325.308844,0,0.000000,0.000000,0.000000,0.000000,0.000000,0.000000,0.000000,0.000000,0.000000,0.000000
1784020325.348577,0,0.000000,0.000000,0.000000,0.000000,0.000000,0.000000,0.000000,0.000000,0.000000,0.000000
1784020325.395906,0,0.000000,0.000000,0.000000,0.000000,0.000000,0.000000,0.000000,0.000000,0.000000,0.000000
1784020325.560144,0,0.000000,0.000000,0.000000,0.000000,0.000000,0.000000,0.000000,0.000000,0.000000,0.000000
1784020325.560870,0,0.000000,0.000000,0.000000,0.000000,0.000000,0.000000,0.000000,0.000000,0.000000,0.000000
1784020325.639842,0,0.000000,0.000000,0.000000,0.000000,0.000000,0.000000,0.000000,0.000000,0.000000,0.000000
1784020325.640636,0,0.000000,0.000000,0.000000,0.000000,0.000000,0.000000,0.000000,0.000000,0.000000,0.000000
1784020325.718802,0,0.000000,0.000000,0.000000,0.000000,0.000000,0.000000,0.000000,0.000000,0.000000,0.000000
1784020325.793331,0,0.000000,0.000000,0.000000,0.000000,0.000000,0.000000,0.000000,0.000000,0.000000,0.000000
1784020325.793829,0,0.000000,0.000000,0.000000,0.000000,0.000000,0.000000,0.000000,0.000000,0.000000,0.000000
1784020325.860139,0,0.000000,0.000000,0.000000,0.000000,0.000000,0.000000,0.000000,0.000000,0.000000,0.000000
1784020325.929226,0,0.000000,0.000000,0.000000,0.000000,0.000000,0.000000,0.000000,0.000000,0.000000,0.000000
1784020326.072559,0,0.000000,0.000000,0.000000,0.000000,0.000000,0.000000,0.000000,0.000000,0.000000,0.000000
1784020326.074100,0,0.000000,0.000000,0.000000,0.000000,0.000000,0.000000,0.000000,0.000000,0.000000,0.000000
1784020326.143758,0,0.000000,0.000000,0.000000,0.000000,0.000000,0.000000,0.000000,0.000000,0.000000,0.000000
1784020326.243943,0,0.000000,0.000000,0.000000,0.000000,0.000000,0.000000,0.000000,0.000000,0.000000,0.000000
1784020326.402989,0,0.000000,0.000000,0.000000,0.000000,0.000000,0.000000,0.000000,0.000000,0.000000,0.000000
1784020326.828240,0,0.000000,0.000000,0.000000,0.000000,0.000000,0.000000,0.000000,0.000000,0.000000,0.000000
1784020326.909138,0,0.000000,0.000000,0.000000,0.000000,0.000000,0.000000,0.000000,0.000000,0.000000,0.000000
1784020326.991980,0,0.000000,0.000000,0.000000,0.000000,0.000000,0.000000,0.000000,0.000000,0.000000,0.000000
1784020326.992741,0,0.000000,0.000000,0.000000,0.000000,0.000000,0.000000,0.000000,0.000000,0.000000,0.000000
1784020326.993171,0,0.000000,0.000000,0.000000,0.000000,0.000000,0.000000,0.000000,0.000000,0.000000,0.000000
1784020327.067891,0,0.000000,0.000000,0.000000,0.000000,0.000000,0.000000,0.000000,0.000000,0.000000,0.000000
1784020327.068402,0,0.000000,0.000000,0.000000,0.000000,0.000000,0.000000,0.000000,0.000000,0.000000,0.000000
1784020327.149132,0,0.000000,0.000000,0.000000,0.000000,0.000000,0.000000,0.000000,0.000000,0.000000,0.000000
1784020327.149694,0,0.000000,0.000000,0.000000,0.000000,0.000000,0.000000,0.000000,0.000000,0.000000,0.000000
1784020327.150161,0,0.000000,0.000000,0.000000,0.000000,0.000000,0.000000,0.000000,0.000000,0.000000,0.000000
1784020327.150552,0,0.000000,0.000000,0.000000,0.000000,0.000000,0.000000,0.000000,0.000000,0.000000,0.000000
1784020327.227318,0,0.000000,0.000000,0.000000,0.000000,0.000000,0.000000,0.000000,0.000000,0.000000,0.000000
1784020327.227864,0,0.000000,0.000000,0.000000,0.000000,0.000000,0.000000,0.000000,0.000000,0.000000,0.000000
1784020327.306688,0,0.000000,0.000000,0.000000,0.000000,0.000000,0.000000,0.000000,0.000000,0.000000,0.000000
1784020327.391495,0,0.000000,0.000000,0.000000,0.000000,0.000000,0.000000,0.000000,0.000000,0.000000,0.000000
1784020327.470558,0,0.000000,0.000000,0.000000,0.000000,0.000000,0.000000,0.000000,0.000000,0.000000,0.000000
1784020327.608536,0,0.000000,0.000000,0.000000,0.000000,0.000000,0.000000,0.000000,0.000000,0.000000,0.000000
1784020327.641021,0,0.000000,0.000000,0.000000,0.000000,0.000000,0.000000,0.000000,0.000000,0.000000,0.000000
1784020327.681680,0,0.000000,0.000000,0.000000,0.000000,0.000000,0.000000,0.000000,0.000000,0.000000,0.000000
1784020327.761029,0,0.000000,0.000000,0.000000,0.000000,0.000000,0.000000,0.000000,0.000000,0.000000,0.000000
1784020327.841423,0,0.000000,0.000000,0.000000,0.000000,0.000000,0.000000,0.000000,0.000000,0.000000,0.000000
1784020327.949782,0,0.000000,0.000000,0.000000,0.000000,0.000000,0.000000,0.000000,0.000000,0.000000,0.000000
1784020328.027883,0,0.000000,0.000000,0.000000,0.000000,0.000000,0.000000,0.000000,0.000000,0.000000,0.000000
1784020328.028740,0,0.000000,0.000000,0.000000,0.000000,0.000000,0.000000,0.000000,0.000000,0.000000,0.000000
1784020328.204437,0,0.000000,0.000000,0.000000,0.000000,0.000000,0.000000,0.000000,0.000000,0.000000,0.000000
1784020328.367045,0,0.000000,0.000000,0.000000,0.000000,0.000000,0.000000,0.000000,0.000000,0.250000,0.000000
1784020328.446769,0,0.000000,0.000000,0.000000,0.000000,0.000000,0.000000,0.000000,0.000000,0.000000,0.000000
1784020328.528762,0,0.000000,0.000000,0.000000,0.000000,0.000000,0.000000,0.000000,0.000000,0.000000,0.000000
1784020328.529877,0,0.000000,0.000000,0.000000,0.000000,0.000000,0.000000,0.000000,0.000000,0.000000,0.000000
1784020328.531098,0,0.000000,0.000000,0.000000,0.000000,0.000000,0.000000,0.000000,0.000000,0.000000,0.000000
1784020328.532455,0,0.000000,0.000000,0.000000,0.000000,0.000000,0.000000,0.000000,0.000000,0.000000,0.000000
1784020328.575336,0,0.000000,0.000000,0.000000,0.000000,0.000000,0.000000,0.000000,0.000000,0.000000,0.000000
1784020328.657925,0,0.000000,0.000000,0.000000,0.000000,0.000000,0.000000,0.000000,0.000000,0.000000,0.000000
1784020328.658544,0,0.000000,0.000000,0.000000,0.000000,0.000000,0.000000,0.000000,0.000000,0.000000,0.000000
1784020328.748386,0,0.000000,0.000000,0.000000,0.000000,0.000000,0.000000,0.000000,0.000000,0.000000,0.000000
1784020328.831342,0,0.000000,0.000000,0.000000,0.000000,0.000000,0.000000,0.000000,0.000000,0.000000,0.000000
1784020328.915344,0,0.000000,0.000000,0.000000,0.000000,0.000000,0.000000,0.000000,0.000000,0.000000,0.000000
1784020328.915973,0,0.000000,0.000000,0.000000,0.000000,0.000000,0.000000,0.000000,0.000000,0.000000,0.000000
1784020328.920398,0,0.000000,0.000000,0.000000,0.000000,0.000000,0.000000,0.000000,0.000000,0.000000,0.000000
1784020328.999492,0,0.000000,0.000000,0.000000,0.000000,0.000000,0.000000,0.000000,0.000000,0.000000,0.000000
1784020329.085485,0,0.000000,0.000000,0.000000,0.000000,0.000000,0.000000,0.000000,0.000000,0.000000,0.000000
1784020329.170944,0,0.000000,0.000000,0.000000,0.000000,0.000000,0.000000,0.000000,0.000000,0.000000,0.000000
1784020329.172239,0,0.000000,0.000000,0.000000,0.000000,0.000000,0.000000,0.000000,0.000000,0.000000,0.000000
1784020329.336086,0,0.000000,0.000000,0.000000,0.000000,0.000000,0.000000,0.000000,0.000000,0.000000,0.000000
1784020329.409459,0,0.000000,0.000000,0.000000,0.000000,0.000000,0.000000,0.000000,0.000000,0.000000,0.000000
1784020329.487088,0,0.000000,0.000000,0.000000,0.000000,0.000000,0.000000,0.000000,0.000000,0.000000,0.000000
1784020329.564512,0,0.000000,0.000000,0.000000,0.000000,0.000000,0.000000,0.000000,0.000000,0.000000,0.000000
1784020329.566104,0,0.000000,0.000000,0.000000,0.000000,0.000000,0.000000,0.000000,0.000000,0.000000,0.000000
1784020329.566866,0,0.000000,0.000000,0.000000,0.000000,0.000000,0.000000,0.000000,0.000000,0.000000,0.000000
1784020329.608080,0,0.000000,0.000000,0.000000,0.000000,0.000000,0.000000,0.000000,0.000000,0.000000,0.000000
1784020329.654016,0,0.000000,0.000000,0.000000,0.000000,0.000000,0.000000,0.000000,0.000000,0.250000,0.000000
1784020329.737098,0,0.000000,0.000000,0.000000,0.000000,0.000000,0.000000,0.000000,0.000000,0.000000,0.000000
1784020329.739071,0,0.000000,0.000000,0.000000,0.000000,0.000000,0.000000,0.000000,0.000000,0.000000,0.000000
1784020329.821246,0,0.000000,0.000000,0.000000,0.000000,0.000000,0.000000,0.000000,0.000000,0.000000,0.000000
1784020329.920233,0,0.000000,0.000000,0.000000,0.000000,0.000000,0.000000,0.000000,0.000000,0.000000,0.000000
1784020329.988940,0,0.000000,0.000000,0.000000,0.000000,0.000000,0.000000,0.000000,0.000000,0.000000,0.000000
1784020329.989524,0,0.000000,0.000000,0.000000,0.000000,0.000000,0.000000,0.000000,0.000000,0.000000,0.000000
1784020330.159144,0,0.000000,0.000000,0.000000,0.000000,0.000000,0.000000,0.000000,0.000000,0.250000,0.000000
1784020330.323904,0,0.000000,0.000000,0.000000,0.000000,0.000000,0.000000,0.000000,0.000000,0.000000,0.000000
1784020330.386709,0,0.000000,0.000000,0.000000,0.000000,0.000000,0.000000,0.000000,0.000000,0.000000,0.000000
1784020330.457749,0,0.000000,0.000000,0.000000,0.000000,0.000000,0.000000,0.000000,0.000000,0.000000,0.000000
1784020330.458354,0,0.000000,0.000000,0.000000,0.000000,0.000000,0.000000,0.000000,0.000000,0.000000,0.100000
1784020330.537187,0,0.000000,0.000000,0.000000,0.000000,0.000000,0.000000,0.000000,0.000000,0.000000,0.000000
1784020330.604257,0,0.000000,0.000000,0.000000,0.000000,0.000000,0.000000,0.000000,0.000000,0.000000,0.000000
1784020330.742933,0,0.000000,0.000000,0.000000,0.000000,0.000000,0.000000,0.000000,0.000000,0.000000,0.000000
1784020330.812163,0,0.000000,0.000000,0.000000,0.000000,0.000000,0.000000,0.000000,0.000000,0.000000,0.100000
1784020330.893654,0,0.000000,0.000000,0.000000,0.000000,0.000000,0.000000,0.000000,0.000000,0.000000,0.100000
1784020330.894542,0,0.000000,0.000000,0.000000,0.000000,0.000000,0.000000,0.000000,0.000000,0.000000,0.000000
1784020330.951619,0,0.000000,0.000000,0.000000,0.000000,0.000000,0.000000,0.000000,0.000000,0.000000,0.000000
1784020330.953044,0,0.000000,0.000000,0.000000,0.000000,0.000000,0.000000,0.000000,0.000000,0.000000,0.000000
1784020330.953511,0,0.000000,0.000000,0.000000,0.000000,0.000000,0.000000,0.000000,0.000000,0.000000,0.000000
1784020331.008848,0,0.000000,0.000000,0.000000,0.000000,0.000000,0.000000,0.000000,0.000000,0.000000,0.000000
1784020331.063361,0,0.000000,0.000000,0.000000,0.000000,0.000000,0.000000,0.000000,0.000000,0.000000,0.000000
1784020331.191046,0,0.000000,0.000000,0.000000,0.000000,0.000000,0.000000,0.000000,0.000000,0.000000,0.000000
1784020331.343492,0,0.000000,0.000000,0.000000,0.000000,0.000000,0.000000,0.000000,0.000000,0.000000,0.000000
1784020331.468462,0,0.000000,0.000000,0.000000,0.000000,0.000000,0.000000,0.000000,0.000000,0.000000,0.000000
1784020331.515859,0,0.000000,0.000000,0.000000,0.000000,0.000000,0.000000,0.000000,0.000000,0.000000,0.000000
1784020331.564235,0,0.000000,0.000000,0.000000,0.000000,0.000000,0.000000,0.000000,0.000000,0.000000,0.000000
1784020331.565076,0,0.000000,0.000000,0.000000,0.000000,0.000000,0.000000,0.000000,0.000000,0.000000,0.000000
1784020331.565575,0,0.000000,0.000000,0.000000,0.000000,0.000000,0.000000,0.000000,0.000000,0.000000,0.000000
1784020331.566093,0,0.000000,0.000000,0.000000,0.000000,0.000000,0.000000,0.000000,0.000000,0.000000,0.000000
1784020331.566550,0,0.000000,0.000000,0.000000,0.000000,0.000000,0.000000,0.000000,0.000000,0.000000,0.000000
1784020331.622143,0,0.000000,0.000000,0.000000,0.000000,0.000000,0.000000,0.000000,0.000000,0.000000,0.000000
1784020331.670393,0,0.000000,0.000000,0.000000,0.000000,0.000000,0.000000,0.000000,0.000000,0.000000,0.000000
1784020331.670942,0,0.000000,0.000000,0.000000,0.000000,0.000000,0.000000,0.000000,0.000000,0.000000,0.000000
1784020331.672092,0,0.000000,0.000000,0.000000,0.000000,0.000000,0.000000,0.000000,0.000000,0.000000,0.000000
1784020331.724007,0,0.000000,0.000000,0.000000,0.000000,0.000000,0.000000,0.000000,0.000000,0.000000,0.000000
1784020331.725104,0,0.000000,0.000000,0.000000,0.000000,0.000000,0.000000,0.000000,0.000000,0.000000,0.000000
1784020331.793280,0,0.000000,0.000000,0.000000,0.000000,0.000000,0.000000,0.000000,0.000000,0.000000,0.000000
1784020331.819163,0,0.000000,0.000000,0.000000,0.000000,0.000000,0.000000,0.000000,0.000000,0.000000,0.000000
1784020331.819789,0,0.000000,0.000000,0.000000,0.000000,0.000000,0.000000,0.000000,0.000000,0.000000,0.000000
1784020331.822160,0,0.000000,0.000000,0.000000,0.000000,0.000000,0.000000,0.000000,0.000000,0.000000,0.000000
1784020331.849021,0,0.000000,0.000000,0.000000,0.000000,0.000000,0.000000,0.000000,0.000000,0.000000,0.000000
1784020331.849519,0,0.000000,0.000000,0.000000,0.000000,0.000000,0.000000,0.000000,0.000000,0.000000,0.000000
1784020331.877949,0,0.000000,0.000000,0.000000,0.000000,0.000000,0.000000,0.000000,0.000000,0.000000,0.000000
1784020331.923754,0,0.000000,0.000000,0.000000,0.000000,0.000000,0.000000,0.000000,0.000000,0.000000,0.000000
1784020331.924474,0,0.000000,0.000000,0.000000,0.000000,0.000000,0.000000,0.000000,0.000000,0.000000,0.000000
1784020331.925197,0,0.000000,0.000000,0.000000,0.000000,0.000000,0.000000,0.000000,0.000000,0.000000,0.000000
1784020331.970908,0,0.000000,0.000000,0.000000,0.000000,0.000000,0.000000,0.000000,0.000000,0.000000,0.000000
1784020331.971382,0,0.000000,0.000000,0.000000,0.000000,0.000000,0.000000,0.000000,0.000000,0.000000,0.000000
1784020331.971761,0,0.000000,0.000000,0.000000,0.000000,0.000000,0.000000,0.000000,0.000000,0.000000,0.000000
1784020332.033500,0,0.000000,0.000000,0.000000,0.000000,0.000000,0.000000,0.000000,0.000000,0.000000,0.000000
1784020332.079330,0,0.000000,0.000000,0.000000,0.000000,0.000000,0.000000,0.000000,0.000000,0.000000,0.000000
1784020332.079827,0,0.000000,0.000000,0.000000,0.000000,0.000000,0.000000,0.000000,0.000000,0.000000,0.000000
1784020332.080243,0,0.000000,0.000000,0.000000,0.000000,0.000000,0.000000,0.000000,0.000000,0.000000,0.300000
1784020332.080638,0,0.000000,0.000000,0.000000,0.000000,0.000000,0.000000,0.000000,0.000000,0.000000,0.000000
1784020332.081065,0,0.000000,0.000000,0.000000,0.000000,0.000000,0.000000,0.000000,0.000000,0.000000,0.000000
1784020332.126360,0,0.000000,0.000000,0.000000,0.000000,0.000000,0.000000,0.000000,0.000000,0.000000,0.000000
1784020332.151691,0,0.000000,0.000000,0.000000,0.000000,0.000000,0.000000,0.000000,0.000000,0.000000,0.000000
1784020332.177695,0,0.000000,0.000000,0.000000,0.000000,0.000000,0.000000,0.000000,0.000000,0.000000,0.000000
1784020332.207905,0,0.000000,0.000000,0.000000,0.000000,0.000000,0.000000,0.000000,0.000000,0.000000,0.100000
1784020332.253444,0,0.000000,0.000000,0.000000,0.000000,0.000000,0.000000,0.000000,0.000000,0.000000,0.000000
1784020332.296105,0,0.000000,0.000000,0.000000,0.000000,0.000000,0.000000,0.000000,0.000000,0.000000,0.000000
1784020332.349088,0,0.000000,0.000000,0.000000,0.000000,0.000000,0.000000,0.000000,0.000000,0.000000,0.000000
1784020332.370826,0,0.000000,0.000000,0.000000,0.000000,0.000000,0.000000,0.000000,0.000000,0.000000,0.200000
1784020332.388114,0,0.000000,0.000000,0.000000,0.000000,0.000000,0.000000,0.000000,0.000000,0.000000,0.000000
1784020332.388623,0,0.000000,0.000000,0.000000,0.000000,0.000000,0.000000,0.000000,0.000000,0.000000,0.000000
1784020332.408527,0,0.000000,0.000000,0.000000,0.000000,0.000000,0.000000,0.000000,0.000000,0.000000,0.000000
1784020332.409503,0,0.000000,0.000000,0.000000,0.000000,0.000000,0.000000,0.000000,0.000000,0.000000,0.000000
1784020332.449511,0,0.000000,0.000000,0.000000,0.000000,0.000000,0.000000,0.000000,0.000000,0.000000,0.000000
1784020332.471165,0,0.000000,0.000000,0.000000,0.000000,0.000000,0.000000,0.000000,0.000000,0.000000,0.000000
1784020332.476320,0,0.000000,0.000000,0.000000,0.000000,0.000000,0.000000,0.000000,0.000000,0.000000,0.000000
1784020332.566293,0,0.000000,0.000000,0.000000,0.000000,0.000000,0.000000,0.000000,0.000000,0.000000,0.000000
1784020332.603623,0,0.000000,0.000000,0.000000,0.000000,0.000000,0.000000,0.000000,0.000000,0.000000,0.000000
1784020332.620219,0,0.000000,0.000000,0.000000,0.000000,0.000000,0.000000,0.000000,0.000000,0.000000,0.000000
1784020332.625463,0,0.000000,0.000000,0.000000,0.000000,0.000000,0.000000,0.000000,0.000000,0.000000,0.000000
1784020332.634104,0,0.000000,0.000000,0.000000,0.000000,0.000000,0.000000,0.000000,0.000000,0.000000,0.000000
1784020332.686497,0,0.000000,0.000000,0.000000,0.000000,0.000000,0.000000,0.000000,0.000000,0.000000,0.000000
1784020332.707695,0,0.000000,0.000000,0.000000,0.000000,0.000000,0.000000,0.000000,0.000000,0.000000,0.000000
1784020332.753487,0,0.000000,0.000000,0.000000,0.000000,0.000000,0.000000,0.000000,0.000000,0.000000,0.000000
1784020332.813962,0,0.000000,0.000000,0.000000,0.000000,0.000000,0.000000,0.000000,0.000000,0.000000,0.000000
1784020332.822454,0,0.000000,0.000000,0.000000,0.000000,0.000000,0.000000,0.000000,0.000000,0.000000,0.000000
1784020332.876794,0,0.000000,0.000000,0.000000,0.000000,0.000000,0.000000,0.000000,0.000000,0.000000,0.000000
1784020332.877411,0,0.000000,0.000000,0.000000,0.000000,0.000000,0.000000,0.000000,0.000000,0.000000,0.000000
1784020332.879965,0,0.000000,0.000000,0.000000,0.000000,0.000000,0.000000,0.000000,0.000000,0.000000,0.000000
1784020332.887801,0,0.000000,0.000000,0.000000,0.000000,0.000000,0.000000,0.000000,0.000000,0.000000,0.000000
1784020332.919448,0,0.000000,0.000000,0.000000,0.000000,0.000000,0.000000,0.000000,0.000000,0.000000,0.000000
1784020332.920308,0,0.000000,0.000000,0.000000,0.000000,0.000000,0.000000,0.000000,0.000000,0.000000,0.000000
1784020332.948301,0,0.000000,0.000000,0.000000,0.000000,0.000000,0.000000,0.000000,0.000000,0.000000,0.000000
1784020333.047764,0,0.000000,0.000000,0.000000,0.000000,0.000000,0.000000,0.000000,0.000000,0.000000,0.000000
1784020333.098483,0,0.000000,0.000000,0.000000,0.000000,0.000000,0.000000,0.000000,0.000000,0.000000,0.000000
1784020333.203549,0,0.000000,0.000000,0.000000,0.000000,0.000000,0.000000,0.000000,0.000000,0.000000,0.000000
1784020333.227187,0,0.000000,0.000000,0.000000,0.000000,0.000000,0.000000,0.000000,0.000000,0.000000,0.000000
1784020333.239896,0,0.000000,0.000000,0.000000,0.000000,0.000000,0.000000,0.000000,0.000000,0.000000,0.000000
1784020333.293653,0,0.000000,0.000000,0.000000,0.000000,0.000000,0.000000,0.000000,0.000000,0.000000,0.000000
1784020333.325986,0,0.000000,0.000000,0.000000,0.000000,0.000000,0.000000,0.000000,0.000000,0.000000,0.000000
1784020333.328102,0,0.000000,0.000000,0.000000,0.000000,0.000000,0.000000,0.000000,0.000000,0.000000,0.000000
1784020333.330139,0,0.000000,0.000000,0.000000,0.000000,0.000000,0.000000,0.000000,0.000000,0.000000,0.000000
1784020333.354563,0,0.000000,0.000000,0.000000,0.000000,0.000000,0.000000,0.000000,0.000000,0.000000,0.000000
1784020333.368919,0,0.000000,0.000000,0.000000,0.000000,0.000000,0.000000,0.000000,0.000000,0.000000,0.000000
1784020333.389597,0,0.000000,0.000000,0.000000,0.000000,0.000000,0.000000,0.000000,0.000000,0.000000,0.000000
1784020333.390897,0,0.000000,0.000000,0.000000,0.000000,0.000000,0.000000,0.000000,0.000000,0.000000,0.000000
1784020333.630175,0,0.000000,0.000000,0.000000,0.000000,0.000000,0.000000,0.000000,0.000000,0.000000,0.000000
1784020333.668645,0,0.000000,0.000000,0.000000,0.000000,0.000000,0.000000,0.000000,0.000000,0.000000,0.000000
1784020333.773873,0,0.000000,0.000000,0.000000,0.000000,0.000000,0.000000,0.000000,0.000000,0.000000,0.000000
1784020333.803624,0,0.000000,0.000000,0.000000,0.000000,0.000000,0.000000,0.000000,0.000000,0.000000,0.000000
1784020333.858354,0,0.000000,0.000000,0.000000,0.000000,0.000000,0.000000,0.000000,0.000000,0.000000,0.000000
1784020333.858879,0,0.000000,0.000000,0.000000,0.000000,0.000000,0.000000,0.000000,0.000000,0.000000,0.000000
1784020333.900530,0,0.000000,0.000000,0.000000,0.000000,0.000000,0.000000,0.000000,0.000000,0.000000,0.000000
1784020333.922703,0,0.000000,0.000000,0.000000,0.000000,0.000000,0.000000,0.000000,0.000000,0.000000,0.000000
1784020333.923738,0,0.000000,0.000000,0.000000,0.000000,0.000000,0.000000,0.000000,0.000000,0.000000,0.000000
1784020333.931412,0,0.000000,0.000000,0.000000,0.000000,0.000000,0.000000,0.000000,0.000000,0.000000,0.000000
1784020333.986056,0,0.000000,0.000000,0.000000,0.000000,0.000000,0.000000,0.000000,0.000000,0.000000,0.000000
1784020333.990803,0,0.000000,0.000000,0.000000,0.000000,0.000000,0.000000,0.000000,0.000000,0.000000,0.000000
1784020334.050396,0,0.000000,0.000000,0.000000,0.000000,0.000000,0.000000,0.000000,0.000000,0.000000,0.000000
1784020334.051177,0,0.000000,0.000000,0.000000,0.000000,0.000000,0.000000,0.000000,0.000000,0.000000,0.000000
1784020334.073774,0,0.000000,0.000000,0.000000,0.000000,0.000000,0.000000,0.000000,0.000000,0.000000,0.000000
1784020334.141000,0,0.000000,0.000000,0.000000,0.000000,0.000000,0.000000,0.000000,0.000000,0.000000,0.000000
1784020334.178622,0,0.000000,0.000000,0.000000,0.000000,0.000000,0.000000,0.000000,0.000000,0.000000,0.000000
1784020334.179345,0,0.000000,0.000000,0.000000,0.000000,0.000000,0.000000,0.000000,0.000000,0.000000,0.000000
1784020334.208227,0,0.000000,0.000000,0.000000,0.000000,0.000000,0.000000,0.000000,0.000000,0.000000,0.000000
1784020334.276380,0,0.000000,0.000000,0.000000,0.000000,0.000000,0.000000,0.000000,0.000000,0.000000,0.000000
1784020334.307220,0,0.000000,0.000000,0.000000,0.000000,0.000000,0.000000,0.000000,0.000000,0.000000,0.000000
1784020334.308432,0,0.000000,0.000000,0.000000,0.000000,0.000000,0.000000,0.000000,0.000000,0.000000,0.000000
1784020334.370895,0,0.000000,0.000000,0.000000,0.000000,0.000000,0.000000,0.000000,0.000000,0.000000,0.000000
1784020334.372716,0,0.000000,0.000000,0.000000,0.000000,0.000000,0.000000,0.000000,0.000000,0.000000,0.000000
1784020334.395816,0,0.000000,0.000000,0.000000,0.000000,0.000000,0.000000,0.000000,0.000000,0.000000,0.000000
1784020334.404422,0,0.000000,0.000000,0.000000,0.000000,0.000000,0.000000,0.000000,0.000000,0.000000,0.000000
1784020334.434631,0,0.000000,0.000000,0.000000,0.000000,0.000000,0.000000,0.000000,0.000000,0.000000,0.000000
1784020334.455269,0,0.000000,0.000000,0.000000,0.000000,0.000000,0.000000,0.000000,0.000000,0.000000,0.000000
1784020334.463989,0,0.000000,0.000000,0.000000,0.000000,0.000000,0.000000,0.000000,0.000000,0.000000,0.000000
1784020334.498331,0,0.000000,0.000000,0.000000,0.000000,0.000000,0.000000,0.000000,0.000000,0.000000,0.000000
1784020334.499559,0,0.000000,0.000000,0.000000,0.000000,0.000000,0.000000,0.000000,0.000000,0.000000,0.000000
1784020334.523510,0,0.000000,0.000000,0.000000,0.000000,0.000000,0.000000,0.000000,0.000000,0.000000,0.000000
1784020334.531162,0,0.000000,0.000000,0.000000,0.000000,0.000000,0.000000,0.000000,0.000000,0.000000,0.000000
1784020334.556980,0,0.000000,0.000000,0.000000,0.000000,0.000000,0.000000,0.000000,0.000000,0.000000,0.000000
1784020334.561793,0,0.000000,0.000000,0.000000,0.000000,0.000000,0.000000,0.000000,0.000000,0.000000,0.000000
1784020334.614438,0,0.000000,0.000000,0.000000,0.000000,0.000000,0.000000,0.000000,0.000000,0.000000,0.000000
1784020334.681309,0,0.000000,0.000000,0.000000,0.000000,0.000000,0.000000,0.000000,0.000000,0.000000,0.000000
1784020334.688820,0,0.000000,0.000000,0.000000,0.000000,0.000000,0.000000,0.000000,0.000000,0.000000,0.000000
1784020334.712995,0,0.000000,0.000000,0.000000,0.000000,0.000000,0.000000,0.000000,0.000000,0.000000,0.000000
1784020334.713687,0,0.000000,0.000000,0.000000,0.000000,0.000000,0.000000,0.000000,0.000000,0.000000,0.000000
1784020334.740971,0,0.000000,0.000000,0.000000,0.000000,0.000000,0.000000,0.000000,0.000000,0.000000,0.000000
1784020334.753671,0,0.000000,0.000000,0.000000,0.000000,0.000000,0.000000,0.000000,0.000000,0.000000,0.000000
1784020334.776500,0,0.000000,0.000000,0.000000,0.000000,0.000000,0.000000,0.000000,0.000000,0.000000,0.100000
1784020334.777150,0,0.000000,0.000000,0.000000,0.000000,0.000000,0.000000,0.000000,0.000000,0.000000,0.000000
1784020334.785433,0,0.000000,0.000000,0.000000,0.000000,0.000000,0.000000,0.000000,0.000000,0.000000,0.000000
1784020334.809505,0,0.000000,0.000000,0.000000,0.000000,0.000000,0.000000,0.000000,0.000000,0.000000,0.000000
1784020334.840285,0,0.000000,0.000000,0.000000,0.000000,0.000000,0.000000,0.000000,0.000000,0.000000,0.000000
1784020334.883466,0,0.000000,0.000000,0.000000,0.000000,0.000000,0.000000,0.000000,0.000000,0.000000,0.000000
1784020334.924872,0,0.000000,0.000000,0.000000,0.000000,0.000000,0.000000,0.000000,0.000000,0.000000,0.000000
1784020334.928689,0,0.000000,0.000000,0.000000,0.000000,0.000000,0.000000,0.000000,0.000000,0.000000,0.000000
1784020334.930785,0,0.000000,0.000000,0.000000,0.000000,0.000000,0.000000,0.000000,0.000000,0.000000,0.000000
1784020334.973544,0,0.000000,0.000000,0.000000,0.000000,0.000000,0.000000,0.000000,0.000000,0.000000,0.000000
1784020334.988803,0,0.000000,0.000000,0.000000,0.000000,0.000000,0.000000,0.000000,0.000000,0.000000,0.000000
1784020334.997389,0,0.000000,0.000000,0.000000,0.000000,0.000000,0.000000,0.000000,0.000000,0.000000,0.000000
1784020335.009739,0,0.000000,0.000000,0.000000,0.000000,0.000000,0.000000,0.000000,0.000000,0.000000,0.000000
1784020335.018956,0,0.000000,0.000000,0.000000,0.000000,0.000000,0.000000,0.000000,0.000000,0.000000,0.000000
1784020335.033175,0,0.000000,0.000000,0.000000,0.000000,0.000000,0.000000,0.000000,0.000000,0.000000,0.000000
1784020335.094488,0,0.000000,0.000000,0.000000,0.000000,0.000000,0.000000,0.000000,0.000000,0.000000,0.000000
1784020335.123409,0,0.000000,0.000000,0.000000,0.000000,0.000000,0.000000,0.000000,0.000000,0.000000,0.100000
1784020335.214507,0,0.000000,0.000000,0.000000,0.000000,0.000000,0.000000,0.000000,0.000000,0.000000,0.000000
1784020335.216015,0,0.000000,0.000000,0.000000,0.000000,0.000000,0.000000,0.000000,0.000000,0.000000,0.000000
1784020335.222782,0,0.000000,0.000000,0.000000,0.000000,0.000000,0.000000,0.000000,0.000000,0.000000,0.000000
1784020335.273389,0,0.000000,0.000000,0.000000,0.000000,0.000000,0.000000,0.000000,0.000000,0.000000,0.000000
1784020335.288047,0,0.000000,0.000000,0.000000,0.000000,0.000000,0.000000,0.000000,0.000000,0.000000,0.000000
1784020335.288837,0,0.000000,0.000000,0.000000,0.000000,0.000000,0.000000,0.000000,0.000000,0.000000,0.000000
1784020335.312454,0,0.000000,0.000000,0.000000,0.000000,0.000000,0.000000,0.000000,0.000000,0.000000,0.000000
1784020335.341985,0,0.000000,0.000000,0.000000,0.000000,0.000000,0.000000,0.000000,0.000000,0.250000,0.000000
1784020335.350763,0,0.000000,0.000000,0.000000,0.000000,0.000000,0.000000,0.000000,0.000000,0.000000,0.000000
1784020335.373200,0,0.000000,0.000000,0.000000,0.000000,0.000000,0.000000,0.000000,0.000000,0.000000,0.000000
1784020335.373913,0,0.000000,0.000000,0.000000,0.000000,0.000000,0.000000,0.000000,0.000000,0.000000,0.000000
1784020335.378667,0,0.000000,0.000000,0.000000,0.000000,0.000000,0.000000,0.000000,0.000000,0.000000,0.100000
1784020335.416317,0,0.000000,0.000000,0.000000,0.000000,0.000000,0.000000,0.000000,0.000000,0.000000,0.000000
1784020335.417143,0,0.000000,0.000000,0.000000,0.000000,0.000000,0.000000,0.000000,0.000000,0.000000,0.000000
1784020335.447616,0,0.000000,0.000000,0.000000,0.000000,0.000000,0.000000,0.000000,0.000000,0.000000,0.000000
1784020335.461632,0,0.000000,0.000000,0.000000,0.000000,0.000000,0.000000,0.000000,0.000000,0.000000,0.000000
1784020335.468308,0,0.000000,0.000000,0.000000,0.000000,0.000000,0.000000,0.000000,0.000000,0.000000,0.000000
1784020335.469191,0,0.000000,0.000000,0.000000,0.000000,0.000000,0.000000,0.000000,0.000000,0.000000,0.000000
1784020335.479731,0,0.000000,0.000000,0.000000,0.000000,0.000000,0.000000,0.000000,0.000000,0.000000,0.100000
1784020335.490927,0,0.000000,0.000000,0.000000,0.000000,0.000000,0.000000,0.000000,0.000000,0.000000,0.000000
1784020335.505802,0,0.000000,0.000000,0.000000,0.000000,0.000000,0.000000,0.000000,0.000000,0.000000,0.000000
1784020335.521528,0,0.000000,0.000000,0.000000,0.000000,0.000000,0.000000,0.000000,0.000000,0.000000,0.000000
1784020335.544556,0,0.000000,0.000000,0.000000,0.000000,0.000000,0.000000,0.000000,0.000000,0.000000,0.000000
1784020335.565500,0,0.000000,0.000000,0.000000,0.000000,0.000000,0.000000,0.000000,0.000000,0.000000,0.000000
1784020335.574407,0,0.000000,0.000000,0.000000,0.000000,0.000000,0.000000,0.000000,0.000000,0.000000,0.000000
1784020335.591190,0,0.000000,0.000000,0.000000,0.000000,0.000000,0.000000,0.000000,0.000000,0.000000,0.100000
1784020335.595097,0,0.000000,0.000000,0.000000,0.000000,0.000000,0.000000,0.000000,0.000000,0.000000,0.000000
1784020335.607530,0,0.000000,0.000000,0.000000,0.000000,0.000000,0.000000,0.000000,0.000000,0.000000,0.000000
1784020335.745119,0,0.000000,0.000000,0.000000,0.000000,0.000000,0.000000,0.000000,0.000000,0.000000,0.000000
1784020335.778211,0,0.000000,0.000000,0.000000,0.000000,0.000000,0.000000,0.000000,0.000000,0.000000,0.000000
1784020335.799618,0,0.000000,0.000000,0.000000,0.000000,0.000000,0.000000,0.000000,0.000000,0.000000,0.000000
1784020335.805854,0,0.000000,0.000000,0.000000,0.000000,0.000000,0.000000,0.000000,0.000000,0.000000,0.000000
1784020335.822014,0,0.000000,0.000000,0.000000,0.000000,0.000000,0.000000,0.000000,0.000000,0.000000,0.000000
1784020335.843193,0,0.000000,0.000000,0.000000,0.000000,0.000000,0.000000,0.000000,0.000000,0.000000,0.000000
1784020335.845099,0,0.000000,0.000000,0.000000,0.000000,0.000000,0.000000,0.000000,0.000000,0.000000,0.000000
1784020335.850529,0,0.000000,0.000000,0.000000,0.000000,0.000000,0.000000,0.000000,0.000000,0.000000,0.000000
1784020335.921300,0,0.000000,0.000000,0.000000,0.000000,0.000000,0.000000,0.000000,0.000000,0.000000,0.000000
1784020335.952846,0,0.000000,0.000000,0.000000,0.000000,0.000000,0.000000,0.000000,0.000000,0.000000,0.000000
1784020335.953366,0,0.000000,0.000000,0.000000,0.000000,0.000000,0.000000,0.000000,0.000000,0.000000,0.000000
1784020335.994190,0,0.000000,0.000000,0.000000,0.000000,0.000000,0.000000,0.000000,0.000000,0.000000,0.000000
1784020336.013158,0,0.000000,0.000000,0.000000,0.000000,0.000000,0.000000,0.000000,0.000000,0.000000,0.000000
1784020336.035410,0,0.000000,0.000000,0.000000,0.000000,0.000000,0.000000,0.000000,0.000000,0.000000,0.000000
1784020336.035956,0,0.000000,0.000000,0.000000,0.000000,0.000000,0.000000,0.000000,0.000000,0.000000,0.000000
1784020336.046525,0,0.000000,0.000000,0.000000,0.000000,0.000000,0.000000,0.000000,0.000000,0.000000,0.000000
1784020336.060804,0,0.000000,0.000000,0.000000,0.000000,0.000000,0.000000,0.000000,0.000000,0.000000,0.000000
1784020336.076807,0,0.000000,0.000000,0.000000,0.000000,0.000000,0.000000,0.000000,0.000000,0.000000,0.000000
1784020336.077855,0,0.000000,0.000000,0.000000,0.000000,0.000000,0.000000,0.000000,0.000000,0.000000,0.100000
1784020336.097983,0,0.000000,0.000000,0.000000,0.000000,0.000000,0.000000,0.000000,0.000000,0.000000,0.000000
1784020336.098870,0,0.000000,0.000000,0.000000,0.000000,0.000000,0.000000,0.000000,0.000000,0.000000,0.000000
1784020336.119611,0,0.000000,0.000000,0.000000,0.000000,0.000000,0.000000,0.000000,0.000000,0.000000,0.000000
1784020336.128447,0,0.000000,0.000000,0.000000,0.000000,0.000000,0.000000,0.000000,0.000000,0.000000,0.000000
1784020336.187640,0,0.000000,0.000000,0.000000,0.000000,0.000000,0.000000,0.000000,0.000000,0.000000,0.000000
1784020336.233449,0,0.000000,0.000000,0.000000,0.000000,0.000000,0.000000,0.000000,0.000000,0.000000,0.000000
1784020336.255169,0,0.000000,0.000000,0.000000,0.000000,0.000000,0.000000,0.000000,0.000000,0.000000,0.000000
1784020336.269674,0,0.000000,0.000000,0.000000,0.000000,0.000000,0.000000,0.000000,0.000000,0.000000,0.000000
1784020336.278700,0,0.000000,0.000000,0.000000,0.000000,0.000000,0.000000,0.000000,0.000000,0.000000,0.000000
1784020336.295021,0,0.000000,0.000000,0.000000,0.000000,0.000000,0.000000,0.000000,0.000000,0.000000,0.000000
1784020336.295801,0,0.000000,0.000000,0.000000,0.000000,0.000000,0.000000,0.000000,0.000000,0.000000,0.000000
1784020336.311817,0,0.000000,0.000000,0.000000,0.000000,0.000000,0.000000,0.000000,0.000000,0.000000,0.000000
1784020336.316375,0,0.000000,0.000000,0.000000,0.000000,0.000000,0.000000,0.000000,0.000000,0.000000,0.000000
1784020336.332456,0,0.000000,0.000000,0.000000,0.000000,0.000000,0.000000,0.000000,0.000000,0.000000,0.000000
1784020336.354317,0,0.000000,0.000000,0.000000,0.000000,0.000000,0.000000,0.000000,0.000000,0.000000,0.000000
1784020336.360506,0,0.000000,0.000000,0.000000,0.000000,0.000000,0.000000,0.000000,0.000000,0.000000,0.000000
1784020336.384562,0,0.000000,0.000000,0.000000,0.000000,0.000000,0.000000,0.000000,0.000000,0.000000,0.000000
1784020336.418348,0,0.000000,0.000000,0.000000,0.000000,0.000000,0.000000,0.000000,0.000000,0.000000,0.000000
1784020336.418851,0,0.000000,0.000000,0.000000,0.000000,0.000000,0.000000,0.000000,0.000000,0.000000,0.000000
1784020336.446294,0,0.000000,0.000000,0.000000,0.000000,0.000000,0.000000,0.000000,0.000000,0.000000,0.000000
1784020336.491704,0,0.000000,0.000000,0.000000,0.000000,0.000000,0.000000,0.000000,0.000000,0.250000,0.000000
1784020336.512480,0,0.000000,0.000000,0.000000,0.000000,0.000000,0.000000,0.000000,0.000000,0.000000,0.300000
1784020336.525110,0,0.000000,0.000000,0.000000,0.000000,0.000000,0.000000,0.000000,0.000000,0.000000,0.200000
1784020336.548323,0,0.000000,0.000000,0.000000,0.000000,0.000000,0.000000,0.000000,0.000000,0.000000,0.000000
1784020336.578516,0,0.000000,0.000000,0.000000,0.000000,0.000000,0.000000,0.000000,0.000000,0.000000,0.000000
1784020336.589467,0,0.000000,0.000000,0.000000,0.000000,0.000000,0.000000,0.000000,0.000000,0.000000,0.000000
1784020336.653027,0,0.000000,0.000000,0.000000,0.000000,0.000000,0.000000,0.000000,0.000000,0.000000,0.000000
1784020336.675906,0,0.000000,0.000000,0.000000,0.000000,0.000000,0.000000,0.000000,0.000000,0.000000,0.100000
1784020336.802704,0,0.000000,0.000000,0.000000,0.000000,0.000000,0.000000,0.000000,0.000000,0.000000,0.000000
1784020336.803953,0,0.000000,0.000000,0.000000,0.000000,0.000000,0.000000,0.000000,0.000000,0.000000,0.000000
1784020336.832882,0,0.000000,0.000000,0.000000,0.000000,0.000000,0.000000,0.000000,0.000000,0.000000,0.000000
1784020336.893122,0,0.000000,0.000000,0.000000,0.000000,0.000000,0.000000,0.000000,0.000000,0.000000,0.000000
1784020336.929287,0,0.000000,0.000000,0.000000,0.000000,0.000000,0.000000,0.000000,0.000000,0.000000,0.000000
1784020336.953183,0,0.000000,0.000000,0.000000,0.000000,0.000000,0.000000,0.000000,0.000000,0.000000,0.000000
1784020336.960769,0,0.000000,0.000000,0.000000,0.000000,0.000000,0.000000,0.000000,0.000000,0.000000,0.000000
1784020336.975738,0,0.000000,0.000000,0.000000,0.000000,0.000000,0.000000,0.000000,0.000000,0.000000,0.000000
1784020336.982513,0,0.000000,0.000000,0.000000,0.000000,0.000000,0.000000,0.000000,0.000000,0.000000,0.000000
1784020337.005436,0,0.000000,0.000000,0.000000,0.000000,0.000000,0.000000,0.000000,0.000000,0.000000,0.000000
1784020337.043325,0,0.000000,0.000000,0.000000,0.000000,0.000000,0.000000,0.000000,0.000000,0.000000,0.000000
1784020337.082905,0,0.000000,0.000000,0.000000,0.000000,0.000000,0.000000,0.000000,0.000000,0.000000,0.000000
1784020337.122310,0,0.000000,0.000000,0.000000,0.000000,0.000000,0.000000,0.000000,0.000000,0.000000,0.000000
1784020337.143512,0,0.000000,0.000000,0.000000,0.000000,0.000000,0.000000,0.000000,0.000000,0.000000,0.000000
1784020337.144377,0,0.000000,0.000000,0.000000,0.000000,0.000000,0.000000,0.000000,0.000000,0.000000,0.000000
1784020337.147811,0,0.000000,0.000000,0.000000,0.000000,0.000000,0.000000,0.000000,0.000000,0.000000,0.000000
1784020337.207750,0,0.000000,0.000000,0.000000,0.000000,0.000000,0.000000,0.000000,0.000000,0.000000,0.000000
1784020337.238104,0,0.000000,0.000000,0.000000,0.000000,0.000000,0.000000,0.000000,0.000000,0.000000,0.000000
1784020337.276449,0,0.000000,0.000000,0.000000,0.000000,0.000000,0.000000,0.000000,0.000000,0.000000,0.200000
1784020337.344324,0,0.000000,0.000000,0.000000,0.000000,0.000000,0.000000,0.000000,0.000000,0.000000,0.000000
1784020337.359342,0,0.000000,0.000000,0.000000,0.000000,0.000000,0.000000,0.000000,0.000000,0.000000,0.000000
1784020337.366456,0,0.000000,0.000000,0.000000,0.000000,0.000000,0.000000,0.000000,0.000000,0.000000,0.000000
1784020337.399630,0,0.000000,0.000000,0.000000,0.000000,0.000000,0.000000,0.000000,0.000000,0.000000,0.000000
1784020337.402900,0,0.000000,0.000000,0.000000,0.000000,0.000000,0.000000,0.000000,0.000000,0.000000,0.000000
1784020337.426798,0,0.000000,0.000000,0.000000,0.000000,0.000000,0.000000,0.000000,0.000000,0.000000,0.000000
1784020337.442363,0,0.000000,0.000000,0.000000,0.000000,0.000000,0.000000,0.000000,0.000000,0.000000,0.000000
1784020337.449288,0,0.000000,0.000000,0.000000,0.000000,0.000000,0.000000,0.000000,0.000000,0.250000,0.000000
1784020337.464454,0,0.000000,0.000000,0.000000,0.000000,0.000000,0.000000,0.000000,0.000000,0.000000,0.000000
1784020337.465852,0,0.000000,0.000000,0.000000,0.000000,0.000000,0.000000,0.000000,0.000000,0.000000,0.000000
1784020337.494238,0,0.000000,0.000000,0.000000,0.000000,0.000000,0.000000,0.000000,0.000000,0.000000,0.000000
1784020337.506428,0,0.000000,0.000000,0.000000,0.000000,0.000000,0.000000,0.000000,0.000000,0.000000,0.000000
1784020337.527406,0,0.000000,0.000000,0.000000,0.000000,0.000000,0.000000,0.000000,0.000000,0.000000,0.000000
1784020337.548795,0,0.000000,0.000000,0.000000,0.000000,0.000000,0.000000,0.000000,0.000000,0.000000,0.000000
1784020337.549312,0,0.000000,0.000000,0.000000,0.000000,0.000000,0.000000,0.000000,0.000000,0.000000,0.000000
1784020337.591841,0,0.000000,0.000000,0.000000,0.000000,0.000000,0.000000,0.000000,0.000000,0.000000,0.000000
1784020337.612443,0,0.000000,0.000000,0.000000,0.000000,0.000000,0.000000,0.000000,0.000000,0.000000,0.100000
1784020337.612920,0,0.000000,0.000000,0.000000,0.000000,0.000000,0.000000,0.000000,0.000000,0.000000,0.000000
1784020337.621860,0,0.000000,0.000000,0.000000,0.000000,0.000000,0.000000,0.000000,0.000000,0.000000,0.000000
1784020337.657134,0,0.000000,0.000000,0.000000,0.000000,0.000000,0.000000,0.000000,0.000000,0.250000,0.000000
1784020337.657951,0,0.000000,0.000000,0.000000,0.000000,0.000000,0.000000,0.000000,0.000000,0.250000,0.000000
1784020337.658720,0,0.000000,0.000000,0.000000,0.000000,0.000000,0.000000,0.000000,0.000000,0.000000,0.000000
1784020337.740508,0,0.000000,0.000000,0.000000,0.000000,0.000000,0.000000,0.000000,0.000000,0.000000,0.000000
1784020337.787085,0,0.000000,0.000000,0.000000,0.000000,0.000000,0.000000,0.000000,0.000000,0.000000,0.000000
1784020337.787771,0,0.000000,0.000000,0.000000,0.000000,0.000000,0.000000,0.000000,0.000000,0.000000,0.000000
1784020337.831695,0,0.000000,0.000000,0.000000,0.000000,0.000000,0.000000,0.000000,0.000000,0.000000,0.000000
1784020337.875356,0,0.000000,0.000000,0.000000,0.000000,0.000000,0.000000,0.000000,0.000000,0.000000,0.000000
1784020337.936042,0,0.000000,0.000000,0.000000,0.000000,0.000000,0.000000,0.000000,0.000000,0.000000,0.000000
1784020337.996352,0,0.000000,0.000000,0.000000,0.000000,0.000000,0.000000,0.000000,0.000000,0.000000,0.000000
1784020338.087740,0,0.000000,0.000000,0.000000,0.000000,0.000000,0.000000,0.000000,0.000000,0.000000,0.000000
1784020338.132811,0,0.000000,3.000000,0.000000,0.000000,0.000000,0.000000,0.000000,0.000000,0.000000,0.000000
1784020338.135410,0,0.000000,3.000000,0.000000,3.000000,0.000000,0.000000,0.000000,0.000000,0.250000,0.000000
1784020338.214989,0,0.000000,3.000000,0.000000,3.000000,0.000000,0.000000,0.000000,0.000000,0.000000,0.000000
1784020338.316333,0,0.000000,3.000000,0.000000,3.000000,0.000000,0.000000,0.000000,0.000000,0.000000,0.100000
1784020338.370787,0,0.000000,3.000000,0.000000,3.000000,0.000000,0.000000,0.000000,0.000000,0.000000,0.000000
1784020338.445784,0,0.000000,3.000000,0.000000,3.000000,0.000000,0.000000,0.000000,0.000000,0.000000,0.000000
1784020338.490582,0,0.000000,3.000000,0.000000,3.000000,0.000000,0.000000,0.000000,0.000000,0.000000,0.000000
1784020338.535809,0,0.000000,3.000000,0.000000,3.000000,0.000000,0.000000,0.000000,0.000000,0.000000,0.000000
1784020338.603926,0,0.000000,3.000000,0.000000,3.000000,0.000000,0.000000,0.000000,0.000000,0.000000,0.000000
1784020338.663388,0,0.000000,3.000000,0.000000,3.000000,0.000000,0.000000,0.000000,0.000000,0.000000,0.000000
1784020338.707376,0,0.000000,3.000000,0.000000,3.000000,0.000000,0.000000,0.000000,0.000000,0.000000,0.000000
1784020338.813944,0,0.000000,3.000000,0.000000,3.000000,0.000000,0.000000,0.000000,0.000000,0.000000,0.000000
1784020338.857815,0,0.000000,3.000000,0.000000,3.000000,0.000000,0.000000,0.000000,0.000000,0.000000,0.000000
1784020338.978718,0,0.000000,3.000000,0.000000,3.000000,0.000000,0.000000,0.000000,0.000000,0.000000,0.000000
1784020339.002069,0,0.000000,3.000000,0.000000,3.000000,0.000000,0.000000,0.000000,0.000000,0.000000,0.000000
1784020339.027112,0,0.000000,3.000000,0.000000,3.000000,0.000000,0.000000,0.000000,0.000000,0.000000,0.000000
1784020339.158813,0,0.000000,3.000000,0.000000,3.000000,0.000000,0.000000,0.000000,0.000000,0.000000,0.100000
1784020339.286709,0,0.000000,3.000000,0.000000,3.000000,0.000000,0.000000,0.000000,0.000000,0.000000,0.000000
1784020339.331717,0,0.000000,3.000000,0.000000,3.000000,0.000000,0.000000,0.000000,0.000000,0.000000,0.000000
1784020339.333209,0,0.000000,3.000000,0.000000,3.000000,0.000000,0.000000,0.000000,0.000000,0.000000,0.000000
1784020339.447495,0,0.000000,3.000000,0.000000,3.000000,0.000000,0.000000,0.000000,0.000000,0.000000,0.000000
1784020339.470450,0,0.000000,3.000000,0.000000,3.000000,0.000000,0.000000,0.000000,0.000000,0.000000,0.000000
1784020339.514675,0,0.000000,3.000000,0.000000,3.000000,0.000000,0.000000,0.000000,0.000000,0.000000,0.000000
1784020339.575528,0,0.000000,3.000000,0.000000,3.000000,0.000000,0.000000,0.000000,0.000000,0.000000,0.000000
1784020339.661268,0,0.000000,3.000000,0.000000,3.000000,0.000000,0.000000,0.000000,0.000000,0.000000,0.000000
1784020339.704336,0,0.000000,3.000000,0.000000,3.000000,0.000000,0.000000,0.000000,0.000000,0.000000,0.000000
1784020339.789297,0,0.000000,3.000000,0.000000,3.000000,0.000000,0.000000,0.000000,0.000000,0.000000,0.000000
1784020339.863567,0,0.000000,3.000000,0.000000,3.000000,0.000000,0.000000,0.000000,0.000000,0.000000,0.000000
1784020339.946278,0,0.000000,3.000000,0.000000,3.000000,0.000000,0.000000,0.000000,0.000000,0.000000,0.000000
1784020340.089144,0,0.000000,3.000000,0.000000,3.000000,0.000000,0.000000,0.000000,0.000000,0.250000,0.100000
1784020340.152790,0,0.000000,3.000000,0.000000,3.000000,0.000000,0.000000,0.000000,0.000000,0.000000,0.000000
1784020340.153311,0,0.000000,3.000000,0.000000,3.000000,0.000000,0.000000,0.000000,0.000000,0.000000,0.000000
1784020340.269255,0,0.000000,3.000000,0.000000,3.000000,0.000000,0.000000,0.000000,0.000000,0.000000,0.000000
1784020340.344047,0,0.000000,3.000000,0.000000,3.000000,0.000000,0.000000,0.000000,0.000000,0.000000,0.000000
1784020340.417773,0,0.000000,3.000000,0.000000,3.000000,0.000000,0.000000,0.000000,0.000000,0.000000,0.000000
1784020340.516803,0,0.000000,3.000000,0.000000,3.000000,0.000000,0.000000,0.000000,0.000000,0.000000,0.000000
1784020340.622661,0,0.000000,3.000000,0.000000,3.000000,0.000000,0.000000,0.000000,0.000000,0.000000,0.000000
1784020340.663405,0,0.000000,3.000000,0.000000,3.000000,0.000000,0.000000,0.000000,0.000000,0.000000,0.000000
1784020340.704845,0,0.000000,3.000000,0.000000,3.000000,0.000000,0.000000,0.000000,0.000000,0.000000,0.000000
1784020340.816489,0,0.000000,3.000000,0.000000,3.000000,0.000000,0.000000,0.000000,0.000000,0.000000,0.000000
1784020340.943613,0,0.000000,3.000000,0.000000,3.000000,0.000000,0.000000,0.000000,0.000000,0.000000,0.000000
1784020341.057021,0,0.000000,3.000000,0.000000,3.000000,0.000000,0.000000,0.000000,0.000000,0.000000,0.000000
1784020341.155591,0,0.000000,3.000000,0.000000,3.000000,0.000000,0.000000,0.000000,0.000000,0.000000,0.000000
1784020341.156404,0,0.000000,3.000000,0.000000,3.000000,0.000000,0.000000,0.000000,0.000000,0.000000,0.000000
1784020341.203939,0,0.000000,3.000000,0.000000,3.000000,0.000000,0.000000,0.000000,0.000000,0.000000,0.000000
1784020341.204474,0,0.000000,3.000000,0.000000,3.000000,0.000000,0.000000,0.000000,0.000000,0.000000,0.000000
1784020341.261168,0,0.000000,3.000000,0.000000,3.000000,0.000000,0.000000,0.000000,0.000000,0.000000,0.000000
1784020341.346377,0,0.000000,3.000000,0.000000,3.000000,0.000000,0.000000,0.000000,0.000000,0.000000,0.000000
1784020341.347044,0,0.000000,3.000000,0.000000,3.000000,0.000000,0.000000,0.000000,0.000000,0.000000,0.000000
1784020341.401076,0,0.000000,3.000000,0.000000,3.000000,0.000000,0.000000,0.000000,0.000000,0.000000,0.000000
1784020341.453812,0,0.000000,3.000000,0.000000,3.000000,0.000000,0.000000,0.000000,0.000000,0.000000,0.000000
1784020341.559257,0,0.000000,3.000000,0.000000,3.000000,0.000000,0.000000,0.000000,0.000000,0.000000,0.000000
1784020341.697792,0,0.000000,3.000000,0.000000,3.000000,0.000000,0.000000,0.000000,0.000000,0.000000,0.000000
1784020341.858281,0,0.000000,3.000000,0.000000,3.000000,0.000000,0.000000,0.000000,0.000000,0.000000,0.000000
1784020341.901363,0,0.000000,3.000000,0.000000,3.000000,0.000000,0.000000,0.000000,0.000000,0.000000,0.000000
1784020341.901865,0,0.000000,3.000000,0.000000,3.000000,0.000000,0.000000,0.000000,0.000000,0.000000,0.000000
1784020341.902261,0,0.000000,3.000000,0.000000,3.000000,0.000000,0.000000,0.000000,0.000000,0.000000,0.000000
1784020342.009603,0,0.000000,3.000000,0.000000,3.000000,0.000000,0.000000,0.000000,0.000000,0.000000,0.000000
1784020342.134075,0,0.000000,3.000000,0.000000,3.000000,0.000000,0.000000,0.000000,0.000000,0.000000,0.000000
1784020342.180597,0,0.000000,3.000000,0.000000,3.000000,0.000000,0.000000,0.000000,0.000000,0.000000,0.000000
1784020342.233450,0,0.000000,3.000000,0.000000,3.000000,0.000000,0.000000,0.000000,0.000000,0.000000,0.000000
1784020342.278554,0,0.000000,3.000000,0.000000,3.000000,0.000000,0.000000,0.000000,0.000000,0.000000,0.000000
1784020342.353637,0,0.000000,3.000000,0.000000,3.000000,0.000000,0.000000,0.000000,0.000000,0.000000,0.000000
1784020342.354590,0,0.000000,3.000000,0.000000,3.000000,0.000000,0.000000,0.000000,0.000000,0.000000,0.000000
1784020342.397887,0,0.000000,3.000000,0.000000,3.000000,0.000000,0.000000,0.000000,0.000000,0.000000,0.000000
1784020342.481941,0,0.000000,3.000000,0.000000,3.000000,0.000000,0.000000,0.000000,0.000000,0.000000,0.000000
1784020342.582991,0,0.000000,3.000000,0.000000,3.000000,0.000000,0.000000,0.000000,0.000000,0.000000,0.100000
1784020342.583664,0,0.000000,3.000000,0.000000,3.000000,0.000000,0.000000,0.000000,0.000000,0.000000,0.000000
1784020342.864098,0,0.000000,3.000000,0.000000,3.000000,0.000000,0.000000,0.000000,0.000000,0.000000,0.000000
1784020342.910808,0,0.000000,3.000000,0.000000,3.000000,0.000000,0.000000,0.000000,0.000000,0.000000,0.000000
1784020342.958564,0,0.000000,3.000000,0.000000,3.000000,0.000000,0.000000,0.000000,0.000000,0.000000,0.200000
1784020342.959099,0,0.000000,3.000000,0.000000,3.000000,0.000000,0.000000,0.000000,0.000000,0.250000,0.000000
1784020343.014795,0,0.000000,3.000000,0.000000,3.000000,0.000000,0.000000,0.000000,0.000000,0.000000,0.000000
1784020343.062321,0,0.000000,3.000000,0.000000,3.000000,0.000000,0.000000,0.000000,0.000000,0.000000,0.000000
1784020343.244910,0,0.000000,3.000000,0.000000,3.000000,0.000000,0.000000,0.000000,0.000000,0.000000,0.000000
1784020343.350629,0,0.000000,3.000000,0.000000,3.000000,0.000000,0.000000,0.000000,0.000000,0.000000,0.000000
1784020343.396531,0,0.000000,3.000000,0.000000,3.000000,0.000000,0.000000,0.000000,0.000000,0.000000,0.000000
1784020343.521552,0,0.000000,3.000000,0.000000,3.000000,0.000000,0.000000,0.000000,0.000000,0.000000,0.100000
1784020343.547316,0,0.000000,3.000000,0.000000,3.000000,0.000000,0.000000,0.000000,0.000000,0.500000,0.100000
1784020343.572805,0,0.000000,3.000000,0.000000,3.000000,0.000000,0.000000,0.000000,0.000000,0.000000,0.000000
1784020343.680725,0,0.000000,3.000000,0.000000,3.000000,0.000000,0.000000,0.000000,0.000000,0.000000,0.000000
1784020343.808236,0,0.000000,3.000000,0.000000,3.000000,0.000000,0.000000,0.000000,0.000000,0.000000,0.000000
1784020344.055402,0,0.000000,3.000000,0.000000,3.000000,0.000000,0.000000,0.000000,0.000000,0.000000,0.000000
1784020344.122696,0,0.000000,3.000000,0.000000,3.000000,0.000000,0.000000,0.000000,0.000000,0.000000,0.000000
1784020344.169970,0,0.000000,3.000000,0.000000,3.000000,0.000000,0.000000,0.000000,0.000000,0.000000,0.000000
1784020344.170471,0,0.000000,3.000000,0.000000,3.000000,0.000000,0.000000,0.000000,0.000000,0.000000,0.000000
1784020344.170859,0,0.000000,3.000000,0.000000,3.000000,0.000000,0.000000,0.000000,0.000000,0.000000,0.000000
1784020344.219193,0,0.000000,3.000000,0.000000,3.000000,0.000000,0.000000,0.000000,0.000000,0.000000,0.000000
1784020344.310753,0,0.000000,3.000000,0.000000,3.000000,0.000000,0.000000,0.000000,0.000000,0.000000,0.000000
1784020344.338550,0,0.000000,3.000000,0.000000,3.000000,0.000000,0.000000,0.000000,0.000000,0.000000,0.000000
1784020344.339215,0,0.000000,3.000000,0.000000,3.000000,0.000000,0.000000,0.000000,0.000000,0.000000,0.000000
1784020344.388430,0,0.000000,3.000000,0.000000,3.000000,0.000000,0.000000,0.000000,0.000000,0.000000,0.000000
1784020344.432978,0,0.000000,3.000000,0.000000,3.000000,0.000000,0.000000,0.000000,0.000000,0.000000,0.000000
1784020344.434644,0,0.000000,3.000000,0.000000,3.000000,0.000000,0.000000,0.000000,0.000000,0.000000,0.000000
1784020344.586957,0,0.000000,3.000000,0.000000,3.000000,0.000000,0.000000,0.000000,0.000000,0.000000,0.000000
1784020344.631131,0,0.000000,3.000000,0.000000,3.000000,0.000000,0.000000,0.000000,0.000000,0.000000,0.000000
1784020344.678591,0,0.000000,3.000000,0.000000,3.000000,0.000000,0.000000,0.000000,0.000000,0.000000,0.000000
1784020344.679086,0,0.000000,3.000000,0.000000,3.000000,0.000000,0.000000,0.000000,0.000000,0.000000,0.000000
1784020344.679842,0,0.000000,3.000000,0.000000,3.000000,0.000000,0.000000,0.000000,0.000000,0.000000,0.000000
1784020344.724931,0,0.000000,3.000000,0.000000,3.000000,0.000000,0.000000,0.000000,0.000000,0.000000,0.000000
1784020344.791471,0,0.000000,3.000000,0.000000,3.000000,0.000000,0.000000,0.000000,0.000000,0.000000,0.000000
1784020344.836332,0,0.000000,3.000000,0.000000,3.000000,0.000000,0.000000,0.000000,0.000000,0.000000,0.000000
1784020344.836834,0,0.000000,3.000000,0.000000,3.000000,0.000000,0.000000,0.000000,0.000000,0.000000,0.000000
1784020344.888953,0,0.000000,3.000000,0.000000,3.000000,0.000000,0.000000,0.000000,0.000000,0.000000,0.000000
1784020344.889485,0,0.000000,3.000000,0.000000,3.000000,0.000000,0.000000,0.000000,0.000000,0.000000,0.000000
1784020344.939722,0,0.000000,3.000000,0.000000,3.000000,0.000000,0.000000,0.000000,0.000000,0.250000,0.000000
1784020344.986288,0,0.000000,3.000000,0.000000,3.000000,0.000000,0.000000,0.000000,0.000000,0.000000,0.000000
1784020345.032632,0,0.000000,3.000000,0.000000,3.000000,0.000000,0.000000,0.000000,0.000000,0.000000,0.000000
1784020345.080613,0,0.000000,3.000000,0.000000,3.000000,0.000000,0.000000,0.000000,0.000000,0.000000,0.000000
1784020345.203482,0,0.000000,3.000000,0.000000,3.000000,0.000000,0.000000,0.000000,0.000000,0.000000,0.000000
1784020345.277789,0,0.000000,3.000000,0.000000,3.000000,0.000000,0.000000,0.000000,0.000000,0.000000,0.100000
1784020345.322434,0,0.000000,3.000000,0.000000,3.000000,0.000000,0.000000,0.000000,0.000000,0.000000,0.000000
1784020345.371363,0,0.000000,3.000000,0.000000,3.000000,0.000000,0.000000,0.000000,0.000000,0.000000,0.000000
1784020345.372198,0,0.000000,3.000000,0.000000,3.000000,0.000000,0.000000,0.000000,0.000000,0.000000,0.000000
1784020345.472910,0,0.000000,3.000000,0.000000,3.000000,0.000000,0.000000,0.000000,0.000000,0.000000,0.000000
1784020345.639630,0,0.000000,3.000000,0.000000,3.000000,0.000000,0.000000,0.000000,0.000000,0.000000,0.000000
1784020345.728943,0,0.000000,3.000000,0.000000,3.000000,0.000000,0.000000,0.000000,0.000000,0.000000,0.000000
1784020345.776138,0,0.000000,3.000000,0.000000,3.000000,0.000000,0.000000,0.000000,0.000000,0.000000,0.000000
1784020345.834526,0,0.000000,3.000000,0.000000,3.000000,0.000000,0.000000,0.000000,0.000000,0.000000,0.000000
1784020345.881438,0,0.000000,3.000000,0.000000,3.000000,0.000000,0.000000,0.000000,0.000000,0.000000,0.100000
1784020345.882028,0,0.000000,3.000000,0.000000,3.000000,0.000000,0.000000,0.000000,0.000000,0.000000,0.000000
1784020345.883705,0,0.000000,3.000000,0.000000,3.000000,0.000000,0.000000,0.000000,0.000000,0.250000,0.000000
1784020345.884183,0,0.000000,3.000000,0.000000,3.000000,0.000000,0.000000,0.000000,0.000000,0.000000,0.000000
1784020345.884578,0,0.000000,3.000000,0.000000,3.000000,0.000000,0.000000,0.000000,0.000000,0.000000,0.000000
1784020345.928530,0,0.000000,3.000000,0.000000,3.000000,0.000000,0.000000,0.000000,0.000000,0.000000,0.000000
1784020346.017879,0,0.000000,3.000000,0.000000,3.000000,0.000000,0.000000,0.000000,0.000000,0.000000,0.000000
1784020346.019028,0,0.000000,3.000000,0.000000,3.000000,0.000000,0.000000,0.000000,0.000000,0.000000,0.000000
1784020346.070065,0,0.000000,3.000000,0.000000,3.000000,0.000000,0.000000,0.000000,0.000000,0.000000,0.000000
1784020346.084293,0,0.000000,3.000000,0.000000,3.000000,0.000000,0.000000,0.000000,0.000000,0.000000,0.000000
1784020346.111664,0,0.000000,3.000000,0.000000,3.000000,0.000000,0.000000,0.000000,0.000000,0.000000,0.000000
1784020346.124684,0,0.000000,3.000000,0.000000,3.000000,0.000000,0.000000,0.000000,0.000000,0.000000,0.000000
1784020346.172493,0,0.000000,3.000000,0.000000,3.000000,0.000000,0.000000,0.000000,0.000000,0.000000,0.000000
1784020346.193676,0,0.000000,3.000000,0.000000,3.000000,0.000000,0.000000,0.000000,0.000000,0.000000,0.000000
1784020346.195234,0,0.000000,3.000000,0.000000,3.000000,0.000000,0.000000,0.000000,0.000000,0.000000,0.000000
1784020346.195790,0,0.000000,3.000000,0.000000,3.000000,0.000000,0.000000,0.000000,0.000000,0.000000,0.000000
1784020346.210263,0,0.000000,3.000000,0.000000,3.000000,0.000000,0.000000,0.000000,0.000000,0.000000,0.000000
1784020346.261385,0,0.000000,3.000000,0.000000,3.000000,0.000000,0.000000,0.000000,0.000000,0.000000,0.000000
1784020346.276592,0,0.000000,3.000000,0.000000,3.000000,0.000000,0.000000,0.000000,0.000000,0.000000,0.000000
1784020346.338750,0,0.000000,3.000000,0.000000,3.000000,0.000000,0.000000,0.000000,0.000000,0.000000,0.000000
1784020346.339262,0,0.000000,3.000000,0.000000,3.000000,0.000000,0.000000,0.000000,0.000000,0.000000,0.000000
1784020346.350287,0,0.000000,3.000000,0.000000,3.000000,0.000000,0.000000,0.000000,0.000000,0.000000,0.000000
1784020346.388331,0,0.000000,3.000000,0.000000,3.000000,0.000000,0.000000,0.000000,0.000000,0.000000,0.000000
1784020346.423392,0,0.000000,3.000000,0.000000,3.000000,0.000000,0.000000,0.000000,0.000000,0.000000,0.000000
1784020346.424326,0,0.000000,3.000000,0.000000,3.000000,0.000000,0.000000,0.000000,0.000000,0.000000,0.000000
1784020346.455979,0,0.000000,3.000000,0.000000,3.000000,0.000000,0.000000,0.000000,0.000000,0.000000,0.000000
1784020346.465790,0,0.000000,3.000000,0.000000,3.000000,0.000000,0.000000,0.000000,0.000000,0.000000,0.000000
1784020346.487494,0,0.000000,3.000000,0.000000,3.000000,0.000000,0.000000,0.000000,0.000000,0.000000,0.000000
1784020346.488618,0,0.000000,3.000000,0.000000,3.000000,0.000000,0.000000,0.000000,0.000000,0.000000,0.000000
1784020346.530075,0,0.000000,3.000000,0.000000,3.000000,0.000000,0.000000,0.000000,0.000000,0.000000,0.000000
1784020346.531059,0,0.000000,3.000000,0.000000,3.000000,0.000000,0.000000,0.000000,0.000000,0.000000,0.000000
1784020346.538611,0,0.000000,3.000000,0.000000,3.000000,0.000000,0.000000,0.000000,0.000000,0.000000,0.000000
1784020346.540405,0,0.000000,3.000000,0.000000,3.000000,0.000000,0.000000,0.000000,0.000000,0.000000,0.000000
1784020346.540841,0,0.000000,3.000000,0.000000,3.000000,0.000000,0.000000,0.000000,0.000000,0.000000,0.000000
1784020346.541892,0,0.000000,3.000000,0.000000,3.000000,0.000000,0.000000,0.000000,0.000000,0.000000,0.000000
1784020346.554394,0,0.000000,3.000000,0.000000,3.000000,0.000000,0.000000,0.000000,0.000000,0.000000,0.000000
1784020346.636784,0,0.000000,3.000000,0.000000,3.000000,0.000000,0.000000,0.000000,0.000000,0.000000,0.000000
1784020346.637758,0,0.000000,3.000000,0.000000,3.000000,0.000000,0.000000,0.000000,0.000000,0.000000,0.000000
1784020346.661988,0,0.000000,3.000000,0.000000,3.000000,0.000000,0.000000,0.000000,0.000000,0.000000,0.000000
1784020346.662465,0,0.000000,3.000000,0.000000,3.000000,0.000000,0.000000,0.000000,0.000000,0.000000,0.000000
1784020346.704237,0,0.000000,3.000000,0.000000,3.000000,0.000000,0.000000,0.000000,0.000000,0.000000,0.000000
1784020346.722077,0,0.000000,3.000000,0.000000,3.000000,0.000000,0.000000,0.000000,0.000000,0.000000,0.000000
1784020346.733201,0,0.000000,3.000000,0.000000,3.000000,0.000000,0.000000,0.000000,0.000000,0.000000,0.000000
1784020346.734224,0,0.000000,3.000000,0.000000,3.000000,0.000000,0.000000,0.000000,0.000000,0.000000,0.000000
1784020346.748244,0,0.000000,3.000000,0.000000,3.000000,0.000000,0.000000,0.000000,0.000000,0.000000,0.000000
1784020346.771825,0,0.000000,3.000000,0.000000,3.000000,0.000000,0.000000,0.000000,0.000000,0.000000,0.000000
1784020346.784624,0,0.000000,3.000000,0.000000,3.000000,0.000000,0.000000,0.000000,0.000000,0.000000,0.000000
1784020346.792810,0,0.000000,3.000000,0.000000,3.000000,0.000000,0.000000,0.000000,0.000000,0.000000,0.000000
1784020346.809205,0,0.000000,3.000000,0.000000,3.000000,0.000000,0.000000,0.000000,0.000000,0.000000,0.000000
1784020346.829438,0,0.000000,3.000000,0.000000,3.000000,0.000000,0.000000,0.000000,0.000000,0.000000,0.000000
1784020346.839405,0,0.000000,3.000000,0.000000,3.000000,0.000000,0.000000,0.000000,0.000000,0.000000,0.000000
1784020346.871229,0,0.000000,3.000000,0.000000,3.000000,0.000000,0.000000,0.000000,0.000000,0.000000,0.100000
1784020346.872163,0,0.000000,3.000000,0.000000,3.000000,0.000000,0.000000,0.000000,0.000000,0.000000,0.000000
1784020346.891121,0,0.000000,3.000000,0.000000,3.000000,0.000000,0.000000,0.000000,0.000000,0.000000,0.000000
1784020346.938204,0,0.000000,3.000000,0.000000,3.000000,0.000000,0.000000,0.000000,0.000000,0.000000,0.000000
1784020346.938779,0,0.000000,3.000000,0.000000,3.000000,0.000000,0.000000,0.000000,0.000000,0.000000,0.000000
1784020346.958399,0,0.000000,3.000000,0.000000,3.000000,0.000000,0.000000,0.000000,0.000000,0.000000,0.000000
1784020346.958900,0,0.000000,3.000000,0.000000,3.000000,0.000000,0.000000,0.000000,0.000000,0.000000,0.000000
1784020346.979392,0,0.000000,3.000000,0.000000,3.000000,0.000000,0.000000,0.000000,0.000000,0.000000,0.000000
1784020346.980992,0,0.000000,3.000000,0.000000,3.000000,0.000000,0.000000,0.000000,0.000000,0.000000,0.000000
1784020346.982041,0,0.000000,3.000000,0.000000,3.000000,0.000000,0.000000,0.000000,0.000000,0.000000,0.000000
1784020346.982824,0,0.000000,3.000000,0.000000,3.000000,0.000000,0.000000,0.000000,0.000000,0.000000,0.000000
1784020347.064416,0,0.000000,3.000000,0.000000,3.000000,0.000000,0.000000,0.000000,0.000000,0.000000,0.000000
1784020347.116146,0,0.000000,3.000000,0.000000,3.000000,0.000000,0.000000,0.000000,0.000000,0.000000,0.000000
1784020347.116709,0,0.000000,3.000000,0.000000,3.000000,0.000000,0.000000,0.000000,0.000000,0.000000,0.000000
1784020347.128447,0,0.000000,3.000000,0.000000,3.000000,0.000000,0.000000,0.000000,0.000000,0.000000,0.000000
1784020347.129282,0,0.000000,3.000000,0.000000,3.000000,0.000000,0.000000,0.000000,0.000000,0.000000,0.000000
1784020347.138272,0,0.000000,3.000000,0.000000,3.000000,0.000000,0.000000,0.000000,0.000000,0.000000,0.000000
1784020347.148711,0,0.000000,3.000000,0.000000,3.000000,0.000000,0.000000,0.000000,0.000000,0.000000,0.000000
1784020347.150364,0,0.000000,3.000000,0.000000,3.000000,0.000000,0.000000,0.000000,0.000000,0.000000,0.000000
1784020347.153454,0,0.000000,3.000000,0.000000,3.000000,0.000000,0.000000,0.000000,0.000000,0.000000,0.000000
1784020347.191203,0,0.000000,3.000000,0.000000,3.000000,0.000000,0.000000,0.000000,0.000000,0.000000,0.000000
1784020347.192295,0,0.000000,3.000000,0.000000,3.000000,0.000000,0.000000,0.000000,0.000000,0.000000,0.100000
1784020347.216174,0,0.000000,3.000000,0.000000,3.000000,0.000000,0.000000,0.000000,0.000000,0.000000,0.000000
1784020347.236432,0,0.000000,3.000000,0.000000,3.000000,0.000000,0.000000,0.000000,0.000000,0.250000,0.000000
1784020347.243798,0,0.000000,3.000000,0.000000,3.000000,0.000000,0.000000,0.000000,0.000000,0.000000,0.000000
1784020347.254391,0,0.000000,3.000000,0.000000,3.000000,0.000000,0.000000,0.000000,0.000000,0.000000,0.000000
1784020347.304920,0,0.000000,3.000000,0.000000,3.000000,0.000000,0.000000,0.000000,0.000000,0.000000,0.000000
1784020347.306938,0,0.000000,3.000000,0.000000,3.000000,0.000000,0.000000,0.000000,0.000000,0.000000,0.000000
1784020347.320239,0,0.000000,3.000000,0.000000,3.000000,0.000000,0.000000,0.000000,0.000000,0.000000,0.000000
1784020347.320784,0,0.000000,3.000000,0.000000,3.000000,0.000000,0.000000,0.000000,0.000000,0.000000,0.000000
1784020347.343254,0,0.000000,3.000000,0.000000,3.000000,0.000000,0.000000,0.000000,0.000000,0.000000,0.000000
1784020347.344286,0,0.000000,3.000000,0.000000,3.000000,0.000000,0.000000,0.000000,0.000000,0.000000,0.000000
1784020347.372745,0,0.000000,3.000000,0.000000,3.000000,0.000000,0.000000,0.000000,0.000000,0.000000,0.000000
1784020347.383862,0,0.000000,3.000000,0.000000,3.000000,0.000000,0.000000,0.000000,0.000000,0.000000,0.000000
1784020347.408802,0,0.000000,3.000000,0.000000,3.000000,0.000000,0.000000,0.000000,0.000000,0.000000,0.000000
1784020347.410021,0,0.000000,3.000000,0.000000,3.000000,0.000000,0.000000,0.000000,0.000000,0.000000,0.000000
1784020347.427094,0,0.000000,3.000000,0.000000,3.000000,0.000000,0.000000,0.000000,0.000000,0.000000,0.000000
1784020347.448362,0,0.000000,3.000000,0.000000,3.000000,0.000000,0.000000,0.000000,0.000000,0.000000,0.100000
1784020347.489259,0,0.000000,3.000000,0.000000,3.000000,0.000000,0.000000,0.000000,0.000000,0.000000,0.000000
1784020347.490113,0,0.000000,3.000000,0.000000,3.000000,0.000000,0.000000,0.000000,0.000000,0.000000,0.000000
1784020347.539112,0,0.000000,3.000000,0.000000,3.000000,0.000000,0.000000,0.000000,0.000000,0.000000,0.000000
1784020347.596231,0,0.000000,3.000000,0.000000,3.000000,0.000000,0.000000,0.000000,0.000000,0.000000,0.000000
1784020347.597315,0,0.000000,3.000000,0.000000,3.000000,0.000000,0.000000,0.000000,0.000000,0.000000,0.000000
1784020347.663109,0,0.000000,3.000000,0.000000,3.000000,0.000000,0.000000,0.000000,0.000000,0.000000,0.000000
1784020347.686458,0,0.000000,3.000000,0.000000,3.000000,0.000000,0.000000,0.000000,0.000000,0.000000,0.000000
1784020347.687761,0,0.000000,3.000000,0.000000,3.000000,0.000000,0.000000,0.000000,0.000000,0.000000,0.100000
1784020347.694391,0,0.000000,3.000000,0.000000,3.000000,0.000000,0.000000,0.000000,0.000000,0.000000,0.000000
1784020347.695685,0,0.000000,3.000000,0.000000,3.000000,0.000000,0.000000,0.000000,0.000000,0.000000,0.000000
1784020347.767387,0,0.000000,3.000000,0.000000,3.000000,0.000000,0.000000,0.000000,0.000000,0.000000,0.000000
1784020347.813944,0,0.000000,3.000000,0.000000,3.000000,0.000000,0.000000,0.000000,0.000000,0.000000,0.000000
1784020347.815162,0,0.000000,3.000000,0.000000,3.000000,0.000000,0.000000,0.000000,0.000000,0.000000,0.000000
1784020347.821444,0,0.000000,3.000000,0.000000,3.000000,0.000000,0.000000,0.000000,0.000000,0.000000,0.000000
1784020347.836853,0,0.000000,3.000000,0.000000,3.000000,0.000000,0.000000,0.000000,0.000000,0.000000,0.000000
1784020347.838102,0,0.000000,3.000000,0.000000,3.000000,0.000000,0.000000,0.000000,0.000000,0.000000,0.000000
1784020347.838883,0,0.000000,3.000000,0.000000,3.000000,0.000000,0.000000,0.000000,0.000000,0.000000,0.000000
1784020347.839693,0,0.000000,3.000000,0.000000,3.000000,0.000000,0.000000,0.000000,0.000000,0.000000,0.000000
1784020347.894556,0,0.000000,3.000000,0.000000,3.000000,0.000000,0.000000,0.000000,0.000000,0.000000,0.100000
1784020347.920481,0,0.000000,3.000000,0.000000,3.000000,0.000000,0.000000,0.000000,0.000000,0.000000,0.000000
1784020347.979625,0,0.000000,3.000000,0.000000,3.000000,0.000000,0.000000,0.000000,0.000000,0.000000,0.000000
1784020348.053494,0,0.000000,3.000000,0.000000,3.000000,0.000000,0.000000,0.000000,0.000000,0.000000,0.000000
1784020348.076161,0,0.000000,3.000000,0.000000,3.000000,0.000000,0.000000,0.000000,0.000000,0.000000,0.000000
1784020348.076673,0,0.000000,3.000000,0.000000,3.000000,0.000000,0.000000,0.000000,0.000000,0.000000,0.000000
1784020348.139395,0,0.000000,3.000000,0.000000,3.000000,0.000000,0.000000,0.000000,0.000000,0.000000,0.000000
1784020348.139894,0,0.000000,3.000000,0.000000,3.000000,0.000000,0.000000,0.000000,0.000000,0.000000,0.000000
1784020348.203279,0,0.000000,3.000000,0.000000,3.000000,0.000000,0.000000,0.000000,0.000000,0.500000,0.000000
1784020348.251382,0,0.000000,3.000000,0.000000,3.000000,0.000000,0.000000,0.000000,0.000000,0.000000,0.000000
1784020348.297051,0,0.000000,3.000000,0.000000,3.000000,0.000000,0.000000,0.000000,0.000000,0.000000,0.000000
1784020348.297545,0,0.000000,3.000000,0.000000,3.000000,0.000000,0.000000,0.000000,0.000000,0.000000,0.000000
1784020348.324603,0,0.000000,3.000000,0.000000,3.000000,0.000000,0.000000,0.000000,0.000000,0.000000,0.000000
1784020348.325254,0,0.000000,3.000000,0.000000,3.000000,0.000000,0.000000,0.000000,0.000000,0.000000,0.000000
1784020348.373479,0,0.000000,3.000000,0.000000,3.000000,0.000000,0.000000,0.000000,0.000000,0.000000,0.000000
1784020348.495958,0,0.000000,3.000000,0.000000,3.000000,0.000000,0.000000,0.000000,0.000000,0.000000,0.000000
1784020348.542409,0,0.000000,3.000000,0.000000,3.000000,0.000000,0.000000,0.000000,0.000000,0.000000,0.000000
1784020348.609042,0,0.000000,3.000000,0.000000,3.000000,0.000000,0.000000,0.000000,0.000000,0.000000,0.000000
1784020348.653743,0,0.000000,3.000000,0.000000,3.000000,0.000000,0.000000,0.000000,0.000000,0.000000,0.000000
1784020348.654260,0,0.000000,3.000000,0.000000,3.000000,0.000000,0.000000,0.000000,0.000000,0.000000,0.000000
1784020348.654649,0,0.000000,3.000000,0.000000,3.000000,0.000000,0.000000,0.000000,0.000000,0.000000,0.000000
1784020348.705824,0,0.000000,3.000000,0.000000,3.000000,0.000000,0.000000,0.000000,0.000000,0.000000,0.000000
1784020348.752744,0,0.000000,3.000000,0.000000,3.000000,0.000000,0.000000,0.000000,0.000000,0.000000,0.000000
1784020348.754389,0,0.000000,3.000000,0.000000,3.000000,0.000000,0.000000,0.000000,0.000000,0.000000,0.000000
1784020348.856987,0,0.000000,3.000000,0.000000,3.000000,0.000000,0.000000,0.000000,0.000000,0.000000,0.000000
1784020348.903749,0,0.000000,3.000000,0.000000,3.000000,0.000000,0.000000,0.000000,0.000000,0.000000,0.000000
1784020348.904276,0,0.000000,3.000000,0.000000,3.000000,0.000000,0.000000,0.000000,0.000000,0.000000,0.000000
1784020349.013110,0,0.000000,3.000000,0.000000,3.000000,0.000000,0.000000,0.000000,0.000000,0.000000,0.000000
1784020349.059824,0,0.000000,3.000000,0.000000,3.000000,0.000000,0.000000,0.000000,0.000000,0.000000,0.000000
1784020349.060326,0,0.000000,3.000000,0.000000,3.000000,0.000000,0.000000,0.000000,0.000000,0.000000,0.000000
1784020349.060739,0,0.000000,3.000000,0.000000,3.000000,0.000000,0.000000,0.000000,0.000000,0.000000,0.000000
1784020349.061125,0,0.000000,3.000000,0.000000,3.000000,0.000000,0.000000,0.000000,0.000000,0.000000,0.000000
1784020349.061492,0,0.000000,3.000000,0.000000,3.000000,0.000000,0.000000,0.000000,0.000000,0.000000,0.000000
1784020349.141060,0,0.000000,3.000000,0.000000,3.000000,0.000000,0.000000,0.000000,0.000000,0.000000,0.000000
1784020349.166013,0,0.000000,3.000000,0.000000,3.000000,0.000000,0.000000,0.000000,0.000000,0.000000,0.000000
1784020349.213176,0,0.000000,3.000000,0.000000,3.000000,0.000000,0.000000,0.000000,0.000000,0.000000,0.000000
1784020349.213672,0,0.000000,3.000000,0.000000,3.000000,0.000000,0.000000,0.000000,0.000000,0.000000,0.000000
1784020349.214660,0,0.000000,3.000000,0.000000,3.000000,0.000000,0.000000,0.000000,0.000000,0.000000,0.000000
1784020349.215384,0,0.000000,3.000000,0.000000,3.000000,0.000000,0.000000,0.000000,0.000000,0.000000,0.000000
1784020349.306741,0,0.000000,3.000000,0.000000,3.000000,0.000000,0.000000,0.000000,0.000000,0.000000,0.000000
1784020349.410044,0,0.000000,3.000000,0.000000,3.000000,0.000000,0.000000,0.000000,0.000000,0.000000,0.000000
1784020349.454634,0,0.000000,3.000000,0.000000,3.000000,0.000000,0.000000,0.000000,0.000000,0.000000,0.000000
1784020349.455127,0,0.000000,3.000000,0.000000,3.000000,0.000000,0.000000,0.000000,0.000000,0.000000,0.000000
1784020349.500455,0,0.000000,3.000000,0.000000,3.000000,0.000000,0.000000,0.000000,0.000000,0.000000,0.000000
1784020349.547293,0,0.000000,3.000000,0.000000,3.000000,0.000000,0.000000,0.000000,0.000000,0.000000,0.000000
1784020349.593136,0,0.000000,3.000000,0.000000,3.000000,0.000000,0.000000,0.000000,0.000000,0.000000,0.000000
1784020349.652466,0,0.000000,3.000000,0.000000,3.000000,0.000000,0.000000,0.000000,0.000000,0.000000,0.000000
1784020349.697538,0,0.000000,3.000000,0.000000,3.000000,0.000000,0.000000,0.000000,0.000000,0.000000,0.000000
1784020349.742618,0,0.000000,3.000000,0.000000,3.000000,0.000000,0.000000,0.000000,0.000000,0.000000,0.000000
1784020349.743152,0,0.000000,3.000000,0.000000,3.000000,0.000000,0.000000,0.000000,0.000000,0.000000,0.000000
1784020349.789703,0,0.000000,3.000000,0.000000,3.000000,0.000000,0.000000,0.000000,0.000000,0.000000,0.000000
1784020349.885524,0,0.000000,3.000000,0.000000,3.000000,0.000000,0.000000,0.000000,0.000000,0.250000,0.000000
1784020349.932863,0,0.000000,3.000000,0.000000,3.000000,0.000000,0.000000,0.000000,0.000000,0.000000,0.000000
1784020349.933467,0,0.000000,3.000000,0.000000,3.000000,0.000000,0.000000,0.000000,0.000000,0.000000,0.000000
1784020349.933890,0,0.000000,3.000000,0.000000,3.000000,0.000000,0.000000,0.000000,0.000000,0.000000,0.000000
1784020349.980273,0,0.000000,3.000000,0.000000,3.000000,0.000000,0.000000,0.000000,0.000000,0.000000,0.000000
1784020350.033867,0,0.000000,3.000000,0.000000,3.000000,0.000000,0.000000,0.000000,0.000000,0.000000,0.000000
1784020350.079944,0,0.000000,3.000000,0.000000,3.000000,0.000000,0.000000,0.000000,0.000000,0.000000,0.000000
1784020350.126925,0,0.000000,3.000000,0.000000,3.000000,0.000000,0.000000,0.000000,0.000000,0.000000,0.000000
1784020350.127416,0,0.000000,3.000000,0.000000,3.000000,0.000000,0.000000,0.000000,0.000000,0.000000,0.000000
1784020350.127998,0,0.000000,3.000000,0.000000,3.000000,0.000000,0.000000,0.000000,0.000000,0.000000,0.000000
1784020350.128396,0,0.000000,3.000000,0.000000,3.000000,0.000000,0.000000,0.000000,0.000000,0.000000,0.000000
1784020350.128801,0,0.000000,3.000000,0.000000,3.000000,0.000000,0.000000,0.000000,0.000000,0.000000,0.000000
1784020350.174541,0,0.000000,3.000000,0.000000,3.000000,0.000000,0.000000,0.000000,0.000000,0.000000,0.000000
1784020350.244839,0,0.000000,3.000000,0.000000,3.000000,0.000000,0.000000,0.000000,0.000000,0.000000,0.000000
1784020350.290584,0,0.000000,3.000000,0.000000,3.000000,0.000000,0.000000,0.000000,0.000000,0.000000,0.000000
1784020350.291073,0,0.000000,3.000000,0.000000,3.000000,0.000000,0.000000,0.000000,0.000000,0.000000,0.100000
1784020350.291452,0,0.000000,3.000000,0.000000,3.000000,0.000000,0.000000,0.000000,0.000000,0.000000,0.000000
1784020350.292192,0,0.000000,3.000000,0.000000,3.000000,0.000000,0.000000,0.000000,0.000000,0.000000,0.000000
1784020350.371520,0,0.000000,3.000000,0.000000,3.000000,0.000000,0.000000,0.000000,0.000000,0.000000,0.000000
1784020350.397506,0,0.000000,3.000000,0.000000,3.000000,0.000000,0.000000,0.000000,0.000000,0.000000,0.000000
1784020350.476448,0,0.000000,3.000000,0.000000,3.000000,0.000000,0.000000,0.000000,0.000000,0.000000,0.000000
1784020350.501194,0,0.000000,3.000000,0.000000,3.000000,0.000000,0.000000,0.000000,0.000000,0.000000,0.000000
1784020350.528402,0,0.000000,3.000000,0.000000,3.000000,0.000000,0.000000,0.000000,0.000000,0.000000,0.000000
1784020350.528886,0,0.000000,3.000000,0.000000,3.000000,0.000000,0.000000,0.000000,0.000000,0.000000,0.000000
1784020350.597655,0,0.000000,3.000000,0.000000,3.000000,0.000000,0.000000,0.000000,0.000000,0.000000,0.000000
1784020350.643363,0,0.000000,3.000000,0.000000,3.000000,0.000000,0.000000,0.000000,0.000000,0.000000,0.200000
1784020350.643863,0,0.000000,3.000000,0.000000,3.000000,0.000000,0.000000,0.000000,0.000000,0.000000,0.100000
1784020350.690549,0,0.000000,3.000000,0.000000,3.000000,0.000000,0.000000,0.000000,0.000000,0.000000,0.000000
1784020350.691048,0,0.000000,3.000000,0.000000,3.000000,0.000000,0.000000,0.000000,0.000000,0.000000,0.000000
1784020350.755946,0,0.000000,3.000000,0.000000,3.000000,0.000000,0.000000,0.000000,0.000000,0.000000,0.000000
1784020350.838193,0,0.000000,3.000000,0.000000,3.000000,0.000000,0.000000,0.000000,0.000000,0.000000,0.200000
1784020350.864141,0,0.000000,3.000000,0.000000,3.000000,0.000000,0.000000,0.000000,0.000000,0.000000,0.000000
1784020350.889989,0,0.000000,3.000000,0.000000,3.000000,0.000000,0.000000,0.000000,0.000000,0.000000,0.000000
1784020350.890510,0,0.000000,3.000000,0.000000,3.000000,0.000000,0.000000,0.000000,0.000000,0.000000,0.000000
1784020350.971635,0,0.000000,3.000000,0.000000,3.000000,0.000000,0.000000,0.000000,0.000000,0.000000,0.100000
1784020351.016712,0,0.000000,3.000000,0.000000,3.000000,0.000000,0.000000,0.000000,0.000000,0.000000,0.000000
1784020351.060884,0,0.000000,3.000000,0.000000,3.000000,0.000000,0.000000,0.000000,0.000000,0.000000,0.000000
1784020351.061703,0,0.000000,3.000000,0.000000,3.000000,0.000000,0.000000,0.000000,0.000000,0.000000,0.000000
1784020351.120944,0,0.000000,3.000000,0.000000,3.000000,0.000000,0.000000,0.000000,0.000000,0.000000,0.000000
1784020351.164097,0,0.000000,3.000000,0.000000,3.000000,0.000000,0.000000,0.000000,0.000000,0.000000,0.000000
1784020351.165106,0,0.000000,3.000000,0.000000,3.000000,0.000000,0.000000,0.000000,0.000000,0.000000,0.000000
1784020351.208636,0,0.000000,3.000000,0.000000,3.000000,0.000000,0.000000,0.000000,0.000000,0.000000,0.000000
1784020351.254439,0,0.000000,3.000000,0.000000,3.000000,0.000000,0.000000,0.000000,0.000000,0.000000,0.000000
1784020351.280553,0,0.000000,3.000000,0.000000,3.000000,0.000000,0.000000,0.000000,0.000000,0.000000,0.000000
1784020351.326641,0,0.000000,3.000000,0.000000,3.000000,0.000000,0.000000,0.000000,0.000000,0.000000,0.000000
1784020351.384435,0,0.000000,3.000000,0.000000,3.000000,0.000000,0.000000,0.000000,0.000000,0.000000,0.000000
1784020351.436530,0,0.000000,3.000000,0.000000,3.000000,0.000000,0.000000,0.000000,0.000000,0.000000,0.000000
1784020351.437332,0,0.000000,3.000000,0.000000,3.000000,0.000000,0.000000,0.000000,0.000000,0.000000,0.000000
1784020351.461285,0,0.000000,3.000000,0.000000,3.000000,0.000000,0.000000,0.000000,0.000000,0.000000,0.000000
1784020351.521608,0,0.000000,3.000000,0.000000,3.000000,0.000000,0.000000,0.000000,0.000000,0.000000,0.000000
1784020351.564826,0,0.000000,3.000000,0.000000,3.000000,0.000000,0.000000,0.000000,0.000000,0.000000,0.000000
1784020351.565374,0,0.000000,3.000000,0.000000,3.000000,0.000000,0.000000,0.000000,0.000000,0.000000,0.000000
1784020351.654078,0,0.000000,3.000000,0.000000,3.000000,0.000000,0.000000,0.000000,0.000000,0.000000,0.000000
1784020351.697484,0,0.000000,3.000000,0.000000,3.000000,0.000000,0.000000,0.000000,0.000000,0.000000,0.000000
1784020351.697970,0,0.000000,3.000000,0.000000,3.000000,0.000000,0.000000,0.000000,0.000000,0.000000,0.000000
1784020351.743084,0,0.000000,3.000000,0.000000,3.000000,0.000000,0.000000,0.000000,0.000000,0.000000,0.000000
1784020351.788800,0,0.000000,3.000000,0.000000,3.000000,0.000000,0.000000,0.000000,0.000000,0.000000,0.000000
1784020351.841902,0,0.000000,3.000000,0.000000,3.000000,0.000000,0.000000,0.000000,0.000000,0.000000,0.000000
1784020351.916666,0,0.000000,3.000000,0.000000,3.000000,0.000000,0.000000,0.000000,0.000000,0.000000,0.000000
1784020351.962110,0,0.000000,3.000000,0.000000,3.000000,0.000000,0.000000,0.000000,0.000000,0.000000,0.000000
1784020352.058635,0,0.000000,3.000000,0.000000,3.000000,0.000000,0.000000,0.000000,0.000000,0.000000,0.000000
1784020352.119579,0,0.000000,3.000000,0.000000,3.000000,0.000000,0.000000,0.000000,0.000000,0.000000,0.000000
1784020352.192855,0,0.000000,3.000000,0.000000,3.000000,0.000000,0.000000,0.000000,0.000000,0.000000,0.000000
1784020352.268769,0,0.000000,3.000000,0.000000,3.000000,0.000000,0.000000,0.000000,0.000000,0.000000,0.000000
1784020352.269433,0,0.000000,3.000000,0.000000,3.000000,0.000000,0.000000,0.000000,0.000000,0.000000,0.000000
1784020352.312705,0,0.000000,3.000000,0.000000,3.000000,0.000000,0.000000,0.000000,0.000000,0.000000,0.000000
1784020352.313233,0,0.000000,3.000000,0.000000,3.000000,0.000000,0.000000,0.000000,0.000000,0.000000,0.000000
1784020352.356292,0,0.000000,3.000000,0.000000,3.000000,0.000000,0.000000,0.000000,0.000000,0.000000,0.000000
1784020352.356800,0,0.000000,3.000000,0.000000,3.000000,0.000000,0.000000,0.000000,0.000000,0.000000,0.000000
1784020352.397912,0,0.000000,3.000000,0.000000,3.000000,0.000000,0.000000,0.000000,0.000000,0.000000,0.000000
1784020352.470464,0,0.000000,3.000000,0.000000,3.000000,0.000000,0.000000,0.000000,0.000000,0.000000,0.000000
1784020352.492342,0,0.000000,3.000000,0.000000,3.000000,0.000000,0.000000,0.000000,0.000000,0.000000,0.100000
1784020352.566926,0,0.000000,3.000000,0.000000,3.000000,0.000000,0.000000,0.000000,0.000000,0.000000,0.000000
1784020352.591895,0,0.000000,3.000000,0.000000,3.000000,0.000000,0.000000,0.000000,0.000000,0.000000,0.000000
1784020352.609424,0,0.000000,3.000000,0.000000,3.000000,0.000000,0.000000,0.000000,0.000000,0.000000,0.000000
1784020352.609929,0,0.000000,3.000000,0.000000,3.000000,0.000000,0.000000,0.000000,0.000000,0.250000,0.000000
1784020352.623485,0,0.000000,3.000000,0.000000,3.000000,0.000000,0.000000,0.000000,0.000000,0.000000,0.000000
1784020352.643201,0,0.000000,3.000000,0.000000,3.000000,0.000000,0.000000,0.000000,0.000000,0.250000,0.000000
1784020352.780075,0,0.000000,3.000000,0.000000,3.000000,0.000000,0.000000,0.000000,0.000000,0.000000,0.000000
1784020352.780976,0,0.000000,3.000000,0.000000,3.000000,0.000000,0.000000,0.000000,0.000000,0.000000,0.000000
1784020352.869406,0,0.000000,3.000000,0.000000,3.000000,0.000000,0.000000,0.000000,0.000000,0.000000,0.000000
1784020352.875251,0,0.000000,3.000000,0.000000,3.000000,0.000000,0.000000,0.000000,0.000000,0.000000,0.000000
1784020352.888062,0,0.000000,3.000000,0.000000,3.000000,0.000000,0.000000,0.000000,0.000000,0.000000,0.000000
1784020352.908865,0,0.000000,3.000000,0.000000,3.000000,0.000000,0.000000,0.000000,0.000000,0.000000,0.000000
1784020352.973439,0,0.000000,3.000000,0.000000,3.000000,0.000000,0.000000,0.000000,0.000000,0.000000,0.000000
1784020353.027996,0,0.000000,3.000000,0.000000,3.000000,0.000000,0.000000,0.000000,0.000000,0.000000,0.000000
1784020353.028676,0,0.000000,3.000000,0.000000,3.000000,0.000000,0.000000,0.000000,0.000000,0.000000,0.000000
1784020353.036892,0,0.000000,3.000000,0.000000,3.000000,0.000000,0.000000,0.000000,0.000000,0.000000,0.000000
1784020353.048607,0,0.000000,3.000000,0.000000,3.000000,0.000000,0.000000,0.000000,0.000000,0.000000,0.000000
1784020353.058402,0,0.000000,3.000000,0.000000,3.000000,0.000000,0.000000,0.000000,0.000000,0.000000,0.000000
1784020353.058961,0,0.000000,3.000000,0.000000,3.000000,0.000000,0.000000,0.000000,0.000000,0.000000,0.000000
1784020353.088245,0,0.000000,3.000000,0.000000,3.000000,0.000000,0.000000,0.000000,0.000000,0.000000,0.100000
1784020353.100274,0,0.000000,3.000000,0.000000,3.000000,0.000000,0.000000,0.000000,0.000000,0.000000,0.000000
1784020353.122767,0,0.000000,3.000000,0.000000,3.000000,0.000000,0.000000,0.000000,0.000000,0.000000,0.000000
1784020353.164894,0,0.000000,3.000000,0.000000,3.000000,0.000000,0.000000,0.000000,0.000000,0.000000,0.000000
1784020353.251428,0,0.000000,3.000000,0.000000,3.000000,0.000000,0.000000,0.000000,0.000000,0.000000,0.000000
1784020353.252317,0,0.000000,3.000000,0.000000,3.000000,0.000000,0.000000,0.000000,0.000000,0.000000,0.000000
1784020353.273326,0,0.000000,3.000000,0.000000,3.000000,0.000000,0.000000,0.000000,0.000000,0.000000,0.000000
1784020353.281861,0,0.000000,3.000000,0.000000,3.000000,0.000000,0.000000,0.000000,0.000000,0.000000,0.000000
1784020353.318970,0,0.000000,3.000000,0.000000,3.000000,0.000000,0.000000,0.000000,0.000000,0.000000,0.100000
1784020353.320710,0,0.000000,3.000000,0.000000,3.000000,0.000000,0.000000,0.000000,0.000000,0.250000,0.000000
1784020353.358086,0,0.000000,3.000000,0.000000,3.000000,0.000000,0.000000,0.000000,0.000000,0.000000,0.000000
1784020353.358992,0,0.000000,3.000000,0.000000,3.000000,0.000000,0.000000,0.000000,0.000000,0.000000,0.000000
1784020353.378288,0,0.000000,3.000000,0.000000,3.000000,0.000000,0.000000,0.000000,0.000000,0.000000,0.000000
1784020353.379426,0,0.000000,3.000000,0.000000,3.000000,0.000000,0.000000,0.000000,0.000000,0.000000,0.000000
1784020353.400500,0,0.000000,3.000000,0.000000,3.000000,0.000000,0.000000,0.000000,0.000000,0.000000,0.000000
1784020353.401152,0,0.000000,3.000000,0.000000,3.000000,0.000000,0.000000,0.000000,0.000000,0.000000,0.000000
1784020353.408537,0,0.000000,3.000000,0.000000,3.000000,0.000000,0.000000,0.000000,0.000000,0.500000,0.000000
1784020353.423588,0,0.000000,3.000000,0.000000,3.000000,0.000000,0.000000,0.000000,0.000000,0.000000,0.000000
1784020353.442246,0,0.000000,3.000000,0.000000,3.000000,0.000000,0.000000,0.000000,0.000000,0.000000,0.000000
1784020353.442813,0,0.000000,3.000000,0.000000,3.000000,0.000000,0.000000,0.000000,0.000000,0.000000,0.000000
1784020353.464472,0,0.000000,3.000000,0.000000,3.000000,0.000000,0.000000,0.000000,0.000000,0.000000,0.000000
1784020353.506366,0,0.000000,3.000000,0.000000,3.000000,0.000000,0.000000,0.000000,0.000000,0.000000,0.100000
1784020353.506990,0,0.000000,3.000000,0.000000,3.000000,0.000000,0.000000,0.000000,0.000000,0.000000,0.000000
1784020353.580417,0,0.000000,3.000000,0.000000,3.000000,0.000000,0.000000,0.000000,0.000000,0.000000,0.300000
1784020353.581592,0,0.000000,3.000000,0.000000,3.000000,0.000000,0.000000,0.000000,0.000000,0.000000,0.000000
1784020353.635239,0,0.000000,3.000000,0.000000,3.000000,0.000000,0.000000,0.000000,0.000000,0.000000,0.000000
1784020353.665112,0,0.000000,3.000000,0.000000,3.000000,0.000000,0.000000,0.000000,0.000000,0.000000,0.000000
1784020353.686128,0,0.000000,3.000000,0.000000,3.000000,0.000000,0.000000,0.000000,0.000000,0.000000,0.000000
1784020353.699066,0,0.000000,3.000000,0.000000,3.000000,0.000000,0.000000,0.000000,0.000000,0.000000,0.000000
1784020353.762616,0,0.000000,3.000000,0.000000,3.000000,0.000000,0.000000,0.000000,0.000000,0.000000,0.000000
1784020353.918377,0,0.000000,3.000000,0.000000,3.000000,0.000000,0.000000,0.000000,0.000000,0.000000,0.000000
1784020353.986860,0,0.000000,3.000000,0.000000,3.000000,0.000000,0.000000,0.000000,0.000000,0.000000,0.000000
1784020354.008576,0,0.000000,3.000000,0.000000,3.000000,0.000000,0.000000,0.000000,0.000000,0.000000,0.000000
1784020354.030698,0,0.000000,3.000000,0.000000,3.000000,0.000000,0.000000,0.000000,0.000000,0.000000,0.000000
1784020354.041217,0,0.000000,3.000000,0.000000,3.000000,0.000000,0.000000,0.000000,0.000000,0.000000,0.000000
1784020354.069445,0,0.000000,3.000000,0.000000,3.000000,0.000000,0.000000,0.000000,0.000000,0.000000,0.000000
1784020354.113268,0,0.000000,3.000000,0.000000,3.000000,0.000000,0.000000,0.000000,0.000000,0.000000,0.000000
1784020354.130872,0,0.000000,3.000000,0.000000,3.000000,0.000000,0.000000,0.000000,0.000000,0.000000,0.000000
1784020354.131419,0,0.000000,3.000000,0.000000,3.000000,0.000000,0.000000,0.000000,0.000000,0.000000,0.000000
1784020354.174616,0,0.000000,3.000000,0.000000,3.000000,0.000000,0.000000,0.000000,0.000000,0.000000,0.000000
1784020354.188455,0,0.000000,3.000000,0.000000,3.000000,0.000000,0.000000,0.000000,0.000000,0.000000,0.000000
1784020354.189014,0,0.000000,3.000000,0.000000,3.000000,0.000000,0.000000,0.000000,0.000000,0.000000,0.000000
1784020354.212318,0,0.000000,3.000000,0.000000,3.000000,0.000000,0.000000,0.000000,0.000000,0.000000,0.000000
1784020354.217718,0,0.000000,3.000000,0.000000,3.000000,0.000000,0.000000,0.000000,0.000000,0.000000,0.100000
1784020354.231775,0,0.000000,3.000000,0.000000,3.000000,0.000000,0.000000,0.000000,0.000000,0.000000,0.000000
1784020354.232266,0,0.000000,3.000000,0.000000,3.000000,0.000000,0.000000,0.000000,0.000000,0.000000,0.000000
1784020354.240662,0,0.000000,3.000000,0.000000,3.000000,0.000000,0.000000,0.000000,0.000000,0.000000,0.000000
1784020354.241775,0,0.000000,3.000000,0.000000,3.000000,0.000000,0.000000,0.000000,0.000000,0.000000,0.000000
1784020354.278612,0,0.000000,3.000000,0.000000,3.000000,0.000000,0.000000,0.000000,0.000000,0.000000,0.000000
1784020354.279570,0,0.000000,3.000000,0.000000,3.000000,0.000000,0.000000,0.000000,0.000000,0.250000,0.000000
1784020354.339438,0,0.000000,3.000000,0.000000,3.000000,0.000000,0.000000,0.000000,0.000000,0.000000,0.000000
1784020354.360147,0,0.000000,3.000000,0.000000,3.000000,0.000000,0.000000,0.000000,0.000000,0.000000,0.000000
1784020354.360778,0,0.000000,3.000000,0.000000,3.000000,0.000000,0.000000,0.000000,0.000000,0.000000,0.000000
1784020354.391233,0,0.000000,3.000000,0.000000,3.000000,0.000000,0.000000,0.000000,0.000000,0.000000,0.000000
1784020354.406310,0,0.000000,3.000000,0.000000,3.000000,0.000000,0.000000,0.000000,0.000000,0.000000,0.000000
1784020354.473898,0,0.000000,3.000000,0.000000,3.000000,0.000000,0.000000,0.000000,0.000000,0.000000,0.000000
1784020354.486282,0,0.000000,3.000000,0.000000,3.000000,0.000000,0.000000,0.000000,0.000000,0.000000,0.000000
1784020354.495888,0,0.000000,3.000000,0.000000,3.000000,0.000000,0.000000,0.000000,0.000000,0.000000,0.000000
1784020354.511445,0,0.000000,3.000000,0.000000,3.000000,0.000000,0.000000,0.000000,0.000000,0.000000,0.000000
1784020354.518541,0,0.000000,3.000000,0.000000,3.000000,0.000000,0.000000,0.000000,0.000000,0.000000,0.000000
1784020354.530566,0,0.000000,3.000000,0.000000,3.000000,0.000000,0.000000,0.000000,0.000000,0.000000,0.000000
1784020354.531507,0,0.000000,3.000000,0.000000,3.000000,0.000000,0.000000,0.000000,0.000000,0.000000,0.000000
1784020354.533489,0,0.000000,3.000000,0.000000,3.000000,0.000000,0.000000,0.000000,0.000000,0.000000,0.000000
1784020354.552702,0,0.000000,3.000000,0.000000,3.000000,0.000000,0.000000,0.000000,0.000000,0.000000,0.000000
1784020354.579080,0,0.000000,3.000000,0.000000,3.000000,0.000000,0.000000,0.000000,0.000000,0.000000,0.000000
1784020354.594546,0,0.000000,3.000000,0.000000,3.000000,0.000000,0.000000,0.000000,0.000000,0.000000,0.000000
1784020354.601433,0,0.000000,3.000000,0.000000,3.000000,0.000000,0.000000,0.000000,0.000000,0.000000,0.000000
1784020354.637797,0,0.000000,3.000000,0.000000,3.000000,0.000000,0.000000,0.000000,0.000000,0.000000,0.000000
1784020354.663070,0,0.000000,3.000000,0.000000,3.000000,0.000000,0.000000,0.000000,0.000000,0.000000,0.000000
1784020354.669389,0,0.000000,3.000000,0.000000,3.000000,0.000000,0.000000,0.000000,0.000000,0.000000,0.000000
1784020354.670346,0,0.000000,3.000000,0.000000,3.000000,0.000000,0.000000,0.000000,0.000000,0.000000,0.000000
1784020354.724090,0,0.000000,3.000000,0.000000,3.000000,0.000000,0.000000,0.000000,0.000000,0.000000,0.000000
1784020354.725588,0,0.000000,3.000000,0.000000,3.000000,0.000000,0.000000,0.000000,0.000000,0.000000,0.000000
1784020354.726215,0,0.000000,3.000000,0.000000,3.000000,0.000000,0.000000,0.000000,0.000000,0.000000,0.000000
1784020354.726756,0,0.000000,3.000000,0.000000,3.000000,0.000000,0.000000,0.000000,0.000000,0.000000,0.000000
1784020354.774560,0,0.000000,3.000000,0.000000,3.000000,0.000000,0.000000,0.000000,0.000000,0.000000,0.000000
1784020354.788648,0,0.000000,3.000000,0.000000,3.000000,0.000000,0.000000,0.000000,0.000000,0.000000,0.000000
1784020354.796094,0,0.000000,3.000000,0.000000,3.000000,0.000000,0.000000,0.000000,0.000000,0.000000,0.000000
1784020354.797365,0,0.000000,3.000000,0.000000,3.000000,0.000000,0.000000,0.000000,0.000000,0.000000,0.000000
1784020354.901597,0,0.000000,3.000000,0.000000,3.000000,0.000000,0.000000,0.000000,0.000000,0.000000,0.000000
1784020354.916912,0,0.000000,3.000000,0.000000,3.000000,0.000000,0.000000,0.000000,0.000000,0.000000,0.000000
1784020354.936689,0,0.000000,3.000000,0.000000,3.000000,0.000000,0.000000,0.000000,0.000000,0.000000,0.000000
1784020355.000206,0,0.000000,3.000000,0.000000,3.000000,0.000000,0.000000,0.000000,0.000000,0.000000,0.100000
1784020355.006711,0,0.000000,3.000000,0.000000,3.000000,0.000000,0.000000,0.000000,0.000000,0.000000,0.000000
1784020355.020738,0,0.000000,3.000000,0.000000,3.000000,0.000000,0.000000,0.000000,0.000000,0.000000,0.000000
1784020355.052446,0,0.000000,3.000000,0.000000,3.000000,0.000000,0.000000,0.000000,0.000000,0.000000,0.000000
1784020355.074179,0,0.000000,3.000000,0.000000,3.000000,0.000000,0.000000,0.000000,0.000000,0.000000,0.000000
1784020355.075307,0,0.000000,3.000000,0.000000,3.000000,0.000000,0.000000,0.000000,0.000000,0.250000,0.000000
1784020355.106762,0,0.000000,3.000000,0.000000,3.000000,0.000000,0.000000,0.000000,0.000000,0.000000,0.000000
1784020355.108421,0,0.000000,3.000000,0.000000,3.000000,0.000000,0.000000,0.000000,0.000000,0.000000,0.000000
1784020355.119472,0,0.000000,3.000000,0.000000,3.000000,0.000000,0.000000,0.000000,0.000000,0.000000,0.000000
1784020355.157660,0,0.000000,3.000000,0.000000,3.000000,0.000000,0.000000,0.000000,0.000000,0.000000,0.000000
1784020355.158403,0,0.000000,3.000000,0.000000,3.000000,0.000000,0.000000,0.000000,0.000000,0.000000,0.000000
1784020355.159132,0,0.000000,3.000000,0.000000,3.000000,0.000000,0.000000,0.000000,0.000000,0.000000,0.000000
1784020355.171501,0,0.000000,3.000000,0.000000,3.000000,0.000000,0.000000,0.000000,0.000000,0.250000,0.000000
1784020355.178493,0,0.000000,3.000000,0.000000,3.000000,0.000000,0.000000,0.000000,0.000000,0.000000,0.000000
1784020355.191375,0,0.000000,3.000000,0.000000,3.000000,0.000000,0.000000,0.000000,0.000000,0.000000,0.000000
1784020355.193457,0,0.000000,3.000000,0.000000,3.000000,0.000000,0.000000,0.000000,0.000000,0.000000,0.000000
1784020355.238244,0,0.000000,3.000000,0.000000,3.000000,0.000000,0.000000,0.000000,0.000000,0.000000,0.000000
1784020355.239259,0,0.000000,3.000000,0.000000,3.000000,0.000000,0.000000,0.000000,0.000000,0.000000,0.000000
1784020355.255769,0,0.000000,3.000000,0.000000,3.000000,0.000000,0.000000,0.000000,0.000000,0.000000,0.000000
1784020355.276849,0,0.000000,3.000000,0.000000,3.000000,0.000000,0.000000,0.000000,0.000000,0.000000,0.000000
1784020355.329806,0,0.000000,3.000000,0.000000,3.000000,0.000000,0.000000,0.000000,0.000000,0.000000,0.000000
1784020355.330564,0,0.000000,3.000000,0.000000,3.000000,0.000000,0.000000,0.000000,0.000000,0.000000,0.200000
1784020355.331322,0,0.000000,3.000000,0.000000,3.000000,0.000000,0.000000,0.000000,0.000000,0.000000,0.000000
1784020355.352385,0,0.000000,3.000000,0.000000,3.000000,0.000000,0.000000,0.000000,0.000000,0.000000,0.000000
1784020355.354376,0,0.000000,3.000000,0.000000,3.000000,0.000000,0.000000,0.000000,0.000000,0.000000,0.000000
1784020355.375160,0,0.000000,3.000000,0.000000,3.000000,0.000000,0.000000,0.000000,0.000000,0.000000,0.000000
1784020355.382900,0,0.000000,3.000000,0.000000,3.000000,0.000000,0.000000,0.000000,0.000000,0.000000,0.000000
1784020355.406410,0,0.000000,3.000000,0.000000,3.000000,0.000000,0.000000,0.000000,0.000000,0.000000,0.000000
1784020355.410805,0,0.000000,3.000000,0.000000,3.000000,0.000000,0.000000,0.000000,0.000000,0.000000,0.000000
1784020355.427291,0,0.000000,3.000000,0.000000,3.000000,0.000000,0.000000,0.000000,0.000000,0.000000,0.000000
1784020355.433887,0,0.000000,3.000000,0.000000,3.000000,0.000000,0.000000,0.000000,0.000000,0.000000,0.000000
1784020355.469535,0,0.000000,3.000000,0.000000,3.000000,0.000000,0.000000,0.000000,0.000000,0.000000,0.000000
1784020355.494403,0,0.000000,3.000000,0.000000,3.000000,0.000000,0.000000,0.000000,0.000000,0.000000,0.000000
1784020355.495852,0,0.000000,3.000000,0.000000,3.000000,0.000000,0.000000,0.000000,0.000000,0.000000,0.200000
1784020355.512714,0,0.000000,3.000000,0.000000,3.000000,0.000000,0.000000,0.000000,0.000000,0.000000,0.000000
1784020355.513355,0,0.000000,3.000000,0.000000,3.000000,0.000000,0.000000,0.000000,0.000000,0.000000,0.000000
1784020355.553415,0,0.000000,3.000000,0.000000,3.000000,0.000000,0.000000,0.000000,0.000000,0.000000,0.100000
1784020355.561018,0,0.000000,3.000000,0.000000,3.000000,0.000000,0.000000,0.000000,0.000000,0.000000,0.000000
1784020355.583923,0,0.000000,3.000000,0.000000,3.000000,0.000000,0.000000,0.000000,0.000000,0.250000,0.000000
1784020355.622185,0,0.000000,3.000000,0.000000,3.000000,0.000000,0.000000,0.000000,0.000000,0.000000,0.000000
1784020355.651941,0,0.000000,3.000000,0.000000,3.000000,0.000000,0.000000,0.000000,0.000000,0.000000,0.000000
1784020355.683300,0,0.000000,3.000000,0.000000,3.000000,0.000000,0.000000,0.000000,0.000000,0.000000,0.000000
1784020355.684044,0,0.000000,3.000000,0.000000,3.000000,0.000000,0.000000,0.000000,0.000000,0.000000,0.000000
1784020355.703629,0,0.000000,3.000000,0.000000,3.000000,0.000000,0.000000,0.000000,0.000000,0.000000,0.000000
1784020355.710272,0,0.000000,3.000000,0.000000,3.000000,0.000000,0.000000,0.000000,0.000000,0.000000,0.000000
1784020355.749188,0,0.000000,3.000000,0.000000,3.000000,0.000000,0.000000,0.000000,0.000000,0.000000,0.000000
1784020355.767526,0,0.000000,3.000000,0.000000,3.000000,0.000000,0.000000,0.000000,0.000000,0.000000,0.000000
1784020355.770834,0,0.000000,3.000000,0.000000,3.000000,0.000000,0.000000,0.000000,0.000000,0.000000,0.000000
1784020355.899769,0,0.000000,3.000000,0.000000,3.000000,0.000000,0.000000,0.000000,0.000000,0.000000,0.000000
1784020355.958691,0,0.000000,3.000000,0.000000,3.000000,0.000000,0.000000,0.000000,0.000000,0.000000,0.000000
1784020356.000532,0,0.000000,3.000000,0.000000,3.000000,0.000000,0.000000,0.000000,0.000000,0.000000,0.000000
1784020356.001104,0,0.000000,3.000000,0.000000,3.000000,0.000000,0.000000,0.000000,0.000000,0.000000,0.000000
1784020356.046556,0,0.000000,3.000000,0.000000,3.000000,0.000000,0.000000,0.000000,0.000000,0.000000,0.000000
1784020356.107727,0,0.000000,3.000000,0.000000,3.000000,0.000000,0.000000,0.000000,0.000000,0.000000,0.000000
1784020356.128830,0,0.000000,3.000000,0.000000,3.000000,0.000000,0.000000,0.000000,0.000000,0.000000,0.000000
1784020356.129649,0,0.000000,3.000000,0.000000,3.000000,0.000000,0.000000,0.000000,0.000000,0.000000,0.000000
1784020356.172305,0,0.000000,0.000000,0.000000,3.000000,0.000000,0.000000,0.000000,0.000000,0.000000,0.000000
1784020356.173905,0,0.000000,0.000000,0.000000,3.000000,0.000000,0.000000,0.000000,0.000000,0.000000,0.000000
1784020356.196449,0,0.000000,0.000000,0.000000,3.000000,0.000000,0.000000,0.000000,0.000000,0.000000,0.000000
1784020356.220133,0,0.000000,0.000000,0.000000,3.000000,0.000000,0.000000,0.000000,0.000000,0.000000,0.000000
1784020356.220745,0,0.000000,0.000000,0.000000,3.000000,0.000000,0.000000,0.000000,0.000000,0.000000,0.000000
1784020356.263379,0,0.000000,0.000000,0.000000,3.000000,0.000000,0.000000,0.000000,0.000000,0.000000,0.000000
1784020356.305842,0,0.000000,0.000000,0.000000,3.000000,0.000000,0.000000,0.000000,0.000000,0.000000,0.000000
1784020356.306397,0,0.000000,0.000000,0.000000,3.000000,0.000000,0.000000,0.000000,0.000000,0.000000,0.000000
1784020356.371291,0,0.000000,0.000000,0.000000,3.000000,0.000000,0.000000,0.000000,0.000000,0.000000,0.000000
1784020356.412755,0,0.000000,0.000000,0.000000,3.000000,0.000000,0.000000,0.000000,0.000000,0.000000,0.000000
1784020356.415300,0,0.000000,0.000000,0.000000,3.000000,0.000000,0.000000,0.000000,0.000000,0.000000,0.000000
1784020356.415807,0,0.000000,0.000000,0.000000,3.000000,0.000000,0.000000,0.000000,0.000000,0.000000,0.000000
1784020356.416220,0,0.000000,0.000000,0.000000,3.000000,0.000000,0.000000,0.000000,0.000000,0.000000,0.000000
1784020356.471659,0,0.000000,0.000000,0.000000,3.000000,0.000000,0.000000,0.000000,0.000000,0.000000,0.000000
1784020356.472162,0,0.000000,0.000000,0.000000,3.000000,0.000000,0.000000,0.000000,0.000000,0.000000,0.000000
1784020356.514352,0,0.000000,0.000000,0.000000,3.000000,0.000000,0.000000,0.000000,0.000000,0.000000,0.000000
1784020356.554435,0,0.000000,0.000000,0.000000,3.000000,0.000000,0.000000,0.000000,0.000000,0.000000,0.000000
1784020356.598428,0,0.000000,0.000000,0.000000,3.000000,0.000000,0.000000,0.000000,0.000000,0.000000,0.000000
1784020356.599125,0,0.000000,0.000000,0.000000,3.000000,0.000000,0.000000,0.000000,0.000000,0.000000,0.000000
1784020356.620843,0,0.000000,0.000000,0.000000,3.000000,0.000000,0.000000,0.000000,0.000000,0.000000,0.000000
1784020356.684081,0,0.000000,0.000000,0.000000,3.000000,0.000000,0.000000,0.000000,0.000000,0.000000,0.000000
1784020356.684618,0,0.000000,0.000000,0.000000,3.000000,0.000000,0.000000,0.000000,0.000000,0.000000,0.000000
1784020356.725690,0,0.000000,0.000000,0.000000,3.000000,0.000000,0.000000,0.000000,0.000000,0.000000,0.000000
1784020356.798957,0,0.000000,0.000000,0.000000,3.000000,0.000000,0.000000,0.000000,0.000000,0.000000,0.000000
1784020356.821152,0,0.000000,0.000000,0.000000,3.000000,0.000000,0.000000,0.000000,0.000000,0.000000,0.200000
1784020356.845177,0,0.000000,0.000000,0.000000,3.000000,0.000000,0.000000,0.000000,0.000000,0.250000,0.000000
1784020356.889767,0,0.000000,0.000000,0.000000,3.000000,0.000000,0.000000,0.000000,0.000000,0.000000,0.000000
1784020356.931426,0,0.000000,0.000000,0.000000,3.000000,0.000000,0.000000,0.000000,0.000000,0.000000,0.000000
1784020356.972872,0,0.000000,0.000000,0.000000,3.000000,0.000000,0.000000,0.000000,0.000000,0.000000,0.000000
1784020357.013648,0,0.000000,0.000000,0.000000,3.000000,0.000000,0.000000,0.000000,0.000000,0.000000,0.000000
1784020357.014327,0,0.000000,0.000000,0.000000,3.000000,0.000000,0.000000,0.000000,0.000000,0.000000,0.000000
1784020357.068522,0,0.000000,0.000000,0.000000,3.000000,0.000000,0.000000,0.000000,0.000000,0.000000,0.000000
1784020357.069420,0,0.000000,0.000000,0.000000,3.000000,0.000000,0.000000,0.000000,0.000000,0.000000,0.000000
1784020357.166713,0,0.000000,0.000000,0.000000,3.000000,0.000000,0.000000,0.000000,0.000000,0.000000,0.000000
1784020357.208428,0,0.000000,0.000000,0.000000,3.000000,0.000000,0.000000,0.000000,0.000000,0.000000,0.000000
1784020357.283480,0,0.000000,0.000000,0.000000,3.000000,0.000000,0.000000,0.000000,0.000000,0.000000,0.000000
1784020357.306545,0,0.000000,0.000000,0.000000,3.000000,0.000000,0.000000,0.000000,0.000000,0.000000,0.000000
1784020357.329547,0,0.000000,0.000000,0.000000,3.000000,0.000000,0.000000,0.000000,0.000000,0.000000,0.000000
1784020357.413311,0,0.000000,0.000000,0.000000,3.000000,0.000000,0.000000,0.000000,0.000000,0.000000,0.000000
1784020357.435585,0,0.000000,0.000000,0.000000,3.000000,0.000000,0.000000,0.000000,0.000000,0.000000,0.000000
1784020357.436386,0,0.000000,0.000000,0.000000,3.000000,0.000000,0.000000,0.000000,0.000000,0.000000,0.000000
1784020357.478744,0,0.000000,0.000000,0.000000,3.000000,0.000000,0.000000,0.000000,0.000000,0.000000,0.000000
1784020357.479244,0,0.000000,0.000000,0.000000,3.000000,0.000000,0.000000,0.000000,0.000000,0.000000,0.000000
1784020357.479626,0,0.000000,0.000000,0.000000,3.000000,0.000000,0.000000,0.000000,0.000000,0.000000,0.000000
1784020357.523073,0,0.000000,0.000000,0.000000,3.000000,0.000000,0.000000,0.000000,0.000000,0.000000,0.000000
1784020357.523802,0,0.000000,0.000000,0.000000,3.000000,0.000000,0.000000,0.000000,0.000000,0.000000,0.000000
1784020357.601495,0,0.000000,0.000000,0.000000,3.000000,0.000000,0.000000,0.000000,0.000000,0.000000,0.000000
1784020357.623686,0,0.000000,0.000000,0.000000,3.000000,0.000000,0.000000,0.000000,0.000000,0.000000,0.000000
1784020357.647362,0,0.000000,0.000000,0.000000,3.000000,0.000000,0.000000,0.000000,0.000000,0.000000,0.000000
1784020357.670983,0,0.000000,0.000000,0.000000,3.000000,0.000000,0.000000,0.000000,0.000000,0.000000,0.000000
1784020357.713507,0,0.000000,0.000000,0.000000,3.000000,0.000000,0.000000,0.000000,0.000000,0.000000,0.000000
1784020357.773266,0,0.000000,0.000000,0.000000,3.000000,0.000000,0.000000,0.000000,0.000000,0.000000,0.000000
1784020357.813002,0,0.000000,0.000000,0.000000,3.000000,0.000000,0.000000,0.000000,0.000000,0.000000,0.000000
1784020357.855951,0,0.000000,0.000000,0.000000,3.000000,0.000000,0.000000,0.000000,0.000000,0.000000,0.000000
1784020357.880467,0,0.000000,0.000000,0.000000,3.000000,0.000000,0.000000,0.000000,0.000000,0.000000,0.000000
1784020357.964314,0,0.000000,0.000000,0.000000,3.000000,0.000000,0.000000,0.000000,0.000000,0.000000,0.000000
1784020358.005212,0,0.000000,0.000000,0.000000,3.000000,0.000000,0.000000,0.000000,0.000000,0.000000,0.200000
1784020358.005739,0,0.000000,0.000000,0.000000,3.000000,0.000000,0.000000,0.000000,0.000000,0.000000,0.000000
1784020358.006354,0,0.000000,0.000000,0.000000,3.000000,0.000000,0.000000,0.000000,0.000000,0.000000,0.000000
1784020358.074101,0,0.000000,0.000000,0.000000,3.000000,0.000000,0.000000,0.000000,0.000000,0.250000,0.000000
1784020358.156458,0,0.000000,0.000000,0.000000,3.000000,0.000000,0.000000,0.000000,0.000000,0.000000,0.000000
1784020358.198741,0,0.000000,0.000000,0.000000,3.000000,0.000000,0.000000,0.000000,0.000000,0.000000,0.000000
1784020358.199250,0,0.000000,0.000000,0.000000,3.000000,0.000000,0.000000,0.000000,0.000000,0.000000,0.000000
1784020358.199635,0,0.000000,0.000000,0.000000,3.000000,0.000000,0.000000,0.000000,0.000000,0.000000,0.000000
1784020358.222722,0,0.000000,0.000000,0.000000,3.000000,0.000000,0.000000,0.000000,0.000000,0.000000,0.000000
1784020358.265910,0,0.000000,0.000000,0.000000,3.000000,0.000000,0.000000,0.000000,0.000000,0.000000,0.000000
1784020358.267175,0,0.000000,0.000000,0.000000,3.000000,0.000000,0.000000,0.000000,0.000000,0.000000,0.000000
1784020358.309556,0,0.000000,0.000000,0.000000,3.000000,0.000000,0.000000,0.000000,0.000000,0.000000,0.000000
1784020358.310073,0,0.000000,0.000000,0.000000,3.000000,0.000000,0.000000,0.000000,0.000000,0.000000,0.000000
1784020358.411627,0,0.000000,0.000000,0.000000,3.000000,0.000000,0.000000,0.000000,0.000000,0.000000,0.000000
1784020358.412140,0,0.000000,0.000000,0.000000,3.000000,0.000000,0.000000,0.000000,0.000000,0.000000,0.000000
1784020358.456189,0,0.000000,0.000000,0.000000,3.000000,0.000000,0.000000,0.000000,0.000000,0.000000,0.000000
1784020358.478043,0,0.000000,0.000000,0.000000,3.000000,0.000000,0.000000,0.000000,0.000000,0.000000,0.000000
1784020358.521349,0,0.000000,0.000000,0.000000,3.000000,0.000000,0.000000,0.000000,0.000000,0.000000,0.000000
1784020358.521834,0,0.000000,0.000000,0.000000,3.000000,0.000000,0.000000,0.000000,0.000000,0.000000,0.000000
1784020358.563757,0,0.000000,0.000000,0.000000,3.000000,0.000000,0.000000,0.000000,0.000000,0.000000,0.000000
1784020358.564495,0,0.000000,0.000000,0.000000,3.000000,0.000000,0.000000,0.000000,0.000000,0.000000,0.000000
1784020358.564901,0,0.000000,0.000000,0.000000,3.000000,0.000000,0.000000,0.000000,0.000000,0.000000,0.000000
1784020358.635795,0,0.000000,0.000000,0.000000,3.000000,0.000000,0.000000,0.000000,0.000000,0.000000,0.000000
1784020358.719096,0,0.000000,0.000000,0.000000,3.000000,0.000000,0.000000,0.000000,0.000000,0.000000,0.000000
1784020358.741402,0,0.000000,0.000000,0.000000,3.000000,0.000000,0.000000,0.000000,0.000000,0.000000,0.000000
1784020358.742260,0,0.000000,0.000000,0.000000,3.000000,0.000000,0.000000,0.000000,0.000000,0.000000,0.000000
1784020358.766420,0,0.000000,0.000000,0.000000,3.000000,0.000000,0.000000,0.000000,0.000000,0.000000,0.000000
1784020358.808755,0,0.000000,0.000000,0.000000,3.000000,0.000000,0.000000,0.000000,0.000000,0.000000,0.000000
1784020358.809799,0,0.000000,0.000000,0.000000,3.000000,0.000000,0.000000,0.000000,0.000000,0.000000,0.000000
1784020358.851391,0,0.000000,0.000000,0.000000,3.000000,0.000000,0.000000,0.000000,0.000000,0.000000,0.000000
1784020358.894860,0,0.000000,0.000000,0.000000,3.000000,0.000000,0.000000,0.000000,0.000000,0.000000,0.000000
1784020358.895386,0,0.000000,0.000000,0.000000,3.000000,0.000000,0.000000,0.000000,0.000000,0.000000,0.000000
1784020358.896621,0,0.000000,0.000000,0.000000,3.000000,0.000000,0.000000,0.000000,0.000000,0.000000,0.100000
1784020358.967250,0,0.000000,0.000000,0.000000,3.000000,0.000000,0.000000,0.000000,0.000000,0.000000,0.000000
1784020358.967752,0,0.000000,0.000000,0.000000,3.000000,0.000000,0.000000,0.000000,0.000000,0.000000,0.000000
1784020359.007059,0,0.000000,0.000000,0.000000,3.000000,0.000000,0.000000,0.000000,0.000000,0.000000,0.100000
1784020359.048467,0,0.000000,0.000000,0.000000,3.000000,0.000000,0.000000,0.000000,0.000000,0.000000,0.000000
1784020359.089158,0,0.000000,0.000000,0.000000,3.000000,0.000000,0.000000,0.000000,0.000000,0.000000,0.000000
1784020359.089895,0,0.000000,0.000000,0.000000,3.000000,0.000000,0.000000,0.000000,0.000000,0.000000,0.000000
1784020359.130758,0,0.000000,0.000000,0.000000,3.000000,0.000000,0.000000,0.000000,0.000000,0.250000,0.000000
1784020359.131298,0,0.000000,0.000000,0.000000,3.000000,0.000000,0.000000,0.000000,0.000000,0.000000,0.000000
1784020359.172024,0,0.000000,0.000000,0.000000,3.000000,0.000000,0.000000,0.000000,0.000000,0.000000,0.000000
1784020359.172579,0,0.000000,0.000000,0.000000,3.000000,0.000000,0.000000,0.000000,0.000000,0.000000,0.000000
1784020359.211960,0,0.000000,0.000000,0.000000,3.000000,0.000000,0.000000,0.000000,0.000000,0.000000,0.000000
1784020359.261865,0,0.000000,0.000000,0.000000,3.000000,0.000000,0.000000,0.000000,0.000000,0.000000,0.000000
1784020359.311657,0,0.000000,0.000000,0.000000,3.000000,0.000000,0.000000,0.000000,0.000000,0.000000,0.100000
1784020359.312211,0,0.000000,0.000000,0.000000,3.000000,0.000000,0.000000,0.000000,0.000000,0.000000,0.000000
1784020359.312617,0,0.000000,0.000000,0.000000,3.000000,0.000000,0.000000,0.000000,0.000000,0.000000,0.000000
1784020359.312998,0,0.000000,0.000000,0.000000,3.000000,0.000000,0.000000,0.000000,0.000000,0.000000,0.000000
1784020359.313602,0,0.000000,0.000000,0.000000,3.000000,0.000000,0.000000,0.000000,0.000000,0.000000,0.000000
1784020359.364168,0,0.000000,0.000000,0.000000,3.000000,0.000000,0.000000,0.000000,0.000000,0.000000,0.000000
1784020359.469291,0,0.000000,0.000000,0.000000,3.000000,0.000000,0.000000,0.000000,0.000000,0.000000,0.000000
1784020359.517875,0,0.000000,0.000000,0.000000,3.000000,0.000000,0.000000,0.000000,0.000000,0.000000,0.000000
1784020359.518386,0,0.000000,0.000000,0.000000,3.000000,0.000000,0.000000,0.000000,0.000000,0.000000,0.000000
1784020359.518981,0,0.000000,0.000000,0.000000,3.000000,0.000000,0.000000,0.000000,0.000000,0.000000,0.000000
1784020359.545091,0,0.000000,0.000000,0.000000,3.000000,0.000000,0.000000,0.000000,0.000000,0.000000,0.000000
1784020359.545596,0,0.000000,0.000000,0.000000,3.000000,0.000000,0.000000,0.000000,0.000000,0.000000,0.000000
1784020359.640650,0,0.000000,0.000000,0.000000,3.000000,0.000000,0.000000,0.000000,0.000000,0.000000,0.000000
1784020359.689836,0,0.000000,0.000000,0.000000,3.000000,0.000000,0.000000,0.000000,0.000000,0.000000,0.200000
1784020359.690326,0,0.000000,0.000000,0.000000,3.000000,0.000000,0.000000,0.000000,0.000000,0.000000,0.000000
1784020359.756824,0,0.000000,0.000000,0.000000,3.000000,0.000000,0.000000,0.000000,0.000000,0.000000,0.000000
1784020359.805194,0,0.000000,0.000000,0.000000,3.000000,0.000000,0.000000,0.000000,0.000000,0.000000,0.000000
1784020359.855072,0,0.000000,0.000000,0.000000,3.000000,0.000000,0.000000,0.000000,0.000000,0.000000,0.000000
1784020359.855569,0,0.000000,0.000000,0.000000,3.000000,0.000000,0.000000,0.000000,0.000000,0.000000,0.000000
1784020359.906858,0,0.000000,0.000000,0.000000,3.000000,0.000000,0.000000,0.000000,0.000000,0.000000,0.000000
1784020359.972492,0,0.000000,0.000000,0.000000,3.000000,0.000000,0.000000,0.000000,0.000000,0.000000,0.000000
1784020360.076939,0,0.000000,0.000000,0.000000,3.000000,0.000000,0.000000,0.000000,0.000000,0.000000,0.000000
1784020360.077436,0,0.000000,0.000000,0.000000,3.000000,0.000000,0.000000,0.000000,0.000000,0.000000,0.000000
1784020360.127337,0,0.000000,0.000000,0.000000,3.000000,0.000000,0.000000,0.000000,0.000000,0.000000,0.000000
1784020360.204028,0,0.000000,0.000000,0.000000,3.000000,0.000000,0.000000,0.000000,37.310000,0.000000,0.000000
1784020360.245080,0,0.000000,0.000000,0.000000,3.000000,0.000000,0.000000,0.000000,51.790000,0.000000,0.000000
1784020360.245800,0,0.000000,0.000000,0.000000,3.000000,0.000000,0.000000,0.000000,54.500000,0.000000,0.000000
1784020360.316646,0,0.000000,0.000000,0.000000,3.000000,0.000000,0.000000,0.000000,55.810000,0.000000,0.000000
1784020360.364869,0,0.000000,0.000000,0.000000,3.000000,0.000000,0.000000,0.000000,70.610000,0.250000,0.000000
1784020360.366839,0,0.000000,0.000000,0.000000,3.000000,0.000000,0.000000,0.000000,74.940000,0.000000,0.000000
1784020360.415143,0,0.000000,0.000000,0.000000,3.000000,0.000000,0.000000,0.000000,70.150000,0.000000,0.100000
1784020360.441912,0,0.000000,0.000000,0.000000,3.000000,0.000000,0.000000,0.000000,69.690000,0.000000,0.000000
1784020360.492326,0,0.000000,0.000000,0.000000,3.000000,0.000000,0.000000,0.000000,68.910000,0.000000,0.000000
1784020360.492808,0,0.000000,0.000000,0.000000,3.000000,0.000000,0.000000,0.000000,59.470000,0.000000,0.000000
1784020360.542257,0,0.000000,0.000000,0.000000,3.000000,0.000000,0.000000,0.000000,49.680000,0.000000,0.000000
1784020360.542789,0,0.000000,0.000000,0.000000,3.000000,0.000000,0.000000,0.000000,37.090000,0.000000,0.000000
1784020360.543845,0,0.000000,0.000000,0.000000,3.000000,0.000000,0.000000,0.000000,88.980000,0.500000,0.000000
1784020360.544310,0,0.000000,0.000000,0.000000,3.000000,0.000000,0.000000,0.000000,97.410000,0.000000,0.000000
1784020360.593148,0,0.000000,0.000000,0.000000,3.000000,0.000000,0.000000,0.000000,118.010000,0.000000,0.000000
1784020360.593663,0,0.000000,0.000000,0.000000,3.000000,0.000000,0.000000,0.000000,120.230000,0.000000,0.000000
1784020360.594421,0,0.000000,0.000000,0.000000,3.000000,0.000000,0.000000,0.000000,128.360000,0.000000,0.000000
1784020360.644054,0,0.000000,0.000000,0.000000,3.000000,0.000000,0.000000,0.000000,132.220000,0.000000,0.000000
1784020360.645298,0,0.000000,0.000000,0.000000,3.000000,0.000000,0.000000,0.000000,134.800000,0.000000,0.000000
1784020360.645987,0,0.000000,0.000000,0.000000,3.000000,0.000000,0.000000,0.000000,133.380000,0.000000,0.000000
1784020360.694719,0,0.000000,0.000000,0.000000,3.000000,0.000000,0.000000,0.000000,136.490000,0.000000,0.000000
1784020360.761178,0,0.000000,0.000000,0.000000,3.000000,0.000000,0.000000,0.000000,138.440000,0.000000,0.000000
1784020360.761814,0,0.000000,0.000000,0.000000,3.000000,0.000000,0.000000,0.000000,144.030000,0.000000,0.000000
1784020360.812275,0,0.000000,0.000000,0.000000,3.000000,0.000000,0.000000,0.000000,144.030000,0.000000,0.000000
1784020360.812773,0,0.000000,0.000000,0.000000,3.000000,0.000000,0.000000,0.000000,143.520000,0.000000,0.000000
1784020360.813161,0,0.000000,0.000000,0.000000,3.000000,0.000000,0.000000,0.000000,143.520000,0.000000,0.000000
1784020360.813934,0,0.000000,0.000000,0.000000,3.000000,0.000000,0.000000,0.000000,145.880000,0.000000,0.000000
1784020360.931682,0,0.000000,0.000000,0.000000,3.000000,0.000000,0.000000,0.000000,147.500000,0.000000,0.000000
1784020360.932277,0,0.000000,0.000000,0.000000,3.000000,0.000000,0.000000,0.000000,146.690000,0.000000,0.000000
1784020360.959621,0,0.000000,0.000000,0.000000,3.000000,0.000000,0.000000,0.000000,145.610000,0.000000,0.000000
1784020361.010277,0,0.000000,0.000000,0.000000,3.000000,0.000000,0.000000,0.000000,145.610000,0.000000,0.000000
1784020361.112403,0,0.000000,0.000000,0.000000,3.000000,0.000000,0.000000,0.000000,141.460000,0.000000,0.000000
1784020361.139478,0,0.000000,0.000000,0.000000,3.000000,0.000000,0.000000,0.000000,140.960000,0.000000,0.000000
1784020361.139957,0,0.000000,0.000000,0.000000,3.000000,0.000000,0.000000,0.000000,142.750000,0.000000,0.000000
1784020361.231730,0,0.000000,0.000000,0.000000,3.000000,0.000000,0.000000,0.000000,141.460000,0.000000,0.000000
1784020361.258584,0,0.000000,0.000000,0.000000,3.000000,0.000000,0.000000,0.000000,139.690000,0.000000,0.000000
1784020361.286665,0,0.000000,0.000000,0.000000,3.000000,0.000000,0.000000,0.000000,140.690000,0.000000,0.000000
1784020361.316023,0,0.000000,0.000000,0.000000,3.000000,0.000000,0.000000,0.000000,140.690000,0.000000,0.000000
1784020361.344607,0,0.000000,0.000000,0.000000,3.000000,0.000000,0.000000,0.000000,137.470000,0.000000,0.000000
1784020361.345115,0,0.000000,0.000000,0.000000,3.000000,0.000000,0.000000,0.000000,125.500000,0.000000,0.000000
1784020361.373077,0,0.000000,0.000000,0.000000,3.000000,0.000000,0.000000,0.000000,124.200000,0.000000,0.000000
1784020361.373595,0,0.000000,0.000000,0.000000,3.000000,0.000000,0.000000,0.000000,124.200000,0.000000,0.000000
1784020361.401584,0,0.000000,0.000000,0.000000,3.000000,0.000000,0.000000,0.000000,117.410000,0.000000,0.000000
1784020361.430032,0,0.000000,0.000000,0.000000,3.000000,0.000000,0.000000,0.000000,116.040000,0.000000,0.000000
1784020361.480363,0,0.000000,0.000000,0.000000,3.000000,0.000000,0.000000,0.000000,106.760000,0.000000,0.000000
1784020361.480866,0,0.000000,0.000000,0.000000,3.000000,0.000000,0.000000,0.000000,103.980000,0.000000,0.000000
1784020361.481493,0,0.000000,0.000000,0.000000,3.000000,0.000000,0.000000,0.000000,102.950000,0.000000,0.000000
1784020361.482094,0,0.000000,0.000000,0.000000,3.000000,0.000000,0.000000,0.000000,102.120000,0.250000,0.000000
1784020361.532892,0,0.000000,0.000000,0.000000,3.000000,0.000000,0.000000,0.000000,102.450000,0.000000,0.000000
1784020361.533426,0,0.000000,0.000000,0.000000,3.000000,0.000000,0.000000,0.000000,102.620000,0.000000,0.000000
1784020361.533813,0,0.000000,0.000000,0.000000,3.000000,0.000000,0.000000,0.000000,102.620000,0.000000,0.000000
1784020361.534216,0,0.000000,0.000000,0.000000,3.000000,0.000000,0.000000,0.000000,102.450000,0.000000,0.000000
1784020361.584375,0,0.000000,0.000000,0.000000,3.000000,0.000000,0.000000,0.000000,102.620000,0.000000,0.000000
1784020361.585019,0,0.000000,0.000000,0.000000,3.000000,0.000000,0.000000,0.000000,102.800000,0.000000,0.000000
1784020361.585862,0,0.000000,0.000000,0.000000,3.000000,0.000000,0.000000,0.000000,100.620000,0.000000,0.000000
1784020361.586339,0,0.000000,0.000000,0.000000,3.000000,0.000000,0.000000,0.000000,99.810000,0.000000,0.000000
1784020361.635037,0,0.000000,0.000000,0.000000,3.000000,0.000000,0.000000,0.000000,100.800000,0.000000,0.000000
1784020361.635554,0,0.000000,0.000000,0.000000,3.000000,0.000000,0.000000,0.000000,99.980000,0.000000,0.000000
1784020361.635955,0,0.000000,0.000000,0.000000,3.000000,0.000000,0.000000,0.000000,99.810000,0.000000,0.000000
1784020361.686324,0,0.000000,0.000000,0.000000,3.000000,0.000000,0.000000,0.000000,99.010000,0.000000,0.000000
1784020361.686848,0,0.000000,0.000000,0.000000,3.000000,0.000000,0.000000,0.000000,99.160000,0.000000,0.000000
1784020361.734987,0,0.000000,0.000000,0.000000,3.000000,0.000000,0.000000,0.000000,99.980000,0.000000,0.000000
1784020361.804944,0,0.000000,0.000000,0.000000,3.000000,0.000000,0.000000,0.000000,100.470000,0.000000,0.000000
1784020361.805596,0,0.000000,0.000000,0.000000,3.000000,0.000000,0.000000,0.000000,102.120000,0.000000,0.100000
1784020361.894330,0,0.000000,0.000000,0.000000,3.000000,0.000000,0.000000,0.000000,107.110000,0.000000,0.000000
1784020361.943158,0,0.000000,0.000000,0.000000,3.000000,0.000000,0.000000,0.000000,107.470000,0.000000,0.000000
1784020361.943709,0,0.000000,0.000000,0.000000,3.000000,0.000000,0.000000,0.000000,120.230000,0.000000,0.000000
1784020361.944108,0,0.000000,0.000000,0.000000,3.000000,0.000000,0.000000,0.000000,119.830000,0.000000,0.000000
1784020361.944678,0,0.000000,0.000000,0.000000,3.000000,0.000000,0.000000,0.000000,120.040000,0.000000,0.000000
1784020362.019888,0,0.000000,0.000000,0.000000,3.000000,0.000000,0.000000,0.000000,119.620000,0.000000,0.000000
1784020362.069220,0,0.000000,0.000000,0.000000,3.000000,0.000000,0.000000,0.000000,120.230000,0.000000,0.000000
1784020362.096439,0,0.000000,0.000000,0.000000,3.000000,0.000000,0.000000,0.000000,120.440000,0.000000,0.000000
1784020362.123761,0,0.000000,0.000000,0.000000,3.000000,0.000000,0.000000,0.000000,118.620000,0.000000,0.000000
1784020362.281358,0,0.000000,0.000000,0.000000,3.000000,0.000000,0.000000,0.000000,118.810000,0.000000,0.000000
1784020362.307708,0,0.000000,0.000000,0.000000,3.000000,0.000000,0.000000,0.000000,116.230000,0.000000,0.000000
1784020362.373037,0,0.000000,0.000000,0.000000,3.000000,0.000000,0.000000,0.000000,116.230000,0.000000,0.000000
1784020362.468483,0,0.000000,0.000000,0.000000,3.000000,0.000000,0.000000,0.000000,115.650000,0.000000,0.000000
1784020362.518154,0,0.000000,0.000000,0.000000,3.000000,0.000000,0.000000,0.000000,113.720000,0.000000,0.000000
1784020362.604532,0,0.000000,0.000000,0.000000,3.000000,0.000000,0.000000,0.000000,32.680000,0.000000,0.000000
1784020362.654008,0,0.000000,0.000000,0.000000,3.000000,0.000000,0.000000,0.000000,27.720000,0.250000,0.000000
1784020362.705119,0,0.000000,0.000000,0.000000,3.000000,0.000000,0.000000,0.000000,19.920000,0.000000,0.000000
1784020362.749382,0,0.000000,0.000000,0.000000,3.000000,0.000000,0.000000,0.000000,46.470000,0.000000,0.000000
1784020362.791988,0,0.000000,0.000000,0.000000,3.000000,0.000000,0.000000,0.000000,58.790000,0.000000,0.000000
1784020362.792927,0,0.000000,0.000000,0.000000,3.000000,0.000000,0.000000,0.000000,72.560000,0.000000,0.000000
1784020362.793395,0,0.000000,0.000000,0.000000,3.000000,0.000000,0.000000,0.000000,53.590000,0.000000,0.000000
1784020362.836462,0,0.000000,0.000000,0.000000,3.000000,0.000000,0.000000,0.000000,0.000000,0.250000,0.000000
1784020362.838582,0,0.000000,0.000000,0.000000,3.000000,0.000000,0.000000,0.000000,0.000000,0.000000,0.100000
1784020362.882651,0,0.000000,0.000000,0.000000,3.000000,0.000000,0.000000,0.000000,0.000000,0.000000,0.000000
1784020362.955016,0,0.000000,0.000000,0.000000,3.000000,0.000000,0.000000,0.000000,0.000000,0.000000,0.000000
1784020362.997212,0,0.000000,0.000000,0.000000,3.000000,0.000000,0.000000,0.000000,0.000000,0.000000,0.100000
1784020362.997777,0,0.000000,0.000000,0.000000,3.000000,0.000000,0.000000,0.000000,0.000000,0.000000,0.000000
1784020362.998395,0,0.000000,0.000000,0.000000,3.000000,0.000000,0.000000,0.000000,0.000000,0.000000,0.000000
1784020363.042767,0,0.000000,0.000000,0.000000,3.000000,0.000000,0.000000,0.000000,0.000000,0.000000,0.000000
1784020363.043261,0,0.000000,0.000000,0.000000,3.000000,0.000000,0.000000,0.000000,0.000000,0.000000,0.000000
1784020363.128679,0,0.000000,0.000000,0.000000,3.000000,0.000000,0.000000,0.000000,0.000000,0.000000,0.000000
1784020363.152280,0,0.000000,0.000000,0.000000,3.000000,0.000000,0.000000,0.000000,0.000000,0.000000,0.000000
1784020363.152854,0,0.000000,0.000000,0.000000,3.000000,0.000000,0.000000,0.000000,0.000000,0.000000,0.000000
1784020363.177573,0,0.000000,0.000000,0.000000,3.000000,0.000000,0.000000,0.000000,0.000000,0.000000,0.000000
1784020363.221943,0,0.000000,0.000000,0.000000,3.000000,0.000000,0.000000,0.000000,0.000000,0.000000,0.000000
1784020363.222471,0,0.000000,0.000000,0.000000,3.000000,0.000000,0.000000,0.000000,0.000000,0.000000,0.100000
1784020363.266085,0,0.000000,0.000000,0.000000,3.000000,0.000000,0.000000,0.000000,0.000000,0.000000,0.000000
1784020363.310687,0,0.000000,0.000000,0.000000,3.000000,0.000000,0.000000,0.000000,0.000000,0.000000,0.100000
1784020363.368822,0,0.000000,0.000000,0.000000,3.000000,0.000000,0.000000,0.000000,0.000000,0.000000,0.000000
1784020363.411419,0,0.000000,0.000000,0.000000,3.000000,0.000000,0.000000,0.000000,0.000000,0.000000,0.000000
1784020363.411907,0,0.000000,0.000000,0.000000,3.000000,0.000000,0.000000,0.000000,0.000000,0.000000,0.000000
1784020363.454420,0,0.000000,0.000000,0.000000,3.000000,0.000000,0.000000,0.000000,0.000000,0.000000,0.000000
1784020363.497647,0,0.000000,0.000000,0.000000,3.000000,0.000000,0.000000,0.000000,0.000000,0.000000,0.000000
1784020363.498177,0,0.000000,0.000000,0.000000,3.000000,0.000000,0.000000,0.000000,0.000000,0.000000,0.000000
1784020363.498565,0,0.000000,0.000000,0.000000,3.000000,0.000000,0.000000,0.000000,0.000000,0.000000,0.000000
1784020363.540416,0,0.000000,0.000000,0.000000,3.000000,0.000000,0.000000,0.000000,0.000000,0.000000,0.000000
1784020363.540906,0,0.000000,0.000000,0.000000,3.000000,0.000000,0.000000,0.000000,0.000000,0.000000,0.000000
1784020363.624427,0,0.000000,0.000000,0.000000,3.000000,0.000000,0.000000,0.000000,0.000000,0.000000,0.000000
1784020363.668223,0,0.000000,0.000000,0.000000,3.000000,0.000000,0.000000,0.000000,0.000000,0.000000,0.000000
1784020363.668987,0,0.000000,0.000000,0.000000,3.000000,0.000000,0.000000,0.000000,0.000000,0.000000,0.000000
1784020363.729649,0,0.000000,0.000000,0.000000,3.000000,0.000000,0.000000,0.000000,0.000000,0.000000,0.000000
1784020363.770985,0,0.000000,0.000000,0.000000,3.000000,0.000000,0.000000,0.000000,0.000000,0.000000,0.000000
