epoch,mark,Measured Torque (R),Desired Torque (R),Measured Torque (L),Desired Torque (L),Gait/100 (R),Toe FSR (R),Gait/100 (L),Toe FSR (L),Heel FSR (R),Heel FSR (L)
1777189220.134005,0,0.000000,0.000000,0.000000,0.000000,0.000000,0.000000,0.000000,0.000000,0.000000,0.000000
1777189220.191945,0,0.000000,0.000000,0.000000,0.000000,0.000000,0.000000,0.000000,0.000000,0.000000,1.000000
1777189220.253349,0,0.000000,0.000000,0.000000,0.000000,0.000000,0.000000,0.000000,0.000000,0.000000,0.000000
1777189220.253841,0,0.000000,0.000000,0.000000,0.000000,0.000000,0.000000,0.000000,0.000000,0.000000,0.000000
1777189220.254534,0,0.000000,0.000000,0.000000,0.000000,0.000000,0.000000,0.000000,0.000000,0.000000,0.110000
1777189220.254900,0,0.000000,0.000000,0.000000,0.000000,0.000000,0.000000,0.000000,0.000000,0.000000,0.210000
1777189220.312780,0,0.000000,0.000000,0.000000,0.000000,0.000000,0.000000,0.000000,0.000000,0.000000,0.000000
1777189220.376999,0,0.000000,0.000000,0.000000,0.000000,0.000000,0.000000,0.000000,0.000000,0.000000,0.020000
1777189220.377458,0,0.000000,0.000000,0.000000,0.000000,0.000000,0.000000,0.000000,0.000000,0.500000,0.000000
1777189220.377798,0,0.000000,0.000000,0.000000,0.000000,0.000000,0.000000,0.000000,0.000000,0.250000,0.000000
1777189220.378119,0,0.000000,0.000000,0.000000,0.000000,0.000000,0.000000,0.000000,0.000000,0.000000,0.000000
1777189220.378754,0,0.000000,0.000000,0.000000,0.000000,0.000000,0.000000,0.000000,0.000000,0.500000,0.000000
1777189220.379112,0,0.000000,0.000000,0.000000,0.000000,0.000000,0.000000,0.000000,0.000000,0.250000,0.000000
1777189220.379439,0,0.000000,0.000000,0.000000,0.000000,0.000000,0.000000,0.000000,0.000000,0.000000,0.070000
1777189220.433253,0,0.000000,0.000000,0.000000,0.000000,0.000000,0.000000,0.000000,0.000000,0.500000,0.000000
1777189220.434744,0,0.000000,0.000000,0.000000,0.000000,0.000000,0.000000,0.000000,0.000000,0.250000,0.180000
1777189220.435105,0,0.000000,0.000000,0.000000,0.000000,0.000000,0.000000,0.000000,0.000000,0.000000,0.000000
1777189220.435452,0,0.000000,0.000000,0.000000,0.000000,0.000000,0.000000,0.000000,0.000000,0.110000,0.020000
1777189220.491738,0,0.000000,0.000000,0.000000,0.000000,0.000000,0.000000,0.000000,0.000000,0.110000,0.140000
1777189220.492203,0,0.000000,0.000000,0.000000,0.000000,0.000000,0.000000,0.000000,0.000000,0.000000,0.000000
1777189220.492908,0,0.000000,0.000000,0.000000,0.000000,0.000000,0.000000,0.000000,0.000000,0.110000,0.000000
1777189220.552130,0,0.000000,0.000000,0.000000,0.000000,0.000000,0.000000,0.000000,0.000000,0.110000,0.000000
1777189220.552573,0,0.000000,0.000000,0.000000,0.000000,0.000000,0.000000,0.000000,0.000000,0.000000,0.000000
1777189220.552903,0,0.000000,0.000000,0.000000,0.000000,0.000000,0.000000,0.000000,0.000000,0.250000,0.020000
1777189220.617172,0,0.000000,0.000000,0.000000,0.000000,0.000000,0.000000,0.000000,0.000000,0.000000,0.020000
1777189220.617637,0,0.000000,0.000000,0.000000,0.000000,0.000000,0.000000,0.000000,0.000000,0.000000,0.000000
1777189220.618471,0,0.000000,0.000000,0.000000,0.000000,0.000000,0.000000,0.000000,0.000000,0.140000,0.000000
1777189220.618835,0,0.000000,0.000000,0.000000,0.000000,0.000000,0.000000,0.000000,0.000000,0.070000,0.000000
1777189220.619159,0,0.000000,0.000000,0.000000,0.000000,0.000000,0.000000,0.000000,0.000000,0.000000,0.000000
1777189220.619480,0,0.000000,0.000000,0.000000,0.000000,0.000000,0.000000,0.000000,0.000000,0.070000,0.020000
1777189220.678676,0,0.000000,0.000000,0.000000,0.000000,0.000000,0.000000,0.000000,0.000000,0.070000,0.070000
1777189220.679132,0,0.000000,0.000000,0.000000,0.000000,0.000000,0.000000,0.000000,0.000000,0.000000,0.020000
1777189220.679757,0,0.000000,0.000000,0.000000,0.000000,0.000000,0.000000,0.000000,0.000000,0.140000,0.020000
1777189220.735423,0,0.000000,0.000000,0.000000,0.000000,0.000000,0.000000,0.000000,0.000000,0.140000,0.020000
1777189220.736151,0,0.000000,0.000000,0.000000,0.000000,0.000000,0.000000,0.000000,0.000000,0.000000,0.000000
1777189220.736514,0,0.000000,0.000000,0.000000,0.000000,0.000000,0.000000,0.000000,0.000000,0.000000,0.000000
1777189220.766473,0,0.000000,0.000000,0.000000,0.000000,0.000000,0.000000,0.000000,0.000000,0.070000,0.020000
1777189220.826030,0,0.000000,0.000000,0.000000,0.000000,0.000000,0.000000,0.000000,0.000000,0.140000,0.000000
1777189220.826475,0,0.000000,0.000000,0.000000,0.000000,0.000000,0.000000,0.000000,0.000000,0.140000,0.000000
1777189220.826805,0,0.000000,0.000000,0.000000,0.000000,0.000000,0.000000,0.000000,0.000000,0.000000,0.000000
1777189220.827114,0,0.000000,0.000000,0.000000,0.000000,0.000000,0.000000,0.000000,0.000000,0.070000,0.000000
1777189220.827789,0,0.000000,0.000000,0.000000,0.000000,0.000000,0.000000,0.000000,0.000000,0.140000,0.000000
1777189220.828258,0,0.000000,0.000000,0.000000,0.000000,0.000000,0.000000,0.000000,0.000000,0.000000,0.100000
1777189220.859478,0,0.000000,0.000000,0.000000,0.000000,0.000000,0.000000,0.000000,0.000000,0.140000,0.000000
1777189220.919838,0,0.000000,0.000000,0.000000,0.000000,0.000000,0.000000,0.000000,0.000000,0.070000,0.000000
1777189220.920348,0,0.000000,0.000000,0.000000,0.000000,0.000000,0.000000,0.000000,0.000000,0.070000,0.020000
1777189220.920721,0,0.000000,0.000000,0.000000,0.000000,0.000000,0.000000,0.000000,0.000000,0.000000,0.000000
1777189220.921052,0,0.000000,0.000000,0.000000,0.000000,0.000000,0.000000,0.000000,0.000000,0.140000,0.000000
1777189220.921998,0,0.000000,0.000000,0.000000,0.000000,0.000000,0.000000,0.000000,0.000000,0.140000,0.000000
1777189220.922405,0,0.000000,0.000000,0.000000,0.000000,0.000000,0.000000,0.000000,0.000000,0.070000,0.020000
1777189220.983727,0,0.000000,0.000000,0.000000,0.000000,0.000000,0.000000,0.000000,0.000000,0.000000,0.000000
1777189220.984470,0,0.000000,0.000000,0.000000,0.000000,0.000000,0.000000,0.000000,0.000000,0.000000,0.000000
1777189220.984842,0,0.000000,0.000000,0.000000,0.000000,0.000000,0.000000,0.000000,0.000000,0.000000,0.020000
1777189221.036200,0,0.000000,0.000000,0.000000,0.000000,0.000000,0.000000,0.000000,0.000000,0.000000,0.020000
1777189221.036640,0,0.000000,0.000000,0.000000,0.000000,0.000000,0.000000,0.000000,0.000000,0.070000,0.000000
1777189221.037117,0,0.000000,0.000000,0.000000,0.000000,0.000000,0.000000,0.000000,0.000000,0.000000,0.020000
1777189221.089932,0,0.000000,0.000000,0.000000,0.000000,0.000000,0.000000,0.000000,0.000000,0.140000,0.000000
1777189221.090404,0,0.000000,0.000000,0.000000,0.000000,0.000000,0.000000,0.000000,0.000000,0.850000,0.000000
1777189221.090761,0,0.000000,0.000000,0.000000,0.000000,0.000000,0.000000,0.000000,0.000000,0.070000,0.020000
1777189221.144608,0,0.000000,0.000000,0.000000,0.000000,0.000000,0.000000,0.000000,0.000000,0.070000,0.000000
1777189221.145144,0,0.000000,0.000000,0.000000,0.000000,0.000000,0.000000,0.000000,0.000000,0.000000,0.000000
1777189221.145509,0,0.000000,0.000000,0.000000,0.000000,0.000000,0.000000,0.000000,0.000000,0.000000,0.020000
1777189221.146016,0,0.000000,0.000000,0.000000,0.000000,0.000000,0.000000,0.000000,0.000000,0.000000,0.020000
1777189221.146369,0,0.000000,0.000000,0.000000,0.000000,0.000000,0.000000,0.000000,0.000000,0.140000,0.000000
1777189221.202641,0,0.000000,0.000000,0.000000,0.000000,0.000000,0.000000,0.000000,0.000000,0.140000,0.000000
1777189221.203115,0,0.000000,0.000000,0.000000,0.000000,0.000000,0.000000,0.000000,0.000000,0.070000,0.000000
1777189221.203624,0,0.000000,0.000000,0.000000,0.000000,0.000000,0.000000,0.000000,0.000000,0.000000,0.070000
1777189221.203979,0,0.000000,0.000000,0.000000,0.000000,0.000000,0.000000,0.000000,0.000000,0.140000,0.000000
1777189221.258351,0,0.000000,0.000000,0.000000,0.000000,0.000000,0.000000,0.000000,0.000000,0.140000,0.000000
1777189221.258811,0,0.000000,0.000000,0.000000,0.000000,0.000000,0.000000,0.000000,0.000000,0.000000,0.000000
1777189221.259789,0,0.000000,0.000000,0.000000,0.000000,0.000000,0.000000,0.000000,0.000000,0.000000,0.100000
1777189221.260305,0,0.000000,0.000000,0.000000,0.000000,0.000000,0.000000,0.000000,0.000000,0.000000,0.000000
1777189221.319758,0,0.000000,0.000000,0.000000,0.000000,0.000000,0.000000,0.000000,0.000000,0.000000,0.020000
1777189221.321080,0,0.000000,0.000000,0.000000,0.000000,0.000000,0.000000,0.000000,0.000000,0.000000,0.070000
1777189221.321517,0,0.000000,0.000000,0.000000,0.000000,0.000000,0.000000,0.000000,0.000000,0.000000,0.000000
1777189221.378486,0,0.000000,0.000000,0.000000,0.000000,0.000000,0.000000,0.000000,0.000000,0.000000,0.000000
1777189221.379818,0,0.000000,0.000000,0.000000,0.000000,0.000000,0.000000,0.000000,0.000000,0.280000,0.000000
1777189221.380202,0,0.000000,0.000000,0.000000,0.000000,0.000000,0.000000,0.000000,0.000000,0.000000,0.000000
1777189221.380534,0,0.000000,0.000000,0.000000,0.000000,0.000000,0.000000,0.000000,0.000000,0.070000,0.000000
1777189221.429228,0,0.000000,0.000000,0.000000,0.000000,0.000000,0.000000,0.000000,0.000000,0.200000,0.020000
1777189221.429698,0,0.000000,0.000000,0.000000,0.000000,0.000000,0.000000,0.000000,0.000000,0.000000,0.000000
1777189221.446303,0,0.000000,0.000000,0.000000,0.000000,0.000000,0.000000,0.000000,0.000000,0.070000,0.000000
1777189221.447090,0,0.000000,0.000000,0.000000,0.000000,0.000000,0.000000,0.000000,0.000000,0.070000,0.000000
1777189221.467015,0,0.000000,0.000000,0.000000,0.000000,0.000000,0.000000,0.000000,0.000000,0.140000,0.000000
1777189221.491552,0,0.000000,0.000000,0.000000,0.000000,0.000000,0.000000,0.000000,0.000000,0.000000,0.020000
1777189221.493533,0,0.000000,0.000000,0.000000,0.000000,0.000000,0.000000,0.000000,0.000000,0.000000,0.020000
1777189221.505144,0,0.000000,0.000000,0.000000,0.000000,0.000000,0.000000,0.000000,0.000000,0.070000,0.140000
1777189221.507447,0,0.000000,0.000000,0.000000,0.000000,0.000000,0.000000,0.000000,0.000000,0.070000,0.000000
1777189221.521190,0,0.000000,0.000000,0.000000,0.000000,0.000000,0.000000,0.000000,0.000000,0.000000,0.000000
1777189221.552802,0,0.000000,0.000000,0.000000,0.000000,0.000000,0.000000,0.000000,0.000000,0.000000,0.000000
1777189221.556277,0,0.000000,0.000000,0.000000,0.000000,0.000000,0.000000,0.000000,0.000000,0.000000,0.020000
1777189221.566159,0,0.000000,0.000000,0.000000,0.000000,0.000000,0.000000,0.000000,0.000000,0.000000,0.020000
1777189221.597627,0,0.000000,0.000000,0.000000,0.000000,0.000000,0.000000,0.000000,0.000000,0.000000,0.070000
1777189221.599018,0,0.000000,0.000000,0.000000,0.000000,0.000000,0.000000,0.000000,0.000000,0.070000,0.070000
1777189221.617102,0,0.000000,0.000000,0.000000,0.000000,0.000000,0.000000,0.000000,0.000000,0.000000,0.020000
1777189221.625110,0,0.000000,0.000000,0.000000,0.000000,0.000000,0.000000,0.000000,0.000000,0.000000,0.000000
1777189221.656062,0,0.000000,0.000000,0.000000,0.000000,0.000000,0.000000,0.000000,0.000000,0.070000,0.000000
1777189221.657058,0,0.000000,0.000000,0.000000,0.000000,0.000000,0.000000,0.000000,0.000000,0.000000,0.000000
1777189221.678452,0,0.000000,0.000000,0.000000,0.000000,0.000000,0.000000,0.000000,0.000000,0.000000,0.000000
1777189221.685664,0,0.000000,0.000000,0.000000,0.000000,0.000000,0.000000,0.000000,0.000000,0.200000,0.000000
1777189221.701346,0,0.000000,0.000000,0.000000,0.000000,0.000000,0.000000,0.000000,0.000000,0.070000,0.000000
1777189221.734255,0,0.000000,0.000000,0.000000,0.000000,0.000000,0.000000,0.000000,0.000000,0.070000,0.070000
1777189221.746031,0,0.000000,0.000000,0.000000,0.000000,0.000000,0.000000,0.000000,0.000000,0.000000,0.000000
1777189221.754519,0,0.000000,0.000000,0.000000,0.000000,0.000000,0.000000,0.000000,0.000000,0.000000,0.000000
1777189221.762309,0,0.000000,0.000000,0.000000,0.000000,0.000000,0.000000,0.000000,0.000000,0.000000,0.100000
1777189221.779086,0,0.000000,0.000000,0.000000,0.000000,0.000000,0.000000,0.000000,0.000000,0.140000,0.000000
1777189221.804040,0,0.000000,0.000000,0.000000,0.000000,0.000000,0.000000,0.000000,0.000000,0.070000,0.000000
1777189221.805418,0,0.000000,0.000000,0.000000,0.000000,0.000000,0.000000,0.000000,0.000000,0.070000,0.000000
1777189221.821446,0,0.000000,0.000000,0.000000,0.000000,0.000000,0.000000,0.000000,0.000000,0.140000,0.020000
1777189221.852475,0,0.000000,0.000000,0.000000,0.000000,0.000000,0.000000,0.000000,0.000000,0.000000,0.000000
1777189221.874319,0,0.000000,0.000000,0.000000,0.000000,0.000000,0.000000,0.000000,0.000000,0.000000,0.000000
1777189221.876704,0,0.000000,0.000000,0.000000,0.000000,0.000000,0.000000,0.000000,0.000000,0.000000,0.000000
1777189221.888118,0,0.000000,0.000000,0.000000,0.000000,0.000000,0.000000,0.000000,0.000000,0.000000,0.020000
1777189221.897203,0,0.000000,0.000000,0.000000,0.000000,0.000000,0.000000,0.000000,0.000000,0.000000,0.000000
1777189221.919959,0,0.000000,0.000000,0.000000,0.000000,0.000000,0.000000,0.000000,0.000000,0.070000,0.000000
1777189221.935115,0,0.000000,0.000000,0.000000,0.000000,0.000000,0.000000,0.000000,0.000000,0.000000,0.000000
1777189221.949967,0,0.000000,0.000000,0.000000,0.000000,0.000000,0.000000,0.000000,0.000000,0.000000,0.000000
1777189221.964927,0,0.000000,0.000000,0.000000,0.000000,0.000000,0.000000,0.000000,0.000000,0.000000,0.020000
1777189221.995503,0,0.000000,0.000000,0.000000,0.000000,0.000000,0.000000,0.000000,0.000000,0.000000,0.000000
1777189222.001067,0,0.000000,0.000000,0.000000,0.000000,0.000000,0.000000,0.000000,0.000000,0.000000,0.000000
1777189222.003561,0,0.000000,0.000000,0.000000,0.000000,0.000000,0.000000,0.000000,0.000000,0.070000,0.000000
1777189222.031593,0,0.000000,0.000000,0.000000,0.000000,0.000000,0.000000,0.000000,0.000000,0.070000,0.000000
1777189222.038785,0,0.000000,0.000000,0.000000,0.000000,0.000000,0.000000,0.000000,0.000000,0.140000,0.000000
1777189222.063271,0,0.000000,0.000000,0.000000,0.000000,0.000000,0.000000,0.000000,0.000000,0.140000,0.020000
1777189222.064679,0,0.000000,0.000000,0.000000,0.000000,0.000000,0.000000,0.000000,0.000000,0.140000,0.020000
1777189222.077089,0,0.000000,0.000000,0.000000,0.000000,0.000000,0.000000,0.000000,0.000000,0.000000,0.000000
1777189222.092897,0,0.000000,0.000000,0.000000,0.000000,0.000000,0.000000,0.000000,0.000000,0.140000,0.070000
1777189222.107910,0,0.000000,0.000000,0.000000,0.000000,0.000000,0.000000,0.000000,0.000000,0.000000,0.000000
1777189222.143049,0,0.000000,0.000000,0.000000,0.000000,0.000000,0.000000,0.000000,0.000000,0.070000,0.000000
1777189222.144390,0,0.000000,0.000000,0.000000,0.000000,0.000000,0.000000,0.000000,0.000000,0.070000,0.020000
1777189222.167704,0,0.000000,0.000000,0.000000,0.000000,0.000000,0.000000,0.000000,0.000000,0.070000,0.020000
1777189222.168956,0,0.000000,0.000000,0.000000,0.000000,0.000000,0.000000,0.000000,0.000000,0.070000,0.000000
1777189222.195612,0,0.000000,0.000000,0.000000,0.000000,0.000000,0.000000,0.000000,0.000000,0.000000,0.000000
1777189222.197575,0,0.000000,0.000000,0.000000,0.000000,0.000000,0.000000,0.000000,0.000000,0.000000,0.000000
1777189222.219081,0,0.000000,0.000000,0.000000,0.000000,0.000000,0.000000,0.000000,0.000000,0.000000,0.000000
1777189222.241824,0,0.000000,0.000000,0.000000,0.000000,0.000000,0.000000,0.000000,0.000000,0.000000,0.000000
1777189222.247860,0,0.000000,0.000000,0.000000,0.000000,0.000000,0.000000,0.000000,0.000000,0.000000,0.000000
1777189222.256623,0,0.000000,0.000000,0.000000,0.000000,0.000000,0.000000,0.000000,0.000000,0.000000,0.000000
1777189222.272489,0,0.000000,0.000000,0.000000,0.000000,0.000000,0.000000,0.000000,0.000000,0.000000,0.000000
1777189222.295927,0,0.000000,0.000000,0.000000,0.000000,0.000000,0.000000,0.000000,0.000000,0.000000,0.020000
1777189222.310081,0,0.000000,0.000000,0.000000,0.000000,0.000000,0.000000,0.000000,0.000000,0.140000,0.070000
1777189222.325971,0,0.000000,0.000000,0.000000,0.000000,0.000000,0.000000,0.000000,0.000000,0.140000,0.000000
1777189222.330994,0,0.000000,0.000000,0.000000,0.000000,0.000000,0.000000,0.000000,0.000000,0.070000,0.000000
1777189222.347599,0,0.000000,0.000000,0.000000,0.000000,0.000000,0.000000,0.000000,0.000000,0.000000,0.000000
1777189222.362861,0,0.000000,0.000000,0.000000,0.000000,0.000000,0.000000,0.000000,0.000000,0.200000,0.000000
1777189222.391804,0,0.000000,0.000000,0.000000,0.000000,0.000000,0.000000,0.000000,0.000000,0.070000,0.020000
1777189222.399755,0,0.000000,0.000000,0.000000,0.000000,0.000000,0.000000,0.000000,0.000000,0.070000,0.000000
1777189222.420386,0,0.000000,0.000000,0.000000,0.000000,0.000000,0.000000,0.000000,0.000000,0.000000,0.000000
1777189222.437465,0,0.000000,0.000000,0.000000,0.000000,0.000000,0.000000,0.000000,0.000000,0.140000,0.020000
1777189222.444638,0,0.000000,0.000000,0.000000,0.000000,0.000000,0.000000,0.000000,0.000000,0.000000,0.070000
1777189222.451107,0,0.000000,0.000000,0.000000,0.000000,0.000000,0.000000,0.000000,0.000000,0.000000,0.000000
1777189222.466966,0,0.000000,0.000000,0.000000,0.000000,0.000000,0.000000,0.000000,0.000000,0.200000,0.000000
1777189222.497379,0,0.000000,0.000000,0.000000,0.000000,0.000000,0.000000,0.000000,0.000000,0.000000,0.020000
1777189222.504419,0,0.000000,0.000000,0.000000,0.000000,0.000000,0.000000,0.000000,0.000000,0.000000,0.020000
1777189222.520834,0,0.000000,0.000000,0.000000,0.000000,0.000000,0.000000,0.000000,0.000000,0.140000,0.000000
1777189222.541566,0,0.000000,0.000000,0.000000,0.000000,0.000000,0.000000,0.000000,0.000000,0.140000,0.000000
1777189222.548720,0,0.000000,0.000000,0.000000,0.000000,0.000000,0.000000,0.000000,0.000000,0.070000,0.000000
1777189222.564847,0,0.000000,0.000000,0.000000,0.000000,0.000000,0.000000,0.000000,0.000000,0.140000,0.180000
1777189222.579885,0,0.000000,0.000000,0.000000,0.000000,0.000000,0.000000,0.000000,0.000000,0.000000,0.000000
1777189222.602661,0,0.000000,0.000000,0.000000,0.000000,0.000000,0.000000,0.000000,0.000000,0.140000,0.020000
1777189222.616619,0,0.000000,0.000000,0.000000,0.000000,0.000000,0.000000,0.000000,0.000000,0.070000,0.000000
1777189222.622814,0,0.000000,0.000000,0.000000,0.000000,0.000000,0.000000,0.000000,0.000000,0.070000,0.140000
1777189222.653807,0,0.000000,0.000000,0.000000,0.000000,0.000000,0.000000,0.000000,0.000000,0.000000,0.000000
1777189222.654854,0,0.000000,0.000000,0.000000,0.000000,0.000000,0.000000,0.000000,0.000000,0.140000,0.020000
1777189222.683316,0,0.000000,0.000000,0.000000,0.000000,0.000000,0.000000,0.000000,0.000000,0.000000,0.020000
1777189222.690665,0,0.000000,0.000000,0.000000,0.000000,0.000000,0.000000,0.000000,0.000000,0.140000,0.020000
1777189222.705948,0,0.000000,0.000000,0.000000,0.000000,0.000000,0.000000,0.000000,0.000000,0.070000,0.000000
1777189222.788903,0,0.000000,0.000000,0.000000,0.000000,0.000000,0.000000,0.000000,0.000000,0.000000,0.000000
1777189222.789366,0,0.000000,0.000000,0.000000,0.000000,0.000000,0.000000,0.000000,0.000000,0.140000,0.020000
1777189222.789729,0,0.000000,0.000000,0.000000,0.000000,0.000000,0.000000,0.000000,0.000000,0.070000,0.000000
1777189222.790421,0,0.000000,0.000000,0.000000,0.000000,0.000000,0.000000,0.000000,0.000000,0.070000,0.100000
1777189222.790890,0,0.000000,0.000000,0.000000,0.000000,0.000000,0.000000,0.000000,0.000000,0.000000,0.000000
1777189222.791287,0,0.000000,0.000000,0.000000,0.000000,0.000000,0.000000,0.000000,0.000000,0.070000,0.000000
1777189222.845712,0,0.000000,0.000000,0.000000,0.000000,0.000000,0.000000,0.000000,0.000000,0.000000,0.020000
1777189222.875343,0,0.000000,0.000000,0.000000,1.000000,0.000000,0.000000,0.000000,0.000000,0.000000,0.020000
1777189222.906556,0,0.000000,0.000000,0.000000,1.000000,0.000000,0.000000,0.000000,0.000000,0.000000,0.000000
1777189222.937583,0,0.000000,0.000000,0.000000,1.000000,0.000000,0.000000,0.000000,0.000000,0.000000,0.000000
1777189222.938094,0,0.000000,0.000000,0.000000,1.000000,0.000000,0.000000,0.000000,0.000000,0.070000,0.000000
1777189222.938477,0,0.000000,0.000000,0.000000,1.000000,0.000000,0.000000,0.000000,0.000000,0.280000,0.000000
1777189222.969514,0,0.000000,0.000000,0.000000,1.000000,0.000000,0.000000,0.000000,0.000000,0.000000,0.180000
1777189222.970001,0,0.000000,0.000000,0.000000,1.000000,0.000000,0.000000,0.000000,0.000000,0.070000,0.000000
1777189223.001065,0,0.000000,0.000000,0.000000,1.000000,0.000000,0.000000,0.000000,0.000000,0.000000,0.000000
1777189223.001549,0,0.000000,0.000000,0.000000,1.000000,0.000000,0.000000,0.000000,0.000000,0.000000,0.000000
1777189223.032531,0,0.000000,0.000000,0.000000,1.000000,0.000000,0.000000,0.000000,0.000000,0.000000,0.000000
1777189223.033017,0,0.000000,0.000000,0.000000,1.000000,0.000000,0.000000,0.000000,0.000000,0.070000,0.000000
1777189223.033886,0,0.000000,0.000000,0.000000,1.000000,0.000000,0.000000,0.000000,0.000000,0.000000,0.000000
1777189223.065363,0,0.000000,0.000000,0.000000,1.000000,0.000000,0.000000,0.000000,0.000000,0.200000,0.000000
1777189223.066110,0,0.000000,0.000000,0.000000,1.000000,0.000000,0.000000,0.000000,0.000000,0.000000,0.020000
1777189223.097311,0,0.000000,0.000000,0.000000,1.000000,0.000000,0.000000,0.000000,0.000000,0.000000,0.000000
1777189223.097809,0,0.000000,0.000000,0.000000,1.000000,0.000000,0.000000,0.000000,0.000000,0.000000,0.070000
1777189223.128330,0,0.000000,0.000000,0.000000,1.000000,0.000000,0.000000,0.000000,0.000000,0.000000,0.000000
1777189223.128821,0,0.000000,0.000000,0.000000,1.000000,0.000000,0.000000,0.000000,0.000000,0.000000,0.140000
1777189223.186727,0,0.000000,0.000000,0.000000,1.000000,0.000000,0.000000,0.000000,0.000000,0.070000,0.000000
1777189223.187254,0,0.000000,0.000000,0.000000,1.000000,0.000000,0.000000,0.000000,0.000000,0.070000,0.000000
1777189223.187648,0,0.000000,0.000000,0.000000,1.000000,0.000000,0.000000,0.000000,0.000000,0.140000,0.000000
1777189223.188179,0,0.000000,0.000000,0.000000,1.000000,0.000000,0.000000,0.000000,0.000000,0.000000,0.000000
1777189223.188562,0,0.000000,0.000000,0.000000,1.000000,0.000000,0.000000,0.000000,0.000000,0.000000,0.000000
1777189223.188926,0,0.000000,0.000000,0.000000,1.000000,0.000000,0.000000,0.000000,0.000000,0.070000,0.000000
1777189223.246935,0,0.000000,0.000000,0.000000,1.000000,0.000000,0.000000,0.000000,0.000000,0.000000,0.000000
1777189223.247437,0,0.000000,0.000000,0.000000,1.000000,0.000000,0.000000,0.000000,0.000000,0.000000,0.000000
1777189223.248072,0,0.000000,0.000000,0.000000,1.000000,0.000000,0.000000,0.000000,0.000000,0.000000,0.000000
1777189223.248480,0,0.000000,0.000000,0.000000,1.000000,0.000000,0.000000,0.000000,0.000000,0.070000,0.000000
1777189223.305931,0,0.000000,0.000000,0.000000,1.000000,0.000000,0.000000,0.000000,0.000000,0.000000,0.020000
1777189223.306406,0,0.000000,0.000000,0.000000,1.000000,0.000000,0.000000,0.000000,0.000000,0.000000,0.000000
1777189223.307343,0,0.000000,0.000000,0.000000,1.000000,0.000000,0.000000,0.000000,0.000000,0.000000,0.000000
1777189223.307741,0,0.000000,0.000000,0.000000,1.000000,0.000000,0.000000,0.000000,0.000000,0.770000,0.020000
1777189223.365180,0,0.000000,0.000000,0.000000,1.000000,0.000000,0.000000,0.000000,0.000000,0.000000,0.020000
1777189223.366309,0,0.000000,0.000000,0.000000,1.000000,0.000000,0.000000,0.000000,0.000000,0.000000,0.000000
1777189223.366724,0,0.000000,0.000000,0.000000,1.000000,0.000000,0.000000,0.000000,0.000000,0.140000,0.020000
1777189223.424385,0,0.000000,0.000000,0.000000,1.000000,0.000000,0.000000,0.000000,0.000000,0.000000,0.100000
1777189223.424884,0,0.000000,0.000000,0.000000,1.000000,0.000000,0.000000,0.000000,0.000000,0.000000,0.100000
1777189223.425276,0,0.000000,0.000000,0.000000,1.000000,0.000000,0.000000,0.000000,0.000000,0.000000,0.070000
1777189223.484192,0,0.000000,0.000000,0.000000,1.000000,0.000000,0.000000,0.000000,0.000000,0.000000,0.020000
1777189223.484737,0,0.000000,0.000000,0.000000,1.000000,0.000000,0.000000,0.000000,0.000000,0.000000,0.000000
1777189223.485674,0,0.000000,0.000000,0.000000,1.000000,0.000000,0.000000,0.000000,0.000000,0.000000,0.000000
1777189223.486082,0,0.000000,0.000000,0.000000,1.000000,0.000000,0.000000,0.000000,0.000000,0.140000,0.020000
1777189223.486470,0,0.000000,0.000000,0.000000,1.000000,0.000000,0.000000,0.000000,0.000000,0.070000,0.020000
1777189223.546420,0,0.000000,0.000000,0.000000,1.000000,0.000000,0.000000,0.000000,0.000000,0.140000,0.000000
1777189223.547337,0,0.000000,0.000000,0.000000,1.000000,0.000000,0.000000,0.000000,0.000000,0.070000,0.000000
1777189223.547811,0,0.000000,0.000000,0.000000,1.000000,0.000000,0.000000,0.000000,0.000000,0.070000,0.000000
1777189223.607686,0,0.000000,0.000000,0.000000,1.000000,0.000000,0.000000,0.000000,0.000000,0.000000,0.020000
1777189223.608250,0,0.000000,0.000000,0.000000,1.000000,0.000000,0.000000,0.000000,0.000000,0.000000,0.000000
1777189223.609159,0,0.000000,0.000000,0.000000,1.000000,0.000000,0.000000,0.000000,0.000000,0.000000,0.000000
1777189223.674099,0,0.000000,0.000000,0.000000,1.000000,0.000000,0.000000,0.000000,0.000000,0.000000,0.180000
1777189223.674620,0,0.000000,0.000000,0.000000,1.000000,0.000000,0.000000,0.000000,0.000000,0.000000,0.000000
1777189223.675025,0,0.000000,0.000000,0.000000,1.000000,0.000000,0.000000,0.000000,0.000000,0.000000,0.000000
1777189223.675394,0,0.000000,0.000000,0.000000,1.000000,0.000000,0.000000,0.000000,0.000000,0.140000,0.000000
1777189223.675780,0,0.000000,0.000000,0.000000,1.000000,0.000000,0.000000,0.000000,0.000000,0.070000,0.000000
1777189223.676800,0,0.000000,0.000000,0.000000,1.000000,0.000000,0.000000,0.000000,0.000000,0.000000,0.000000
1777189223.737626,0,0.000000,0.000000,0.000000,1.000000,0.000000,0.000000,0.000000,0.000000,0.000000,0.020000
1777189223.738326,0,0.000000,0.000000,0.000000,1.000000,0.000000,0.000000,0.000000,0.000000,0.070000,0.000000
1777189223.738760,0,0.000000,0.000000,0.000000,1.000000,0.000000,0.000000,0.000000,0.000000,0.070000,0.000000
1777189223.739144,0,0.000000,0.000000,0.000000,1.000000,0.000000,0.000000,0.000000,0.000000,0.070000,0.000000
1777189223.800871,0,0.000000,0.000000,0.000000,1.000000,0.000000,0.000000,0.000000,0.000000,0.140000,0.000000
1777189223.801385,0,0.000000,0.000000,0.000000,1.000000,0.000000,0.000000,0.000000,0.000000,0.000000,0.000000
1777189223.801782,0,0.000000,0.000000,0.000000,1.000000,0.000000,0.000000,0.000000,0.000000,0.000000,0.000000
1777189223.802746,0,0.000000,0.000000,0.000000,1.000000,0.000000,0.000000,0.000000,0.000000,0.000000,0.000000
1777189223.867932,0,0.000000,0.000000,0.000000,1.000000,0.000000,0.000000,0.000000,0.000000,0.000000,0.000000
1777189223.868448,0,0.000000,0.000000,0.000000,1.000000,0.000000,0.000000,0.000000,0.000000,0.000000,0.000000
1777189223.929307,0,0.000000,0.000000,0.000000,1.000000,0.000000,0.000000,0.000000,0.000000,0.000000,0.000000
1777189223.991323,0,0.000000,0.000000,0.000000,1.000000,0.000000,0.000000,0.000000,0.000000,0.000000,0.000000
1777189223.991832,0,0.000000,0.000000,0.000000,1.000000,0.000000,0.000000,0.000000,0.000000,0.070000,0.000000
1777189223.992231,0,0.000000,0.000000,0.000000,1.000000,0.000000,0.000000,0.000000,0.000000,0.070000,0.000000
1777189223.992605,0,0.000000,0.000000,0.000000,1.000000,0.000000,0.000000,0.000000,0.000000,0.000000,0.020000
1777189223.993735,0,0.000000,0.000000,0.000000,1.000000,0.000000,0.000000,0.000000,0.000000,0.000000,0.000000
1777189224.027116,0,0.000000,0.000000,0.000000,1.000000,0.000000,0.000000,0.000000,0.000000,0.070000,0.000000
1777189224.060268,0,0.000000,0.000000,0.000000,1.000000,0.000000,0.000000,0.000000,0.000000,0.000000,0.000000
1777189224.060796,0,0.000000,0.000000,0.000000,1.000000,0.000000,0.000000,0.000000,0.000000,0.000000,0.000000
1777189224.124442,0,0.000000,0.000000,0.000000,1.000000,0.000000,0.000000,0.000000,0.000000,0.070000,0.000000
1777189224.124954,0,0.000000,0.000000,0.000000,1.000000,0.000000,0.000000,0.000000,0.000000,0.070000,0.000000
1777189224.125373,0,0.000000,0.000000,0.000000,1.000000,0.000000,0.000000,0.000000,0.000000,0.140000,0.000000
1777189224.125762,0,0.000000,0.000000,0.000000,1.000000,0.000000,0.000000,0.000000,0.000000,0.070000,0.020000
1777189224.126130,0,0.000000,0.000000,0.000000,1.000000,0.000000,0.000000,0.000000,0.000000,0.000000,0.500000
1777189224.127143,0,0.000000,0.000000,0.000000,1.000000,0.000000,0.000000,0.000000,0.000000,0.140000,0.000000
1777189224.127635,0,0.000000,0.000000,0.000000,1.000000,0.000000,0.000000,0.000000,0.000000,0.000000,0.020000
1777189224.128031,0,0.000000,0.000000,0.000000,1.000000,0.000000,0.000000,0.000000,0.000000,0.070000,0.000000
1777189224.192758,0,0.000000,0.000000,0.000000,1.000000,0.000000,0.000000,0.000000,0.000000,0.000000,0.000000
1777189224.193305,0,0.000000,0.000000,0.000000,1.000000,0.000000,0.000000,0.000000,0.000000,0.000000,0.000000
1777189224.194620,0,0.000000,0.000000,0.000000,1.000000,0.000000,0.000000,0.000000,0.000000,0.140000,0.000000
1777189224.195061,0,0.000000,0.000000,0.000000,1.000000,0.000000,0.000000,0.000000,0.000000,0.000000,0.000000
1777189224.258264,0,0.000000,0.000000,0.000000,1.000000,0.000000,0.000000,0.000000,0.000000,0.070000,0.020000
1777189224.258773,0,0.000000,0.000000,0.000000,1.000000,0.000000,0.000000,0.000000,0.000000,0.070000,0.020000
1777189224.259828,0,0.000000,0.000000,0.000000,1.000000,0.000000,0.000000,0.000000,0.000000,0.070000,0.020000
1777189224.260283,0,0.000000,0.000000,0.000000,1.000000,0.000000,0.000000,0.000000,0.000000,0.140000,0.000000
1777189224.324615,0,0.000000,0.000000,0.000000,1.000000,0.000000,0.000000,0.000000,0.000000,0.000000,0.000000
1777189224.325124,0,0.000000,0.000000,0.000000,1.000000,0.000000,0.000000,0.000000,0.000000,0.140000,0.000000
1777189224.326143,0,0.000000,0.000000,0.000000,1.000000,0.000000,0.000000,0.000000,0.000000,0.070000,0.020000
1777189224.326619,0,0.000000,0.000000,0.000000,1.000000,0.000000,0.000000,0.000000,0.000000,0.000000,0.000000
1777189224.389882,0,0.000000,0.000000,0.000000,1.000000,0.000000,0.000000,0.000000,0.000000,0.070000,0.000000
1777189224.390396,0,0.000000,0.000000,0.000000,1.000000,0.000000,0.000000,0.000000,0.000000,0.000000,0.020000
1777189224.390798,0,0.000000,0.000000,0.000000,1.000000,0.000000,0.000000,0.000000,0.000000,0.070000,0.000000
1777189224.391836,0,0.000000,0.000000,0.000000,1.000000,0.000000,0.000000,0.000000,0.000000,0.000000,0.000000
1777189224.420059,0,0.000000,0.000000,0.000000,1.000000,0.000000,0.000000,0.000000,0.000000,0.000000,0.000000
1777189224.448800,0,0.000000,0.000000,0.000000,1.000000,0.000000,0.000000,0.000000,0.000000,0.070000,0.000000
1777189224.449292,0,0.000000,0.000000,0.000000,1.000000,0.000000,0.000000,0.000000,0.000000,0.070000,0.000000
1777189224.479253,0,0.000000,0.000000,0.000000,1.000000,0.000000,0.000000,0.000000,0.000000,0.000000,0.000000
1777189224.479744,0,0.000000,0.000000,0.000000,1.000000,0.000000,0.000000,0.000000,0.000000,0.000000,0.000000
1777189224.509228,0,0.000000,0.000000,0.000000,1.000000,0.000000,0.000000,0.000000,0.000000,0.070000,0.000000
1777189224.509743,0,0.000000,0.000000,0.000000,1.000000,0.000000,0.000000,0.000000,0.000000,0.070000,0.100000
1777189224.539958,0,0.000000,0.000000,0.000000,1.000000,0.000000,0.000000,0.000000,0.000000,0.140000,0.000000
1777189224.570648,0,0.000000,0.000000,0.000000,1.000000,0.000000,0.000000,0.000000,0.000000,0.000000,0.180000
1777189224.571156,0,0.000000,0.000000,0.000000,1.000000,0.000000,0.000000,0.000000,0.000000,0.000000,0.000000
1777189224.571553,0,0.000000,0.000000,0.000000,1.000000,0.000000,0.000000,0.000000,0.000000,0.000000,0.000000
1777189224.601994,0,0.000000,0.000000,0.000000,1.000000,0.000000,0.000000,0.000000,0.000000,0.000000,0.000000
1777189224.602616,0,0.000000,0.000000,0.000000,1.000000,0.000000,0.000000,0.000000,0.000000,0.000000,0.000000
1777189224.633866,0,0.000000,0.000000,0.000000,1.000000,0.000000,0.000000,0.000000,0.000000,0.000000,0.000000
1777189224.666087,0,0.000000,0.000000,0.000000,1.000000,0.000000,0.000000,0.000000,0.000000,0.000000,0.000000
1777189224.666664,0,0.000000,0.000000,0.000000,1.000000,0.000000,0.000000,0.000000,0.000000,0.000000,0.000000
1777189224.667088,0,0.000000,0.000000,0.000000,1.000000,0.000000,0.000000,0.000000,0.000000,0.070000,0.000000
1777189224.699841,0,0.000000,0.000000,0.000000,1.000000,0.000000,0.000000,0.000000,0.000000,0.070000,0.020000
1777189224.729929,0,0.000000,0.000000,0.000000,1.000000,0.000000,0.000000,0.000000,0.000000,0.000000,0.000000
1777189224.730445,0,0.000000,0.000000,0.000000,1.000000,0.000000,0.000000,0.000000,0.000000,0.140000,0.000000
1777189224.730848,0,0.000000,0.000000,0.000000,1.000000,0.000000,0.000000,0.000000,0.000000,0.070000,0.020000
1777189224.761392,0,0.000000,0.000000,0.000000,1.000000,0.000000,0.000000,0.000000,0.000000,0.200000,0.000000
1777189224.792436,0,0.000000,0.000000,0.000000,1.000000,0.000000,0.000000,0.000000,0.000000,0.070000,0.000000
1777189224.793472,0,0.000000,0.000000,0.000000,1.000000,0.000000,0.000000,0.000000,0.000000,0.000000,0.070000
1777189224.793916,0,0.000000,0.000000,0.000000,1.000000,0.000000,0.000000,0.000000,0.000000,0.140000,1.070000
1777189224.824051,0,0.000000,0.000000,0.000000,1.000000,0.000000,0.000000,0.000000,0.000000,0.000000,0.000000
1777189224.824568,0,0.000000,0.000000,0.000000,1.000000,0.000000,0.000000,0.000000,0.000000,0.000000,0.000000
1777189224.855220,0,0.000000,0.000000,0.000000,1.000000,0.000000,0.000000,0.000000,0.000000,0.070000,0.020000
1777189224.885684,0,0.000000,0.000000,0.000000,1.000000,0.000000,0.000000,0.000000,0.000000,0.000000,0.100000
1777189224.886208,0,0.000000,0.000000,0.000000,1.000000,0.000000,0.000000,0.000000,0.000000,0.070000,0.000000
1777189224.886808,0,0.000000,0.000000,0.000000,0.000000,0.000000,0.000000,0.000000,0.000000,0.000000,0.000000
1777189224.917162,0,0.000000,0.000000,0.000000,0.000000,0.000000,0.000000,0.000000,0.000000,0.000000,0.000000
1777189224.917795,0,0.000000,0.000000,0.000000,0.000000,0.000000,0.000000,0.000000,0.000000,0.070000,0.020000
1777189224.918279,0,0.000000,0.000000,0.000000,0.000000,0.000000,0.000000,0.000000,0.000000,0.000000,0.000000
1777189224.947752,0,0.000000,0.000000,0.000000,0.000000,0.000000,0.000000,0.000000,0.000000,0.000000,0.020000
1777189224.980281,0,0.000000,0.000000,0.000000,0.000000,0.000000,0.000000,0.000000,0.000000,0.000000,0.000000
1777189224.980818,0,0.000000,0.000000,0.000000,0.000000,0.000000,0.000000,0.000000,0.000000,0.000000,0.210000
1777189225.010661,0,0.000000,0.000000,0.000000,0.000000,0.000000,0.000000,0.000000,0.000000,0.070000,0.070000
1777189225.011166,0,0.000000,0.000000,0.000000,0.000000,0.000000,0.000000,0.000000,0.000000,0.000000,0.000000
1777189225.011570,0,0.000000,0.000000,0.000000,0.000000,0.000000,0.000000,0.000000,0.000000,0.000000,0.000000
1777189225.042529,0,0.000000,0.000000,0.000000,0.000000,0.000000,0.000000,0.000000,0.000000,0.000000,0.020000
1777189225.043031,0,0.000000,0.000000,0.000000,0.000000,0.000000,0.000000,0.000000,0.000000,0.070000,0.000000
1777189225.073451,0,0.000000,0.000000,0.000000,0.000000,0.000000,0.000000,0.000000,0.000000,0.140000,0.000000
1777189225.074143,0,0.000000,0.000000,0.000000,0.000000,0.000000,0.000000,0.000000,0.000000,0.000000,0.000000
1777189225.104202,0,0.000000,0.000000,0.000000,0.000000,0.000000,0.000000,0.000000,0.000000,0.000000,0.000000
1777189225.134251,0,0.000000,0.000000,0.000000,0.000000,0.000000,0.000000,0.000000,0.000000,0.000000,0.020000
1777189225.134767,0,0.000000,0.000000,0.000000,0.000000,0.000000,0.000000,0.000000,0.000000,0.000000,0.000000
1777189225.135156,0,0.000000,0.000000,0.000000,0.000000,0.000000,0.000000,0.000000,0.000000,0.340000,0.000000
1777189225.165454,0,0.000000,0.000000,0.000000,0.000000,0.000000,0.000000,0.000000,0.000000,0.000000,0.020000
1777189225.195578,0,0.000000,0.000000,0.000000,0.000000,0.000000,0.000000,0.000000,0.000000,0.140000,0.000000
1777189225.196085,0,0.000000,0.000000,0.000000,0.000000,0.000000,0.000000,0.000000,0.000000,0.000000,0.000000
1777189225.225583,0,0.000000,0.000000,0.000000,0.000000,0.000000,0.000000,0.000000,0.000000,0.000000,0.020000
1777189225.226092,0,0.000000,0.000000,0.000000,0.000000,0.000000,0.000000,0.000000,0.000000,0.000000,0.000000
1777189225.255761,0,0.000000,0.000000,0.000000,0.000000,0.000000,0.000000,0.000000,0.000000,0.000000,0.000000
1777189225.311996,0,0.000000,0.000000,0.000000,0.000000,0.000000,0.000000,0.000000,0.000000,0.070000,0.000000
1777189225.312526,0,0.000000,0.000000,0.000000,0.000000,0.000000,0.000000,0.000000,0.000000,0.000000,0.000000
1777189225.313087,0,0.000000,0.000000,0.000000,0.000000,0.000000,0.000000,0.000000,0.000000,0.000000,0.140000
1777189225.313492,0,0.000000,0.000000,0.000000,0.000000,0.000000,0.000000,0.000000,0.000000,0.000000,0.020000
1777189225.313885,0,0.000000,0.000000,0.000000,0.000000,0.000000,0.000000,0.000000,0.000000,0.000000,0.140000
1777189225.314320,0,0.000000,0.000000,0.000000,0.000000,0.000000,0.000000,0.000000,0.000000,0.000000,0.000000
1777189225.343685,0,0.000000,0.000000,0.000000,0.000000,0.000000,0.000000,0.000000,0.000000,0.000000,0.000000
1777189225.399168,0,0.000000,0.000000,0.000000,0.000000,0.000000,0.000000,0.000000,0.000000,0.000000,0.000000
1777189225.399679,0,0.000000,0.000000,0.000000,0.000000,0.000000,0.000000,0.000000,0.000000,0.070000,0.000000
1777189225.454827,0,0.000000,0.000000,0.000000,0.000000,0.000000,0.000000,0.000000,0.000000,0.070000,0.000000
1777189225.455351,0,0.000000,0.000000,0.000000,0.000000,0.000000,0.000000,0.000000,0.000000,0.000000,0.000000
1777189225.455752,0,0.000000,0.000000,0.000000,0.000000,0.000000,0.000000,0.000000,0.000000,0.000000,0.000000
1777189225.511448,0,0.000000,0.000000,0.000000,0.000000,0.000000,0.000000,0.000000,0.000000,0.000000,0.000000
1777189225.511994,0,0.000000,0.000000,0.000000,0.000000,0.000000,0.000000,0.000000,0.000000,0.000000,0.020000
1777189225.512626,0,0.000000,0.000000,0.000000,0.000000,0.000000,0.000000,0.000000,0.000000,0.000000,0.000000
1777189225.513083,0,0.000000,0.000000,0.000000,0.000000,0.000000,0.000000,0.000000,0.000000,0.070000,0.020000
1777189225.569154,0,0.000000,0.000000,0.000000,0.000000,0.000000,0.000000,0.000000,0.000000,0.000000,0.000000
1777189225.569717,0,0.000000,0.000000,0.000000,0.000000,0.000000,0.000000,0.000000,0.000000,0.000000,0.000000
1777189225.624569,0,0.000000,0.000000,0.000000,0.000000,0.000000,0.000000,0.000000,0.000000,0.000000,0.000000
1777189225.690062,0,0.000000,0.000000,0.000000,0.000000,0.000000,0.000000,0.000000,0.000000,0.000000,0.000000
1777189225.690944,0,0.000000,0.000000,0.000000,0.000000,0.000000,0.000000,0.000000,0.000000,0.000000,0.000000
1777189225.691388,0,0.000000,0.000000,0.000000,0.000000,0.000000,0.000000,0.000000,0.000000,0.000000,0.020000
1777189225.748213,0,0.000000,0.000000,0.000000,0.000000,0.000000,0.000000,0.000000,0.000000,0.000000,0.000000
1777189225.748746,0,0.000000,0.000000,0.000000,0.000000,0.000000,0.000000,0.000000,0.000000,0.000000,0.250000
1777189225.749332,0,0.000000,0.000000,0.000000,0.000000,0.000000,0.000000,0.000000,0.000000,0.000000,0.000000
1777189225.749747,0,0.000000,0.000000,0.000000,0.000000,0.000000,0.000000,0.000000,0.000000,0.070000,0.020000
1777189225.750140,0,0.000000,0.000000,0.000000,0.000000,0.000000,0.000000,0.000000,0.000000,0.000000,0.020000
1777189225.806014,0,0.000000,0.000000,0.000000,0.000000,0.000000,0.000000,0.000000,0.000000,0.000000,0.000000
1777189225.806542,0,0.000000,0.000000,0.000000,0.000000,0.000000,0.000000,0.000000,0.000000,0.070000,0.020000
1777189225.862808,0,0.000000,0.000000,0.000000,0.000000,0.000000,0.000000,0.000000,0.000000,0.000000,0.020000
1777189225.918188,0,0.000000,0.000000,0.000000,0.000000,0.000000,0.000000,0.000000,0.000000,0.000000,0.020000
1777189225.918709,0,0.000000,0.000000,0.000000,0.000000,0.000000,0.000000,0.000000,0.000000,0.000000,0.000000
1777189225.973543,0,0.000000,0.000000,0.000000,0.000000,0.000000,0.000000,0.000000,0.000000,0.070000,0.020000
1777189226.034970,0,0.000000,0.000000,0.000000,0.000000,0.000000,0.000000,0.000000,0.000000,0.000000,0.020000
1777189226.090822,0,0.000000,0.000000,0.000000,0.000000,0.000000,0.000000,0.000000,0.000000,0.000000,0.250000
1777189226.091342,0,0.000000,0.000000,0.000000,0.000000,0.000000,0.000000,0.000000,0.000000,0.070000,0.020000
1777189226.091741,0,0.000000,0.000000,0.000000,0.000000,0.000000,0.000000,0.000000,0.000000,0.000000,0.000000
1777189226.092117,0,0.000000,0.000000,0.000000,0.000000,0.000000,0.000000,0.000000,0.000000,0.000000,0.000000
1777189226.092485,0,0.000000,0.000000,0.000000,0.000000,0.000000,0.000000,0.000000,0.000000,0.070000,0.020000
1777189226.148066,0,0.000000,0.000000,0.000000,0.000000,0.000000,0.000000,0.000000,0.000000,0.070000,0.020000
1777189226.203135,0,0.000000,0.000000,0.000000,0.000000,0.000000,0.000000,0.000000,0.000000,0.000000,0.100000
1777189226.259026,0,0.000000,0.000000,0.000000,0.000000,0.000000,0.000000,0.000000,0.000000,0.000000,0.000000
1777189226.259591,0,0.000000,0.000000,0.000000,0.000000,0.000000,0.000000,0.000000,0.000000,0.000000,0.070000
1777189226.260090,0,0.000000,0.000000,0.000000,0.000000,0.000000,0.000000,0.000000,0.000000,0.000000,0.020000
1777189226.260504,0,0.000000,0.000000,0.000000,0.000000,0.000000,0.000000,0.000000,0.000000,0.000000,0.020000
1777189226.351286,0,0.000000,0.000000,0.000000,0.000000,0.000000,0.000000,0.000000,0.000000,0.070000,0.000000
1777189226.410761,0,0.000000,0.000000,0.000000,0.000000,0.000000,0.000000,0.000000,0.000000,0.000000,0.000000
1777189226.468415,0,0.000000,0.000000,0.000000,0.000000,0.000000,0.000000,0.000000,0.000000,0.000000,0.000000
1777189226.524923,0,0.000000,0.000000,0.000000,0.000000,0.000000,0.000000,0.000000,0.000000,0.000000,0.000000
1777189226.582547,0,0.000000,0.000000,0.000000,0.000000,0.000000,0.000000,0.000000,0.000000,0.000000,0.000000
1777189226.583239,0,0.000000,0.000000,0.000000,0.000000,0.000000,0.000000,0.000000,0.000000,0.070000,0.180000
1777189226.641030,0,0.000000,0.000000,0.000000,0.000000,0.000000,0.000000,0.000000,0.000000,0.000000,0.020000
1777189226.641581,0,0.000000,0.000000,0.000000,0.000000,0.000000,0.000000,0.000000,0.000000,0.140000,0.020000
1777189226.642005,0,0.000000,0.000000,0.000000,0.000000,0.000000,0.000000,0.000000,0.000000,0.070000,0.000000
1777189226.642387,0,0.000000,0.000000,0.000000,0.000000,0.000000,0.000000,0.000000,0.000000,0.070000,0.020000
1777189226.642762,0,0.000000,0.000000,0.000000,0.000000,0.000000,0.000000,0.000000,0.000000,0.000000,0.070000
1777189226.704537,0,0.000000,0.000000,0.000000,0.000000,0.000000,0.000000,0.000000,0.000000,0.000000,0.000000
1777189226.705047,0,0.000000,0.000000,0.000000,0.000000,0.000000,0.000000,0.000000,0.000000,0.070000,0.370000
1777189226.705454,0,0.000000,0.000000,0.000000,0.000000,0.000000,0.000000,0.000000,0.000000,0.070000,0.000000
1777189226.762802,0,0.000000,0.000000,0.000000,0.000000,0.000000,0.000000,0.000000,0.000000,0.070000,0.020000
1777189226.763332,0,0.000000,0.000000,0.000000,0.000000,0.000000,0.000000,0.000000,0.000000,0.000000,0.000000
1777189226.763960,0,0.000000,0.000000,0.000000,0.000000,0.000000,0.000000,0.000000,0.000000,0.000000,0.000000
1777189226.854363,0,0.000000,0.000000,0.000000,0.000000,0.000000,0.000000,0.000000,0.000000,0.000000,0.000000
1777189226.914052,0,0.000000,0.000000,0.000000,0.000000,0.000000,0.000000,0.000000,0.000000,0.000000,0.000000
1777189226.914572,0,0.000000,0.000000,0.000000,0.000000,0.000000,0.000000,0.000000,0.000000,0.000000,0.000000
1777189226.914971,0,0.000000,0.000000,0.000000,0.000000,0.000000,0.000000,0.000000,0.000000,0.000000,0.000000
1777189226.915398,0,0.000000,0.000000,0.000000,1.000000,0.000000,0.000000,0.000000,0.000000,0.000000,0.000000
1777189227.002829,0,0.000000,0.000000,0.000000,1.000000,0.000000,0.000000,0.000000,0.000000,0.000000,0.020000
1777189227.061752,0,0.000000,0.000000,0.000000,1.000000,0.000000,0.000000,0.000000,0.000000,0.000000,0.000000
1777189227.062238,0,0.000000,0.000000,0.000000,1.000000,0.000000,0.000000,0.000000,0.000000,0.000000,0.000000
1777189227.062623,0,0.000000,0.000000,0.000000,1.000000,0.000000,0.000000,0.000000,0.000000,0.000000,0.000000
1777189227.119765,0,0.000000,0.000000,0.000000,1.000000,0.000000,0.000000,0.000000,0.000000,0.070000,0.000000
1777189227.120311,0,0.000000,0.000000,0.000000,1.000000,0.000000,0.000000,0.000000,0.000000,0.070000,0.000000
1777189227.120730,0,0.000000,0.000000,0.000000,1.000000,0.000000,0.000000,0.000000,0.000000,0.000000,0.000000
1777189227.121141,0,0.000000,0.000000,0.000000,1.000000,0.000000,0.000000,0.000000,0.000000,0.000000,0.000000
1777189227.179079,0,0.000000,0.000000,0.000000,1.000000,0.000000,0.000000,0.000000,0.000000,0.000000,0.000000
1777189227.236671,0,0.000000,0.000000,0.000000,1.000000,0.000000,0.000000,0.000000,0.000000,0.000000,0.000000
1777189227.237191,0,0.000000,0.000000,0.000000,1.000000,0.000000,0.000000,0.000000,0.000000,0.000000,0.000000
1777189227.295013,0,0.000000,0.000000,0.000000,1.000000,0.000000,0.000000,0.000000,0.000000,0.070000,0.000000
1777189227.355462,0,0.000000,0.000000,0.000000,1.000000,0.000000,0.000000,0.000000,0.000000,0.000000,0.020000
1777189227.412768,0,0.000000,0.000000,0.000000,1.000000,0.000000,0.000000,0.000000,0.000000,0.000000,0.000000
1777189227.413292,0,0.000000,0.000000,0.000000,1.000000,0.000000,0.000000,0.000000,0.000000,0.070000,0.000000
1777189227.470693,0,0.000000,0.000000,0.000000,1.000000,0.000000,0.000000,0.000000,0.000000,0.070000,0.000000
1777189227.534584,0,0.000000,0.000000,0.000000,1.000000,0.000000,0.000000,0.000000,0.000000,0.000000,0.020000
1777189227.595556,0,0.000000,0.000000,0.000000,1.000000,0.000000,0.000000,0.000000,0.000000,0.000000,0.020000
1777189227.596236,0,0.000000,0.000000,0.000000,1.000000,0.000000,0.000000,0.000000,0.000000,0.000000,0.000000
1777189227.658114,0,0.000000,0.000000,0.000000,1.000000,0.000000,0.000000,0.000000,0.000000,0.000000,0.000000
1777189227.658813,0,0.000000,0.000000,0.000000,1.000000,0.000000,0.000000,0.000000,0.000000,0.000000,0.000000
1777189227.720368,0,0.000000,0.000000,0.000000,1.000000,0.000000,0.000000,0.000000,0.000000,0.000000,0.000000
1777189227.720901,0,0.000000,0.000000,0.000000,1.000000,0.000000,0.000000,0.000000,0.000000,0.070000,0.000000
1777189227.721456,0,0.000000,0.000000,0.000000,1.000000,0.000000,0.000000,0.000000,0.000000,0.070000,0.000000
1777189227.721860,0,0.000000,0.000000,0.000000,1.000000,0.000000,0.000000,0.000000,0.000000,0.000000,0.020000
1777189227.858638,0,0.000000,0.000000,0.000000,1.000000,0.000000,0.000000,0.000000,0.000000,0.000000,0.020000
1777189227.921894,0,0.000000,0.000000,0.000000,1.000000,0.000000,0.000000,0.000000,0.000000,0.000000,0.000000
1777189227.922420,0,0.000000,0.000000,0.000000,1.000000,0.000000,0.000000,0.000000,0.000000,0.000000,0.000000
1777189227.922822,0,0.000000,0.000000,0.000000,1.000000,0.000000,0.000000,0.000000,0.000000,0.000000,0.020000
1777189227.923200,0,0.000000,0.000000,0.000000,1.000000,0.000000,0.000000,0.000000,0.000000,0.000000,0.000000
1777189227.983097,0,0.000000,0.000000,0.000000,1.000000,0.000000,0.000000,0.000000,0.000000,0.070000,0.000000
1777189227.983765,0,0.000000,0.000000,0.000000,1.000000,0.000000,0.000000,0.000000,0.000000,0.000000,0.000000
1777189228.042369,0,0.000000,0.000000,0.000000,1.000000,0.000000,0.000000,0.000000,0.000000,0.000000,0.020000
1777189228.100473,0,0.000000,0.000000,0.000000,1.000000,0.000000,0.000000,0.000000,0.000000,0.140000,0.000000
1777189228.301470,0,0.000000,0.000000,0.000000,1.000000,0.000000,0.000000,0.000000,0.000000,0.000000,0.000000
1777189228.364096,0,0.000000,0.000000,0.000000,1.000000,0.000000,0.000000,0.000000,0.000000,0.000000,0.020000
1777189228.435297,0,0.000000,0.000000,0.000000,1.000000,0.000000,0.000000,0.000000,0.000000,0.000000,0.000000
1777189228.493923,0,0.000000,0.000000,0.000000,1.000000,0.000000,0.000000,0.000000,0.000000,0.000000,0.000000
1777189228.494449,0,0.000000,0.000000,0.000000,1.000000,0.000000,0.000000,0.000000,0.000000,0.000000,0.140000
1777189228.609110,0,0.000000,0.000000,0.000000,1.000000,0.000000,0.000000,0.000000,0.000000,0.000000,0.020000
1777189228.675766,0,0.000000,0.000000,0.000000,1.000000,0.000000,0.000000,0.000000,0.000000,0.070000,0.000000
1777189228.676269,0,0.000000,0.000000,0.000000,1.000000,0.000000,0.000000,0.000000,0.000000,0.000000,0.000000
1777189228.738475,0,0.000000,0.000000,0.000000,1.000000,0.000000,0.000000,0.000000,0.000000,0.000000,0.000000
1777189228.739194,0,0.000000,0.000000,0.000000,1.000000,0.000000,0.000000,0.000000,0.000000,0.070000,0.180000
1777189228.739641,0,0.000000,0.000000,0.000000,1.000000,0.000000,0.000000,0.000000,0.000000,0.000000,0.000000
1777189228.740044,0,0.000000,0.000000,0.000000,1.000000,0.000000,0.000000,0.000000,0.000000,0.070000,0.000000
1777189228.800573,0,0.000000,0.000000,0.000000,1.000000,0.000000,0.000000,0.000000,0.000000,0.000000,0.020000
1777189228.801069,0,0.000000,0.000000,0.000000,1.000000,0.000000,0.000000,0.000000,0.000000,0.000000,0.000000
1777189228.801459,0,0.000000,0.000000,0.000000,1.000000,0.000000,0.000000,0.000000,0.000000,0.070000,0.000000
1777189228.801855,0,0.000000,0.000000,0.000000,1.000000,0.000000,0.000000,0.000000,0.000000,0.000000,0.000000
1777189228.802441,0,0.000000,0.000000,0.000000,1.000000,0.000000,0.000000,0.000000,0.000000,0.000000,0.000000
1777189228.862662,0,0.000000,0.000000,0.000000,1.000000,0.000000,0.000000,0.000000,0.000000,0.000000,0.000000
1777189228.863199,0,0.000000,0.000000,0.000000,1.000000,0.000000,0.000000,0.000000,0.000000,0.000000,0.000000
1777189228.924771,0,0.000000,0.000000,0.000000,1.000000,0.000000,0.000000,0.000000,0.000000,0.070000,0.000000
1777189228.925285,0,0.000000,0.000000,0.000000,0.000000,0.000000,0.000000,0.000000,0.000000,0.000000,0.000000
1777189228.925683,0,0.000000,0.000000,0.000000,0.000000,0.000000,0.000000,0.000000,0.000000,0.070000,0.000000
1777189228.926059,0,0.000000,0.000000,0.000000,0.000000,0.000000,0.000000,0.000000,0.000000,0.070000,0.020000
1777189228.926809,0,0.000000,0.000000,0.000000,0.000000,0.000000,0.000000,0.000000,0.000000,0.000000,0.000000
1777189228.985771,0,0.000000,0.000000,0.000000,0.000000,0.000000,0.000000,0.000000,0.000000,0.000000,0.020000
1777189228.986291,0,0.000000,0.000000,0.000000,0.000000,0.000000,0.000000,0.000000,0.000000,0.000000,0.020000
1777189228.986691,0,0.000000,0.000000,0.000000,0.000000,0.000000,0.000000,0.000000,0.000000,0.070000,0.000000
1777189228.987088,0,0.000000,0.000000,0.000000,0.000000,0.000000,0.000000,0.000000,0.000000,0.000000,0.000000
1777189228.987674,0,0.000000,0.000000,0.000000,0.000000,0.000000,0.000000,0.000000,0.000000,0.000000,0.000000
1777189229.046818,0,0.000000,0.000000,0.000000,0.000000,0.000000,0.000000,0.000000,0.000000,0.000000,0.000000
1777189229.106655,0,0.000000,0.000000,0.000000,0.000000,0.000000,0.000000,0.000000,0.000000,0.000000,0.000000
1777189229.201342,0,0.000000,0.000000,0.000000,0.000000,0.000000,0.000000,0.000000,0.000000,0.000000,0.000000
1777189229.263806,0,0.000000,0.000000,0.000000,0.000000,0.000000,0.000000,0.000000,0.000000,0.000000,0.000000
1777189229.264470,0,0.000000,0.000000,0.000000,0.000000,0.000000,0.000000,0.000000,0.000000,0.000000,0.000000
1777189229.324673,0,0.000000,0.000000,0.000000,0.000000,0.000000,0.000000,0.000000,0.000000,0.000000,0.020000
1777189229.386657,0,0.000000,0.000000,0.000000,0.000000,0.000000,0.000000,0.000000,0.000000,0.000000,0.020000
1777189229.387469,0,0.000000,0.000000,0.000000,0.000000,0.000000,0.000000,0.000000,0.000000,0.070000,0.000000
1777189229.447672,0,0.000000,0.000000,0.000000,0.000000,0.000000,0.000000,0.000000,0.000000,0.000000,0.140000
1777189229.554711,0,0.000000,0.000000,0.000000,0.000000,0.000000,0.000000,0.000000,0.000000,0.000000,0.000000
1777189229.621263,0,0.000000,0.000000,0.000000,0.000000,0.000000,0.000000,0.000000,0.000000,0.000000,0.000000
1777189229.621959,0,0.000000,0.000000,0.000000,0.000000,0.000000,0.000000,0.000000,0.000000,0.000000,0.000000
1777189229.703901,0,0.000000,0.000000,0.000000,0.000000,0.000000,0.000000,0.000000,0.000000,0.070000,0.020000
1777189229.808668,0,0.000000,0.000000,0.000000,0.000000,0.000000,0.000000,0.000000,0.000000,0.000000,0.020000
1777189229.923419,0,0.000000,0.000000,0.000000,0.000000,0.000000,0.000000,0.000000,0.000000,0.140000,0.020000
1777189229.988016,0,0.000000,0.000000,0.000000,0.000000,0.000000,0.000000,0.000000,0.000000,0.000000,0.180000
1777189230.056192,0,0.000000,0.000000,0.000000,0.000000,0.000000,0.000000,0.000000,0.000000,0.070000,0.000000
1777189230.118214,0,0.000000,0.000000,0.000000,0.000000,0.000000,0.000000,0.000000,0.000000,0.000000,0.000000
1777189230.118733,0,0.000000,0.000000,0.000000,0.000000,0.000000,0.000000,0.000000,0.000000,0.070000,0.000000
1777189230.119134,0,0.000000,0.000000,0.000000,0.000000,0.000000,0.000000,0.000000,0.000000,0.000000,0.000000
1777189230.119522,0,0.000000,0.000000,0.000000,0.000000,0.000000,0.000000,0.000000,0.000000,0.280000,0.000000
1777189230.236147,0,0.000000,0.000000,0.000000,0.000000,0.000000,0.000000,0.000000,0.000000,0.000000,0.000000
1777189230.301326,0,0.000000,0.000000,0.000000,0.000000,0.000000,0.000000,0.000000,0.000000,0.070000,0.020000
1777189230.433170,0,0.000000,0.000000,0.000000,0.000000,0.000000,0.000000,0.000000,0.000000,0.000000,0.000000
1777189230.499372,0,0.000000,0.000000,0.000000,0.000000,0.000000,0.000000,0.000000,0.000000,0.000000,0.000000
1777189230.499889,0,0.000000,0.000000,0.000000,0.000000,0.000000,0.000000,0.000000,0.000000,0.140000,0.070000
1777189230.500301,0,0.000000,0.000000,0.000000,0.000000,0.000000,0.000000,0.000000,0.000000,0.070000,0.020000
1777189230.500688,0,0.000000,0.000000,0.000000,0.000000,0.000000,0.000000,0.000000,0.000000,0.070000,0.070000
1777189230.563079,0,0.000000,0.000000,0.000000,0.000000,0.630000,0.000000,0.000000,0.000000,0.140000,0.000000
1777189230.563776,0,0.000000,0.000000,0.000000,0.000000,0.750000,0.000000,0.000000,0.000000,0.000000,0.000000
1777189230.564284,0,0.000000,0.000000,0.000000,0.000000,0.870000,0.000000,0.000000,0.000000,0.070000,0.000000
1777189230.564702,0,0.000000,0.000000,0.000000,0.000000,1.000000,0.000000,0.000000,0.000000,0.140000,0.020000
1777189230.565243,0,0.000000,0.000000,0.000000,0.000000,0.010000,0.000000,0.000000,0.000000,0.070000,0.000000
1777189230.655304,0,0.000000,0.000000,0.000000,0.000000,0.100000,0.000000,0.000000,0.000000,0.140000,0.000000
1777189230.726799,0,0.000000,0.000000,0.000000,0.000000,0.200000,0.000000,0.000000,0.000000,0.000000,0.020000
1777189230.727324,0,0.000000,0.000000,0.000000,0.000000,0.280000,0.000000,0.000000,0.000000,0.000000,0.020000
1777189230.727726,0,0.000000,0.000000,0.000000,0.000000,0.370000,0.000000,0.000000,0.000000,0.070000,0.020000
1777189230.728103,0,0.000000,0.000000,0.000000,0.000000,0.560000,0.000000,0.000000,0.000000,0.000000,0.000000
1777189230.728638,0,0.000000,0.000000,0.000000,0.000000,1.000000,0.000000,0.000000,0.000000,0.000000,0.000000
1777189230.729058,0,0.000000,0.000000,0.000000,0.000000,1.000000,0.000000,0.000000,0.000000,0.000000,0.000000
1777189230.729449,0,0.000000,0.000000,0.000000,0.000000,1.000000,0.000000,0.000000,0.000000,0.000000,0.000000
1777189230.791578,0,0.000000,0.000000,0.000000,0.000000,0.000000,0.000000,0.000000,0.000000,0.280000,0.000000
1777189230.792291,0,0.000000,0.000000,0.000000,0.000000,0.070000,0.000000,0.000000,0.000000,0.000000,0.000000
1777189230.792723,0,0.000000,0.000000,0.000000,0.000000,0.150000,0.000000,0.000000,0.000000,0.000000,0.000000
1777189230.872547,0,0.000000,0.000000,0.000000,0.000000,0.230000,0.000000,0.000000,0.000000,0.140000,0.000000
1777189230.936318,0,0.000000,0.000000,0.000000,0.000000,0.310000,0.000000,0.000000,0.000000,0.070000,0.000000
1777189231.032287,0,0.000000,0.000000,0.000000,0.000000,0.380000,0.000000,0.000000,0.000000,0.070000,0.000000
1777189231.068744,0,0.000000,0.000000,0.000000,0.000000,0.460000,0.000000,0.000000,0.000000,0.000000,0.000000
1777189231.134663,0,0.000000,0.000000,0.000000,1.000000,0.700000,0.000000,0.000000,0.000000,0.070000,0.000000
1777189231.256408,0,0.000000,0.000000,0.000000,1.000000,0.860000,0.000000,0.000000,0.000000,0.070000,0.000000
1777189231.324823,0,0.000000,0.000000,0.000000,1.000000,1.000000,0.000000,0.000000,0.000000,0.070000,0.000000
1777189231.325359,0,0.000000,0.000000,0.000000,1.000000,0.110000,0.000000,0.000000,0.000000,0.000000,0.020000
1777189231.388526,0,0.000000,0.000000,0.000000,1.000000,0.030000,0.000000,0.000000,0.000000,0.000000,0.000000
1777189231.389045,0,0.000000,0.000000,0.000000,1.000000,1.000000,0.000000,0.000000,0.000000,0.210000,0.020000
1777189231.389468,0,0.000000,0.000000,0.000000,1.000000,1.000000,0.000000,0.000000,0.000000,0.140000,0.000000
1777189231.453817,0,0.000000,0.000000,0.000000,1.000000,1.000000,0.000000,0.000000,0.000000,0.000000,0.020000
1777189231.675674,0,0.000000,0.000000,0.000000,1.000000,1.000000,0.000000,0.000000,0.000000,0.000000,0.020000
1777189231.749826,0,0.000000,0.000000,0.000000,1.000000,1.000000,0.000000,0.000000,0.000000,0.000000,0.020000
1777189231.750354,0,0.000000,0.000000,0.000000,1.000000,1.000000,0.000000,0.000000,0.000000,0.070000,0.000000
1777189231.750789,0,0.000000,0.000000,0.000000,1.000000,1.000000,0.000000,0.000000,0.000000,0.210000,0.000000
1777189231.751227,0,0.000000,0.000000,0.000000,1.000000,1.000000,0.000000,0.000000,0.000000,0.000000,0.020000
1777189231.848048,0,0.000000,0.000000,0.000000,1.000000,1.000000,0.000000,0.000000,0.000000,0.000000,0.000000
1777189231.914646,0,0.000000,0.000000,0.000000,1.000000,1.000000,0.000000,0.000000,0.000000,0.070000,0.020000
1777189231.915174,0,0.000000,0.000000,0.000000,1.000000,1.000000,0.000000,0.000000,0.000000,0.070000,0.000000
1777189232.038213,0,0.000000,0.000000,0.000000,1.000000,1.000000,0.000000,0.000000,0.000000,0.000000,0.000000
1777189232.076885,0,0.000000,0.000000,0.000000,1.000000,0.180000,0.000000,0.000000,0.000000,0.000000,0.000000
1777189232.077430,0,0.000000,0.000000,0.000000,1.000000,1.000000,0.000000,0.000000,0.000000,0.070000,0.000000
1777189232.077840,0,0.000000,0.000000,0.000000,1.000000,1.000000,0.000000,0.000000,0.000000,0.070000,0.020000
1777189232.111302,0,0.000000,0.000000,0.000000,1.000000,1.000000,0.000000,0.000000,0.000000,0.000000,0.020000
1777189232.111816,0,0.000000,0.000000,0.000000,1.000000,1.000000,0.000000,0.000000,0.000000,0.070000,0.020000
1777189232.112213,0,0.000000,0.000000,0.000000,1.000000,1.000000,0.000000,0.000000,0.000000,0.000000,0.000000
1777189232.112591,0,0.000000,0.000000,0.000000,1.000000,1.000000,0.000000,0.000000,0.000000,0.070000,0.140000
1777189232.177342,0,0.000000,0.000000,0.000000,1.000000,1.000000,0.000000,0.000000,0.000000,0.000000,0.020000
1777189232.242985,0,0.000000,0.000000,0.000000,1.000000,1.000000,0.000000,0.000000,0.000000,0.000000,0.000000
1777189232.244344,0,0.000000,0.000000,0.000000,1.000000,1.000000,0.000000,0.000000,0.000000,0.070000,0.000000
1777189232.244801,0,0.000000,0.000000,0.000000,1.000000,1.000000,0.000000,0.000000,0.000000,0.000000,0.000000
1777189232.245195,0,0.000000,0.000000,0.000000,1.000000,1.000000,0.000000,0.000000,0.000000,0.070000,0.000000
1777189232.245608,0,0.000000,0.000000,0.000000,1.000000,1.000000,0.000000,0.000000,0.000000,0.070000,0.000000
1777189232.309969,0,0.000000,0.000000,0.000000,1.000000,1.000000,0.000000,0.000000,0.000000,0.000000,0.000000
1777189232.372116,0,0.000000,0.000000,0.000000,1.000000,1.000000,0.000000,0.000000,0.000000,0.070000,0.000000
1777189232.426918,0,0.000000,0.000000,0.000000,1.000000,1.000000,0.000000,0.000000,0.000000,0.070000,0.000000
1777189232.427440,0,0.000000,0.000000,0.000000,1.000000,1.000000,0.000000,0.000000,0.000000,0.000000,0.000000
1777189232.427847,0,0.000000,0.000000,0.000000,1.000000,1.000000,0.000000,0.000000,0.000000,0.000000,0.020000
1777189232.428227,0,0.000000,0.000000,0.000000,1.000000,1.000000,0.000000,0.000000,0.000000,0.070000,0.020000
1777189232.493318,0,0.000000,0.000000,0.000000,1.000000,1.000000,0.000000,0.000000,0.000000,0.070000,0.470000
1777189232.494721,0,0.000000,0.000000,0.000000,1.000000,1.000000,0.000000,0.000000,0.000000,0.000000,0.020000
1777189232.495168,0,0.000000,0.000000,0.000000,1.000000,1.000000,0.000000,0.000000,0.000000,0.000000,0.000000
1777189232.550403,0,0.000000,0.000000,0.000000,1.000000,1.000000,0.000000,0.000000,0.000000,0.000000,0.140000
1777189232.550960,0,0.000000,0.000000,0.000000,1.000000,1.000000,0.000000,0.000000,0.000000,0.210000,0.020000
1777189232.552337,0,0.000000,0.000000,0.000000,1.000000,1.000000,0.000000,0.000000,0.000000,0.000000,0.140000
1777189232.609368,0,0.000000,0.000000,0.000000,1.000000,1.000000,0.000000,0.000000,0.000000,0.070000,0.000000
1777189232.610811,0,0.000000,0.000000,0.000000,1.000000,1.000000,0.000000,0.000000,0.000000,0.070000,0.000000
1777189232.666333,0,0.000000,0.000000,0.000000,1.000000,1.000000,0.000000,0.000000,0.000000,0.000000,0.020000
1777189232.727323,0,0.000000,0.000000,0.000000,1.000000,1.000000,0.000000,0.000000,0.000000,0.000000,0.020000
1777189232.728762,0,0.000000,0.000000,0.000000,1.000000,1.000000,0.000000,0.000000,0.000000,0.000000,0.000000
1777189232.783590,0,0.000000,0.000000,0.000000,1.000000,1.000000,0.000000,0.000000,0.000000,0.070000,0.000000
1777189232.838729,0,0.000000,0.000000,0.000000,1.000000,1.000000,0.000000,0.000000,0.000000,0.140000,0.000000
1777189232.894083,0,0.000000,0.000000,0.000000,1.000000,1.000000,0.000000,0.000000,0.000000,0.210000,0.000000
1777189232.988464,0,0.000000,0.000000,0.000000,1.000000,1.000000,0.000000,0.000000,0.000000,0.140000,0.000000
1777189233.045329,0,0.000000,0.000000,0.000000,1.000000,1.000000,0.000000,0.000000,0.000000,0.070000,0.070000
1777189233.160487,0,0.000000,0.000000,0.000000,1.000000,0.090000,0.000000,0.000000,0.000000,0.000000,0.000000
1777189233.218775,0,0.000000,0.000000,0.000000,0.000000,0.150000,0.000000,0.000000,0.000000,0.000000,0.000000
1777189233.219284,0,0.000000,0.000000,0.000000,0.000000,0.930000,0.000000,0.000000,0.000000,0.070000,0.000000
1777189233.219678,0,0.000000,0.000000,0.000000,0.000000,1.000000,0.000000,0.000000,0.000000,0.070000,0.020000
1777189233.220056,0,0.000000,0.000000,0.000000,0.000000,1.000000,0.000000,0.000000,0.000000,0.000000,0.000000
1777189233.220426,0,0.000000,0.000000,0.000000,0.000000,1.000000,0.000000,0.000000,0.000000,0.000000,0.000000
1777189233.220802,0,0.000000,0.000000,0.000000,0.000000,1.000000,0.000000,0.000000,0.000000,0.070000,0.000000
1777189233.280077,0,0.000000,0.000000,0.000000,0.000000,0.000000,0.000000,0.000000,0.000000,0.280000,0.020000
1777189233.335713,0,0.000000,0.000000,0.000000,0.000000,0.400000,0.000000,0.000000,0.000000,0.000000,0.020000
1777189233.336650,0,0.000000,0.000000,0.000000,0.000000,0.820000,0.000000,0.000000,0.000000,0.000000,0.000000
1777189233.337102,0,0.000000,0.000000,0.000000,0.000000,1.000000,0.000000,0.000000,0.000000,0.000000,0.000000
1777189233.337491,0,0.000000,0.000000,0.000000,0.000000,1.000000,0.000000,0.000000,0.000000,0.070000,0.000000
1777189233.337874,0,0.000000,0.000000,0.000000,0.000000,1.000000,0.000000,0.000000,0.000000,0.000000,0.020000
1777189233.392531,0,0.000000,0.000000,0.000000,0.000000,1.000000,0.000000,0.000000,0.000000,0.000000,0.000000
1777189233.393091,0,0.000000,0.000000,0.000000,0.000000,1.000000,0.000000,0.000000,0.000000,0.000000,0.000000
1777189233.475472,0,0.000000,0.000000,0.000000,0.000000,1.000000,0.000000,0.000000,0.000000,0.000000,0.020000
1777189233.532225,0,0.000000,0.000000,0.000000,0.000000,1.000000,0.000000,0.000000,0.000000,0.070000,0.000000
1777189233.532760,0,0.000000,0.000000,0.000000,0.000000,1.000000,0.000000,0.000000,0.000000,0.070000,0.000000
1777189233.533341,0,0.000000,0.000000,0.000000,0.000000,1.000000,0.000000,0.000000,0.000000,0.070000,0.000000
1777189233.533769,0,0.000000,0.000000,0.000000,0.000000,1.000000,0.000000,0.000000,0.000000,0.000000,0.020000
1777189233.534164,0,0.000000,0.000000,0.000000,0.000000,1.000000,0.000000,0.000000,0.000000,0.070000,0.000000
1777189233.534586,0,0.000000,0.000000,0.000000,0.000000,1.000000,0.000000,0.000000,0.000000,0.000000,0.000000
1777189233.565180,0,0.000000,0.000000,0.000000,0.000000,1.000000,0.000000,0.000000,0.000000,0.000000,0.000000
1777189233.621428,0,0.000000,0.000000,0.000000,0.000000,1.000000,0.000000,0.000000,0.000000,0.000000,0.020000
1777189233.621956,0,0.000000,0.000000,0.000000,0.000000,1.000000,0.000000,0.000000,0.000000,0.210000,0.000000
1777189233.622366,0,0.000000,0.000000,0.000000,0.000000,1.000000,0.000000,0.000000,0.000000,0.000000,0.000000
1777189233.622747,0,0.000000,0.000000,0.000000,0.000000,1.000000,0.000000,0.000000,0.000000,0.000000,0.000000
1777189233.707731,0,0.000000,0.000000,0.000000,0.000000,1.000000,0.000000,0.000000,0.000000,0.140000,0.020000
1777189233.766973,0,0.000000,0.000000,0.000000,0.000000,0.180000,0.000000,0.000000,0.000000,0.000000,0.020000
1777189233.767519,0,0.000000,0.000000,0.000000,0.000000,0.620000,0.000000,0.000000,0.000000,0.000000,0.000000
1777189233.767928,0,0.000000,0.000000,0.000000,0.000000,1.000000,0.000000,0.000000,0.000000,0.000000,0.000000
1777189233.768312,0,0.000000,0.000000,0.000000,0.000000,1.000000,0.000000,0.000000,0.000000,0.000000,0.000000
1777189233.768710,0,0.000000,0.000000,0.000000,0.000000,1.000000,0.000000,0.000000,0.000000,0.000000,0.000000
1777189233.823335,0,0.000000,0.000000,0.000000,0.000000,1.000000,0.000000,0.000000,0.000000,0.210000,0.000000
1777189233.823856,0,0.000000,0.000000,0.000000,0.000000,1.000000,0.000000,0.000000,0.000000,0.000000,0.000000
1777189233.824353,0,0.000000,0.000000,0.000000,0.000000,1.000000,0.000000,0.000000,0.000000,0.000000,0.000000
1777189233.824744,0,0.000000,0.000000,0.000000,0.000000,1.000000,0.000000,0.000000,0.000000,0.000000,0.000000
1777189233.895758,0,0.000000,0.000000,0.000000,0.000000,1.000000,0.000000,0.000000,0.000000,0.070000,0.000000
1777189233.925397,0,0.000000,0.000000,0.000000,0.000000,1.000000,0.000000,0.000000,0.000000,0.140000,0.000000
1777189233.955795,0,0.000000,0.000000,0.000000,0.000000,1.000000,0.000000,0.000000,0.000000,0.070000,0.000000
1777189233.985934,0,0.000000,0.000000,0.000000,0.000000,1.000000,0.000000,0.000000,0.000000,0.000000,0.000000
1777189234.042505,0,0.000000,0.000000,0.000000,0.000000,1.000000,0.000000,0.000000,0.000000,0.140000,0.000000
1777189234.043028,0,0.000000,0.000000,0.000000,0.000000,1.000000,0.000000,0.000000,0.000000,0.000000,0.000000
1777189234.097162,0,0.000000,0.000000,0.000000,0.000000,1.000000,0.000000,0.000000,0.000000,0.070000,0.000000
1777189234.097690,0,0.000000,0.000000,0.000000,0.000000,1.000000,0.000000,0.000000,0.000000,0.000000,0.000000
1777189234.098146,0,0.000000,0.000000,0.000000,0.000000,0.930000,0.000000,0.000000,0.000000,0.000000,0.000000
1777189234.098551,0,0.000000,0.000000,0.000000,0.000000,1.000000,0.000000,0.000000,0.000000,0.070000,0.000000
1777189234.189460,0,0.000000,0.000000,0.000000,0.000000,1.000000,0.000000,0.000000,0.000000,0.140000,0.000000
1777189234.219678,0,0.000000,0.000000,0.000000,0.000000,1.000000,0.000000,0.000000,0.000000,0.070000,0.000000
1777189234.220289,0,0.000000,0.000000,0.000000,0.000000,1.000000,0.000000,0.000000,0.000000,0.210000,0.000000
1777189234.220708,0,0.000000,0.000000,0.000000,0.000000,1.000000,0.000000,0.000000,0.000000,0.140000,0.000000
1777189234.251241,0,0.000000,0.000000,0.000000,0.000000,1.000000,0.000000,0.000000,0.000000,0.000000,0.000000
1777189234.281157,0,0.000000,0.000000,0.000000,0.000000,1.000000,0.000000,0.000000,0.000000,0.000000,0.000000
1777189234.337510,0,0.000000,0.000000,0.000000,0.000000,1.000000,0.000000,0.000000,0.000000,0.070000,0.020000
1777189234.338230,0,0.000000,0.000000,0.000000,0.000000,1.000000,0.000000,0.000000,0.000000,0.000000,0.000000
1777189234.338677,0,0.000000,0.000000,0.000000,0.000000,1.000000,0.000000,0.000000,0.000000,0.000000,0.000000
1777189234.339081,0,0.000000,0.000000,0.000000,0.000000,1.000000,0.000000,0.000000,0.000000,0.000000,0.000000
1777189234.339487,0,0.000000,0.000000,0.000000,0.000000,1.000000,0.000000,0.000000,0.000000,0.070000,0.000000
1777189234.395083,0,0.000000,0.000000,0.000000,0.000000,1.000000,0.000000,0.000000,0.000000,0.000000,0.070000
1777189234.395630,0,0.000000,0.000000,0.000000,0.000000,1.000000,0.000000,0.000000,0.000000,0.210000,0.000000
1777189234.451751,0,0.000000,0.000000,0.000000,0.000000,1.000000,0.000000,0.000000,0.000000,0.000000,0.000000
1777189234.452439,0,0.000000,0.000000,0.000000,0.000000,1.000000,0.000000,0.000000,0.000000,0.070000,0.020000
1777189234.452861,0,0.000000,0.000000,0.000000,0.000000,1.000000,0.000000,0.000000,0.000000,0.070000,0.000000
1777189234.508889,0,0.000000,0.000000,0.000000,0.000000,1.000000,0.000000,0.000000,0.000000,0.000000,0.000000
1777189234.509405,0,0.000000,0.000000,0.000000,0.000000,1.000000,0.000000,0.000000,0.000000,0.000000,0.020000
1777189234.509999,0,0.000000,0.000000,0.000000,0.000000,1.000000,0.000000,0.000000,0.000000,0.000000,0.020000
1777189234.510405,0,0.000000,0.000000,0.000000,0.000000,1.000000,0.000000,0.000000,0.000000,0.140000,0.000000
1777189234.510782,0,0.000000,0.000000,0.000000,0.000000,1.000000,0.000000,0.000000,0.000000,0.000000,0.000000
1777189234.565801,0,0.000000,0.000000,0.000000,0.000000,1.000000,0.000000,0.000000,0.000000,0.000000,0.020000
1777189234.566491,0,0.000000,0.000000,0.000000,0.000000,1.000000,0.000000,0.000000,0.000000,0.140000,0.000000
1777189234.566911,0,0.000000,0.000000,0.000000,0.000000,1.000000,0.000000,0.000000,0.000000,0.000000,0.020000
1777189234.567289,0,0.000000,0.000000,0.000000,0.000000,1.000000,0.000000,0.000000,0.000000,0.070000,0.020000
1777189234.622837,0,0.000000,0.000000,0.000000,0.000000,1.000000,0.000000,0.000000,0.000000,0.070000,0.000000
1777189234.681306,0,0.000000,0.000000,0.000000,0.000000,1.000000,0.000000,0.000000,0.000000,0.140000,0.000000
1777189234.682008,0,0.000000,0.000000,0.000000,0.000000,1.000000,0.000000,0.000000,0.000000,0.000000,0.000000
1777189234.682631,0,0.000000,0.000000,0.000000,0.000000,1.000000,0.000000,0.000000,0.000000,0.140000,0.020000
1777189234.714340,0,0.000000,0.000000,0.000000,0.000000,1.000000,0.000000,0.000000,0.000000,0.000000,0.000000
1777189234.744987,0,0.000000,0.000000,0.000000,0.000000,0.470000,0.000000,0.000000,0.000000,0.000000,0.000000
1777189234.775323,0,0.000000,0.000000,0.000000,0.000000,0.860000,0.000000,0.000000,0.000000,0.000000,0.000000
1777189234.775821,0,0.000000,0.000000,0.000000,0.000000,1.000000,0.000000,0.000000,0.000000,0.000000,0.000000
1777189234.812387,0,0.000000,0.000000,0.000000,0.000000,1.000000,0.000000,0.000000,0.000000,0.140000,0.020000
1777189234.845266,0,0.000000,0.000000,0.000000,0.000000,1.000000,0.000000,0.000000,0.000000,0.000000,0.000000
1777189234.876034,0,0.000000,0.000000,0.000000,0.000000,1.000000,0.000000,0.000000,0.000000,0.070000,0.020000
1777189234.876632,0,0.000000,0.000000,0.000000,0.000000,1.000000,0.000000,0.000000,0.000000,0.000000,0.000000
1777189234.877303,0,0.000000,0.000000,0.000000,0.000000,1.000000,0.000000,0.000000,0.000000,0.000000,0.000000
1777189234.877926,0,0.000000,0.000000,0.000000,0.000000,1.000000,0.000000,0.000000,0.000000,0.210000,0.830000
1777189234.908591,0,0.000000,0.000000,0.000000,0.000000,1.000000,0.000000,0.000000,0.000000,0.000000,0.020000
1777189234.909192,0,0.000000,0.000000,0.000000,0.000000,1.000000,0.000000,0.000000,0.000000,0.000000,0.020000
1777189234.965763,0,0.000000,0.000000,0.000000,0.000000,1.000000,0.000000,0.000000,0.000000,0.070000,0.000000
1777189234.966290,0,0.000000,0.000000,0.000000,0.000000,1.000000,0.000000,0.000000,0.000000,0.000000,0.100000
1777189234.966691,0,0.000000,0.000000,0.000000,0.000000,1.000000,0.000000,0.000000,0.000000,0.000000,0.000000
1777189235.022565,0,0.000000,0.000000,0.000000,0.000000,1.000000,0.000000,0.000000,0.000000,0.000000,0.000000
1777189235.078694,0,0.000000,0.000000,0.000000,0.000000,1.000000,0.000000,0.000000,0.000000,0.210000,0.020000
1777189235.079381,0,0.000000,0.000000,0.000000,0.000000,1.000000,0.000000,0.000000,0.000000,0.000000,0.000000
1777189235.136235,0,0.000000,0.000000,0.000000,0.000000,1.000000,0.000000,0.000000,0.000000,0.000000,0.000000
1777189235.136771,0,0.000000,0.000000,0.000000,0.000000,1.000000,0.000000,0.000000,0.000000,0.070000,0.070000
1777189235.137183,0,0.000000,0.000000,0.000000,0.000000,1.000000,0.000000,0.020000,0.000000,0.070000,0.000000
1777189235.137568,0,0.000000,0.000000,0.000000,0.000000,1.000000,0.000000,0.170000,0.000000,0.000000,0.070000
1777189235.138177,0,0.000000,0.000000,0.000000,0.000000,1.000000,0.000000,0.300000,0.000000,0.070000,0.000000
1777189235.200004,0,0.000000,0.000000,0.000000,0.000000,1.000000,0.000000,0.370000,0.000000,0.000000,0.020000
1777189235.274786,0,0.000000,0.000000,0.000000,0.000000,1.000000,0.000000,0.430000,0.000000,0.000000,0.000000
1777189235.332258,0,0.000000,0.000000,0.000000,0.000000,1.000000,0.000000,0.510000,0.000000,0.000000,0.000000
1777189235.332954,0,0.000000,0.000000,0.000000,0.000000,1.000000,0.000000,0.570000,0.000000,0.000000,0.000000
1777189235.390205,0,0.000000,0.000000,0.000000,0.000000,1.000000,0.000000,0.720000,0.000000,0.000000,0.000000
1777189235.390746,0,0.000000,0.000000,0.000000,0.000000,1.000000,0.000000,0.930000,0.000000,0.000000,0.000000
1777189235.391150,0,0.000000,0.000000,0.000000,0.000000,0.820000,0.000000,1.000000,0.000000,0.070000,0.020000
1777189235.391528,0,0.000000,0.000000,0.000000,0.000000,1.000000,0.000000,1.000000,0.000000,0.070000,0.000000
1777189235.392087,0,0.000000,0.000000,0.000000,0.000000,1.000000,0.000000,1.000000,0.000000,0.000000,0.070000
1777189235.392553,0,0.000000,0.000000,0.000000,0.000000,1.000000,0.000000,1.000000,0.000000,0.070000,0.180000
1777189235.393043,0,0.000000,0.000000,0.000000,0.000000,1.000000,0.000000,1.000000,0.000000,0.070000,0.070000
1777189235.448670,0,0.000000,0.000000,0.000000,0.000000,1.000000,0.000000,1.000000,0.000000,0.000000,0.000000
1777189235.504085,0,0.000000,0.000000,0.000000,0.000000,1.000000,0.000000,1.000000,0.000000,0.000000,0.000000
1777189235.504600,0,0.000000,0.000000,0.000000,0.000000,1.000000,0.000000,1.000000,0.000000,0.140000,0.000000
1777189235.561575,0,0.000000,0.000000,0.000000,0.000000,1.000000,0.000000,1.000000,0.000000,0.140000,0.000000
1777189235.562100,0,0.000000,0.000000,0.000000,0.000000,1.000000,0.000000,1.000000,0.000000,0.000000,0.000000
1777189235.562504,0,0.000000,0.000000,0.000000,0.000000,1.000000,0.000000,0.020000,0.000000,0.000000,0.070000
1777189235.562897,0,0.000000,0.000000,0.000000,0.000000,1.000000,0.000000,0.090000,0.000000,0.000000,0.000000
1777189235.563536,0,0.000000,0.000000,0.000000,0.000000,1.000000,0.000000,0.140000,0.000000,0.070000,0.000000
1777189235.620435,0,0.000000,0.000000,0.000000,0.000000,1.000000,0.000000,0.180000,0.000000,0.070000,0.000000
1777189235.620975,0,0.000000,0.000000,0.000000,0.000000,1.000000,0.000000,0.000000,0.000000,0.070000,0.250000
1777189235.677428,0,0.000000,0.000000,0.000000,0.000000,1.000000,0.000000,0.050000,0.000000,0.140000,0.000000
1777189235.739147,0,0.000000,0.000000,0.000000,0.000000,1.000000,0.000000,0.110000,0.000000,0.140000,0.000000
1777189235.739698,0,0.000000,0.000000,0.000000,0.000000,1.000000,0.000000,0.180000,0.000000,0.000000,0.000000
1777189235.740129,0,0.000000,0.000000,0.000000,0.000000,1.000000,0.000000,0.250000,0.000000,0.000000,0.100000
1777189235.797467,0,0.000000,0.000000,0.000000,0.000000,1.000000,0.000000,0.430000,0.000000,0.000000,0.000000
1777189235.797972,0,0.000000,0.000000,0.000000,0.000000,1.000000,0.000000,0.550000,0.000000,0.070000,0.000000
1777189235.798370,0,0.000000,0.000000,0.000000,0.000000,1.000000,0.000000,0.670000,0.000000,0.140000,0.000000
1777189235.854763,0,0.000000,0.000000,0.000000,0.000000,1.000000,0.000000,0.740000,0.000000,0.000000,0.000000
1777189235.855296,0,0.000000,0.000000,0.000000,0.000000,1.000000,0.000000,0.860000,0.000000,0.000000,0.000000
1777189235.855697,0,0.000000,0.000000,0.000000,0.000000,1.000000,0.000000,0.920000,0.000000,0.070000,0.000000
1777189235.912998,0,0.000000,0.000000,0.000000,0.000000,1.000000,0.000000,0.990000,0.000000,0.070000,0.000000
1777189235.913713,0,0.000000,0.000000,0.000000,0.000000,1.000000,0.000000,0.070000,0.000000,0.000000,0.000000
1777189235.914197,0,0.000000,0.000000,0.000000,0.000000,1.000000,0.000000,0.140000,0.000000,0.000000,0.000000
1777189235.914628,0,0.000000,0.000000,0.000000,0.000000,1.000000,0.000000,0.200000,0.000000,0.000000,0.000000
1777189235.915041,0,0.000000,0.000000,0.000000,0.000000,1.000000,0.000000,0.180000,0.000000,0.000000,0.000000
1777189235.971306,0,0.000000,0.000000,0.000000,0.000000,1.000000,0.000000,0.310000,0.000000,0.070000,0.000000
1777189235.971831,0,0.000000,0.000000,0.000000,0.000000,1.000000,0.000000,0.000000,0.000000,0.000000,0.000000
1777189235.972393,0,0.000000,0.000000,0.000000,0.000000,1.000000,0.000000,0.140000,0.000000,0.070000,0.000000
1777189236.028445,0,0.000000,0.000000,0.000000,0.000000,1.000000,0.000000,0.250000,0.000000,0.000000,0.000000
1777189236.028973,0,0.000000,0.000000,0.000000,0.000000,1.000000,0.000000,0.400000,0.000000,0.000000,0.000000
1777189236.029389,0,0.000000,0.000000,0.000000,0.000000,1.000000,0.000000,0.500000,0.000000,0.070000,0.000000
1777189236.084553,0,0.000000,0.000000,0.000000,0.000000,1.000000,0.000000,0.630000,0.000000,0.070000,0.070000
1777189236.145246,0,0.000000,0.000000,0.000000,0.000000,1.000000,0.000000,0.760000,0.000000,0.000000,0.100000
1777189236.176204,0,0.000000,0.000000,0.000000,0.000000,1.000000,0.000000,0.890000,0.000000,0.000000,0.020000
1777189236.205992,0,0.000000,0.000000,0.000000,0.000000,1.000000,0.000000,1.000000,0.000000,0.000000,0.020000
1777189236.206487,0,0.000000,0.000000,0.000000,0.000000,1.000000,0.000000,1.000000,0.000000,0.070000,0.020000
1777189236.262604,0,0.000000,0.000000,0.000000,0.000000,0.180000,0.000000,1.000000,0.000000,0.000000,0.000000
1777189236.318322,0,0.000000,0.000000,0.000000,0.000000,1.000000,0.000000,1.000000,0.000000,0.000000,0.000000
1777189236.375651,0,0.000000,0.000000,0.000000,0.000000,1.000000,0.000000,1.000000,0.000000,0.000000,0.000000
1777189236.376163,0,0.000000,0.000000,0.000000,0.000000,1.000000,0.000000,1.000000,0.000000,0.070000,0.000000
1777189236.376567,0,0.000000,0.000000,0.000000,0.000000,1.000000,0.000000,1.000000,0.000000,0.070000,0.000000
1777189236.376949,0,0.000000,0.000000,0.000000,0.000000,1.000000,0.000000,1.000000,0.000000,0.000000,0.000000
1777189236.377496,0,0.000000,0.000000,0.000000,0.000000,0.770000,0.000000,0.100000,0.000000,0.070000,0.000000
1777189236.377951,0,0.000000,0.000000,0.000000,0.000000,1.000000,0.000000,0.200000,0.000000,0.000000,0.000000
1777189236.433602,0,0.000000,0.000000,0.000000,0.000000,1.000000,0.000000,0.280000,0.000000,0.070000,0.000000
1777189236.434129,0,0.000000,0.000000,0.000000,0.000000,1.000000,0.000000,0.370000,0.000000,0.070000,0.020000
1777189236.434718,0,0.000000,0.000000,0.000000,0.000000,1.000000,0.000000,0.460000,0.000000,0.000000,0.000000
1777189236.505738,0,0.000000,0.000000,0.000000,0.000000,1.000000,0.000000,0.550000,0.000000,0.000000,0.000000
1777189236.562172,0,0.000000,0.000000,0.000000,0.000000,1.000000,0.000000,0.630000,0.000000,0.070000,0.000000
1777189236.619562,0,0.000000,0.000000,0.000000,0.000000,1.000000,0.000000,0.730000,0.000000,0.140000,0.000000
1777189236.620099,0,0.000000,0.000000,0.000000,0.000000,1.000000,0.000000,0.810000,0.000000,0.070000,0.020000
1777189236.620509,0,0.000000,0.000000,0.000000,0.000000,1.000000,0.000000,1.000000,0.000000,0.070000,0.000000
1777189236.621161,0,0.000000,0.000000,0.000000,0.000000,1.000000,0.000000,1.000000,0.000000,0.070000,0.000000
1777189236.676626,0,0.000000,0.000000,0.000000,0.000000,1.000000,0.000000,1.000000,0.000000,0.070000,0.070000
1777189236.735412,0,0.000000,0.000000,0.000000,0.000000,1.000000,0.000000,1.000000,0.000000,0.000000,0.070000
1777189236.805437,0,0.000000,0.000000,0.000000,0.000000,1.000000,0.000000,1.000000,0.000000,0.000000,0.020000
1777189236.861990,0,0.000000,0.000000,0.000000,0.000000,1.000000,0.000000,1.000000,0.000000,0.000000,0.000000
1777189236.918153,0,0.000000,0.000000,0.000000,0.000000,1.000000,0.000000,1.000000,0.000000,0.140000,0.020000
1777189236.918869,0,0.000000,0.000000,0.000000,0.000000,1.000000,0.000000,1.000000,0.000000,0.000000,0.000000
1777189236.975563,0,0.000000,0.000000,0.000000,0.000000,1.000000,0.000000,1.000000,0.000000,0.070000,0.000000
1777189236.976060,0,0.000000,0.000000,0.000000,0.000000,0.680000,0.000000,1.000000,0.000000,0.140000,0.020000
1777189236.976517,0,0.000000,0.000000,0.000000,0.000000,1.000000,0.000000,0.000000,0.000000,0.000000,0.020000
1777189236.977062,0,0.000000,0.000000,0.000000,0.000000,1.000000,0.000000,0.120000,0.000000,0.070000,0.000000
1777189236.977717,0,0.000000,0.000000,0.000000,0.000000,1.000000,0.000000,0.210000,0.000000,0.000000,0.000000
1777189236.978196,0,0.000000,0.000000,0.000000,0.000000,1.000000,0.000000,0.270000,0.000000,0.140000,0.020000
1777189237.008639,0,0.000000,0.000000,0.000000,0.000000,1.000000,0.000000,0.310000,0.000000,0.070000,0.020000
1777189237.043531,0,0.000000,0.000000,0.000000,0.000000,1.000000,0.000000,0.010000,0.000000,0.000000,0.000000
1777189237.044044,0,0.000000,0.000000,0.000000,0.000000,1.000000,0.000000,0.000000,0.000000,0.000000,0.000000
1777189237.079005,0,0.000000,0.000000,0.000000,0.000000,1.000000,0.000000,0.050000,0.000000,0.070000,0.000000
1777189237.079508,0,0.000000,0.000000,0.000000,0.000000,1.000000,0.000000,0.100000,0.000000,0.000000,0.000000
1777189237.080047,0,0.000000,0.000000,0.000000,0.000000,1.000000,0.000000,0.140000,0.000000,0.000000,0.210000
1777189237.146047,0,0.000000,0.000000,0.000000,0.000000,1.000000,0.000000,0.180000,0.000000,0.000000,0.070000
1777189237.146561,0,0.000000,0.000000,0.000000,0.000000,1.000000,0.000000,0.230000,0.000000,0.140000,0.000000
1777189237.147030,0,0.000000,0.000000,0.000000,0.000000,1.000000,0.000000,0.020000,0.000000,0.000000,0.000000
1777189237.147417,0,0.000000,0.000000,0.000000,0.000000,1.000000,0.000000,0.090000,0.000000,0.070000,0.000000
1777189237.148027,0,0.000000,0.000000,0.000000,0.000000,1.000000,0.000000,0.150000,0.000000,0.140000,0.020000
1777189237.148505,0,0.000000,0.000000,0.000000,0.000000,1.000000,0.000000,0.210000,0.000000,0.070000,0.020000
1777189237.212268,0,0.000000,0.000000,0.000000,0.000000,1.000000,0.000000,0.280000,0.000000,0.070000,0.000000
1777189237.212793,0,0.000000,0.000000,0.000000,0.000000,1.000000,0.000000,0.340000,0.000000,0.070000,0.000000
1777189237.213387,0,0.000000,0.000000,0.000000,0.000000,1.000000,0.000000,0.400000,0.000000,0.000000,0.070000
1777189237.213794,0,0.000000,0.000000,0.000000,0.000000,1.000000,0.000000,0.460000,0.000000,0.000000,0.000000
1777189237.214171,0,0.000000,0.000000,0.000000,0.000000,1.000000,0.000000,0.510000,0.000000,0.000000,0.000000
1777189237.280252,0,0.000000,0.000000,0.000000,0.000000,1.000000,0.000000,0.570000,0.000000,0.000000,0.000000
1777189237.280926,0,0.000000,0.000000,0.000000,0.000000,1.000000,0.000000,0.640000,0.000000,0.140000,0.000000
1777189237.281359,0,0.000000,0.000000,0.000000,0.000000,1.000000,0.000000,0.700000,0.000000,0.000000,0.000000
1777189237.346064,0,0.000000,0.000000,0.000000,0.000000,1.000000,0.000000,0.760000,0.000000,0.000000,0.000000
1777189237.346578,0,0.000000,0.000000,0.000000,0.000000,1.000000,0.000000,0.830000,0.000000,0.000000,0.020000
1777189237.347219,0,0.000000,0.000000,0.000000,0.000000,1.000000,0.000000,0.890000,0.000000,0.000000,0.000000
1777189237.347632,0,0.000000,0.000000,0.000000,0.000000,1.000000,0.000000,0.950000,0.000000,0.000000,0.000000
1777189237.348009,0,0.000000,0.000000,0.000000,0.000000,1.000000,0.000000,1.000000,0.000000,0.070000,0.000000
1777189237.412190,0,0.000000,0.000000,0.000000,0.000000,1.000000,0.000000,1.000000,0.000000,0.000000,0.020000
1777189237.412731,0,0.000000,0.000000,0.000000,0.000000,1.000000,0.000000,1.000000,0.000000,0.000000,0.000000
1777189237.413589,0,0.000000,0.000000,0.000000,0.000000,1.000000,0.000000,1.000000,0.000000,0.070000,0.000000
1777189237.414068,0,0.000000,0.000000,0.000000,0.000000,1.000000,0.000000,1.000000,0.000000,0.000000,0.000000
1777189237.480379,0,0.000000,0.000000,0.000000,0.000000,1.000000,0.000000,1.000000,0.000000,0.000000,0.000000
1777189237.480916,0,0.000000,0.000000,0.000000,0.000000,0.280000,0.000000,1.000000,0.000000,0.000000,0.000000
1777189237.481500,0,0.000000,0.000000,0.000000,0.000000,0.750000,0.000000,1.000000,0.000000,0.000000,0.020000
1777189237.545260,0,0.000000,0.000000,0.000000,0.000000,1.000000,0.000000,1.000000,0.000000,0.070000,0.000000
1777189237.545793,0,0.000000,0.000000,0.000000,0.000000,1.000000,0.000000,0.030000,0.000000,0.070000,0.000000
1777189237.546205,0,0.000000,0.000000,0.000000,0.000000,1.000000,0.000000,0.100000,0.000000,0.140000,0.070000
1777189237.546586,0,0.000000,0.000000,0.000000,0.000000,1.000000,0.000000,0.180000,0.000000,0.000000,0.000000
1777189237.547300,0,0.000000,0.000000,0.000000,0.000000,1.000000,0.000000,0.250000,0.000000,0.000000,0.000000
1777189237.581864,0,0.000000,0.000000,0.000000,0.000000,1.000000,0.000000,0.340000,0.000000,0.000000,0.020000
1777189237.582421,0,0.000000,0.000000,0.000000,0.000000,1.000000,0.000000,0.410000,0.000000,0.000000,0.000000
1777189237.616395,0,0.000000,0.000000,0.000000,0.000000,1.000000,0.000000,0.500000,0.000000,0.000000,0.100000
1777189237.651402,0,0.000000,0.000000,0.000000,0.000000,1.000000,0.000000,0.570000,0.000000,0.000000,0.000000
1777189237.651929,0,0.000000,0.000000,0.000000,0.000000,1.000000,0.000000,0.640000,0.000000,0.210000,0.000000
1777189237.652410,0,0.000000,0.000000,0.000000,0.000000,1.000000,0.000000,0.730000,0.000000,0.070000,0.000000
1777189237.686661,0,0.000000,0.000000,0.000000,0.000000,1.000000,0.000000,0.810000,0.000000,0.070000,0.000000
1777189237.687286,0,0.000000,0.000000,0.000000,0.000000,1.000000,0.000000,0.880000,0.000000,0.070000,0.000000
1777189237.687749,0,0.000000,0.000000,0.000000,0.000000,1.000000,0.000000,0.970000,0.000000,0.140000,0.000000
1777189237.722984,0,0.000000,0.000000,0.000000,0.000000,1.000000,0.000000,1.000000,0.000000,0.070000,0.000000
1777189237.723502,0,0.000000,0.000000,0.000000,0.000000,1.000000,0.000000,1.000000,0.000000,0.000000,0.020000
1777189237.759528,0,0.000000,0.000000,0.000000,0.000000,1.000000,0.000000,1.000000,0.000000,0.070000,0.000000
1777189237.824661,0,0.000000,0.000000,0.000000,0.000000,1.000000,0.000000,1.000000,0.000000,0.000000,0.020000
1777189237.825182,0,0.000000,0.000000,0.000000,0.000000,1.000000,0.000000,1.000000,0.000000,0.140000,0.000000
1777189237.825747,0,0.000000,0.000000,0.000000,0.000000,1.000000,0.000000,1.000000,0.000000,0.000000,0.020000
1777189237.826157,0,0.000000,0.000000,0.000000,0.000000,0.020000,0.000000,1.000000,0.000000,0.000000,0.000000
1777189237.826555,0,0.000000,0.000000,0.000000,0.000000,1.000000,0.000000,1.000000,0.000000,0.000000,0.020000
1777189237.826929,0,0.000000,0.000000,0.000000,0.000000,1.000000,0.000000,0.000000,0.000000,0.070000,0.000000
1777189237.890253,0,0.000000,0.000000,0.000000,0.000000,1.000000,0.000000,0.070000,0.000000,0.000000,0.020000
1777189237.890933,0,0.000000,0.000000,0.000000,0.000000,1.000000,0.000000,0.120000,0.000000,0.000000,0.070000
1777189237.891401,0,0.000000,0.000000,0.000000,0.000000,1.000000,0.000000,0.180000,0.000000,0.210000,0.000000
1777189237.925458,0,0.000000,0.000000,0.000000,0.000000,1.000000,0.000000,0.230000,0.000000,0.070000,0.000000
1777189237.959258,0,0.000000,0.000000,0.000000,0.000000,1.000000,0.000000,0.300000,0.000000,0.070000,0.180000
1777189237.959775,0,0.000000,0.000000,0.000000,0.000000,1.000000,0.000000,0.360000,0.000000,0.000000,0.000000
1777189237.993197,0,0.000000,0.000000,0.000000,0.000000,1.000000,0.000000,0.400000,0.000000,0.140000,0.000000
1777189237.993774,0,0.000000,0.000000,0.000000,0.000000,1.000000,0.000000,0.460000,0.000000,0.070000,0.000000
1777189237.994202,0,0.000000,0.000000,0.000000,0.000000,1.000000,0.000000,0.000000,0.000000,0.140000,0.020000
1777189238.028188,0,0.000000,0.000000,0.000000,0.000000,1.000000,0.000000,0.050000,0.000000,0.000000,0.020000
1777189238.061916,0,0.000000,0.000000,0.000000,0.000000,1.000000,0.000000,0.100000,0.000000,0.000000,0.000000
1777189238.062438,0,0.000000,0.000000,0.000000,0.000000,1.000000,0.000000,0.150000,0.000000,0.000000,0.020000
1777189238.062847,0,0.000000,0.000000,0.000000,0.000000,1.000000,0.000000,0.200000,0.000000,0.000000,0.020000
1777189238.063235,0,0.000000,0.000000,0.000000,0.000000,1.000000,0.000000,0.250000,0.000000,0.000000,0.000000
1777189238.096776,0,0.000000,0.000000,0.000000,0.000000,0.000000,0.000000,0.310000,0.000000,0.280000,0.000000
1777189238.097434,0,0.000000,0.000000,0.000000,0.000000,0.500000,0.000000,0.370000,0.000000,0.070000,0.210000
1777189238.131093,0,0.000000,0.000000,0.000000,0.000000,0.950000,0.000000,0.410000,0.000000,0.000000,0.020000
1777189238.131602,0,0.000000,0.000000,0.000000,0.000000,1.000000,0.000000,0.470000,0.000000,0.210000,0.000000
1777189238.165178,0,0.000000,0.000000,0.000000,0.000000,1.000000,0.000000,0.540000,0.000000,0.140000,0.000000
1777189238.198767,0,0.000000,0.000000,0.000000,0.000000,1.000000,0.000000,0.570000,0.000000,0.070000,0.000000
1777189238.231521,0,0.000000,0.000000,0.000000,0.000000,1.000000,0.000000,0.630000,0.000000,0.000000,0.000000
1777189238.232019,0,0.000000,0.000000,0.000000,0.000000,1.000000,0.000000,0.690000,0.000000,0.000000,0.020000
1777189238.232412,0,0.000000,0.000000,0.000000,0.000000,1.000000,0.000000,0.750000,0.000000,0.000000,0.000000
1777189238.232792,0,0.000000,0.000000,0.000000,0.000000,1.000000,0.000000,0.800000,0.000000,0.210000,0.000000
1777189238.233166,0,0.000000,0.000000,0.000000,0.000000,1.000000,0.000000,0.860000,0.000000,0.000000,0.000000
1777189238.265920,0,0.000000,0.000000,0.000000,0.000000,1.000000,0.000000,0.910000,0.000000,0.000000,0.000000
1777189238.299013,0,0.000000,0.000000,0.000000,0.000000,1.000000,0.000000,0.950000,0.000000,0.210000,0.000000
1777189238.299599,0,0.000000,0.000000,0.000000,0.000000,1.000000,0.000000,0.000000,0.000000,0.140000,0.020000
1777189238.334030,0,0.000000,0.000000,0.000000,0.000000,1.000000,0.000000,0.070000,0.000000,0.000000,0.020000
1777189238.334534,0,0.000000,0.000000,0.000000,0.000000,1.000000,0.000000,0.120000,0.000000,0.000000,0.000000
1777189238.334924,0,0.000000,0.000000,0.000000,0.000000,1.000000,0.000000,0.200000,0.000000,0.000000,0.020000
1777189238.367649,0,0.000000,0.000000,0.000000,0.000000,1.000000,0.000000,0.250000,0.000000,0.070000,0.020000
1777189238.368162,0,0.000000,0.000000,0.000000,0.000000,1.000000,0.000000,0.300000,0.000000,0.000000,0.000000
1777189238.368564,0,0.000000,0.000000,0.000000,0.000000,1.000000,0.000000,0.360000,0.000000,0.140000,0.000000
1777189238.429134,0,0.000000,0.000000,0.000000,0.000000,1.000000,0.000000,0.430000,0.000000,0.000000,0.150000
1777189238.429927,0,0.000000,0.000000,0.000000,0.000000,1.000000,0.000000,0.490000,0.000000,0.000000,0.000000
1777189238.430353,0,0.000000,0.000000,0.000000,0.000000,1.000000,0.000000,0.540000,0.000000,0.000000,0.000000
1777189238.490432,0,0.000000,0.000000,0.000000,0.000000,1.000000,0.000000,0.610000,0.000000,0.000000,0.020000
1777189238.490965,0,0.000000,0.000000,0.000000,0.000000,1.000000,0.000000,0.670000,0.000000,0.140000,0.000000
1777189238.575435,0,0.000000,0.000000,0.000000,0.000000,1.000000,0.000000,0.730000,0.000000,0.000000,0.000000
1777189238.576183,0,0.000000,0.000000,0.000000,0.000000,1.000000,0.000000,0.790000,0.000000,0.000000,0.000000
1777189238.608903,0,0.000000,0.000000,0.000000,0.000000,1.000000,0.000000,0.950000,0.000000,0.000000,0.180000
1777189238.609465,0,0.000000,0.000000,0.000000,0.000000,1.000000,0.000000,1.000000,0.000000,0.000000,0.000000
1777189238.642123,0,0.000000,0.000000,0.000000,0.000000,0.890000,0.000000,1.000000,0.000000,0.070000,0.070000
1777189238.642632,0,0.000000,0.000000,0.000000,0.000000,1.000000,0.000000,1.000000,0.000000,0.000000,0.000000
1777189238.643022,0,0.000000,0.000000,0.000000,0.000000,1.000000,0.000000,1.000000,0.000000,0.070000,0.020000
1777189238.676128,0,0.000000,0.000000,0.000000,0.000000,1.000000,0.000000,1.000000,0.000000,0.000000,0.000000
1777189238.676646,0,0.000000,0.000000,0.000000,0.000000,1.000000,0.000000,1.000000,0.000000,0.070000,0.000000
1777189238.741082,0,0.000000,0.000000,0.000000,0.000000,1.000000,0.000000,1.000000,0.000000,0.070000,0.000000
1777189238.741609,0,0.000000,0.000000,0.000000,0.000000,1.000000,0.000000,1.000000,0.000000,0.000000,0.000000
1777189238.742294,0,0.000000,0.000000,0.000000,0.000000,1.000000,0.000000,1.000000,0.000000,0.070000,0.000000
1777189238.742725,0,0.000000,0.000000,0.000000,0.000000,1.000000,0.000000,1.000000,0.000000,0.070000,0.020000
1777189238.743124,0,0.000000,0.000000,0.000000,0.000000,1.000000,0.000000,1.000000,0.000000,0.000000,0.000000
1777189238.806527,0,0.000000,0.000000,0.000000,0.000000,1.000000,0.000000,1.000000,0.000000,0.140000,0.000000
1777189238.807284,0,0.000000,0.000000,0.000000,0.000000,1.000000,0.000000,0.000000,0.000000,0.000000,0.000000
1777189238.807982,0,0.000000,0.000000,0.000000,0.000000,1.000000,0.000000,0.050000,0.000000,0.000000,0.000000
1777189238.839462,0,0.000000,0.000000,0.000000,0.000000,1.000000,0.000000,0.100000,0.000000,0.000000,0.000000
1777189238.839965,0,0.000000,0.000000,0.000000,0.000000,1.000000,0.000000,0.150000,0.000000,0.000000,0.000000
1777189238.840357,0,0.000000,0.000000,0.000000,0.000000,1.000000,0.000000,0.200000,0.000000,0.070000,0.000000
1777189238.840840,0,0.000000,0.000000,0.000000,0.000000,1.000000,0.000000,0.250000,0.000000,0.070000,0.000000
1777189238.873098,0,0.000000,0.000000,0.000000,0.000000,1.000000,0.000000,0.310000,0.000000,0.140000,0.000000
1777189238.905459,0,0.000000,0.000000,0.000000,0.000000,0.110000,0.000000,0.340000,0.000000,0.070000,0.020000
1777189238.905962,0,0.000000,0.000000,0.000000,0.000000,0.620000,0.000000,0.000000,0.000000,0.070000,0.000000
1777189238.938118,0,0.000000,0.000000,0.000000,0.000000,1.000000,0.000000,0.000000,0.000000,0.000000,0.000000
1777189238.970269,0,0.000000,0.000000,0.000000,0.000000,1.000000,0.000000,0.050000,0.000000,0.000000,0.020000
1777189239.002727,0,0.000000,0.000000,0.000000,0.000000,1.000000,0.000000,0.100000,0.000000,0.070000,0.000000
1777189239.003423,0,0.000000,0.000000,0.000000,0.000000,1.000000,0.000000,0.000000,0.000000,0.000000,0.370000
1777189239.004083,0,0.000000,0.000000,0.000000,0.000000,1.000000,0.000000,0.050000,0.000000,0.070000,0.000000
1777189239.004679,0,0.000000,0.000000,0.000000,0.000000,1.000000,0.000000,0.110000,0.000000,0.000000,0.020000
1777189239.036985,0,0.000000,0.000000,0.000000,0.000000,1.000000,0.000000,0.250000,0.000000,0.000000,0.000000
1777189239.037498,0,0.000000,0.000000,0.000000,0.000000,1.000000,0.000000,0.330000,0.000000,0.000000,0.000000
1777189239.068772,0,0.000000,0.000000,0.000000,0.000000,1.000000,0.000000,0.400000,0.000000,0.140000,0.000000
1777189239.069288,0,0.000000,0.000000,0.000000,0.000000,0.110000,0.000000,0.460000,0.000000,0.070000,0.000000
1777189239.100876,0,0.000000,0.000000,0.000000,0.000000,0.620000,0.000000,0.540000,0.000000,0.140000,0.000000
1777189239.133978,0,0.000000,0.000000,0.000000,0.000000,1.000000,0.000000,0.610000,0.000000,0.070000,0.000000
1777189239.134474,0,0.000000,0.000000,0.000000,0.000000,1.000000,0.000000,0.670000,0.000000,0.000000,0.020000
1777189239.134868,0,0.000000,0.000000,0.000000,0.000000,1.000000,0.000000,0.740000,0.000000,0.070000,0.000000
1777189239.135419,0,0.000000,0.000000,0.000000,0.000000,0.180000,0.000000,0.800000,0.000000,0.070000,0.000000
1777189239.168222,0,0.000000,0.000000,0.000000,0.000000,0.510000,0.000000,0.870000,0.000000,0.000000,0.020000
1777189239.169128,0,0.000000,0.000000,0.000000,0.000000,0.890000,0.000000,0.930000,0.000000,0.070000,0.000000
1777189239.202461,0,0.000000,0.000000,0.000000,0.000000,0.100000,0.000000,1.000000,0.000000,0.000000,0.180000
1777189239.202976,0,0.000000,0.000000,0.000000,0.000000,0.370000,0.000000,1.000000,0.000000,0.000000,0.000000
1777189239.236057,0,0.000000,0.000000,0.000000,0.000000,0.660000,0.000000,1.000000,0.000000,0.140000,0.000000
1777189239.268905,0,0.000000,0.000000,0.000000,0.000000,0.930000,0.000000,1.000000,0.000000,0.140000,0.000000
1777189239.269426,0,0.000000,0.000000,0.000000,0.000000,1.000000,0.000000,1.000000,0.000000,0.000000,0.000000
1777189239.269824,0,0.000000,0.000000,0.000000,0.000000,1.000000,0.000000,1.000000,0.000000,0.070000,0.000000
1777189239.270291,0,0.000000,0.000000,0.000000,0.000000,1.000000,0.000000,1.000000,0.000000,0.070000,0.000000
1777189239.340325,0,0.000000,0.000000,0.000000,0.000000,1.000000,0.000000,1.000000,0.000000,0.000000,0.000000
1777189239.401613,0,0.000000,0.000000,0.000000,0.000000,1.000000,0.000000,1.000000,0.000000,0.000000,0.000000
1777189239.402141,0,0.000000,0.000000,0.000000,0.000000,1.000000,0.000000,1.000000,0.000000,0.070000,0.000000
1777189239.402556,0,0.000000,0.000000,0.000000,0.000000,1.000000,0.000000,1.000000,0.000000,0.070000,0.000000
1777189239.402957,0,0.000000,0.000000,0.000000,0.000000,1.000000,0.000000,1.000000,0.000000,0.000000,0.000000
1777189239.403338,0,0.000000,0.000000,0.000000,0.000000,1.000000,0.000000,1.000000,0.000000,0.000000,0.020000
1777189239.463868,0,0.000000,0.000000,0.000000,0.000000,1.000000,0.000000,1.000000,0.000000,0.000000,0.020000
1777189239.464404,0,0.000000,0.000000,0.000000,0.000000,1.000000,0.000000,1.000000,0.000000,0.210000,0.020000
1777189239.464969,0,0.000000,0.000000,0.000000,0.000000,1.000000,0.000000,1.000000,0.000000,0.000000,0.070000
1777189239.465377,0,0.000000,0.000000,0.000000,0.000000,1.000000,0.000000,1.000000,0.000000,0.000000,0.000000
1777189239.496870,0,0.000000,0.000000,0.000000,0.000000,1.000000,0.000000,1.000000,0.000000,0.070000,0.000000
1777189239.528003,0,0.000000,0.000000,0.000000,0.000000,1.000000,0.000000,1.000000,0.000000,0.140000,0.000000
1777189239.528514,0,0.000000,0.000000,0.000000,0.000000,1.000000,0.000000,1.000000,0.000000,0.000000,0.020000
1777189239.529084,0,0.000000,0.000000,0.000000,0.000000,0.070000,0.000000,1.000000,0.000000,0.070000,0.000000
1777189239.570768,0,0.000000,0.000000,0.000000,0.000000,0.330000,0.000000,1.000000,0.000000,0.140000,0.000000
1777189239.602653,0,0.000000,0.000000,0.000000,0.000000,0.610000,0.000000,1.000000,0.000000,0.070000,0.000000
1777189239.603170,0,0.000000,0.000000,0.000000,0.000000,0.120000,0.000000,1.000000,0.000000,0.140000,0.000000
1777189239.603565,0,0.000000,0.000000,0.000000,0.000000,0.430000,0.000000,1.000000,0.000000,0.070000,0.000000
1777189239.636549,0,0.000000,0.000000,0.000000,0.000000,0.700000,0.000000,1.000000,0.000000,0.070000,0.000000
1777189239.637043,0,0.000000,0.000000,0.000000,0.000000,1.000000,0.000000,1.000000,0.000000,0.070000,0.000000
1777189239.670116,0,0.000000,0.000000,0.000000,0.000000,1.000000,0.000000,1.000000,0.000000,0.000000,0.070000
1777189239.670632,0,0.000000,0.000000,0.000000,0.000000,1.000000,0.000000,1.000000,0.000000,0.000000,0.020000
1777189239.671032,0,0.000000,0.000000,0.000000,0.000000,1.000000,0.000000,1.000000,0.000000,0.000000,0.020000
1777189239.704763,0,0.000000,0.000000,0.000000,0.000000,1.000000,0.000000,1.000000,0.000000,0.000000,0.000000
1777189239.741654,0,0.000000,0.000000,0.000000,0.000000,1.000000,0.000000,1.000000,0.000000,0.000000,0.000000
1777189239.742210,0,0.000000,0.000000,0.000000,0.000000,1.000000,0.000000,1.000000,0.000000,0.000000,0.000000
1777189239.742604,0,0.000000,0.000000,0.000000,0.000000,1.000000,0.000000,1.000000,0.000000,0.070000,0.000000
1777189239.776171,0,0.000000,0.000000,0.000000,0.000000,1.000000,0.000000,1.000000,0.000000,0.070000,0.000000
1777189239.776682,0,0.000000,0.000000,0.000000,0.000000,1.000000,0.000000,1.000000,0.000000,0.070000,0.000000
1777189239.777075,0,0.000000,0.000000,0.000000,0.000000,1.000000,0.000000,1.000000,0.000000,0.140000,0.150000
1777189239.811695,0,0.000000,0.000000,0.000000,0.000000,1.000000,0.000000,1.000000,0.000000,0.000000,0.000000
1777189239.844161,0,0.000000,0.000000,0.000000,0.000000,1.000000,0.000000,1.000000,0.000000,0.140000,0.000000
1777189239.844676,0,0.000000,0.000000,0.000000,0.000000,1.000000,0.000000,1.000000,0.000000,0.070000,0.020000
1777189239.907495,0,0.000000,0.000000,0.000000,0.000000,1.000000,0.000000,1.000000,0.000000,0.000000,0.020000
1777189239.908051,0,0.000000,0.000000,0.000000,0.000000,1.000000,0.000000,1.000000,0.000000,0.000000,0.020000
1777189239.908486,0,0.000000,0.000000,0.000000,0.000000,0.070000,0.000000,1.000000,0.000000,0.000000,0.000000
1777189239.908880,0,0.000000,0.000000,0.000000,0.000000,0.340000,0.000000,1.000000,0.000000,0.000000,0.020000
1777189239.909298,0,0.000000,0.000000,0.000000,0.000000,0.930000,0.000000,1.000000,0.000000,0.070000,0.000000
1777189239.910013,0,0.000000,0.000000,0.000000,0.000000,1.000000,0.000000,1.000000,0.000000,0.070000,0.070000
1777189239.971314,0,0.000000,0.000000,0.000000,0.000000,1.000000,0.000000,1.000000,0.000000,0.140000,0.000000
1777189239.971833,0,0.000000,0.000000,0.000000,0.000000,1.000000,0.000000,1.000000,0.000000,0.070000,0.070000
1777189239.972239,0,0.000000,0.000000,0.000000,0.000000,1.000000,0.000000,1.000000,0.000000,0.070000,0.000000
1777189240.032852,0,0.000000,0.000000,0.000000,0.000000,1.000000,0.000000,1.000000,0.000000,0.000000,0.020000
1777189240.033376,0,0.000000,0.000000,0.000000,0.000000,1.000000,0.000000,1.000000,0.000000,0.070000,0.100000
1777189240.033779,0,0.000000,0.000000,0.000000,0.000000,1.000000,0.000000,1.000000,0.000000,0.000000,0.000000
1777189240.093981,0,0.000000,0.000000,0.000000,0.000000,0.230000,0.000000,1.000000,0.000000,0.140000,0.000000
1777189240.094518,0,0.000000,0.000000,0.000000,0.000000,0.510000,0.000000,1.000000,0.000000,0.140000,0.070000
1777189240.095225,0,0.000000,0.000000,0.000000,0.000000,0.790000,0.000000,1.000000,0.000000,0.070000,0.000000
1777189240.156339,0,0.000000,0.000000,0.000000,0.000000,1.000000,0.000000,1.000000,0.000000,0.000000,0.000000
1777189240.156914,0,0.000000,0.000000,0.000000,0.000000,1.000000,0.000000,1.000000,0.000000,0.000000,0.020000
1777189240.157317,0,0.000000,0.000000,0.000000,0.000000,1.000000,0.000000,1.000000,0.000000,0.000000,0.020000
1777189240.157701,0,0.000000,0.000000,0.000000,0.000000,1.000000,0.000000,1.000000,0.000000,0.000000,0.000000
1777189240.158427,0,0.000000,0.000000,0.000000,0.000000,1.000000,0.000000,1.000000,0.000000,0.000000,0.000000
1777189240.158872,0,0.000000,0.000000,0.000000,0.000000,1.000000,0.000000,1.000000,0.000000,0.000000,0.000000
1777189240.159262,0,0.000000,0.000000,0.000000,0.000000,0.200000,0.000000,0.000000,0.000000,0.070000,0.000000
1777189240.219932,0,0.000000,0.000000,0.000000,0.000000,0.460000,0.000000,0.070000,0.000000,0.000000,0.000000
1777189240.220467,0,0.000000,0.000000,0.000000,0.000000,0.760000,0.000000,0.150000,0.000000,0.000000,0.020000
1777189240.281707,0,0.000000,0.000000,0.000000,0.000000,1.000000,0.000000,0.210000,0.000000,0.070000,0.020000
1777189240.282241,0,0.000000,0.000000,0.000000,0.000000,1.000000,0.000000,0.280000,0.000000,0.000000,0.000000
1777189240.282648,0,0.000000,0.000000,0.000000,0.000000,1.000000,0.000000,0.340000,0.000000,0.070000,0.020000
1777189240.283041,0,0.000000,0.000000,0.000000,0.000000,1.000000,0.000000,0.410000,0.000000,0.000000,0.020000
1777189240.284406,0,0.000000,0.000000,0.000000,0.000000,1.000000,0.000000,0.490000,0.000000,0.070000,0.000000
1777189240.317347,0,0.000000,0.000000,0.000000,0.000000,0.000000,0.000000,0.050000,0.000000,0.870000,0.000000
1777189240.354021,0,0.000000,0.000000,0.000000,0.000000,0.300000,0.000000,0.200000,0.000000,0.000000,0.000000
1777189240.355385,0,0.000000,0.000000,0.000000,0.000000,0.560000,0.000000,0.340000,0.000000,0.000000,0.020000
1777189240.355938,0,0.000000,0.000000,0.000000,0.000000,0.830000,0.000000,0.500000,0.000000,0.000000,0.000000
1777189240.356535,0,0.000000,0.000000,0.000000,0.000000,1.000000,0.000000,0.660000,0.000000,0.000000,0.000000
1777189240.409780,0,0.000000,0.000000,0.000000,0.000000,1.000000,0.000000,0.810000,0.000000,0.000000,0.000000
1777189240.410378,0,0.000000,0.000000,0.000000,0.000000,1.000000,0.000000,0.950000,0.000000,0.000000,0.000000
1777189240.410892,0,0.000000,0.000000,0.000000,0.000000,1.000000,0.000000,1.000000,0.000000,0.070000,0.020000
1777189240.411591,0,0.000000,0.000000,0.000000,0.000000,1.000000,0.000000,1.000000,0.000000,0.210000,0.000000
1777189240.412130,0,0.000000,0.000000,0.000000,0.000000,1.000000,0.000000,1.000000,0.000000,0.000000,0.000000
1777189240.457533,0,0.000000,0.000000,0.000000,0.000000,1.000000,0.000000,1.000000,0.000000,0.000000,0.020000
1777189240.458170,0,0.000000,0.000000,0.000000,0.000000,1.000000,0.000000,0.020000,0.000000,0.140000,0.020000
1777189240.458783,0,0.000000,0.000000,0.000000,0.000000,1.000000,0.000000,0.150000,0.000000,0.070000,0.000000
1777189240.500371,0,0.000000,0.000000,0.000000,0.000000,1.000000,0.000000,0.310000,0.000000,0.070000,0.000000
1777189240.500993,0,0.000000,0.000000,0.000000,0.000000,1.000000,0.000000,0.430000,0.000000,0.000000,0.020000
1777189240.501556,0,0.000000,0.000000,0.000000,0.000000,1.000000,0.000000,0.570000,0.000000,0.000000,0.000000
1777189240.547287,0,0.000000,0.000000,0.000000,0.000000,1.000000,0.000000,0.720000,0.000000,0.070000,0.070000
1777189240.547984,0,0.000000,0.000000,0.000000,0.000000,1.000000,0.000000,0.850000,0.000000,0.070000,0.150000
1777189240.548500,0,0.000000,0.000000,0.000000,0.000000,1.000000,0.000000,0.990000,0.000000,0.000000,0.020000
1777189240.596768,0,0.000000,0.000000,0.000000,0.000000,1.000000,0.000000,1.000000,0.000000,0.070000,0.000000
1777189240.597463,0,0.000000,0.000000,0.000000,0.000000,1.000000,0.000000,1.000000,0.000000,0.000000,0.000000
1777189240.597983,0,0.000000,0.000000,0.000000,0.000000,1.000000,0.000000,1.000000,0.000000,0.000000,0.000000
1777189240.651111,0,0.000000,0.000000,0.000000,0.000000,1.000000,0.000000,1.000000,0.000000,0.000000,0.000000
1777189240.651802,0,0.000000,0.000000,0.000000,0.000000,1.000000,0.000000,1.000000,0.000000,0.000000,0.000000
1777189240.652545,0,0.000000,0.000000,0.000000,0.000000,1.000000,0.000000,1.000000,0.000000,0.140000,0.020000
1777189240.675854,0,0.000000,0.000000,0.000000,0.000000,1.000000,0.000000,1.000000,0.000000,0.140000,0.000000
1777189240.698626,0,0.000000,0.000000,0.000000,0.000000,1.000000,0.000000,1.000000,0.000000,0.000000,0.000000
1777189240.722232,0,0.000000,0.000000,0.000000,0.000000,1.000000,0.000000,1.000000,0.000000,0.070000,0.000000
1777189240.748311,0,0.000000,0.000000,0.000000,0.000000,0.050000,0.000000,1.000000,0.000000,0.000000,0.020000
1777189240.748979,0,0.000000,0.000000,0.000000,0.000000,0.340000,0.000000,1.000000,0.000000,0.000000,0.000000
1777189240.749486,0,0.000000,0.000000,0.000000,0.000000,0.630000,0.000000,1.000000,0.000000,0.070000,0.150000
1777189240.775511,0,0.000000,0.000000,0.000000,0.000000,0.930000,0.000000,1.000000,0.000000,0.070000,0.020000
1777189240.802977,0,0.000000,0.000000,0.000000,0.000000,1.000000,0.000000,1.000000,0.000000,0.000000,0.000000
1777189240.828417,0,0.000000,0.000000,0.000000,0.000000,1.000000,0.000000,1.000000,0.000000,0.000000,0.020000
1777189240.829053,0,0.000000,0.000000,0.000000,0.000000,1.000000,0.000000,1.000000,0.000000,0.000000,0.020000
1777189240.829602,0,0.000000,0.000000,0.000000,0.000000,1.000000,0.000000,1.000000,0.000000,0.000000,0.070000
1777189240.878350,0,0.000000,0.000000,0.000000,0.000000,1.000000,0.000000,1.000000,0.000000,0.140000,0.000000
1777189240.879066,0,0.000000,0.000000,0.000000,0.000000,1.000000,0.000000,1.000000,0.000000,0.070000,0.000000
1777189240.879630,0,0.000000,0.000000,0.000000,0.000000,1.000000,0.000000,1.000000,0.000000,0.210000,0.000000
1777189240.880172,0,0.000000,0.000000,0.000000,0.000000,1.000000,0.000000,1.000000,0.000000,0.000000,0.000000
1777189240.880741,0,0.000000,0.000000,0.000000,0.000000,1.000000,0.000000,1.000000,0.000000,0.070000,0.000000
1777189240.922201,0,0.000000,0.000000,0.000000,0.000000,1.000000,0.000000,1.000000,0.000000,0.070000,0.000000
1777189240.922820,0,0.000000,0.000000,0.000000,0.000000,1.000000,0.000000,1.000000,0.000000,0.070000,0.020000
1777189240.965364,0,0.000000,0.000000,0.000000,0.000000,1.000000,0.000000,1.000000,0.000000,0.140000,0.000000
1777189240.966084,0,0.000000,0.000000,0.000000,0.000000,1.000000,0.000000,1.000000,0.000000,0.000000,0.100000
1777189240.966610,0,0.000000,0.000000,0.000000,0.000000,1.000000,0.000000,1.000000,0.000000,0.000000,0.000000
1777189241.010263,0,0.000000,0.000000,0.000000,0.000000,1.000000,0.000000,1.000000,0.000000,0.000000,0.070000
1777189241.011054,0,0.000000,0.000000,0.000000,0.000000,1.000000,0.000000,1.000000,0.000000,0.000000,0.000000
1777189241.035763,0,0.000000,0.000000,0.000000,0.000000,0.120000,0.000000,1.000000,0.000000,0.000000,0.000000
1777189241.036452,0,0.000000,0.000000,0.000000,0.000000,0.380000,0.000000,1.000000,0.000000,0.000000,0.000000
1777189241.060935,0,0.000000,0.000000,0.000000,0.000000,0.680000,0.000000,1.000000,0.000000,0.000000,0.000000
1777189241.084387,0,0.000000,0.000000,0.000000,0.000000,0.950000,0.000000,0.050000,0.000000,0.070000,0.000000
1777189241.085095,0,0.000000,0.000000,0.000000,0.000000,1.000000,0.000000,0.180000,0.000000,0.070000,0.000000
1777189241.131066,0,0.000000,0.000000,0.000000,0.000000,1.000000,0.000000,0.330000,0.000000,0.070000,0.020000
1777189241.131694,0,0.000000,0.000000,0.000000,0.000000,1.000000,0.000000,0.460000,0.000000,0.070000,0.020000
1777189241.132288,0,0.000000,0.000000,0.000000,0.000000,1.000000,0.000000,0.600000,0.000000,0.070000,0.000000
1777189241.132888,0,0.000000,0.000000,0.000000,0.000000,1.000000,0.000000,0.750000,0.000000,0.070000,0.000000
1777189241.179060,0,0.000000,0.000000,0.000000,0.000000,1.000000,0.000000,0.870000,0.000000,0.070000,0.000000
1777189241.179753,0,0.000000,0.000000,0.000000,0.000000,1.000000,0.000000,1.000000,0.000000,0.140000,0.150000
1777189241.180271,0,0.000000,0.000000,0.000000,0.000000,1.000000,0.000000,1.000000,0.000000,0.000000,0.000000
1777189241.226616,0,0.000000,0.000000,0.000000,0.000000,1.000000,0.000000,1.000000,0.000000,0.070000,0.000000
1777189241.227258,0,0.000000,0.000000,0.000000,0.000000,1.000000,0.000000,1.000000,0.000000,0.000000,0.020000
1777189241.227865,0,0.000000,0.000000,0.000000,0.000000,1.000000,0.000000,1.000000,0.000000,0.070000,0.000000
1777189241.228411,0,0.000000,0.000000,0.000000,0.000000,1.000000,0.000000,1.000000,0.000000,0.000000,0.000000
1777189241.275599,0,0.000000,0.000000,0.000000,0.000000,1.000000,0.000000,1.000000,0.000000,0.000000,0.020000
1777189241.276305,0,0.000000,0.000000,0.000000,0.000000,1.000000,0.000000,1.000000,0.000000,0.000000,0.020000
1777189241.276833,0,0.000000,0.000000,0.000000,0.000000,1.000000,0.000000,1.000000,0.000000,0.000000,0.020000
1777189241.323138,0,0.000000,0.000000,0.000000,0.000000,1.000000,0.000000,1.000000,0.000000,0.000000,0.180000
1777189241.323837,0,0.000000,0.000000,0.000000,0.000000,1.000000,0.000000,1.000000,0.000000,0.000000,0.000000
1777189241.324362,0,0.000000,0.000000,0.000000,0.000000,1.000000,0.000000,1.000000,0.000000,0.070000,0.000000
1777189241.371094,0,0.000000,0.000000,0.000000,0.000000,1.000000,0.000000,1.000000,0.000000,0.000000,0.180000
1777189241.371732,0,0.000000,0.000000,0.000000,0.000000,1.000000,0.000000,1.000000,0.000000,0.000000,0.000000
1777189241.372303,0,0.000000,0.000000,0.000000,0.000000,1.000000,0.000000,1.000000,0.000000,0.070000,0.000000
1777189241.413781,0,0.000000,0.000000,0.000000,0.000000,1.000000,0.000000,1.000000,0.000000,0.000000,0.000000
1777189241.414535,0,0.000000,0.000000,0.000000,0.000000,1.000000,0.000000,1.000000,0.000000,0.070000,0.000000
1777189241.415057,0,0.000000,0.000000,0.000000,0.000000,1.000000,0.000000,1.000000,0.000000,0.070000,0.000000
1777189241.456749,0,0.000000,0.000000,0.000000,0.000000,1.000000,0.000000,1.000000,0.000000,0.140000,0.020000
1777189241.457461,0,0.000000,0.000000,0.000000,0.000000,1.000000,0.000000,1.000000,0.000000,0.000000,0.000000
1777189241.499595,0,0.000000,0.000000,0.000000,0.000000,1.000000,0.000000,1.000000,0.000000,0.000000,0.000000
1777189241.500272,0,0.000000,0.000000,0.000000,0.000000,1.000000,0.000000,1.000000,0.000000,0.000000,0.000000
1777189241.500788,0,0.000000,0.000000,0.000000,0.000000,1.000000,0.000000,1.000000,0.000000,0.000000,0.000000
1777189241.543246,0,0.000000,0.000000,0.000000,0.000000,1.000000,0.000000,1.000000,0.000000,0.140000,0.000000
1777189241.543891,0,0.000000,0.000000,0.000000,0.000000,1.000000,0.000000,1.000000,0.000000,0.140000,0.020000
1777189241.544547,0,0.000000,0.000000,0.000000,0.000000,1.000000,0.000000,1.000000,0.000000,0.070000,0.180000
1777189241.588084,0,0.000000,0.000000,0.000000,0.000000,1.000000,0.000000,1.000000,0.000000,0.070000,0.000000
1777189241.588732,0,0.000000,0.000000,0.000000,0.000000,1.000000,0.000000,1.000000,0.000000,0.000000,0.020000
1777189241.589297,0,0.000000,0.000000,0.000000,0.000000,1.000000,0.000000,1.000000,0.000000,0.070000,0.000000
1777189241.632210,0,0.000000,0.000000,0.000000,0.000000,1.000000,0.000000,1.000000,0.000000,0.140000,0.000000
1777189241.632831,0,0.000000,0.000000,0.000000,0.000000,1.000000,0.000000,1.000000,278.600000,0.000000,0.000000
1777189241.633355,0,0.000000,0.000000,0.000000,0.000000,1.000000,0.000000,1.000000,151.190000,0.070000,0.000000
1777189241.684104,0,0.000000,0.000000,0.000000,0.000000,1.000000,0.000000,1.000000,223.670000,0.070000,0.020000
1777189241.684858,0,0.000000,0.000000,0.000000,0.000000,1.000000,0.000000,1.000000,59.930000,0.000000,0.020000
1777189241.732373,0,0.000000,0.000000,0.000000,0.000000,1.000000,0.000000,1.000000,27.040000,0.000000,0.020000
1777189241.733008,0,0.000000,0.000000,0.000000,0.000000,1.000000,0.000000,1.000000,0.000000,0.000000,0.000000
1777189241.733646,0,0.000000,0.000000,0.000000,0.000000,1.000000,0.000000,0.000000,0.000000,0.000000,0.830000
1777189241.783708,0,0.000000,0.000000,0.000000,0.000000,1.000000,0.000000,0.120000,0.000000,0.070000,0.000000
1777189241.784400,0,0.000000,0.000000,0.000000,0.000000,1.000000,0.000000,0.270000,0.000000,0.070000,0.000000
1777189241.812165,0,0.000000,0.000000,0.000000,0.000000,1.000000,0.000000,0.400000,0.000000,0.070000,0.000000
1777189241.812855,0,0.000000,0.000000,0.000000,0.000000,1.000000,0.000000,0.540000,0.000000,0.000000,0.020000
1777189241.837983,0,0.000000,0.000000,0.000000,0.000000,1.000000,0.000000,0.680000,0.000000,0.140000,0.000000
1777189241.838692,0,0.000000,0.000000,0.000000,0.000000,1.000000,0.000000,0.820000,0.000000,0.070000,0.000000
1777189241.864804,0,0.000000,0.000000,0.000000,0.000000,1.000000,0.000000,0.950000,0.000000,0.070000,0.000000
1777189241.892489,0,0.000000,0.000000,0.000000,0.000000,1.000000,0.000000,1.000000,0.000000,0.000000,0.000000
1777189241.919115,0,0.000000,0.000000,0.000000,0.000000,1.000000,0.000000,1.000000,0.000000,0.000000,0.020000
1777189241.919761,0,0.000000,0.000000,0.000000,0.000000,1.000000,0.000000,1.000000,0.000000,0.000000,0.000000
1777189241.920348,0,0.000000,0.000000,0.000000,0.000000,1.000000,0.000000,1.000000,0.000000,0.000000,0.000000
1777189241.920889,0,0.000000,0.000000,0.000000,0.000000,1.000000,0.000000,1.000000,0.000000,0.000000,0.000000
1777189241.948498,0,0.000000,0.000000,0.000000,0.000000,1.000000,0.000000,1.000000,0.000000,0.000000,0.020000
1777189241.949134,0,0.000000,0.000000,0.000000,0.000000,1.000000,0.000000,1.000000,0.000000,0.140000,0.000000
1777189242.000265,0,0.000000,0.000000,0.000000,0.000000,1.000000,0.000000,1.000000,0.000000,0.070000,0.000000
1777189242.000962,0,0.000000,0.000000,0.000000,0.000000,1.000000,0.000000,1.000000,0.000000,0.140000,0.000000
1777189242.001503,0,0.000000,0.000000,0.000000,0.000000,1.000000,0.000000,1.000000,0.000000,0.140000,0.000000
1777189242.002039,0,0.000000,0.000000,0.000000,0.000000,1.000000,0.000000,1.000000,0.000000,0.000000,0.000000
1777189242.002565,0,0.000000,0.000000,0.000000,0.000000,1.000000,0.000000,1.000000,0.000000,0.000000,0.000000
1777189242.052197,0,0.000000,0.000000,0.000000,0.000000,1.000000,0.000000,1.000000,0.000000,0.070000,0.020000
1777189242.052844,0,0.000000,0.000000,0.000000,0.000000,1.000000,0.000000,1.000000,0.000000,0.140000,0.000000
1777189242.053446,0,0.000000,0.000000,0.000000,0.000000,1.000000,0.000000,1.000000,0.000000,0.070000,0.000000
1777189242.103797,0,0.000000,0.000000,0.000000,0.000000,1.000000,0.000000,1.000000,0.000000,0.070000,0.020000
1777189242.104465,0,0.000000,0.000000,0.000000,0.000000,1.000000,0.000000,1.000000,0.000000,0.070000,0.000000
1777189242.105009,0,0.000000,0.000000,0.000000,0.000000,1.000000,0.000000,1.000000,0.000000,0.070000,0.000000
1777189242.155628,0,0.000000,0.000000,0.000000,0.000000,1.000000,0.000000,1.000000,0.000000,0.140000,0.000000
1777189242.156295,0,0.000000,0.000000,0.000000,0.000000,1.000000,0.000000,1.000000,0.000000,0.000000,0.000000
1777189242.156850,0,0.000000,0.000000,0.000000,0.000000,1.000000,0.000000,1.000000,0.000000,0.000000,0.020000
1777189242.157411,0,0.000000,0.000000,0.000000,0.000000,1.000000,0.000000,1.000000,0.000000,0.000000,0.020000
1777189242.210048,0,0.000000,0.000000,0.000000,0.000000,1.000000,0.000000,1.000000,0.000000,0.000000,0.000000
1777189242.210697,0,0.000000,0.000000,0.000000,0.000000,1.000000,0.000000,1.000000,0.000000,0.000000,0.000000
1777189242.211715,0,0.000000,0.000000,0.000000,0.000000,1.000000,0.000000,1.000000,0.000000,0.000000,0.000000
1777189242.241045,0,0.000000,0.000000,0.000000,0.000000,1.000000,0.000000,1.000000,0.000000,0.000000,0.000000
1777189242.269902,0,0.000000,0.000000,0.000000,0.000000,1.000000,0.000000,1.000000,0.000000,0.140000,0.000000
1777189242.270791,0,0.000000,0.000000,0.000000,0.000000,1.000000,0.000000,1.000000,0.000000,0.000000,0.000000
1777189242.271384,0,0.000000,0.000000,0.000000,0.000000,1.000000,0.000000,1.000000,0.000000,0.140000,0.020000
1777189242.299854,0,0.000000,0.000000,0.000000,0.000000,1.000000,0.000000,1.000000,0.000000,0.000000,0.020000
1777189242.327021,0,0.000000,0.000000,0.000000,0.000000,1.000000,0.000000,1.000000,0.000000,0.000000,0.020000
1777189242.327673,0,0.000000,0.000000,0.000000,0.000000,1.000000,0.000000,1.000000,0.000000,0.070000,0.000000
1777189242.355127,0,0.000000,0.000000,0.000000,0.000000,1.000000,0.000000,1.000000,0.000000,0.000000,0.020000
1777189242.383473,0,0.000000,0.000000,0.000000,0.000000,1.000000,0.000000,1.000000,0.000000,0.000000,0.000000
1777189242.384176,0,0.000000,0.000000,0.000000,0.000000,1.000000,0.000000,1.000000,0.000000,0.000000,0.000000
1777189242.411966,0,0.000000,0.000000,0.000000,0.000000,1.000000,0.000000,1.000000,0.000000,0.070000,0.000000
1777189242.412610,0,0.000000,0.000000,0.000000,0.000000,1.000000,0.000000,1.000000,0.000000,0.000000,0.000000
1777189242.413216,0,0.000000,0.000000,0.000000,0.000000,1.000000,0.000000,1.000000,0.000000,0.000000,0.210000
1777189242.441941,0,0.000000,0.000000,0.000000,0.000000,1.000000,0.000000,1.000000,0.000000,0.140000,0.070000
1777189242.471198,0,0.000000,0.000000,0.000000,0.000000,1.000000,0.000000,1.000000,0.000000,0.000000,0.100000
1777189242.499992,0,0.000000,0.000000,0.000000,0.000000,1.000000,0.000000,1.000000,20.750000,0.070000,0.000000
1777189242.500642,0,0.000000,0.000000,0.000000,0.000000,1.000000,0.000000,1.000000,-288.420000,0.070000,0.020000
1777189242.501177,0,0.000000,0.000000,0.000000,0.000000,1.000000,0.000000,1.000000,-103.440000,0.070000,0.000000
1777189242.501683,0,0.000000,0.000000,0.000000,0.000000,1.000000,0.000000,1.000000,215.380000,0.070000,0.000000
1777189242.531941,0,0.000000,0.000000,0.000000,0.000000,1.000000,0.000000,1.000000,194.440000,0.070000,0.210000
1777189242.587264,0,0.000000,0.000000,0.000000,0.000000,1.000000,0.000000,1.000000,-205.360000,0.000000,0.020000
1777189242.587984,0,0.000000,0.000000,0.000000,0.000000,1.000000,0.000000,1.000000,231.360000,0.140000,0.000000
1777189242.588536,0,0.000000,0.000000,0.000000,0.000000,1.000000,0.000000,0.000000,282.820000,0.000000,0.100000
1777189242.589078,0,0.000000,0.000000,0.000000,0.000000,1.000000,0.000000,0.140000,-125.800000,0.070000,0.000000
1777189242.589759,0,0.000000,0.000000,0.000000,0.000000,1.000000,0.000000,0.270000,-130.410000,0.000000,0.070000
1777189242.590384,0,0.000000,0.000000,0.000000,0.000000,0.020000,0.000000,0.400000,-86.340000,0.070000,0.000000
1777189242.648267,0,0.000000,0.000000,0.000000,0.000000,0.330000,0.000000,0.550000,151.910000,0.070000,0.000000
1777189242.648924,0,0.000000,0.000000,0.000000,0.000000,0.600000,0.000000,0.670000,15.930000,0.000000,0.000000
1777189242.649510,0,0.000000,0.000000,0.000000,0.000000,0.890000,0.000000,0.810000,0.000000,0.000000,0.000000
1777189242.650032,0,0.000000,0.000000,0.000000,0.000000,1.000000,0.000000,0.940000,0.000000,0.070000,0.000000
1777189242.706398,0,0.000000,0.000000,0.000000,0.000000,1.000000,0.000000,1.000000,0.000000,0.000000,0.020000
1777189242.707053,0,0.000000,0.000000,0.000000,0.000000,1.000000,0.000000,1.000000,0.000000,0.000000,0.000000
1777189242.707637,0,0.000000,0.000000,0.000000,0.000000,1.000000,0.000000,1.000000,0.000000,0.070000,0.000000
1777189242.708172,0,0.000000,0.000000,0.000000,0.000000,1.000000,0.000000,0.020000,0.000000,0.000000,0.000000
1777189242.766613,0,0.000000,0.000000,0.000000,0.000000,1.000000,0.000000,0.120000,0.000000,0.140000,0.100000
1777189242.767262,0,0.000000,0.000000,0.000000,0.000000,1.000000,0.000000,0.230000,0.000000,0.000000,0.000000
1777189242.767936,0,0.000000,0.000000,0.000000,0.000000,1.000000,0.000000,0.330000,0.000000,0.070000,0.000000
1777189242.768467,0,0.000000,0.000000,0.000000,0.000000,1.000000,0.000000,0.430000,0.000000,0.000000,0.000000
1777189242.827325,0,0.000000,0.000000,0.000000,0.000000,1.000000,0.000000,0.540000,0.000000,0.070000,0.000000
1777189242.827993,0,0.000000,0.000000,0.000000,0.000000,1.000000,0.000000,0.620000,0.000000,0.000000,0.000000
1777189242.828565,0,0.000000,0.000000,0.000000,0.000000,1.000000,0.000000,0.730000,0.000000,0.000000,0.070000
1777189242.829132,0,0.000000,0.000000,0.000000,0.000000,1.000000,0.000000,0.830000,0.000000,0.070000,0.000000
1777189242.886866,0,0.000000,0.000000,0.000000,0.000000,1.000000,0.000000,0.930000,0.000000,0.000000,0.000000
1777189242.887543,0,0.000000,0.000000,0.000000,0.000000,1.000000,0.000000,1.000000,0.000000,0.000000,0.000000
1777189242.888179,0,0.000000,0.000000,0.000000,0.000000,1.000000,0.000000,1.000000,0.000000,0.070000,0.000000
1777189242.933943,0,0.000000,0.000000,0.000000,0.000000,1.000000,0.000000,1.000000,0.000000,0.210000,0.000000
1777189242.934609,0,0.000000,0.000000,0.000000,0.000000,1.000000,0.000000,1.000000,0.000000,0.000000,0.000000
1777189242.935259,0,0.000000,0.000000,0.000000,0.000000,1.000000,0.000000,1.000000,0.000000,0.000000,0.000000
1777189242.935807,0,0.000000,0.000000,0.000000,0.000000,1.000000,0.000000,1.000000,0.000000,0.000000,0.000000
1777189242.982770,0,0.000000,0.000000,0.000000,0.000000,1.000000,0.000000,1.000000,0.000000,0.140000,0.020000
1777189242.983473,0,0.000000,0.000000,0.000000,0.000000,1.000000,0.000000,1.000000,0.000000,0.140000,0.210000
1777189242.984024,0,0.000000,0.000000,0.000000,0.000000,0.070000,0.000000,1.000000,0.000000,0.000000,0.000000
1777189243.029904,0,0.000000,0.000000,0.000000,0.000000,0.150000,0.000000,0.000000,0.000000,0.000000,0.100000
1777189243.030953,0,0.000000,0.000000,0.000000,0.000000,0.440000,0.000000,0.090000,0.000000,0.000000,0.020000
1777189243.055800,0,0.000000,0.000000,0.000000,0.000000,0.750000,0.000000,0.150000,0.000000,0.210000,0.070000
1777189243.079436,0,0.000000,0.000000,0.000000,0.000000,1.000000,0.000000,0.230000,0.000000,0.070000,0.000000
1777189243.104613,0,0.000000,0.000000,0.000000,0.000000,1.000000,0.000000,0.310000,0.000000,0.000000,0.180000
1777189243.105320,0,0.000000,0.000000,0.000000,0.000000,1.000000,0.000000,0.370000,0.000000,0.000000,0.000000
1777189243.130324,0,0.000000,0.000000,0.000000,0.000000,1.000000,0.000000,0.460000,0.000000,0.000000,0.000000
1777189243.154928,0,0.000000,0.000000,0.000000,0.000000,1.000000,0.000000,0.510000,0.000000,0.000000,0.020000
1777189243.155583,0,0.000000,0.000000,0.000000,0.000000,1.000000,0.000000,0.610000,0.000000,0.070000,0.000000
1777189243.156137,0,0.000000,0.000000,0.000000,0.000000,1.000000,0.000000,0.680000,0.000000,0.070000,0.000000
1777189243.181360,0,0.000000,0.000000,0.000000,0.000000,0.120000,0.000000,0.750000,0.000000,0.070000,0.000000
1777189243.182389,0,0.000000,0.000000,0.000000,0.000000,0.400000,0.000000,0.820000,0.000000,0.000000,0.070000
1777189243.231935,0,0.000000,0.000000,0.000000,0.000000,0.700000,0.000000,0.000000,0.000000,0.000000,0.000000
1777189243.232595,0,0.000000,0.000000,0.000000,0.000000,0.980000,0.000000,0.070000,0.000000,0.000000,0.000000
1777189243.233122,0,0.000000,0.000000,0.000000,0.000000,1.000000,0.000000,0.150000,0.000000,0.000000,0.000000
1777189243.233675,0,0.000000,0.000000,0.000000,0.000000,1.000000,0.000000,0.230000,0.000000,0.000000,0.020000
1777189243.282634,0,0.000000,0.000000,0.000000,0.000000,1.000000,0.000000,0.300000,0.000000,0.000000,0.000000
1777189243.283345,0,0.000000,0.000000,0.000000,0.000000,1.000000,0.000000,0.370000,0.000000,0.140000,0.000000
1777189243.283898,0,0.000000,0.000000,0.000000,0.000000,1.000000,0.000000,0.430000,0.000000,0.000000,0.070000
1777189243.284429,0,0.000000,0.000000,0.000000,0.000000,1.000000,0.000000,0.500000,0.000000,0.000000,0.020000
1777189243.332968,0,0.000000,0.000000,0.000000,0.000000,1.000000,0.000000,0.570000,0.000000,0.000000,0.000000
1777189243.333753,0,0.000000,0.000000,0.000000,0.000000,1.000000,0.000000,0.660000,0.000000,0.000000,0.000000
1777189243.334363,0,0.000000,0.000000,0.000000,0.000000,1.000000,0.000000,0.730000,0.000000,0.000000,0.000000
1777189243.388575,0,0.000000,0.000000,0.000000,0.000000,1.000000,0.000000,0.800000,0.000000,0.000000,0.020000
1777189243.389277,0,0.000000,0.000000,0.000000,0.000000,1.000000,0.000000,0.870000,0.000000,0.000000,0.000000
1777189243.389939,0,0.000000,0.000000,0.000000,0.000000,1.000000,0.000000,0.930000,0.000000,0.000000,0.000000
1777189243.390538,0,0.000000,0.000000,0.000000,0.000000,1.000000,0.000000,1.000000,0.000000,0.140000,0.020000
1777189243.442219,0,0.000000,0.000000,0.000000,0.000000,1.000000,0.000000,0.020000,0.000000,0.000000,0.000000
1777189243.443146,0,0.000000,0.000000,0.000000,0.000000,1.000000,0.000000,0.020000,0.000000,0.000000,0.000000
1777189243.469036,0,0.000000,0.000000,0.000000,0.000000,1.000000,0.000000,0.100000,0.000000,0.000000,0.000000
1777189243.494823,0,0.000000,0.000000,0.000000,0.000000,1.000000,0.000000,0.170000,0.000000,0.210000,0.000000
1777189243.520378,0,0.000000,0.000000,0.000000,0.000000,1.000000,0.000000,0.230000,0.000000,0.070000,0.000000
1777189243.521093,0,0.000000,0.000000,0.000000,0.000000,1.000000,0.000000,0.300000,0.000000,0.000000,0.000000
1777189243.546923,0,0.000000,0.000000,0.000000,0.000000,1.000000,0.000000,0.370000,6.480000,0.000000,0.000000
1777189243.547605,0,0.000000,0.000000,0.000000,0.000000,1.000000,0.000000,0.430000,75.790000,0.000000,0.070000
1777189243.573306,0,0.000000,0.000000,0.000000,0.000000,1.000000,0.000000,0.500000,-315.230000,0.070000,0.000000
1777189243.573958,0,0.000000,0.000000,0.000000,0.000000,1.000000,0.000000,0.560000,33.470000,0.000000,0.000000
1777189243.601639,0,0.000000,0.000000,0.000000,0.000000,1.000000,0.000000,0.630000,161.030000,0.000000,0.020000
1777189243.602298,0,0.000000,0.000000,0.000000,0.000000,1.000000,0.000000,0.690000,239.440000,0.000000,0.000000
1777189243.651364,0,0.000000,0.000000,0.000000,0.000000,1.000000,0.000000,0.050000,274.700000,0.070000,0.020000
1777189243.652041,0,0.000000,0.000000,0.000000,0.000000,1.000000,0.000000,0.140000,316.790000,0.000000,0.000000
1777189243.652843,0,0.000000,0.000000,0.000000,0.000000,1.000000,0.000000,0.000000,69.300000,0.000000,0.410000
1777189243.653788,0,0.000000,0.000000,0.000000,0.000000,1.000000,0.000000,0.090000,-289.230000,0.210000,0.020000
1777189243.682432,0,0.000000,0.000000,0.000000,0.000000,1.000000,0.000000,0.200000,-244.170000,0.070000,0.020000
1777189243.708867,0,0.000000,0.000000,0.000000,0.000000,0.120000,0.000000,0.300000,188.460000,0.000000,0.000000
1777189243.735678,0,0.000000,0.000000,0.000000,0.000000,0.430000,0.000000,0.400000,166.750000,0.000000,0.000000
1777189243.736343,0,0.000000,0.000000,0.000000,0.000000,0.700000,0.000000,0.500000,-245.470000,0.000000,0.020000
1777189243.765089,0,0.000000,0.000000,0.000000,0.000000,1.000000,0.000000,0.620000,16.390000,0.070000,0.000000
1777189243.765759,0,0.000000,0.000000,0.000000,0.000000,1.000000,0.000000,0.720000,-8.220000,0.000000,0.000000
1777189243.792713,0,0.000000,0.000000,0.000000,0.000000,1.000000,0.000000,0.820000,109.800000,0.000000,0.000000
1777189243.793418,0,0.000000,0.000000,0.000000,0.000000,1.000000,0.000000,0.930000,-321.420000,0.070000,0.000000
1777189243.823462,0,0.000000,0.000000,0.000000,0.000000,1.000000,0.000000,1.000000,249.470000,0.070000,0.000000
1777189243.850565,0,0.000000,0.000000,0.000000,0.000000,1.000000,0.000000,1.000000,19.480000,0.000000,0.020000
1777189243.851227,0,0.000000,0.000000,0.000000,0.000000,1.000000,0.000000,1.000000,282.500000,0.000000,0.020000
1777189243.877191,0,0.000000,0.000000,0.000000,0.000000,1.000000,0.000000,1.000000,-27.020000,0.070000,0.000000
1777189243.877867,0,0.000000,0.000000,0.000000,0.000000,1.000000,0.000000,1.000000,-315.770000,0.070000,0.000000
1777189243.878422,0,0.000000,0.000000,0.000000,0.000000,1.000000,0.000000,1.000000,5.900000,0.070000,0.000000
1777189243.929386,0,0.000000,0.000000,0.000000,0.000000,1.000000,0.000000,1.000000,-259.540000,0.070000,0.000000
1777189243.930054,0,0.000000,0.000000,0.000000,0.000000,1.000000,0.000000,1.000000,106.230000,0.000000,0.000000
1777189243.930596,0,0.000000,0.000000,0.000000,0.000000,1.000000,0.000000,1.000000,64.260000,0.000000,0.020000
1777189243.931189,0,0.000000,0.000000,0.000000,0.000000,1.000000,0.000000,1.000000,0.000000,0.070000,0.000000
1777189243.931749,0,0.000000,0.000000,0.000000,0.000000,1.000000,0.000000,1.000000,0.000000,0.000000,0.000000
1777189243.982982,0,0.000000,0.000000,0.000000,0.000000,1.000000,0.000000,1.000000,0.000000,0.070000,0.000000
1777189243.983680,0,0.000000,0.000000,0.000000,0.000000,1.000000,0.000000,1.000000,0.000000,0.070000,0.150000
1777189243.984214,0,0.000000,0.000000,0.000000,0.000000,1.000000,0.000000,1.000000,0.000000,0.000000,0.000000
1777189243.984732,0,0.000000,0.000000,0.000000,0.000000,1.000000,0.000000,1.000000,0.000000,0.000000,0.020000
1777189244.035296,0,0.000000,0.000000,0.000000,0.000000,1.000000,0.000000,1.000000,0.000000,0.070000,0.000000
1777189244.086237,0,0.000000,0.000000,0.000000,0.000000,1.000000,0.000000,1.000000,0.000000,0.070000,0.000000
1777189244.086875,0,0.000000,0.000000,0.000000,0.000000,1.000000,0.000000,1.000000,0.000000,0.070000,0.000000
1777189244.087566,0,0.000000,0.000000,0.000000,0.000000,1.000000,0.000000,1.000000,0.000000,0.070000,0.000000
1777189244.088149,0,0.000000,0.000000,0.000000,0.000000,1.000000,0.000000,1.000000,0.000000,0.070000,0.000000
1777189244.088667,0,0.000000,0.000000,0.000000,0.000000,1.000000,0.000000,1.000000,0.000000,0.000000,0.000000
1777189244.138454,0,0.000000,0.000000,0.000000,0.000000,0.000000,0.000000,1.000000,0.000000,0.280000,0.070000
1777189244.139256,0,0.000000,0.000000,0.000000,0.000000,0.300000,0.000000,1.000000,0.000000,0.070000,0.000000
1777189244.140032,0,0.000000,0.000000,0.000000,0.000000,0.560000,0.000000,1.000000,0.000000,0.000000,0.020000
1777189244.167230,0,0.000000,0.000000,0.000000,0.000000,0.860000,0.000000,1.000000,0.000000,0.000000,0.000000
1777189244.193937,0,0.000000,0.000000,0.000000,0.000000,1.000000,0.000000,1.000000,0.000000,0.070000,0.000000
1777189244.219772,0,0.000000,0.000000,0.000000,0.000000,1.000000,0.000000,1.000000,0.000000,0.000000,0.000000
1777189244.220437,0,0.000000,0.000000,0.000000,0.000000,1.000000,0.000000,1.000000,0.000000,0.000000,0.020000
1777189244.246846,0,0.000000,0.000000,0.000000,0.000000,1.000000,0.000000,1.000000,0.000000,0.000000,0.000000
1777189244.247868,0,0.000000,0.000000,0.000000,0.000000,1.000000,0.000000,1.000000,0.000000,0.070000,0.020000
1777189244.276324,0,0.000000,0.000000,0.000000,0.000000,1.000000,0.000000,1.000000,0.000000,0.000000,0.000000
1777189244.303419,0,0.000000,0.000000,0.000000,0.000000,1.000000,0.000000,1.000000,0.000000,0.000000,0.000000
1777189244.304072,0,0.000000,0.000000,0.000000,0.000000,1.000000,0.000000,1.000000,0.000000,0.000000,0.000000
1777189244.330511,0,0.000000,0.000000,0.000000,0.000000,1.000000,0.000000,1.000000,0.000000,0.000000,0.000000
1777189244.331174,0,0.000000,0.000000,0.000000,0.000000,1.000000,0.000000,1.000000,0.000000,0.070000,0.150000
1777189244.332027,0,0.000000,0.000000,0.000000,0.000000,1.000000,0.000000,1.000000,0.000000,0.000000,0.000000
1777189244.359308,0,0.000000,0.000000,0.000000,0.000000,1.000000,0.000000,1.000000,0.000000,0.070000,0.070000
1777189244.385441,0,0.000000,0.000000,0.000000,0.000000,1.000000,0.000000,1.000000,0.000000,0.140000,0.000000
1777189244.386101,0,0.000000,0.000000,0.000000,0.000000,1.000000,0.000000,1.000000,0.000000,0.000000,0.070000
1777189244.412918,0,0.000000,0.000000,0.000000,0.000000,1.000000,0.000000,1.000000,0.000000,0.070000,0.000000
1777189244.413891,0,0.000000,0.000000,0.000000,0.000000,1.000000,0.000000,1.000000,0.000000,0.070000,0.000000
1777189244.440302,0,0.000000,0.000000,0.000000,0.000000,1.000000,0.000000,1.000000,0.000000,0.070000,0.000000
1777189244.467623,0,0.000000,0.000000,0.000000,0.000000,1.000000,0.000000,1.000000,0.000000,0.070000,0.020000
1777189244.468294,0,0.000000,0.000000,0.000000,0.000000,1.000000,0.000000,0.010000,0.000000,0.000000,0.000000
1777189244.494652,0,0.000000,0.000000,0.000000,0.000000,1.000000,0.000000,0.120000,0.000000,0.000000,0.000000
1777189244.495324,0,0.000000,0.000000,0.000000,0.000000,1.000000,0.000000,0.210000,0.000000,0.000000,0.020000
1777189244.522238,0,0.000000,0.000000,0.000000,0.000000,1.000000,0.000000,0.330000,0.000000,0.000000,0.000000
1777189244.548542,0,0.000000,0.000000,0.000000,0.000000,1.000000,0.000000,0.430000,0.000000,0.000000,0.000000
1777189244.549203,0,0.000000,0.000000,0.000000,0.000000,1.000000,0.000000,0.550000,0.000000,0.000000,0.000000
1777189244.576514,0,0.000000,0.000000,0.000000,0.000000,1.000000,0.000000,0.000000,-311.450000,0.070000,0.300000
1777189244.577165,0,0.000000,0.000000,0.000000,0.000000,1.000000,0.000000,0.140000,-244.750000,0.070000,0.000000
1777189244.602801,0,0.000000,0.000000,0.000000,0.000000,1.000000,0.000000,0.280000,235.030000,0.000000,0.000000
1777189244.629506,0,0.000000,0.000000,0.000000,0.000000,1.000000,0.000000,0.000000,83.190000,0.070000,0.560000
1777189244.630174,0,0.000000,0.000000,0.000000,0.000000,1.000000,0.000000,0.250000,269.390000,0.070000,0.000000
1777189244.657303,0,0.000000,0.000000,0.000000,0.000000,0.000000,0.000000,0.200000,315.220000,0.360000,0.000000
1777189244.657964,0,0.000000,0.000000,0.000000,0.000000,0.280000,0.000000,0.470000,-80.940000,0.070000,0.000000
1777189244.685464,0,0.000000,0.000000,0.000000,0.000000,0.560000,0.000000,0.100000,135.750000,0.070000,0.000000
1777189244.710998,0,0.000000,0.000000,0.000000,0.000000,0.860000,0.000000,0.070000,-130.110000,0.070000,0.000000
1777189244.711661,0,0.000000,0.000000,0.000000,0.000000,1.000000,0.000000,0.680000,269.390000,0.070000,0.000000
1777189244.712196,0,0.000000,0.000000,0.000000,0.000000,1.000000,0.000000,1.000000,-294.270000,0.070000,0.000000
1777189244.738980,0,0.000000,0.000000,0.000000,0.000000,1.000000,0.000000,1.000000,275.820000,0.070000,0.210000
1777189244.739654,0,0.000000,0.000000,0.000000,0.000000,1.000000,0.000000,1.000000,327.350000,0.000000,0.000000
1777189244.760511,0,0.000000,0.000000,0.000000,0.000000,1.000000,0.000000,1.000000,244.500000,0.000000,0.000000
1777189244.761189,0,0.000000,0.000000,0.000000,0.000000,1.000000,0.000000,1.000000,116.040000,0.070000,0.000000
1777189244.782657,0,0.000000,0.000000,0.000000,0.000000,1.000000,0.000000,1.000000,97.870000,0.140000,0.000000
1777189244.819795,0,0.000000,0.000000,0.000000,0.000000,1.000000,0.000000,1.000000,72.690000,0.000000,0.020000
1777189244.840035,0,0.000000,0.000000,0.000000,0.000000,1.000000,0.000000,1.000000,313.600000,0.070000,0.000000
1777189244.859906,0,0.000000,0.000000,0.000000,0.000000,1.000000,0.000000,1.000000,-51.310000,0.070000,0.000000
1777189244.860579,0,0.000000,0.000000,0.000000,0.000000,1.000000,0.000000,1.000000,-161.500000,0.000000,0.000000
1777189244.861161,0,0.000000,0.000000,0.000000,0.000000,1.000000,0.000000,1.000000,240.000000,0.000000,0.070000
1777189244.861756,0,0.000000,0.000000,0.000000,0.000000,1.000000,0.000000,1.000000,144.300000,0.070000,0.020000
1777189244.900928,0,0.000000,0.000000,0.000000,0.000000,1.000000,0.000000,1.000000,121.260000,0.000000,0.000000
1777189244.901569,0,0.000000,0.000000,0.000000,0.000000,1.000000,0.000000,1.000000,34.810000,0.070000,0.000000
1777189244.902161,0,0.000000,0.000000,0.000000,0.000000,1.000000,0.000000,1.000000,0.000000,0.000000,0.180000
1777189244.923092,0,0.000000,0.000000,0.000000,0.000000,1.000000,0.000000,1.000000,0.000000,0.070000,0.000000
1777189244.942813,0,0.000000,0.000000,0.000000,0.000000,1.000000,0.000000,1.000000,0.000000,0.000000,0.000000
1777189244.981142,0,0.000000,0.000000,0.000000,0.000000,1.000000,0.000000,1.000000,0.000000,0.070000,0.000000
1777189244.981847,0,0.000000,0.000000,0.000000,0.000000,1.000000,0.000000,1.000000,0.000000,0.070000,0.000000
1777189244.982410,0,0.000000,0.000000,0.000000,0.000000,1.000000,0.000000,1.000000,0.000000,0.070000,0.000000
1777189245.020377,0,0.000000,0.000000,0.000000,0.000000,1.000000,0.000000,0.310000,0.000000,0.000000,0.000000
1777189245.021046,0,0.000000,0.000000,0.000000,0.000000,1.000000,0.000000,0.920000,0.000000,0.070000,0.000000
1777189245.021634,0,0.000000,0.000000,0.000000,0.000000,1.000000,0.000000,1.000000,0.000000,0.000000,0.000000
1777189245.059241,0,0.000000,0.000000,0.000000,0.000000,1.000000,0.000000,1.000000,0.000000,0.000000,0.000000
1777189245.059915,0,0.000000,0.000000,0.000000,0.000000,1.000000,0.000000,1.000000,0.000000,0.070000,0.000000
1777189245.060553,0,0.000000,0.000000,0.000000,0.000000,1.000000,0.000000,1.000000,0.000000,0.000000,0.000000
1777189245.098107,0,0.000000,0.000000,0.000000,0.000000,1.000000,0.000000,0.000000,0.000000,0.000000,0.610000
1777189245.098834,0,0.000000,0.000000,0.000000,0.000000,1.000000,0.000000,0.600000,0.000000,0.070000,0.000000
1777189245.118632,0,0.000000,0.000000,0.000000,0.000000,1.000000,0.000000,1.000000,0.000000,0.140000,0.000000
1777189245.138889,0,0.000000,0.000000,0.000000,0.000000,1.000000,0.000000,1.000000,0.000000,0.070000,0.000000
1777189245.176774,0,0.000000,0.000000,0.000000,0.000000,1.000000,0.000000,0.250000,0.000000,0.210000,0.000000
1777189245.177505,0,0.000000,0.000000,0.000000,0.000000,1.000000,0.000000,0.680000,0.000000,0.000000,0.000000
1777189245.178083,0,0.000000,0.000000,0.000000,0.000000,1.000000,0.000000,1.000000,0.000000,0.070000,0.000000
1777189245.178717,0,0.000000,0.000000,0.000000,0.000000,1.000000,0.000000,1.000000,0.000000,0.140000,0.000000
1777189245.216663,0,0.000000,0.000000,0.000000,0.000000,1.000000,0.000000,0.120000,0.000000,0.140000,0.000000
1777189245.217449,0,0.000000,0.000000,0.000000,0.000000,1.000000,0.000000,0.460000,0.000000,0.000000,0.000000
1777189245.254777,0,0.000000,0.000000,0.000000,0.000000,1.000000,0.000000,0.830000,0.000000,0.140000,0.000000
1777189245.255416,0,0.000000,0.000000,0.000000,0.000000,1.000000,0.000000,1.000000,0.000000,0.000000,0.210000
1777189245.292351,0,0.000000,0.000000,0.000000,0.000000,1.000000,0.000000,1.000000,0.000000,0.000000,0.000000
1777189245.293013,0,0.000000,0.000000,0.000000,0.000000,0.020000,0.000000,1.000000,0.000000,0.000000,0.000000
1777189245.293642,0,0.000000,0.000000,0.000000,0.000000,0.330000,0.000000,1.000000,0.000000,0.140000,0.150000
1777189245.331438,0,0.000000,0.000000,0.000000,0.000000,0.630000,0.000000,1.000000,0.000000,0.070000,0.000000
1777189245.369465,0,0.000000,0.000000,0.000000,0.000000,0.890000,0.000000,1.000000,0.000000,0.000000,0.070000
1777189245.370834,0,0.000000,0.000000,0.000000,0.000000,1.000000,0.000000,1.000000,0.000000,0.000000,0.000000
1777189245.409049,0,0.000000,0.000000,0.000000,0.000000,1.000000,0.000000,1.000000,0.000000,0.140000,0.000000
1777189245.410424,0,0.000000,0.000000,0.000000,0.000000,1.000000,0.000000,1.000000,0.000000,0.000000,0.000000
1777189245.411011,0,0.000000,0.000000,0.000000,0.000000,1.000000,0.000000,1.000000,0.000000,0.070000,0.020000
1777189245.411604,0,0.000000,0.000000,0.000000,0.000000,1.000000,0.000000,1.000000,0.000000,0.070000,0.070000
1777189245.450591,0,0.000000,0.000000,0.000000,0.000000,1.000000,0.000000,1.000000,0.000000,0.000000,0.020000
1777189245.451224,0,0.000000,0.000000,0.000000,0.000000,1.000000,0.000000,1.000000,0.000000,0.000000,0.020000
1777189245.451800,0,0.000000,0.000000,0.000000,0.000000,1.000000,0.000000,1.000000,0.000000,0.140000,0.000000
1777189245.489090,0,0.000000,0.000000,0.000000,0.000000,1.000000,0.000000,1.000000,0.000000,0.070000,0.000000
1777189245.489776,0,0.000000,0.000000,0.000000,0.000000,1.000000,0.000000,1.000000,0.000000,0.070000,0.000000
1777189245.528198,0,0.000000,0.000000,0.000000,0.000000,1.000000,0.000000,1.000000,0.000000,0.000000,0.000000
1777189245.528848,0,0.000000,0.000000,0.000000,0.000000,1.000000,0.000000,1.000000,0.000000,0.000000,0.000000
1777189245.529640,0,0.000000,0.000000,0.000000,0.000000,1.000000,0.000000,1.000000,0.000000,0.000000,0.070000
1777189245.568524,0,0.000000,0.000000,0.000000,0.000000,1.000000,0.000000,1.000000,0.000000,0.140000,0.000000
1777189245.607400,0,0.000000,0.000000,0.000000,0.000000,1.000000,0.000000,1.000000,0.000000,0.070000,0.000000
1777189245.608062,0,0.000000,0.000000,0.000000,0.000000,1.000000,0.000000,1.000000,0.000000,0.000000,0.000000
1777189245.608591,0,0.000000,0.000000,0.000000,0.000000,1.000000,0.000000,1.000000,0.000000,0.140000,0.000000
1777189245.609105,0,0.000000,0.000000,0.000000,0.000000,1.000000,0.000000,1.000000,0.000000,0.000000,0.020000
1777189245.610240,0,0.000000,0.000000,0.000000,0.000000,1.000000,0.000000,1.000000,0.000000,0.140000,0.000000
1777189245.648438,0,0.000000,0.000000,0.000000,0.000000,1.000000,0.000000,1.000000,0.000000,0.070000,0.000000
1777189245.686834,0,0.000000,0.000000,0.000000,0.000000,1.000000,0.000000,1.000000,0.000000,0.000000,0.020000
1777189245.687493,0,0.000000,0.000000,0.000000,0.000000,1.000000,0.000000,1.000000,0.000000,0.000000,0.000000
1777189245.688217,0,0.000000,0.000000,0.000000,0.000000,1.000000,0.000000,1.000000,0.000000,0.000000,0.020000
1777189245.727413,0,0.000000,0.000000,0.000000,0.000000,1.000000,0.000000,1.000000,0.000000,0.000000,0.000000
1777189245.728082,0,0.000000,0.000000,0.000000,0.000000,1.000000,0.000000,1.000000,0.000000,0.000000,0.000000
1777189245.729460,0,0.000000,0.000000,0.000000,0.000000,1.000000,0.000000,0.000000,0.000000,0.070000,0.410000
1777189245.767145,0,0.000000,0.000000,0.000000,0.000000,1.000000,0.000000,0.310000,0.000000,0.070000,0.000000
1777189245.810040,0,0.000000,0.000000,0.000000,0.000000,1.000000,0.000000,0.640000,0.000000,0.070000,0.000000
1777189245.810893,0,0.000000,0.000000,0.000000,0.000000,1.000000,0.000000,1.000000,0.000000,0.000000,0.000000
1777189245.811467,0,0.000000,0.000000,0.000000,0.000000,1.000000,0.000000,1.000000,0.000000,0.000000,0.020000
1777189245.852133,0,0.000000,0.000000,0.000000,0.000000,1.000000,0.000000,1.000000,0.000000,0.070000,0.000000
1777189245.891268,0,0.000000,0.000000,0.000000,0.000000,1.000000,0.000000,1.000000,0.000000,0.070000,0.000000
1777189245.891896,0,0.000000,0.000000,0.000000,0.000000,1.000000,0.000000,1.000000,0.000000,0.070000,0.000000
1777189245.892678,0,0.000000,0.000000,0.000000,0.000000,0.020000,0.000000,1.000000,0.000000,0.140000,0.020000
1777189245.893221,0,0.000000,0.000000,0.000000,0.000000,0.310000,0.000000,1.000000,0.000000,0.000000,0.000000
1777189245.893745,0,0.000000,0.000000,0.000000,0.000000,0.870000,0.000000,1.000000,0.000000,0.000000,0.100000
1777189245.894290,0,0.000000,0.000000,0.000000,0.000000,1.000000,0.000000,1.000000,0.000000,0.000000,0.000000
1777189245.972629,0,0.000000,0.000000,0.000000,0.000000,1.000000,0.000000,1.000000,0.000000,0.000000,0.000000
1777189245.974026,0,0.000000,0.000000,0.000000,0.000000,1.000000,0.000000,1.000000,0.000000,0.000000,0.020000
1777189246.014189,0,0.000000,0.000000,0.000000,0.000000,1.000000,0.000000,1.000000,0.000000,0.070000,0.000000
1777189246.014835,0,0.000000,0.000000,0.000000,0.000000,1.000000,0.000000,1.000000,0.000000,0.000000,0.000000
1777189246.053778,0,0.000000,0.000000,0.000000,0.000000,1.000000,0.000000,1.000000,0.000000,0.070000,0.000000
1777189246.054490,0,0.000000,0.000000,0.000000,0.000000,1.000000,0.000000,1.000000,0.000000,0.070000,0.020000
1777189246.093087,0,0.000000,0.000000,0.000000,0.000000,1.000000,0.000000,1.000000,0.000000,0.210000,0.020000
1777189246.093740,0,0.000000,0.000000,0.000000,0.000000,1.000000,0.000000,1.000000,0.000000,0.000000,0.000000
1777189246.132923,0,0.000000,0.000000,0.000000,0.000000,1.000000,0.000000,1.000000,0.000000,0.000000,0.020000
1777189246.172866,0,0.000000,0.000000,0.000000,0.000000,1.000000,0.000000,1.000000,0.000000,0.000000,0.020000
1777189246.173510,0,0.000000,0.000000,0.000000,0.000000,1.000000,0.000000,1.000000,0.000000,0.000000,0.180000
1777189246.174242,0,0.000000,0.000000,0.000000,0.000000,1.000000,0.000000,1.000000,0.000000,0.070000,0.000000
1777189246.213364,0,0.000000,0.000000,0.000000,0.000000,1.000000,0.000000,1.000000,0.000000,0.140000,0.180000
1777189246.215844,0,0.000000,0.000000,0.000000,0.000000,0.020000,0.000000,1.000000,0.000000,0.000000,0.000000
1777189246.255222,0,0.000000,0.000000,0.000000,0.000000,0.300000,0.000000,1.000000,0.000000,0.000000,0.000000
1777189246.307801,0,0.000000,0.000000,0.000000,0.000000,0.600000,0.000000,1.000000,0.000000,0.140000,0.020000
1777189246.329945,0,0.000000,0.000000,0.000000,0.000000,0.890000,0.000000,1.000000,0.000000,0.000000,0.020000
1777189246.330740,0,0.000000,0.000000,0.000000,0.000000,1.000000,0.000000,1.000000,0.000000,0.070000,0.000000
1777189246.351422,0,0.000000,0.000000,0.000000,0.000000,1.000000,0.000000,1.000000,0.000000,0.000000,0.000000
1777189246.352050,0,0.000000,0.000000,0.000000,0.000000,1.000000,0.000000,1.000000,0.000000,0.000000,0.000000
1777189246.372797,0,0.000000,0.000000,0.000000,0.000000,1.000000,0.000000,1.000000,0.000000,0.070000,0.000000
1777189246.420231,0,0.000000,0.000000,0.000000,0.000000,1.000000,0.000000,1.000000,0.000000,0.000000,0.020000
1777189246.460565,0,0.000000,0.000000,0.000000,0.000000,1.000000,0.000000,1.000000,0.000000,0.000000,0.020000
1777189246.525077,0,0.000000,0.000000,0.000000,0.000000,1.000000,0.000000,1.000000,0.000000,0.000000,0.020000
1777189246.573554,0,0.000000,0.000000,0.000000,0.000000,1.000000,0.000000,1.000000,0.000000,0.000000,0.020000
1777189246.619199,0,0.000000,0.000000,0.000000,0.000000,1.000000,0.000000,1.000000,0.000000,0.140000,0.000000
1777189246.619847,0,0.000000,0.000000,0.000000,0.000000,1.000000,0.000000,1.000000,0.000000,0.000000,0.000000
1777189246.620439,0,0.000000,0.000000,0.000000,0.000000,1.000000,0.000000,1.000000,0.000000,0.070000,0.020000
1777189246.620957,0,0.000000,0.000000,0.000000,0.000000,1.000000,0.000000,1.000000,0.000000,0.000000,0.020000
1777189246.664055,0,0.000000,0.000000,0.000000,0.000000,1.000000,0.000000,1.000000,0.000000,0.000000,0.020000
1777189246.720842,0,0.000000,0.000000,0.000000,0.000000,1.000000,0.000000,1.000000,0.000000,0.140000,0.000000
1777189246.743294,0,0.000000,0.000000,0.000000,0.000000,1.000000,0.000000,0.100000,0.000000,0.000000,0.000000
1777189246.787597,0,0.000000,0.000000,0.000000,0.000000,1.000000,0.000000,0.440000,0.000000,0.140000,0.020000
1777189246.788291,0,0.000000,0.000000,0.000000,0.000000,1.000000,0.000000,0.810000,0.000000,0.070000,0.000000
1777189246.846049,0,0.000000,0.000000,0.000000,0.000000,1.000000,0.000000,1.000000,0.000000,0.000000,0.020000
1777189246.888293,0,0.000000,0.000000,0.000000,0.000000,1.000000,0.000000,1.000000,0.000000,0.070000,0.000000
1777189246.889267,0,0.000000,0.000000,0.000000,0.000000,1.000000,0.000000,1.000000,0.000000,0.000000,0.000000
1777189246.890047,0,0.000000,0.000000,0.000000,0.000000,1.000000,0.000000,1.000000,0.000000,0.000000,0.020000
1777189246.912673,0,0.000000,0.000000,0.000000,0.000000,1.000000,0.000000,1.000000,0.000000,0.000000,0.020000
1777189246.985077,0,0.000000,0.000000,0.000000,0.000000,1.000000,0.000000,1.000000,0.000000,0.000000,0.000000
1777189246.986922,0,0.000000,0.000000,0.000000,0.000000,1.000000,0.000000,1.000000,0.000000,0.140000,0.020000
1777189247.026888,0,0.000000,0.000000,0.000000,0.000000,0.120000,0.000000,1.000000,0.000000,0.000000,0.000000
1777189247.027550,0,0.000000,0.000000,0.000000,0.000000,0.400000,0.000000,0.250000,0.000000,0.070000,0.000000
1777189247.028088,0,0.000000,0.000000,0.000000,0.000000,1.000000,0.000000,1.000000,0.000000,0.000000,0.020000
1777189247.028634,0,0.000000,0.000000,0.000000,0.000000,1.000000,0.000000,1.000000,0.000000,0.000000,0.020000
1777189247.069009,0,0.000000,0.000000,0.000000,0.000000,1.000000,0.000000,1.000000,0.000000,0.140000,0.020000
1777189247.069665,0,0.000000,0.000000,0.000000,0.000000,1.000000,0.000000,1.000000,0.000000,0.000000,0.000000
1777189247.110077,0,0.000000,0.000000,0.000000,0.000000,1.000000,0.000000,1.000000,0.000000,0.000000,0.020000
1777189247.110734,0,0.000000,0.000000,0.000000,0.000000,1.000000,0.000000,1.000000,0.000000,0.070000,0.000000
1777189247.111254,0,0.000000,0.000000,0.000000,0.000000,1.000000,0.000000,1.000000,0.000000,0.000000,0.000000
1777189247.150636,0,0.000000,0.000000,0.000000,0.000000,0.070000,0.000000,1.000000,0.000000,0.000000,0.000000
1777189247.151483,0,0.000000,0.000000,0.000000,0.000000,0.340000,0.000000,1.000000,0.000000,0.000000,0.000000
1777189247.190767,0,0.000000,0.000000,0.000000,0.000000,0.630000,0.000000,1.000000,0.000000,0.000000,0.020000
1777189247.191430,0,0.000000,0.000000,0.000000,0.000000,0.920000,0.000000,1.000000,0.000000,0.000000,0.020000
1777189247.192082,0,0.000000,0.000000,0.000000,0.000000,1.000000,0.000000,0.250000,0.000000,0.000000,0.020000
1777189247.192645,0,0.000000,0.000000,0.000000,0.000000,1.000000,0.000000,0.570000,0.000000,0.000000,0.000000
1777189247.193216,0,0.000000,0.000000,0.000000,0.000000,1.000000,0.000000,0.930000,0.000000,0.000000,0.070000
1777189247.232412,0,0.000000,0.000000,0.000000,0.000000,1.000000,0.000000,1.000000,0.000000,0.000000,0.020000
1777189247.233054,0,0.000000,0.000000,0.000000,0.000000,1.000000,0.000000,0.000000,0.000000,0.070000,0.640000
1777189247.233575,0,0.000000,0.000000,0.000000,0.000000,1.000000,0.000000,0.210000,0.000000,0.000000,0.020000
1777189247.272421,0,0.000000,0.000000,0.000000,0.000000,1.000000,0.000000,0.470000,0.000000,0.000000,0.000000
1777189247.273204,0,0.000000,0.000000,0.000000,0.000000,1.000000,0.000000,0.720000,0.000000,0.000000,0.000000
1777189247.335390,0,0.000000,0.000000,0.000000,0.000000,1.000000,0.000000,0.980000,0.000000,0.000000,0.000000
1777189247.374639,0,0.000000,0.000000,0.000000,0.000000,1.000000,0.000000,1.000000,0.000000,0.070000,0.020000
1777189247.375314,0,0.000000,0.000000,0.000000,0.000000,1.000000,0.000000,1.000000,0.000000,0.000000,0.000000
1777189247.414658,0,0.000000,0.000000,0.000000,0.000000,1.000000,0.000000,1.000000,0.000000,0.000000,0.000000
1777189247.415317,0,0.000000,0.000000,0.000000,0.000000,1.000000,0.000000,0.030000,0.000000,0.070000,0.000000
1777189247.415853,0,0.000000,0.000000,0.000000,0.000000,1.000000,0.000000,0.200000,0.000000,0.000000,0.000000
1777189247.416386,0,0.000000,0.000000,0.000000,0.000000,1.000000,0.000000,0.000000,0.000000,0.070000,0.370000
1777189247.416932,0,0.000000,0.000000,0.000000,0.000000,1.000000,0.000000,0.400000,0.000000,0.070000,0.000000
1777189247.418014,0,0.000000,0.000000,0.000000,0.000000,1.000000,0.000000,0.570000,0.000000,0.000000,0.000000
1777189247.471040,0,0.000000,0.000000,0.000000,0.000000,1.000000,0.000000,0.770000,0.000000,0.000000,0.020000
1777189247.471712,0,0.000000,0.000000,0.000000,0.000000,1.000000,0.000000,0.110000,0.000000,0.140000,0.000000
1777189247.472396,0,0.000000,0.000000,0.000000,0.000000,1.000000,0.000000,0.340000,0.000000,0.000000,0.000000
1777189247.473014,0,0.000000,0.000000,0.000000,0.000000,1.000000,0.000000,0.540000,0.000000,0.070000,0.000000
1777189247.524995,0,0.000000,0.000000,0.000000,0.000000,1.000000,0.000000,0.750000,0.000000,0.070000,0.000000
1777189247.525636,0,0.000000,0.000000,0.000000,0.000000,1.000000,0.000000,0.940000,0.000000,0.070000,0.020000
1777189247.526164,0,0.000000,0.000000,0.000000,0.000000,1.000000,0.000000,1.000000,0.000000,0.070000,0.000000
1777189247.578813,0,0.000000,0.000000,0.000000,0.000000,1.000000,0.000000,1.000000,0.000000,0.070000,0.000000
1777189247.579496,0,0.000000,0.000000,0.000000,0.000000,1.000000,0.000000,1.000000,0.000000,0.000000,0.000000
1777189247.631672,0,0.000000,0.000000,0.000000,0.000000,1.000000,0.000000,1.000000,0.000000,0.070000,0.000000
1777189247.632338,0,0.000000,0.000000,0.000000,0.000000,1.000000,0.000000,1.000000,0.000000,0.140000,0.000000
1777189247.633832,0,0.000000,0.000000,0.000000,0.000000,1.000000,0.000000,1.000000,0.000000,0.070000,0.000000
1777189247.634420,0,0.000000,0.000000,0.000000,0.000000,1.000000,0.000000,1.000000,0.000000,0.000000,0.070000
1777189247.634967,0,0.000000,0.000000,0.000000,0.000000,1.000000,0.000000,1.000000,0.000000,0.000000,0.020000
1777189247.686399,0,0.000000,0.000000,0.000000,0.000000,1.000000,0.000000,1.000000,0.000000,0.070000,0.020000
1777189247.687248,0,0.000000,0.000000,0.000000,0.000000,1.000000,0.000000,1.000000,0.000000,0.000000,0.020000
1777189247.687801,0,0.000000,0.000000,0.000000,0.000000,1.000000,0.000000,1.000000,0.000000,0.000000,0.000000
1777189247.739948,0,0.000000,0.000000,0.000000,0.000000,0.050000,0.000000,1.000000,0.000000,0.000000,0.000000
1777189247.740590,0,0.000000,0.000000,0.000000,0.000000,0.330000,0.000000,1.000000,0.000000,0.000000,0.000000
1777189247.741113,0,0.000000,0.000000,0.000000,0.000000,0.620000,0.000000,1.000000,0.000000,0.000000,0.150000
1777189247.741905,0,0.000000,0.000000,0.000000,0.000000,0.870000,0.000000,1.000000,0.000000,0.000000,0.020000
1777189247.794407,0,0.000000,0.000000,0.000000,0.000000,1.000000,0.000000,1.000000,0.000000,0.140000,0.000000
1777189247.795088,0,0.000000,0.000000,0.000000,0.000000,1.000000,0.000000,1.000000,0.000000,0.000000,0.000000
1777189247.795666,0,0.000000,0.000000,0.000000,0.000000,1.000000,0.000000,1.000000,0.000000,0.000000,0.000000
1777189247.796196,0,0.000000,0.000000,0.000000,0.000000,1.000000,0.000000,1.000000,0.000000,0.000000,0.020000
1777189247.856976,0,0.000000,0.000000,0.000000,0.000000,1.000000,0.000000,1.000000,0.000000,0.070000,0.000000
1777189247.859194,0,0.000000,0.000000,0.000000,0.000000,1.000000,0.000000,1.000000,0.000000,0.140000,0.000000
1777189247.910882,0,0.000000,0.000000,0.000000,0.000000,1.000000,0.000000,0.090000,0.000000,0.070000,0.000000
1777189247.911934,0,0.000000,0.000000,0.000000,0.000000,1.000000,0.000000,0.300000,0.000000,0.000000,0.020000
1777189247.912530,0,0.000000,0.000000,0.000000,0.000000,1.000000,0.000000,0.500000,0.000000,0.000000,0.000000
1777189247.913390,0,0.000000,0.000000,0.000000,0.000000,1.000000,0.000000,0.700000,0.000000,0.000000,0.020000
1777189247.914254,0,0.000000,0.000000,0.000000,0.000000,1.000000,0.000000,0.910000,0.000000,0.000000,0.000000
1777189247.941465,0,0.000000,0.000000,0.000000,0.000000,1.000000,0.000000,1.000000,0.000000,0.000000,0.000000
1777189247.979715,0,0.000000,0.000000,0.000000,0.000000,1.000000,0.000000,0.000000,0.000000,0.000000,0.020000
1777189247.980434,0,0.000000,0.000000,0.000000,0.000000,1.000000,0.000000,0.230000,0.000000,0.070000,0.000000
1777189248.010564,0,0.000000,0.000000,0.000000,0.000000,1.000000,0.000000,0.490000,0.000000,0.140000,0.000000
1777189248.108944,0,0.000000,0.000000,0.000000,0.000000,1.000000,0.000000,0.720000,0.000000,0.000000,0.000000
1777189248.110299,0,0.000000,0.000000,0.000000,0.000000,1.000000,0.000000,0.940000,0.000000,0.070000,0.020000
1777189248.140426,0,0.000000,0.000000,0.000000,0.000000,1.000000,0.000000,1.000000,0.000000,0.070000,0.000000
1777189248.141171,0,0.000000,0.000000,0.000000,0.000000,1.000000,0.000000,1.000000,0.000000,0.070000,0.000000
1777189248.170682,0,0.000000,0.000000,0.000000,0.000000,1.000000,0.000000,1.000000,0.000000,0.070000,0.000000
1777189248.171323,0,0.000000,0.000000,0.000000,0.000000,1.000000,0.000000,1.000000,0.000000,0.140000,0.000000
1777189248.171849,0,0.000000,0.000000,0.000000,0.000000,1.000000,0.000000,1.000000,0.000000,0.000000,0.000000
1777189248.198998,0,0.000000,0.000000,0.000000,0.000000,1.000000,0.000000,1.000000,0.000000,0.070000,0.070000
1777189248.227278,0,0.000000,0.000000,0.000000,0.000000,1.000000,0.000000,1.000000,0.000000,0.000000,0.020000
1777189248.253987,0,0.000000,0.000000,0.000000,0.000000,1.000000,0.000000,1.000000,0.000000,0.070000,0.000000
1777189248.254990,0,0.000000,0.000000,0.000000,0.000000,1.000000,0.000000,1.000000,0.000000,0.070000,0.020000
1777189248.255597,0,0.000000,0.000000,0.000000,0.000000,1.000000,0.000000,1.000000,0.000000,0.000000,0.020000
1777189248.283380,0,0.000000,0.000000,0.000000,0.000000,1.000000,0.000000,1.000000,0.000000,0.000000,0.020000
1777189248.284063,0,0.000000,0.000000,0.000000,0.000000,1.000000,0.000000,1.000000,0.000000,0.000000,0.020000
1777189248.310842,0,0.000000,0.000000,0.000000,0.000000,1.000000,0.000000,1.000000,0.000000,0.000000,0.020000
1777189248.311503,0,0.000000,0.000000,0.000000,0.000000,1.000000,0.000000,1.000000,0.000000,0.000000,0.000000
1777189248.336520,0,0.000000,0.000000,0.000000,0.000000,1.000000,0.000000,1.000000,0.000000,0.070000,0.020000
1777189248.337169,0,0.000000,0.000000,0.000000,0.000000,1.000000,0.000000,1.000000,0.000000,0.000000,0.000000
1777189248.362173,0,0.000000,0.000000,0.000000,0.000000,1.000000,0.000000,1.000000,0.000000,0.000000,0.000000
1777189248.363612,0,0.000000,0.000000,0.000000,0.000000,1.000000,0.000000,0.000000,0.000000,0.070000,0.370000
1777189248.409632,0,0.000000,0.000000,0.000000,0.000000,1.000000,0.000000,0.230000,0.000000,0.000000,0.100000
1777189248.410304,0,0.000000,0.000000,0.000000,0.000000,1.000000,0.000000,0.460000,0.000000,0.140000,0.020000
1777189248.410835,0,0.000000,0.000000,0.000000,0.000000,1.000000,0.000000,0.720000,0.000000,0.140000,0.000000
1777189248.460299,0,0.000000,0.000000,0.000000,0.000000,1.000000,0.000000,0.930000,0.000000,0.000000,0.000000
1777189248.490741,0,0.000000,0.000000,0.000000,0.000000,1.000000,0.000000,1.000000,0.000000,0.000000,0.020000
1777189248.519005,0,0.000000,0.000000,0.000000,0.000000,0.120000,0.000000,1.000000,0.000000,0.000000,0.210000
1777189248.519675,0,0.000000,0.000000,0.000000,0.000000,0.400000,0.000000,0.100000,0.000000,0.140000,0.020000
1777189248.520216,0,0.000000,0.000000,0.000000,0.000000,0.980000,0.000000,0.440000,0.000000,0.000000,0.020000
1777189248.520752,0,0.000000,0.000000,0.000000,0.000000,1.000000,0.000000,0.620000,0.000000,0.000000,0.020000
1777189248.547702,0,0.000000,0.000000,0.000000,0.000000,1.000000,0.000000,0.800000,0.000000,0.000000,0.000000
1777189248.572260,0,0.000000,0.000000,0.000000,0.000000,1.000000,0.000000,0.000000,0.000000,0.000000,0.410000
1777189248.572915,0,0.000000,0.000000,0.000000,0.000000,1.000000,0.000000,0.170000,0.000000,0.000000,0.000000
1777189248.598156,0,0.000000,0.000000,0.000000,0.000000,1.000000,0.000000,0.340000,0.000000,0.140000,0.000000
1777189248.598814,0,0.000000,0.000000,0.000000,0.000000,1.000000,0.000000,0.500000,0.000000,0.070000,0.000000
1777189248.623370,0,0.000000,0.000000,0.000000,0.000000,1.000000,0.000000,0.670000,0.000000,0.000000,0.020000
1777189248.624057,0,0.000000,0.000000,0.000000,0.000000,1.000000,0.000000,0.830000,0.000000,0.000000,0.000000
1777189248.670396,0,0.000000,0.000000,0.000000,0.000000,1.000000,0.000000,1.000000,0.000000,0.070000,0.000000
1777189248.671030,0,0.000000,0.000000,0.000000,0.000000,1.000000,0.000000,1.000000,0.000000,0.000000,0.000000
1777189248.671604,0,0.000000,0.000000,0.000000,0.000000,1.000000,0.000000,1.000000,0.000000,0.000000,0.000000
1777189248.717206,0,0.000000,0.000000,0.000000,0.000000,1.000000,0.000000,1.000000,0.000000,0.070000,0.000000
1777189248.717854,0,0.000000,0.000000,0.000000,0.000000,1.000000,0.000000,1.000000,0.000000,0.070000,0.000000
1777189248.718383,0,0.000000,0.000000,0.000000,0.000000,1.000000,0.000000,1.000000,0.000000,0.000000,0.020000
1777189248.718952,0,0.000000,0.000000,0.000000,0.000000,1.000000,0.000000,1.000000,0.000000,0.000000,0.020000
1777189248.763863,0,0.000000,0.000000,0.000000,0.000000,1.000000,0.000000,1.000000,0.000000,0.070000,0.000000
1777189248.764572,0,0.000000,0.000000,0.000000,0.000000,1.000000,0.000000,1.000000,0.000000,0.000000,0.000000
1777189248.765100,0,0.000000,0.000000,0.000000,0.000000,1.000000,0.000000,1.000000,0.000000,0.140000,0.020000
1777189248.811321,0,0.000000,0.000000,0.000000,0.000000,1.000000,0.000000,1.000000,0.000000,0.000000,0.020000
1777189248.812340,0,0.000000,0.000000,0.000000,0.000000,1.000000,0.000000,1.000000,0.000000,0.070000,0.000000
1777189248.813279,0,0.000000,0.000000,0.000000,0.000000,1.000000,0.000000,1.000000,0.000000,0.140000,0.000000
1777189248.839456,0,0.000000,0.000000,0.000000,0.000000,1.000000,0.000000,1.000000,0.000000,0.000000,0.000000
1777189248.864140,0,0.000000,0.000000,0.000000,0.000000,1.000000,0.000000,1.000000,0.000000,0.000000,0.020000
1777189248.888919,0,0.000000,0.000000,0.000000,0.000000,0.200000,0.000000,1.000000,0.000000,0.000000,0.000000
1777189248.913318,0,0.000000,0.000000,0.000000,0.000000,0.500000,0.000000,1.000000,0.000000,0.070000,0.000000
1777189248.913979,0,0.000000,0.000000,0.000000,0.000000,0.790000,0.000000,1.000000,0.000000,0.070000,0.000000
1777189248.914529,0,0.000000,0.000000,0.000000,0.000000,1.000000,0.000000,1.000000,0.000000,0.000000,0.000000
1777189248.939333,0,0.000000,0.000000,0.000000,0.000000,1.000000,0.000000,1.000000,0.000000,0.070000,0.000000
1777189248.963503,0,0.000000,0.000000,0.000000,0.000000,1.000000,0.000000,1.000000,0.000000,0.070000,0.070000
1777189248.987502,0,0.000000,0.000000,0.000000,0.000000,1.000000,0.000000,1.000000,0.000000,0.000000,0.000000
1777189248.988134,0,0.000000,0.000000,0.000000,0.000000,1.000000,0.000000,1.000000,0.000000,0.140000,0.020000
1777189249.011958,0,0.000000,0.000000,0.000000,0.000000,1.000000,0.000000,1.000000,0.000000,0.070000,0.000000
1777189249.012611,0,0.000000,0.000000,0.000000,0.000000,1.000000,0.000000,1.000000,0.000000,0.000000,0.000000
1777189249.036208,0,0.000000,0.000000,0.000000,0.000000,1.000000,0.000000,1.000000,0.000000,0.000000,0.000000
1777189249.060650,0,0.000000,0.000000,0.000000,0.000000,1.000000,0.000000,1.000000,0.000000,0.000000,0.000000
1777189249.061273,0,0.000000,0.000000,0.000000,0.000000,1.000000,0.000000,1.000000,0.000000,0.000000,0.000000
1777189249.084977,0,0.000000,0.000000,0.000000,0.000000,1.000000,0.000000,1.000000,0.000000,0.000000,0.000000
1777189249.085632,0,0.000000,0.000000,0.000000,0.000000,1.000000,0.000000,1.000000,0.000000,0.070000,0.000000
1777189249.109557,0,0.000000,0.000000,0.000000,0.000000,1.000000,0.000000,1.000000,0.000000,0.000000,0.000000
1777189249.133764,0,0.000000,0.000000,0.000000,0.000000,1.000000,0.000000,1.000000,0.000000,0.000000,0.000000
1777189249.134475,0,0.000000,0.000000,0.000000,0.000000,1.000000,0.000000,1.000000,0.000000,0.000000,0.000000
1777189249.158456,0,0.000000,0.000000,0.000000,0.000000,1.000000,0.000000,1.000000,0.000000,0.070000,0.070000
1777189249.159126,0,0.000000,0.000000,0.000000,0.000000,1.000000,0.000000,1.000000,0.000000,0.070000,0.000000
1777189249.183125,0,0.000000,0.000000,0.000000,0.000000,0.150000,0.000000,1.000000,0.000000,0.070000,0.000000
1777189249.207066,0,0.000000,0.000000,0.000000,0.000000,0.440000,0.000000,1.000000,0.000000,0.000000,0.070000
1777189249.230798,0,0.000000,0.000000,0.000000,0.000000,0.750000,0.000000,1.000000,0.000000,0.000000,0.000000
1777189249.231451,0,0.000000,0.000000,0.000000,0.000000,1.000000,0.000000,1.000000,0.000000,0.000000,0.020000
1777189249.255761,0,0.000000,0.000000,0.000000,0.000000,1.000000,0.000000,1.000000,0.000000,0.000000,0.100000
1777189249.256461,0,0.000000,0.000000,0.000000,0.000000,1.000000,0.000000,1.000000,0.000000,0.000000,0.020000
1777189249.280205,0,0.000000,0.000000,0.000000,0.000000,1.000000,0.000000,1.000000,0.000000,0.070000,0.000000
1777189249.281141,0,0.000000,0.000000,0.000000,0.000000,1.000000,0.000000,1.000000,0.000000,0.140000,0.020000
1777189249.305238,0,0.000000,0.000000,0.000000,0.000000,1.000000,0.000000,1.000000,0.000000,0.070000,0.000000
1777189249.329028,0,0.000000,0.000000,0.000000,0.000000,1.000000,0.000000,1.000000,0.000000,0.000000,0.020000
1777189249.329691,0,0.000000,0.000000,0.000000,0.000000,1.000000,0.000000,1.000000,0.000000,0.070000,0.070000
1777189249.353446,0,0.000000,0.000000,0.000000,0.000000,1.000000,0.000000,1.000000,0.000000,0.070000,0.000000
1777189249.377393,0,0.000000,0.000000,0.000000,0.000000,1.000000,0.000000,1.000000,0.000000,0.070000,0.000000
1777189249.378053,0,0.000000,0.000000,0.000000,0.000000,1.000000,0.000000,1.000000,0.000000,0.000000,0.000000
1777189249.403262,0,0.000000,0.000000,0.000000,0.000000,1.000000,0.000000,1.000000,0.000000,0.070000,0.000000
1777189249.428246,0,0.000000,0.000000,0.000000,0.000000,1.000000,0.000000,1.000000,0.000000,0.070000,0.020000
1777189249.428922,0,0.000000,0.000000,0.000000,0.000000,1.000000,0.000000,1.000000,0.000000,0.000000,0.000000
1777189249.453247,0,0.000000,0.000000,0.000000,0.000000,1.000000,0.000000,1.000000,0.000000,0.000000,0.020000
1777189249.454196,0,0.000000,0.000000,0.000000,0.000000,1.000000,0.000000,1.000000,0.000000,0.070000,0.000000
1777189249.479141,0,0.000000,0.000000,0.000000,0.000000,1.000000,0.000000,1.000000,0.000000,0.070000,0.000000
1777189249.502635,0,0.000000,0.000000,0.000000,0.000000,1.000000,0.000000,1.000000,0.000000,0.140000,0.070000
1777189249.503305,0,0.000000,0.000000,0.000000,0.000000,1.000000,0.000000,1.000000,0.000000,0.000000,0.000000
1777189249.528046,0,0.000000,0.000000,0.000000,0.000000,1.000000,0.000000,1.000000,0.000000,0.000000,0.020000
1777189249.552240,0,0.000000,0.000000,0.000000,0.000000,1.000000,0.000000,1.000000,0.000000,0.000000,0.180000
1777189249.576162,0,0.000000,0.000000,0.000000,0.000000,1.000000,0.000000,1.000000,0.000000,0.070000,0.000000
1777189249.576815,0,0.000000,0.000000,0.000000,0.000000,1.000000,0.000000,0.030000,0.000000,0.140000,0.020000
1777189249.588881,0,0.000000,0.000000,0.000000,0.000000,1.000000,0.000000,0.180000,206.720000,0.070000,0.000000
1777189249.634631,0,0.000000,0.000000,0.000000,0.000000,1.000000,0.000000,0.360000,-289.910000,0.070000,0.000000
1777189249.650882,0,0.000000,0.000000,0.000000,0.000000,1.000000,0.000000,0.540000,322.800000,0.140000,0.000000
1777189249.651919,0,0.000000,0.000000,0.000000,0.000000,1.000000,0.000000,0.700000,259.450000,0.000000,0.000000
1777189249.652575,0,0.000000,0.000000,0.000000,0.000000,1.000000,0.000000,0.870000,167.630000,0.070000,0.000000
1777189249.653280,0,0.000000,0.000000,0.000000,0.000000,1.000000,0.000000,1.000000,304.660000,0.210000,0.000000
1777189249.709589,0,0.000000,0.000000,0.000000,0.000000,0.120000,0.000000,1.000000,125.060000,0.000000,0.000000
1777189249.710254,0,0.000000,0.000000,0.000000,0.000000,0.430000,0.000000,1.000000,39.290000,0.000000,0.000000
1777189249.710816,0,0.000000,0.000000,0.000000,0.000000,0.700000,0.000000,1.000000,0.000000,0.070000,0.000000
1777189249.711365,0,0.000000,0.000000,0.000000,0.000000,1.000000,0.000000,1.000000,0.000000,0.000000,0.000000
1777189249.727272,0,0.000000,0.000000,0.000000,0.000000,1.000000,0.000000,1.000000,108.360000,0.070000,0.000000
1777189249.783187,0,0.000000,0.000000,0.000000,0.000000,1.000000,0.000000,1.000000,98.040000,0.140000,0.000000
1777189249.783849,0,0.000000,0.000000,0.000000,0.000000,1.000000,0.000000,1.000000,271.760000,0.070000,0.000000
1777189249.784415,0,0.000000,0.000000,0.000000,0.000000,1.000000,0.000000,1.000000,149.390000,0.070000,0.000000
1777189249.784983,0,0.000000,0.000000,0.000000,0.000000,1.000000,0.000000,1.000000,86.020000,0.210000,0.020000
1777189249.786166,0,0.000000,0.000000,0.000000,0.000000,1.000000,0.000000,0.050000,83.180000,0.070000,0.020000
1777189249.840050,0,0.000000,0.000000,0.000000,0.000000,1.000000,0.000000,0.210000,5.730000,0.000000,0.000000
1777189249.840717,0,0.000000,0.000000,0.000000,0.000000,1.000000,0.000000,0.380000,0.000000,0.070000,0.000000
1777189249.841363,0,0.000000,0.000000,0.000000,0.000000,1.000000,0.000000,0.090000,0.000000,0.070000,0.100000
1777189249.841932,0,0.000000,0.000000,0.000000,0.000000,1.000000,0.000000,0.310000,0.000000,0.000000,0.000000
1777189249.890738,0,0.000000,0.000000,0.000000,0.000000,1.000000,0.000000,0.500000,0.000000,0.000000,0.020000
1777189249.891382,0,0.000000,0.000000,0.000000,0.000000,1.000000,0.000000,0.720000,0.000000,0.000000,0.020000
1777189249.891972,0,0.000000,0.000000,0.000000,0.000000,1.000000,0.000000,0.930000,0.000000,0.000000,0.020000
1777189249.940108,0,0.000000,0.000000,0.000000,0.000000,1.000000,0.000000,1.000000,0.000000,0.070000,0.000000
1777189249.940767,0,0.000000,0.000000,0.000000,0.000000,1.000000,0.000000,1.000000,0.000000,0.070000,0.000000
1777189249.989931,0,0.000000,0.000000,0.000000,0.000000,1.000000,0.000000,1.000000,0.000000,0.000000,0.020000
1777189249.990689,0,0.000000,0.000000,0.000000,0.000000,1.000000,0.000000,1.000000,0.000000,0.000000,0.000000
1777189249.991260,0,0.000000,0.000000,0.000000,0.000000,1.000000,0.000000,1.000000,0.000000,0.000000,0.020000
1777189249.991848,0,0.000000,0.000000,0.000000,0.000000,1.000000,0.000000,1.000000,0.000000,0.000000,0.000000
1777189250.018075,0,0.000000,0.000000,0.000000,0.000000,1.000000,0.000000,1.000000,0.000000,0.000000,0.210000
1777189250.044049,0,0.000000,0.000000,0.000000,0.000000,1.000000,0.000000,1.000000,0.000000,0.000000,0.000000
1777189250.044722,0,0.000000,0.000000,0.000000,0.000000,1.000000,0.000000,1.000000,0.000000,0.070000,0.070000
1777189250.070538,0,0.000000,0.000000,0.000000,0.000000,1.000000,0.000000,1.000000,0.000000,0.000000,0.020000
1777189250.097280,0,0.000000,0.000000,0.000000,0.000000,1.000000,0.000000,1.000000,0.000000,0.210000,0.180000
1777189250.097993,0,0.000000,0.000000,0.000000,0.000000,1.000000,0.000000,1.000000,0.000000,0.140000,0.020000
1777189250.123621,0,0.000000,0.000000,0.000000,0.000000,1.000000,0.000000,1.000000,0.000000,0.070000,0.070000
1777189250.149492,0,0.000000,0.000000,0.000000,0.000000,1.000000,0.000000,1.000000,0.000000,0.000000,0.000000
1777189250.150149,0,0.000000,0.000000,0.000000,0.000000,1.000000,0.000000,1.000000,0.000000,0.070000,0.000000
1777189250.150797,0,0.000000,0.000000,0.000000,0.000000,1.000000,0.000000,1.000000,0.000000,0.000000,0.020000
1777189250.200346,0,0.000000,0.000000,0.000000,0.000000,1.000000,0.000000,1.000000,0.000000,0.000000,0.020000
1777189250.200989,0,0.000000,0.000000,0.000000,0.000000,1.000000,0.000000,1.000000,0.000000,0.000000,0.000000
1777189250.211947,0,0.000000,0.000000,0.000000,0.000000,1.000000,0.000000,1.000000,0.000000,0.000000,0.020000
1777189250.212547,0,0.000000,0.000000,0.000000,0.000000,1.000000,0.000000,1.000000,0.000000,0.000000,0.000000
1777189250.287802,0,0.000000,0.000000,0.000000,0.000000,0.200000,0.000000,1.000000,0.000000,0.000000,0.000000
1777189250.288422,0,0.000000,0.000000,0.000000,0.000000,0.500000,0.000000,1.000000,0.000000,0.000000,0.000000
1777189250.289120,0,0.000000,0.000000,0.000000,0.000000,0.790000,0.000000,1.000000,0.000000,0.070000,0.000000
1777189250.289663,0,0.000000,0.000000,0.000000,0.000000,1.000000,0.000000,1.000000,0.000000,0.000000,0.000000
1777189250.290914,0,0.000000,0.000000,0.000000,0.000000,0.250000,0.000000,1.000000,0.000000,0.000000,0.000000
1777189250.291624,0,0.000000,0.000000,0.000000,0.000000,0.560000,0.000000,1.000000,0.000000,0.070000,0.020000
1777189250.340421,0,0.000000,0.000000,0.000000,0.000000,0.880000,0.000000,1.000000,0.000000,0.000000,0.020000
1777189250.341085,0,0.000000,0.000000,0.000000,0.000000,1.000000,0.000000,1.000000,0.000000,0.070000,0.020000
1777189250.341729,0,0.000000,0.000000,0.000000,0.000000,1.000000,0.000000,1.000000,0.000000,0.000000,0.000000
1777189250.389669,0,0.000000,0.000000,0.000000,0.000000,1.000000,0.000000,1.000000,0.000000,0.000000,0.020000
1777189250.390337,0,0.000000,0.000000,0.000000,0.000000,1.000000,0.000000,0.010000,0.000000,0.000000,0.000000
1777189250.390929,0,0.000000,0.000000,0.000000,0.000000,1.000000,0.000000,0.230000,0.000000,0.000000,0.020000
1777189250.391482,0,0.000000,0.000000,0.000000,0.000000,1.000000,0.000000,0.430000,0.000000,0.000000,0.020000
1777189250.440528,0,0.000000,0.000000,0.000000,0.000000,1.000000,0.000000,0.660000,0.000000,0.000000,0.000000
1777189250.441290,0,0.000000,0.000000,0.000000,0.000000,1.000000,0.000000,0.860000,0.000000,0.000000,0.000000
1777189250.441894,0,0.000000,0.000000,0.000000,0.000000,1.000000,0.000000,1.000000,0.000000,0.210000,0.000000
1777189250.491353,0,0.000000,0.000000,0.000000,0.000000,1.000000,0.000000,1.000000,0.000000,0.070000,0.000000
1777189250.492446,0,0.000000,0.000000,0.000000,0.000000,1.000000,0.000000,1.000000,0.000000,0.070000,0.020000
1777189250.493275,0,0.000000,0.000000,0.000000,0.000000,1.000000,0.000000,1.000000,0.000000,0.000000,0.000000
1777189250.518318,0,0.000000,0.000000,0.000000,0.000000,1.000000,0.000000,1.000000,0.000000,0.070000,0.070000
1777189250.544037,0,0.000000,0.000000,0.000000,0.000000,1.000000,0.000000,1.000000,0.210000,0.070000,0.000000
1777189250.570553,0,0.000000,0.000000,0.000000,0.000000,1.000000,0.000000,1.000000,0.140000,0.140000,0.020000
1777189250.571306,0,0.000000,0.000000,0.000000,0.000000,1.000000,0.000000,0.090000,0.210000,0.000000,0.070000
1777189250.596720,0,0.000000,0.000000,0.000000,0.000000,1.000000,0.000000,0.280000,0.300000,0.000000,0.000000
1777189250.622497,0,0.000000,0.000000,0.000000,0.000000,1.000000,0.000000,0.470000,0.110000,0.070000,0.020000
1777189250.623140,0,0.000000,0.000000,0.000000,0.000000,1.000000,0.000000,0.100000,0.330000,0.000000,0.000000
1777189250.623716,0,0.000000,0.000000,0.000000,0.000000,1.000000,0.000000,0.370000,0.050000,0.000000,0.000000
1777189250.674684,0,0.000000,0.000000,0.000000,0.000000,1.000000,0.000000,0.660000,0.010000,0.070000,0.000000
1777189250.675343,0,0.000000,0.000000,0.000000,0.000000,1.000000,0.000000,0.070000,0.000000,0.070000,0.000000
1777189250.675881,0,0.000000,0.000000,0.000000,0.000000,1.000000,0.000000,0.410000,0.000000,0.000000,0.000000
1777189250.676467,0,0.000000,0.000000,0.000000,0.000000,1.000000,0.000000,0.070000,0.020000,0.000000,0.020000
1777189250.727175,0,0.000000,0.000000,0.000000,0.000000,1.000000,0.000000,0.460000,0.100000,0.000000,0.070000
1777189250.727810,0,0.000000,0.000000,0.000000,0.000000,1.000000,0.000000,0.850000,0.280000,0.000000,0.020000
1777189250.728377,0,0.000000,0.000000,0.000000,0.000000,1.000000,0.000000,0.280000,0.340000,0.000000,0.070000
1777189250.728891,0,0.000000,0.000000,0.000000,0.000000,1.000000,0.000000,0.680000,0.150000,0.070000,0.000000
1777189250.777068,0,0.000000,0.000000,0.000000,0.000000,1.000000,0.000000,1.000000,0.070000,0.070000,0.000000
1777189250.829480,0,0.000000,0.000000,0.000000,0.000000,1.000000,0.000000,1.000000,0.050000,0.000000,0.000000
1777189250.830195,0,0.000000,0.000000,0.000000,0.000000,1.000000,0.000000,1.000000,0.050000,0.140000,0.070000
1777189250.830755,0,0.000000,0.000000,0.000000,0.000000,1.000000,0.000000,1.000000,0.020000,0.000000,0.150000
1777189250.831396,0,0.000000,0.000000,0.000000,0.000000,1.000000,0.000000,1.000000,0.000000,0.070000,0.000000
1777189250.831998,0,0.000000,0.000000,0.000000,0.000000,1.000000,0.000000,1.000000,0.000000,0.000000,0.000000
1777189250.886717,0,0.000000,0.000000,0.000000,0.000000,1.000000,0.000000,1.000000,0.000000,0.070000,0.000000
1777189250.887377,0,0.000000,0.000000,0.000000,0.000000,1.000000,0.000000,1.000000,0.000000,0.000000,0.000000
1777189250.887908,0,0.000000,0.000000,0.000000,0.000000,1.000000,0.000000,0.050000,0.000000,0.000000,0.020000
1777189250.888490,0,0.000000,0.000000,0.000000,0.000000,1.000000,0.000000,0.100000,0.000000,0.000000,0.000000
1777189250.937968,0,0.000000,0.000000,0.000000,0.000000,1.000000,0.000000,0.500000,0.000000,0.000000,0.020000
1777189250.938664,0,0.000000,0.000000,0.000000,0.000000,1.000000,0.000000,0.880000,0.000000,0.070000,0.000000
1777189250.939249,0,0.000000,0.000000,0.000000,0.000000,1.000000,0.000000,1.000000,0.000000,0.140000,0.070000
1777189250.939784,0,0.000000,0.000000,0.000000,0.000000,1.000000,0.000000,1.000000,0.000000,0.000000,0.000000
1777189250.988849,0,0.000000,0.000000,0.000000,0.000000,1.000000,0.000000,1.000000,0.000000,0.070000,0.000000
1777189250.989576,0,0.000000,0.000000,0.000000,0.000000,1.000000,0.000000,1.000000,0.000000,0.000000,0.000000
1777189250.990142,0,0.000000,0.000000,0.000000,0.000000,1.000000,0.000000,1.000000,0.000000,0.000000,0.000000
1777189251.039351,0,0.000000,0.000000,0.000000,0.000000,1.000000,0.000000,0.000000,0.000000,0.000000,0.560000
1777189251.040056,0,0.000000,0.000000,0.000000,0.000000,1.000000,0.000000,0.370000,0.000000,0.000000,0.000000
1777189251.040606,0,0.000000,0.000000,0.000000,0.000000,1.000000,0.000000,0.740000,0.000000,0.140000,0.000000
1777189251.099199,0,0.000000,0.000000,0.000000,0.000000,1.000000,0.000000,1.000000,0.000000,0.000000,0.070000
1777189251.099858,0,0.000000,0.000000,0.000000,0.000000,1.000000,0.000000,1.000000,0.000000,0.070000,0.000000
1777189251.100379,0,0.000000,0.000000,0.000000,0.000000,1.000000,0.000000,1.000000,0.000000,0.000000,0.000000
1777189251.100965,0,0.000000,0.000000,0.000000,0.000000,1.000000,0.000000,1.000000,0.000000,0.000000,0.000000
1777189251.150559,0,0.000000,0.000000,0.000000,0.000000,1.000000,0.000000,1.000000,0.000000,0.000000,0.020000
1777189251.151268,0,0.000000,0.000000,0.000000,0.000000,1.000000,0.000000,1.000000,0.000000,0.000000,0.070000
1777189251.151856,0,0.000000,0.000000,0.000000,0.000000,1.000000,0.000000,1.000000,0.000000,0.000000,0.000000
1777189251.200085,0,0.000000,0.000000,0.000000,0.000000,1.000000,0.000000,1.000000,0.000000,0.000000,0.000000
1777189251.200740,0,0.000000,0.000000,0.000000,0.000000,1.000000,0.000000,1.000000,0.000000,0.000000,0.000000
1777189251.201306,0,0.000000,0.000000,0.000000,0.000000,1.000000,0.000000,1.000000,0.000000,0.000000,0.020000
1777189251.249043,0,0.000000,0.000000,0.000000,0.000000,0.150000,0.000000,1.000000,0.000000,0.070000,0.000000
1777189251.249686,0,0.000000,0.000000,0.000000,0.000000,0.460000,0.000000,0.010000,0.000000,0.000000,0.000000
1777189251.298181,0,0.000000,0.000000,0.000000,0.000000,0.760000,0.000000,0.430000,0.000000,0.070000,0.020000
1777189251.298834,0,0.000000,0.000000,0.000000,0.000000,1.000000,0.000000,0.790000,0.000000,0.000000,0.000000
1777189251.300055,0,0.000000,0.000000,0.000000,0.000000,1.000000,0.000000,1.000000,0.000000,0.070000,0.100000
1777189251.300649,0,0.000000,0.000000,0.000000,0.000000,1.000000,0.000000,1.000000,0.000000,0.000000,0.020000
1777189251.301203,0,0.000000,0.000000,0.000000,0.000000,1.000000,0.000000,1.000000,0.000000,0.140000,0.000000
1777189251.301746,0,0.000000,0.000000,0.000000,0.000000,1.000000,0.000000,1.000000,0.000000,0.140000,0.020000
1777189251.351015,0,0.000000,0.000000,0.000000,0.000000,1.000000,0.000000,1.000000,0.000000,0.000000,0.000000
1777189251.352510,0,0.000000,0.000000,0.000000,0.000000,1.000000,0.000000,1.000000,0.000000,0.070000,0.180000
1777189251.401809,0,0.000000,0.000000,0.000000,0.000000,1.000000,0.000000,1.000000,0.000000,0.070000,0.000000
1777189251.402521,0,0.000000,0.000000,0.000000,0.000000,1.000000,0.000000,1.000000,0.000000,0.000000,0.000000
1777189251.403068,0,0.000000,0.000000,0.000000,0.000000,1.000000,0.000000,1.000000,0.000000,0.000000,0.000000
1777189251.452594,0,0.000000,0.000000,0.000000,0.000000,1.000000,0.000000,1.000000,0.000000,0.000000,0.000000
1777189251.453948,0,0.000000,0.000000,0.000000,0.000000,1.000000,0.000000,1.000000,0.000000,0.000000,0.020000
1777189251.454547,0,0.000000,0.000000,0.000000,0.000000,1.000000,0.000000,1.000000,0.000000,0.070000,0.000000
1777189251.455142,0,0.000000,0.000000,0.000000,0.000000,1.000000,0.000000,1.000000,0.000000,0.000000,0.000000
1777189251.504943,0,0.000000,0.000000,0.000000,0.000000,1.000000,0.000000,1.000000,0.000000,0.070000,0.020000
1777189251.506484,0,0.000000,0.000000,0.000000,0.000000,1.000000,0.000000,1.000000,0.000000,0.070000,0.000000
1777189251.507061,0,0.000000,0.000000,0.000000,0.000000,1.000000,0.000000,1.000000,0.000000,0.070000,0.000000
1777189251.507605,0,0.000000,0.000000,0.000000,0.000000,1.000000,0.000000,1.000000,0.000000,0.000000,0.000000
1777189251.556731,0,0.000000,0.000000,0.000000,0.000000,1.000000,0.000000,1.000000,0.000000,0.000000,0.020000
1777189251.558140,0,0.000000,0.000000,0.000000,0.000000,1.000000,0.000000,1.000000,0.000000,0.070000,0.070000
1777189251.558828,0,0.000000,0.000000,0.000000,0.000000,1.000000,0.000000,1.000000,0.000000,0.000000,0.000000
1777189251.608073,0,0.000000,0.000000,0.000000,0.000000,1.000000,0.000000,1.000000,0.000000,0.070000,0.000000
1777189251.608753,0,0.000000,0.000000,0.000000,0.000000,1.000000,0.000000,1.000000,0.000000,0.000000,0.000000
1777189251.610111,0,0.000000,0.000000,0.000000,0.000000,1.000000,0.000000,1.000000,0.000000,0.070000,0.000000
1777189251.610722,0,0.000000,0.000000,0.000000,0.000000,1.000000,0.000000,1.000000,0.000000,0.000000,0.020000
1777189251.659630,0,0.000000,0.000000,0.000000,0.000000,1.000000,0.000000,1.000000,0.000000,0.210000,0.020000
1777189251.660995,0,0.000000,0.000000,0.000000,0.000000,1.000000,0.000000,1.000000,0.000000,0.070000,0.070000
1777189251.709651,0,0.000000,0.000000,0.000000,0.000000,1.000000,0.000000,1.000000,0.000000,0.070000,0.020000
1777189251.710329,0,0.000000,0.000000,0.000000,0.000000,1.000000,0.000000,1.000000,0.000000,0.140000,0.000000
1777189251.710876,0,0.000000,0.000000,0.000000,0.000000,1.000000,0.000000,1.000000,0.000000,0.070000,0.020000
1777189251.712204,0,0.000000,0.000000,0.000000,0.000000,1.000000,0.000000,1.000000,0.000000,0.000000,0.020000
1777189251.761514,0,0.000000,0.000000,0.000000,0.000000,1.000000,0.000000,1.000000,0.000000,0.000000,0.070000
1777189251.762156,0,0.000000,0.000000,0.000000,0.000000,1.000000,0.000000,1.000000,0.000000,0.070000,0.000000
1777189251.762729,0,0.000000,0.000000,0.000000,0.000000,1.000000,0.000000,1.000000,0.000000,0.000000,0.000000
1777189251.763279,0,0.000000,0.000000,0.000000,0.000000,1.000000,0.000000,0.050000,0.000000,0.000000,0.000000
1777189251.812868,0,0.000000,0.000000,0.000000,0.000000,1.000000,0.000000,0.400000,0.000000,0.140000,0.000000
1777189251.814232,0,0.000000,0.000000,0.000000,0.000000,1.000000,0.000000,0.790000,0.000000,0.000000,0.000000
1777189251.814803,0,0.000000,0.000000,0.000000,0.000000,1.000000,0.000000,1.000000,0.000000,0.070000,0.070000
1777189251.867738,0,0.000000,0.000000,0.000000,0.000000,1.000000,0.000000,1.000000,0.000000,0.000000,0.000000
1777189251.868842,0,0.000000,0.000000,0.000000,0.000000,1.000000,0.000000,1.000000,0.000000,0.000000,0.000000
1777189251.869399,0,0.000000,0.000000,0.000000,0.000000,1.000000,0.000000,1.000000,0.000000,0.000000,0.020000
1777189251.919422,0,0.000000,0.000000,0.000000,0.000000,1.000000,0.000000,1.000000,0.000000,0.000000,0.020000
1777189251.920923,0,0.000000,0.000000,0.000000,0.000000,1.000000,0.000000,1.000000,0.000000,0.070000,0.000000
1777189251.921544,0,0.000000,0.000000,0.000000,0.000000,1.000000,0.000000,1.000000,0.000000,0.000000,0.000000
1777189251.922203,0,0.000000,0.000000,0.000000,0.000000,1.000000,0.000000,1.000000,0.000000,0.070000,0.000000
1777189251.973165,0,0.000000,0.000000,0.000000,0.000000,1.000000,0.000000,1.000000,0.000000,0.000000,0.070000
1777189251.973820,0,0.000000,0.000000,0.000000,0.000000,1.000000,0.000000,1.000000,0.000000,0.070000,0.000000
1777189251.974956,0,0.000000,0.000000,0.000000,0.000000,1.000000,0.000000,1.000000,0.000000,0.070000,0.000000
1777189251.975564,0,0.000000,0.000000,0.000000,0.000000,1.000000,0.000000,1.000000,0.000000,0.070000,0.020000
1777189252.024915,0,0.000000,0.000000,0.000000,0.000000,1.000000,0.000000,1.000000,0.000000,0.070000,0.000000
1777189252.025554,0,0.000000,0.000000,0.000000,0.000000,1.000000,0.000000,1.000000,0.000000,0.000000,0.100000
1777189252.075112,0,0.000000,0.000000,0.000000,0.000000,1.000000,0.000000,1.000000,0.000000,0.000000,0.000000
1777189252.075733,0,0.000000,0.000000,0.000000,0.000000,0.110000,0.000000,1.000000,0.000000,0.070000,0.000000
1777189252.076258,0,0.000000,0.000000,0.000000,0.000000,0.410000,0.000000,1.000000,0.000000,0.140000,0.000000
1777189252.076812,0,0.000000,0.000000,0.000000,0.000000,0.750000,0.000000,1.000000,0.000000,0.000000,0.000000
1777189252.125338,0,0.000000,0.000000,0.000000,0.000000,1.000000,0.000000,1.000000,0.000000,0.070000,0.000000
1777189252.126507,0,0.000000,0.000000,0.000000,0.000000,1.000000,0.000000,1.000000,0.000000,0.140000,0.000000
1777189252.127135,0,0.000000,0.000000,0.000000,0.000000,0.100000,0.000000,1.000000,0.000000,0.070000,0.070000
1777189252.153297,0,0.000000,0.000000,0.000000,0.000000,0.340000,0.000000,1.000000,0.000000,0.070000,0.000000
1777189252.179706,0,0.000000,0.000000,0.000000,0.000000,0.610000,0.000000,1.000000,0.000000,0.000000,0.020000
1777189252.208368,0,0.000000,0.000000,0.000000,0.000000,0.870000,0.000000,0.170000,0.000000,0.000000,0.000000
1777189252.209006,0,0.000000,0.000000,0.000000,0.000000,0.100000,0.000000,0.560000,0.000000,0.000000,0.000000
1777189252.234793,0,0.000000,0.000000,0.000000,0.000000,0.340000,0.000000,0.970000,0.000000,0.070000,0.000000
1777189252.236002,0,0.000000,0.000000,0.000000,0.000000,0.570000,0.000000,1.000000,0.000000,0.070000,0.000000
1777189252.263278,0,0.000000,0.000000,0.000000,0.000000,0.820000,0.000000,1.000000,0.000000,0.000000,0.020000
1777189252.290451,0,0.000000,0.000000,0.000000,0.000000,1.000000,0.000000,1.000000,0.000000,0.000000,0.020000
1777189252.291081,0,0.000000,0.000000,0.000000,0.000000,1.000000,0.000000,1.000000,0.000000,0.000000,0.000000
1777189252.291602,0,0.000000,0.000000,0.000000,0.000000,1.000000,0.000000,1.000000,0.000000,0.070000,0.020000
1777189252.318125,0,0.000000,0.000000,0.000000,0.000000,1.000000,0.000000,1.000000,0.000000,0.000000,0.020000
1777189252.344455,0,0.000000,0.000000,0.000000,0.000000,1.000000,0.000000,1.000000,0.000000,0.140000,0.000000
1777189252.370104,0,0.000000,0.000000,0.000000,0.000000,0.120000,0.000000,1.000000,0.000000,0.070000,0.000000
1777189252.370754,0,0.000000,0.000000,0.000000,0.000000,0.370000,0.000000,1.000000,0.000000,0.000000,0.020000
1777189252.395705,0,0.000000,0.000000,0.000000,0.000000,0.600000,0.000000,1.000000,0.000000,0.070000,0.000000
1777189252.396353,0,0.000000,0.000000,0.000000,0.000000,0.820000,0.000000,1.000000,0.000000,0.000000,0.020000
1777189252.422188,0,0.000000,0.000000,0.000000,0.000000,1.000000,0.000000,1.000000,0.000000,0.000000,0.020000
1777189252.448719,0,0.000000,0.000000,0.000000,0.000000,1.000000,0.000000,1.000000,0.000000,0.000000,0.000000
1777189252.449365,0,0.000000,0.000000,0.000000,0.000000,1.000000,0.000000,1.000000,0.000000,0.000000,0.020000
1777189252.450033,0,0.000000,0.000000,0.000000,0.000000,1.000000,0.000000,1.000000,0.000000,0.000000,0.000000
1777189252.475862,0,0.000000,0.000000,0.000000,0.000000,1.000000,0.000000,1.000000,0.000000,0.000000,0.000000
1777189252.476774,0,0.000000,0.000000,0.000000,0.000000,0.120000,0.000000,1.000000,0.000000,0.000000,0.150000
1777189252.502777,0,0.000000,0.000000,0.000000,0.000000,0.360000,0.000000,1.000000,0.000000,0.070000,0.070000
1777189252.529576,0,0.000000,0.000000,0.000000,0.000000,0.600000,0.000000,1.000000,0.000000,0.070000,0.070000
1777189252.555056,0,0.000000,0.000000,0.000000,0.000000,0.830000,0.000000,1.000000,0.000000,0.000000,0.020000
1777189252.555725,0,0.000000,0.000000,0.000000,0.000000,1.000000,0.000000,1.000000,0.000000,0.000000,0.000000
1777189252.556252,0,0.000000,0.000000,0.000000,0.000000,1.000000,0.000000,1.000000,0.000000,0.000000,0.000000
1777189252.605972,0,0.000000,0.000000,0.000000,0.000000,1.000000,0.000000,0.230000,0.000000,0.000000,0.000000
1777189252.606596,0,0.000000,0.000000,0.000000,0.000000,1.000000,0.000000,0.570000,0.000000,0.000000,0.000000
1777189252.607141,0,0.000000,0.000000,0.000000,0.000000,1.000000,0.000000,0.970000,0.000000,0.000000,0.000000
1777189252.607897,0,0.000000,0.000000,0.000000,0.000000,1.000000,0.000000,1.000000,0.000000,0.070000,0.000000
1777189252.656855,0,0.000000,0.000000,0.000000,0.000000,1.000000,0.000000,1.000000,0.000000,0.070000,0.020000
1777189252.657528,0,0.000000,0.000000,0.000000,0.000000,1.000000,0.000000,0.140000,0.000000,0.140000,0.000000
1777189252.658064,0,0.000000,0.000000,0.000000,0.000000,1.000000,0.000000,0.460000,0.000000,0.000000,0.020000
1777189252.658661,0,0.000000,0.000000,0.000000,0.000000,1.000000,0.000000,0.790000,0.000000,0.000000,0.020000
1777189252.708055,0,0.000000,0.000000,0.000000,0.000000,1.000000,0.000000,1.000000,0.000000,0.140000,0.000000
1777189252.708704,0,0.000000,0.000000,0.000000,0.000000,1.000000,0.000000,1.000000,0.000000,0.000000,0.000000
1777189252.709330,0,0.000000,0.000000,0.000000,0.000000,1.000000,0.000000,1.000000,0.000000,0.000000,0.000000
1777189252.756566,0,0.000000,0.000000,0.000000,0.000000,1.000000,0.000000,1.000000,0.000000,0.070000,0.020000
1777189252.757219,0,0.000000,0.000000,0.000000,0.000000,1.000000,0.000000,1.000000,0.000000,0.070000,0.000000
1777189252.757852,0,0.000000,0.000000,0.000000,0.000000,1.000000,0.000000,1.000000,0.000000,0.000000,0.020000
1777189252.782639,0,0.000000,0.000000,0.000000,0.000000,1.000000,0.000000,1.000000,0.000000,0.000000,0.000000
1777189252.806373,0,0.000000,0.000000,0.000000,0.000000,1.000000,0.000000,1.000000,0.000000,0.000000,0.000000
1777189252.831810,0,0.000000,0.000000,0.000000,0.000000,1.000000,0.000000,1.000000,0.000000,0.070000,0.000000
1777189252.832479,0,0.000000,0.000000,0.000000,0.000000,1.000000,0.000000,1.000000,0.000000,0.000000,0.020000
1777189252.856713,0,0.000000,0.000000,0.000000,0.000000,1.000000,0.000000,1.000000,0.000000,0.000000,0.000000
1777189252.857357,0,0.000000,0.000000,0.000000,0.000000,1.000000,0.000000,1.000000,0.000000,0.000000,0.020000
1777189252.885107,0,0.000000,0.000000,0.000000,0.000000,1.000000,0.000000,1.000000,0.000000,0.070000,0.180000
1777189252.909625,0,0.000000,0.000000,0.000000,0.000000,1.000000,0.000000,0.180000,0.000000,0.000000,0.000000
1777189252.935415,0,0.000000,0.000000,0.000000,0.000000,1.000000,0.000000,0.510000,0.000000,0.000000,0.020000
1777189252.959826,0,0.000000,0.000000,0.000000,0.000000,1.000000,0.000000,0.810000,0.000000,0.000000,0.000000
1777189252.960470,0,0.000000,0.000000,0.000000,0.000000,1.000000,0.000000,1.000000,0.000000,0.070000,0.000000
1777189252.961511,0,0.000000,0.000000,0.000000,0.000000,1.000000,0.000000,1.000000,0.000000,0.070000,0.000000
1777189252.985305,0,0.000000,0.000000,0.000000,0.000000,1.000000,0.000000,1.000000,0.000000,0.000000,0.020000
1777189252.986024,0,0.000000,0.000000,0.000000,0.000000,1.000000,0.000000,1.000000,0.000000,0.140000,0.000000
1777189253.010528,0,0.000000,0.000000,0.000000,0.000000,1.000000,0.000000,1.000000,0.000000,0.070000,0.000000
1777189253.011276,0,0.000000,0.000000,0.000000,0.000000,1.000000,0.000000,1.000000,0.000000,0.140000,0.000000
1777189253.035841,0,0.000000,0.000000,0.000000,0.000000,1.000000,0.000000,1.000000,0.000000,0.210000,0.000000
1777189253.036983,0,0.000000,0.000000,0.000000,0.000000,1.000000,0.000000,1.000000,0.000000,0.000000,0.000000
1777189253.060849,0,0.000000,0.000000,0.000000,0.000000,1.000000,0.000000,1.000000,0.000000,0.070000,0.020000
1777189253.083731,0,0.000000,0.000000,0.000000,0.000000,1.000000,0.000000,1.000000,0.000000,0.000000,0.000000
1777189253.084399,0,0.000000,0.000000,0.000000,0.000000,1.000000,0.000000,1.000000,0.000000,0.070000,0.000000
1777189253.108802,0,0.000000,0.000000,0.000000,0.000000,0.100000,0.000000,0.070000,0.000000,0.000000,0.020000
1777189253.132559,0,0.000000,0.000000,0.000000,0.000000,0.340000,0.000000,0.400000,0.000000,0.000000,0.000000
1777189253.157521,0,0.000000,0.000000,0.000000,0.000000,0.570000,0.000000,0.140000,0.000000,0.070000,0.020000
1777189253.158412,0,0.000000,0.000000,0.000000,0.000000,0.810000,0.000000,0.460000,0.000000,0.000000,0.020000
1777189253.158955,0,0.000000,0.000000,0.000000,0.000000,1.000000,0.000000,0.770000,0.000000,0.000000,0.020000
1777189253.183609,0,0.000000,0.000000,0.000000,0.000000,1.000000,0.000000,1.000000,0.000000,0.070000,0.000000
1777189253.206998,0,0.000000,0.000000,0.000000,0.000000,1.000000,0.000000,1.000000,0.000000,0.000000,0.020000
1777189253.230173,0,0.000000,0.000000,0.000000,0.000000,1.000000,0.000000,0.020000,0.000000,0.000000,0.100000
1777189253.230845,0,0.000000,0.000000,0.000000,0.000000,1.000000,0.000000,0.280000,0.000000,0.000000,0.020000
1777189253.254264,0,0.000000,0.000000,0.000000,0.000000,1.000000,0.000000,0.540000,0.000000,0.000000,0.000000
1777189253.277429,0,0.000000,0.000000,0.000000,0.000000,1.000000,0.000000,0.000000,0.000000,0.000000,0.300000
1777189253.301909,0,0.000000,0.000000,0.000000,0.000000,0.090000,0.000000,0.280000,0.000000,0.000000,0.000000
1777189253.302611,0,0.000000,0.000000,0.000000,0.000000,0.310000,0.000000,0.560000,0.000000,0.000000,0.020000
1777189253.339754,0,0.000000,0.000000,0.000000,0.000000,0.550000,0.000000,0.860000,0.000000,0.070000,0.020000
1777189253.340263,0,0.000000,0.000000,0.000000,0.000000,0.800000,0.000000,1.000000,0.000000,0.070000,0.070000
1777189253.370121,0,0.000000,0.000000,0.000000,0.000000,1.000000,0.000000,1.000000,0.000000,0.000000,0.000000
1777189253.370546,0,0.000000,0.000000,0.000000,0.000000,1.000000,0.000000,1.000000,0.000000,0.000000,0.020000
1777189253.370936,0,0.000000,0.000000,0.000000,0.000000,1.000000,0.000000,1.000000,0.000000,0.070000,0.070000
1777189253.402566,0,0.000000,0.000000,0.000000,0.000000,1.000000,0.000000,1.000000,0.000000,0.140000,0.100000
1777189253.403251,0,0.000000,0.000000,0.000000,0.000000,1.000000,0.000000,1.000000,0.000000,0.000000,0.020000
1777189253.430906,0,0.000000,0.000000,0.000000,0.000000,1.000000,0.000000,1.000000,0.000000,0.000000,0.000000
1777189253.459176,0,0.000000,0.000000,0.000000,0.000000,1.000000,0.000000,0.000000,0.000000,0.000000,0.520000
1777189253.486705,0,0.000000,0.000000,0.000000,0.000000,1.000000,0.000000,0.280000,0.000000,0.000000,0.020000
1777189253.487201,0,0.000000,0.000000,0.000000,0.000000,1.000000,0.000000,0.560000,0.000000,0.070000,0.000000
1777189253.487594,0,0.000000,0.000000,0.000000,0.000000,1.000000,0.000000,0.860000,0.000000,0.000000,0.020000
1777189253.487969,0,0.000000,0.000000,0.000000,0.000000,1.000000,0.000000,1.000000,0.000000,0.000000,0.020000
1777189253.516021,0,0.000000,0.000000,0.000000,0.000000,1.000000,0.000000,1.000000,0.000000,0.000000,0.000000
1777189253.543975,0,0.000000,0.000000,0.000000,0.000000,1.000000,0.000000,1.000000,0.000000,0.070000,0.020000
1777189253.544492,0,0.000000,0.000000,0.000000,0.000000,1.000000,0.000000,1.000000,0.000000,0.000000,0.000000
1777189253.572131,0,0.000000,0.000000,0.000000,0.000000,1.000000,0.000000,1.000000,0.000000,0.000000,0.000000
1777189253.572651,0,0.000000,0.000000,0.000000,0.000000,1.000000,0.000000,1.000000,0.000000,0.000000,0.020000
1777189253.600008,0,0.000000,0.000000,0.000000,0.000000,1.000000,0.000000,1.000000,0.000000,0.070000,0.000000
1777189253.600512,0,0.000000,0.000000,0.000000,0.000000,1.000000,0.000000,1.000000,0.000000,0.070000,0.000000
1777189253.627685,0,0.000000,0.000000,0.000000,0.000000,1.000000,0.000000,1.000000,0.000000,0.070000,0.000000
1777189253.679425,0,0.000000,0.000000,0.000000,0.000000,1.000000,0.000000,1.000000,0.000000,0.000000,0.020000
1777189253.679924,0,0.000000,0.000000,0.000000,0.000000,1.000000,0.000000,1.000000,0.000000,0.070000,0.070000
1777189253.680649,0,0.000000,0.000000,0.000000,0.000000,1.000000,0.000000,1.000000,0.000000,0.140000,0.020000
1777189253.731005,0,0.000000,0.000000,0.000000,0.000000,1.000000,0.000000,1.000000,0.000000,0.070000,0.000000
1777189253.731530,0,0.000000,0.000000,0.000000,0.000000,1.000000,0.000000,0.150000,0.000000,0.000000,0.000000
1777189253.732106,0,0.000000,0.000000,0.000000,0.000000,0.150000,0.000000,0.430000,0.000000,0.070000,0.000000
1777189253.732636,0,0.000000,0.000000,0.000000,0.000000,0.400000,0.000000,0.730000,0.000000,0.000000,0.020000
1777189253.733231,0,0.000000,0.000000,0.000000,0.000000,0.630000,0.000000,1.000000,0.000000,0.070000,0.000000
1777189253.733795,0,0.000000,0.000000,0.000000,0.000000,0.880000,0.000000,1.000000,0.000000,0.070000,0.020000
1777189253.761528,0,0.000000,0.000000,0.000000,0.000000,1.000000,0.000000,1.000000,0.000000,0.070000,0.000000
1777189253.790123,0,0.000000,0.000000,0.000000,0.000000,1.000000,0.000000,1.000000,0.000000,0.000000,0.020000
1777189253.818260,0,0.000000,0.000000,0.000000,0.000000,1.000000,0.000000,1.000000,0.000000,0.070000,0.020000
1777189253.818763,0,0.000000,0.000000,0.000000,0.000000,1.000000,0.000000,1.000000,0.000000,0.140000,0.100000
1777189253.848129,0,0.000000,0.000000,0.000000,0.000000,1.000000,0.000000,1.000000,0.000000,0.000000,0.100000
1777189253.848630,0,0.000000,0.000000,0.000000,0.000000,1.000000,0.000000,1.000000,0.000000,0.000000,0.070000
1777189253.880412,0,0.000000,0.000000,0.000000,0.000000,1.000000,0.000000,1.000000,0.000000,0.000000,0.000000
1777189253.880951,0,0.000000,0.000000,0.000000,0.000000,1.000000,0.000000,1.000000,0.000000,0.140000,0.020000
1777189253.911062,0,0.000000,0.000000,0.000000,0.000000,1.000000,0.000000,1.000000,0.000000,0.000000,0.020000
1777189253.911558,0,0.000000,0.000000,0.000000,0.000000,1.000000,0.000000,1.000000,0.000000,0.070000,0.020000
1777189253.962588,0,0.000000,0.000000,0.000000,0.000000,0.000000,0.000000,1.000000,0.000000,0.360000,0.020000
1777189253.963193,0,0.000000,0.000000,0.000000,0.000000,0.230000,0.000000,1.000000,0.000000,0.000000,0.020000
1777189253.990815,0,0.000000,0.000000,0.000000,0.000000,0.460000,0.000000,1.000000,0.000000,0.000000,0.020000
1777189254.018534,0,0.000000,0.000000,0.000000,0.000000,0.680000,0.000000,1.000000,0.000000,0.140000,0.000000
1777189254.019032,0,0.000000,0.000000,0.000000,0.000000,0.920000,0.000000,1.000000,0.000000,0.000000,0.000000
1777189254.019426,0,0.000000,0.000000,0.000000,0.000000,1.000000,0.000000,1.000000,0.000000,0.140000,0.000000
1777189254.019806,0,0.000000,0.000000,0.000000,0.000000,1.000000,0.000000,1.000000,0.000000,0.070000,0.000000
1777189254.020177,0,0.000000,0.000000,0.000000,0.000000,1.000000,0.000000,1.000000,0.000000,0.000000,0.000000
1777189254.071140,0,0.000000,0.000000,0.000000,0.000000,1.000000,0.000000,1.000000,0.000000,0.000000,0.000000
1777189254.071747,0,0.000000,0.000000,0.000000,0.000000,1.000000,0.000000,1.000000,0.000000,0.000000,0.000000
1777189254.072285,0,0.000000,0.000000,0.000000,0.000000,1.000000,0.000000,1.000000,0.000000,0.070000,0.000000
1777189254.123691,0,0.000000,0.000000,0.000000,0.000000,1.000000,0.000000,1.000000,0.000000,0.070000,0.000000
1777189254.124217,0,0.000000,0.000000,0.000000,0.000000,1.000000,0.000000,1.000000,0.000000,0.000000,0.020000
1777189254.124782,0,0.000000,0.000000,0.000000,0.000000,1.000000,0.000000,1.000000,0.000000,0.000000,0.000000
1777189254.125203,0,0.000000,0.000000,0.000000,0.000000,1.000000,0.000000,1.000000,0.000000,0.140000,0.210000
1777189254.125584,0,0.000000,0.000000,0.000000,0.000000,1.000000,0.000000,1.000000,0.000000,0.000000,0.000000
1777189254.126020,0,0.000000,0.000000,0.000000,0.000000,1.000000,0.000000,1.000000,0.000000,0.070000,0.020000
1777189254.176155,0,0.000000,0.000000,0.000000,0.000000,1.000000,0.000000,1.000000,0.000000,0.140000,0.020000
1777189254.176674,0,0.000000,0.000000,0.000000,0.000000,1.000000,0.000000,1.000000,0.000000,0.210000,0.020000
1777189254.228103,0,0.000000,0.000000,0.000000,0.000000,1.000000,0.000000,1.000000,0.000000,0.070000,0.000000
1777189254.228621,0,0.000000,0.000000,0.000000,0.000000,1.000000,0.000000,1.000000,0.000000,0.070000,0.000000
1777189254.229022,0,0.000000,0.000000,0.000000,0.000000,1.000000,0.000000,1.000000,0.000000,0.070000,0.020000
1777189254.229443,0,0.000000,0.000000,0.000000,0.000000,1.000000,0.000000,1.000000,0.000000,0.000000,0.000000
1777189254.279976,0,0.000000,0.000000,0.000000,0.000000,1.000000,0.000000,1.000000,0.000000,0.070000,0.020000
1777189254.280675,0,0.000000,0.000000,0.000000,0.000000,1.000000,0.000000,1.000000,0.000000,0.000000,0.020000
1777189254.281096,0,0.000000,0.000000,0.000000,0.000000,1.000000,0.000000,1.000000,0.000000,0.070000,0.000000
1777189254.330508,0,0.000000,0.000000,0.000000,0.000000,1.000000,0.000000,1.000000,0.000000,0.070000,0.070000
1777189254.331037,0,0.000000,0.000000,0.000000,0.000000,1.000000,0.000000,1.000000,0.000000,0.000000,0.000000
1777189254.331601,0,0.000000,0.000000,0.000000,0.000000,1.000000,0.000000,1.000000,0.000000,0.000000,0.210000
1777189254.332009,0,0.000000,0.000000,0.000000,0.000000,1.000000,0.000000,1.000000,0.000000,0.000000,0.020000
1777189254.387585,0,0.000000,0.000000,0.000000,0.000000,1.000000,0.000000,1.000000,0.000000,0.070000,0.100000
1777189254.388103,0,0.000000,0.000000,0.000000,0.000000,1.000000,0.000000,1.000000,0.000000,0.000000,0.150000
1777189254.388506,0,0.000000,0.000000,0.000000,0.000000,1.000000,0.000000,1.000000,0.000000,0.000000,0.000000
1777189254.388888,0,0.000000,0.000000,0.000000,0.000000,1.000000,0.000000,1.000000,0.000000,0.000000,0.000000
1777189254.452051,0,0.000000,0.000000,0.000000,0.000000,1.000000,0.000000,1.000000,0.000000,0.000000,0.020000
1777189254.484217,0,0.000000,0.000000,0.000000,0.000000,1.000000,0.000000,1.000000,0.000000,0.000000,0.000000
1777189254.484757,0,0.000000,0.000000,0.000000,0.000000,1.000000,0.000000,1.000000,0.000000,0.000000,0.000000
1777189254.515699,0,0.000000,0.000000,0.000000,0.000000,1.000000,0.000000,1.000000,0.000000,0.070000,0.000000
1777189254.516206,0,0.000000,0.000000,0.000000,0.000000,1.000000,0.000000,1.000000,0.000000,0.000000,0.000000
1777189254.516598,0,0.000000,0.000000,0.000000,0.000000,1.000000,0.000000,1.000000,0.000000,0.000000,0.000000
1777189254.516977,0,0.000000,0.000000,0.000000,0.000000,0.050000,0.000000,1.000000,0.000000,0.070000,0.000000
1777189254.547983,0,0.000000,0.000000,0.000000,0.000000,0.280000,0.000000,1.000000,0.000000,0.000000,0.000000
1777189254.605599,0,0.000000,0.000000,0.000000,0.000000,0.510000,0.000000,1.000000,0.000000,0.000000,0.000000
1777189254.606128,0,0.000000,0.000000,0.000000,0.000000,0.750000,0.000000,1.000000,0.000000,0.000000,0.000000
1777189254.606541,0,0.000000,0.000000,0.000000,0.000000,1.000000,0.000000,1.000000,0.000000,0.000000,0.000000
1777189254.606923,0,0.000000,0.000000,0.000000,0.000000,1.000000,0.000000,1.000000,0.000000,0.000000,0.000000
1777189254.607334,0,0.000000,0.000000,0.000000,0.000000,1.000000,0.000000,1.000000,0.000000,0.000000,0.070000
1777189254.665440,0,0.000000,0.000000,0.000000,0.000000,1.000000,0.000000,1.000000,0.000000,0.140000,0.000000
1777189254.665994,0,0.000000,0.000000,0.000000,0.000000,1.000000,0.000000,1.000000,0.000000,0.070000,0.070000
1777189254.666416,0,0.000000,0.000000,0.000000,0.000000,1.000000,0.000000,1.000000,0.000000,0.000000,0.000000
1777189254.667352,0,0.000000,0.000000,0.000000,0.000000,1.000000,0.000000,1.000000,0.000000,0.000000,0.000000
1777189254.726011,0,0.000000,0.000000,0.000000,0.000000,1.000000,0.000000,1.000000,0.000000,0.000000,0.000000
1777189254.726564,0,0.000000,0.000000,0.000000,0.000000,1.000000,0.000000,1.000000,0.000000,0.070000,0.000000
1777189254.726982,0,0.000000,0.000000,0.000000,0.000000,1.000000,0.000000,1.000000,0.000000,0.000000,0.000000
1777189254.727386,0,0.000000,0.000000,0.000000,0.000000,1.000000,0.000000,1.000000,0.000000,0.070000,0.000000
1777189254.728112,0,0.000000,0.000000,0.000000,0.000000,1.000000,0.000000,1.000000,0.000000,0.070000,0.000000
1777189254.785374,0,0.000000,0.000000,0.000000,0.000000,1.000000,0.000000,1.000000,0.000000,0.000000,0.000000
1777189254.785952,0,0.000000,0.000000,0.000000,0.000000,1.000000,0.000000,1.000000,0.000000,0.070000,0.020000
1777189254.786520,0,0.000000,0.000000,0.000000,0.000000,1.000000,0.000000,0.050000,0.000000,0.000000,0.000000
1777189254.786957,0,0.000000,0.000000,0.000000,0.000000,1.000000,0.000000,0.340000,0.000000,0.070000,0.000000
1777189254.846971,0,0.000000,0.000000,0.000000,0.000000,1.000000,0.000000,0.620000,0.000000,0.000000,0.000000
1777189254.847524,0,0.000000,0.000000,0.000000,0.000000,1.000000,0.000000,0.930000,0.000000,0.000000,0.020000
1777189254.848109,0,0.000000,0.000000,0.000000,0.000000,1.000000,0.000000,1.000000,0.000000,0.070000,0.020000
1777189254.848516,0,0.000000,0.000000,0.000000,0.000000,1.000000,0.000000,1.000000,0.000000,0.070000,0.020000
1777189254.879588,0,0.000000,0.000000,0.000000,0.000000,1.000000,0.000000,1.000000,0.000000,0.070000,0.000000
1777189254.910516,0,0.000000,0.000000,0.000000,0.000000,1.000000,0.000000,1.000000,0.000000,0.070000,0.000000
1777189254.942414,0,0.000000,0.000000,0.000000,0.000000,1.000000,0.000000,1.000000,0.000000,0.070000,0.000000
1777189254.942921,0,0.000000,0.000000,0.000000,0.000000,1.000000,0.000000,1.000000,0.000000,0.000000,0.070000
1777189254.943316,0,0.000000,0.000000,0.000000,0.000000,1.000000,0.000000,1.000000,0.000000,0.000000,0.020000
1777189254.974510,0,0.000000,0.000000,0.000000,0.000000,1.000000,0.000000,1.000000,0.000000,0.000000,0.000000
1777189255.006072,0,0.000000,0.000000,0.000000,0.000000,1.000000,0.000000,1.000000,0.000000,0.000000,0.150000
1777189255.006577,0,0.000000,0.000000,0.000000,0.000000,0.050000,0.000000,1.000000,0.000000,0.000000,0.000000
1777189255.006974,0,0.000000,0.000000,0.000000,0.000000,0.280000,0.000000,1.000000,0.000000,0.000000,0.020000
1777189255.037674,0,0.000000,0.000000,0.000000,0.000000,0.500000,0.000000,1.000000,0.000000,0.000000,0.000000
1777189255.038197,0,0.000000,0.000000,0.000000,0.000000,0.750000,0.000000,1.000000,0.000000,0.070000,0.000000
1777189255.069552,0,0.000000,0.000000,0.000000,0.000000,0.980000,0.000000,0.120000,0.000000,0.000000,0.000000
1777189255.070070,0,0.000000,0.000000,0.000000,0.000000,1.000000,0.000000,0.410000,0.000000,0.070000,0.000000
1777189255.101703,0,0.000000,0.000000,0.000000,0.000000,1.000000,0.000000,0.680000,0.000000,0.070000,0.000000
1777189255.102255,0,0.000000,0.000000,0.000000,0.000000,1.000000,0.000000,0.980000,0.000000,0.070000,0.020000
1777189255.134181,0,0.000000,0.000000,0.000000,0.000000,1.000000,0.000000,0.000000,0.000000,0.000000,0.250000
1777189255.134710,0,0.000000,0.000000,0.000000,0.000000,1.000000,0.000000,0.200000,0.000000,0.000000,0.000000
1777189255.165709,0,0.000000,0.000000,0.000000,0.000000,1.000000,0.000000,0.460000,0.000000,0.000000,0.020000
1777189255.166213,0,0.000000,0.000000,0.000000,0.000000,1.000000,0.000000,0.690000,0.000000,0.070000,0.070000
1777189255.197345,0,0.000000,0.000000,0.000000,0.000000,1.000000,0.000000,0.930000,0.000000,0.070000,0.000000
1777189255.228381,0,0.000000,0.000000,0.000000,0.000000,1.000000,0.000000,1.000000,0.000000,0.000000,0.000000
1777189255.228877,0,0.000000,0.000000,0.000000,0.000000,1.000000,0.000000,0.200000,0.000000,0.070000,0.000000
1777189255.229280,0,0.000000,0.000000,0.000000,0.000000,1.000000,0.000000,0.430000,0.000000,0.070000,0.000000
1777189255.260073,0,0.000000,0.000000,0.000000,0.000000,1.000000,0.000000,0.670000,0.000000,0.000000,0.000000
1777189255.260589,0,0.000000,0.000000,0.000000,0.000000,1.000000,0.000000,0.890000,0.000000,0.000000,0.000000
1777189255.260984,0,0.000000,0.000000,0.000000,0.000000,1.000000,0.000000,1.000000,0.000000,0.070000,0.000000
1777189255.291681,0,0.000000,0.000000,0.000000,0.000000,1.000000,0.000000,1.000000,0.000000,0.000000,0.000000
1777189255.292207,0,0.000000,0.000000,0.000000,0.000000,1.000000,0.000000,0.010000,0.000000,0.000000,0.000000
1777189255.323903,0,0.000000,0.000000,0.000000,0.000000,1.000000,0.000000,0.200000,0.000000,0.000000,0.000000
1777189255.324520,0,0.000000,0.000000,0.000000,0.000000,1.000000,0.000000,0.400000,0.000000,0.070000,0.000000
1777189255.355985,0,0.000000,0.000000,0.000000,0.000000,1.000000,0.000000,0.600000,0.000000,0.000000,0.070000
1777189255.386744,0,0.000000,0.000000,0.000000,0.000000,1.000000,0.000000,0.100000,0.000000,0.000000,0.000000
1777189255.387271,0,0.000000,0.000000,0.000000,0.000000,1.000000,0.000000,0.300000,0.000000,0.000000,0.020000
1777189255.387700,0,0.000000,0.000000,0.000000,0.000000,1.000000,0.000000,0.500000,0.000000,0.000000,0.000000
1777189255.418672,0,0.000000,0.000000,0.000000,0.000000,1.000000,0.000000,0.680000,0.000000,0.000000,0.000000
1777189255.419177,0,0.000000,0.000000,0.000000,0.000000,1.000000,0.000000,0.870000,0.000000,0.210000,0.000000
1777189255.450534,0,0.000000,0.000000,0.000000,0.000000,1.000000,0.000000,1.000000,0.000000,0.000000,0.020000
1777189255.451190,0,0.000000,0.000000,0.000000,0.000000,1.000000,0.000000,1.000000,0.000000,0.000000,0.000000
1777189255.481693,0,0.000000,0.000000,0.000000,0.000000,1.000000,0.000000,1.000000,0.000000,0.000000,0.180000
1777189255.482218,0,0.000000,0.000000,0.000000,0.000000,1.000000,0.000000,1.000000,0.000000,0.000000,0.000000
1777189255.513309,0,0.000000,0.000000,0.000000,0.000000,1.000000,0.000000,1.000000,0.000000,0.000000,0.020000
1777189255.544614,0,0.000000,0.000000,0.000000,0.000000,1.000000,0.000000,1.000000,0.000000,0.070000,0.000000
1777189255.545206,0,0.000000,0.000000,0.000000,0.000000,1.000000,0.000000,1.000000,0.000000,0.000000,0.100000
1777189255.545599,0,0.000000,0.000000,0.000000,0.000000,1.000000,0.000000,1.000000,0.000000,0.000000,0.000000
1777189255.576948,0,0.000000,0.000000,0.000000,0.000000,1.000000,0.000000,1.000000,0.000000,0.000000,0.020000
1777189255.577459,0,0.000000,0.000000,0.000000,0.000000,1.000000,0.000000,1.000000,0.000000,0.070000,0.000000
1777189255.608010,0,0.000000,0.000000,0.000000,0.000000,1.000000,0.000000,1.000000,0.000000,0.000000,0.020000
1777189255.608529,0,0.000000,0.000000,0.000000,0.000000,1.000000,0.000000,1.000000,0.000000,0.000000,0.020000
1777189255.640784,0,0.000000,0.000000,0.000000,0.000000,0.110000,0.000000,1.000000,0.000000,0.070000,0.000000
1777189255.641313,0,0.000000,0.000000,0.000000,0.000000,0.340000,0.000000,1.000000,0.000000,0.000000,0.020000
1777189255.641729,0,0.000000,0.000000,0.000000,0.000000,0.570000,0.000000,1.000000,0.000000,0.000000,0.000000
1777189255.673292,0,0.000000,0.000000,0.000000,0.000000,0.810000,0.000000,1.000000,0.000000,0.070000,0.020000
1777189255.704275,0,0.000000,0.000000,0.000000,0.000000,1.000000,0.000000,1.000000,0.000000,0.000000,0.000000
1777189255.704782,0,0.000000,0.000000,0.000000,0.000000,1.000000,0.000000,1.000000,0.000000,0.070000,0.020000
1777189255.735862,0,0.000000,0.000000,0.000000,0.000000,1.000000,0.000000,1.000000,0.000000,0.000000,0.000000
1777189255.736392,0,0.000000,0.000000,0.000000,0.000000,1.000000,0.000000,1.000000,0.000000,0.070000,0.000000
1777189255.736925,0,0.000000,0.000000,0.000000,0.000000,1.000000,0.000000,1.000000,0.000000,0.070000,0.020000
1777189255.767890,0,0.000000,0.000000,0.000000,0.000000,1.000000,0.000000,1.000000,0.000000,0.000000,0.000000
1777189255.768395,0,0.000000,0.000000,0.000000,0.000000,1.000000,0.000000,1.000000,0.000000,0.000000,0.000000
1777189255.800229,0,0.000000,0.000000,0.000000,0.000000,1.000000,0.000000,1.000000,0.000000,0.000000,0.100000
1777189255.800735,0,0.000000,0.000000,0.000000,0.000000,1.000000,0.000000,1.000000,0.000000,0.000000,0.020000
1777189255.833081,0,0.000000,0.000000,0.000000,0.000000,1.000000,0.000000,1.000000,0.000000,0.070000,0.000000
1777189255.833603,0,0.000000,0.000000,0.000000,0.000000,1.000000,0.000000,0.050000,0.000000,0.000000,0.000000
1777189255.867132,0,0.000000,0.000000,0.000000,0.000000,1.000000,0.000000,0.250000,0.000000,0.070000,0.000000
1777189255.867638,0,0.000000,0.000000,0.000000,0.000000,1.000000,0.000000,0.460000,0.000000,0.070000,0.020000
1777189255.868038,0,0.000000,0.000000,0.000000,0.000000,1.000000,0.000000,0.660000,0.000000,0.070000,0.020000
1777189255.901882,0,0.000000,0.000000,0.000000,0.000000,1.000000,0.000000,0.010000,0.000000,0.140000,0.000000
1777189255.902476,0,0.000000,0.000000,0.000000,0.000000,1.000000,0.000000,0.210000,0.000000,0.000000,0.000000
1777189255.933672,0,0.000000,0.000000,0.000000,0.000000,1.000000,0.000000,0.430000,0.000000,0.000000,0.000000
1777189255.934162,0,0.000000,0.000000,0.000000,0.000000,1.000000,0.000000,0.620000,0.000000,0.070000,0.000000
1777189255.965309,0,0.000000,0.000000,0.000000,0.000000,1.000000,0.000000,0.820000,0.000000,0.000000,0.000000
1777189255.965803,0,0.000000,0.000000,0.000000,0.000000,1.000000,0.000000,1.000000,0.000000,0.070000,0.020000
1777189255.997156,0,0.000000,0.000000,0.000000,0.000000,1.000000,0.000000,1.000000,0.000000,0.000000,0.020000
1777189255.997918,0,0.000000,0.000000,0.000000,0.000000,1.000000,0.000000,1.000000,0.000000,0.000000,0.150000
1777189255.998547,0,0.000000,0.000000,0.000000,0.000000,1.000000,0.000000,1.000000,0.000000,0.000000,0.020000
1777189256.029943,0,0.000000,0.000000,0.000000,0.000000,1.000000,0.000000,1.000000,0.000000,0.140000,0.020000
1777189256.030529,0,0.000000,0.000000,0.000000,0.000000,1.000000,0.000000,1.000000,0.000000,0.000000,0.000000
1777189256.061585,0,0.000000,0.000000,0.000000,0.000000,1.000000,0.000000,1.000000,0.000000,0.000000,0.000000
1777189256.062113,0,0.000000,0.000000,0.000000,0.000000,1.000000,0.000000,1.000000,0.000000,0.070000,0.070000
1777189256.093746,0,0.000000,0.000000,0.000000,0.000000,1.000000,0.000000,1.000000,0.000000,0.070000,0.020000
1777189256.127559,0,0.000000,0.000000,0.000000,0.000000,1.000000,0.000000,1.000000,0.000000,0.070000,0.000000
1777189256.128049,0,0.000000,0.000000,0.000000,0.000000,1.000000,0.000000,1.000000,0.000000,0.000000,0.000000
1777189256.159103,0,0.000000,0.000000,0.000000,0.000000,1.000000,0.000000,1.000000,0.000000,0.210000,0.000000
1777189256.159646,0,0.000000,0.000000,0.000000,0.000000,1.000000,0.000000,1.000000,0.000000,0.000000,0.000000
1777189256.190814,0,0.000000,0.000000,0.000000,0.000000,1.000000,0.000000,1.000000,0.000000,0.070000,0.000000
1777189256.191340,0,0.000000,0.000000,0.000000,0.000000,1.000000,0.000000,1.000000,0.000000,0.000000,0.000000
1777189256.191743,0,0.000000,0.000000,0.000000,0.000000,1.000000,0.000000,1.000000,0.000000,0.070000,0.000000
1777189256.223097,0,0.000000,0.000000,0.000000,0.000000,1.000000,0.000000,1.000000,0.000000,0.140000,0.020000
1777189256.223795,0,0.000000,0.000000,0.000000,0.000000,1.000000,0.000000,1.000000,0.000000,0.000000,0.100000
1777189256.254511,0,0.000000,0.000000,0.000000,0.000000,1.000000,0.000000,1.000000,0.000000,0.000000,0.020000
1777189256.255082,0,0.000000,0.000000,0.000000,0.000000,1.000000,0.000000,1.000000,0.000000,0.070000,0.000000
1777189256.285592,0,0.000000,0.000000,0.000000,0.000000,1.000000,0.000000,1.000000,0.000000,0.000000,0.000000
1777189256.286100,0,0.000000,0.000000,0.000000,0.000000,1.000000,0.000000,1.000000,0.000000,0.000000,0.020000
1777189256.317427,0,0.000000,0.000000,0.000000,0.000000,1.000000,0.000000,1.000000,0.000000,0.070000,0.150000
1777189256.317947,0,0.000000,0.000000,0.000000,0.000000,1.000000,0.000000,1.000000,0.000000,0.070000,0.000000
1777189256.348278,0,0.000000,0.000000,0.000000,0.000000,1.000000,0.000000,1.000000,0.000000,0.000000,0.000000
1777189256.348798,0,0.000000,0.000000,0.000000,0.000000,1.000000,0.000000,1.000000,0.000000,0.070000,0.000000
1777189256.379655,0,0.000000,0.000000,0.000000,0.000000,1.000000,0.000000,1.000000,0.000000,0.000000,0.000000
1777189256.380355,0,0.000000,0.000000,0.000000,0.000000,1.000000,0.000000,1.000000,0.000000,0.070000,0.150000
1777189256.411710,0,0.000000,0.000000,0.000000,0.000000,1.000000,0.000000,1.000000,0.000000,0.070000,0.210000
1777189256.412214,0,0.000000,0.000000,0.000000,0.000000,1.000000,0.000000,1.000000,0.000000,0.000000,0.000000
1777189256.412623,0,0.000000,0.000000,0.000000,0.000000,1.000000,0.000000,1.000000,0.000000,0.000000,0.000000
1777189256.442894,0,0.000000,0.000000,0.000000,0.000000,1.000000,0.000000,1.000000,0.000000,0.140000,0.000000
1777189256.443391,0,0.000000,0.000000,0.000000,0.000000,1.000000,0.000000,1.000000,0.000000,0.070000,0.020000
1777189256.473863,0,0.000000,0.000000,0.000000,0.000000,1.000000,0.000000,1.000000,0.000000,0.000000,0.000000
1777189256.474379,0,0.000000,0.000000,0.000000,0.000000,1.000000,0.000000,1.000000,0.000000,0.000000,0.000000
1777189256.504718,0,0.000000,0.000000,0.000000,0.000000,1.000000,0.000000,1.000000,0.000000,0.070000,0.020000
1777189256.535983,0,0.000000,0.000000,0.000000,0.000000,1.000000,0.000000,1.000000,0.000000,0.070000,0.070000
1777189256.536490,0,0.000000,0.000000,0.000000,0.000000,1.000000,0.000000,1.000000,0.000000,0.000000,0.000000
1777189256.536888,0,0.000000,0.000000,0.000000,0.000000,1.000000,0.000000,1.000000,0.000000,0.000000,0.000000
1777189256.567424,0,0.000000,0.000000,0.000000,0.000000,1.000000,0.000000,1.000000,0.000000,0.000000,0.000000
1777189256.567920,0,0.000000,0.000000,0.000000,0.000000,1.000000,0.000000,0.070000,0.000000,0.070000,0.020000
1777189256.599308,0,0.000000,0.000000,0.000000,0.000000,1.000000,0.000000,0.280000,0.000000,0.000000,0.000000
1777189256.629978,0,0.000000,0.000000,0.000000,0.000000,1.000000,0.000000,0.500000,0.000000,0.070000,0.000000
1777189256.630476,0,0.000000,0.000000,0.000000,0.000000,1.000000,0.000000,0.700000,0.000000,0.070000,0.150000
1777189256.661781,0,0.000000,0.000000,0.000000,0.000000,1.000000,0.000000,0.910000,0.000000,0.000000,0.000000
1777189256.662280,0,0.000000,0.000000,0.000000,0.000000,1.000000,0.000000,1.000000,0.000000,0.070000,0.020000
1777189256.692160,0,0.000000,0.000000,0.000000,0.000000,1.000000,0.000000,1.000000,0.000000,0.000000,0.020000
1777189256.692658,0,0.000000,0.000000,0.000000,0.000000,1.000000,0.000000,1.000000,0.000000,0.000000,0.000000
1777189256.723789,0,0.000000,0.000000,0.000000,0.000000,1.000000,0.000000,1.000000,0.000000,0.000000,0.000000
1777189256.724292,0,0.000000,0.000000,0.000000,0.000000,1.000000,0.000000,1.000000,0.000000,0.000000,0.020000
1777189256.755067,0,0.000000,0.000000,0.000000,0.000000,1.000000,0.000000,1.000000,0.000000,0.000000,0.000000
1777189256.755579,0,0.000000,0.000000,0.000000,0.000000,1.000000,0.000000,1.000000,0.000000,0.070000,0.000000
1777189256.756171,0,0.000000,0.000000,0.000000,0.000000,1.000000,0.000000,1.000000,0.000000,0.070000,0.020000
1777189256.787522,0,0.000000,0.000000,0.000000,0.000000,1.000000,0.000000,1.000000,0.000000,0.000000,0.020000
1777189256.788039,0,0.000000,0.000000,0.000000,0.000000,1.000000,0.000000,1.000000,0.000000,0.000000,0.000000
1777189256.818980,0,0.000000,0.000000,0.000000,0.000000,1.000000,0.000000,1.000000,0.000000,0.000000,0.000000
1777189256.819496,0,0.000000,0.000000,0.000000,0.000000,1.000000,0.000000,1.000000,0.000000,0.000000,0.000000
1777189256.881964,0,0.000000,0.000000,0.000000,0.000000,1.000000,0.000000,1.000000,0.000000,0.000000,0.000000
1777189256.882477,0,0.000000,0.000000,0.000000,0.000000,1.000000,0.000000,1.000000,0.000000,0.000000,0.000000
1777189256.883462,0,0.000000,0.000000,0.000000,0.000000,1.000000,0.000000,1.000000,0.000000,0.000000,0.000000
1777189256.883914,0,0.000000,0.000000,0.000000,0.000000,1.000000,0.000000,1.000000,0.000000,0.070000,0.070000
1777189256.942498,0,0.000000,0.000000,0.000000,0.000000,1.000000,0.000000,1.000000,0.000000,0.070000,0.000000
1777189256.943020,0,0.000000,0.000000,0.000000,0.000000,1.000000,0.000000,1.000000,0.000000,0.070000,0.000000
1777189256.943423,0,0.000000,0.000000,0.000000,0.000000,1.000000,0.000000,1.000000,0.000000,0.070000,0.000000
1777189256.943808,0,0.000000,0.000000,0.000000,0.000000,1.000000,0.000000,1.000000,0.000000,0.210000,0.020000
1777189256.944201,0,0.000000,0.000000,0.000000,0.000000,1.000000,0.000000,1.000000,0.000000,0.000000,0.020000
1777189257.001665,0,0.000000,0.000000,0.000000,0.000000,1.000000,0.000000,1.000000,0.000000,0.000000,0.020000
1777189257.002190,0,0.000000,0.000000,0.000000,0.000000,1.000000,0.000000,1.000000,0.000000,0.000000,0.020000
1777189257.002592,0,0.000000,0.000000,0.000000,0.000000,1.000000,0.000000,1.000000,0.000000,0.070000,0.020000
1777189257.002986,0,0.000000,0.000000,0.000000,0.000000,1.000000,0.000000,1.000000,0.000000,0.000000,0.070000
1777189257.060453,0,0.000000,0.000000,0.000000,0.000000,1.000000,0.000000,1.000000,0.000000,0.000000,0.000000
1777189257.060999,0,0.000000,0.000000,0.000000,0.000000,0.120000,0.000000,0.110000,0.000000,0.140000,0.000000
1777189257.061488,0,0.000000,0.000000,0.000000,0.000000,0.370000,0.000000,0.330000,0.000000,0.000000,0.000000
1777189257.061941,0,0.000000,0.000000,0.000000,0.000000,0.610000,0.000000,0.540000,0.000000,0.070000,0.000000
1777189257.092983,0,0.000000,0.000000,0.000000,0.000000,0.830000,0.000000,0.000000,0.000000,0.000000,0.340000
1777189257.125713,0,0.000000,0.000000,0.000000,0.000000,1.000000,0.000000,0.270000,0.000000,0.140000,0.020000
1777189257.157192,0,0.000000,0.000000,0.000000,0.000000,1.000000,0.000000,0.510000,0.000000,0.070000,0.020000
1777189257.157699,0,0.000000,0.000000,0.000000,0.000000,1.000000,0.000000,0.790000,0.000000,0.000000,0.000000
1777189257.158091,0,0.000000,0.000000,0.000000,0.000000,1.000000,0.000000,1.000000,0.000000,0.140000,0.020000
1777189257.189677,0,0.000000,0.000000,0.000000,0.000000,1.000000,0.000000,1.000000,0.000000,0.000000,0.020000
1777189257.190426,0,0.000000,0.000000,0.000000,0.000000,1.000000,0.000000,1.000000,0.000000,0.000000,0.000000
1777189257.220303,0,0.000000,0.000000,0.000000,0.000000,1.000000,0.000000,1.000000,0.000000,0.070000,0.000000
1777189257.220819,0,0.000000,0.000000,0.000000,0.000000,1.000000,0.000000,1.000000,0.000000,0.070000,0.000000
1777189257.221323,0,0.000000,0.000000,0.000000,0.000000,1.000000,0.000000,1.000000,0.000000,0.140000,0.020000
1777189257.277231,0,0.000000,0.000000,0.000000,0.000000,1.000000,0.000000,1.000000,0.000000,0.070000,0.000000
1777189257.277764,0,0.000000,0.000000,0.000000,0.000000,1.000000,0.000000,1.000000,0.000000,0.070000,0.000000
1777189257.278189,0,0.000000,0.000000,0.000000,0.000000,1.000000,0.000000,1.000000,0.000000,0.070000,0.000000
1777189257.278678,0,0.000000,0.000000,0.000000,0.000000,1.000000,0.000000,1.000000,0.000000,0.140000,0.000000
1777189257.279119,0,0.000000,0.000000,0.000000,0.000000,1.000000,0.000000,1.000000,0.000000,0.140000,0.000000
1777189257.309260,0,0.000000,0.000000,0.000000,0.000000,1.000000,0.000000,1.000000,0.000000,0.000000,0.000000
1777189257.367765,0,0.000000,0.000000,0.000000,0.000000,1.000000,0.000000,1.000000,0.000000,0.000000,0.000000
1777189257.368287,0,0.000000,0.000000,0.000000,0.000000,1.000000,0.000000,1.000000,0.000000,0.000000,0.000000
1777189257.368707,0,0.000000,0.000000,0.000000,0.000000,1.000000,0.000000,1.000000,0.000000,0.070000,0.000000
1777189257.369381,0,0.000000,0.000000,0.000000,0.000000,1.000000,0.000000,1.000000,0.000000,0.070000,0.020000
1777189257.399444,0,0.000000,0.000000,0.000000,0.000000,1.000000,0.000000,1.000000,0.000000,0.070000,0.000000
1777189257.430446,0,0.000000,0.000000,0.000000,0.000000,1.000000,0.000000,1.000000,0.000000,0.070000,0.000000
1777189257.461844,0,0.000000,0.000000,0.000000,0.000000,1.000000,0.000000,1.000000,0.000000,0.000000,0.000000
1777189257.462358,0,0.000000,0.000000,0.000000,0.000000,1.000000,0.000000,1.000000,0.000000,0.140000,0.000000
1777189257.493627,0,0.000000,0.000000,0.000000,0.000000,1.000000,0.000000,1.000000,0.000000,0.070000,0.020000
1777189257.494140,0,0.000000,0.000000,0.000000,0.000000,1.000000,0.000000,1.000000,0.000000,0.000000,0.070000
1777189257.524876,0,0.000000,0.000000,0.000000,0.000000,1.000000,0.000000,1.000000,0.000000,0.070000,0.000000
1777189257.525393,0,0.000000,0.000000,0.000000,0.000000,1.000000,0.000000,1.000000,0.000000,0.000000,0.020000
1777189257.525788,0,0.000000,0.000000,0.000000,0.000000,1.000000,0.000000,1.000000,0.000000,0.070000,0.000000
1777189257.556144,0,0.000000,0.000000,0.000000,0.000000,1.000000,0.000000,1.000000,0.000000,0.000000,0.020000
1777189257.556695,0,0.000000,0.000000,0.000000,0.000000,1.000000,0.000000,1.000000,0.000000,0.000000,0.000000
1777189257.557351,0,0.000000,0.000000,0.000000,0.000000,1.000000,0.000000,1.000000,0.000000,0.000000,0.000000
1777189257.588073,0,0.000000,0.000000,0.000000,0.000000,1.000000,0.000000,0.180000,0.000000,0.000000,0.070000
1777189257.617976,0,0.000000,0.000000,0.000000,0.000000,1.000000,0.000000,0.460000,0.000000,0.070000,0.000000
1777189257.675593,0,0.000000,0.000000,0.000000,0.000000,1.000000,0.000000,0.050000,0.000000,0.070000,0.000000
1777189257.676124,0,0.000000,0.000000,0.000000,0.000000,1.000000,0.000000,0.330000,0.000000,0.000000,0.020000
1777189257.676525,0,0.000000,0.000000,0.000000,0.000000,1.000000,0.000000,0.600000,0.000000,0.070000,0.000000
1777189257.676913,0,0.000000,0.000000,0.000000,0.000000,1.000000,0.000000,0.870000,0.000000,0.000000,0.020000
1777189257.776757,0,0.000000,0.000000,0.000000,0.000000,1.000000,0.000000,1.000000,0.000000,0.000000,0.070000
1777189257.843013,0,0.000000,0.000000,0.000000,0.000000,1.000000,0.000000,1.000000,0.000000,0.000000,0.020000
1777189257.902614,0,0.000000,0.000000,0.000000,0.000000,1.000000,0.000000,1.000000,0.000000,0.000000,0.020000
1777189257.903173,0,0.000000,0.000000,0.000000,0.000000,1.000000,0.000000,1.000000,0.000000,0.070000,0.070000
1777189257.903596,0,0.000000,0.000000,0.000000,0.000000,1.000000,0.000000,1.000000,0.000000,0.000000,0.070000
1777189257.903994,0,0.000000,0.000000,0.000000,0.000000,1.000000,0.000000,1.000000,0.000000,0.070000,0.000000
1777189257.960165,0,0.000000,0.000000,0.000000,0.000000,1.000000,0.000000,0.000000,0.000000,0.070000,0.680000
1777189257.960704,0,0.000000,0.000000,0.000000,0.000000,1.000000,0.000000,0.300000,0.000000,0.000000,0.210000
1777189258.017483,0,0.000000,0.000000,0.000000,0.000000,1.000000,0.000000,0.600000,0.000000,0.000000,0.000000
1777189258.018037,0,0.000000,0.000000,0.000000,0.000000,1.000000,0.000000,0.030000,0.000000,0.070000,0.020000
1777189258.018440,0,0.000000,0.000000,0.000000,0.000000,1.000000,0.000000,0.360000,0.000000,0.000000,0.020000
1777189258.018826,0,0.000000,0.000000,0.000000,0.000000,1.000000,0.000000,0.680000,0.000000,0.070000,0.000000
1777189258.019205,0,0.000000,0.000000,0.000000,0.000000,1.000000,0.000000,1.000000,0.000000,0.000000,0.000000
1777189258.019816,0,0.000000,0.000000,0.000000,0.000000,1.000000,0.000000,1.000000,0.000000,0.000000,0.100000
1777189258.020291,0,0.000000,0.000000,0.000000,0.000000,1.000000,0.000000,1.000000,0.000000,0.000000,0.020000
1777189258.077677,0,0.000000,0.000000,0.000000,0.000000,1.000000,0.000000,1.000000,0.000000,0.000000,0.020000
1777189258.078230,0,0.000000,0.000000,0.000000,0.000000,1.000000,0.000000,1.000000,0.000000,0.000000,0.070000
1777189258.078936,0,0.000000,0.000000,0.000000,0.000000,1.000000,0.000000,1.000000,0.000000,0.000000,0.000000
1777189258.079377,0,0.000000,0.000000,0.000000,0.000000,1.000000,0.000000,1.000000,0.000000,0.000000,0.000000
1777189258.136584,0,0.000000,0.000000,0.000000,0.000000,1.000000,0.000000,1.000000,0.000000,0.000000,0.020000
1777189258.137308,0,0.000000,0.000000,0.000000,0.000000,1.000000,0.000000,0.150000,0.000000,0.070000,0.070000
1777189258.137755,0,0.000000,0.000000,0.000000,0.000000,1.000000,0.000000,0.500000,0.000000,0.070000,0.000000
1777189258.138187,0,0.000000,0.000000,0.000000,0.000000,1.000000,0.000000,0.810000,0.000000,0.000000,0.000000
1777189258.195405,0,0.000000,0.000000,0.000000,0.000000,1.000000,0.000000,1.000000,0.000000,0.000000,0.000000
1777189258.195940,0,0.000000,0.000000,0.000000,0.000000,1.000000,0.000000,1.000000,0.000000,0.000000,0.020000
1777189258.196506,0,0.000000,0.000000,0.000000,0.000000,1.000000,0.000000,1.000000,0.000000,0.000000,0.070000
1777189258.196917,0,0.000000,0.000000,0.000000,0.000000,1.000000,0.000000,0.120000,0.000000,0.000000,0.000000
1777189258.253957,0,0.000000,0.000000,0.000000,0.000000,1.000000,0.000000,0.380000,0.000000,0.000000,0.000000
1777189258.254485,0,0.000000,0.000000,0.000000,0.000000,1.000000,0.000000,0.670000,0.000000,0.000000,0.070000
1777189258.255036,0,0.000000,0.000000,0.000000,0.000000,1.000000,0.000000,0.910000,0.000000,0.140000,0.070000
1777189258.255436,0,0.000000,0.000000,0.000000,0.000000,1.000000,0.000000,1.000000,0.000000,0.000000,0.000000
1777189258.311219,0,0.000000,0.000000,0.000000,0.000000,1.000000,0.000000,1.000000,0.000000,0.000000,0.070000
1777189258.311979,0,0.000000,0.000000,0.000000,0.000000,1.000000,0.000000,1.000000,0.000000,0.000000,0.000000
1777189258.312407,0,0.000000,0.000000,0.000000,0.000000,1.000000,0.000000,1.000000,0.000000,0.070000,0.000000
1777189258.370333,0,0.000000,0.000000,0.000000,0.000000,1.000000,0.000000,0.100000,0.000000,0.140000,0.000000
1777189258.371038,0,0.000000,0.000000,0.000000,0.000000,1.000000,0.000000,0.300000,0.000000,0.070000,0.000000
1777189258.371466,0,0.000000,0.000000,0.000000,0.000000,1.000000,0.000000,0.460000,0.000000,0.070000,0.020000
1777189258.371853,0,0.000000,0.000000,0.000000,0.000000,1.000000,0.000000,0.660000,0.000000,0.070000,0.020000
1777189258.430034,0,0.000000,0.000000,0.000000,0.000000,1.000000,0.000000,0.000000,0.000000,0.070000,0.340000
1777189258.430739,0,0.000000,0.000000,0.000000,0.000000,1.000000,0.000000,0.140000,0.000000,0.000000,0.020000
1777189258.431165,0,0.000000,0.000000,0.000000,0.000000,1.000000,0.000000,0.280000,0.000000,0.000000,0.070000
1777189258.431550,0,0.000000,0.000000,0.000000,0.000000,1.000000,0.000000,0.010000,0.000000,0.070000,0.020000
1777189258.487970,0,0.000000,0.000000,0.000000,0.000000,1.000000,0.000000,0.200000,0.000000,0.000000,0.000000
1777189258.488651,0,0.000000,0.000000,0.000000,0.000000,1.000000,0.000000,0.400000,0.000000,0.070000,0.000000
1777189258.489071,0,0.000000,0.000000,0.000000,0.000000,1.000000,0.000000,0.610000,0.000000,0.000000,0.070000
1777189258.545959,0,0.000000,0.000000,0.000000,0.000000,1.000000,0.000000,0.810000,0.000000,0.070000,0.020000
1777189258.546505,0,0.000000,0.000000,0.000000,0.000000,1.000000,0.000000,1.000000,0.000000,0.000000,0.000000
1777189258.546919,0,0.000000,0.000000,0.000000,0.000000,1.000000,0.000000,1.000000,0.000000,0.000000,0.000000
1777189258.547460,0,0.000000,0.000000,0.000000,0.000000,1.000000,0.000000,1.000000,0.000000,0.000000,0.000000
1777189258.547860,0,0.000000,0.000000,0.000000,0.000000,1.000000,0.000000,1.000000,0.000000,0.070000,0.000000
1777189258.604153,0,0.000000,0.000000,0.000000,0.000000,1.000000,0.000000,1.000000,0.000000,0.000000,0.000000
1777189258.604686,0,0.000000,0.000000,0.000000,0.000000,1.000000,0.000000,1.000000,0.000000,0.140000,0.000000
1777189258.605375,0,0.000000,0.000000,0.000000,0.000000,1.000000,0.000000,1.000000,0.000000,0.000000,0.020000
1777189258.663696,0,0.000000,0.000000,0.000000,0.000000,1.000000,0.000000,1.000000,0.000000,0.000000,0.020000
1777189258.664227,0,0.000000,0.000000,0.000000,0.000000,1.000000,0.000000,1.000000,0.000000,0.070000,0.000000
1777189258.664807,0,0.000000,0.000000,0.000000,0.000000,1.000000,0.000000,1.000000,0.000000,0.000000,0.000000
1777189258.665217,0,0.000000,0.000000,0.000000,0.000000,1.000000,0.000000,1.000000,0.000000,0.140000,0.000000
1777189258.695623,0,0.000000,0.000000,0.000000,0.000000,1.000000,0.000000,1.000000,0.000000,0.000000,0.070000
1777189258.727768,0,0.000000,0.000000,0.000000,0.000000,1.000000,0.000000,1.000000,0.000000,0.000000,0.020000
1777189258.728285,0,0.000000,0.000000,0.000000,0.000000,1.000000,0.000000,1.000000,0.000000,0.000000,0.020000
1777189258.759431,0,0.000000,0.000000,0.000000,0.000000,1.000000,0.000000,1.000000,0.000000,0.070000,0.000000
1777189258.790488,0,0.000000,0.000000,0.000000,0.000000,1.000000,0.000000,1.000000,0.000000,0.000000,0.000000
1777189258.791002,0,0.000000,0.000000,0.000000,0.000000,1.000000,0.000000,1.000000,0.000000,0.070000,0.020000
1777189258.823550,0,0.000000,0.000000,0.000000,0.000000,1.000000,0.000000,0.000000,0.000000,0.070000,0.340000
1777189258.855021,0,0.000000,0.000000,0.000000,0.000000,1.000000,0.000000,0.180000,0.000000,0.070000,0.020000
1777189258.855522,0,0.000000,0.000000,0.000000,0.000000,1.000000,0.000000,0.370000,0.000000,0.070000,0.000000
1777189258.855917,0,0.000000,0.000000,0.000000,0.000000,1.000000,0.000000,0.560000,0.000000,0.000000,0.180000
1777189258.856305,0,0.000000,0.000000,0.000000,0.000000,1.000000,0.000000,0.000000,0.000000,0.000000,0.370000
1777189258.889587,0,0.000000,0.000000,0.000000,0.000000,1.000000,0.000000,0.000000,0.000000,0.000000,0.300000
1777189258.890139,0,0.000000,0.000000,0.000000,0.000000,1.000000,0.000000,0.370000,0.000000,0.070000,0.000000
1777189258.923181,0,0.000000,0.000000,0.000000,0.000000,1.000000,0.000000,0.790000,0.000000,0.070000,0.000000
1777189258.923706,0,0.000000,0.000000,0.000000,0.000000,1.000000,0.000000,0.150000,0.000000,0.070000,0.020000
1777189258.956593,0,0.000000,0.000000,0.000000,0.000000,1.000000,0.000000,0.550000,0.000000,0.070000,0.000000
1777189258.957113,0,0.000000,0.000000,0.000000,0.000000,1.000000,0.000000,0.970000,0.000000,0.000000,0.020000
1777189258.988464,0,0.000000,0.000000,0.000000,0.000000,1.000000,0.000000,1.000000,0.000000,0.000000,0.150000
1777189258.989053,0,0.000000,0.000000,0.000000,0.000000,1.000000,0.000000,1.000000,0.000000,0.070000,0.000000
1777189258.989532,0,0.000000,0.000000,0.000000,0.000000,1.000000,0.000000,1.000000,0.000000,0.070000,0.000000
1777189259.020394,0,0.000000,0.000000,0.000000,0.000000,1.000000,0.000000,1.000000,0.000000,0.070000,0.020000
1777189259.021010,0,0.000000,0.000000,0.000000,0.000000,1.000000,0.000000,1.000000,0.000000,0.000000,0.000000
1777189259.054624,0,0.000000,0.000000,0.000000,0.000000,1.000000,0.000000,1.000000,0.000000,0.000000,0.020000
1777189259.085726,0,0.000000,0.000000,0.000000,0.000000,1.000000,0.000000,1.000000,0.000000,0.000000,0.020000
1777189259.086251,0,0.000000,0.000000,0.000000,0.000000,1.000000,0.000000,1.000000,0.000000,0.070000,0.070000
1777189259.086646,0,0.000000,0.000000,0.000000,0.000000,1.000000,0.000000,1.000000,0.000000,0.070000,0.000000
1777189259.118269,0,0.000000,0.000000,0.000000,0.000000,1.000000,0.000000,1.000000,0.000000,0.070000,0.020000
1777189259.118793,0,0.000000,0.000000,0.000000,0.000000,1.000000,0.000000,1.000000,0.000000,0.000000,0.100000
1777189259.150044,0,0.000000,0.000000,0.000000,0.000000,1.000000,0.000000,1.000000,0.000000,0.070000,0.000000
1777189259.150591,0,0.000000,0.000000,0.000000,0.000000,1.000000,0.000000,1.000000,0.000000,0.070000,0.070000
1777189259.181667,0,0.000000,0.000000,0.000000,0.000000,1.000000,0.000000,1.000000,0.000000,0.070000,0.020000
1777189259.182163,0,0.000000,0.000000,0.000000,0.000000,1.000000,0.000000,1.000000,0.000000,0.000000,0.020000
1777189259.212632,0,0.000000,0.000000,0.000000,0.000000,1.000000,0.000000,1.000000,0.000000,0.070000,0.000000
1777189259.213129,0,0.000000,0.000000,0.000000,0.000000,1.000000,0.000000,1.000000,0.000000,0.000000,0.020000
1777189259.244296,0,0.000000,0.000000,0.000000,0.000000,1.000000,0.000000,1.000000,0.000000,0.070000,0.070000
1777189259.244826,0,0.000000,0.000000,0.000000,0.000000,1.000000,0.000000,1.000000,0.000000,0.070000,0.000000
1777189259.275676,0,0.000000,0.000000,0.000000,0.000000,1.000000,0.000000,1.000000,0.000000,0.070000,0.020000
1777189259.276180,0,0.000000,0.000000,0.000000,0.000000,1.000000,0.000000,1.000000,0.000000,0.000000,0.000000
1777189259.276683,0,0.000000,0.000000,0.000000,0.000000,1.000000,0.000000,1.000000,0.000000,0.000000,0.020000
1777189259.307712,0,0.000000,0.000000,0.000000,0.000000,1.000000,0.000000,0.120000,0.000000,0.140000,0.000000
1777189259.308260,0,0.000000,0.000000,0.000000,0.000000,1.000000,0.000000,0.510000,0.000000,0.000000,0.000000
1777189259.339526,0,0.000000,0.000000,0.000000,0.000000,1.000000,0.000000,0.920000,0.000000,0.070000,0.000000
1777189259.340019,0,0.000000,0.000000,0.000000,0.000000,1.000000,0.000000,1.000000,0.000000,0.000000,0.000000
1777189259.370650,0,0.000000,0.000000,0.000000,0.000000,1.000000,0.000000,1.000000,0.000000,0.000000,0.020000
1777189259.401531,0,0.000000,0.000000,0.000000,0.000000,1.000000,0.000000,1.000000,0.000000,0.000000,0.210000
1777189259.402032,0,0.000000,0.000000,0.000000,0.000000,1.000000,0.000000,1.000000,0.000000,0.070000,0.000000
1777189259.402465,0,0.000000,0.000000,0.000000,0.000000,1.000000,0.000000,1.000000,0.000000,0.000000,0.000000
1777189259.434142,0,0.000000,0.000000,0.000000,0.000000,1.000000,0.000000,1.000000,0.000000,0.070000,0.020000
1777189259.434758,0,0.000000,0.000000,0.000000,0.000000,1.000000,0.000000,1.000000,0.000000,0.000000,0.000000
1777189259.465939,0,0.000000,0.000000,0.000000,0.000000,1.000000,0.000000,1.000000,0.000000,0.140000,0.210000
1777189259.466496,0,0.000000,0.000000,0.000000,0.000000,0.100000,0.000000,1.000000,0.000000,0.070000,0.000000
1777189259.525689,0,0.000000,0.000000,0.000000,0.000000,0.330000,0.000000,1.000000,0.000000,0.070000,0.000000
1777189259.526198,0,0.000000,0.000000,0.000000,0.000000,0.570000,0.000000,1.000000,0.000000,0.070000,0.000000
1777189259.526605,0,0.000000,0.000000,0.000000,0.000000,0.820000,0.000000,1.000000,0.000000,0.070000,0.000000
1777189259.527011,0,0.000000,0.000000,0.000000,0.000000,1.000000,0.000000,1.000000,0.000000,0.070000,0.020000
1777189259.527475,0,0.000000,0.000000,0.000000,0.000000,1.000000,0.000000,1.000000,0.000000,0.000000,0.000000
1777189259.527914,0,0.000000,0.000000,0.000000,0.000000,1.000000,0.000000,0.000000,0.000000,0.000000,0.640000
1777189259.585176,0,0.000000,0.000000,0.000000,0.000000,1.000000,0.000000,0.410000,0.000000,0.070000,0.000000
1777189259.585704,0,0.000000,0.000000,0.000000,0.000000,1.000000,0.000000,0.810000,0.000000,0.000000,0.100000
1777189259.586310,0,0.000000,0.000000,0.000000,0.000000,1.000000,0.000000,0.110000,0.000000,0.000000,0.020000
1777189259.644149,0,0.000000,0.000000,0.000000,0.000000,1.000000,0.000000,0.570000,0.000000,0.070000,0.020000
1777189259.644687,0,0.000000,0.000000,0.000000,0.000000,1.000000,0.000000,1.000000,0.000000,0.140000,0.000000
1777189259.645100,0,0.000000,0.000000,0.000000,0.000000,1.000000,0.000000,1.000000,0.000000,0.000000,0.070000
1777189259.645648,0,0.000000,0.000000,0.000000,0.000000,1.000000,0.000000,1.000000,0.000000,0.070000,0.020000
1777189259.646071,0,0.000000,0.000000,0.000000,0.000000,1.000000,0.000000,1.000000,0.000000,0.070000,0.020000
1777189259.704371,0,0.000000,0.000000,0.000000,0.000000,1.000000,0.000000,0.340000,0.000000,0.000000,0.000000
1777189259.704912,0,0.000000,0.000000,0.000000,0.000000,1.000000,0.000000,0.810000,0.000000,0.000000,0.000000
1777189259.705518,0,0.000000,0.000000,0.000000,0.000000,1.000000,0.000000,1.000000,0.000000,0.070000,0.000000
1777189259.762156,0,0.000000,0.000000,0.000000,0.000000,1.000000,0.000000,1.000000,0.000000,0.070000,0.000000
1777189259.762699,0,0.000000,0.000000,0.000000,0.000000,1.000000,0.000000,1.000000,0.000000,0.000000,0.000000
1777189259.763387,0,0.000000,0.000000,0.000000,0.000000,1.000000,0.000000,1.000000,0.000000,0.070000,0.020000
1777189259.763884,0,0.000000,0.000000,0.000000,0.000000,1.000000,0.000000,1.000000,0.000000,0.000000,0.000000
1777189259.821055,0,0.000000,0.000000,0.000000,0.000000,1.000000,0.000000,1.000000,0.000000,0.070000,0.000000
1777189259.821588,0,0.000000,0.000000,0.000000,0.000000,1.000000,0.000000,1.000000,0.000000,0.000000,0.000000
1777189259.822002,0,0.000000,0.000000,0.000000,0.000000,1.000000,0.000000,1.000000,0.000000,0.070000,0.000000
1777189259.822673,0,0.000000,0.000000,0.000000,0.000000,1.000000,0.000000,1.000000,0.000000,0.000000,0.000000
1777189259.853774,0,0.000000,0.000000,0.000000,0.000000,1.000000,0.000000,1.000000,0.000000,0.070000,0.070000
1777189259.886947,0,0.000000,0.000000,0.000000,0.000000,1.000000,0.000000,1.000000,0.000000,0.000000,0.000000
1777189259.919379,0,0.000000,0.000000,0.000000,0.000000,1.000000,0.000000,1.000000,0.000000,0.000000,0.000000
1777189259.920070,0,0.000000,0.000000,0.000000,0.000000,1.000000,0.000000,1.000000,0.000000,0.000000,0.000000
1777189259.952930,0,0.000000,0.000000,0.000000,0.000000,1.000000,0.000000,1.000000,0.000000,0.070000,0.020000
1777189259.953436,0,0.000000,0.000000,0.000000,0.000000,1.000000,0.000000,1.000000,0.000000,0.070000,0.020000
1777189259.953920,0,0.000000,0.000000,0.000000,0.000000,1.000000,0.000000,1.000000,0.000000,0.000000,0.020000
1777189259.984264,0,0.000000,0.000000,0.000000,0.000000,1.000000,0.000000,1.000000,0.000000,0.000000,0.100000
1777189260.016383,0,0.000000,0.000000,0.000000,0.000000,1.000000,0.000000,1.000000,0.000000,0.000000,0.070000
1777189260.017519,0,0.000000,0.000000,0.000000,0.000000,1.000000,0.000000,1.000000,0.000000,0.000000,0.070000
1777189260.018166,0,0.000000,0.000000,0.000000,0.000000,1.000000,0.000000,1.000000,0.000000,0.000000,0.020000
1777189260.050097,0,0.000000,0.000000,0.000000,0.000000,1.000000,0.000000,1.000000,0.000000,0.000000,0.000000
1777189260.050709,0,0.000000,0.000000,0.000000,0.000000,1.000000,0.000000,1.000000,0.000000,0.000000,0.000000
1777189260.051123,0,0.000000,0.000000,0.000000,0.000000,1.000000,0.000000,0.050000,0.000000,0.000000,0.000000
1777189260.082711,0,0.000000,0.000000,0.000000,0.000000,1.000000,0.000000,0.150000,0.000000,0.070000,0.070000
1777189260.114183,0,0.000000,0.000000,0.000000,0.000000,1.000000,0.000000,0.250000,0.000000,0.000000,0.000000
1777189260.114783,0,0.000000,0.000000,0.000000,0.000000,1.000000,0.000000,0.860000,0.000000,0.140000,0.000000
1777189260.115269,0,0.000000,0.000000,0.000000,0.000000,1.000000,0.000000,1.000000,0.000000,0.070000,0.000000
1777189260.146833,0,0.000000,0.000000,0.000000,0.000000,1.000000,0.000000,0.400000,0.000000,0.070000,0.000000
1777189260.147461,0,0.000000,0.000000,0.000000,0.000000,1.000000,0.000000,1.000000,0.000000,0.000000,0.020000
1777189260.178843,0,0.000000,0.000000,0.000000,0.000000,1.000000,0.000000,1.000000,0.000000,0.070000,0.020000
1777189260.211795,0,0.000000,0.000000,0.000000,0.000000,1.000000,0.000000,1.000000,0.000000,0.000000,0.000000
1777189260.212290,0,0.000000,0.000000,0.000000,0.000000,1.000000,0.000000,1.000000,0.000000,0.000000,0.020000
1777189260.243098,0,0.000000,0.000000,0.000000,0.000000,1.000000,0.000000,1.000000,0.000000,0.000000,0.020000
1777189260.243621,0,0.000000,0.000000,0.000000,0.000000,1.000000,0.000000,1.000000,0.000000,0.000000,0.000000
1777189260.244026,0,0.000000,0.000000,0.000000,0.000000,1.000000,0.000000,1.000000,0.000000,0.000000,0.000000
1777189260.275291,0,0.000000,0.000000,0.000000,0.000000,1.000000,0.000000,1.000000,0.000000,0.000000,0.070000
1777189260.275806,0,0.000000,0.000000,0.000000,0.000000,0.090000,0.000000,1.000000,0.000000,0.000000,0.000000
1777189260.306666,0,0.000000,0.000000,0.000000,0.000000,0.330000,0.000000,1.000000,0.000000,0.000000,0.000000
1777189260.307178,0,0.000000,0.000000,0.000000,0.000000,0.560000,0.000000,1.000000,0.000000,0.000000,0.020000
1777189260.307575,0,0.000000,0.000000,0.000000,0.000000,0.800000,0.000000,1.000000,0.000000,0.000000,0.000000
1777189260.339795,0,0.000000,0.000000,0.000000,0.000000,1.000000,0.000000,1.000000,0.000000,0.000000,0.020000
1777189260.370533,0,0.000000,0.000000,0.000000,0.000000,1.000000,0.000000,1.000000,0.000000,0.000000,0.020000
1777189260.371063,0,0.000000,0.000000,0.000000,0.000000,1.000000,0.000000,1.000000,0.000000,0.000000,0.000000
1777189260.401632,0,0.000000,0.000000,0.000000,0.000000,1.000000,0.000000,1.000000,0.000000,0.070000,0.020000
1777189260.402128,0,0.000000,0.000000,0.000000,0.000000,1.000000,0.000000,1.000000,0.000000,0.000000,0.020000
1777189260.432818,0,0.000000,0.000000,0.000000,0.000000,1.000000,0.000000,1.000000,0.000000,0.000000,0.020000
1777189260.433360,0,0.000000,0.000000,0.000000,0.000000,1.000000,0.000000,1.000000,0.000000,0.000000,0.000000
1777189260.433770,0,0.000000,0.000000,0.000000,0.000000,1.000000,0.000000,1.000000,0.000000,0.070000,0.020000
1777189260.464587,0,0.000000,0.000000,0.000000,0.000000,1.000000,0.000000,1.000000,0.000000,0.070000,0.000000
1777189260.496252,0,0.000000,0.000000,0.000000,0.000000,1.000000,0.000000,1.000000,0.000000,0.000000,0.000000
1777189260.496784,0,0.000000,0.000000,0.000000,0.000000,1.000000,0.000000,1.000000,0.000000,0.070000,0.000000
1777189260.527760,0,0.000000,0.000000,0.000000,0.000000,1.000000,0.000000,1.000000,0.000000,0.000000,0.070000
1777189260.528254,0,0.000000,0.000000,0.000000,0.000000,1.000000,0.000000,1.000000,0.000000,0.000000,0.000000
1777189260.528648,0,0.000000,0.000000,0.000000,0.000000,1.000000,0.000000,1.000000,0.000000,0.070000,0.000000
1777189260.559231,0,0.000000,0.000000,0.000000,0.000000,1.000000,0.000000,0.000000,0.000000,0.000000,0.490000
1777189260.559742,0,0.000000,0.000000,0.000000,0.000000,1.000000,0.000000,0.680000,0.000000,0.140000,0.000000
1777189260.591190,0,0.000000,0.000000,0.000000,0.000000,1.000000,0.000000,1.000000,0.000000,0.000000,0.000000
1777189260.621933,0,0.000000,0.000000,0.000000,0.000000,1.000000,0.000000,1.000000,0.000000,0.000000,0.000000
1777189260.622460,0,0.000000,0.000000,0.000000,0.000000,1.000000,0.000000,1.000000,0.000000,0.000000,0.020000
1777189260.622852,0,0.000000,0.000000,0.000000,0.000000,1.000000,0.000000,1.000000,0.000000,0.000000,0.000000
1777189260.654283,0,0.000000,0.000000,0.000000,0.000000,1.000000,0.000000,1.000000,0.000000,0.070000,0.180000
1777189260.654868,0,0.000000,0.000000,0.000000,0.000000,1.000000,0.000000,1.000000,0.000000,0.000000,0.020000
1777189260.655476,0,0.000000,0.000000,0.000000,0.000000,1.000000,0.000000,1.000000,0.000000,0.000000,0.020000
1777189260.686246,0,0.000000,0.000000,0.000000,0.000000,1.000000,0.000000,1.000000,0.000000,0.070000,0.020000
1777189260.686855,0,0.000000,0.000000,0.000000,0.000000,1.000000,0.000000,1.000000,0.000000,0.000000,0.000000
1777189260.717512,0,0.000000,0.000000,0.000000,0.000000,1.000000,0.000000,1.000000,0.000000,0.000000,0.000000
1777189260.718024,0,0.000000,0.000000,0.000000,0.000000,1.000000,0.000000,1.000000,0.000000,0.000000,0.000000
1777189260.748603,0,0.000000,0.000000,0.000000,0.000000,1.000000,0.000000,1.000000,0.000000,0.000000,0.020000
1777189260.749112,0,0.000000,0.000000,0.000000,0.000000,1.000000,0.000000,1.000000,0.000000,0.070000,0.000000
1777189260.807507,0,0.000000,0.000000,0.000000,0.000000,1.000000,0.000000,0.400000,0.000000,0.070000,0.000000
1777189260.808039,0,0.000000,0.000000,0.000000,0.000000,1.000000,0.000000,1.000000,0.000000,0.070000,0.000000
1777189260.808453,0,0.000000,0.000000,0.000000,0.000000,1.000000,0.000000,1.000000,0.000000,0.000000,0.000000
1777189260.808841,0,0.000000,0.000000,0.000000,0.000000,1.000000,0.000000,1.000000,0.000000,0.000000,0.000000
1777189260.809470,0,0.000000,0.000000,0.000000,0.000000,1.000000,0.000000,0.070000,0.000000,0.070000,0.000000
1777189260.809952,0,0.000000,0.000000,0.000000,0.000000,1.000000,0.000000,0.440000,0.000000,0.070000,0.100000
1777189260.866865,0,0.000000,0.000000,0.000000,0.000000,1.000000,0.000000,0.810000,0.000000,0.070000,0.000000
1777189260.867408,0,0.000000,0.000000,0.000000,0.000000,1.000000,0.000000,1.000000,0.000000,0.000000,0.020000
1777189260.867971,0,0.000000,0.000000,0.000000,0.000000,1.000000,0.000000,1.000000,0.000000,0.000000,0.020000
1777189260.926858,0,0.000000,0.000000,0.000000,0.000000,1.000000,0.000000,1.000000,0.000000,0.000000,0.000000
1777189260.927429,0,0.000000,0.000000,0.000000,0.000000,1.000000,0.000000,1.000000,0.000000,0.000000,0.150000
1777189260.928096,0,0.000000,0.000000,0.000000,0.000000,1.000000,0.000000,1.000000,0.000000,0.070000,0.000000
1777189260.928552,0,0.000000,0.000000,0.000000,0.000000,1.000000,0.000000,1.000000,0.000000,0.000000,0.020000
1777189260.987002,0,0.000000,0.000000,0.000000,0.000000,1.000000,0.000000,1.000000,0.000000,0.070000,0.020000
1777189260.987542,0,0.000000,0.000000,0.000000,0.000000,1.000000,0.000000,1.000000,0.000000,0.000000,0.000000
1777189260.988096,0,0.000000,0.000000,0.000000,0.000000,1.000000,0.000000,0.150000,0.000000,0.000000,0.000000
1777189260.988498,0,0.000000,0.000000,0.000000,0.000000,1.000000,0.000000,0.500000,0.000000,0.070000,0.070000
1777189261.045354,0,0.000000,0.000000,0.000000,0.000000,0.180000,0.000000,0.870000,0.000000,0.000000,0.020000
1777189261.045898,0,0.000000,0.000000,0.000000,0.000000,0.430000,0.000000,1.000000,0.000000,0.000000,0.000000
1777189261.046456,0,0.000000,0.000000,0.000000,0.000000,0.660000,0.000000,1.000000,0.000000,0.070000,0.000000
1777189261.046863,0,0.000000,0.000000,0.000000,0.000000,0.890000,0.000000,1.000000,0.000000,0.070000,0.000000
1777189261.103746,0,0.000000,0.000000,0.000000,0.000000,1.000000,0.000000,1.000000,0.000000,0.070000,0.000000
1777189261.104405,0,0.000000,0.000000,0.000000,0.000000,1.000000,0.000000,1.000000,0.000000,0.000000,0.020000
1777189261.135974,0,0.000000,0.000000,0.000000,0.000000,1.000000,0.000000,0.200000,0.000000,0.000000,0.000000
1777189261.136568,0,0.000000,0.000000,0.000000,0.000000,1.000000,0.000000,0.560000,0.000000,0.070000,0.020000
1777189261.168336,0,0.000000,0.000000,0.000000,0.000000,1.000000,0.000000,0.940000,0.000000,0.000000,0.020000
1777189261.168895,0,0.000000,0.000000,0.000000,0.000000,1.000000,0.000000,1.000000,0.000000,0.000000,0.000000
1777189261.199471,0,0.000000,0.000000,0.000000,0.000000,1.000000,0.000000,1.000000,0.000000,0.070000,0.000000
1777189261.200049,0,0.000000,0.000000,0.000000,0.000000,1.000000,0.000000,1.000000,0.000000,0.000000,0.020000
1777189261.231220,0,0.000000,0.000000,0.000000,0.000000,1.000000,0.000000,1.000000,0.000000,0.000000,0.020000
1777189261.231717,0,0.000000,0.000000,0.000000,0.000000,1.000000,0.000000,1.000000,0.000000,0.000000,0.020000
1777189261.263685,0,0.000000,0.000000,0.000000,0.000000,1.000000,0.000000,1.000000,0.000000,0.000000,0.000000
1777189261.264312,0,0.000000,0.000000,0.000000,0.000000,1.000000,0.000000,0.210000,0.000000,0.000000,0.000000
1777189261.264802,0,0.000000,0.000000,0.000000,0.000000,1.000000,0.000000,0.620000,0.000000,0.070000,0.150000
1777189261.296227,0,0.000000,0.000000,0.000000,0.000000,1.000000,0.000000,1.000000,0.000000,0.000000,0.020000
1777189261.327741,0,0.000000,0.000000,0.000000,0.000000,1.000000,0.000000,1.000000,0.000000,0.000000,0.000000
1777189261.328234,0,0.000000,0.000000,0.000000,0.000000,1.000000,0.000000,1.000000,0.000000,0.070000,0.020000
1777189261.359182,0,0.000000,0.000000,0.000000,0.000000,0.000000,0.000000,1.000000,0.000000,0.360000,0.000000
1777189261.359706,0,0.000000,0.000000,0.000000,0.000000,0.230000,0.000000,1.000000,0.000000,0.000000,0.000000
1777189261.360244,0,0.000000,0.000000,0.000000,0.000000,0.460000,0.000000,1.000000,0.000000,0.000000,0.020000
1777189261.390960,0,0.000000,0.000000,0.000000,0.000000,0.690000,0.000000,1.000000,0.000000,0.140000,0.020000
1777189261.421412,0,0.000000,0.000000,0.000000,0.000000,0.930000,0.000000,1.000000,0.000000,0.000000,0.000000
1777189261.421934,0,0.000000,0.000000,0.000000,0.000000,1.000000,0.000000,1.000000,0.000000,0.000000,0.000000
1777189261.422330,0,0.000000,0.000000,0.000000,0.000000,1.000000,0.000000,1.000000,0.000000,0.070000,0.000000
1777189261.453555,0,0.000000,0.000000,0.000000,0.000000,1.000000,0.000000,1.000000,0.000000,0.070000,0.000000
1777189261.454082,0,0.000000,0.000000,0.000000,0.000000,1.000000,0.000000,1.000000,0.000000,0.000000,0.000000
1777189261.485819,0,0.000000,0.000000,0.000000,0.000000,1.000000,0.000000,1.000000,0.000000,0.000000,0.000000
1777189261.486317,0,0.000000,0.000000,0.000000,0.000000,1.000000,0.000000,1.000000,0.000000,0.000000,0.000000
1777189261.517063,0,0.000000,0.000000,0.000000,0.000000,1.000000,0.000000,1.000000,0.000000,0.070000,0.000000
1777189261.517732,0,0.000000,0.000000,0.000000,0.000000,1.000000,0.000000,1.000000,0.000000,0.000000,0.020000
1777189261.548542,0,0.000000,0.000000,0.000000,0.000000,1.000000,0.000000,1.000000,0.000000,0.000000,0.000000
1777189261.549035,0,0.000000,0.000000,0.000000,0.000000,1.000000,0.000000,1.000000,0.000000,0.000000,0.070000
1777189261.580135,0,0.000000,0.000000,0.000000,0.000000,1.000000,0.000000,1.000000,0.000000,0.070000,0.020000
1777189261.580682,0,0.000000,0.000000,0.000000,0.000000,1.000000,0.000000,1.000000,0.000000,0.000000,0.000000
1777189261.611390,0,0.000000,0.000000,0.000000,0.000000,1.000000,0.000000,1.000000,0.000000,0.070000,0.020000
1777189261.611944,0,0.000000,0.000000,0.000000,0.000000,1.000000,0.000000,1.000000,0.000000,0.070000,0.180000
1777189261.643473,0,0.000000,0.000000,0.000000,0.000000,1.000000,0.000000,0.210000,0.000000,0.000000,0.020000
1777189261.643989,0,0.000000,0.000000,0.000000,0.000000,1.000000,0.000000,0.600000,0.000000,0.070000,0.000000
1777189261.675354,0,0.000000,0.000000,0.000000,0.000000,1.000000,0.000000,0.970000,0.000000,0.000000,0.020000
1777189261.675882,0,0.000000,0.000000,0.000000,0.000000,1.000000,0.000000,1.000000,0.000000,0.070000,0.000000
1777189261.676448,0,0.000000,0.000000,0.000000,0.000000,1.000000,0.000000,1.000000,0.000000,0.000000,0.000000
1777189261.708452,0,0.000000,0.000000,0.000000,0.000000,1.000000,0.000000,1.000000,0.000000,0.000000,0.000000
1777189261.739505,0,0.000000,0.000000,0.000000,0.000000,1.000000,0.000000,1.000000,0.000000,0.000000,0.000000
1777189261.740005,0,0.000000,0.000000,0.000000,0.000000,1.000000,0.000000,0.050000,0.000000,0.000000,0.000000
1777189261.771037,0,0.000000,0.000000,0.000000,0.000000,1.000000,0.000000,0.250000,0.000000,0.070000,0.020000
1777189261.803196,0,0.000000,0.000000,0.000000,0.000000,1.000000,0.000000,0.470000,0.000000,0.000000,0.000000
1777189261.803701,0,0.000000,0.000000,0.000000,0.000000,1.000000,0.000000,0.680000,0.000000,0.070000,0.000000
1777189261.804097,0,0.000000,0.000000,0.000000,0.000000,1.000000,0.000000,0.890000,0.000000,0.070000,0.000000
1777189261.835953,0,0.000000,0.000000,0.000000,0.000000,1.000000,0.000000,0.070000,0.000000,0.070000,0.000000
1777189261.836450,0,0.000000,0.000000,0.000000,0.000000,1.000000,0.000000,0.050000,0.000000,0.000000,0.000000
1777189261.836846,0,0.000000,0.000000,0.000000,0.000000,0.150000,0.000000,0.280000,0.000000,0.070000,0.020000
1777189261.868863,0,0.000000,0.000000,0.000000,0.000000,0.400000,0.000000,0.510000,0.000000,0.000000,0.000000
1777189261.906343,0,0.000000,0.000000,0.000000,0.000000,0.630000,0.000000,0.750000,0.000000,0.000000,0.000000
1777189261.906855,0,0.000000,0.000000,0.000000,0.000000,0.860000,0.000000,0.980000,0.000000,0.070000,0.000000
1777189261.907274,0,0.000000,0.000000,0.000000,0.000000,1.000000,0.000000,1.000000,0.000000,0.070000,0.000000
1777189261.941496,0,0.000000,0.000000,0.000000,0.000000,1.000000,0.000000,0.100000,0.000000,0.000000,0.020000
1777189261.973435,0,0.000000,0.000000,0.000000,0.000000,1.000000,0.000000,0.370000,0.000000,0.070000,0.020000
1777189261.973954,0,0.000000,0.000000,0.000000,0.000000,1.000000,0.000000,0.630000,0.000000,0.000000,0.150000
1777189261.974358,0,0.000000,0.000000,0.000000,0.000000,1.000000,0.000000,0.880000,0.000000,0.140000,0.000000
1777189261.974803,0,0.000000,0.000000,0.000000,0.000000,1.000000,0.000000,1.000000,0.000000,0.000000,0.000000
1777189262.005869,0,0.000000,0.000000,0.000000,0.000000,1.000000,0.000000,1.000000,0.000000,0.000000,0.000000
1777189262.006376,0,0.000000,0.000000,0.000000,0.000000,1.000000,0.000000,1.000000,0.000000,0.140000,0.000000
1777189262.064139,0,0.000000,0.000000,0.000000,0.000000,1.000000,0.000000,1.000000,0.000000,0.000000,0.020000
1777189262.064677,0,0.000000,0.000000,0.000000,0.000000,1.000000,0.000000,1.000000,0.000000,0.070000,0.070000
1777189262.065092,0,0.000000,0.000000,0.000000,0.000000,1.000000,0.000000,1.000000,0.000000,0.000000,0.000000
1777189262.065709,0,0.000000,0.000000,0.000000,0.000000,1.000000,0.000000,1.000000,0.000000,0.000000,0.000000
1777189262.123887,0,0.000000,0.000000,0.000000,0.000000,1.000000,0.000000,0.020000,0.000000,0.000000,0.000000
1777189262.124512,0,0.000000,0.000000,0.000000,0.000000,1.000000,0.000000,0.300000,0.000000,0.000000,0.000000
1777189262.124992,0,0.000000,0.000000,0.000000,0.000000,1.000000,0.000000,0.550000,0.000000,0.000000,0.020000
1777189262.125629,0,0.000000,0.000000,0.000000,0.000000,1.000000,0.000000,0.810000,0.000000,0.070000,0.000000
1777189262.126341,0,0.000000,0.000000,0.000000,0.000000,1.000000,0.000000,1.000000,0.000000,0.070000,0.000000
1777189262.157547,0,0.000000,0.000000,0.000000,0.000000,1.000000,0.000000,1.000000,0.000000,0.070000,0.000000
1777189262.189513,0,0.000000,0.000000,0.000000,0.000000,1.000000,0.000000,1.000000,0.000000,0.070000,0.000000
1777189262.190024,0,0.000000,0.000000,0.000000,0.000000,1.000000,0.000000,1.000000,0.000000,0.070000,0.150000
1777189262.221735,0,0.000000,0.000000,0.000000,0.000000,1.000000,0.000000,1.000000,0.000000,0.070000,0.000000
1777189262.222250,0,0.000000,0.000000,0.000000,0.000000,0.100000,0.000000,1.000000,0.000000,0.070000,0.000000
1777189262.254288,0,0.000000,0.000000,0.000000,0.000000,0.340000,0.000000,1.000000,0.000000,0.000000,0.000000
1777189262.254797,0,0.000000,0.000000,0.000000,0.000000,0.570000,0.000000,1.000000,0.000000,0.070000,0.000000
1777189262.285851,0,0.000000,0.000000,0.000000,0.000000,0.810000,0.000000,1.000000,0.000000,0.000000,0.020000
1777189262.286377,0,0.000000,0.000000,0.000000,0.000000,1.000000,0.000000,1.000000,0.000000,0.070000,0.000000
1777189262.317623,0,0.000000,0.000000,0.000000,0.000000,1.000000,0.000000,1.000000,0.000000,0.000000,0.020000
1777189262.318129,0,0.000000,0.000000,0.000000,0.000000,1.000000,0.000000,1.000000,0.000000,0.000000,0.100000
1777189262.349737,0,0.000000,0.000000,0.000000,0.000000,1.000000,0.000000,0.000000,0.000000,0.000000,0.370000
1777189262.381509,0,0.000000,0.000000,0.000000,0.000000,1.000000,0.000000,0.270000,0.000000,0.070000,0.020000
1777189262.382007,0,0.000000,0.000000,0.000000,0.000000,1.000000,0.000000,0.010000,0.000000,0.070000,0.000000
1777189262.382400,0,0.000000,0.000000,0.000000,0.000000,1.000000,0.000000,0.340000,0.000000,0.140000,0.020000
1777189262.413045,0,0.000000,0.000000,0.000000,0.000000,1.000000,0.000000,0.700000,0.000000,0.000000,0.000000
1777189262.413563,0,0.000000,0.000000,0.000000,0.000000,1.000000,0.000000,1.000000,0.000000,0.070000,0.000000
1777189262.413958,0,0.000000,0.000000,0.000000,0.000000,1.000000,0.000000,1.000000,0.000000,0.000000,0.000000
1777189262.444792,0,0.000000,0.000000,0.000000,0.000000,1.000000,0.000000,0.140000,0.000000,0.000000,0.000000
1777189262.445313,0,0.000000,0.000000,0.000000,0.000000,1.000000,0.000000,0.370000,0.000000,0.070000,0.000000
1777189262.502502,0,0.000000,0.000000,0.000000,0.000000,1.000000,0.000000,0.620000,0.000000,0.000000,0.000000
1777189262.503051,0,0.000000,0.000000,0.000000,0.000000,1.000000,0.000000,0.870000,0.000000,0.000000,0.020000
1777189262.503453,0,0.000000,0.000000,0.000000,0.000000,1.000000,0.000000,1.000000,0.000000,0.000000,0.020000
1777189262.503881,0,0.000000,0.000000,0.000000,0.000000,1.000000,0.000000,1.000000,0.000000,0.070000,0.000000
1777189262.561373,0,0.000000,0.000000,0.000000,0.000000,1.000000,0.000000,1.000000,0.000000,0.000000,0.000000
1777189262.562107,0,0.000000,0.000000,0.000000,0.000000,1.000000,0.000000,1.000000,0.000000,0.070000,0.150000
1777189262.562557,0,0.000000,0.000000,0.000000,0.000000,1.000000,0.000000,1.000000,0.000000,0.070000,0.020000
1777189262.562962,0,0.000000,0.000000,0.000000,0.000000,1.000000,0.000000,1.000000,0.000000,0.070000,0.020000
1777189262.563436,0,0.000000,0.000000,0.000000,0.000000,1.000000,0.000000,1.000000,0.000000,0.000000,0.000000
1777189262.620726,0,0.000000,0.000000,0.000000,0.000000,0.120000,0.000000,1.000000,0.000000,0.000000,0.000000
1777189262.621248,0,0.000000,0.000000,0.000000,0.000000,0.370000,0.000000,0.000000,0.000000,0.000000,0.440000
1777189262.621804,0,0.000000,0.000000,0.000000,0.000000,0.610000,0.000000,0.230000,0.000000,0.000000,0.020000
1777189262.622210,0,0.000000,0.000000,0.000000,0.000000,0.830000,0.000000,0.500000,0.000000,0.070000,0.000000
1777189262.679497,0,0.000000,0.000000,0.000000,0.000000,1.000000,0.000000,0.720000,0.000000,0.000000,0.000000
1777189262.680247,0,0.000000,0.000000,0.000000,0.000000,1.000000,0.000000,0.980000,0.000000,0.070000,0.020000
1777189262.680696,0,0.000000,0.000000,0.000000,0.000000,1.000000,0.000000,1.000000,0.000000,0.000000,0.000000
1777189262.681129,0,0.000000,0.000000,0.000000,0.000000,0.070000,0.000000,0.020000,0.000000,0.070000,0.020000
1777189262.737792,0,0.000000,0.000000,0.000000,0.000000,0.250000,0.000000,0.310000,0.000000,0.000000,0.000000
1777189262.738325,0,0.000000,0.000000,0.000000,0.000000,0.440000,0.000000,0.610000,0.000000,0.000000,0.070000
1777189262.738742,0,0.000000,0.000000,0.000000,0.000000,0.620000,0.000000,0.890000,0.000000,0.000000,0.070000
1777189262.739301,0,0.000000,0.000000,0.000000,0.000000,0.810000,0.000000,1.000000,0.000000,0.000000,0.000000
1777189262.769500,0,0.000000,0.000000,0.000000,0.000000,0.980000,0.000000,1.000000,0.000000,0.000000,0.000000
1777189262.826819,0,0.000000,0.000000,0.000000,0.000000,0.100000,0.000000,0.070000,0.000000,0.070000,0.000000
1777189262.884948,0,0.000000,0.000000,0.000000,0.000000,0.300000,0.000000,0.360000,0.000000,0.210000,0.000000
1777189262.885633,0,0.000000,0.000000,0.000000,0.000000,0.490000,0.000000,0.620000,0.000000,0.000000,0.000000
1777189262.886037,0,0.000000,0.000000,0.000000,0.000000,0.670000,0.000000,0.870000,0.000000,0.070000,0.020000
1777189262.886427,0,0.000000,0.000000,0.000000,0.000000,0.850000,0.000000,1.000000,0.000000,0.000000,0.000000
1777189262.887063,0,0.000000,0.000000,0.000000,0.000000,0.280000,0.000000,1.000000,0.000000,0.000000,0.000000
1777189262.887532,0,0.000000,0.000000,0.000000,0.000000,0.460000,0.000000,1.000000,0.000000,0.070000,0.000000
1777189262.887923,0,0.000000,0.000000,0.000000,0.000000,0.620000,0.000000,1.000000,0.000000,0.070000,0.000000
1777189262.950975,0,0.000000,0.000000,0.000000,0.000000,0.800000,0.000000,1.000000,0.000000,0.000000,0.070000
1777189262.951665,0,0.000000,0.000000,0.000000,0.000000,0.950000,0.000000,1.000000,0.000000,0.000000,0.000000
1777189263.009065,0,0.000000,0.000000,0.000000,0.000000,1.000000,0.000000,1.000000,0.000000,0.000000,0.000000
1777189263.009610,0,0.000000,0.000000,0.000000,0.000000,1.000000,0.000000,1.000000,0.000000,0.070000,0.000000
1777189263.010021,0,0.000000,0.000000,0.000000,0.000000,1.000000,0.000000,1.000000,0.000000,0.070000,0.000000
1777189263.010408,0,0.000000,0.000000,0.000000,0.000000,1.000000,0.000000,1.000000,0.000000,0.000000,0.000000
1777189263.067529,0,0.000000,0.000000,0.000000,0.000000,1.000000,0.000000,1.000000,0.000000,0.140000,0.000000
1777189263.068227,0,0.000000,0.000000,0.000000,0.000000,1.000000,0.000000,1.000000,0.000000,0.000000,0.020000
1777189263.068653,0,0.000000,0.000000,0.000000,0.000000,1.000000,0.000000,1.000000,0.000000,0.000000,0.020000
1777189263.069040,0,0.000000,0.000000,0.000000,0.000000,1.000000,0.000000,1.000000,0.000000,0.070000,0.000000
1777189263.069424,0,0.000000,0.000000,0.000000,0.000000,1.000000,0.000000,1.000000,0.000000,0.000000,0.000000
1777189263.127355,0,0.000000,0.000000,0.000000,0.000000,1.000000,0.000000,1.000000,0.000000,0.140000,0.020000
1777189263.127872,0,0.000000,0.000000,0.000000,0.000000,1.000000,0.000000,1.000000,0.000000,0.000000,0.000000
1777189263.128433,0,0.000000,0.000000,0.000000,0.000000,1.000000,0.000000,1.000000,0.000000,0.070000,0.000000
1777189263.185801,0,0.000000,0.000000,0.000000,0.000000,1.000000,0.000000,1.000000,0.000000,0.000000,0.000000
1777189263.186332,0,0.000000,0.000000,0.000000,0.000000,1.000000,0.000000,1.000000,0.000000,0.000000,0.020000
1777189263.186799,0,0.000000,0.000000,0.000000,0.000000,1.000000,0.000000,1.000000,0.000000,0.140000,0.000000
1777189263.187223,0,0.000000,0.000000,0.000000,0.000000,1.000000,0.000000,1.000000,0.000000,0.070000,0.000000
1777189263.245700,0,0.000000,0.000000,0.000000,0.000000,1.000000,0.000000,1.000000,0.000000,0.070000,0.000000
1777189263.246250,0,0.000000,0.000000,0.000000,0.000000,1.000000,0.000000,1.000000,0.000000,0.000000,0.000000
1777189263.246820,0,0.000000,0.000000,0.000000,0.000000,1.000000,0.000000,1.000000,0.000000,0.210000,0.020000
1777189263.247267,0,0.000000,0.000000,0.000000,0.000000,1.000000,0.000000,1.000000,0.000000,0.000000,0.210000
1777189263.304464,0,0.000000,0.000000,0.000000,0.000000,1.000000,0.000000,1.000000,0.000000,0.070000,0.020000
1777189263.305009,0,0.000000,0.000000,0.000000,0.000000,1.000000,0.000000,1.000000,0.000000,0.070000,0.000000
1777189263.305584,0,0.000000,0.000000,0.000000,0.000000,1.000000,0.000000,1.000000,0.000000,0.000000,0.020000
1777189263.305992,0,0.000000,0.000000,0.000000,0.000000,1.000000,0.000000,1.000000,0.000000,0.000000,0.000000
1777189263.363700,0,0.000000,0.000000,0.000000,0.000000,1.000000,0.000000,0.050000,0.000000,0.070000,0.100000
1777189263.364228,0,0.000000,0.000000,0.000000,0.000000,1.000000,0.000000,0.310000,0.000000,0.000000,0.020000
1777189263.364784,0,0.000000,0.000000,0.000000,0.000000,1.000000,0.000000,0.570000,0.000000,0.000000,0.000000
1777189263.421645,0,0.000000,0.000000,0.000000,0.000000,1.000000,0.000000,0.830000,0.000000,0.000000,0.020000
1777189263.422185,0,0.000000,0.000000,0.000000,0.000000,1.000000,0.000000,1.000000,0.000000,0.070000,0.000000
1777189263.422597,0,0.000000,0.000000,0.000000,0.000000,1.000000,0.000000,0.020000,0.000000,0.000000,0.000000
1777189263.423141,0,0.000000,0.000000,0.000000,0.000000,1.000000,0.000000,0.310000,0.000000,0.000000,0.000000
1777189263.480214,0,0.000000,0.000000,0.000000,0.000000,1.000000,0.000000,0.560000,0.000000,0.000000,0.000000
1777189263.480733,0,0.000000,0.000000,0.000000,0.000000,1.000000,0.000000,0.830000,0.000000,0.140000,0.000000
1777189263.481281,0,0.000000,0.000000,0.000000,0.000000,1.000000,0.000000,1.000000,0.000000,0.000000,0.000000
1777189263.481680,0,0.000000,0.000000,0.000000,0.000000,1.000000,0.000000,1.000000,0.000000,0.140000,0.000000
1777189263.539102,0,0.000000,0.000000,0.000000,0.000000,1.000000,0.000000,1.000000,0.000000,0.000000,0.000000
1777189263.539620,0,0.000000,0.000000,0.000000,0.000000,1.000000,0.000000,1.000000,0.000000,0.000000,0.020000
1777189263.540209,0,0.000000,0.000000,0.000000,0.000000,1.000000,0.000000,1.000000,0.000000,0.070000,0.000000
1777189263.540622,0,0.000000,0.000000,0.000000,0.000000,1.000000,0.000000,1.000000,0.000000,0.070000,0.000000
1777189263.597191,0,0.000000,0.000000,0.000000,0.000000,1.000000,0.000000,1.000000,0.000000,0.000000,0.020000
1777189263.597729,0,0.000000,0.000000,0.000000,0.000000,1.000000,0.000000,1.000000,0.000000,0.140000,0.000000
1777189263.655440,0,0.000000,0.000000,0.000000,0.000000,1.000000,0.000000,1.000000,0.000000,0.000000,0.000000
1777189263.655965,0,0.000000,0.000000,0.000000,0.000000,1.000000,0.000000,1.000000,0.000000,0.140000,0.000000
1777189263.656379,0,0.000000,0.000000,0.000000,0.000000,1.000000,0.000000,1.000000,0.000000,0.000000,0.000000
1777189263.656762,0,0.000000,0.000000,0.000000,0.000000,1.000000,0.000000,1.000000,0.000000,0.000000,0.000000
1777189263.657349,0,0.000000,0.000000,0.000000,0.000000,1.000000,0.000000,1.000000,0.000000,0.070000,0.210000
1777189263.657836,0,0.000000,0.000000,0.000000,0.000000,1.000000,0.000000,1.000000,0.000000,0.000000,0.070000
1777189263.715210,0,0.000000,0.000000,0.000000,0.000000,1.000000,0.000000,1.000000,0.000000,0.000000,0.000000
1777189263.715895,0,0.000000,0.000000,0.000000,0.000000,1.000000,0.000000,1.000000,0.000000,0.070000,0.020000
1777189263.716321,0,0.000000,0.000000,0.000000,0.000000,1.000000,0.000000,1.000000,0.000000,0.070000,0.000000
1777189263.773280,0,0.000000,0.000000,0.000000,0.000000,1.000000,0.000000,1.000000,0.000000,0.070000,0.150000
1777189263.773826,0,0.000000,0.000000,0.000000,0.000000,1.000000,0.000000,1.000000,0.000000,0.000000,0.000000
1777189263.774388,0,0.000000,0.000000,0.000000,0.000000,1.000000,0.000000,1.000000,0.000000,0.000000,0.000000
1777189263.774805,0,0.000000,0.000000,0.000000,0.000000,1.000000,0.000000,1.000000,0.000000,0.000000,0.000000
1777189263.832593,0,0.000000,0.000000,0.000000,0.000000,1.000000,0.000000,1.000000,0.000000,0.000000,0.000000
1777189263.833116,0,0.000000,0.000000,0.000000,0.000000,1.000000,0.000000,1.000000,0.000000,0.000000,0.000000
1777189263.833674,0,0.000000,0.000000,0.000000,0.000000,1.000000,0.000000,1.000000,0.000000,0.070000,0.000000
1777189263.864398,0,0.000000,0.000000,0.000000,0.000000,1.000000,0.000000,1.000000,0.000000,0.000000,0.000000
1777189263.894820,0,0.000000,0.000000,0.000000,0.000000,1.000000,0.000000,1.000000,0.000000,0.000000,0.000000
1777189263.895346,0,0.000000,0.000000,0.000000,0.000000,0.030000,0.000000,1.000000,0.000000,0.210000,0.000000
1777189263.960556,0,0.000000,0.000000,0.000000,0.000000,0.200000,0.000000,1.000000,0.000000,0.000000,0.000000
1777189263.961089,0,0.000000,0.000000,0.000000,0.000000,0.370000,0.000000,1.000000,0.000000,0.000000,0.020000
1777189263.961495,0,0.000000,0.000000,0.000000,0.000000,0.510000,0.000000,1.000000,0.000000,0.000000,0.020000
1777189263.961879,0,0.000000,0.000000,0.000000,0.000000,0.690000,0.000000,1.000000,0.000000,0.070000,0.020000
1777189263.962289,0,0.000000,0.000000,0.000000,0.000000,0.860000,0.000000,1.000000,0.000000,0.000000,0.000000
1777189263.962672,0,0.000000,0.000000,0.000000,0.000000,1.000000,0.000000,1.000000,0.000000,0.070000,0.000000
1777189263.963326,0,0.000000,0.000000,0.000000,0.000000,1.000000,0.000000,0.020000,0.000000,0.000000,0.000000
1777189263.993814,0,0.000000,0.000000,0.000000,0.000000,1.000000,0.000000,0.280000,0.000000,0.000000,0.020000
1777189264.051133,0,0.000000,0.000000,0.000000,0.000000,1.000000,0.000000,0.560000,0.000000,0.000000,0.020000
1777189264.051674,0,0.000000,0.000000,0.000000,0.000000,1.000000,0.000000,0.830000,0.000000,0.000000,0.150000
1777189264.052088,0,0.000000,0.000000,0.000000,0.000000,1.000000,0.000000,1.000000,0.000000,0.070000,0.020000
1777189264.052622,0,0.000000,0.000000,0.000000,0.000000,1.000000,0.000000,1.000000,0.000000,0.000000,0.100000
1777189264.109349,0,0.000000,0.000000,0.000000,0.000000,1.000000,0.000000,1.000000,0.000000,0.000000,0.020000
1777189264.109888,0,0.000000,0.000000,0.000000,0.000000,1.000000,0.000000,1.000000,0.000000,0.000000,0.020000
1777189264.167688,0,0.000000,0.000000,0.000000,0.000000,1.000000,0.000000,1.000000,0.000000,0.000000,0.000000
1777189264.168240,0,0.000000,0.000000,0.000000,0.000000,1.000000,0.000000,1.000000,0.000000,0.070000,0.000000
1777189264.168719,0,0.000000,0.000000,0.000000,0.000000,1.000000,0.000000,1.000000,0.000000,0.000000,0.000000
1777189264.169138,0,0.000000,0.000000,0.000000,0.000000,1.000000,0.000000,1.000000,0.000000,0.000000,0.020000
1777189264.169744,0,0.000000,0.000000,0.000000,0.000000,1.000000,0.000000,1.000000,0.000000,0.070000,0.020000
1777189264.228340,0,0.000000,0.000000,0.000000,0.000000,1.000000,0.000000,1.000000,0.000000,0.070000,0.000000
1777189264.228904,0,0.000000,0.000000,0.000000,0.000000,1.000000,0.000000,1.000000,0.000000,0.070000,0.020000
1777189264.229328,0,0.000000,0.000000,0.000000,0.000000,1.000000,0.000000,1.000000,0.000000,0.070000,0.020000
1777189264.229723,0,0.000000,0.000000,0.000000,0.000000,1.000000,0.000000,1.000000,0.000000,0.070000,0.020000
1777189264.230525,0,0.000000,0.000000,0.000000,0.000000,1.000000,0.000000,1.000000,0.000000,0.070000,0.000000
1777189264.262275,0,0.000000,0.000000,0.000000,0.000000,1.000000,0.000000,1.000000,0.000000,0.210000,0.000000
1777189264.292261,0,0.000000,0.000000,0.000000,0.000000,1.000000,0.000000,1.000000,0.000000,0.000000,0.000000
1777189264.349969,0,0.000000,0.000000,0.000000,0.000000,0.120000,0.000000,1.000000,0.000000,0.000000,0.020000
1777189264.350525,0,0.000000,0.000000,0.000000,0.000000,0.090000,0.000000,1.000000,0.000000,0.000000,0.070000
1777189264.350952,0,0.000000,0.000000,0.000000,0.000000,0.270000,0.000000,1.000000,0.000000,0.000000,0.000000
1777189264.351403,0,0.000000,0.000000,0.000000,0.000000,0.430000,0.000000,1.000000,0.000000,0.070000,0.020000
1777189264.351831,0,0.000000,0.000000,0.000000,0.000000,0.600000,0.000000,1.000000,0.000000,0.140000,0.000000
1777189264.352244,0,0.000000,0.000000,0.000000,0.000000,0.750000,0.000000,1.000000,0.000000,0.000000,0.000000
1777189264.383740,0,0.000000,0.000000,0.000000,0.000000,0.930000,0.000000,1.000000,0.000000,0.070000,0.020000
1777189264.413917,0,0.000000,0.000000,0.000000,0.000000,1.000000,0.000000,1.000000,0.000000,0.000000,0.020000
1777189264.414438,0,0.000000,0.000000,0.000000,0.000000,1.000000,0.000000,1.000000,0.000000,0.000000,0.000000
1777189264.471511,0,0.000000,0.000000,0.000000,0.000000,0.030000,0.000000,1.000000,0.000000,0.000000,0.000000
1777189264.472047,0,0.000000,0.000000,0.000000,0.000000,0.180000,0.000000,0.200000,0.000000,0.000000,0.000000
1777189264.472470,0,0.000000,0.000000,0.000000,0.000000,0.340000,0.000000,0.460000,0.000000,0.000000,0.070000
1777189264.472939,0,0.000000,0.000000,0.000000,0.000000,0.500000,0.000000,0.750000,0.000000,0.000000,0.000000
1777189264.473374,0,0.000000,0.000000,0.000000,0.000000,0.670000,0.000000,1.000000,0.000000,0.000000,0.000000
1777189264.473768,0,0.000000,0.000000,0.000000,0.000000,0.820000,0.000000,1.000000,0.000000,0.000000,0.000000
1777189264.530873,0,0.000000,0.000000,0.000000,0.000000,0.980000,0.000000,1.000000,0.000000,0.000000,0.070000
1777189264.531398,0,0.000000,0.000000,0.000000,0.000000,1.000000,0.000000,1.000000,0.000000,0.000000,0.000000
1777189264.531801,0,0.000000,0.000000,0.000000,0.000000,1.000000,0.000000,1.000000,0.000000,0.000000,0.000000
1777189264.562381,0,0.000000,0.000000,0.000000,0.000000,1.000000,0.000000,1.000000,0.000000,0.070000,0.000000
1777189264.593817,0,0.000000,0.000000,0.000000,0.000000,1.000000,0.000000,1.000000,0.000000,0.000000,0.020000
1777189264.624940,0,0.000000,0.000000,0.000000,0.000000,1.000000,0.000000,1.000000,0.000000,0.070000,0.000000
1777189264.625450,0,0.000000,0.000000,0.000000,0.000000,1.000000,0.000000,1.000000,0.000000,0.000000,0.020000
1777189264.656249,0,0.000000,0.000000,0.000000,0.000000,1.000000,0.000000,1.000000,0.000000,0.000000,0.000000
1777189264.656783,0,0.000000,0.000000,0.000000,0.000000,1.000000,0.000000,1.000000,0.000000,0.000000,0.000000
1777189264.657184,0,0.000000,0.000000,0.000000,0.000000,1.000000,0.000000,1.000000,0.000000,0.070000,0.020000
1777189264.688804,0,0.000000,0.000000,0.000000,0.000000,1.000000,0.000000,1.000000,0.000000,0.000000,0.000000
1777189264.720537,0,0.000000,0.000000,0.000000,0.000000,1.000000,0.000000,1.000000,0.000000,0.140000,0.020000
1777189264.721042,0,0.000000,0.000000,0.000000,0.000000,1.000000,0.000000,1.000000,0.000000,0.000000,0.000000
1777189264.721438,0,0.000000,0.000000,0.000000,0.000000,1.000000,0.000000,0.110000,0.000000,0.000000,0.000000
1777189264.751901,0,0.000000,0.000000,0.000000,0.000000,1.000000,0.000000,0.400000,0.000000,0.070000,0.000000
1777189264.752404,0,0.000000,0.000000,0.000000,0.000000,1.000000,0.000000,0.090000,0.000000,0.140000,0.000000
1777189264.812305,0,0.000000,0.000000,0.000000,0.000000,1.000000,0.000000,0.330000,0.000000,0.000000,0.020000
1777189264.813022,0,0.000000,0.000000,0.000000,0.000000,1.000000,0.000000,0.560000,0.000000,0.000000,0.000000
1777189264.813441,0,0.000000,0.000000,0.000000,0.000000,1.000000,0.000000,0.800000,0.000000,0.000000,0.020000
1777189264.813826,0,0.000000,0.000000,0.000000,0.000000,1.000000,0.000000,0.000000,0.000000,0.070000,0.250000
1777189264.814210,0,0.000000,0.000000,0.000000,0.000000,1.000000,0.000000,0.250000,0.000000,0.000000,0.000000
1777189264.872226,0,0.000000,0.000000,0.000000,0.000000,1.000000,0.000000,0.510000,0.000000,0.000000,0.150000
1777189264.872731,0,0.000000,0.000000,0.000000,0.000000,1.000000,0.000000,0.770000,0.000000,0.000000,0.070000
1777189264.873126,0,0.000000,0.000000,0.000000,0.000000,1.000000,0.000000,1.000000,0.000000,0.000000,0.000000
1777189264.873726,0,0.000000,0.000000,0.000000,0.000000,1.000000,0.000000,1.000000,0.000000,0.070000,0.000000
1777189264.933643,0,0.000000,0.000000,0.000000,0.000000,1.000000,0.000000,1.000000,0.000000,0.140000,0.020000
1777189264.934176,0,0.000000,0.000000,0.000000,0.000000,1.000000,0.000000,1.000000,0.000000,0.000000,0.000000
1777189264.934578,0,0.000000,0.000000,0.000000,0.000000,1.000000,0.000000,1.000000,0.000000,0.000000,0.020000
1777189264.935103,0,0.000000,0.000000,0.000000,0.000000,1.000000,0.000000,1.000000,0.000000,0.000000,0.020000
1777189264.996206,0,0.000000,0.000000,0.000000,0.000000,1.000000,0.000000,1.000000,0.000000,0.070000,0.000000
1777189264.996746,0,0.000000,0.000000,0.000000,0.000000,1.000000,0.000000,1.000000,0.000000,0.070000,0.070000
1777189264.997158,0,0.000000,0.000000,0.000000,0.000000,1.000000,0.000000,1.000000,0.000000,0.070000,0.000000
1777189264.997753,0,0.000000,0.000000,0.000000,0.000000,1.000000,0.000000,1.000000,0.000000,0.000000,0.000000
1777189264.998196,0,0.000000,0.000000,0.000000,0.000000,1.000000,0.000000,1.000000,0.000000,0.070000,0.000000
1777189265.055601,0,0.000000,0.000000,0.000000,0.000000,1.000000,0.000000,1.000000,0.000000,0.000000,0.000000
1777189265.056143,0,0.000000,0.000000,0.000000,0.000000,1.000000,0.000000,1.000000,0.000000,0.070000,0.000000
1777189265.056737,0,0.000000,0.000000,0.000000,0.000000,1.000000,0.000000,1.000000,0.000000,0.070000,0.000000
1777189265.057166,0,0.000000,0.000000,0.000000,0.000000,1.000000,0.000000,1.000000,0.000000,0.000000,0.070000
1777189265.113458,0,0.000000,0.000000,0.000000,0.000000,1.000000,0.000000,1.000000,0.000000,0.070000,0.020000
1777189265.171978,0,0.000000,0.000000,0.000000,0.000000,1.000000,0.000000,1.000000,0.000000,0.070000,0.000000
1777189265.172509,0,0.000000,0.000000,0.000000,0.000000,1.000000,0.000000,1.000000,0.000000,0.000000,0.020000
1777189265.172920,0,0.000000,0.000000,0.000000,0.000000,1.000000,0.000000,1.000000,0.000000,0.070000,0.000000
1777189265.173304,0,0.000000,0.000000,0.000000,0.000000,1.000000,0.000000,1.000000,0.000000,0.000000,0.000000
1777189265.173837,0,0.000000,0.000000,0.000000,0.000000,1.000000,0.000000,1.000000,0.000000,0.000000,0.020000
1777189265.174277,0,0.000000,0.000000,0.000000,0.000000,1.000000,0.000000,1.000000,0.000000,0.000000,0.020000
1777189265.231188,0,0.000000,0.000000,0.000000,0.000000,1.000000,0.000000,1.000000,0.000000,0.070000,0.000000
1777189265.231705,0,0.000000,0.000000,0.000000,0.000000,1.000000,0.000000,1.000000,0.000000,0.070000,0.000000
1777189265.232258,0,0.000000,0.000000,0.000000,0.000000,1.000000,0.000000,1.000000,0.000000,0.070000,0.000000
1777189265.232661,0,0.000000,0.000000,0.000000,0.000000,1.000000,0.000000,1.000000,0.000000,0.000000,0.020000
1777189265.290256,0,0.000000,0.000000,0.000000,0.000000,1.000000,0.000000,1.000000,0.000000,0.000000,0.020000
1777189265.290884,0,0.000000,0.000000,0.000000,0.000000,1.000000,0.000000,1.000000,0.000000,0.000000,0.000000
1777189265.348094,0,0.000000,0.000000,0.000000,0.000000,1.000000,0.000000,1.000000,0.000000,0.000000,0.070000
1777189265.348613,0,0.000000,0.000000,0.000000,0.000000,1.000000,0.000000,1.000000,0.000000,0.070000,0.000000
1777189265.349044,0,0.000000,0.000000,0.000000,0.000000,1.000000,0.000000,1.000000,0.000000,0.000000,0.000000
1777189265.349645,0,0.000000,0.000000,0.000000,0.000000,1.000000,0.000000,1.000000,0.000000,0.070000,0.000000
1777189265.350087,0,0.000000,0.000000,0.000000,0.000000,1.000000,0.000000,1.000000,0.000000,0.000000,0.000000
1777189265.350497,0,0.000000,0.000000,0.000000,0.000000,1.000000,0.000000,1.000000,0.000000,0.000000,0.000000
1777189265.407411,0,0.000000,0.000000,0.000000,0.000000,1.000000,0.000000,1.000000,0.000000,0.000000,0.020000
1777189265.407931,0,0.000000,0.000000,0.000000,0.000000,1.000000,0.000000,1.000000,0.000000,0.000000,0.020000
1777189265.464955,0,0.000000,0.000000,0.000000,0.000000,1.000000,0.000000,1.000000,0.000000,0.070000,0.020000
1777189265.465678,0,0.000000,0.000000,0.000000,0.000000,1.000000,0.000000,1.000000,0.000000,0.070000,0.000000
1777189265.466141,0,0.000000,0.000000,0.000000,0.000000,1.000000,0.000000,1.000000,0.000000,0.000000,0.000000
1777189265.466552,0,0.000000,0.000000,0.000000,0.000000,1.000000,0.000000,1.000000,0.000000,0.070000,0.020000
1777189265.466954,0,0.000000,0.000000,0.000000,0.000000,1.000000,0.000000,1.000000,0.000000,0.000000,0.020000
1777189265.467376,0,0.000000,0.000000,0.000000,0.000000,1.000000,0.000000,1.000000,0.000000,0.070000,0.000000
1777189265.524353,0,0.000000,0.000000,0.000000,0.000000,1.000000,0.000000,0.150000,0.000000,0.000000,0.000000
1777189265.581773,0,0.000000,0.000000,0.000000,0.000000,1.000000,0.000000,0.410000,0.000000,0.000000,0.000000
1777189265.582311,0,0.000000,0.000000,0.000000,0.000000,1.000000,0.000000,0.680000,0.000000,0.070000,0.100000
1777189265.582712,0,0.000000,0.000000,0.000000,0.000000,1.000000,0.000000,0.930000,0.000000,0.070000,0.000000
1777189265.583089,0,0.000000,0.000000,0.000000,0.000000,1.000000,0.000000,1.000000,0.000000,0.000000,0.020000
1777189265.583461,0,0.000000,0.000000,0.000000,0.000000,1.000000,0.000000,1.000000,0.000000,0.000000,0.000000
1777189265.584086,0,0.000000,0.000000,0.000000,0.000000,1.000000,0.000000,1.000000,0.000000,0.070000,0.000000
1777189265.642182,0,0.000000,0.000000,0.000000,0.000000,1.000000,0.000000,1.000000,0.000000,0.000000,0.000000
1777189265.642964,0,0.000000,0.000000,0.000000,0.000000,1.000000,0.000000,1.000000,0.000000,0.070000,0.000000
1777189265.674087,0,0.000000,0.000000,0.000000,0.000000,1.000000,0.000000,1.000000,0.000000,0.000000,0.000000
1777189265.674590,0,0.000000,0.000000,0.000000,0.000000,1.000000,0.000000,0.070000,0.000000,0.070000,0.150000
1777189265.705243,0,0.000000,0.000000,0.000000,0.000000,1.000000,0.000000,0.340000,0.000000,0.000000,0.020000
1777189265.705770,0,0.000000,0.000000,0.000000,0.000000,1.000000,0.000000,0.000000,0.000000,0.070000,1.020000
1777189265.736340,0,0.000000,0.000000,0.000000,0.000000,1.000000,0.000000,0.370000,0.000000,0.000000,0.000000
1777189265.736859,0,0.000000,0.000000,0.000000,0.000000,1.000000,0.000000,0.740000,0.000000,0.000000,0.070000
1777189265.767990,0,0.000000,0.000000,0.000000,0.000000,1.000000,0.000000,1.000000,0.000000,0.000000,0.000000
1777189265.768513,0,0.000000,0.000000,0.000000,0.000000,1.000000,0.000000,1.000000,0.000000,0.000000,0.180000
1777189265.799880,0,0.000000,0.000000,0.000000,0.000000,1.000000,0.000000,1.000000,0.000000,0.000000,0.020000
1777189265.800396,0,0.000000,0.000000,0.000000,0.000000,1.000000,0.000000,1.000000,0.000000,0.000000,0.000000
1777189265.800966,0,0.000000,0.000000,0.000000,0.000000,1.000000,0.000000,1.000000,0.000000,0.000000,0.000000
1777189265.832194,0,0.000000,0.000000,0.000000,0.000000,1.000000,0.000000,1.000000,0.000000,0.000000,0.000000
1777189265.862705,0,0.000000,0.000000,0.000000,0.000000,1.000000,0.000000,1.000000,0.000000,0.070000,0.000000
1777189265.863206,0,0.000000,0.000000,0.000000,0.000000,1.000000,0.000000,0.180000,0.000000,0.000000,0.000000
1777189265.893710,0,0.000000,0.000000,0.000000,0.000000,1.000000,0.000000,0.510000,0.000000,0.070000,0.020000
1777189265.926850,0,0.000000,0.000000,0.000000,0.000000,1.000000,0.000000,0.890000,0.000000,0.000000,0.000000
1777189265.927579,0,0.000000,0.000000,0.000000,0.000000,1.000000,0.000000,1.000000,0.000000,0.000000,0.000000
1777189265.928202,0,0.000000,0.000000,0.000000,0.000000,1.000000,0.000000,1.000000,0.000000,0.070000,0.020000
1777189265.960915,0,0.000000,0.000000,0.000000,0.000000,1.000000,0.000000,1.000000,0.000000,0.000000,0.150000
1777189265.961509,0,0.000000,0.000000,0.000000,0.000000,1.000000,0.000000,1.000000,0.000000,0.000000,0.000000
1777189265.961940,0,0.000000,0.000000,0.000000,0.000000,1.000000,0.000000,1.000000,0.000000,0.070000,0.000000
1777189265.994240,0,0.000000,0.000000,0.000000,0.000000,1.000000,0.000000,1.000000,0.000000,0.000000,0.070000
1777189265.994749,0,0.000000,0.000000,0.000000,0.000000,1.000000,0.000000,1.000000,0.000000,0.000000,0.000000
1777189266.025647,0,0.000000,0.000000,0.000000,0.000000,1.000000,0.000000,0.000000,0.000000,0.000000,0.250000
1777189266.026156,0,0.000000,0.000000,0.000000,0.000000,1.000000,0.000000,0.370000,0.000000,0.000000,0.000000
1777189266.057523,0,0.000000,0.000000,0.000000,0.000000,1.000000,0.000000,0.720000,0.000000,0.070000,0.000000
1777189266.090084,0,0.000000,0.000000,0.000000,0.000000,1.000000,0.000000,1.000000,0.000000,0.070000,0.100000
1777189266.090674,0,0.000000,0.000000,0.000000,0.000000,1.000000,0.000000,1.000000,0.000000,0.000000,0.000000
1777189266.091092,0,0.000000,0.000000,0.000000,0.000000,1.000000,0.000000,1.000000,0.000000,0.070000,0.000000
1777189266.123480,0,0.000000,0.000000,0.000000,0.000000,1.000000,0.000000,1.000000,0.000000,0.070000,0.000000
1777189266.124091,0,0.000000,0.000000,0.000000,0.000000,1.000000,0.000000,1.000000,0.000000,0.000000,0.000000
1777189266.124540,0,0.000000,0.000000,0.000000,0.000000,1.000000,0.000000,1.000000,0.000000,0.070000,0.020000
1777189266.156223,0,0.000000,0.000000,0.000000,0.000000,1.000000,0.000000,1.000000,0.000000,0.000000,0.000000
1777189266.187433,0,0.000000,0.000000,0.000000,0.000000,1.000000,0.000000,1.000000,0.000000,0.000000,0.020000
1777189266.187943,0,0.000000,0.000000,0.000000,0.000000,1.000000,0.000000,1.000000,0.000000,0.070000,0.000000
1777189266.188336,0,0.000000,0.000000,0.000000,0.000000,1.000000,0.000000,0.050000,0.000000,0.000000,0.000000
1777189266.218740,0,0.000000,0.000000,0.000000,0.000000,1.000000,0.000000,0.400000,0.000000,0.000000,0.000000
1777189266.219280,0,0.000000,0.000000,0.000000,0.000000,1.000000,0.000000,0.140000,0.000000,0.070000,0.070000
1777189266.250360,0,0.000000,0.000000,0.000000,0.000000,1.000000,0.000000,0.510000,0.000000,0.070000,0.020000
1777189266.251091,0,0.000000,0.000000,0.000000,0.000000,1.000000,0.000000,0.890000,0.000000,0.000000,0.020000
1777189266.282487,0,0.000000,0.000000,0.000000,0.000000,1.000000,0.000000,1.000000,0.000000,0.000000,0.020000
1777189266.313702,0,0.000000,0.000000,0.000000,0.000000,1.000000,0.000000,1.000000,0.000000,0.210000,0.000000
1777189266.314272,0,0.000000,0.000000,0.000000,0.000000,1.000000,0.000000,0.010000,0.000000,0.070000,0.000000
1777189266.314709,0,0.000000,0.000000,0.000000,0.000000,1.000000,0.000000,0.340000,0.000000,0.000000,0.020000
1777189266.346700,0,0.000000,0.000000,0.000000,0.000000,1.000000,0.000000,0.660000,0.000000,0.000000,0.020000
1777189266.347220,0,0.000000,0.000000,0.000000,0.000000,1.000000,0.000000,0.970000,0.000000,0.140000,0.020000
1777189266.378259,0,0.000000,0.000000,0.000000,0.000000,1.000000,0.000000,1.000000,0.000000,0.000000,0.070000
1777189266.409207,0,0.000000,0.000000,0.000000,0.000000,1.000000,0.000000,1.000000,0.000000,0.070000,0.020000
1777189266.409710,0,0.000000,0.000000,0.000000,0.000000,1.000000,0.000000,0.030000,0.000000,0.070000,0.000000
1777189266.410110,0,0.000000,0.000000,0.000000,0.000000,1.000000,0.000000,0.280000,0.000000,0.000000,0.020000
1777189266.441772,0,0.000000,0.000000,0.000000,0.000000,1.000000,0.000000,0.510000,0.000000,0.000000,0.000000
1777189266.442322,0,0.000000,0.000000,0.000000,0.000000,1.000000,0.000000,0.740000,0.000000,0.000000,0.000000
1777189266.473317,0,0.000000,0.000000,0.000000,0.000000,0.050000,0.000000,0.950000,0.000000,0.070000,0.000000
1777189266.473816,0,0.000000,0.000000,0.000000,0.000000,0.200000,0.000000,0.070000,0.000000,0.070000,0.000000
1777189266.474208,0,0.000000,0.000000,0.000000,0.000000,0.360000,0.000000,0.020000,0.000000,0.000000,0.000000
1777189266.504598,0,0.000000,0.000000,0.000000,0.000000,0.510000,0.000000,0.280000,0.000000,0.000000,0.000000
1777189266.535930,0,0.000000,0.000000,0.000000,0.000000,0.670000,0.000000,0.510000,0.000000,0.000000,0.000000
1777189266.536432,0,0.000000,0.000000,0.000000,0.000000,0.820000,0.000000,0.800000,0.000000,0.070000,0.000000
1777189266.568686,0,0.000000,0.000000,0.000000,0.000000,0.980000,0.000000,1.000000,0.000000,0.070000,0.000000
1777189266.569214,0,0.000000,0.000000,0.000000,0.000000,1.000000,0.000000,1.000000,0.000000,0.070000,0.020000
1777189266.600854,0,0.000000,0.000000,0.000000,0.000000,1.000000,0.000000,1.000000,0.000000,0.070000,0.000000
1777189266.601391,0,0.000000,0.000000,0.000000,0.000000,1.000000,0.000000,1.000000,0.000000,0.070000,0.000000
1777189266.601790,0,0.000000,0.000000,0.000000,0.000000,1.000000,0.000000,1.000000,0.000000,0.000000,0.020000
1777189266.632410,0,0.000000,0.000000,0.000000,0.000000,1.000000,0.000000,1.000000,0.000000,0.140000,0.020000
1777189266.633093,0,0.000000,0.000000,0.000000,0.000000,1.000000,0.000000,1.000000,0.000000,0.070000,0.000000
1777189266.664159,0,0.000000,0.000000,0.000000,0.000000,1.000000,0.000000,1.000000,0.000000,0.000000,0.000000
1777189266.696623,0,0.000000,0.000000,0.000000,0.000000,1.000000,0.000000,1.000000,0.000000,0.000000,0.070000
1777189266.697139,0,0.000000,0.000000,0.000000,0.000000,1.000000,0.000000,1.000000,0.000000,0.140000,0.000000
1777189266.697537,0,0.000000,0.000000,0.000000,0.000000,1.000000,0.000000,1.000000,0.000000,0.000000,0.150000
1777189266.728065,0,0.000000,0.000000,0.000000,0.000000,1.000000,0.000000,1.000000,0.000000,0.000000,0.000000
1777189266.728563,0,0.000000,0.000000,0.000000,0.000000,1.000000,0.000000,1.000000,0.000000,0.000000,0.070000
1777189266.760178,0,0.000000,0.000000,0.000000,0.000000,1.000000,0.000000,1.000000,0.000000,0.000000,0.020000
1777189266.760691,0,0.000000,0.000000,0.000000,0.000000,1.000000,0.000000,1.000000,0.000000,0.070000,0.000000
1777189266.792000,0,0.000000,0.000000,0.000000,0.000000,1.000000,0.000000,1.000000,0.000000,0.000000,0.020000
1777189266.792521,0,0.000000,0.000000,0.000000,0.000000,1.000000,0.000000,1.000000,0.000000,0.000000,0.020000
1777189266.823841,0,0.000000,0.000000,0.000000,0.000000,1.000000,0.000000,1.000000,0.000000,0.140000,0.000000
1777189266.824342,0,0.000000,0.000000,0.000000,0.000000,1.000000,0.000000,1.000000,0.000000,0.210000,0.000000
1777189266.824733,0,0.000000,0.000000,0.000000,0.000000,1.000000,0.000000,1.000000,0.000000,0.000000,0.000000
1777189266.855750,0,0.000000,0.000000,0.000000,0.000000,1.000000,0.000000,1.000000,0.000000,0.000000,0.000000
1777189266.856277,0,0.000000,0.000000,0.000000,0.000000,1.000000,0.000000,1.000000,0.000000,0.000000,0.000000
1777189266.887087,0,0.000000,0.000000,0.000000,0.000000,1.000000,0.000000,1.000000,0.000000,0.070000,0.000000
1777189266.887770,0,0.000000,0.000000,0.000000,0.000000,1.000000,0.000000,1.000000,0.000000,0.000000,0.180000
1777189266.918325,0,0.000000,0.000000,0.000000,0.000000,1.000000,0.000000,1.000000,0.000000,0.000000,0.070000
1777189266.918855,0,0.000000,0.000000,0.000000,0.000000,1.000000,0.000000,1.000000,0.000000,0.000000,0.000000
1777189266.955693,0,0.000000,0.000000,0.000000,0.000000,1.000000,0.000000,1.000000,0.000000,0.140000,0.000000
1777189266.989382,0,0.000000,0.000000,0.000000,0.000000,1.000000,0.000000,1.000000,0.000000,0.000000,0.000000
1777189266.989899,0,0.000000,0.000000,0.000000,0.000000,1.000000,0.000000,1.000000,0.000000,0.000000,0.000000
1777189266.990292,0,0.000000,0.000000,0.000000,0.000000,1.000000,0.000000,1.000000,0.000000,0.000000,0.020000
1777189267.020368,0,0.000000,0.000000,0.000000,0.000000,1.000000,0.000000,1.000000,0.000000,0.000000,0.020000
1777189267.020881,0,0.000000,0.000000,0.000000,0.000000,1.000000,0.000000,1.000000,0.000000,0.000000,0.000000
1777189267.052128,0,0.000000,0.000000,0.000000,0.000000,1.000000,0.000000,1.000000,0.000000,0.070000,0.070000
1777189267.052636,0,0.000000,0.000000,0.000000,0.000000,1.000000,0.000000,1.000000,0.000000,0.070000,0.000000
1777189267.084115,0,0.000000,0.000000,0.000000,0.000000,1.000000,0.000000,1.000000,0.000000,0.000000,0.020000
1777189267.084669,0,0.000000,0.000000,0.000000,0.000000,1.000000,0.000000,1.000000,0.000000,0.000000,0.000000
1777189267.117087,0,0.000000,0.000000,0.000000,0.000000,1.000000,0.000000,1.000000,0.000000,0.000000,0.000000
1777189267.117602,0,0.000000,0.000000,0.000000,0.000000,1.000000,0.000000,1.000000,0.000000,0.070000,0.150000
1777189267.117998,0,0.000000,0.000000,0.000000,0.000000,1.000000,0.000000,1.000000,0.000000,0.000000,0.020000
1777189267.149486,0,0.000000,0.000000,0.000000,0.000000,1.000000,0.000000,1.000000,0.000000,0.070000,0.100000
1777189267.181081,0,0.000000,0.000000,0.000000,0.000000,1.000000,0.000000,1.000000,0.000000,0.070000,0.070000
1777189267.212514,0,0.000000,0.000000,0.000000,0.000000,1.000000,0.000000,1.000000,0.000000,0.070000,0.000000
1777189267.213011,0,0.000000,0.000000,0.000000,0.000000,1.000000,0.000000,1.000000,0.000000,0.000000,0.000000
1777189267.213403,0,0.000000,0.000000,0.000000,0.000000,1.000000,0.000000,0.100000,0.000000,0.070000,0.000000
1777189267.244486,0,0.000000,0.000000,0.000000,0.000000,1.000000,0.000000,0.370000,0.000000,0.070000,0.150000
1777189267.245014,0,0.000000,0.000000,0.000000,0.000000,1.000000,0.000000,0.610000,0.000000,0.070000,0.000000
1777189267.245414,0,0.000000,0.000000,0.000000,0.000000,1.000000,0.000000,0.860000,0.000000,0.000000,0.020000
1777189267.276022,0,0.000000,0.000000,0.000000,0.000000,1.000000,0.000000,1.000000,0.000000,0.000000,0.020000
1777189267.306554,0,0.000000,0.000000,0.000000,0.000000,1.000000,0.000000,1.000000,0.000000,0.000000,0.020000
1777189267.307056,0,0.000000,0.000000,0.000000,0.000000,1.000000,0.000000,1.000000,0.000000,0.070000,0.020000
1777189267.307606,0,0.000000,0.000000,0.000000,0.000000,1.000000,0.000000,1.000000,0.000000,0.000000,0.000000
1777189267.338345,0,0.000000,0.000000,0.000000,0.000000,1.000000,0.000000,1.000000,0.000000,0.070000,0.000000
1777189267.396919,0,0.000000,0.000000,0.000000,0.000000,1.000000,0.000000,1.000000,0.000000,0.000000,0.000000
1777189267.397439,0,0.000000,0.000000,0.000000,0.000000,1.000000,0.000000,1.000000,0.000000,0.000000,0.070000
1777189267.397843,0,0.000000,0.000000,0.000000,0.000000,1.000000,0.000000,1.000000,0.000000,0.000000,0.000000
1777189267.398282,0,0.000000,0.000000,0.000000,0.000000,1.000000,0.000000,1.000000,0.000000,0.000000,0.000000
1777189267.398681,0,0.000000,0.000000,0.000000,0.000000,1.000000,0.000000,1.000000,0.000000,0.070000,0.020000
1777189267.399192,0,0.000000,0.000000,0.000000,0.000000,1.000000,0.000000,1.000000,0.000000,0.000000,0.020000
1777189267.456692,0,0.000000,0.000000,0.000000,0.000000,1.000000,0.000000,1.000000,0.000000,0.210000,0.000000
1777189267.457225,0,0.000000,0.000000,0.000000,0.000000,1.000000,0.000000,1.000000,0.000000,0.000000,0.070000
1777189267.457630,0,0.000000,0.000000,0.000000,0.000000,1.000000,0.000000,1.000000,0.000000,0.000000,0.000000
1777189267.458213,0,0.000000,0.000000,0.000000,0.000000,1.000000,0.000000,1.000000,0.000000,0.070000,0.150000
1777189267.458643,0,0.000000,0.000000,0.000000,0.000000,1.000000,0.000000,1.000000,0.000000,0.000000,0.020000
1777189267.515540,0,0.000000,0.000000,0.000000,0.000000,1.000000,0.000000,0.100000,0.000000,0.000000,0.020000
1777189267.516219,0,0.000000,0.000000,0.000000,0.000000,1.000000,0.000000,0.340000,0.000000,0.000000,0.000000
1777189267.516632,0,0.000000,0.000000,0.000000,0.000000,1.000000,0.000000,0.030000,0.000000,0.210000,0.000000
1777189267.517017,0,0.000000,0.000000,0.000000,0.000000,1.000000,0.000000,0.400000,0.000000,0.000000,0.000000
1777189267.573121,0,0.000000,0.000000,0.000000,0.000000,1.000000,0.000000,0.750000,0.000000,0.070000,0.070000
1777189267.573643,0,0.000000,0.000000,0.000000,0.000000,1.000000,0.000000,1.000000,0.000000,0.000000,0.020000
1777189267.574411,0,0.000000,0.000000,0.000000,0.000000,1.000000,0.000000,1.000000,0.000000,0.000000,0.000000
1777189267.574898,0,0.000000,0.000000,0.000000,0.000000,0.090000,0.000000,1.000000,0.000000,0.000000,0.180000
1777189267.632171,0,0.000000,0.000000,0.000000,0.000000,0.070000,0.000000,1.000000,0.000000,0.000000,0.020000
1777189267.632704,0,0.000000,0.000000,0.000000,0.000000,0.210000,0.000000,0.090000,0.000000,0.070000,0.000000
1777189267.633300,0,0.000000,0.000000,0.000000,0.000000,0.380000,0.000000,0.400000,0.000000,0.000000,0.000000
1777189267.690320,0,0.000000,0.000000,0.000000,0.000000,0.540000,0.000000,0.680000,0.000000,0.000000,0.020000
1777189267.690842,0,0.000000,0.000000,0.000000,0.000000,0.700000,0.000000,0.980000,0.000000,0.000000,0.020000
1777189267.691389,0,0.000000,0.000000,0.000000,0.000000,0.850000,0.000000,1.000000,0.000000,0.000000,0.000000
1777189267.691787,0,0.000000,0.000000,0.000000,0.000000,1.000000,0.000000,1.000000,0.000000,0.070000,0.020000
1777189267.748585,0,0.000000,0.000000,0.000000,0.000000,1.000000,0.000000,0.090000,0.000000,0.000000,0.000000
1777189267.749282,0,0.000000,0.000000,0.000000,0.000000,1.000000,0.000000,0.300000,0.000000,0.000000,0.000000
1777189267.749711,0,0.000000,0.000000,0.000000,0.000000,1.000000,0.000000,0.490000,0.000000,0.000000,0.000000
1777189267.750226,0,0.000000,0.000000,0.000000,0.000000,1.000000,0.000000,0.690000,0.000000,0.070000,0.000000
1777189267.780155,0,0.000000,0.000000,0.000000,0.000000,1.000000,0.000000,0.890000,0.000000,0.070000,0.020000
1777189267.810648,0,0.000000,0.000000,0.000000,0.000000,1.000000,0.000000,1.000000,0.000000,0.000000,0.000000
1777189267.869035,0,0.000000,0.000000,0.000000,0.000000,1.000000,0.000000,1.000000,0.000000,0.070000,0.000000
1777189267.869565,0,0.000000,0.000000,0.000000,0.000000,1.000000,0.000000,1.000000,0.000000,0.070000,0.000000
1777189267.869973,0,0.000000,0.000000,0.000000,0.000000,1.000000,0.000000,1.000000,0.000000,0.000000,0.020000
1777189267.870353,0,0.000000,0.000000,0.000000,0.000000,1.000000,0.000000,1.000000,0.000000,0.140000,0.000000
1777189267.870796,0,0.000000,0.000000,0.000000,0.000000,1.000000,0.000000,0.000000,0.000000,0.070000,0.000000
1777189267.871225,0,0.000000,0.000000,0.000000,0.000000,1.000000,0.000000,0.140000,0.000000,0.070000,0.020000
1777189267.928054,0,0.000000,0.000000,0.000000,0.000000,1.000000,0.000000,0.270000,0.000000,0.000000,0.070000
1777189267.928598,0,0.000000,0.000000,0.000000,0.000000,1.000000,0.000000,0.000000,0.000000,0.070000,0.560000
1777189267.929033,0,0.000000,0.000000,0.000000,0.000000,1.000000,0.000000,0.150000,0.000000,0.070000,0.020000
1777189267.929617,0,0.000000,0.000000,0.000000,0.000000,1.000000,0.000000,0.310000,0.000000,0.070000,0.000000
1777189267.960767,0,0.000000,0.000000,0.000000,0.000000,1.000000,0.000000,0.470000,0.000000,0.070000,0.020000
1777189267.993442,0,0.000000,0.000000,0.000000,0.000000,1.000000,0.000000,0.630000,0.000000,0.000000,0.000000
1777189268.024031,0,0.000000,0.000000,0.000000,0.000000,1.000000,0.000000,0.800000,0.000000,0.070000,0.150000
1777189268.024548,0,0.000000,0.000000,0.000000,0.000000,1.000000,0.000000,0.070000,0.000000,0.070000,0.000000
1777189268.055730,0,0.000000,0.000000,0.000000,0.000000,1.000000,0.000000,0.230000,0.000000,0.070000,0.000000
1777189268.056306,0,0.000000,0.000000,0.000000,0.000000,1.000000,0.000000,0.400000,0.000000,0.000000,0.020000
1777189268.087592,0,0.000000,0.000000,0.000000,0.000000,1.000000,0.000000,0.000000,0.000000,0.000000,0.250000
1777189268.088280,0,0.000000,0.000000,0.000000,0.000000,1.000000,0.000000,0.250000,0.000000,0.070000,0.150000
1777189268.088977,0,0.000000,0.000000,0.000000,0.000000,1.000000,0.000000,0.500000,0.000000,0.000000,0.020000
1777189268.120187,0,0.000000,0.000000,0.000000,0.000000,1.000000,0.000000,0.760000,0.000000,0.000000,0.020000
1777189268.120711,0,0.000000,0.000000,0.000000,0.000000,1.000000,0.000000,1.000000,0.000000,0.070000,0.000000
1777189268.152359,0,0.000000,0.000000,0.000000,0.000000,1.000000,0.000000,1.000000,0.000000,0.000000,0.020000
1777189268.183050,0,0.000000,0.000000,0.000000,0.000000,1.000000,0.000000,0.050000,0.000000,0.000000,0.000000
1777189268.183580,0,0.000000,0.000000,0.000000,0.000000,1.000000,0.000000,0.230000,0.000000,0.000000,0.070000
1777189268.183973,0,0.000000,0.000000,0.000000,0.000000,0.100000,0.000000,0.430000,0.000000,0.070000,0.000000
1777189268.215077,0,0.000000,0.000000,0.000000,0.000000,0.250000,0.000000,0.630000,0.000000,0.000000,0.000000
1777189268.215962,0,0.000000,0.000000,0.000000,0.000000,0.430000,0.000000,0.830000,0.000000,0.000000,0.020000
1777189268.246986,0,0.000000,0.000000,0.000000,0.000000,0.560000,0.000000,1.000000,0.000000,0.000000,0.070000
1777189268.247625,0,0.000000,0.000000,0.000000,0.000000,0.740000,0.000000,1.000000,0.000000,0.000000,0.000000
1777189268.278759,0,0.000000,0.000000,0.000000,0.000000,0.870000,0.000000,1.000000,0.000000,0.070000,0.000000
1777189268.309264,0,0.000000,0.000000,0.000000,0.000000,1.000000,0.000000,0.000000,0.000000,0.000000,0.020000
1777189268.309772,0,0.000000,0.000000,0.000000,0.000000,1.000000,0.000000,0.180000,0.000000,0.000000,0.000000
1777189268.341546,0,0.000000,0.000000,0.000000,0.000000,1.000000,0.000000,0.360000,0.000000,0.000000,0.000000
1777189268.342053,0,0.000000,0.000000,0.000000,0.000000,1.000000,0.000000,0.070000,0.000000,0.070000,0.000000
1777189268.372893,0,0.000000,0.000000,0.000000,0.000000,1.000000,0.000000,0.270000,0.000000,0.000000,0.000000
1777189268.373660,0,0.000000,0.000000,0.000000,0.000000,0.000000,0.000000,0.440000,0.000000,0.070000,0.020000
1777189268.374202,0,0.000000,0.000000,0.000000,0.000000,0.120000,0.000000,0.620000,0.000000,0.070000,0.180000
1777189268.405341,0,0.000000,0.000000,0.000000,0.000000,0.250000,0.000000,0.800000,0.000000,0.000000,0.000000
1777189268.405998,0,0.000000,0.000000,0.000000,0.000000,0.370000,0.000000,0.980000,0.000000,0.070000,0.000000
1777189268.437398,0,0.000000,0.000000,0.000000,0.000000,0.470000,0.000000,0.090000,0.000000,0.070000,0.020000
1777189268.437922,0,0.000000,0.000000,0.000000,0.000000,0.570000,0.000000,0.250000,0.000000,0.070000,0.000000
1777189268.468437,0,0.000000,0.000000,0.000000,0.000000,0.720000,0.000000,0.440000,0.000000,0.070000,0.020000
1777189268.468938,0,0.000000,0.000000,0.000000,0.000000,0.850000,0.000000,0.630000,0.000000,0.000000,0.020000
1777189268.500139,0,0.000000,0.000000,0.000000,0.000000,0.970000,0.000000,0.820000,0.000000,0.140000,0.020000
1777189268.531164,0,0.000000,0.000000,0.000000,0.000000,1.000000,0.000000,1.000000,0.000000,0.000000,0.000000
1777189268.531717,0,0.000000,0.000000,0.000000,0.000000,1.000000,0.000000,1.000000,0.000000,0.070000,0.000000
1777189268.532123,0,0.000000,0.000000,0.000000,0.000000,1.000000,0.000000,1.000000,0.000000,0.070000,0.000000
1777189268.564158,0,0.000000,0.000000,0.000000,0.000000,1.000000,0.000000,1.000000,0.000000,0.000000,0.000000
1777189268.564685,0,0.000000,0.000000,0.000000,0.000000,1.000000,0.000000,1.000000,0.000000,0.070000,0.000000
1777189268.595480,0,0.000000,0.000000,0.000000,0.000000,1.000000,0.000000,1.000000,0.000000,0.000000,0.000000
1777189268.595978,0,0.000000,0.000000,0.000000,0.000000,1.000000,0.000000,1.000000,0.000000,0.140000,0.000000
1777189268.627569,0,0.000000,0.000000,0.000000,0.000000,1.000000,0.000000,1.000000,0.000000,0.000000,0.000000
1777189268.628284,0,0.000000,0.000000,0.000000,0.000000,1.000000,0.000000,1.000000,0.000000,0.000000,0.000000
1777189268.628727,0,0.000000,0.000000,0.000000,0.000000,1.000000,0.000000,1.000000,0.000000,0.000000,0.000000
1777189268.661479,0,0.000000,0.000000,0.000000,0.000000,1.000000,0.000000,1.000000,0.000000,0.000000,0.000000
1777189268.691909,0,0.000000,0.000000,0.000000,0.000000,1.000000,0.000000,1.000000,0.000000,0.000000,0.000000
1777189268.692411,0,0.000000,0.000000,0.000000,0.000000,1.000000,0.000000,1.000000,0.000000,0.000000,0.000000
1777189268.692802,0,0.000000,0.000000,0.000000,0.000000,1.000000,0.000000,0.000000,0.000000,0.000000,0.940000
1777189268.750471,0,0.000000,0.000000,0.000000,0.000000,1.000000,0.000000,0.170000,0.000000,0.070000,0.000000
1777189268.751166,0,0.000000,0.000000,0.000000,0.000000,1.000000,0.000000,0.340000,0.000000,0.000000,0.020000
1777189268.751635,0,0.000000,0.000000,0.000000,0.000000,1.000000,0.000000,0.540000,0.000000,0.000000,0.000000
1777189268.752026,0,0.000000,0.000000,0.000000,0.000000,1.000000,0.000000,0.720000,0.000000,0.000000,0.020000
1777189268.808886,0,0.000000,0.000000,0.000000,0.000000,1.000000,0.000000,0.910000,0.000000,0.140000,0.000000
1777189268.809423,0,0.000000,0.000000,0.000000,0.000000,1.000000,0.000000,1.000000,0.000000,0.000000,0.020000
1777189268.809826,0,0.000000,0.000000,0.000000,0.000000,1.000000,0.000000,1.000000,0.000000,0.070000,0.000000
1777189268.810360,0,0.000000,0.000000,0.000000,0.000000,1.000000,0.000000,1.000000,0.000000,0.000000,0.000000
1777189268.867001,0,0.000000,0.000000,0.000000,0.000000,1.000000,0.000000,1.000000,0.000000,0.000000,0.020000
1777189268.867522,0,0.000000,0.000000,0.000000,0.000000,1.000000,0.000000,1.000000,0.000000,0.070000,0.000000
1777189268.867933,0,0.000000,0.000000,0.000000,0.000000,0.070000,0.000000,1.000000,0.000000,0.000000,0.000000
1777189268.868502,0,0.000000,0.000000,0.000000,0.000000,0.180000,0.000000,1.000000,0.000000,0.140000,0.020000
1777189268.925183,0,0.000000,0.000000,0.000000,0.000000,0.310000,0.000000,1.000000,0.000000,0.070000,0.020000
1777189268.925711,0,0.000000,0.000000,0.000000,0.000000,0.430000,0.000000,1.000000,0.000000,0.000000,0.000000
1777189268.926123,0,0.000000,0.000000,0.000000,0.000000,0.550000,0.000000,1.000000,0.000000,0.000000,0.000000
1777189268.958870,0,0.000000,0.000000,0.000000,0.000000,0.660000,0.000000,1.000000,0.000000,0.070000,0.070000
1777189268.993201,0,0.000000,0.000000,0.000000,0.000000,0.770000,0.000000,1.000000,0.000000,0.070000,0.000000
1777189268.993708,0,0.000000,0.000000,0.000000,0.000000,0.910000,0.000000,1.000000,0.000000,0.000000,0.000000
1777189269.025009,0,0.000000,0.000000,0.000000,0.000000,1.000000,0.000000,1.000000,0.000000,0.070000,0.000000
1777189269.025719,0,0.000000,0.000000,0.000000,0.000000,1.000000,0.000000,1.000000,0.000000,0.070000,0.000000
1777189269.026287,0,0.000000,0.000000,0.000000,0.000000,1.000000,0.000000,1.000000,0.000000,0.000000,0.000000
1777189269.057547,0,0.000000,0.000000,0.000000,0.000000,1.000000,0.000000,1.000000,0.000000,0.070000,0.000000
1777189269.089387,0,0.000000,0.000000,0.000000,0.000000,1.000000,0.000000,1.000000,0.000000,0.210000,0.000000
1777189269.089978,0,0.000000,0.000000,0.000000,0.000000,1.000000,0.000000,1.000000,0.000000,0.070000,0.000000
1777189269.090399,0,0.000000,0.000000,0.000000,0.000000,1.000000,0.000000,1.000000,0.000000,0.070000,0.100000
1777189269.121570,0,0.000000,0.000000,0.000000,0.000000,1.000000,0.000000,1.000000,0.000000,0.070000,0.020000
1777189269.122191,0,0.000000,0.000000,0.000000,0.000000,1.000000,0.000000,1.000000,0.000000,0.000000,0.000000
1777189269.153344,0,0.000000,0.000000,0.000000,0.000000,1.000000,0.000000,0.100000,0.000000,0.000000,0.000000
1777189269.153939,0,0.000000,0.000000,0.000000,0.000000,1.000000,0.000000,0.280000,0.000000,0.070000,0.000000
1777189269.184643,0,0.000000,0.000000,0.000000,0.000000,1.000000,0.000000,0.460000,0.000000,0.000000,0.000000
1777189269.185154,0,0.000000,0.000000,0.000000,0.000000,0.020000,0.000000,0.630000,0.000000,0.070000,0.020000
1777189269.215591,0,0.000000,0.000000,0.000000,0.000000,0.150000,0.000000,0.810000,0.000000,0.000000,0.070000
1777189269.216107,0,0.000000,0.000000,0.000000,0.000000,0.250000,0.000000,0.980000,0.000000,0.070000,0.000000
1777189269.248149,0,0.000000,0.000000,0.000000,0.000000,0.370000,0.000000,1.000000,0.000000,0.000000,0.000000
1777189269.279466,0,0.000000,0.000000,0.000000,0.000000,0.500000,0.000000,1.000000,0.000000,0.000000,0.100000
1777189269.279963,0,0.000000,0.000000,0.000000,0.000000,0.620000,0.000000,1.000000,0.000000,0.000000,0.020000
1777189269.280357,0,0.000000,0.000000,0.000000,0.000000,0.750000,0.000000,1.000000,0.000000,0.140000,0.000000
1777189269.280880,0,0.000000,0.000000,0.000000,0.000000,0.860000,0.000000,1.000000,0.000000,0.070000,0.000000
1777189269.312031,0,0.000000,0.000000,0.000000,0.000000,0.980000,0.000000,1.000000,0.000000,0.000000,0.000000
1777189269.343468,0,0.000000,0.000000,0.000000,0.000000,1.000000,0.000000,1.000000,0.000000,0.000000,0.000000
1777189269.343987,0,0.000000,0.000000,0.000000,0.000000,1.000000,0.000000,1.000000,0.000000,0.070000,0.000000
1777189269.344398,0,0.000000,0.000000,0.000000,0.000000,1.000000,0.000000,1.000000,0.000000,0.000000,0.100000
1777189269.375509,0,0.000000,0.000000,0.000000,0.000000,1.000000,0.000000,0.100000,0.000000,0.070000,0.000000
1777189269.376003,0,0.000000,0.000000,0.000000,0.000000,1.000000,0.000000,0.270000,0.000000,0.000000,0.020000
1777189269.407232,0,0.000000,0.000000,0.000000,0.000000,1.000000,0.000000,0.440000,0.000000,0.070000,0.000000
1777189269.407893,0,0.000000,0.000000,0.000000,0.000000,1.000000,0.000000,0.630000,0.000000,0.000000,0.000000
1777189269.438939,0,0.000000,0.000000,0.000000,0.000000,1.000000,0.000000,0.050000,0.000000,0.070000,0.000000
1777189269.469507,0,0.000000,0.000000,0.000000,0.000000,1.000000,0.000000,0.310000,0.000000,0.000000,0.020000
1777189269.470008,0,0.000000,0.000000,0.000000,0.000000,1.000000,0.000000,0.550000,0.000000,0.070000,0.000000
1777189269.470403,0,0.000000,0.000000,0.000000,0.000000,0.050000,0.000000,0.790000,0.000000,0.000000,0.020000
1777189269.501731,0,0.000000,0.000000,0.000000,0.000000,0.120000,0.000000,0.050000,0.000000,0.070000,0.000000
1777189269.502262,0,0.000000,0.000000,0.000000,0.000000,0.200000,0.000000,0.270000,0.000000,0.070000,0.000000
1777189269.533937,0,0.000000,0.000000,0.000000,0.000000,0.000000,0.000000,0.000000,0.000000,0.000000,0.410000
1777189269.534434,0,0.000000,0.000000,0.000000,0.000000,0.090000,0.000000,0.280000,0.000000,0.070000,0.000000
1777189269.565810,0,0.000000,0.000000,0.000000,0.000000,0.180000,0.000000,0.560000,0.000000,0.000000,0.020000
1777189269.566308,0,0.000000,0.000000,0.000000,0.000000,0.270000,0.000000,0.860000,0.000000,0.070000,0.000000
1777189269.566856,0,0.000000,0.000000,0.000000,0.000000,0.360000,0.000000,1.000000,0.000000,0.070000,0.020000
1777189269.597638,0,0.000000,0.000000,0.000000,0.000000,0.440000,0.000000,1.000000,0.000000,0.000000,0.000000
1777189269.598145,0,0.000000,0.000000,0.000000,0.000000,0.540000,0.000000,1.000000,0.000000,0.000000,0.000000
1777189269.628998,0,0.000000,0.000000,0.000000,0.000000,0.620000,0.000000,1.000000,0.000000,0.070000,0.020000
1777189269.629577,0,0.000000,0.000000,0.000000,0.000000,0.700000,0.000000,1.000000,0.000000,0.140000,0.000000
1777189269.660568,0,0.000000,0.000000,0.000000,0.000000,0.810000,0.000000,1.000000,0.000000,0.000000,0.000000
1777189269.691857,0,0.000000,0.000000,0.000000,0.000000,0.890000,0.000000,1.000000,0.000000,0.070000,0.000000
1777189269.692540,0,0.000000,0.000000,0.000000,0.000000,0.990000,0.000000,1.000000,0.000000,0.070000,0.020000
1777189269.723155,0,0.000000,0.000000,0.000000,0.000000,1.000000,0.000000,1.000000,0.000000,0.070000,0.000000
1777189269.723661,0,0.000000,0.000000,0.000000,0.000000,1.000000,0.000000,1.000000,0.000000,0.000000,0.020000
1777189269.724058,0,0.000000,0.000000,0.000000,0.000000,1.000000,0.000000,1.000000,0.000000,0.000000,0.000000
1777189269.755318,0,0.000000,0.000000,0.000000,0.000000,1.000000,0.000000,1.000000,0.000000,0.000000,0.020000
1777189269.755841,0,0.000000,0.000000,0.000000,0.000000,0.010000,0.000000,1.000000,0.000000,0.000000,0.000000
1777189269.786780,0,0.000000,0.000000,0.000000,0.000000,0.090000,0.000000,1.000000,0.000000,0.000000,0.020000
1777189269.787306,0,0.000000,0.000000,0.000000,0.000000,0.170000,0.000000,1.000000,0.000000,0.070000,0.000000
1777189269.818399,0,0.000000,0.000000,0.000000,0.000000,0.250000,0.000000,1.000000,0.000000,0.070000,0.000000
1777189269.818908,0,0.000000,0.000000,0.000000,0.000000,0.310000,0.000000,0.170000,0.000000,0.070000,0.020000
1777189269.850044,0,0.000000,0.000000,0.000000,0.000000,0.400000,0.000000,0.470000,0.000000,0.140000,0.000000
1777189269.850558,0,0.000000,0.000000,0.000000,0.000000,0.470000,0.000000,0.750000,0.000000,0.070000,0.020000
1777189269.881107,0,0.000000,0.000000,0.000000,0.000000,0.560000,0.000000,1.000000,0.000000,0.000000,0.000000
1777189269.881792,0,0.000000,0.000000,0.000000,0.000000,0.640000,0.000000,1.000000,0.000000,0.070000,0.020000
1777189269.912684,0,0.000000,0.000000,0.000000,0.000000,0.720000,0.000000,1.000000,0.000000,0.000000,0.000000
1777189269.913211,0,0.000000,0.000000,0.000000,0.000000,0.790000,0.000000,1.000000,0.000000,0.000000,0.020000
1777189269.913703,0,0.000000,0.000000,0.000000,0.000000,0.870000,0.000000,1.000000,0.000000,0.000000,0.000000
1777189269.948163,0,0.000000,0.000000,0.000000,0.000000,0.940000,0.000000,1.000000,0.000000,0.000000,0.000000
1777189269.983135,0,0.000000,0.000000,0.000000,0.000000,1.000000,0.000000,1.000000,0.000000,0.140000,0.000000
1777189269.983667,0,0.000000,0.000000,0.000000,0.000000,1.000000,0.000000,1.000000,0.000000,0.000000,0.000000
1777189269.984090,0,0.000000,0.000000,0.000000,0.000000,1.000000,0.000000,1.000000,0.000000,0.070000,0.000000
1777189270.016812,0,0.000000,0.000000,0.000000,0.000000,1.000000,0.000000,1.000000,0.000000,0.000000,0.070000
1777189270.017593,0,0.000000,0.000000,0.000000,0.000000,1.000000,0.000000,1.000000,0.000000,0.000000,0.000000
1777189270.049457,0,0.000000,0.000000,0.000000,0.000000,1.000000,0.000000,0.120000,0.000000,0.000000,0.020000
1777189270.049953,0,0.000000,0.000000,0.000000,0.000000,1.000000,0.000000,0.410000,0.000000,0.000000,0.020000
1777189270.080719,0,0.000000,0.000000,0.000000,0.000000,1.000000,0.000000,0.730000,0.000000,0.000000,0.000000
1777189270.081262,0,0.000000,0.000000,0.000000,0.000000,0.020000,0.000000,1.000000,0.000000,0.000000,0.000000
1777189270.111595,0,0.000000,0.000000,0.000000,0.000000,0.100000,0.000000,1.000000,0.000000,0.070000,0.000000
1777189270.112330,0,0.000000,0.000000,0.000000,0.000000,0.180000,0.000000,1.000000,0.000000,0.000000,0.000000
1777189270.113020,0,0.000000,0.000000,0.000000,0.000000,0.250000,0.000000,1.000000,0.000000,0.070000,0.000000
1777189270.143754,0,0.000000,0.000000,0.000000,0.000000,0.340000,0.000000,1.000000,0.000000,0.000000,0.000000
1777189270.144274,0,0.000000,0.000000,0.000000,0.000000,0.400000,0.000000,1.000000,0.000000,0.070000,0.000000
1777189270.203507,0,0.000000,0.000000,0.000000,0.000000,0.490000,0.000000,1.000000,0.000000,0.000000,0.000000
1777189270.204034,0,0.000000,0.000000,0.000000,0.000000,0.560000,0.000000,1.000000,0.000000,0.000000,0.020000
1777189270.204437,0,0.000000,0.000000,0.000000,0.000000,0.630000,0.000000,1.000000,0.000000,0.070000,0.100000
1777189270.204864,0,0.000000,0.000000,0.000000,0.000000,0.720000,0.000000,1.000000,0.000000,0.000000,0.000000
1777189270.205462,0,0.000000,0.000000,0.000000,0.000000,0.800000,0.000000,1.000000,0.000000,0.000000,0.000000
1777189270.205931,0,0.000000,0.000000,0.000000,0.000000,0.870000,0.000000,1.000000,0.000000,0.070000,0.000000
1777189270.263499,0,0.000000,0.000000,0.000000,0.000000,0.940000,0.000000,0.120000,0.000000,0.070000,0.000000
1777189270.264204,0,0.000000,0.000000,0.000000,0.000000,1.000000,0.000000,0.500000,0.000000,0.000000,0.000000
1777189270.264625,0,0.000000,0.000000,0.000000,0.000000,1.000000,0.000000,1.000000,0.000000,0.070000,0.000000
1777189270.265008,0,0.000000,0.000000,0.000000,0.000000,1.000000,0.000000,1.000000,0.000000,0.000000,0.000000
1777189270.322181,0,0.000000,0.000000,0.000000,0.000000,1.000000,0.000000,0.300000,0.000000,0.000000,0.000000
1777189270.322921,0,0.000000,0.000000,0.000000,0.000000,1.000000,0.000000,1.000000,0.000000,0.000000,0.000000
1777189270.323535,0,0.000000,0.000000,0.000000,0.000000,1.000000,0.000000,1.000000,0.000000,0.000000,0.070000
1777189270.354751,0,0.000000,0.000000,0.000000,0.000000,1.000000,0.000000,1.000000,0.000000,0.070000,0.000000
1777189270.386111,0,0.000000,0.000000,0.000000,0.000000,0.000000,0.000000,1.000000,0.000000,0.070000,0.000000
1777189270.417497,0,0.000000,0.000000,0.000000,0.000000,0.050000,0.000000,1.000000,0.000000,0.140000,0.020000
1777189270.417997,0,0.000000,0.000000,0.000000,0.000000,0.100000,0.000000,0.250000,0.000000,0.000000,0.000000
1777189270.450679,0,0.000000,0.000000,0.000000,0.000000,0.170000,0.000000,1.000000,0.000000,0.000000,0.020000
1777189270.482094,0,0.000000,0.000000,0.000000,0.000000,0.210000,0.000000,1.000000,0.000000,0.070000,0.000000
1777189270.482614,0,0.000000,0.000000,0.000000,0.000000,0.270000,0.000000,1.000000,0.000000,0.070000,0.020000
1777189270.483016,0,0.000000,0.000000,0.000000,0.000000,0.310000,0.000000,1.000000,0.000000,0.070000,0.070000
1777189270.483396,0,0.000000,0.000000,0.000000,0.000000,0.370000,0.000000,1.000000,0.000000,0.140000,0.000000
1777189270.514220,0,0.000000,0.000000,0.000000,0.000000,0.430000,0.000000,1.000000,0.000000,0.000000,0.020000
1777189270.514800,0,0.000000,0.000000,0.000000,0.000000,0.470000,0.000000,1.000000,0.000000,0.070000,0.020000
1777189270.545963,0,0.000000,0.000000,0.000000,0.000000,0.510000,0.000000,1.000000,0.000000,0.070000,0.000000
1777189270.577143,0,0.000000,0.000000,0.000000,0.000000,0.570000,0.000000,1.000000,0.000000,0.000000,0.020000
1777189270.577687,0,0.000000,0.000000,0.000000,0.000000,0.000000,0.000000,1.000000,0.000000,0.070000,0.000000
1777189270.578084,0,0.000000,0.000000,0.000000,0.000000,0.070000,0.000000,1.000000,0.000000,0.070000,0.000000
1777189270.609173,0,0.000000,0.000000,0.000000,0.000000,0.120000,0.000000,1.000000,0.000000,0.070000,0.000000
1777189270.640430,0,0.000000,0.000000,0.000000,0.000000,0.180000,0.000000,1.000000,0.000000,0.070000,0.000000
1777189270.640939,0,0.000000,0.000000,0.000000,0.000000,0.230000,0.000000,0.340000,0.000000,0.000000,0.000000
1777189270.641350,0,0.000000,0.000000,0.000000,0.000000,0.300000,0.000000,1.000000,0.000000,0.140000,0.020000
1777189270.673030,0,0.000000,0.000000,0.000000,0.000000,0.340000,0.000000,1.000000,0.000000,0.070000,0.000000
1777189270.673534,0,0.000000,0.000000,0.000000,0.000000,0.400000,0.000000,1.000000,0.000000,0.000000,0.020000
1777189270.704937,0,0.000000,0.000000,0.000000,0.000000,0.460000,0.000000,0.050000,0.000000,0.000000,0.020000
1777189270.705450,0,0.000000,0.000000,0.000000,0.000000,0.510000,0.000000,0.430000,0.000000,0.070000,0.020000
1777189270.705999,0,0.000000,0.000000,0.000000,0.000000,0.570000,0.000000,0.810000,0.000000,0.000000,0.000000
1777189270.736974,0,0.000000,0.000000,0.000000,0.000000,0.630000,0.000000,1.000000,0.000000,0.000000,0.000000
1777189270.769122,0,0.000000,0.000000,0.000000,0.000000,0.690000,0.000000,1.000000,0.000000,0.000000,0.000000
1777189270.769620,0,0.000000,0.000000,0.000000,0.000000,0.750000,0.000000,1.000000,0.000000,0.070000,0.000000
1777189270.800406,0,0.000000,0.000000,0.000000,0.000000,0.810000,0.000000,1.000000,0.000000,0.070000,0.000000
1777189270.800918,0,0.000000,0.000000,0.000000,0.000000,0.870000,0.000000,1.000000,0.000000,0.070000,0.020000
1777189270.801309,0,0.000000,0.000000,0.000000,0.000000,0.920000,0.000000,1.000000,0.000000,0.000000,0.000000
1777189270.832340,0,0.000000,0.000000,0.000000,0.000000,0.980000,0.000000,1.000000,0.000000,0.000000,0.000000
1777189270.863944,0,0.000000,0.000000,0.000000,0.000000,1.000000,0.000000,1.000000,0.000000,0.070000,0.000000
1777189270.864462,0,0.000000,0.000000,0.000000,0.000000,1.000000,0.000000,0.100000,0.000000,0.000000,0.020000
1777189270.895631,0,0.000000,0.000000,0.000000,0.000000,1.000000,0.000000,0.470000,0.000000,0.070000,0.000000
1777189270.896206,0,0.000000,0.000000,0.000000,0.000000,1.000000,0.000000,0.870000,0.000000,0.000000,0.000000
1777189270.896628,0,0.000000,0.000000,0.000000,0.000000,1.000000,0.000000,0.170000,0.000000,0.000000,0.000000
1777189270.928396,0,0.000000,0.000000,0.000000,0.000000,1.000000,0.000000,0.490000,0.000000,0.000000,0.020000
1777189270.928917,0,0.000000,0.000000,0.000000,0.000000,1.000000,0.000000,0.770000,0.000000,0.000000,0.000000
1777189270.965009,0,0.000000,0.000000,0.000000,0.000000,1.000000,0.000000,1.000000,0.000000,0.000000,0.020000
1777189270.965708,0,0.000000,0.000000,0.000000,0.000000,1.000000,0.000000,1.000000,0.000000,0.000000,0.020000
1777189270.999943,0,0.000000,0.000000,0.000000,0.000000,1.000000,0.000000,1.000000,0.000000,0.070000,0.000000
1777189271.000660,0,0.000000,0.000000,0.000000,0.000000,1.000000,0.000000,1.000000,0.000000,0.000000,0.180000
1777189271.001412,0,0.000000,0.000000,0.000000,0.000000,1.000000,0.000000,1.000000,0.000000,0.070000,0.020000
1777189271.031936,0,0.000000,0.000000,0.000000,0.000000,1.000000,0.000000,1.000000,0.000000,0.140000,0.000000
1777189271.032443,0,0.000000,0.000000,0.000000,0.000000,1.000000,0.000000,1.000000,0.000000,0.000000,0.020000
1777189271.063659,0,0.000000,0.000000,0.000000,0.000000,1.000000,0.000000,0.020000,0.000000,0.000000,0.000000
1777189271.094476,0,0.000000,0.000000,0.000000,0.000000,1.000000,0.000000,0.330000,0.000000,0.000000,0.000000
1777189271.095013,0,0.000000,0.000000,0.000000,0.000000,1.000000,0.000000,0.150000,0.000000,0.000000,0.000000
1777189271.095579,0,0.000000,0.000000,0.000000,0.000000,1.000000,0.000000,0.250000,0.000000,0.000000,0.070000
1777189271.154186,0,0.000000,0.000000,0.000000,0.000000,1.000000,0.000000,0.810000,0.000000,0.000000,0.020000
1777189271.155040,0,0.000000,0.000000,0.000000,0.000000,1.000000,0.000000,1.000000,0.000000,0.000000,0.020000
1777189271.155713,0,0.000000,0.000000,0.000000,0.000000,0.000000,0.000000,1.000000,0.000000,0.000000,0.020000
1777189271.156182,0,0.000000,0.000000,0.000000,0.000000,0.050000,0.000000,1.000000,0.000000,0.000000,0.020000
1777189271.187099,0,0.000000,0.000000,0.000000,0.000000,0.110000,0.000000,1.000000,0.000000,0.070000,0.070000
1777189271.187656,0,0.000000,0.000000,0.000000,0.000000,0.180000,0.000000,1.000000,0.000000,0.000000,0.070000
1777189271.220397,0,0.000000,0.000000,0.000000,0.000000,0.230000,0.000000,1.000000,0.000000,0.070000,0.000000
1777189271.251667,0,0.000000,0.000000,0.000000,0.000000,0.280000,0.000000,1.000000,0.000000,0.000000,0.000000
1777189271.252456,0,0.000000,0.000000,0.000000,0.000000,0.340000,0.000000,1.000000,0.000000,0.000000,0.070000
1777189271.283662,0,0.000000,0.000000,0.000000,0.000000,0.400000,0.000000,1.000000,0.000000,0.000000,0.020000
1777189271.284175,0,0.000000,0.000000,0.000000,0.000000,0.460000,0.000000,0.180000,0.000000,0.000000,0.020000
1777189271.284666,0,0.000000,0.000000,0.000000,0.000000,0.510000,0.000000,0.760000,0.000000,0.140000,0.020000
1777189271.285117,0,0.000000,0.000000,0.000000,0.000000,0.570000,0.000000,1.000000,0.000000,0.070000,0.020000
1777189271.316971,0,0.000000,0.000000,0.000000,0.000000,0.630000,0.000000,1.000000,0.000000,0.000000,0.000000
1777189271.349341,0,0.000000,0.000000,0.000000,0.000000,0.690000,0.000000,1.000000,0.000000,0.000000,0.000000
1777189271.349875,0,0.000000,0.000000,0.000000,0.000000,0.750000,0.000000,1.000000,0.000000,0.000000,0.020000
1777189271.380495,0,0.000000,0.000000,0.000000,0.000000,0.810000,0.000000,1.000000,0.000000,0.000000,0.020000
1777189271.381039,0,0.000000,0.000000,0.000000,0.000000,0.870000,0.000000,1.000000,0.000000,0.000000,0.020000
1777189271.411854,0,0.000000,0.000000,0.000000,0.000000,0.920000,0.000000,1.000000,0.000000,0.070000,0.000000
1777189271.442644,0,0.000000,0.000000,0.000000,0.000000,0.980000,0.000000,1.000000,0.000000,0.000000,0.020000
1777189271.474162,0,0.000000,0.000000,0.000000,0.000000,1.000000,0.000000,1.000000,0.000000,0.070000,0.000000
1777189271.474665,0,0.000000,0.000000,0.000000,0.000000,1.000000,0.000000,1.000000,0.000000,0.000000,0.000000
1777189271.475058,0,0.000000,0.000000,0.000000,0.000000,1.000000,0.000000,1.000000,0.000000,0.000000,0.000000
1777189271.475432,0,0.000000,0.000000,0.000000,0.000000,1.000000,0.000000,1.000000,0.000000,0.070000,0.020000
1777189271.508547,0,0.000000,0.000000,0.000000,0.000000,1.000000,0.000000,1.000000,0.000000,0.000000,0.000000
1777189271.509064,0,0.000000,0.000000,0.000000,0.000000,1.000000,0.000000,1.000000,0.000000,0.000000,0.000000
1777189271.509467,0,0.000000,0.000000,0.000000,0.000000,1.000000,0.000000,1.000000,0.000000,0.140000,0.070000
1777189271.540897,0,0.000000,0.000000,0.000000,0.000000,1.000000,0.000000,1.000000,0.000000,0.000000,0.020000
1777189271.572710,0,0.000000,0.000000,0.000000,0.000000,1.000000,0.000000,1.000000,0.000000,0.000000,0.000000
1777189271.573236,0,0.000000,0.000000,0.000000,0.000000,1.000000,0.000000,1.000000,0.000000,0.000000,0.000000
1777189271.573634,0,0.000000,0.000000,0.000000,0.000000,1.000000,0.000000,1.000000,0.000000,0.000000,0.020000
1777189271.605376,0,0.000000,0.000000,0.000000,0.000000,1.000000,0.000000,1.000000,0.000000,0.140000,0.020000
1777189271.606036,0,0.000000,0.000000,0.000000,0.000000,1.000000,0.000000,1.000000,0.000000,0.070000,0.000000
1777189271.636856,0,0.000000,0.000000,0.000000,0.000000,1.000000,0.000000,1.000000,0.000000,0.000000,0.000000
1777189271.637509,0,0.000000,0.000000,0.000000,0.000000,1.000000,0.000000,1.000000,0.000000,0.140000,0.020000
1777189271.668495,0,0.000000,0.000000,0.000000,0.000000,1.000000,0.000000,1.000000,0.000000,0.000000,0.020000
1777189271.668995,0,0.000000,0.000000,0.000000,0.000000,1.000000,0.000000,1.000000,0.000000,0.000000,0.100000
1777189271.669390,0,0.000000,0.000000,0.000000,0.000000,1.000000,0.000000,0.070000,0.000000,0.070000,0.020000
1777189271.729040,0,0.000000,0.000000,0.000000,0.000000,1.000000,0.000000,0.660000,0.000000,0.000000,0.000000
1777189271.729570,0,0.000000,0.000000,0.000000,0.000000,1.000000,0.000000,0.310000,0.000000,0.070000,0.020000
1777189271.729984,0,0.000000,0.000000,0.000000,0.000000,1.000000,0.000000,1.000000,0.000000,0.000000,0.000000
1777189271.730382,0,0.000000,0.000000,0.000000,0.000000,1.000000,0.000000,1.000000,0.000000,0.070000,0.000000
1777189271.731011,0,0.000000,0.000000,0.000000,0.000000,1.000000,0.000000,1.000000,0.000000,0.140000,0.180000
1777189271.788638,0,0.000000,0.000000,0.000000,0.000000,1.000000,0.000000,1.000000,0.000000,0.140000,0.020000
1777189271.789163,0,0.000000,0.000000,0.000000,0.000000,1.000000,0.000000,1.000000,0.000000,0.070000,0.000000
1777189271.789769,0,0.000000,0.000000,0.000000,0.000000,1.000000,0.000000,1.000000,0.000000,0.000000,0.000000
1777189271.790213,0,0.000000,0.000000,0.000000,0.000000,1.000000,0.000000,1.000000,0.000000,0.000000,0.000000
1777189271.847469,0,0.000000,0.000000,0.000000,0.000000,1.000000,0.000000,0.210000,0.000000,0.070000,0.020000
1777189271.848000,0,0.000000,0.000000,0.000000,0.000000,1.000000,0.000000,0.890000,0.000000,0.070000,0.000000
1777189271.848406,0,0.000000,0.000000,0.000000,0.000000,1.000000,0.000000,1.000000,0.000000,0.070000,0.000000
1777189271.848788,0,0.000000,0.000000,0.000000,0.000000,1.000000,0.000000,1.000000,0.000000,0.000000,0.000000
1777189271.905426,0,0.000000,0.000000,0.000000,0.000000,1.000000,0.000000,1.000000,0.000000,0.000000,0.150000
1777189271.906082,0,0.000000,0.000000,0.000000,0.000000,1.000000,0.000000,1.000000,0.000000,0.000000,0.020000
1777189271.906487,0,0.000000,0.000000,0.000000,0.000000,1.000000,0.000000,1.000000,0.000000,0.000000,0.000000
1777189271.906873,0,0.000000,0.000000,0.000000,0.000000,1.000000,0.000000,1.000000,0.000000,0.000000,0.000000
1777189271.967087,0,0.000000,0.000000,0.000000,0.000000,1.000000,0.000000,1.000000,0.000000,0.000000,0.000000
1777189271.967626,0,0.000000,0.000000,0.000000,0.000000,1.000000,0.000000,1.000000,0.000000,0.070000,0.020000
1777189271.968177,0,0.000000,0.000000,0.000000,0.000000,1.000000,0.000000,0.270000,0.000000,0.070000,0.000000
1777189271.968593,0,0.000000,0.000000,0.000000,0.000000,0.000000,0.000000,0.940000,0.000000,0.280000,0.070000
1777189271.968989,0,0.000000,0.000000,0.000000,0.000000,0.000000,0.000000,1.000000,0.000000,0.070000,0.000000
1777189272.029781,0,0.000000,0.000000,0.000000,0.000000,0.050000,0.000000,1.000000,0.000000,0.070000,0.000000
1777189272.030476,0,0.000000,0.000000,0.000000,0.000000,0.100000,0.000000,1.000000,0.000000,0.000000,0.000000
1777189272.030898,0,0.000000,0.000000,0.000000,0.000000,0.170000,0.000000,1.000000,0.000000,0.140000,0.000000
1777189272.088731,0,0.000000,0.000000,0.000000,0.000000,0.230000,0.000000,1.000000,0.000000,0.070000,0.020000
1777189272.089276,0,0.000000,0.000000,0.000000,0.000000,0.280000,0.000000,1.000000,0.000000,0.000000,0.020000
1777189272.089953,0,0.000000,0.000000,0.000000,0.000000,0.340000,0.000000,1.000000,0.000000,0.070000,0.000000
1777189272.090436,0,0.000000,0.000000,0.000000,0.000000,0.400000,0.000000,1.000000,0.000000,0.000000,0.020000
1777189272.149307,0,0.000000,0.000000,0.000000,0.000000,0.440000,0.000000,1.000000,0.000000,0.000000,0.000000
1777189272.149850,0,0.000000,0.000000,0.000000,0.000000,0.500000,0.000000,1.000000,0.000000,0.000000,0.020000
1777189272.150483,0,0.000000,0.000000,0.000000,0.000000,0.560000,0.000000,1.000000,0.000000,0.000000,0.000000
1777189272.150951,0,0.000000,0.000000,0.000000,0.000000,0.620000,0.000000,1.000000,0.000000,0.000000,0.070000
1777189272.151339,0,0.000000,0.000000,0.000000,0.000000,0.680000,0.000000,1.000000,0.000000,0.070000,0.000000
1777189272.209156,0,0.000000,0.000000,0.000000,0.000000,0.730000,0.000000,1.000000,0.000000,0.140000,0.180000
1777189272.209765,0,0.000000,0.000000,0.000000,0.000000,0.790000,0.000000,1.000000,0.000000,0.000000,0.020000
1777189272.210181,0,0.000000,0.000000,0.000000,0.000000,0.850000,0.000000,1.000000,0.000000,0.000000,0.070000
1777189272.267156,0,0.000000,0.000000,0.000000,0.000000,0.910000,0.000000,1.000000,0.000000,0.070000,0.020000
1777189272.267706,0,0.000000,0.000000,0.000000,0.000000,0.950000,0.000000,1.000000,0.000000,0.070000,0.020000
1777189272.268123,0,0.000000,0.000000,0.000000,0.000000,1.000000,0.000000,1.000000,0.000000,0.000000,0.000000
1777189272.325590,0,0.000000,0.000000,0.000000,0.000000,1.000000,0.000000,1.000000,0.000000,0.140000,0.020000
1777189272.326399,0,0.000000,0.000000,0.000000,0.000000,1.000000,0.000000,1.000000,0.000000,0.000000,0.000000
1777189272.326832,0,0.000000,0.000000,0.000000,0.000000,1.000000,0.000000,1.000000,0.000000,0.070000,0.070000
1777189272.327397,0,0.000000,0.000000,0.000000,0.000000,1.000000,0.000000,1.000000,0.000000,0.000000,0.020000
1777189272.357586,0,0.000000,0.000000,0.000000,0.000000,1.000000,0.000000,1.000000,0.000000,0.000000,0.000000
1777189272.388039,0,0.000000,0.000000,0.000000,0.000000,1.000000,0.000000,1.000000,0.000000,0.000000,0.070000
1777189272.388541,0,0.000000,0.000000,0.000000,0.000000,1.000000,0.000000,1.000000,0.000000,0.070000,0.000000
1777189272.446589,0,0.000000,0.000000,0.000000,0.000000,1.000000,0.000000,1.000000,0.000000,0.000000,0.000000
1777189272.447116,0,0.000000,0.000000,0.000000,0.000000,1.000000,0.000000,1.000000,0.000000,0.210000,0.000000
1777189272.447549,0,0.000000,0.000000,0.000000,0.000000,1.000000,0.000000,1.000000,0.000000,0.000000,0.000000
1777189272.447959,0,0.000000,0.000000,0.000000,0.000000,1.000000,0.000000,0.210000,0.000000,0.070000,0.000000
1777189272.448428,0,0.000000,0.000000,0.000000,0.000000,1.000000,0.000000,0.890000,0.000000,0.000000,0.000000
1777189272.448860,0,0.000000,0.000000,0.000000,0.000000,1.000000,0.000000,1.000000,0.000000,0.000000,0.000000
1777189272.507305,0,0.000000,0.000000,0.000000,0.000000,1.000000,0.000000,1.000000,0.000000,0.000000,0.020000
1777189272.507852,0,0.000000,0.000000,0.000000,0.000000,1.000000,0.000000,1.000000,0.000000,0.000000,0.000000
1777189272.508270,0,0.000000,0.000000,0.000000,0.000000,1.000000,0.000000,1.000000,0.000000,0.070000,0.070000
1777189272.508855,0,0.000000,0.000000,0.000000,0.000000,1.000000,0.000000,1.000000,0.000000,0.070000,0.000000
1777189272.566304,0,0.000000,0.000000,0.000000,0.000000,1.000000,0.000000,1.000000,0.000000,0.000000,0.070000
1777189272.566990,0,0.000000,0.000000,0.000000,0.000000,1.000000,0.000000,1.000000,0.000000,0.000000,0.070000
1777189272.567409,0,0.000000,0.000000,0.000000,0.000000,1.000000,0.000000,1.000000,0.000000,0.070000,0.000000
1777189272.567793,0,0.000000,0.000000,0.000000,0.000000,1.000000,0.000000,1.000000,0.000000,0.000000,0.000000
1777189272.624774,0,0.000000,0.000000,0.000000,0.000000,1.000000,0.000000,0.510000,0.000000,0.000000,0.000000
1777189272.625292,0,0.000000,0.000000,0.000000,0.000000,1.000000,0.000000,1.000000,0.000000,0.070000,0.000000
1777189272.625878,0,0.000000,0.000000,0.000000,0.000000,1.000000,0.000000,1.000000,0.000000,0.070000,0.000000
1777189272.682763,0,0.000000,0.000000,0.000000,0.000000,1.000000,0.000000,1.000000,0.000000,0.000000,0.000000
1777189272.683314,0,0.000000,0.000000,0.000000,0.000000,1.000000,0.000000,1.000000,0.000000,0.070000,0.020000
1777189272.683934,0,0.000000,0.000000,0.000000,0.000000,1.000000,0.000000,1.000000,0.000000,0.000000,0.000000
1777189272.684407,0,0.000000,0.000000,0.000000,0.000000,1.000000,0.000000,1.000000,0.000000,0.000000,0.070000
1777189272.715459,0,0.000000,0.000000,0.000000,0.000000,1.000000,0.000000,1.000000,0.000000,0.140000,0.020000
1777189272.746253,0,0.000000,0.000000,0.000000,0.000000,1.000000,0.000000,1.000000,0.000000,0.000000,0.000000
1777189272.746763,0,0.000000,0.000000,0.000000,0.000000,1.000000,0.000000,1.000000,0.000000,0.140000,0.000000
1777189272.777843,0,0.000000,0.000000,0.000000,0.000000,0.000000,0.000000,1.000000,0.000000,0.000000,0.000000
1777189272.778346,0,0.000000,0.000000,0.000000,0.000000,0.070000,0.000000,1.000000,0.000000,0.070000,0.000000
1777189272.809679,0,0.000000,0.000000,0.000000,0.000000,0.110000,0.000000,1.000000,0.000000,0.070000,0.000000
1777189272.810187,0,0.000000,0.000000,0.000000,0.000000,0.180000,0.000000,1.000000,0.000000,0.000000,0.000000
1777189272.841101,0,0.000000,0.000000,0.000000,0.000000,0.230000,0.000000,1.000000,0.000000,0.070000,0.000000
1777189272.841680,0,0.000000,0.000000,0.000000,0.000000,0.280000,0.000000,1.000000,0.000000,0.070000,0.000000
1777189272.872406,0,0.000000,0.000000,0.000000,0.000000,0.340000,0.000000,1.000000,0.000000,0.000000,0.000000
1777189272.930118,0,0.000000,0.000000,0.000000,0.000000,0.400000,0.000000,1.000000,0.000000,0.070000,0.000000
1777189272.930643,0,0.000000,0.000000,0.000000,0.000000,0.460000,0.000000,1.000000,0.000000,0.000000,0.000000
1777189272.931053,0,0.000000,0.000000,0.000000,0.000000,0.510000,0.000000,1.000000,0.000000,0.070000,0.000000
1777189272.931433,0,0.000000,0.000000,0.000000,0.000000,0.570000,0.000000,1.000000,0.000000,0.070000,0.000000
1777189272.932025,0,0.000000,0.000000,0.000000,0.000000,0.000000,0.000000,1.000000,0.000000,0.000000,0.000000
1777189272.932603,0,0.000000,0.000000,0.000000,0.000000,0.070000,0.000000,1.000000,0.000000,0.000000,0.020000
1777189272.967935,0,0.000000,0.000000,0.000000,0.000000,0.150000,0.000000,1.000000,0.000000,0.000000,0.000000
1777189272.968476,0,0.000000,0.000000,0.000000,0.000000,0.230000,0.000000,1.000000,0.000000,0.140000,0.020000
1777189273.001443,0,0.000000,0.000000,0.000000,0.000000,0.280000,0.000000,1.000000,0.000000,0.070000,0.070000
1777189273.001942,0,0.000000,0.000000,0.000000,0.000000,0.050000,0.000000,1.000000,0.000000,0.070000,0.000000
1777189273.034040,0,0.000000,0.000000,0.000000,0.000000,0.150000,0.000000,1.000000,0.000000,0.070000,0.020000
1777189273.034554,0,0.000000,0.000000,0.000000,0.000000,0.250000,0.000000,1.000000,0.000000,0.070000,0.000000
1777189273.065454,0,0.000000,0.000000,0.000000,0.000000,0.370000,0.000000,1.000000,0.000000,0.070000,0.000000
1777189273.066007,0,0.000000,0.000000,0.000000,0.000000,0.470000,0.000000,1.000000,0.000000,0.070000,0.000000
1777189273.096792,0,0.000000,0.000000,0.000000,0.000000,0.570000,0.000000,1.000000,0.000000,0.070000,0.000000
1777189273.097452,0,0.000000,0.000000,0.000000,0.000000,0.690000,0.000000,1.000000,0.000000,0.000000,0.020000
1777189273.128916,0,0.000000,0.000000,0.000000,0.000000,0.810000,0.000000,0.050000,0.000000,0.070000,0.000000
1777189273.129550,0,0.000000,0.000000,0.000000,0.000000,0.920000,0.000000,1.000000,0.000000,0.140000,0.000000
1777189273.160493,0,0.000000,0.000000,0.000000,0.000000,1.000000,0.000000,1.000000,0.000000,0.000000,0.000000
1777189273.160997,0,0.000000,0.000000,0.000000,0.000000,1.000000,0.000000,0.200000,0.000000,0.070000,0.020000
1777189273.161395,0,0.000000,0.000000,0.000000,0.000000,1.000000,0.000000,1.000000,0.000000,0.070000,0.000000
1777189273.220059,0,0.000000,0.000000,0.000000,0.000000,1.000000,0.000000,1.000000,0.000000,0.000000,0.020000
1777189273.220586,0,0.000000,0.000000,0.000000,0.000000,1.000000,0.000000,1.000000,0.000000,0.070000,0.000000
1777189273.221146,0,0.000000,0.000000,0.000000,0.000000,1.000000,0.000000,1.000000,0.000000,0.000000,0.000000
1777189273.221574,0,0.000000,0.000000,0.000000,0.000000,1.000000,0.000000,1.000000,0.000000,0.070000,0.000000
1777189273.221955,0,0.000000,0.000000,0.000000,0.000000,1.000000,0.000000,1.000000,0.000000,0.000000,0.210000
1777189273.279597,0,0.000000,0.000000,0.000000,0.000000,1.000000,0.000000,1.000000,0.000000,0.070000,0.070000
1777189273.280288,0,0.000000,0.000000,0.000000,0.000000,1.000000,0.000000,1.000000,0.000000,0.070000,0.000000
1777189273.280714,0,0.000000,0.000000,0.000000,0.000000,1.000000,0.000000,1.000000,0.000000,0.000000,0.000000
1777189273.281099,0,0.000000,0.000000,0.000000,0.000000,1.000000,0.000000,1.000000,0.000000,0.000000,0.000000
1777189273.338164,0,0.000000,0.000000,0.000000,0.000000,1.000000,0.000000,1.000000,0.000000,0.140000,0.020000
1777189273.338912,0,0.000000,0.000000,0.000000,0.000000,1.000000,0.000000,1.000000,0.000000,0.140000,0.000000
1777189273.339354,0,0.000000,0.000000,0.000000,0.000000,1.000000,0.000000,1.000000,0.000000,0.000000,0.000000
1777189273.396784,0,0.000000,0.000000,0.000000,0.000000,1.000000,0.000000,1.000000,0.000000,0.070000,0.000000
1777189273.397489,0,0.000000,0.000000,0.000000,0.000000,1.000000,0.000000,1.000000,0.000000,0.000000,0.000000
1777189273.397915,0,0.000000,0.000000,0.000000,0.000000,1.000000,0.000000,1.000000,0.000000,0.070000,0.000000
1777189273.398297,0,0.000000,0.000000,0.000000,0.000000,1.000000,0.000000,1.000000,0.000000,0.000000,0.000000
1777189273.455542,0,0.000000,0.000000,0.000000,0.000000,1.000000,0.000000,1.000000,0.000000,0.070000,0.020000
1777189273.456084,0,0.000000,0.000000,0.000000,0.000000,1.000000,0.000000,1.000000,0.000000,0.140000,0.000000
1777189273.456650,0,0.000000,0.000000,0.000000,0.000000,1.000000,0.000000,1.000000,0.000000,0.000000,0.000000
1777189273.457077,0,0.000000,0.000000,0.000000,0.000000,1.000000,0.000000,1.000000,0.000000,0.140000,0.000000
1777189273.513549,0,0.000000,0.000000,0.000000,0.000000,1.000000,0.000000,1.000000,0.000000,0.070000,0.000000
1777189273.514252,0,0.000000,0.000000,0.000000,0.000000,1.000000,0.000000,1.000000,0.000000,0.000000,0.000000
1777189273.514735,0,0.000000,0.000000,0.000000,0.000000,1.000000,0.000000,1.000000,0.000000,0.000000,0.000000
1777189273.572628,0,0.000000,0.000000,0.000000,0.000000,1.000000,0.000000,1.000000,0.000000,0.140000,0.000000
1777189273.573174,0,0.000000,0.000000,0.000000,0.000000,1.000000,0.000000,1.000000,0.000000,0.000000,0.000000
1777189273.573767,0,0.000000,0.000000,0.000000,0.000000,1.000000,0.000000,1.000000,0.000000,0.070000,0.100000
1777189273.574208,0,0.000000,0.000000,0.000000,0.000000,1.000000,0.000000,1.000000,0.000000,0.000000,0.000000
1777189273.574601,0,0.000000,0.000000,0.000000,0.000000,1.000000,0.000000,1.000000,0.000000,0.070000,0.000000
1777189273.634377,0,0.000000,0.000000,0.000000,0.000000,1.000000,0.000000,1.000000,0.000000,0.000000,0.000000
1777189273.634892,0,0.000000,0.000000,0.000000,0.000000,1.000000,0.000000,1.000000,0.000000,0.000000,0.000000
1777189273.636752,0,0.000000,0.000000,0.000000,0.000000,1.000000,0.000000,1.000000,0.000000,0.070000,0.020000
1777189273.637234,0,0.000000,0.000000,0.000000,0.000000,1.000000,0.000000,1.000000,0.000000,0.070000,0.000000
1777189273.668138,0,0.000000,0.000000,0.000000,0.000000,1.000000,0.000000,1.000000,0.000000,0.000000,0.020000
1777189273.699089,0,0.000000,0.000000,0.000000,0.000000,1.000000,0.000000,1.000000,0.000000,0.070000,0.020000
1777189273.699705,0,0.000000,0.000000,0.000000,0.000000,1.000000,0.000000,1.000000,0.000000,0.070000,0.020000
1777189273.731085,0,0.000000,0.000000,0.000000,0.000000,1.000000,0.000000,1.000000,0.000000,0.070000,0.000000
1777189273.761729,0,0.000000,0.000000,0.000000,0.000000,1.000000,0.000000,1.000000,0.000000,0.000000,0.000000
1777189273.762245,0,0.000000,0.000000,0.000000,0.000000,1.000000,0.000000,1.000000,0.000000,0.000000,0.000000
1777189273.794679,0,0.000000,0.000000,0.000000,0.000000,1.000000,0.000000,1.000000,0.000000,0.000000,0.000000
1777189273.825388,0,0.000000,0.000000,0.000000,0.000000,1.000000,0.000000,1.000000,0.000000,0.000000,0.070000
1777189273.825902,0,0.000000,0.000000,0.000000,0.000000,1.000000,0.000000,0.540000,0.000000,0.070000,0.000000
1777189273.826301,0,0.000000,0.000000,0.000000,0.000000,1.000000,0.000000,1.000000,0.000000,0.070000,0.000000
1777189273.883119,0,0.000000,0.000000,0.000000,0.000000,1.000000,0.000000,1.000000,0.000000,0.070000,0.070000
1777189273.883847,0,0.000000,0.000000,0.000000,0.000000,1.000000,0.000000,1.000000,0.000000,0.000000,0.000000
1777189273.884283,0,0.000000,0.000000,0.000000,0.000000,1.000000,0.000000,1.000000,0.000000,0.140000,0.070000
1777189273.884678,0,0.000000,0.000000,0.000000,0.000000,1.000000,0.000000,1.000000,0.000000,0.070000,0.000000
1777189273.885340,0,0.000000,0.000000,0.000000,0.000000,1.000000,0.000000,1.000000,0.000000,0.000000,0.020000
1777189273.915693,0,0.000000,0.000000,0.000000,0.000000,1.000000,0.000000,1.000000,0.000000,0.070000,0.000000
1777189273.974477,0,0.000000,0.000000,0.000000,0.000000,1.000000,0.000000,1.000000,0.000000,0.070000,0.000000
1777189273.975049,0,0.000000,0.000000,0.000000,0.000000,1.000000,0.000000,1.000000,0.000000,0.070000,0.000000
1777189273.975449,0,0.000000,0.000000,0.000000,0.000000,1.000000,0.000000,1.000000,0.000000,0.070000,0.000000
1777189273.975832,0,0.000000,0.000000,0.000000,0.000000,1.000000,0.000000,1.000000,0.000000,0.000000,0.020000
1777189274.039069,0,0.000000,0.000000,0.000000,0.000000,1.000000,0.000000,1.000000,0.000000,0.000000,0.000000
1777189274.039585,0,0.000000,0.000000,0.000000,0.000000,1.000000,0.000000,1.000000,0.000000,0.070000,0.000000
1777189274.039980,0,0.000000,0.000000,0.000000,0.000000,1.000000,0.000000,1.000000,0.000000,0.000000,0.000000
1777189274.040354,0,0.000000,0.000000,0.000000,0.000000,1.000000,0.000000,0.620000,0.000000,0.000000,0.000000
1777189274.097443,0,0.000000,0.000000,0.000000,0.000000,1.000000,0.000000,1.000000,0.000000,0.000000,0.000000
1777189274.098167,0,0.000000,0.000000,0.000000,0.000000,1.000000,0.000000,1.000000,0.000000,0.000000,0.070000
1777189274.098593,0,0.000000,0.000000,0.000000,0.000000,1.000000,0.000000,1.000000,0.000000,0.070000,0.000000
1777189274.098981,0,0.000000,0.000000,0.000000,0.000000,1.000000,0.000000,1.000000,0.000000,0.210000,0.020000
1777189274.099365,0,0.000000,0.000000,0.000000,0.000000,1.000000,0.000000,0.360000,0.000000,0.000000,0.020000
1777189274.156554,0,0.000000,0.000000,0.000000,0.000000,1.000000,0.000000,1.000000,0.000000,0.000000,0.000000
1777189274.157245,0,0.000000,0.000000,0.000000,0.000000,1.000000,0.000000,0.300000,0.000000,0.000000,0.000000
1777189274.157746,0,0.000000,0.000000,0.000000,0.000000,1.000000,0.000000,1.000000,0.000000,0.000000,0.000000
1777189274.214221,0,0.000000,0.000000,0.000000,0.000000,1.000000,0.000000,1.000000,0.000000,0.000000,0.070000
1777189274.214745,0,0.000000,0.000000,0.000000,0.000000,1.000000,0.000000,1.000000,0.000000,0.000000,0.000000
1777189274.215153,0,0.000000,0.000000,0.000000,0.000000,1.000000,0.000000,1.000000,0.000000,0.140000,0.020000
1777189274.215810,0,0.000000,0.000000,0.000000,0.000000,1.000000,0.000000,1.000000,0.000000,0.000000,0.150000
1777189274.272289,0,0.000000,0.000000,0.000000,0.000000,1.000000,0.000000,1.000000,0.000000,0.000000,0.000000
1777189274.272809,0,0.000000,0.000000,0.000000,0.000000,1.000000,0.000000,1.000000,0.000000,0.070000,0.020000
1777189274.273386,0,0.000000,0.000000,0.000000,0.000000,1.000000,0.000000,1.000000,0.000000,0.000000,0.000000
1777189274.330665,0,0.000000,0.000000,0.000000,0.000000,0.090000,0.000000,1.000000,0.000000,0.000000,0.000000
1777189274.331191,0,0.000000,0.000000,0.000000,0.000000,0.200000,0.000000,1.000000,0.000000,0.140000,0.000000
1777189274.331596,0,0.000000,0.000000,0.000000,0.000000,0.300000,0.000000,1.000000,0.000000,0.000000,0.020000
1777189274.388646,0,0.000000,0.000000,0.000000,0.000000,0.400000,0.000000,0.460000,0.000000,0.000000,0.000000
1777189274.389140,0,0.000000,0.000000,0.000000,0.000000,0.510000,0.000000,1.000000,0.000000,0.000000,0.020000
1777189274.389527,0,0.000000,0.000000,0.000000,0.000000,0.620000,0.000000,1.000000,0.000000,0.070000,0.000000
1777189274.390091,0,0.000000,0.000000,0.000000,0.000000,0.730000,0.000000,1.000000,0.000000,0.070000,0.020000
1777189274.390518,0,0.000000,0.000000,0.000000,0.000000,0.850000,0.000000,1.000000,0.000000,0.000000,0.020000
1777189274.447566,0,0.000000,0.000000,0.000000,0.000000,0.940000,0.000000,1.000000,0.000000,0.000000,0.020000
1777189274.505725,0,0.000000,0.000000,0.000000,0.000000,1.000000,0.000000,1.000000,0.000000,0.070000,0.000000
1777189274.506258,0,0.000000,0.000000,0.000000,0.000000,1.000000,0.000000,0.230000,0.000000,0.000000,0.020000
1777189274.506670,0,0.000000,0.000000,0.000000,0.000000,1.000000,0.000000,1.000000,0.000000,0.000000,0.000000
1777189274.507051,0,0.000000,0.000000,0.000000,0.000000,1.000000,0.000000,0.070000,0.000000,0.000000,0.020000
1777189274.507709,0,0.000000,0.000000,0.000000,0.000000,1.000000,0.000000,0.660000,0.000000,0.000000,0.020000
1777189274.508232,0,0.000000,0.000000,0.000000,0.000000,1.000000,0.000000,1.000000,0.000000,0.140000,0.020000
1777189274.564718,0,0.000000,0.000000,0.000000,0.000000,1.000000,0.000000,1.000000,0.000000,0.000000,0.000000
1777189274.565242,0,0.000000,0.000000,0.000000,0.000000,1.000000,0.000000,1.000000,0.000000,0.000000,0.000000
1777189274.565650,0,0.000000,0.000000,0.000000,0.000000,1.000000,0.000000,1.000000,0.000000,0.000000,0.000000
1777189274.566237,0,0.000000,0.000000,0.000000,0.000000,0.000000,0.000000,1.000000,0.000000,0.280000,0.000000
1777189274.622399,0,0.000000,0.000000,0.000000,0.000000,0.070000,0.000000,1.000000,0.000000,0.070000,0.000000
1777189274.622925,0,0.000000,0.000000,0.000000,0.000000,0.150000,0.000000,1.000000,0.000000,0.070000,0.020000
1777189274.623344,0,0.000000,0.000000,0.000000,0.000000,0.250000,0.000000,1.000000,0.000000,0.000000,0.020000
1777189274.681458,0,0.000000,0.000000,0.000000,0.000000,0.330000,0.000000,1.000000,0.000000,0.070000,0.000000
1777189274.682002,0,0.000000,0.000000,0.000000,0.000000,0.400000,0.000000,1.000000,0.000000,0.000000,0.000000
1777189274.682569,0,0.000000,0.000000,0.000000,0.000000,0.500000,0.000000,1.000000,0.000000,0.000000,0.020000
1777189274.682975,0,0.000000,0.000000,0.000000,0.000000,0.570000,0.000000,1.000000,0.000000,0.070000,0.000000
1777189274.683357,0,0.000000,0.000000,0.000000,0.000000,0.670000,0.000000,1.000000,0.000000,0.140000,0.000000
1777189274.740697,0,0.000000,0.000000,0.000000,0.000000,0.750000,0.000000,1.000000,0.000000,0.070000,0.020000
1777189274.741390,0,0.000000,0.000000,0.000000,0.000000,0.830000,0.000000,0.250000,0.000000,0.000000,0.000000
1777189274.741818,0,0.000000,0.000000,0.000000,0.000000,0.920000,0.000000,0.810000,0.000000,0.070000,0.000000
1777189274.799128,0,0.000000,0.000000,0.000000,0.000000,1.000000,0.000000,1.000000,0.000000,0.000000,0.000000
1777189274.799734,0,0.000000,0.000000,0.000000,0.000000,1.000000,0.000000,1.000000,0.000000,0.210000,0.000000
1777189274.800153,0,0.000000,0.000000,0.000000,0.000000,1.000000,0.000000,1.000000,0.000000,0.000000,0.020000
1777189274.800700,0,0.000000,0.000000,0.000000,0.000000,1.000000,0.000000,1.000000,0.000000,0.000000,0.000000
1777189274.858053,0,0.000000,0.000000,0.000000,0.000000,1.000000,0.000000,0.100000,0.000000,0.070000,0.150000
1777189274.858576,0,0.000000,0.000000,0.000000,0.000000,1.000000,0.000000,0.690000,0.000000,0.070000,0.000000
1777189274.859164,0,0.000000,0.000000,0.000000,0.000000,1.000000,0.000000,1.000000,0.000000,0.000000,0.020000
1777189274.859627,0,0.000000,0.000000,0.000000,0.000000,1.000000,0.000000,1.000000,0.000000,0.000000,0.000000
1777189274.860073,0,0.000000,0.000000,0.000000,0.000000,1.000000,0.000000,1.000000,0.000000,0.070000,0.000000
1777189274.917715,0,0.000000,0.000000,0.000000,0.000000,1.000000,0.000000,1.000000,0.000000,0.140000,0.020000
1777189274.918257,0,0.000000,0.000000,0.000000,0.000000,1.000000,0.000000,1.000000,0.000000,0.070000,0.000000
1777189274.918856,0,0.000000,0.000000,0.000000,0.000000,1.000000,0.000000,1.000000,0.000000,0.000000,0.000000
1777189274.919270,0,0.000000,0.000000,0.000000,0.000000,1.000000,0.000000,1.000000,0.000000,0.000000,0.000000
1777189274.976649,0,0.000000,0.000000,0.000000,0.000000,1.000000,0.000000,1.000000,0.000000,0.000000,0.000000
1777189274.977165,0,0.000000,0.000000,0.000000,0.000000,1.000000,0.000000,1.000000,0.000000,0.000000,0.020000
1777189274.977598,0,0.000000,0.000000,0.000000,0.000000,1.000000,0.000000,1.000000,0.000000,0.000000,0.000000
1777189275.039718,0,0.000000,0.000000,0.000000,0.000000,1.000000,0.000000,1.000000,0.000000,0.000000,0.210000
1777189275.040261,0,0.000000,0.000000,0.000000,0.000000,1.000000,0.000000,1.000000,0.000000,0.000000,0.150000
1777189275.040663,0,0.000000,0.000000,0.000000,0.000000,1.000000,0.000000,1.000000,0.000000,0.070000,0.000000
1777189275.041337,0,0.000000,0.000000,0.000000,0.000000,1.000000,0.000000,1.000000,0.000000,0.000000,0.020000
1777189275.041785,0,0.000000,0.000000,0.000000,0.000000,1.000000,0.000000,0.180000,0.000000,0.070000,0.000000
1777189275.099432,0,0.000000,0.000000,0.000000,0.000000,1.000000,0.000000,0.740000,0.000000,0.070000,0.150000
1777189275.100117,0,0.000000,0.000000,0.000000,0.000000,1.000000,0.000000,1.000000,0.000000,0.070000,0.000000
1777189275.100544,0,0.000000,0.000000,0.000000,0.000000,1.000000,0.000000,1.000000,0.000000,0.070000,0.000000
1777189275.100929,0,0.000000,0.000000,0.000000,0.000000,1.000000,0.000000,1.000000,0.000000,0.000000,0.000000
1777189275.158426,0,0.000000,0.000000,0.000000,0.000000,1.000000,0.000000,0.070000,0.000000,0.070000,0.070000
1777189275.158954,0,0.000000,0.000000,0.000000,0.000000,1.000000,0.000000,0.400000,0.000000,0.070000,0.070000
1777189275.159578,0,0.000000,0.000000,0.000000,0.000000,1.000000,0.000000,0.720000,0.000000,0.070000,0.000000
1777189275.190112,0,0.000000,0.000000,0.000000,0.000000,1.000000,0.000000,0.070000,0.000000,0.070000,0.000000
1777189275.221955,0,0.000000,0.000000,0.000000,0.000000,1.000000,0.000000,0.310000,0.000000,0.000000,0.000000
1777189275.253119,0,0.000000,0.000000,0.000000,0.000000,1.000000,0.000000,0.600000,0.000000,0.140000,0.000000
1777189275.285595,0,0.000000,0.000000,0.000000,0.000000,1.000000,0.000000,0.850000,0.000000,0.070000,0.000000
1777189275.286125,0,0.000000,0.000000,0.000000,0.000000,0.000000,0.000000,1.000000,0.000000,0.280000,0.000000
1777189275.318109,0,0.000000,0.000000,0.000000,0.000000,0.070000,0.000000,1.000000,0.000000,0.140000,0.000000
1777189275.318618,0,0.000000,0.000000,0.000000,0.000000,0.150000,0.000000,1.000000,0.000000,0.000000,0.000000
1777189275.319020,0,0.000000,0.000000,0.000000,0.000000,0.250000,0.000000,1.000000,0.000000,0.000000,0.000000
1777189275.319477,0,0.000000,0.000000,0.000000,0.000000,0.340000,0.000000,1.000000,0.000000,0.070000,0.000000
1777189275.350110,0,0.000000,0.000000,0.000000,0.000000,0.430000,0.000000,1.000000,0.000000,0.070000,0.020000
1777189275.350659,0,0.000000,0.000000,0.000000,0.000000,0.500000,0.000000,1.000000,0.000000,0.140000,0.000000
1777189275.382307,0,0.000000,0.000000,0.000000,0.000000,0.570000,0.000000,1.000000,0.000000,0.000000,0.000000
1777189275.413227,0,0.000000,0.000000,0.000000,0.000000,0.680000,0.000000,1.000000,0.000000,0.070000,0.070000
1777189275.413747,0,0.000000,0.000000,0.000000,0.000000,0.750000,0.000000,1.000000,0.000000,0.000000,0.000000
1777189275.414155,0,0.000000,0.000000,0.000000,0.000000,0.830000,0.000000,1.000000,0.000000,0.000000,0.020000
1777189275.444865,0,0.000000,0.000000,0.000000,0.000000,0.930000,0.000000,1.000000,0.000000,0.070000,0.000000
1777189275.445378,0,0.000000,0.000000,0.000000,0.000000,1.000000,0.000000,0.110000,0.000000,0.000000,0.070000
1777189275.445969,0,0.000000,0.000000,0.000000,0.000000,1.000000,0.000000,0.380000,0.000000,0.000000,0.000000
1777189275.502699,0,0.000000,0.000000,0.000000,0.000000,1.000000,0.000000,0.660000,0.000000,0.070000,0.020000
1777189275.503227,0,0.000000,0.000000,0.000000,0.000000,1.000000,0.000000,0.000000,0.000000,0.070000,0.300000
1777189275.503638,0,0.000000,0.000000,0.000000,0.000000,1.000000,0.000000,0.270000,0.000000,0.070000,0.070000
1777189275.504022,0,0.000000,0.000000,0.000000,0.000000,1.000000,0.000000,0.210000,0.000000,0.070000,0.000000
1777189275.534867,0,0.000000,0.000000,0.000000,0.000000,1.000000,0.000000,0.050000,0.000000,0.070000,0.000000
1777189275.565762,0,0.000000,0.000000,0.000000,0.000000,1.000000,0.000000,0.540000,0.000000,0.070000,0.000000
1777189275.566269,0,0.000000,0.000000,0.000000,0.000000,1.000000,0.000000,1.000000,0.000000,0.000000,0.000000
1777189275.597331,0,0.000000,0.000000,0.000000,0.000000,1.000000,0.000000,1.000000,0.000000,0.000000,0.000000
1777189275.628542,0,0.000000,0.000000,0.000000,0.000000,1.000000,0.000000,1.000000,0.000000,0.000000,0.000000
1777189275.629093,0,0.000000,0.000000,0.000000,0.000000,1.000000,0.000000,1.000000,0.000000,0.070000,0.020000
1777189275.629543,0,0.000000,0.000000,0.000000,0.000000,1.000000,0.000000,1.000000,0.000000,0.000000,0.070000
1777189275.661659,0,0.000000,0.000000,0.000000,0.000000,1.000000,0.000000,1.000000,0.000000,0.000000,0.020000
1777189275.662192,0,0.000000,0.000000,0.000000,0.000000,1.000000,0.000000,1.000000,0.000000,0.000000,0.000000
1777189275.692980,0,0.000000,0.000000,0.000000,0.000000,1.000000,0.000000,1.000000,0.000000,0.000000,0.000000
1777189275.693478,0,0.000000,0.000000,0.000000,0.000000,1.000000,0.000000,1.000000,0.000000,0.000000,0.000000
1777189275.693875,0,0.000000,0.000000,0.000000,0.000000,1.000000,0.000000,1.000000,0.000000,0.140000,0.020000
1777189275.725148,0,0.000000,0.000000,0.000000,0.000000,1.000000,0.000000,1.000000,0.000000,0.070000,0.000000
1777189275.756784,0,0.000000,0.000000,0.000000,0.000000,1.000000,0.000000,0.090000,0.000000,0.070000,0.000000
1777189275.757339,0,0.000000,0.000000,0.000000,0.000000,1.000000,0.000000,0.000000,0.000000,0.070000,0.370000
1777189275.757746,0,0.000000,0.000000,0.000000,0.000000,1.000000,0.000000,0.830000,0.000000,0.070000,0.000000
1777189275.789443,0,0.000000,0.000000,0.000000,0.000000,1.000000,0.000000,1.000000,0.000000,0.000000,0.020000
1777189275.789946,0,0.000000,0.000000,0.000000,0.000000,1.000000,0.000000,0.100000,0.000000,0.000000,0.000000
1777189275.820968,0,0.000000,0.000000,0.000000,0.000000,1.000000,0.000000,0.880000,0.000000,0.000000,0.180000
1777189275.821477,0,0.000000,0.000000,0.000000,0.000000,1.000000,0.000000,1.000000,0.000000,0.000000,0.000000
1777189275.853980,0,0.000000,0.000000,0.000000,0.000000,1.000000,0.000000,1.000000,0.000000,0.070000,0.000000
1777189275.854492,0,0.000000,0.000000,0.000000,0.000000,1.000000,0.000000,1.000000,0.000000,0.000000,0.000000
1777189275.885962,0,0.000000,0.000000,0.000000,0.000000,1.000000,0.000000,0.000000,0.000000,0.140000,1.020000
1777189275.886473,0,0.000000,0.000000,0.000000,0.000000,1.000000,0.000000,0.770000,0.000000,0.070000,0.000000
1777189275.917655,0,0.000000,0.000000,0.000000,0.000000,1.000000,0.000000,1.000000,0.000000,0.070000,0.020000
1777189275.949414,0,0.000000,0.000000,0.000000,0.000000,1.000000,0.000000,1.000000,0.000000,0.070000,0.020000
1777189275.983291,0,0.000000,0.000000,0.000000,0.000000,1.000000,0.000000,1.000000,0.000000,0.070000,0.020000
1777189275.983797,0,0.000000,0.000000,0.000000,0.000000,1.000000,0.000000,1.000000,0.000000,0.000000,0.020000
1777189275.984215,0,0.000000,0.000000,0.000000,0.000000,0.010000,0.000000,1.000000,0.000000,0.000000,0.000000
1777189276.018320,0,0.000000,0.000000,0.000000,0.000000,0.100000,0.000000,1.000000,0.000000,0.000000,0.070000
1777189276.018841,0,0.000000,0.000000,0.000000,0.000000,0.200000,0.000000,1.000000,0.000000,0.070000,0.000000
1777189276.019256,0,0.000000,0.000000,0.000000,0.000000,0.280000,0.000000,1.000000,0.000000,0.000000,0.000000
1777189276.049691,0,0.000000,0.000000,0.000000,0.000000,0.360000,0.000000,1.000000,0.000000,0.000000,0.100000
1777189276.050217,0,0.000000,0.000000,0.000000,0.000000,0.440000,0.000000,1.000000,0.000000,0.000000,0.020000
1777189276.050638,0,0.000000,0.000000,0.000000,0.000000,0.540000,0.000000,1.000000,0.000000,0.000000,0.000000
1777189276.081411,0,0.000000,0.000000,0.000000,0.000000,0.620000,0.000000,1.000000,0.000000,0.000000,0.000000
1777189276.112799,0,0.000000,0.000000,0.000000,0.000000,0.720000,0.000000,1.000000,0.000000,0.140000,0.100000
1777189276.113309,0,0.000000,0.000000,0.000000,0.000000,0.800000,0.000000,1.000000,0.000000,0.000000,0.000000
1777189276.145372,0,0.000000,0.000000,0.000000,0.000000,0.870000,0.000000,0.000000,0.000000,0.070000,0.440000
1777189276.145865,0,0.000000,0.000000,0.000000,0.000000,0.950000,0.000000,0.770000,0.000000,0.000000,0.020000
1777189276.146298,0,0.000000,0.000000,0.000000,0.000000,1.000000,0.000000,1.000000,0.000000,0.070000,0.000000
1777189276.177176,0,0.000000,0.000000,0.000000,0.000000,1.000000,0.000000,1.000000,0.000000,0.000000,0.000000
1777189276.177686,0,0.000000,0.000000,0.000000,0.000000,1.000000,0.000000,1.000000,0.000000,0.000000,0.000000
1777189276.178085,0,0.000000,0.000000,0.000000,0.000000,1.000000,0.000000,1.000000,0.000000,0.000000,0.000000
1777189276.209440,0,0.000000,0.000000,0.000000,0.000000,1.000000,0.000000,1.000000,0.000000,0.070000,0.000000
1777189276.241237,0,0.000000,0.000000,0.000000,0.000000,1.000000,0.000000,1.000000,0.000000,0.070000,0.000000
1777189276.241813,0,0.000000,0.000000,0.000000,0.000000,1.000000,0.000000,0.000000,0.000000,0.000000,0.250000
1777189276.274375,0,0.000000,0.000000,0.000000,0.000000,1.000000,0.000000,0.770000,0.000000,0.070000,0.000000
1777189276.274884,0,0.000000,0.000000,0.000000,0.000000,1.000000,0.000000,1.000000,0.000000,0.000000,0.020000
1777189276.275277,0,0.000000,0.000000,0.000000,0.000000,1.000000,0.000000,1.000000,0.000000,0.000000,0.020000
1777189276.307260,0,0.000000,0.000000,0.000000,0.000000,1.000000,0.000000,1.000000,0.000000,0.070000,0.000000
1777189276.307778,0,0.000000,0.000000,0.000000,0.000000,1.000000,0.000000,1.000000,0.000000,0.000000,0.000000
1777189276.339982,0,0.000000,0.000000,0.000000,0.000000,1.000000,0.000000,1.000000,0.000000,0.070000,0.000000
1777189276.340485,0,0.000000,0.000000,0.000000,0.000000,1.000000,0.000000,1.000000,0.000000,0.000000,0.150000
1777189276.371513,0,0.000000,0.000000,0.000000,0.000000,1.000000,0.000000,1.000000,0.000000,0.070000,0.000000
1777189276.372017,0,0.000000,0.000000,0.000000,0.000000,1.000000,0.000000,1.000000,0.000000,0.000000,0.000000
1777189276.403112,0,0.000000,0.000000,0.000000,0.000000,1.000000,0.000000,1.000000,0.000000,0.000000,0.000000
1777189276.434591,0,0.000000,0.000000,0.000000,0.000000,1.000000,0.000000,1.000000,0.000000,0.000000,0.000000
1777189276.435128,0,0.000000,0.000000,0.000000,0.000000,1.000000,0.000000,1.000000,0.000000,0.000000,0.000000
1777189276.466018,0,0.000000,0.000000,0.000000,0.000000,1.000000,0.000000,1.000000,0.000000,0.070000,0.000000
1777189276.466583,0,0.000000,0.000000,0.000000,0.000000,1.000000,0.000000,1.000000,0.000000,0.070000,0.000000
1777189276.497281,0,0.000000,0.000000,0.000000,0.000000,1.000000,0.000000,1.000000,0.000000,0.000000,0.100000
1777189276.528039,0,0.000000,0.000000,0.000000,0.000000,1.000000,0.000000,1.000000,0.000000,0.070000,0.000000
1777189276.528554,0,0.000000,0.000000,0.000000,0.000000,1.000000,0.000000,1.000000,0.000000,0.070000,0.070000
1777189276.528950,0,0.000000,0.000000,0.000000,0.000000,1.000000,0.000000,1.000000,0.000000,0.000000,0.000000
1777189276.559890,0,0.000000,0.000000,0.000000,0.000000,1.000000,0.000000,1.000000,0.000000,0.000000,0.000000
1777189276.591301,0,0.000000,0.000000,0.000000,0.000000,1.000000,0.000000,1.000000,0.000000,0.070000,0.020000
1777189276.591810,0,0.000000,0.000000,0.000000,0.000000,1.000000,0.000000,1.000000,0.000000,0.070000,0.000000
1777189276.623168,0,0.000000,0.000000,0.000000,0.000000,1.000000,0.000000,1.000000,0.000000,0.000000,0.020000
1777189276.623893,0,0.000000,0.000000,0.000000,0.000000,1.000000,0.000000,1.000000,0.000000,0.000000,0.000000
1777189276.655277,0,0.000000,0.000000,0.000000,0.000000,1.000000,0.000000,1.000000,0.000000,0.140000,0.020000
1777189276.655782,0,0.000000,0.000000,0.000000,0.000000,1.000000,0.000000,1.000000,0.000000,0.000000,0.020000
1777189276.656182,0,0.000000,0.000000,0.000000,0.000000,1.000000,0.000000,1.000000,0.000000,0.070000,0.000000
1777189276.687656,0,0.000000,0.000000,0.000000,0.000000,1.000000,0.000000,1.000000,0.000000,0.000000,0.020000
1777189276.688174,0,0.000000,0.000000,0.000000,0.000000,1.000000,0.000000,1.000000,0.000000,0.070000,0.000000
1777189276.719746,0,0.000000,0.000000,0.000000,0.000000,1.000000,0.000000,0.560000,0.000000,0.000000,0.070000
1777189276.751414,0,0.000000,0.000000,0.000000,0.000000,1.000000,0.000000,1.000000,0.000000,0.000000,0.000000
1777189276.751903,0,0.000000,0.000000,0.000000,0.000000,1.000000,0.000000,1.000000,0.000000,0.070000,0.020000
1777189276.782687,0,0.000000,0.000000,0.000000,0.000000,1.000000,0.000000,1.000000,0.000000,0.070000,0.000000
1777189276.783213,0,0.000000,0.000000,0.000000,0.000000,1.000000,0.000000,1.000000,0.000000,0.070000,0.000000
1777189276.783606,0,0.000000,0.000000,0.000000,0.000000,1.000000,0.000000,0.000000,0.000000,0.070000,0.610000
1777189276.783995,0,0.000000,0.000000,0.000000,0.000000,1.000000,0.000000,0.180000,0.000000,0.070000,0.000000
1777189276.815847,0,0.000000,0.000000,0.000000,0.000000,1.000000,0.000000,0.120000,0.000000,0.000000,0.020000
1777189276.816366,0,0.000000,0.000000,0.000000,0.000000,1.000000,0.000000,1.000000,0.000000,0.000000,0.000000
1777189276.848151,0,0.000000,0.000000,0.000000,0.000000,1.000000,0.000000,1.000000,0.000000,0.000000,0.020000
1777189276.879117,0,0.000000,0.000000,0.000000,0.000000,1.000000,0.000000,0.120000,0.000000,0.000000,0.020000
1777189276.909870,0,0.000000,0.000000,0.000000,0.000000,1.000000,0.000000,1.000000,0.000000,0.000000,0.020000
1777189276.940665,0,0.000000,0.000000,0.000000,0.000000,1.000000,0.000000,1.000000,0.000000,0.000000,0.020000
1777189276.971808,0,0.000000,0.000000,0.000000,0.000000,1.000000,0.000000,1.000000,0.000000,0.070000,0.000000
1777189276.972336,0,0.000000,0.000000,0.000000,0.000000,1.000000,0.000000,1.000000,0.000000,0.000000,0.000000
1777189277.004061,0,0.000000,0.000000,0.000000,0.000000,1.000000,0.000000,1.000000,0.000000,0.000000,0.020000
1777189277.004584,0,0.000000,0.000000,0.000000,0.000000,1.000000,0.000000,1.000000,0.000000,0.070000,0.070000
1777189277.004990,0,0.000000,0.000000,0.000000,0.000000,1.000000,0.000000,1.000000,0.000000,0.000000,0.020000
1777189277.005387,0,0.000000,0.000000,0.000000,0.000000,1.000000,0.000000,1.000000,0.000000,0.000000,0.000000
1777189277.039058,0,0.000000,0.000000,0.000000,0.000000,1.000000,0.000000,1.000000,0.000000,0.000000,0.000000
1777189277.039559,0,0.000000,0.000000,0.000000,0.000000,1.000000,0.000000,1.000000,0.000000,0.000000,0.000000
1777189277.070253,0,0.000000,0.000000,0.000000,0.000000,1.000000,0.000000,1.000000,0.000000,0.000000,0.000000
1777189277.070770,0,0.000000,0.000000,0.000000,0.000000,1.000000,0.000000,1.000000,0.000000,0.140000,0.000000
1777189277.102563,0,0.000000,0.000000,0.000000,0.000000,1.000000,0.000000,1.000000,0.000000,0.070000,0.000000
1777189277.103069,0,0.000000,0.000000,0.000000,0.000000,1.000000,0.000000,1.000000,0.000000,0.000000,0.020000
1777189277.135208,0,0.000000,0.000000,0.000000,0.000000,1.000000,0.000000,1.000000,0.000000,0.000000,0.000000
1777189277.135721,0,0.000000,0.000000,0.000000,0.000000,1.000000,0.000000,1.000000,0.000000,0.070000,0.000000
1777189277.166581,0,0.000000,0.000000,0.000000,0.000000,1.000000,0.000000,1.000000,0.000000,0.000000,0.000000
1777189277.167089,0,0.000000,0.000000,0.000000,0.000000,1.000000,0.000000,1.000000,0.000000,0.070000,0.000000
1777189277.198925,0,0.000000,0.000000,0.000000,0.000000,1.000000,0.000000,1.000000,0.000000,0.000000,0.000000
1777189277.199453,0,0.000000,0.000000,0.000000,0.000000,1.000000,0.000000,1.000000,0.000000,0.000000,0.150000
1777189277.231828,0,0.000000,0.000000,0.000000,0.000000,1.000000,0.000000,1.000000,0.000000,0.000000,0.070000
1777189277.262532,0,0.000000,0.000000,0.000000,0.000000,1.000000,0.000000,1.000000,0.000000,0.000000,0.000000
1777189277.263038,0,0.000000,0.000000,0.000000,0.000000,0.000000,0.000000,1.000000,0.000000,0.000000,0.000000
1777189277.263438,0,0.000000,0.000000,0.000000,0.000000,0.070000,0.000000,1.000000,0.000000,0.140000,0.020000
1777189277.263831,0,0.000000,0.000000,0.000000,0.000000,0.170000,0.000000,1.000000,0.000000,0.000000,0.000000
1777189277.321256,0,0.000000,0.000000,0.000000,0.000000,0.250000,0.000000,1.000000,0.000000,0.000000,0.000000
1777189277.321791,0,0.000000,0.000000,0.000000,0.000000,0.340000,0.000000,1.000000,0.000000,0.000000,0.020000
1777189277.322193,0,0.000000,0.000000,0.000000,0.000000,0.430000,0.000000,1.000000,0.000000,0.140000,0.000000
1777189277.322575,0,0.000000,0.000000,0.000000,0.000000,0.500000,0.000000,0.050000,0.000000,0.070000,0.020000
1777189277.323182,0,0.000000,0.000000,0.000000,0.000000,0.600000,0.000000,1.000000,0.000000,0.140000,0.000000
1777189277.323663,0,0.000000,0.000000,0.000000,0.000000,0.680000,0.000000,1.000000,0.000000,0.000000,0.000000
1777189277.380763,0,0.000000,0.000000,0.000000,0.000000,0.760000,0.000000,1.000000,0.000000,0.070000,0.020000
1777189277.381310,0,0.000000,0.000000,0.000000,0.000000,0.860000,0.000000,1.000000,0.000000,0.070000,0.000000
1777189277.381970,0,0.000000,0.000000,0.000000,0.000000,0.930000,0.000000,1.000000,0.000000,0.000000,0.020000
1777189277.382403,0,0.000000,0.000000,0.000000,0.000000,1.000000,0.000000,0.330000,0.000000,0.070000,0.020000
1777189277.439303,0,0.000000,0.000000,0.000000,0.000000,1.000000,0.000000,1.000000,0.000000,0.070000,0.000000
1777189277.439988,0,0.000000,0.000000,0.000000,0.000000,1.000000,0.000000,1.000000,0.000000,0.000000,0.020000
1777189277.440413,0,0.000000,0.000000,0.000000,0.000000,1.000000,0.000000,1.000000,0.000000,0.000000,0.070000
1777189277.470807,0,0.000000,0.000000,0.000000,0.000000,1.000000,0.000000,1.000000,0.000000,0.000000,0.020000
1777189277.502554,0,0.000000,0.000000,0.000000,0.000000,1.000000,0.000000,1.000000,0.000000,0.070000,0.000000
1777189277.533284,0,0.000000,0.000000,0.000000,0.000000,1.000000,0.000000,1.000000,0.000000,0.000000,0.020000
1777189277.533795,0,0.000000,0.000000,0.000000,0.000000,1.000000,0.000000,1.000000,0.000000,0.140000,0.000000
1777189277.534190,0,0.000000,0.000000,0.000000,0.000000,1.000000,0.000000,1.000000,0.000000,0.000000,0.000000
1777189277.565484,0,0.000000,0.000000,0.000000,0.000000,1.000000,0.000000,1.000000,0.000000,0.000000,0.000000
1777189277.566007,0,0.000000,0.000000,0.000000,0.000000,1.000000,0.000000,0.400000,0.000000,0.070000,0.150000
1777189277.596267,0,0.000000,0.000000,0.000000,0.000000,1.000000,0.000000,1.000000,0.000000,0.070000,0.020000
1777189277.628549,0,0.000000,0.000000,0.000000,0.000000,1.000000,0.000000,1.000000,0.000000,0.070000,0.020000
1777189277.629100,0,0.000000,0.000000,0.000000,0.000000,1.000000,0.000000,1.000000,0.000000,0.000000,0.000000
1777189277.661285,0,0.000000,0.000000,0.000000,0.000000,1.000000,0.000000,1.000000,0.000000,0.000000,0.020000
1777189277.661813,0,0.000000,0.000000,0.000000,0.000000,1.000000,0.000000,1.000000,0.000000,0.000000,0.000000
1777189277.692830,0,0.000000,0.000000,0.000000,0.000000,1.000000,0.000000,1.000000,0.000000,0.000000,0.000000
1777189277.693362,0,0.000000,0.000000,0.000000,0.000000,0.000000,0.000000,1.000000,0.000000,0.070000,0.000000
1777189277.724639,0,0.000000,0.000000,0.000000,0.000000,0.070000,0.000000,1.000000,0.000000,0.070000,0.000000
1777189277.725143,0,0.000000,0.000000,0.000000,0.000000,0.110000,0.000000,1.000000,0.000000,0.140000,0.000000
1777189277.725679,0,0.000000,0.000000,0.000000,0.000000,0.180000,0.000000,1.000000,0.000000,0.070000,0.020000
1777189277.757208,0,0.000000,0.000000,0.000000,0.000000,0.230000,0.000000,1.000000,0.000000,0.070000,0.000000
1777189277.788428,0,0.000000,0.000000,0.000000,0.000000,0.280000,0.000000,1.000000,0.000000,0.000000,0.000000
1777189277.789069,0,0.000000,0.000000,0.000000,0.000000,0.340000,0.000000,1.000000,0.000000,0.070000,0.020000
1777189277.822037,0,0.000000,0.000000,0.000000,0.000000,0.400000,0.000000,1.000000,0.000000,0.000000,0.000000
1777189277.822545,0,0.000000,0.000000,0.000000,0.000000,0.460000,0.000000,1.000000,0.000000,0.000000,0.000000
1777189277.854144,0,0.000000,0.000000,0.000000,0.000000,0.510000,0.000000,1.000000,0.000000,0.070000,0.000000
1777189277.854656,0,0.000000,0.000000,0.000000,0.000000,0.570000,0.000000,0.600000,0.000000,0.000000,0.000000
1777189277.886260,0,0.000000,0.000000,0.000000,0.000000,0.630000,0.000000,1.000000,0.000000,0.070000,0.020000
1777189277.886778,0,0.000000,0.000000,0.000000,0.000000,0.680000,0.000000,1.000000,0.000000,0.140000,0.070000
1777189277.887170,0,0.000000,0.000000,0.000000,0.000000,0.750000,0.000000,0.600000,0.000000,0.000000,0.000000
1777189277.917954,0,0.000000,0.000000,0.000000,0.000000,0.800000,0.000000,1.000000,0.000000,0.000000,0.000000
1777189277.918497,0,0.000000,0.000000,0.000000,0.000000,0.860000,0.000000,1.000000,0.000000,0.000000,0.000000
1777189277.950256,0,0.000000,0.000000,0.000000,0.000000,0.000000,0.000000,1.000000,0.000000,0.360000,0.000000
1777189277.950979,0,0.000000,0.000000,0.000000,0.000000,0.030000,0.000000,1.000000,0.000000,0.070000,0.180000
1777189277.982096,0,0.000000,0.000000,0.000000,0.000000,0.090000,0.000000,1.000000,0.000000,0.000000,0.000000
1777189277.982603,0,0.000000,0.000000,0.000000,0.000000,0.120000,0.000000,1.000000,0.000000,0.000000,0.180000
1777189277.982997,0,0.000000,0.000000,0.000000,0.000000,0.170000,0.000000,1.000000,0.000000,0.070000,0.000000
1777189278.017305,0,0.000000,0.000000,0.000000,0.000000,0.210000,0.000000,1.000000,0.000000,0.070000,0.020000
1777189278.017920,0,0.000000,0.000000,0.000000,0.000000,0.270000,0.000000,0.460000,0.000000,0.000000,0.020000
1777189278.050766,0,0.000000,0.000000,0.000000,0.000000,0.310000,0.000000,1.000000,0.000000,0.000000,0.000000
1777189278.051384,0,0.000000,0.000000,0.000000,0.000000,0.360000,0.000000,1.000000,0.000000,0.070000,0.000000
1777189278.083513,0,0.000000,0.000000,0.000000,0.000000,0.400000,0.000000,1.000000,0.000000,0.070000,0.000000
1777189278.084076,0,0.000000,0.000000,0.000000,0.000000,0.440000,0.000000,1.000000,0.000000,0.140000,0.020000
1777189278.115735,0,0.000000,0.000000,0.000000,0.000000,0.500000,0.000000,1.000000,0.000000,0.000000,0.000000
1777189278.116250,0,0.000000,0.000000,0.000000,0.000000,0.540000,0.000000,0.120000,0.000000,0.000000,0.100000
1777189278.116659,0,0.000000,0.000000,0.000000,0.000000,0.570000,0.000000,1.000000,0.000000,0.000000,0.000000
1777189278.148079,0,0.000000,0.000000,0.000000,0.000000,0.620000,0.000000,1.000000,0.000000,0.000000,0.000000
1777189278.182626,0,0.000000,0.000000,0.000000,0.000000,0.680000,0.000000,1.000000,0.000000,0.000000,0.000000
1777189278.183161,0,0.000000,0.000000,0.000000,0.000000,0.730000,0.000000,1.000000,0.000000,0.000000,0.100000
1777189278.214080,0,0.000000,0.000000,0.000000,0.000000,0.760000,0.000000,1.000000,0.000000,0.070000,0.020000
1777189278.214602,0,0.000000,0.000000,0.000000,0.000000,0.810000,0.000000,1.000000,0.000000,0.000000,0.000000
1777189278.214995,0,0.000000,0.000000,0.000000,0.000000,0.860000,0.000000,1.000000,0.000000,0.070000,0.000000
1777189278.246328,0,0.000000,0.000000,0.000000,0.000000,0.000000,0.000000,1.000000,0.000000,0.000000,0.000000
1777189278.246845,0,0.000000,0.000000,0.000000,0.000000,0.050000,0.000000,1.000000,0.000000,0.000000,0.000000
1777189278.278018,0,0.000000,0.000000,0.000000,0.000000,0.100000,0.000000,1.000000,0.000000,0.000000,0.000000
1777189278.278518,0,0.000000,0.000000,0.000000,0.000000,0.150000,0.000000,1.000000,0.000000,0.070000,0.000000
1777189278.309919,0,0.000000,0.000000,0.000000,0.000000,0.200000,0.000000,1.000000,0.000000,0.070000,0.000000
1777189278.343262,0,0.000000,0.000000,0.000000,0.000000,0.230000,0.000000,1.000000,0.000000,0.070000,0.020000
1777189278.343763,0,0.000000,0.000000,0.000000,0.000000,0.280000,0.000000,1.000000,0.000000,0.070000,0.020000
1777189278.344226,0,0.000000,0.000000,0.000000,0.000000,0.340000,0.000000,0.200000,0.000000,0.000000,0.020000
1777189278.375333,0,0.000000,0.000000,0.000000,0.000000,0.370000,0.000000,1.000000,0.000000,0.000000,0.000000
1777189278.375823,0,0.000000,0.000000,0.000000,0.000000,0.430000,0.000000,1.000000,0.000000,0.140000,0.000000
1777189278.406677,0,0.000000,0.000000,0.000000,0.000000,0.470000,0.000000,1.000000,0.000000,0.070000,0.000000
1777189278.438593,0,0.000000,0.000000,0.000000,0.000000,0.510000,0.000000,1.000000,0.000000,0.070000,0.070000
1777189278.439113,0,0.000000,0.000000,0.000000,0.000000,0.560000,0.000000,1.000000,0.000000,0.000000,0.000000
1777189278.470449,0,0.000000,0.000000,0.000000,0.000000,0.620000,0.000000,1.000000,0.000000,0.070000,0.000000
1777189278.470981,0,0.000000,0.000000,0.000000,0.000000,0.670000,0.000000,1.000000,0.000000,0.000000,0.000000
1777189278.471386,0,0.000000,0.000000,0.000000,0.000000,0.720000,0.000000,1.000000,0.000000,0.000000,0.000000
1777189278.471809,0,0.000000,0.000000,0.000000,0.000000,0.750000,0.000000,1.000000,0.000000,0.070000,0.000000
1777189278.503035,0,0.000000,0.000000,0.000000,0.000000,0.810000,0.000000,1.000000,0.000000,0.070000,0.020000
1777189278.534328,0,0.000000,0.000000,0.000000,0.000000,0.860000,0.000000,1.000000,0.000000,0.000000,0.000000
1777189278.534823,0,0.000000,0.000000,0.000000,0.000000,0.000000,0.000000,1.000000,0.000000,0.070000,0.000000
1777189278.535380,0,0.000000,0.000000,0.000000,0.000000,0.050000,0.000000,1.000000,0.000000,0.000000,0.020000
1777189278.566228,0,0.000000,0.000000,0.000000,0.000000,0.100000,0.000000,0.200000,0.000000,0.000000,0.000000
1777189278.566748,0,0.000000,0.000000,0.000000,0.000000,0.170000,0.000000,1.000000,0.000000,0.000000,0.020000
1777189278.597787,0,0.000000,0.000000,0.000000,0.000000,0.210000,0.000000,1.000000,0.000000,0.000000,0.000000
1777189278.598304,0,0.000000,0.000000,0.000000,0.000000,0.280000,0.000000,1.000000,0.000000,0.070000,0.000000
1777189278.629431,0,0.000000,0.000000,0.000000,0.000000,0.330000,0.000000,1.000000,0.000000,0.000000,0.000000
1777189278.630011,0,0.000000,0.000000,0.000000,0.000000,0.380000,0.000000,1.000000,0.000000,0.000000,0.150000
1777189278.662907,0,0.000000,0.000000,0.000000,0.000000,0.430000,0.000000,1.000000,0.000000,0.000000,0.000000
1777189278.663421,0,0.000000,0.000000,0.000000,0.000000,0.490000,0.000000,1.000000,0.000000,0.070000,0.000000
1777189278.696110,0,0.000000,0.000000,0.000000,0.000000,0.550000,0.000000,1.000000,0.000000,0.000000,0.000000
1777189278.696694,0,0.000000,0.000000,0.000000,0.000000,0.600000,0.000000,1.000000,0.000000,0.070000,0.000000
1777189278.727796,0,0.000000,0.000000,0.000000,0.000000,0.640000,0.000000,0.730000,0.000000,0.000000,0.000000
1777189278.728315,0,0.000000,0.000000,0.000000,0.000000,0.690000,0.000000,1.000000,0.000000,0.070000,0.000000
1777189278.728712,0,0.000000,0.000000,0.000000,0.000000,0.750000,0.000000,1.000000,0.000000,0.000000,0.000000
1777189278.786302,0,0.000000,0.000000,0.000000,0.000000,0.810000,0.000000,1.000000,0.000000,0.000000,0.000000
1777189278.787110,0,0.000000,0.000000,0.000000,0.000000,0.860000,0.000000,0.460000,0.000000,0.070000,0.020000
1777189278.787540,0,0.000000,0.000000,0.000000,0.000000,0.920000,0.000000,1.000000,0.000000,0.070000,0.020000
1777189278.787959,0,0.000000,0.000000,0.000000,0.000000,0.970000,0.000000,1.000000,0.000000,0.070000,0.000000
1777189278.788388,0,0.000000,0.000000,0.000000,0.000000,1.000000,0.000000,1.000000,0.000000,0.000000,0.020000
1777189278.788839,0,0.000000,0.000000,0.000000,0.000000,1.000000,0.000000,1.000000,0.000000,0.000000,0.000000
1777189278.845062,0,0.000000,0.000000,0.000000,0.000000,1.000000,0.000000,1.000000,0.000000,0.000000,0.000000
1777189278.845591,0,0.000000,0.000000,0.000000,0.000000,1.000000,0.000000,0.000000,0.000000,0.000000,0.410000
1777189278.903472,0,0.000000,0.000000,0.000000,0.000000,1.000000,0.000000,0.930000,0.000000,0.140000,0.000000
1777189278.904000,0,0.000000,0.000000,0.000000,0.000000,1.000000,0.000000,1.000000,0.000000,0.070000,0.210000
1777189278.904409,0,0.000000,0.000000,0.000000,0.000000,1.000000,0.000000,1.000000,0.000000,0.070000,0.020000
1777189278.905104,0,0.000000,0.000000,0.000000,0.000000,1.000000,0.000000,1.000000,0.000000,0.070000,0.000000
1777189278.905659,0,0.000000,0.000000,0.000000,0.000000,1.000000,0.000000,1.000000,0.000000,0.000000,0.020000
1777189278.962950,0,0.000000,0.000000,0.000000,0.000000,1.000000,0.000000,1.000000,0.000000,0.000000,0.020000
1777189278.963498,0,0.000000,0.000000,0.000000,0.000000,1.000000,0.000000,1.000000,0.000000,0.000000,0.000000
1777189278.964068,0,0.000000,0.000000,0.000000,0.000000,1.000000,0.000000,1.000000,0.000000,0.070000,0.180000
1777189278.964481,0,0.000000,0.000000,0.000000,0.000000,1.000000,0.000000,1.000000,0.000000,0.140000,0.000000
1777189279.023808,0,0.000000,0.000000,0.000000,0.000000,1.000000,0.000000,1.000000,0.000000,0.000000,0.070000
1777189279.024540,0,0.000000,0.000000,0.000000,0.000000,1.000000,0.000000,0.330000,0.000000,0.070000,0.000000
1777189279.024966,0,0.000000,0.000000,0.000000,0.000000,0.000000,0.000000,1.000000,0.000000,0.000000,0.070000
1777189279.025353,0,0.000000,0.000000,0.000000,0.000000,0.050000,0.000000,1.000000,0.000000,0.070000,0.000000
1777189279.086925,0,0.000000,0.000000,0.000000,0.000000,0.100000,0.000000,0.200000,0.000000,0.070000,0.020000
1777189279.087628,0,0.000000,0.000000,0.000000,0.000000,0.140000,0.000000,1.000000,0.000000,0.070000,0.000000
1777189279.088059,0,0.000000,0.000000,0.000000,0.000000,0.180000,0.000000,0.250000,0.000000,0.070000,0.000000
1777189279.145009,0,0.000000,0.000000,0.000000,0.000000,0.210000,0.000000,1.000000,0.000000,0.070000,0.000000
1777189279.145522,0,0.000000,0.000000,0.000000,0.000000,0.250000,0.000000,1.000000,0.000000,0.070000,0.000000
1777189279.204057,0,0.000000,0.000000,0.000000,0.000000,0.300000,0.000000,0.150000,0.000000,0.070000,0.000000
1777189279.204580,0,0.000000,0.000000,0.000000,0.000000,0.340000,0.000000,0.250000,0.000000,0.000000,0.020000
1777189279.205055,0,0.000000,0.000000,0.000000,0.000000,0.370000,0.000000,0.770000,0.000000,0.140000,0.070000
1777189279.205466,0,0.000000,0.000000,0.000000,0.000000,0.410000,0.000000,1.000000,0.000000,0.070000,0.020000
1777189279.205858,0,0.000000,0.000000,0.000000,0.000000,0.460000,0.000000,1.000000,0.000000,0.000000,0.000000
1777189279.206496,0,0.000000,0.000000,0.000000,0.000000,0.500000,0.000000,1.000000,0.000000,0.000000,0.000000
1777189279.206982,0,0.000000,0.000000,0.000000,0.000000,0.550000,0.000000,1.000000,0.000000,0.000000,0.100000
1777189279.264545,0,0.000000,0.000000,0.000000,0.000000,0.600000,0.000000,1.000000,0.000000,0.070000,0.000000
1777189279.265085,0,0.000000,0.000000,0.000000,0.000000,0.620000,0.000000,1.000000,0.000000,0.000000,0.000000
1777189279.265750,0,0.000000,0.000000,0.000000,0.000000,0.670000,0.000000,1.000000,0.000000,0.070000,0.000000
1777189279.323783,0,0.000000,0.000000,0.000000,0.000000,0.720000,0.000000,1.000000,0.000000,0.000000,0.000000
1777189279.324301,0,0.000000,0.000000,0.000000,0.000000,0.750000,0.000000,1.000000,0.000000,0.070000,0.020000
1777189279.324704,0,0.000000,0.000000,0.000000,0.000000,0.800000,0.000000,1.000000,0.000000,0.000000,0.000000
1777189279.325264,0,0.000000,0.000000,0.000000,0.000000,0.850000,0.000000,1.000000,0.000000,0.070000,0.000000
1777189279.325692,0,0.000000,0.000000,0.000000,0.000000,0.880000,0.000000,1.000000,0.000000,0.070000,0.000000
1777189279.383026,0,0.000000,0.000000,0.000000,0.000000,0.930000,0.000000,1.000000,0.000000,0.000000,0.020000
1777189279.383551,0,0.000000,0.000000,0.000000,0.000000,0.970000,0.000000,1.000000,0.000000,0.070000,0.070000
1777189279.384114,0,0.000000,0.000000,0.000000,0.000000,1.000000,0.000000,1.000000,0.000000,0.000000,0.000000
1777189279.384521,0,0.000000,0.000000,0.000000,0.000000,1.000000,0.000000,0.000000,0.000000,0.000000,0.490000
1777189279.441751,0,0.000000,0.000000,0.000000,0.000000,1.000000,0.000000,0.270000,0.000000,0.000000,0.000000
1777189279.442276,0,0.000000,0.000000,0.000000,0.000000,1.000000,0.000000,1.000000,0.000000,0.000000,0.000000
1777189279.442853,0,0.000000,0.000000,0.000000,0.000000,0.010000,0.000000,1.000000,0.000000,0.000000,0.000000
1777189279.499612,0,0.000000,0.000000,0.000000,0.000000,0.050000,0.000000,1.000000,0.000000,0.000000,0.020000
1777189279.500149,0,0.000000,0.000000,0.000000,0.000000,0.000000,0.000000,1.000000,0.000000,0.000000,0.020000
1777189279.500737,0,0.000000,0.000000,0.000000,0.000000,0.000000,0.000000,1.000000,0.000000,0.730000,0.000000
1777189279.501170,0,0.000000,0.000000,0.000000,0.000000,0.020000,0.000000,1.000000,0.000000,0.000000,0.000000
1777189279.559461,0,0.000000,0.000000,0.000000,0.000000,0.070000,0.000000,1.000000,0.000000,0.000000,0.000000
1777189279.560187,0,0.000000,0.000000,0.000000,0.000000,0.100000,0.000000,1.000000,0.000000,0.000000,0.150000
1777189279.560616,0,0.000000,0.000000,0.000000,0.000000,0.140000,0.000000,1.000000,0.000000,0.000000,0.100000
1777189279.561004,0,0.000000,0.000000,0.000000,0.000000,0.000000,0.000000,0.030000,0.000000,0.070000,0.070000
1777189279.617929,0,0.000000,0.000000,0.000000,0.000000,0.050000,0.000000,0.760000,0.000000,0.070000,0.000000
1777189279.618467,0,0.000000,0.000000,0.000000,0.000000,0.090000,0.000000,1.000000,0.000000,0.070000,0.070000
1777189279.619061,0,0.000000,0.000000,0.000000,0.000000,0.120000,0.000000,1.000000,0.000000,0.070000,0.000000
1777189279.619481,0,0.000000,0.000000,0.000000,0.000000,0.170000,0.000000,1.000000,0.000000,0.000000,0.020000
1777189279.676013,0,0.000000,0.000000,0.000000,0.000000,0.200000,0.000000,1.000000,0.000000,0.070000,0.000000
1777189279.676720,0,0.000000,0.000000,0.000000,0.000000,0.230000,0.000000,1.000000,0.000000,0.000000,0.000000
1777189279.735345,0,0.000000,0.000000,0.000000,0.000000,0.270000,0.000000,1.000000,0.000000,0.070000,0.070000
1777189279.793225,0,0.000000,0.000000,0.000000,0.000000,0.310000,0.000000,0.500000,0.000000,0.000000,0.020000
1777189279.794174,0,0.000000,0.000000,0.000000,0.000000,0.340000,0.000000,1.000000,0.000000,0.000000,0.000000
1777189279.794634,0,0.000000,0.000000,0.000000,0.000000,0.370000,0.000000,1.000000,0.000000,0.000000,0.000000
1777189279.795044,0,0.000000,0.000000,0.000000,0.000000,0.490000,0.000000,1.000000,0.000000,0.000000,0.000000
1777189279.795451,0,0.000000,0.000000,0.000000,0.000000,0.560000,0.000000,1.000000,0.000000,0.070000,0.000000
1777189279.853055,0,0.000000,0.000000,0.000000,0.000000,0.630000,0.000000,1.000000,0.000000,0.070000,0.000000
1777189279.853632,0,0.000000,0.000000,0.000000,0.000000,0.680000,0.000000,0.210000,0.000000,0.070000,0.000000
1777189279.911126,0,0.000000,0.000000,0.000000,0.000000,0.720000,0.000000,0.940000,0.000000,0.070000,0.020000
1777189279.911644,0,0.000000,0.000000,0.000000,0.000000,0.750000,0.000000,1.000000,0.000000,0.070000,0.020000
1777189279.912249,0,0.000000,0.000000,0.000000,0.000000,0.790000,0.000000,0.210000,0.000000,0.000000,0.000000
1777189279.912699,0,0.000000,0.000000,0.000000,0.000000,0.820000,0.000000,0.940000,0.000000,0.000000,0.000000
1777189279.913080,0,0.000000,0.000000,0.000000,0.000000,0.860000,0.000000,1.000000,0.000000,0.000000,0.000000
1777189279.970416,0,0.000000,0.000000,0.000000,0.000000,0.890000,0.000000,1.000000,0.000000,0.000000,0.000000
1777189279.970931,0,0.000000,0.000000,0.000000,0.000000,0.930000,0.000000,1.000000,0.000000,0.000000,0.000000
1777189279.971340,0,0.000000,0.000000,0.000000,0.000000,0.980000,0.000000,1.000000,0.000000,0.070000,0.070000
1777189279.971724,0,0.000000,0.000000,0.000000,0.000000,1.000000,0.000000,1.000000,0.000000,0.140000,0.020000
1777189279.972112,0,0.000000,0.000000,0.000000,0.000000,1.000000,0.000000,1.000000,0.000000,0.070000,0.000000
1777189280.031940,0,0.000000,0.000000,0.000000,0.000000,1.000000,0.000000,1.000000,0.000000,0.000000,0.000000
1777189280.032605,0,0.000000,0.000000,0.000000,0.000000,1.000000,0.000000,1.000000,0.000000,0.000000,0.000000
1777189280.064529,0,0.000000,0.000000,0.000000,0.000000,1.000000,0.000000,1.000000,0.000000,0.070000,0.000000
1777189280.095717,0,0.000000,0.000000,0.000000,0.000000,1.000000,0.000000,1.000000,0.000000,0.140000,0.000000
1777189280.096260,0,0.000000,0.000000,0.000000,0.000000,1.000000,0.000000,1.000000,0.000000,0.000000,0.000000
1777189280.096779,0,0.000000,0.000000,0.000000,0.000000,1.000000,0.000000,1.000000,0.000000,0.070000,0.000000
1777189280.128406,0,0.000000,0.000000,0.000000,0.000000,1.000000,0.000000,1.000000,0.000000,0.070000,0.000000
1777189280.128941,0,0.000000,0.000000,0.000000,0.000000,1.000000,0.000000,1.000000,0.000000,0.000000,0.000000
1777189280.160609,0,0.000000,0.000000,0.000000,0.000000,1.000000,0.000000,1.000000,0.000000,0.000000,0.000000
1777189280.161108,0,0.000000,0.000000,0.000000,0.000000,1.000000,0.000000,1.000000,0.000000,0.000000,0.000000
1777189280.193461,0,0.000000,0.000000,0.000000,0.000000,1.000000,0.000000,1.000000,0.000000,0.000000,0.000000
1777189280.225591,0,0.000000,0.000000,0.000000,0.000000,1.000000,0.000000,1.000000,0.000000,0.070000,0.020000
1777189280.226107,0,0.000000,0.000000,0.000000,0.000000,1.000000,0.000000,1.000000,0.000000,0.000000,0.020000
1777189280.226509,0,0.000000,0.000000,0.000000,0.000000,1.000000,0.000000,1.000000,0.000000,0.070000,0.000000
1777189280.257889,0,0.000000,0.000000,0.000000,0.000000,1.000000,0.000000,1.000000,0.000000,0.070000,0.000000
1777189280.258414,0,0.000000,0.000000,0.000000,0.000000,1.000000,0.000000,1.000000,0.000000,0.070000,0.000000
1777189280.291495,0,0.000000,0.000000,0.000000,0.000000,1.000000,0.000000,1.000000,0.000000,0.000000,0.000000
1777189280.322245,0,0.000000,0.000000,0.000000,0.000000,1.000000,0.000000,1.000000,0.000000,0.000000,0.020000
1777189280.354784,0,0.000000,0.000000,0.000000,0.000000,1.000000,0.000000,1.000000,0.000000,0.070000,0.020000
1777189280.355296,0,0.000000,0.000000,0.000000,0.000000,1.000000,0.000000,1.000000,0.000000,0.070000,0.000000
1777189280.386395,0,0.000000,0.000000,0.000000,0.000000,1.000000,0.000000,1.000000,0.000000,0.000000,0.000000
1777189280.386957,0,0.000000,0.000000,0.000000,0.000000,1.000000,0.000000,1.000000,0.000000,0.070000,0.000000
1777189280.387376,0,0.000000,0.000000,0.000000,0.000000,1.000000,0.000000,1.000000,0.000000,0.000000,0.070000
1777189280.387793,0,0.000000,0.000000,0.000000,0.000000,1.000000,0.000000,0.180000,0.000000,0.070000,0.150000
1777189280.420608,0,0.000000,0.000000,0.000000,0.000000,1.000000,0.000000,0.200000,0.000000,0.000000,0.070000
1777189280.421113,0,0.000000,0.000000,0.000000,0.000000,1.000000,0.000000,0.860000,0.000000,0.000000,0.020000
1777189280.451642,0,0.000000,0.000000,0.000000,0.000000,1.000000,0.000000,1.000000,0.000000,0.070000,0.020000
1777189280.452161,0,0.000000,0.000000,0.000000,0.000000,1.000000,0.000000,1.000000,0.000000,0.000000,0.020000
1777189280.452558,0,0.000000,0.000000,0.000000,0.000000,1.000000,0.000000,1.000000,0.000000,0.000000,0.000000
1777189280.484251,0,0.000000,0.000000,0.000000,0.000000,1.000000,0.000000,1.000000,0.000000,0.000000,0.020000
1777189280.514997,0,0.000000,0.000000,0.000000,0.000000,1.000000,0.000000,1.000000,0.000000,0.070000,0.000000
1777189280.515730,0,0.000000,0.000000,0.000000,0.000000,1.000000,0.000000,1.000000,0.000000,0.070000,0.000000
1777189280.516301,0,0.000000,0.000000,0.000000,0.000000,1.000000,0.000000,1.000000,0.000000,0.000000,0.020000
1777189280.547179,0,0.000000,0.000000,0.000000,0.000000,1.000000,0.000000,0.380000,0.000000,0.070000,0.000000
1777189280.547770,0,0.000000,0.000000,0.000000,0.000000,1.000000,0.000000,1.000000,0.000000,0.070000,0.100000
1777189280.606293,0,0.000000,0.000000,0.000000,0.000000,1.000000,0.000000,1.000000,0.000000,0.070000,0.000000
1777189280.606807,0,0.000000,0.000000,0.000000,0.000000,1.000000,0.000000,1.000000,0.000000,0.000000,0.000000
1777189280.607212,0,0.000000,0.000000,0.000000,0.000000,1.000000,0.000000,1.000000,0.000000,0.070000,0.000000
1777189280.607590,0,0.000000,0.000000,0.000000,0.000000,1.000000,0.000000,1.000000,0.000000,0.000000,0.020000
1777189280.608111,0,0.000000,0.000000,0.000000,0.000000,1.000000,0.000000,0.170000,0.000000,0.000000,0.000000
1777189280.666001,0,0.000000,0.000000,0.000000,0.000000,1.000000,0.000000,0.810000,0.000000,0.070000,0.000000
1777189280.666557,0,0.000000,0.000000,0.000000,0.000000,1.000000,0.000000,0.050000,0.000000,0.000000,0.000000
1777189280.666969,0,0.000000,0.000000,0.000000,0.000000,1.000000,0.000000,0.540000,0.000000,0.000000,0.000000
1777189280.724686,0,0.000000,0.000000,0.000000,0.000000,1.000000,0.000000,0.000000,0.000000,0.000000,0.300000
1777189280.725415,0,0.000000,0.000000,0.000000,0.000000,1.000000,0.000000,0.510000,0.000000,0.070000,0.070000
1777189280.726037,0,0.000000,0.000000,0.000000,0.000000,1.000000,0.000000,1.000000,0.000000,0.000000,0.000000
1777189280.726622,0,0.000000,0.000000,0.000000,0.000000,1.000000,0.000000,1.000000,0.000000,0.000000,0.180000
1777189280.757190,0,0.000000,0.000000,0.000000,0.000000,1.000000,0.000000,1.000000,0.000000,0.000000,0.020000
1777189280.787843,0,0.000000,0.000000,0.000000,0.000000,1.000000,0.000000,1.000000,0.000000,0.000000,0.020000
1777189280.788348,0,0.000000,0.000000,0.000000,0.000000,1.000000,0.000000,1.000000,0.000000,0.070000,0.000000
1777189280.819981,0,0.000000,0.000000,0.000000,0.000000,1.000000,0.000000,1.000000,0.000000,0.000000,0.000000
1777189280.851855,0,0.000000,0.000000,0.000000,0.000000,1.000000,0.000000,1.000000,0.000000,0.000000,0.000000
1777189280.852375,0,0.000000,0.000000,0.000000,0.000000,1.000000,0.000000,1.000000,0.000000,0.070000,0.000000
1777189280.852841,0,0.000000,0.000000,0.000000,0.000000,1.000000,0.000000,1.000000,0.000000,0.000000,0.000000
1777189280.884056,0,0.000000,0.000000,0.000000,0.000000,1.000000,0.000000,1.000000,0.000000,0.000000,0.020000
1777189280.884650,0,0.000000,0.000000,0.000000,0.000000,1.000000,0.000000,1.000000,0.000000,0.000000,0.020000
1777189280.885168,0,0.000000,0.000000,0.000000,0.000000,1.000000,0.000000,1.000000,0.000000,0.070000,0.000000
1777189280.916965,0,0.000000,0.000000,0.000000,0.000000,1.000000,0.000000,0.070000,0.000000,0.000000,0.000000
1777189280.948228,0,0.000000,0.000000,0.000000,0.000000,1.000000,0.000000,0.070000,0.000000,0.000000,0.000000
1777189280.948730,0,0.000000,0.000000,0.000000,0.000000,1.000000,0.000000,0.640000,0.000000,0.070000,0.020000
1777189280.949126,0,0.000000,0.000000,0.000000,0.000000,1.000000,0.000000,1.000000,0.000000,0.000000,0.020000
1777189280.980285,0,0.000000,0.000000,0.000000,0.000000,1.000000,0.000000,1.000000,0.000000,0.000000,0.000000
1777189281.012183,0,0.000000,0.000000,0.000000,0.000000,1.000000,0.000000,1.000000,0.000000,0.070000,0.000000
1777189281.012948,0,0.000000,0.000000,0.000000,0.000000,1.000000,0.000000,1.000000,0.000000,0.140000,0.000000
1777189281.014525,0,0.000000,0.000000,0.000000,0.000000,1.000000,0.000000,1.000000,0.000000,0.000000,0.000000
1777189281.015270,0,0.000000,0.000000,0.000000,0.000000,1.000000,0.000000,1.000000,0.000000,0.000000,0.000000
1777189281.055018,0,0.000000,0.000000,0.000000,0.000000,1.000000,0.000000,1.000000,0.000000,0.000000,0.000000
1777189281.055685,0,0.000000,0.000000,0.000000,0.000000,1.000000,0.000000,1.000000,0.000000,0.000000,0.070000
1777189281.089005,0,0.000000,0.000000,0.000000,0.000000,1.000000,0.000000,1.000000,0.000000,0.070000,0.000000
1777189281.089681,0,0.000000,0.000000,0.000000,0.000000,0.000000,0.000000,1.000000,0.000000,0.000000,0.000000
1777189281.121676,0,0.000000,0.000000,0.000000,0.000000,0.050000,0.000000,1.000000,0.000000,0.000000,0.000000
1777189281.122173,0,0.000000,0.000000,0.000000,0.000000,0.090000,0.000000,1.000000,0.000000,0.070000,0.020000
1777189281.122563,0,0.000000,0.000000,0.000000,0.000000,0.110000,0.000000,1.000000,0.000000,0.070000,0.000000
1777189281.154069,0,0.000000,0.000000,0.000000,0.000000,0.150000,0.000000,1.000000,0.000000,0.070000,0.000000
1777189281.185733,0,0.000000,0.000000,0.000000,0.000000,0.180000,0.000000,1.000000,0.000000,0.070000,0.100000
1777189281.216942,0,0.000000,0.000000,0.000000,0.000000,0.230000,0.000000,1.000000,0.000000,0.070000,0.000000
1777189281.217479,0,0.000000,0.000000,0.000000,0.000000,0.270000,0.000000,1.000000,0.000000,0.140000,0.000000
1777189281.217886,0,0.000000,0.000000,0.000000,0.000000,0.300000,0.000000,1.000000,0.000000,0.070000,0.000000
1777189281.218284,0,0.000000,0.000000,0.000000,0.000000,0.340000,0.000000,1.000000,0.000000,0.000000,0.000000
1777189281.276716,0,0.000000,0.000000,0.000000,0.000000,0.370000,0.000000,1.000000,0.000000,0.070000,0.070000
1777189281.277328,0,0.000000,0.000000,0.000000,0.000000,0.410000,0.000000,1.000000,0.000000,0.070000,0.000000
1777189281.277757,0,0.000000,0.000000,0.000000,0.000000,0.440000,0.000000,1.000000,0.000000,0.000000,0.020000
1777189281.278153,0,0.000000,0.000000,0.000000,0.000000,0.490000,0.000000,1.000000,0.000000,0.000000,0.000000
1777189281.278532,0,0.000000,0.000000,0.000000,0.000000,0.510000,0.000000,1.000000,0.000000,0.000000,0.000000
1777189281.308887,0,0.000000,0.000000,0.000000,0.000000,0.560000,0.000000,1.000000,0.000000,0.000000,0.000000
1777189281.340341,0,0.000000,0.000000,0.000000,0.000000,0.600000,0.000000,1.000000,0.000000,0.070000,0.000000
1777189281.341112,0,0.000000,0.000000,0.000000,0.000000,0.630000,0.000000,1.000000,0.000000,0.000000,0.020000
1777189281.372534,0,0.000000,0.000000,0.000000,0.000000,0.680000,0.000000,1.000000,0.000000,0.000000,0.000000
1777189281.373186,0,0.000000,0.000000,0.000000,0.000000,0.720000,0.000000,1.000000,0.000000,0.070000,0.070000
1777189281.403616,0,0.000000,0.000000,0.000000,0.000000,0.750000,0.000000,1.000000,0.000000,0.070000,0.000000
1777189281.404126,0,0.000000,0.000000,0.000000,0.000000,0.790000,0.000000,1.000000,0.000000,0.000000,0.000000
1777189281.435638,0,0.000000,0.000000,0.000000,0.000000,0.820000,0.000000,1.000000,0.000000,0.000000,0.000000
1777189281.436163,0,0.000000,0.000000,0.000000,0.000000,0.860000,0.000000,1.000000,0.000000,0.070000,0.000000
1777189281.467649,0,0.000000,0.000000,0.000000,0.000000,0.890000,0.000000,1.000000,0.000000,0.070000,0.020000
1777189281.468446,0,0.000000,0.000000,0.000000,0.000000,0.930000,0.000000,1.000000,0.000000,0.070000,0.070000
1777189281.469261,0,0.000000,0.000000,0.000000,0.000000,0.970000,0.000000,1.000000,0.000000,0.070000,0.020000
1777189281.503976,0,0.000000,0.000000,0.000000,0.000000,1.000000,0.000000,1.000000,0.000000,0.000000,0.020000
1777189281.535430,0,0.000000,0.000000,0.000000,0.000000,1.000000,0.000000,1.000000,0.000000,0.000000,0.000000
1777189281.535926,0,0.000000,0.000000,0.000000,0.000000,1.000000,0.000000,1.000000,0.000000,0.000000,0.000000
1777189281.567720,0,0.000000,0.000000,0.000000,0.000000,1.000000,0.000000,1.000000,0.000000,0.000000,0.000000
1777189281.568221,0,0.000000,0.000000,0.000000,0.000000,1.000000,0.000000,1.000000,0.000000,0.070000,0.020000
1777189281.600447,0,0.000000,0.000000,0.000000,0.000000,1.000000,0.000000,1.000000,0.000000,0.000000,0.000000
1777189281.600954,0,0.000000,0.000000,0.000000,0.000000,1.000000,0.000000,1.000000,0.000000,0.000000,0.020000
1777189281.631471,0,0.000000,0.000000,0.000000,0.000000,1.000000,0.000000,0.100000,0.000000,0.000000,0.100000
1777189281.631980,0,0.000000,0.000000,0.000000,0.000000,1.000000,0.000000,0.680000,0.000000,0.140000,0.000000
1777189281.632378,0,0.000000,0.000000,0.000000,0.000000,1.000000,0.000000,1.000000,0.000000,0.000000,0.100000
1777189281.690835,0,0.000000,0.000000,0.000000,0.000000,1.000000,0.000000,1.000000,0.000000,0.210000,0.000000
1777189281.691531,0,0.000000,0.000000,0.000000,0.000000,1.000000,0.000000,1.000000,0.000000,0.140000,0.020000
1777189281.692010,0,0.000000,0.000000,0.000000,0.000000,1.000000,0.000000,1.000000,0.000000,0.070000,0.000000
1777189281.692608,0,0.000000,0.000000,0.000000,0.000000,1.000000,0.000000,1.000000,0.000000,0.140000,0.000000
1777189281.693207,0,0.000000,0.000000,0.000000,0.000000,1.000000,0.000000,1.000000,0.000000,0.000000,0.000000
1777189281.724118,0,0.000000,0.000000,0.000000,0.000000,1.000000,0.000000,1.000000,0.000000,0.000000,0.070000
1777189281.755819,0,0.000000,0.000000,0.000000,0.000000,1.000000,0.000000,1.000000,0.000000,0.000000,0.000000
1777189281.787352,0,0.000000,0.000000,0.000000,0.000000,1.000000,0.000000,1.000000,0.000000,0.000000,0.000000
1777189281.787848,0,0.000000,0.000000,0.000000,0.000000,1.000000,0.000000,1.000000,0.000000,0.210000,0.020000
1777189281.788254,0,0.000000,0.000000,0.000000,0.000000,1.000000,0.000000,1.000000,0.000000,0.000000,0.020000
1777189281.819206,0,0.000000,0.000000,0.000000,0.000000,1.000000,0.000000,1.000000,0.000000,0.000000,0.020000
1777189281.819736,0,0.000000,0.000000,0.000000,0.000000,1.000000,0.000000,1.000000,0.000000,0.000000,0.000000
1777189281.851393,0,0.000000,0.000000,0.000000,0.000000,1.000000,0.000000,1.000000,0.000000,0.000000,0.000000
1777189281.882660,0,0.000000,0.000000,0.000000,0.000000,1.000000,0.000000,0.150000,0.000000,0.000000,0.000000
1777189281.883188,0,0.000000,0.000000,0.000000,0.000000,1.000000,0.000000,0.750000,0.000000,0.000000,0.020000
1777189281.883606,0,0.000000,0.000000,0.000000,0.000000,1.000000,0.000000,1.000000,0.000000,0.070000,0.000000
1777189281.915019,0,0.000000,0.000000,0.000000,0.000000,1.000000,0.000000,1.000000,0.000000,0.000000,0.020000
1777189281.915532,0,0.000000,0.000000,0.000000,0.000000,1.000000,0.000000,1.000000,0.000000,0.000000,0.020000
1777189281.946317,0,0.000000,0.000000,0.000000,0.000000,1.000000,0.000000,1.000000,0.000000,0.000000,0.020000
1777189281.946847,0,0.000000,0.000000,0.000000,0.000000,1.000000,0.000000,1.000000,0.000000,0.000000,0.000000
1777189281.977210,0,0.000000,0.000000,0.000000,0.000000,1.000000,0.000000,1.000000,0.000000,0.070000,0.020000
1777189281.977716,0,0.000000,0.000000,0.000000,0.000000,1.000000,0.000000,1.000000,0.000000,0.070000,0.020000
1777189282.037779,0,0.000000,0.000000,0.000000,0.000000,1.000000,0.000000,1.000000,0.000000,0.000000,0.000000
1777189282.038454,0,0.000000,0.000000,0.000000,0.000000,1.000000,0.000000,1.000000,0.000000,0.070000,0.000000
1777189282.038941,0,0.000000,0.000000,0.000000,0.000000,1.000000,0.000000,1.000000,0.000000,0.000000,0.000000
1777189282.039391,0,0.000000,0.000000,0.000000,0.000000,1.000000,0.000000,0.180000,0.000000,0.140000,0.070000
1777189282.039888,0,0.000000,0.000000,0.000000,0.000000,1.000000,0.000000,0.800000,0.000000,0.000000,0.020000
1777189282.073002,0,0.000000,0.000000,0.000000,0.000000,1.000000,0.000000,1.000000,0.000000,0.000000,0.000000
1777189282.103988,0,0.000000,0.000000,0.000000,0.000000,1.000000,0.000000,1.000000,0.000000,0.070000,0.210000
1777189282.104497,0,0.000000,0.000000,0.000000,0.000000,1.000000,0.000000,0.150000,0.000000,0.070000,0.000000
1777189282.136176,0,0.000000,0.000000,0.000000,0.000000,1.000000,0.000000,0.730000,0.000000,0.000000,0.070000
1777189282.136671,0,0.000000,0.000000,0.000000,0.000000,1.000000,0.000000,1.000000,0.000000,0.070000,0.000000
1777189282.137066,0,0.000000,0.000000,0.000000,0.000000,1.000000,0.000000,1.000000,0.000000,0.070000,0.180000
1777189282.168890,0,0.000000,0.000000,0.000000,0.000000,1.000000,0.000000,0.300000,0.000000,0.070000,0.000000
1777189282.169466,0,0.000000,0.000000,0.000000,0.000000,1.000000,0.000000,0.940000,0.000000,0.070000,0.000000
1777189282.201578,0,0.000000,0.000000,0.000000,0.000000,1.000000,0.000000,1.000000,0.000000,0.070000,0.000000
1777189282.202096,0,0.000000,0.000000,0.000000,0.000000,1.000000,0.000000,1.000000,0.000000,0.140000,0.020000
1777189282.233822,0,0.000000,0.000000,0.000000,0.000000,1.000000,0.000000,1.000000,0.000000,0.000000,0.100000
1777189282.234332,0,0.000000,0.000000,0.000000,0.000000,1.000000,0.000000,1.000000,0.000000,0.070000,0.070000
1777189282.266418,0,0.000000,0.000000,0.000000,0.000000,1.000000,0.000000,0.300000,0.000000,0.000000,0.000000
1777189282.266933,0,0.000000,0.000000,0.000000,0.000000,1.000000,0.000000,0.940000,0.000000,0.000000,0.000000
1777189282.298787,0,0.000000,0.000000,0.000000,0.000000,1.000000,0.000000,0.120000,0.000000,0.000000,0.020000
1777189282.299363,0,0.000000,0.000000,0.000000,0.000000,1.000000,0.000000,0.600000,0.000000,0.140000,0.000000
1777189282.330482,0,0.000000,0.000000,0.000000,0.000000,1.000000,0.000000,1.000000,0.000000,0.140000,0.000000
1777189282.330988,0,0.000000,0.000000,0.000000,0.000000,1.000000,0.000000,1.000000,0.000000,0.070000,0.020000
1777189282.331528,0,0.000000,0.000000,0.000000,0.000000,1.000000,0.000000,1.000000,0.000000,0.070000,0.020000
1777189282.363050,0,0.000000,0.000000,0.000000,0.000000,1.000000,0.000000,1.000000,0.000000,0.000000,0.000000
1777189282.393601,0,0.000000,0.000000,0.000000,0.000000,1.000000,0.000000,1.000000,0.000000,0.140000,0.000000
1777189282.394102,0,0.000000,0.000000,0.000000,0.000000,1.000000,0.000000,1.000000,0.000000,0.000000,0.020000
1777189282.394500,0,0.000000,0.000000,0.000000,0.000000,1.000000,0.000000,0.120000,0.000000,0.000000,0.020000
1777189282.451984,0,0.000000,0.000000,0.000000,0.000000,1.000000,0.000000,0.620000,0.000000,0.000000,0.000000
1777189282.452509,0,0.000000,0.000000,0.000000,0.000000,1.000000,0.000000,1.000000,0.000000,0.000000,0.000000
1777189282.452916,0,0.000000,0.000000,0.000000,0.000000,1.000000,0.000000,1.000000,0.000000,0.000000,0.020000
1777189282.453523,0,0.000000,0.000000,0.000000,0.000000,1.000000,0.000000,1.000000,0.000000,0.070000,0.000000
1777189282.453970,0,0.000000,0.000000,0.000000,0.000000,1.000000,0.000000,1.000000,0.000000,0.070000,0.070000
1777189282.511121,0,0.000000,0.000000,0.000000,0.000000,1.000000,0.000000,1.000000,0.000000,0.000000,0.000000
1777189282.511645,0,0.000000,0.000000,0.000000,0.000000,1.000000,0.000000,1.000000,0.000000,0.000000,0.180000
1777189282.512051,0,0.000000,0.000000,0.000000,0.000000,1.000000,0.000000,1.000000,0.000000,0.000000,0.000000
1777189282.512614,0,0.000000,0.000000,0.000000,0.000000,1.000000,0.000000,1.000000,0.000000,0.000000,0.000000
1777189282.569444,0,0.000000,0.000000,0.000000,0.000000,1.000000,0.000000,1.000000,0.000000,0.000000,0.000000
1777189282.569966,0,0.000000,0.000000,0.000000,0.000000,1.000000,0.000000,1.000000,0.000000,0.000000,0.000000
1777189282.570373,0,0.000000,0.000000,0.000000,0.000000,1.000000,0.000000,1.000000,0.000000,0.000000,0.000000
1777189282.570920,0,0.000000,0.000000,0.000000,0.000000,1.000000,0.000000,1.000000,0.000000,0.070000,0.000000
1777189282.627613,0,0.000000,0.000000,0.000000,0.000000,1.000000,0.000000,1.000000,0.000000,0.070000,0.020000
1777189282.628137,0,0.000000,0.000000,0.000000,0.000000,1.000000,0.000000,1.000000,0.000000,0.070000,0.150000
1777189282.628713,0,0.000000,0.000000,0.000000,0.000000,1.000000,0.000000,1.000000,0.000000,0.000000,0.000000
1777189282.629131,0,0.000000,0.000000,0.000000,0.000000,1.000000,0.000000,1.000000,0.000000,0.000000,0.020000
1777189282.659983,0,0.000000,0.000000,0.000000,0.000000,1.000000,0.000000,1.000000,0.000000,0.070000,0.000000
1777189282.690958,0,0.000000,0.000000,0.000000,0.000000,1.000000,0.000000,1.000000,0.000000,0.000000,0.020000
1777189282.721825,0,0.000000,0.000000,0.000000,0.000000,1.000000,0.000000,1.000000,0.000000,0.140000,0.020000
1777189282.722327,0,0.000000,0.000000,0.000000,0.000000,1.000000,0.000000,1.000000,0.000000,0.070000,0.000000
1777189282.753685,0,0.000000,0.000000,0.000000,0.000000,1.000000,0.000000,1.000000,0.000000,0.140000,0.000000
1777189282.754315,0,0.000000,0.000000,0.000000,0.000000,1.000000,0.000000,1.000000,0.000000,0.000000,0.000000
1777189282.785522,0,0.000000,0.000000,0.000000,0.000000,1.000000,0.000000,1.000000,0.000000,0.000000,0.000000
1777189282.786026,0,0.000000,0.000000,0.000000,0.000000,1.000000,0.000000,1.000000,0.000000,0.070000,0.000000
1777189282.816922,0,0.000000,0.000000,0.000000,0.000000,1.000000,0.000000,1.000000,0.000000,0.140000,0.000000
1777189282.848353,0,0.000000,0.000000,0.000000,0.000000,1.000000,0.000000,0.000000,0.000000,0.140000,0.640000
1777189282.848849,0,0.000000,0.000000,0.000000,0.000000,1.000000,0.000000,0.500000,0.000000,0.210000,0.000000
1777189282.849244,0,0.000000,0.000000,0.000000,0.000000,1.000000,0.000000,1.000000,0.000000,0.000000,0.000000
1777189282.849782,0,0.000000,0.000000,0.000000,0.000000,1.000000,0.000000,0.360000,0.000000,0.000000,0.000000
1777189282.880158,0,0.000000,0.000000,0.000000,0.000000,1.000000,0.000000,0.170000,0.000000,0.000000,0.020000
1777189282.880675,0,0.000000,0.000000,0.000000,0.000000,1.000000,0.000000,0.720000,0.000000,0.000000,0.000000
1777189282.912397,0,0.000000,0.000000,0.000000,0.000000,1.000000,0.000000,1.000000,0.000000,0.000000,0.020000
1777189282.912903,0,0.000000,0.000000,0.000000,0.000000,0.000000,0.000000,1.000000,0.000000,0.000000,0.020000
1777189282.944870,0,0.000000,0.000000,0.000000,0.000000,0.050000,0.000000,1.000000,0.000000,0.070000,0.070000
1777189282.976765,0,0.000000,0.000000,0.000000,0.000000,0.090000,0.000000,1.000000,0.000000,0.000000,0.000000
1777189282.977284,0,0.000000,0.000000,0.000000,0.000000,0.110000,0.000000,0.270000,0.000000,0.000000,0.000000
1777189283.008251,0,0.000000,0.000000,0.000000,0.000000,0.150000,0.000000,0.810000,0.000000,0.000000,0.000000
1777189283.008763,0,0.000000,0.000000,0.000000,0.000000,0.200000,0.000000,1.000000,0.000000,0.000000,0.020000
1777189283.009151,0,0.000000,0.000000,0.000000,0.000000,0.230000,0.000000,1.000000,0.000000,0.000000,0.000000
1777189283.040377,0,0.000000,0.000000,0.000000,0.000000,0.270000,0.000000,1.000000,0.000000,0.000000,0.000000
1777189283.072343,0,0.000000,0.000000,0.000000,0.000000,0.310000,0.000000,0.430000,0.000000,0.070000,0.000000
1777189283.072855,0,0.000000,0.000000,0.000000,0.000000,0.340000,0.000000,0.950000,0.000000,0.070000,0.000000
1777189283.073254,0,0.000000,0.000000,0.000000,0.000000,0.370000,0.000000,1.000000,0.000000,0.000000,0.020000
1777189283.105637,0,0.000000,0.000000,0.000000,0.000000,0.410000,0.000000,1.000000,0.000000,0.000000,0.070000
1777189283.106141,0,0.000000,0.000000,0.000000,0.000000,0.460000,0.000000,1.000000,0.000000,0.000000,0.000000
1777189283.136568,0,0.000000,0.000000,0.000000,0.000000,0.500000,0.000000,1.000000,0.000000,0.070000,0.000000
1777189283.137097,0,0.000000,0.000000,0.000000,0.000000,0.510000,0.000000,1.000000,0.000000,0.000000,0.000000
1777189283.169691,0,0.000000,0.000000,0.000000,0.000000,0.560000,0.000000,1.000000,0.000000,0.070000,0.020000
1777189283.200639,0,0.000000,0.000000,0.000000,0.000000,0.610000,0.000000,1.000000,0.000000,0.070000,0.000000
1777189283.201153,0,0.000000,0.000000,0.000000,0.000000,0.640000,0.000000,1.000000,0.000000,0.000000,0.000000
1777189283.201552,0,0.000000,0.000000,0.000000,0.000000,0.680000,0.000000,1.000000,0.000000,0.070000,0.000000
1777189283.202081,0,0.000000,0.000000,0.000000,0.000000,0.720000,0.000000,1.000000,0.000000,0.000000,0.000000
1777189283.233272,0,0.000000,0.000000,0.000000,0.000000,0.750000,0.000000,1.000000,0.000000,0.000000,0.000000
1777189283.264745,0,0.000000,0.000000,0.000000,0.000000,0.800000,0.000000,1.000000,0.000000,0.070000,0.070000
1777189283.296558,0,0.000000,0.000000,0.000000,0.000000,0.820000,0.000000,1.000000,0.000000,0.000000,0.020000
1777189283.297053,0,0.000000,0.000000,0.000000,0.000000,0.870000,0.000000,1.000000,0.000000,0.000000,0.020000
1777189283.297454,0,0.000000,0.000000,0.000000,0.000000,0.910000,0.000000,0.230000,0.000000,0.210000,0.000000
1777189283.328513,0,0.000000,0.000000,0.000000,0.000000,0.940000,0.000000,0.790000,0.000000,0.000000,0.000000
1777189283.329038,0,0.000000,0.000000,0.000000,0.000000,0.990000,0.000000,1.000000,0.000000,0.000000,0.000000
1777189283.329438,0,0.000000,0.000000,0.000000,0.000000,1.000000,0.000000,1.000000,0.000000,0.070000,0.070000
1777189283.360591,0,0.000000,0.000000,0.000000,0.000000,1.000000,0.000000,1.000000,0.000000,0.000000,0.020000
1777189283.391668,0,0.000000,0.000000,0.000000,0.000000,1.000000,0.000000,1.000000,0.000000,0.070000,0.020000
1777189283.392216,0,0.000000,0.000000,0.000000,0.000000,1.000000,0.000000,1.000000,0.000000,0.000000,0.020000
1777189283.423039,0,0.000000,0.000000,0.000000,0.000000,1.000000,0.000000,1.000000,0.000000,0.000000,0.000000
1777189283.423556,0,0.000000,0.000000,0.000000,0.000000,1.000000,0.000000,0.120000,0.000000,0.070000,0.000000
1777189283.423958,0,0.000000,0.000000,0.000000,0.000000,1.000000,0.000000,0.680000,0.000000,0.000000,0.000000
1777189283.454624,0,0.000000,0.000000,0.000000,0.000000,1.000000,0.000000,1.000000,0.000000,0.000000,0.000000
1777189283.485589,0,0.000000,0.000000,0.000000,0.000000,1.000000,0.000000,1.000000,0.000000,0.000000,0.000000
1777189283.486122,0,0.000000,0.000000,0.000000,0.000000,1.000000,0.000000,0.050000,0.000000,0.000000,0.000000
1777189283.486524,0,0.000000,0.000000,0.000000,0.000000,1.000000,0.000000,0.570000,0.000000,0.070000,0.020000
1777189283.517531,0,0.000000,0.000000,0.000000,0.000000,1.000000,0.000000,1.000000,0.000000,0.000000,0.000000
1777189283.518063,0,0.000000,0.000000,0.000000,0.000000,1.000000,0.000000,1.000000,0.000000,0.000000,0.000000
1777189283.548992,0,0.000000,0.000000,0.000000,0.000000,1.000000,0.000000,1.000000,0.000000,0.000000,0.000000
1777189283.549507,0,0.000000,0.000000,0.000000,0.000000,1.000000,0.000000,1.000000,0.000000,0.000000,0.000000
1777189283.549909,0,0.000000,0.000000,0.000000,0.000000,1.000000,0.000000,1.000000,0.000000,0.000000,0.020000
1777189283.581382,0,0.000000,0.000000,0.000000,0.000000,0.000000,0.000000,1.000000,0.000000,0.000000,0.000000
1777189283.612499,0,0.000000,0.000000,0.000000,0.000000,0.030000,0.000000,1.000000,0.000000,0.000000,0.000000
1777189283.613002,0,0.000000,0.000000,0.000000,0.000000,0.000000,0.000000,1.000000,0.000000,0.000000,0.020000
1777189283.644045,0,0.000000,0.000000,0.000000,0.000000,0.020000,0.000000,1.000000,0.000000,0.070000,0.000000
1777189283.644570,0,0.000000,0.000000,0.000000,0.000000,0.050000,0.000000,1.000000,0.000000,0.070000,0.000000
1777189283.677262,0,0.000000,0.000000,0.000000,0.000000,0.070000,0.000000,1.000000,0.000000,0.070000,0.000000
1777189283.677814,0,0.000000,0.000000,0.000000,0.000000,0.100000,0.000000,1.000000,0.000000,0.070000,0.000000
1777189283.709579,0,0.000000,0.000000,0.000000,0.000000,0.140000,0.000000,1.000000,0.000000,0.210000,0.000000
1777189283.710198,0,0.000000,0.000000,0.000000,0.000000,0.170000,0.000000,1.000000,0.000000,0.000000,0.000000
1777189283.710807,0,0.000000,0.000000,0.000000,0.000000,0.200000,0.000000,0.050000,0.000000,0.000000,0.000000
1777189283.741611,0,0.000000,0.000000,0.000000,0.000000,0.230000,0.000000,0.620000,0.000000,0.070000,0.000000
1777189283.742200,0,0.000000,0.000000,0.000000,0.000000,0.250000,0.000000,1.000000,0.000000,0.070000,0.000000
1777189283.742608,0,0.000000,0.000000,0.000000,0.000000,0.280000,0.000000,1.000000,0.000000,0.070000,0.000000
1777189283.772517,0,0.000000,0.000000,0.000000,0.000000,0.310000,0.000000,1.000000,0.000000,0.140000,0.000000
1777189283.829261,0,0.000000,0.000000,0.000000,0.000000,0.340000,0.000000,1.000000,0.000000,0.000000,0.180000
1777189283.829831,0,0.000000,0.000000,0.000000,0.000000,0.370000,0.000000,1.000000,0.000000,0.070000,0.000000
1777189283.830271,0,0.000000,0.000000,0.000000,0.000000,0.400000,0.000000,1.000000,0.000000,0.000000,0.000000
1777189283.830663,0,0.000000,0.000000,0.000000,0.000000,0.430000,0.000000,1.000000,0.000000,0.070000,0.000000
1777189283.831088,0,0.000000,0.000000,0.000000,0.000000,0.460000,0.000000,1.000000,0.000000,0.000000,0.000000
1777189283.831477,0,0.000000,0.000000,0.000000,0.000000,0.490000,0.000000,1.000000,0.000000,0.000000,0.000000
1777189283.888699,0,0.000000,0.000000,0.000000,0.000000,0.500000,0.000000,1.000000,0.000000,0.070000,0.000000
1777189283.889239,0,0.000000,0.000000,0.000000,0.000000,0.540000,0.000000,1.000000,0.000000,0.000000,0.000000
1777189283.889982,0,0.000000,0.000000,0.000000,0.000000,0.560000,0.000000,1.000000,0.000000,0.000000,0.070000
1777189283.946873,0,0.000000,0.000000,0.000000,0.000000,0.600000,0.000000,1.000000,0.000000,0.070000,0.000000
1777189283.947414,0,0.000000,0.000000,0.000000,0.000000,0.620000,0.000000,1.000000,0.000000,0.000000,0.000000
1777189283.947824,0,0.000000,0.000000,0.000000,0.000000,0.660000,0.000000,1.000000,0.000000,0.000000,0.000000
1777189283.948421,0,0.000000,0.000000,0.000000,0.000000,0.680000,0.000000,1.000000,0.000000,0.140000,0.000000
1777189284.006074,0,0.000000,0.000000,0.000000,0.000000,0.720000,0.000000,1.000000,0.000000,0.000000,0.020000
1777189284.006596,0,0.000000,0.000000,0.000000,0.000000,0.740000,0.000000,1.000000,0.000000,0.070000,0.000000
1777189284.007159,0,0.000000,0.000000,0.000000,0.000000,0.760000,0.000000,1.000000,0.000000,0.000000,0.000000
1777189284.007568,0,0.000000,0.000000,0.000000,0.000000,0.800000,0.000000,1.000000,0.000000,0.000000,0.020000
1777189284.007947,0,0.000000,0.000000,0.000000,0.000000,0.820000,0.000000,1.000000,0.000000,0.070000,0.070000
1777189284.069017,0,0.000000,0.000000,0.000000,0.000000,0.860000,0.000000,1.000000,0.000000,0.070000,0.070000
1777189284.069556,0,0.000000,0.000000,0.000000,0.000000,0.870000,0.000000,1.000000,0.000000,0.000000,0.000000
1777189284.070110,0,0.000000,0.000000,0.000000,0.000000,0.910000,0.000000,1.000000,0.000000,0.140000,0.020000
1777189284.101727,0,0.000000,0.000000,0.000000,0.000000,0.930000,0.000000,1.000000,0.000000,0.000000,0.180000
1777189284.160020,0,0.000000,0.000000,0.000000,0.000000,0.970000,0.000000,0.050000,0.000000,0.070000,0.020000
1777189284.160727,0,0.000000,0.000000,0.000000,0.000000,1.000000,0.000000,0.620000,0.000000,0.070000,0.000000
1777189284.161154,0,0.000000,0.000000,0.000000,0.000000,1.000000,0.000000,1.000000,0.000000,0.070000,0.000000
1777189284.161539,0,0.000000,0.000000,0.000000,0.000000,1.000000,0.000000,1.000000,0.000000,0.070000,0.000000
1777189284.161917,0,0.000000,0.000000,0.000000,0.000000,1.000000,0.000000,1.000000,0.000000,0.070000,0.100000
1777189284.219218,0,0.000000,0.000000,0.000000,0.000000,1.000000,0.000000,1.000000,0.000000,0.000000,0.000000
1777189284.219748,0,0.000000,0.000000,0.000000,0.000000,1.000000,0.000000,1.000000,0.000000,0.000000,0.070000
1777189284.277040,0,0.000000,0.000000,0.000000,0.000000,1.000000,0.000000,1.000000,0.000000,0.000000,0.000000
1777189284.277612,0,0.000000,0.000000,0.000000,0.000000,1.000000,0.000000,1.000000,0.000000,0.000000,0.000000
1777189284.278057,0,0.000000,0.000000,0.000000,0.000000,1.000000,0.000000,1.000000,0.000000,0.000000,0.000000
1777189284.278576,0,0.000000,0.000000,0.000000,0.000000,1.000000,0.000000,0.430000,0.000000,0.000000,0.000000
1777189284.336426,0,0.000000,0.000000,0.000000,0.000000,1.000000,0.000000,0.950000,0.000000,0.000000,0.020000
1777189284.336975,0,0.000000,0.000000,0.000000,0.000000,1.000000,0.000000,1.000000,0.000000,0.000000,0.000000
1777189284.337396,0,0.000000,0.000000,0.000000,0.000000,1.000000,0.000000,1.000000,0.000000,0.140000,0.000000
1777189284.338025,0,0.000000,0.000000,0.000000,0.000000,1.000000,0.000000,1.000000,0.000000,0.000000,0.020000
1777189284.338509,0,0.000000,0.000000,0.000000,0.000000,1.000000,0.000000,1.000000,0.000000,0.000000,0.000000
1777189284.395859,0,0.000000,0.000000,0.000000,0.000000,1.000000,0.000000,1.000000,0.000000,0.000000,0.020000
1777189284.396381,0,0.000000,0.000000,0.000000,0.000000,1.000000,0.000000,1.000000,0.000000,0.000000,0.000000
1777189284.396968,0,0.000000,0.000000,0.000000,0.000000,1.000000,0.000000,1.000000,0.000000,0.070000,0.000000
1777189284.453644,0,0.000000,0.000000,0.000000,0.000000,1.000000,0.000000,1.000000,0.000000,0.000000,0.000000
1777189284.454248,0,0.000000,0.000000,0.000000,0.000000,1.000000,0.000000,1.000000,0.000000,0.140000,0.000000
1777189284.454825,0,0.000000,0.000000,0.000000,0.000000,1.000000,0.000000,1.000000,0.000000,0.000000,0.020000
1777189284.455237,0,0.000000,0.000000,0.000000,0.000000,1.000000,0.000000,1.000000,0.000000,0.000000,0.070000
1777189284.511969,0,0.000000,0.000000,0.000000,0.000000,1.000000,0.000000,1.000000,0.000000,0.000000,0.000000
1777189284.512528,0,0.000000,0.000000,0.000000,0.000000,1.000000,0.000000,1.000000,0.000000,0.000000,0.020000
1777189284.512942,0,0.000000,0.000000,0.000000,0.000000,1.000000,0.000000,1.000000,0.000000,0.070000,0.000000
1777189284.570770,0,0.000000,0.000000,0.000000,0.000000,1.000000,0.000000,1.000000,0.000000,0.000000,0.000000
1777189284.571313,0,0.000000,0.000000,0.000000,0.000000,1.000000,0.000000,0.170000,0.000000,0.070000,0.020000
1777189284.571728,0,0.000000,0.000000,0.000000,0.000000,1.000000,0.000000,0.720000,0.000000,0.070000,0.000000
1777189284.572339,0,0.000000,0.000000,0.000000,0.000000,1.000000,0.000000,0.170000,0.000000,0.070000,0.020000
1777189284.572980,0,0.000000,0.000000,0.000000,0.000000,1.000000,0.000000,0.700000,0.000000,0.070000,0.000000
1777189284.603143,0,0.000000,0.000000,0.000000,0.000000,1.000000,0.000000,1.000000,0.000000,0.210000,0.000000
1777189284.633679,0,0.000000,0.000000,0.000000,0.000000,1.000000,0.000000,1.000000,0.000000,0.000000,0.000000
1777189284.664737,0,0.000000,0.000000,0.000000,0.000000,1.000000,0.000000,1.000000,0.000000,0.210000,0.020000
1777189284.665267,0,0.000000,0.000000,0.000000,0.000000,1.000000,0.000000,0.140000,0.000000,0.000000,0.020000
1777189284.696546,0,0.000000,0.000000,0.000000,0.000000,1.000000,0.000000,0.090000,0.000000,0.000000,0.000000
1777189284.697047,0,0.000000,0.000000,0.000000,0.000000,1.000000,0.000000,0.760000,0.000000,0.140000,0.100000
1777189284.727991,0,0.000000,0.000000,0.000000,0.000000,1.000000,0.000000,1.000000,0.000000,0.140000,0.020000
1777189284.728488,0,0.000000,0.000000,0.000000,0.000000,1.000000,0.000000,1.000000,0.000000,0.070000,0.000000
1777189284.759125,0,0.000000,0.000000,0.000000,0.000000,1.000000,0.000000,0.210000,0.000000,0.000000,0.000000
1777189284.759638,0,0.000000,0.000000,0.000000,0.000000,1.000000,0.000000,0.940000,0.000000,0.000000,0.000000
1777189284.789762,0,0.000000,0.000000,0.000000,0.000000,1.000000,0.000000,1.000000,0.000000,0.000000,0.020000
1777189284.790282,0,0.000000,0.000000,0.000000,0.000000,1.000000,0.000000,1.000000,0.000000,0.000000,0.100000
1777189284.820742,0,0.000000,0.000000,0.000000,0.000000,1.000000,0.000000,1.000000,0.000000,0.000000,0.020000
1777189284.821239,0,0.000000,0.000000,0.000000,0.000000,1.000000,0.000000,1.000000,0.000000,0.140000,0.000000
1777189284.821633,0,0.000000,0.000000,0.000000,0.000000,1.000000,0.000000,1.000000,0.000000,0.000000,0.000000
1777189284.853273,0,0.000000,0.000000,0.000000,0.000000,1.000000,0.000000,1.000000,0.000000,0.070000,0.020000
1777189284.853809,0,0.000000,0.000000,0.000000,0.000000,1.000000,0.000000,1.000000,0.000000,0.000000,0.000000
1777189284.885165,0,0.000000,0.000000,0.000000,0.000000,1.000000,0.000000,1.000000,0.000000,0.070000,0.000000
1777189284.885676,0,0.000000,0.000000,0.000000,0.000000,1.000000,0.000000,1.000000,0.000000,0.070000,0.000000
1777189284.916893,0,0.000000,0.000000,0.000000,0.000000,1.000000,0.000000,1.000000,0.000000,0.070000,0.000000
1777189284.947849,0,0.000000,0.000000,0.000000,0.000000,1.000000,0.000000,1.000000,0.000000,0.000000,0.000000
1777189284.948358,0,0.000000,0.000000,0.000000,0.000000,1.000000,0.000000,1.000000,0.000000,0.070000,0.000000
1777189284.979466,0,0.000000,0.000000,0.000000,0.000000,1.000000,0.000000,1.000000,0.000000,0.140000,0.000000
1777189284.979968,0,0.000000,0.000000,0.000000,0.000000,1.000000,0.000000,1.000000,0.000000,0.070000,0.100000
1777189284.980361,0,0.000000,0.000000,0.000000,0.000000,1.000000,0.000000,1.000000,0.000000,0.070000,0.000000
1777189285.011660,0,0.000000,0.000000,0.000000,0.000000,1.000000,0.000000,1.000000,0.000000,0.070000,0.000000
1777189285.012153,0,0.000000,0.000000,0.000000,0.000000,1.000000,0.000000,1.000000,0.000000,0.000000,0.000000
1777189285.043565,0,0.000000,0.000000,0.000000,0.000000,1.000000,0.000000,1.000000,0.000000,0.140000,0.000000
1777189285.044083,0,0.000000,0.000000,0.000000,0.000000,1.000000,0.000000,1.000000,0.000000,0.070000,0.070000
1777189285.077575,0,0.000000,0.000000,0.000000,0.000000,1.000000,0.000000,0.400000,0.000000,0.210000,0.070000
1777189285.078115,0,0.000000,0.000000,0.000000,0.000000,1.000000,0.000000,0.000000,0.000000,0.070000,0.370000
1777189285.110461,0,0.000000,0.000000,0.000000,0.000000,1.000000,0.000000,0.600000,0.000000,0.000000,0.000000
1777189285.110982,0,0.000000,0.000000,0.000000,0.000000,1.000000,0.000000,0.000000,0.000000,0.000000,0.300000
1777189285.142118,0,0.000000,0.000000,0.000000,0.000000,1.000000,0.000000,0.820000,0.000000,0.000000,0.020000
1777189285.142635,0,0.000000,0.000000,0.000000,0.000000,1.000000,0.000000,1.000000,0.000000,0.000000,0.000000
1777189285.143030,0,0.000000,0.000000,0.000000,0.000000,1.000000,0.000000,1.000000,0.000000,0.000000,0.000000
1777189285.174192,0,0.000000,0.000000,0.000000,0.000000,1.000000,0.000000,1.000000,0.000000,0.070000,0.020000
1777189285.174788,0,0.000000,0.000000,0.000000,0.000000,1.000000,0.000000,0.610000,0.000000,0.000000,0.000000
1777189285.205719,0,0.000000,0.000000,0.000000,0.000000,1.000000,0.000000,1.000000,0.000000,0.000000,0.000000
1777189285.206213,0,0.000000,0.000000,0.000000,0.000000,1.000000,0.000000,1.000000,0.000000,0.070000,0.000000
1777189285.237925,0,0.000000,0.000000,0.000000,0.000000,0.000000,0.000000,1.000000,0.000000,0.070000,0.100000
1777189285.268939,0,0.000000,0.000000,0.000000,0.000000,0.020000,0.000000,1.000000,0.000000,0.000000,0.000000
1777189285.269457,0,0.000000,0.000000,0.000000,0.000000,0.050000,0.000000,1.000000,0.000000,0.000000,0.020000
1777189285.269860,0,0.000000,0.000000,0.000000,0.000000,0.090000,0.000000,0.430000,0.000000,0.000000,0.000000
1777189285.300494,0,0.000000,0.000000,0.000000,0.000000,0.110000,0.000000,1.000000,0.000000,0.070000,0.000000
1777189285.301021,0,0.000000,0.000000,0.000000,0.000000,0.000000,0.000000,1.000000,0.000000,0.070000,0.020000
1777189285.332888,0,0.000000,0.000000,0.000000,0.000000,0.000000,0.000000,0.370000,0.000000,0.000000,0.000000
1777189285.333487,0,0.000000,0.000000,0.000000,0.000000,0.020000,0.000000,1.000000,0.000000,0.000000,0.100000
1777189285.364485,0,0.000000,0.000000,0.000000,0.000000,0.050000,0.000000,1.000000,0.000000,0.070000,0.020000
1777189285.365004,0,0.000000,0.000000,0.000000,0.000000,0.090000,0.000000,1.000000,0.000000,0.140000,0.000000
1777189285.395922,0,0.000000,0.000000,0.000000,0.000000,0.110000,0.000000,1.000000,0.000000,0.070000,0.020000
1777189285.427268,0,0.000000,0.000000,0.000000,0.000000,0.140000,0.000000,1.000000,0.000000,0.000000,0.000000
1777189285.427788,0,0.000000,0.000000,0.000000,0.000000,0.170000,0.000000,0.210000,0.000000,0.070000,0.000000
1777189285.428189,0,0.000000,0.000000,0.000000,0.000000,0.200000,0.000000,1.000000,0.000000,0.070000,0.000000
1777189285.459618,0,0.000000,0.000000,0.000000,0.000000,0.230000,0.000000,0.360000,0.000000,0.000000,0.000000
1777189285.460220,0,0.000000,0.000000,0.000000,0.000000,0.250000,0.000000,1.000000,0.000000,0.000000,0.000000
1777189285.491421,0,0.000000,0.000000,0.000000,0.000000,0.280000,0.000000,1.000000,0.000000,0.000000,0.000000
1777189285.491941,0,0.000000,0.000000,0.000000,0.000000,0.310000,0.000000,1.000000,0.000000,0.000000,0.000000
1777189285.522678,0,0.000000,0.000000,0.000000,0.000000,0.340000,0.000000,1.000000,0.000000,0.070000,0.000000
1777189285.523206,0,0.000000,0.000000,0.000000,0.000000,0.370000,0.000000,1.000000,0.000000,0.000000,0.000000
1777189285.554984,0,0.000000,0.000000,0.000000,0.000000,0.400000,0.000000,1.000000,0.000000,0.000000,0.000000
1777189285.555509,0,0.000000,0.000000,0.000000,0.000000,0.430000,0.000000,1.000000,0.000000,0.000000,0.000000
1777189285.587033,0,0.000000,0.000000,0.000000,0.000000,0.460000,0.000000,1.000000,0.000000,0.070000,0.180000
1777189285.587585,0,0.000000,0.000000,0.000000,0.000000,0.490000,0.000000,1.000000,0.000000,0.000000,0.000000
1777189285.619205,0,0.000000,0.000000,0.000000,0.000000,0.510000,0.000000,1.000000,0.000000,0.000000,0.020000
1777189285.619719,0,0.000000,0.000000,0.000000,0.000000,0.550000,0.000000,1.000000,0.000000,0.070000,0.000000
1777189285.620182,0,0.000000,0.000000,0.000000,0.000000,0.570000,0.000000,1.000000,0.000000,0.210000,0.070000
1777189285.652318,0,0.000000,0.000000,0.000000,0.000000,0.600000,0.000000,0.000000,0.000000,0.000000,0.750000
1777189285.652815,0,0.000000,0.000000,0.000000,0.000000,0.620000,0.000000,0.770000,0.000000,0.000000,0.000000
1777189285.683551,0,0.000000,0.000000,0.000000,0.000000,0.660000,0.000000,1.000000,0.000000,0.000000,0.000000
1777189285.684104,0,0.000000,0.000000,0.000000,0.000000,0.680000,0.000000,1.000000,0.000000,0.000000,0.020000
1777189285.715526,0,0.000000,0.000000,0.000000,0.000000,0.700000,0.000000,1.000000,0.000000,0.000000,0.000000
1777189285.716045,0,0.000000,0.000000,0.000000,0.000000,0.740000,0.000000,1.000000,0.000000,0.000000,0.020000
1777189285.747043,0,0.000000,0.000000,0.000000,0.000000,0.760000,0.000000,1.000000,0.000000,0.070000,0.000000
1777189285.747555,0,0.000000,0.000000,0.000000,0.000000,0.800000,0.000000,1.000000,0.000000,0.000000,0.000000
1777189285.779289,0,0.000000,0.000000,0.000000,0.000000,0.820000,0.000000,1.000000,0.000000,0.000000,0.000000
1777189285.779818,0,0.000000,0.000000,0.000000,0.000000,0.850000,0.000000,1.000000,0.000000,0.070000,0.020000
1777189285.811480,0,0.000000,0.000000,0.000000,0.000000,0.870000,0.000000,1.000000,0.000000,0.000000,0.020000
1777189285.811996,0,0.000000,0.000000,0.000000,0.000000,0.910000,0.000000,1.000000,0.000000,0.000000,0.000000
1777189285.812390,0,0.000000,0.000000,0.000000,0.000000,0.930000,0.000000,1.000000,0.000000,0.000000,0.070000
1777189285.843145,0,0.000000,0.000000,0.000000,0.000000,0.000000,0.000000,0.150000,0.000000,0.000000,0.000000
1777189285.843665,0,0.000000,0.000000,0.000000,0.000000,0.030000,0.000000,1.000000,0.000000,0.070000,0.000000
1777189285.874151,0,0.000000,0.000000,0.000000,0.000000,0.070000,0.000000,1.000000,0.000000,0.000000,0.000000
1777189285.874665,0,0.000000,0.000000,0.000000,0.000000,0.100000,0.000000,1.000000,0.000000,0.070000,0.020000
1777189285.905444,0,0.000000,0.000000,0.000000,0.000000,0.120000,0.000000,1.000000,0.000000,0.000000,0.000000
1777189285.905958,0,0.000000,0.000000,0.000000,0.000000,0.150000,0.000000,1.000000,0.000000,0.070000,0.000000
1777189285.936752,0,0.000000,0.000000,0.000000,0.000000,0.180000,0.000000,1.000000,0.000000,0.000000,0.000000
1777189285.937412,0,0.000000,0.000000,0.000000,0.000000,0.210000,0.000000,1.000000,0.000000,0.000000,0.000000
1777189285.968288,0,0.000000,0.000000,0.000000,0.000000,0.250000,0.000000,1.000000,0.000000,0.000000,0.000000
1777189285.968992,0,0.000000,0.000000,0.000000,0.000000,0.280000,0.000000,1.000000,0.000000,0.070000,0.000000
1777189286.000134,0,0.000000,0.000000,0.000000,0.000000,0.310000,0.000000,1.000000,0.000000,0.000000,0.000000
1777189286.000627,0,0.000000,0.000000,0.000000,0.000000,0.340000,0.000000,1.000000,0.000000,0.070000,0.210000
1777189286.032536,0,0.000000,0.000000,0.000000,0.000000,0.360000,0.000000,0.100000,0.000000,0.070000,0.000000
1777189286.033051,0,0.000000,0.000000,0.000000,0.000000,0.380000,0.000000,0.880000,0.000000,0.070000,0.000000
1777189286.064866,0,0.000000,0.000000,0.000000,0.000000,0.410000,0.000000,0.360000,0.000000,0.000000,0.020000
1777189286.065428,0,0.000000,0.000000,0.000000,0.000000,0.440000,0.000000,1.000000,0.000000,0.070000,0.000000
1777189286.098861,0,0.000000,0.000000,0.000000,0.000000,0.470000,0.000000,1.000000,0.000000,0.000000,0.000000
1777189286.099396,0,0.000000,0.000000,0.000000,0.000000,0.500000,0.000000,1.000000,0.000000,0.000000,0.020000
1777189286.131811,0,0.000000,0.000000,0.000000,0.000000,0.540000,0.000000,1.000000,0.000000,0.140000,0.000000
1777189286.132570,0,0.000000,0.000000,0.000000,0.000000,0.560000,0.000000,1.000000,0.000000,0.000000,0.000000
1777189286.163929,0,0.000000,0.000000,0.000000,0.000000,0.600000,0.000000,1.000000,0.000000,0.000000,0.000000
1777189286.164441,0,0.000000,0.000000,0.000000,0.000000,0.620000,0.000000,0.000000,0.000000,0.000000,1.070000
1777189286.164833,0,0.000000,0.000000,0.000000,0.000000,0.640000,0.000000,0.600000,0.000000,0.070000,0.000000
1777189286.195821,0,0.000000,0.000000,0.000000,0.000000,0.680000,0.000000,0.020000,0.000000,0.000000,0.000000
1777189286.196338,0,0.000000,0.000000,0.000000,0.000000,0.700000,0.000000,0.610000,0.000000,0.070000,0.000000
1777189286.227617,0,0.000000,0.000000,0.000000,0.000000,0.740000,0.000000,1.000000,0.000000,0.070000,0.000000
1777189286.228146,0,0.000000,0.000000,0.000000,0.000000,0.760000,0.000000,1.000000,0.000000,0.000000,0.000000
1777189286.259716,0,0.000000,0.000000,0.000000,0.000000,0.800000,0.000000,1.000000,0.000000,0.070000,0.000000
1777189286.260334,0,0.000000,0.000000,0.000000,0.000000,0.820000,0.000000,1.000000,0.000000,0.000000,0.150000
1777189286.291876,0,0.000000,0.000000,0.000000,0.000000,0.850000,0.000000,1.000000,0.000000,0.000000,0.000000
1777189286.292421,0,0.000000,0.000000,0.000000,0.000000,0.870000,0.000000,0.230000,0.000000,0.000000,0.020000
1777189286.323506,0,0.000000,0.000000,0.000000,0.000000,0.910000,0.000000,0.830000,0.000000,0.070000,0.000000
1777189286.354347,0,0.000000,0.000000,0.000000,0.000000,0.930000,0.000000,1.000000,0.000000,0.070000,0.000000
1777189286.354859,0,0.000000,0.000000,0.000000,0.000000,0.970000,0.000000,1.000000,0.000000,0.000000,0.000000
1777189286.355259,0,0.000000,0.000000,0.000000,0.000000,1.000000,0.000000,1.000000,0.000000,0.000000,0.020000
1777189286.387571,0,0.000000,0.000000,0.000000,0.000000,1.000000,0.000000,1.000000,0.000000,0.000000,0.000000
1777189286.388095,0,0.000000,0.000000,0.000000,0.000000,1.000000,0.000000,1.000000,0.000000,0.000000,0.020000
1777189286.419620,0,0.000000,0.000000,0.000000,0.000000,1.000000,0.000000,1.000000,0.000000,0.070000,0.000000
1777189286.420127,0,0.000000,0.000000,0.000000,0.000000,1.000000,0.000000,1.000000,0.000000,0.000000,0.000000
1777189286.451986,0,0.000000,0.000000,0.000000,0.000000,1.000000,0.000000,1.000000,0.000000,0.070000,0.000000
1777189286.452485,0,0.000000,0.000000,0.000000,0.000000,1.000000,0.000000,0.180000,0.000000,0.070000,0.070000
1777189286.483528,0,0.000000,0.000000,0.000000,0.000000,1.000000,0.000000,0.750000,0.000000,0.000000,0.000000
1777189286.484070,0,0.000000,0.000000,0.000000,0.000000,1.000000,0.000000,1.000000,0.000000,0.000000,0.000000
1777189286.515251,0,0.000000,0.000000,0.000000,0.000000,1.000000,0.000000,1.000000,0.000000,0.070000,0.000000
1777189286.515928,0,0.000000,0.000000,0.000000,0.000000,1.000000,0.000000,0.370000,0.000000,0.140000,0.020000
1777189286.516536,0,0.000000,0.000000,0.000000,0.000000,1.000000,0.000000,0.500000,0.000000,0.000000,0.000000
1777189286.547968,0,0.000000,0.000000,0.000000,0.000000,1.000000,0.000000,1.000000,0.000000,0.210000,0.000000
1777189286.548490,0,0.000000,0.000000,0.000000,0.000000,1.000000,0.000000,1.000000,0.000000,0.000000,0.100000
1777189286.579998,0,0.000000,0.000000,0.000000,0.000000,1.000000,0.000000,1.000000,0.000000,0.000000,0.020000
1777189286.580527,0,0.000000,0.000000,0.000000,0.000000,1.000000,0.000000,1.000000,0.000000,0.000000,0.100000
1777189286.612327,0,0.000000,0.000000,0.000000,0.000000,1.000000,0.000000,1.000000,0.000000,0.070000,0.020000
1777189286.612848,0,0.000000,0.000000,0.000000,0.000000,1.000000,0.000000,1.000000,0.000000,0.070000,0.000000
1777189286.644887,0,0.000000,0.000000,0.000000,0.000000,1.000000,0.000000,1.000000,0.000000,0.000000,0.020000
1777189286.645411,0,0.000000,0.000000,0.000000,0.000000,1.000000,0.000000,1.000000,0.000000,0.000000,0.000000
1777189286.677552,0,0.000000,0.000000,0.000000,0.000000,1.000000,0.000000,1.000000,0.000000,0.070000,0.000000
1777189286.709692,0,0.000000,0.000000,0.000000,0.000000,1.000000,0.000000,1.000000,0.000000,0.070000,0.000000
1777189286.710188,0,0.000000,0.000000,0.000000,0.000000,1.000000,0.000000,1.000000,0.000000,0.000000,0.000000
1777189286.710579,0,0.000000,0.000000,0.000000,0.000000,1.000000,0.000000,1.000000,0.000000,0.000000,0.020000
1777189286.742406,0,0.000000,0.000000,0.000000,0.000000,1.000000,0.000000,1.000000,0.000000,0.000000,0.150000
1777189286.742913,0,0.000000,0.000000,0.000000,0.000000,1.000000,0.000000,0.090000,0.000000,0.000000,0.020000
1777189286.774709,0,0.000000,0.000000,0.000000,0.000000,1.000000,0.000000,0.620000,0.000000,0.000000,0.020000
1777189286.775234,0,0.000000,0.000000,0.000000,0.000000,1.000000,0.000000,1.000000,0.000000,0.000000,0.000000
1777189286.775669,0,0.000000,0.000000,0.000000,0.000000,1.000000,0.000000,1.000000,0.000000,0.000000,0.000000
1777189286.807015,0,0.000000,0.000000,0.000000,0.000000,1.000000,0.000000,1.000000,0.000000,0.000000,0.000000
1777189286.807531,0,0.000000,0.000000,0.000000,0.000000,1.000000,0.000000,0.500000,0.000000,0.000000,0.020000
1777189286.837991,0,0.000000,0.000000,0.000000,0.000000,1.000000,0.000000,1.000000,0.000000,0.000000,0.000000
1777189286.838501,0,0.000000,0.000000,0.000000,0.000000,1.000000,0.000000,1.000000,0.000000,0.000000,0.000000
1777189286.870357,0,0.000000,0.000000,0.000000,0.000000,1.000000,0.000000,1.000000,0.000000,0.070000,0.000000
1777189286.901762,0,0.000000,0.000000,0.000000,0.000000,1.000000,0.000000,1.000000,0.000000,0.070000,0.000000
1777189286.902291,0,0.000000,0.000000,0.000000,0.000000,1.000000,0.000000,1.000000,0.000000,0.000000,0.000000
1777189286.902694,0,0.000000,0.000000,0.000000,0.000000,1.000000,0.000000,1.000000,0.000000,0.000000,0.000000
1777189286.934540,0,0.000000,0.000000,0.000000,0.000000,1.000000,0.000000,1.000000,0.000000,0.070000,0.000000
1777189286.965996,0,0.000000,0.000000,0.000000,0.000000,1.000000,0.000000,1.000000,0.000000,0.000000,0.000000
1777189286.966495,0,0.000000,0.000000,0.000000,0.000000,1.000000,0.000000,1.000000,0.000000,0.070000,0.020000
1777189286.997722,0,0.000000,0.000000,0.000000,0.000000,1.000000,0.000000,1.000000,0.000000,0.070000,0.000000
1777189286.998248,0,0.000000,0.000000,0.000000,0.000000,1.000000,0.000000,1.000000,0.000000,0.070000,0.000000
1777189286.998652,0,0.000000,0.000000,0.000000,0.000000,1.000000,0.000000,0.180000,0.000000,0.000000,0.020000
1777189286.999067,0,0.000000,0.000000,0.000000,0.000000,1.000000,0.000000,1.000000,0.000000,0.000000,0.020000
1777189287.030457,0,0.000000,0.000000,0.000000,0.000000,1.000000,0.000000,1.000000,0.000000,0.070000,0.000000
1777189287.062186,0,0.000000,0.000000,0.000000,0.000000,1.000000,0.000000,1.000000,0.000000,0.070000,0.020000
1777189287.062705,0,0.000000,0.000000,0.000000,0.000000,1.000000,0.000000,1.000000,0.000000,0.000000,0.000000
1777189287.063267,0,0.000000,0.000000,0.000000,0.000000,1.000000,0.000000,1.000000,0.000000,0.070000,0.000000
1777189287.097701,0,0.000000,0.000000,0.000000,0.000000,1.000000,0.000000,1.000000,0.000000,0.000000,0.020000
1777189287.098213,0,0.000000,0.000000,0.000000,0.000000,1.000000,0.000000,1.000000,0.000000,0.070000,0.000000
1777189287.132470,0,0.000000,0.000000,0.000000,0.000000,1.000000,0.000000,1.000000,0.000000,0.070000,0.020000
1777189287.133041,0,0.000000,0.000000,0.000000,0.000000,1.000000,0.000000,1.000000,0.000000,0.070000,0.070000
1777189287.164899,0,0.000000,0.000000,0.000000,0.000000,1.000000,0.000000,1.000000,0.000000,0.070000,0.000000
1777189287.165424,0,0.000000,0.000000,0.000000,0.000000,1.000000,0.000000,1.000000,0.000000,0.000000,0.020000
1777189287.165820,0,0.000000,0.000000,0.000000,0.000000,1.000000,0.000000,1.000000,0.000000,0.000000,0.000000
1777189287.197109,0,0.000000,0.000000,0.000000,0.000000,1.000000,0.000000,1.000000,0.000000,0.070000,0.000000
1777189287.228812,0,0.000000,0.000000,0.000000,0.000000,1.000000,0.000000,1.000000,0.000000,0.000000,0.020000
1777189287.229409,0,0.000000,0.000000,0.000000,0.000000,1.000000,0.000000,1.000000,0.000000,0.070000,0.000000
1777189287.229829,0,0.000000,0.000000,0.000000,0.000000,1.000000,0.000000,1.000000,0.000000,0.000000,0.000000
1777189287.260912,0,0.000000,0.000000,0.000000,0.000000,1.000000,0.000000,1.000000,0.000000,0.000000,0.000000
1777189287.261437,0,0.000000,0.000000,0.000000,0.000000,1.000000,0.000000,1.000000,0.000000,0.000000,0.000000
1777189287.292981,0,0.000000,0.000000,0.000000,0.000000,1.000000,0.000000,1.000000,0.000000,0.070000,0.020000
1777189287.293505,0,0.000000,0.000000,0.000000,0.000000,1.000000,0.000000,1.000000,0.000000,0.140000,0.020000
1777189287.324566,0,0.000000,0.000000,0.000000,0.000000,1.000000,0.000000,1.000000,0.000000,0.070000,0.100000
1777189287.325144,0,0.000000,0.000000,0.000000,0.000000,1.000000,0.000000,1.000000,0.000000,0.070000,0.000000
1777189287.356494,0,0.000000,0.000000,0.000000,0.000000,1.000000,0.000000,1.000000,0.000000,0.140000,0.000000
1777189287.357039,0,0.000000,0.000000,0.000000,0.000000,1.000000,0.000000,1.000000,0.000000,0.000000,0.000000
1777189287.357543,0,0.000000,0.000000,0.000000,0.000000,1.000000,0.000000,0.620000,0.000000,0.000000,0.000000
1777189287.388848,0,0.000000,0.000000,0.000000,0.000000,1.000000,0.000000,1.000000,0.000000,0.000000,0.020000
1777189287.419456,0,0.000000,0.000000,0.000000,0.000000,0.000000,0.000000,1.000000,0.000000,0.000000,0.000000
1777189287.419992,0,0.000000,0.000000,0.000000,0.000000,0.020000,0.000000,1.000000,0.000000,0.070000,0.000000
1777189287.450717,0,0.000000,0.000000,0.000000,0.000000,0.050000,0.000000,1.000000,0.000000,0.070000,0.000000
1777189287.451207,0,0.000000,0.000000,0.000000,0.000000,0.070000,0.000000,1.000000,0.000000,0.070000,0.000000
1777189287.482724,0,0.000000,0.000000,0.000000,0.000000,0.100000,0.000000,1.000000,0.000000,0.070000,0.020000
1777189287.483259,0,0.000000,0.000000,0.000000,0.000000,0.140000,0.000000,0.500000,0.000000,0.000000,0.020000
1777189287.483829,0,0.000000,0.000000,0.000000,0.000000,0.170000,0.000000,1.000000,0.000000,0.000000,0.020000
1777189287.514747,0,0.000000,0.000000,0.000000,0.000000,0.200000,0.000000,0.560000,0.000000,0.070000,0.070000
1777189287.545693,0,0.000000,0.000000,0.000000,0.000000,0.010000,0.000000,1.000000,0.000000,0.000000,0.100000
1777189287.546197,0,0.000000,0.000000,0.000000,0.000000,0.050000,0.000000,1.000000,0.000000,0.070000,0.020000
1777189287.546594,0,0.000000,0.000000,0.000000,0.000000,0.090000,0.000000,1.000000,0.000000,0.000000,0.100000
1777189287.578405,0,0.000000,0.000000,0.000000,0.000000,0.110000,0.000000,1.000000,0.000000,0.000000,0.020000
1777189287.612199,0,0.000000,0.000000,0.000000,0.000000,0.150000,0.000000,1.000000,0.000000,0.000000,0.000000
1777189287.612696,0,0.000000,0.000000,0.000000,0.000000,0.180000,0.000000,1.000000,0.000000,0.000000,0.000000
1777189287.613236,0,0.000000,0.000000,0.000000,0.000000,0.230000,0.000000,1.000000,0.000000,0.000000,0.000000
1777189287.645412,0,0.000000,0.000000,0.000000,0.000000,0.250000,0.000000,1.000000,0.000000,0.000000,0.000000
1777189287.645916,0,0.000000,0.000000,0.000000,0.000000,0.300000,0.000000,1.000000,0.000000,0.000000,0.000000
1777189287.677136,0,0.000000,0.000000,0.000000,0.000000,0.330000,0.000000,1.000000,0.000000,0.000000,0.000000
1777189287.708556,0,0.000000,0.000000,0.000000,0.000000,0.370000,0.000000,1.000000,0.000000,0.000000,0.000000
1777189287.709071,0,0.000000,0.000000,0.000000,0.000000,0.400000,0.000000,1.000000,0.000000,0.000000,0.020000
1777189287.709559,0,0.000000,0.000000,0.000000,0.000000,0.430000,0.000000,1.000000,0.000000,0.000000,0.020000
1777189287.740301,0,0.000000,0.000000,0.000000,0.000000,0.470000,0.000000,1.000000,0.000000,0.000000,0.000000
1777189287.740837,0,0.000000,0.000000,0.000000,0.000000,0.500000,0.000000,0.310000,0.000000,0.000000,0.070000
1777189287.772706,0,0.000000,0.000000,0.000000,0.000000,0.550000,0.000000,1.000000,0.000000,0.000000,0.020000
1777189287.773222,0,0.000000,0.000000,0.000000,0.000000,0.570000,0.000000,0.120000,0.000000,0.140000,0.000000
1777189287.804266,0,0.000000,0.000000,0.000000,0.000000,0.620000,0.000000,0.810000,0.000000,0.000000,0.000000
1777189287.804791,0,0.000000,0.000000,0.000000,0.000000,0.660000,0.000000,0.000000,0.000000,0.000000,0.300000
1777189287.805201,0,0.000000,0.000000,0.000000,0.000000,0.680000,0.000000,0.470000,0.000000,0.070000,0.000000
1777189287.835955,0,0.000000,0.000000,0.000000,0.000000,0.730000,0.000000,1.000000,0.000000,0.070000,0.000000
1777189287.836596,0,0.000000,0.000000,0.000000,0.000000,0.760000,0.000000,1.000000,0.000000,0.000000,0.000000
1777189287.867647,0,0.000000,0.000000,0.000000,0.000000,0.800000,0.000000,1.000000,0.000000,0.070000,0.000000
1777189287.898689,0,0.000000,0.000000,0.000000,0.000000,0.830000,0.000000,1.000000,0.000000,0.070000,0.020000
1777189287.899191,0,0.000000,0.000000,0.000000,0.000000,0.870000,0.000000,1.000000,0.000000,0.070000,0.000000
1777189287.899609,0,0.000000,0.000000,0.000000,0.000000,0.910000,0.000000,1.000000,0.000000,0.070000,0.020000
1777189287.930987,0,0.000000,0.000000,0.000000,0.000000,0.940000,0.000000,0.150000,0.000000,0.000000,0.020000
1777189287.931504,0,0.000000,0.000000,0.000000,0.000000,0.980000,0.000000,0.670000,0.000000,0.000000,0.000000
1777189287.962674,0,0.000000,0.000000,0.000000,0.000000,1.000000,0.000000,1.000000,0.000000,0.070000,0.000000
1777189287.994094,0,0.000000,0.000000,0.000000,0.000000,0.010000,0.000000,1.000000,0.000000,0.000000,0.000000
1777189287.994624,0,0.000000,0.000000,0.000000,0.000000,0.070000,0.000000,1.000000,0.000000,0.000000,0.020000
1777189287.995157,0,0.000000,0.000000,0.000000,0.000000,0.100000,0.000000,1.000000,0.000000,0.000000,0.000000
1777189288.026215,0,0.000000,0.000000,0.000000,0.000000,0.150000,0.000000,1.000000,0.000000,0.000000,0.000000
1777189288.026708,0,0.000000,0.000000,0.000000,0.000000,0.180000,0.000000,1.000000,0.000000,0.070000,0.000000
1777189288.057653,0,0.000000,0.000000,0.000000,0.000000,0.230000,0.000000,1.000000,0.000000,0.070000,0.000000
1777189288.058170,0,0.000000,0.000000,0.000000,0.000000,0.280000,0.000000,1.000000,0.000000,0.070000,0.020000
1777189288.093392,0,0.000000,0.000000,0.000000,0.000000,0.310000,0.000000,1.000000,0.000000,0.070000,0.000000
1777189288.093897,0,0.000000,0.000000,0.000000,0.000000,0.370000,0.000000,1.000000,0.000000,0.000000,0.000000
1777189288.126463,0,0.000000,0.000000,0.000000,0.000000,0.400000,0.000000,1.000000,0.000000,0.140000,0.000000
1777189288.127088,0,0.000000,0.000000,0.000000,0.000000,0.440000,0.000000,1.000000,0.000000,0.000000,0.000000
1777189288.127594,0,0.000000,0.000000,0.000000,0.000000,0.500000,0.000000,1.000000,0.000000,0.000000,0.020000
1777189288.159219,0,0.000000,0.000000,0.000000,0.000000,0.540000,0.000000,1.000000,0.000000,0.070000,0.000000
1777189288.159840,0,0.000000,0.000000,0.000000,0.000000,0.570000,0.000000,1.000000,0.000000,0.070000,0.070000
1777189288.192148,0,0.000000,0.000000,0.000000,0.000000,0.620000,0.000000,1.000000,0.000000,0.070000,0.000000
1777189288.223577,0,0.000000,0.000000,0.000000,0.000000,0.680000,0.000000,1.000000,0.000000,0.000000,0.070000
1777189288.224108,0,0.000000,0.000000,0.000000,0.000000,0.720000,0.000000,1.000000,0.000000,0.000000,0.020000
1777189288.224524,0,0.000000,0.000000,0.000000,0.000000,0.750000,0.000000,1.000000,0.000000,0.070000,0.020000
1777189288.256799,0,0.000000,0.000000,0.000000,0.000000,0.810000,0.000000,1.000000,0.000000,0.070000,0.000000
1777189288.257411,0,0.000000,0.000000,0.000000,0.000000,0.850000,0.000000,1.000000,0.000000,0.000000,0.020000
1777189288.289815,0,0.000000,0.000000,0.000000,0.000000,0.880000,0.000000,1.000000,0.000000,0.140000,0.100000
1777189288.290331,0,0.000000,0.000000,0.000000,0.000000,0.930000,0.000000,1.000000,0.000000,0.140000,0.000000
1777189288.321952,0,0.000000,0.000000,0.000000,0.000000,0.980000,0.000000,1.000000,0.000000,0.000000,0.000000
1777189288.322463,0,0.000000,0.000000,0.000000,0.000000,1.000000,0.000000,1.000000,0.000000,0.000000,0.000000
1777189288.354730,0,0.000000,0.000000,0.000000,0.000000,1.000000,0.000000,1.000000,0.000000,0.000000,0.000000
1777189288.355242,0,0.000000,0.000000,0.000000,0.000000,1.000000,0.000000,0.000000,0.000000,0.000000,0.370000
1777189288.386379,0,0.000000,0.000000,0.000000,0.000000,1.000000,0.000000,0.500000,0.000000,0.000000,0.020000
1777189288.386944,0,0.000000,0.000000,0.000000,0.000000,1.000000,0.000000,1.000000,0.000000,0.070000,0.020000
1777189288.417615,0,0.000000,0.000000,0.000000,0.000000,1.000000,0.000000,1.000000,0.000000,0.000000,0.020000
1777189288.418120,0,0.000000,0.000000,0.000000,0.000000,1.000000,0.000000,1.000000,0.000000,0.000000,0.000000
1777189288.418513,0,0.000000,0.000000,0.000000,0.000000,1.000000,0.000000,1.000000,0.000000,0.000000,0.000000
1777189288.449017,0,0.000000,0.000000,0.000000,0.000000,1.000000,0.000000,1.000000,0.000000,0.070000,0.000000
1777189288.480264,0,0.000000,0.000000,0.000000,0.000000,1.000000,0.000000,1.000000,0.000000,0.000000,0.180000
1777189288.480928,0,0.000000,0.000000,0.000000,0.000000,0.000000,0.000000,1.000000,0.000000,0.000000,0.070000
1777189288.511457,0,0.000000,0.000000,0.000000,0.000000,0.050000,0.000000,1.000000,0.000000,0.000000,0.020000
1777189288.511984,0,0.000000,0.000000,0.000000,0.000000,0.100000,0.000000,1.000000,0.000000,0.000000,0.000000
1777189288.512377,0,0.000000,0.000000,0.000000,0.000000,0.140000,0.000000,1.000000,0.000000,0.070000,0.070000
1777189288.543872,0,0.000000,0.000000,0.000000,0.000000,0.180000,0.000000,1.000000,0.000000,0.070000,0.020000
1777189288.544403,0,0.000000,0.000000,0.000000,0.000000,0.000000,0.000000,1.000000,0.000000,0.000000,0.000000
1777189288.575822,0,0.000000,0.000000,0.000000,0.000000,0.050000,0.000000,1.000000,0.000000,0.000000,0.070000
1777189288.576316,0,0.000000,0.000000,0.000000,0.000000,0.090000,0.000000,0.280000,0.000000,0.000000,0.000000
1777189288.607199,0,0.000000,0.000000,0.000000,0.000000,0.140000,0.000000,0.760000,0.000000,0.070000,0.000000
1777189288.607706,0,0.000000,0.000000,0.000000,0.000000,0.180000,0.000000,1.000000,0.000000,0.000000,0.000000
1777189288.638655,0,0.000000,0.000000,0.000000,0.000000,0.230000,0.000000,1.000000,0.000000,0.000000,0.020000
1777189288.670639,0,0.000000,0.000000,0.000000,0.000000,0.270000,0.000000,1.000000,0.000000,0.000000,0.100000
1777189288.671148,0,0.000000,0.000000,0.000000,0.000000,0.310000,0.000000,1.000000,0.000000,0.000000,0.000000
1777189288.671561,0,0.000000,0.000000,0.000000,0.000000,0.360000,0.000000,1.000000,0.000000,0.070000,0.100000
1777189288.703943,0,0.000000,0.000000,0.000000,0.000000,0.400000,0.000000,1.000000,0.000000,0.070000,0.210000
1777189288.735681,0,0.000000,0.000000,0.000000,0.000000,0.440000,0.000000,1.000000,0.000000,0.070000,0.000000
1777189288.736191,0,0.000000,0.000000,0.000000,0.000000,0.490000,0.000000,0.180000,0.000000,0.070000,0.020000
1777189288.736599,0,0.000000,0.000000,0.000000,0.000000,0.540000,0.000000,0.180000,0.000000,0.000000,0.020000
1777189288.737173,0,0.000000,0.000000,0.000000,0.000000,0.570000,0.000000,0.740000,0.000000,0.070000,0.000000
1777189288.768504,0,0.000000,0.000000,0.000000,0.000000,0.620000,0.000000,0.400000,0.000000,0.000000,0.020000
1777189288.801394,0,0.000000,0.000000,0.000000,0.000000,0.670000,0.000000,1.000000,0.000000,0.140000,0.000000
1777189288.801929,0,0.000000,0.000000,0.000000,0.000000,0.720000,0.000000,1.000000,0.000000,0.070000,0.210000
1777189288.833203,0,0.000000,0.000000,0.000000,0.000000,0.750000,0.000000,1.000000,0.000000,0.070000,0.000000
1777189288.833899,0,0.000000,0.000000,0.000000,0.000000,0.800000,0.000000,1.000000,0.000000,0.000000,0.020000
1777189288.834468,0,0.000000,0.000000,0.000000,0.000000,0.850000,0.000000,1.000000,0.000000,0.070000,0.020000
1777189288.866382,0,0.000000,0.000000,0.000000,0.000000,0.880000,0.000000,1.000000,0.000000,0.000000,0.000000
1777189288.866886,0,0.000000,0.000000,0.000000,0.000000,0.930000,0.000000,1.000000,0.000000,0.000000,0.020000
1777189288.897399,0,0.000000,0.000000,0.000000,0.000000,0.980000,0.000000,1.000000,0.000000,0.000000,0.000000
1777189288.897915,0,0.000000,0.000000,0.000000,0.000000,1.000000,0.000000,1.000000,0.000000,0.000000,0.070000
1777189288.929214,0,0.000000,0.000000,0.000000,0.000000,1.000000,0.000000,1.000000,0.000000,0.070000,0.000000
1777189288.929719,0,0.000000,0.000000,0.000000,0.000000,1.000000,0.000000,0.310000,0.000000,0.000000,0.000000
1777189288.961357,0,0.000000,0.000000,0.000000,0.000000,1.000000,0.000000,0.920000,0.000000,0.000000,0.000000
1777189288.961858,0,0.000000,0.000000,0.000000,0.000000,1.000000,0.000000,1.000000,0.000000,0.000000,0.020000
1777189288.993906,0,0.000000,0.000000,0.000000,0.000000,1.000000,0.000000,1.000000,0.000000,0.000000,0.020000
1777189288.994411,0,0.000000,0.000000,0.000000,0.000000,1.000000,0.000000,1.000000,0.000000,0.140000,0.100000
1777189289.025845,0,0.000000,0.000000,0.000000,0.000000,1.000000,0.000000,1.000000,0.000000,0.140000,0.000000
1777189289.026364,0,0.000000,0.000000,0.000000,0.000000,1.000000,0.000000,1.000000,0.000000,0.070000,0.000000
1777189289.057184,0,0.000000,0.000000,0.000000,0.000000,1.000000,0.000000,1.000000,0.000000,0.140000,0.000000
1777189289.057696,0,0.000000,0.000000,0.000000,0.000000,1.000000,0.000000,1.000000,0.000000,0.000000,0.000000
1777189289.058260,0,0.000000,0.000000,0.000000,0.000000,1.000000,0.000000,0.400000,0.000000,0.000000,0.070000
1777189289.092688,0,0.000000,0.000000,0.000000,0.000000,1.000000,0.000000,1.000000,0.000000,0.000000,0.020000
1777189289.126905,0,0.000000,0.000000,0.000000,0.000000,1.000000,0.000000,1.000000,0.000000,0.070000,0.000000
1777189289.127433,0,0.000000,0.000000,0.000000,0.000000,1.000000,0.000000,1.000000,0.000000,0.070000,0.000000
1777189289.127862,0,0.000000,0.000000,0.000000,0.000000,1.000000,0.000000,1.000000,0.000000,0.000000,0.000000
1777189289.159044,0,0.000000,0.000000,0.000000,0.000000,1.000000,0.000000,1.000000,0.000000,0.000000,0.000000
1777189289.159564,0,0.000000,0.000000,0.000000,0.000000,1.000000,0.000000,1.000000,0.000000,0.070000,0.000000
1777189289.192122,0,0.000000,0.000000,0.000000,0.000000,1.000000,0.000000,0.000000,0.000000,0.000000,0.370000
1777189289.192787,0,0.000000,0.000000,0.000000,0.000000,1.000000,0.000000,0.600000,0.000000,0.070000,0.000000
1777189289.224348,0,0.000000,0.000000,0.000000,0.000000,1.000000,0.000000,1.000000,0.000000,0.070000,0.150000
1777189289.224833,0,0.000000,0.000000,0.000000,0.000000,1.000000,0.000000,1.000000,0.000000,0.070000,0.020000
1777189289.255995,0,0.000000,0.000000,0.000000,0.000000,1.000000,0.000000,1.000000,0.000000,0.070000,0.070000
1777189289.256508,0,0.000000,0.000000,0.000000,0.000000,1.000000,0.000000,1.000000,0.000000,0.000000,0.000000
1777189289.287613,0,0.000000,0.000000,0.000000,0.000000,1.000000,0.000000,1.000000,0.000000,0.000000,0.000000
1777189289.288136,0,0.000000,0.000000,0.000000,0.000000,1.000000,0.000000,1.000000,0.000000,0.000000,0.070000
1777189289.319441,0,0.000000,0.000000,0.000000,0.000000,1.000000,0.000000,1.000000,0.000000,0.000000,0.000000
1777189289.320018,0,0.000000,0.000000,0.000000,0.000000,1.000000,0.000000,1.000000,0.000000,0.070000,0.000000
1777189289.320450,0,0.000000,0.000000,0.000000,0.000000,1.000000,0.000000,1.000000,0.000000,0.000000,0.070000
1777189289.351583,0,0.000000,0.000000,0.000000,0.000000,1.000000,0.000000,1.000000,0.000000,0.000000,0.000000
1777189289.352077,0,0.000000,0.000000,0.000000,0.000000,1.000000,0.000000,1.000000,0.000000,0.070000,0.000000
1777189289.383652,0,0.000000,0.000000,0.000000,0.000000,1.000000,0.000000,1.000000,0.000000,0.070000,0.000000
1777189289.415509,0,0.000000,0.000000,0.000000,0.000000,1.000000,0.000000,1.000000,0.000000,0.000000,0.020000
1777189289.447981,0,0.000000,0.000000,0.000000,0.000000,1.000000,0.000000,1.000000,0.000000,0.000000,0.000000
1777189289.448561,0,0.000000,0.000000,0.000000,0.000000,1.000000,0.000000,1.000000,0.000000,0.000000,0.000000
1777189289.449014,0,0.000000,0.000000,0.000000,0.000000,1.000000,0.000000,1.000000,0.000000,0.000000,0.000000
1777189289.449556,0,0.000000,0.000000,0.000000,0.000000,0.010000,0.000000,1.000000,0.000000,0.000000,0.000000
1777189289.480740,0,0.000000,0.000000,0.000000,0.000000,0.050000,0.000000,1.000000,0.000000,0.070000,0.000000
1777189289.481256,0,0.000000,0.000000,0.000000,0.000000,0.100000,0.000000,1.000000,0.000000,0.070000,0.020000
1777189289.511884,0,0.000000,0.000000,0.000000,0.000000,0.150000,0.000000,1.000000,0.000000,0.000000,0.020000
1777189289.512402,0,0.000000,0.000000,0.000000,0.000000,0.200000,0.000000,1.000000,0.000000,0.000000,0.000000
1777189289.543508,0,0.000000,0.000000,0.000000,0.000000,0.230000,0.000000,0.360000,0.000000,0.000000,0.020000
1777189289.544034,0,0.000000,0.000000,0.000000,0.000000,0.280000,0.000000,0.950000,0.000000,0.070000,0.020000
1777189289.574909,0,0.000000,0.000000,0.000000,0.000000,0.330000,0.000000,1.000000,0.000000,0.000000,0.000000
1777189289.575486,0,0.000000,0.000000,0.000000,0.000000,0.370000,0.000000,0.200000,0.000000,0.070000,0.020000
1777189289.607196,0,0.000000,0.000000,0.000000,0.000000,0.400000,0.000000,0.690000,0.000000,0.000000,0.020000
1777189289.638242,0,0.000000,0.000000,0.000000,0.000000,0.460000,0.000000,1.000000,0.000000,0.070000,0.000000
1777189289.638748,0,0.000000,0.000000,0.000000,0.000000,0.500000,0.000000,1.000000,0.000000,0.000000,0.070000
1777189289.639144,0,0.000000,0.000000,0.000000,0.000000,0.550000,0.000000,1.000000,0.000000,0.000000,0.000000
1777189289.672484,0,0.000000,0.000000,0.000000,0.000000,0.600000,0.000000,1.000000,0.000000,0.000000,0.000000
1777189289.673011,0,0.000000,0.000000,0.000000,0.000000,0.630000,0.000000,0.050000,0.000000,0.070000,0.000000
1777189289.703985,0,0.000000,0.000000,0.000000,0.000000,0.680000,0.000000,0.560000,0.000000,0.000000,0.150000
1777189289.735201,0,0.000000,0.000000,0.000000,0.000000,0.730000,0.000000,1.000000,0.000000,0.000000,0.000000
1777189289.735715,0,0.000000,0.000000,0.000000,0.000000,0.770000,0.000000,1.000000,0.000000,0.070000,0.000000
1777189289.766704,0,0.000000,0.000000,0.000000,0.000000,0.810000,0.000000,1.000000,0.000000,0.000000,0.000000
1777189289.767220,0,0.000000,0.000000,0.000000,0.000000,0.870000,0.000000,1.000000,0.000000,0.000000,0.000000
1777189289.767616,0,0.000000,0.000000,0.000000,0.000000,0.910000,0.000000,1.000000,0.000000,0.070000,0.000000
1777189289.798423,0,0.000000,0.000000,0.000000,0.000000,0.940000,0.000000,1.000000,0.000000,0.000000,0.000000
1777189289.798952,0,0.000000,0.000000,0.000000,0.000000,1.000000,0.000000,1.000000,0.000000,0.000000,0.000000
1777189289.799364,0,0.000000,0.000000,0.000000,0.000000,1.000000,0.000000,1.000000,0.000000,0.000000,0.070000
1777189289.831103,0,0.000000,0.000000,0.000000,0.000000,1.000000,0.000000,1.000000,0.000000,0.070000,0.000000
1777189289.861826,0,0.000000,0.000000,0.000000,0.000000,1.000000,0.000000,1.000000,0.000000,0.070000,0.000000
1777189289.862340,0,0.000000,0.000000,0.000000,0.000000,1.000000,0.000000,1.000000,0.000000,0.000000,0.020000
1777189289.893161,0,0.000000,0.000000,0.000000,0.000000,1.000000,0.000000,1.000000,0.000000,0.070000,0.020000
1777189289.893670,0,0.000000,0.000000,0.000000,0.000000,1.000000,0.000000,1.000000,0.000000,0.000000,0.000000
1777189289.924528,0,0.000000,0.000000,0.000000,0.000000,1.000000,0.000000,1.000000,0.000000,0.000000,0.000000
1777189289.925039,0,0.000000,0.000000,0.000000,0.000000,1.000000,0.000000,1.000000,0.000000,0.000000,0.000000
1777189289.983106,0,0.000000,0.000000,0.000000,0.000000,1.000000,0.000000,1.000000,0.000000,0.070000,0.000000
1777189289.983634,0,0.000000,0.000000,0.000000,0.000000,0.000000,0.000000,1.000000,0.000000,0.210000,0.000000
1777189289.984044,0,0.000000,0.000000,0.000000,0.000000,0.050000,0.000000,1.000000,0.000000,0.070000,0.020000
1777189289.984440,0,0.000000,0.000000,0.000000,0.000000,0.100000,0.000000,1.000000,0.000000,0.070000,0.000000
1777189289.984833,0,0.000000,0.000000,0.000000,0.000000,0.140000,0.000000,0.400000,0.000000,0.000000,0.000000
1777189289.985278,0,0.000000,0.000000,0.000000,0.000000,0.180000,0.000000,0.930000,0.000000,0.000000,0.000000
1777189290.042826,0,0.000000,0.000000,0.000000,0.000000,0.230000,0.000000,1.000000,0.000000,0.000000,0.000000
1777189290.043352,0,0.000000,0.000000,0.000000,0.000000,0.270000,0.000000,1.000000,0.000000,0.000000,0.020000
1777189290.043758,0,0.000000,0.000000,0.000000,0.000000,0.310000,0.000000,1.000000,0.000000,0.000000,0.000000
1777189290.044312,0,0.000000,0.000000,0.000000,0.000000,0.360000,0.000000,1.000000,0.000000,0.210000,0.070000
1777189290.044723,0,0.000000,0.000000,0.000000,0.000000,0.400000,0.000000,1.000000,0.000000,0.000000,0.000000
1777189290.105561,0,0.000000,0.000000,0.000000,0.000000,0.440000,0.000000,1.000000,0.000000,0.000000,0.000000
1777189290.106273,0,0.000000,0.000000,0.000000,0.000000,0.490000,0.000000,1.000000,0.000000,0.000000,0.000000
1777189290.141442,0,0.000000,0.000000,0.000000,0.000000,0.510000,0.000000,1.000000,0.000000,0.000000,0.000000
1777189290.142082,0,0.000000,0.000000,0.000000,0.000000,0.560000,0.000000,1.000000,0.000000,0.000000,0.020000
1777189290.173652,0,0.000000,0.000000,0.000000,0.000000,0.620000,0.000000,1.000000,0.000000,0.070000,0.000000
1777189290.174175,0,0.000000,0.000000,0.000000,0.000000,0.660000,0.000000,1.000000,0.000000,0.000000,0.000000
1777189290.205785,0,0.000000,0.000000,0.000000,0.000000,0.690000,0.000000,1.000000,0.000000,0.070000,0.000000
1777189290.206450,0,0.000000,0.000000,0.000000,0.000000,0.740000,0.000000,1.000000,0.000000,0.000000,0.000000
1777189290.265417,0,0.000000,0.000000,0.000000,0.000000,0.770000,0.000000,1.000000,0.000000,0.070000,0.000000
1777189290.265969,0,0.000000,0.000000,0.000000,0.000000,0.820000,0.000000,1.000000,0.000000,0.000000,0.000000
1777189290.266379,0,0.000000,0.000000,0.000000,0.000000,0.870000,0.000000,1.000000,0.000000,0.140000,0.020000
1777189290.266790,0,0.000000,0.000000,0.000000,0.000000,0.910000,0.000000,1.000000,0.000000,0.140000,0.000000
1777189290.267184,0,0.000000,0.000000,0.000000,0.000000,0.940000,0.000000,1.000000,0.000000,0.070000,0.000000
1777189290.324840,0,0.000000,0.000000,0.000000,0.000000,1.000000,0.000000,1.000000,0.000000,0.000000,0.020000
1777189290.325374,0,0.000000,0.000000,0.000000,0.000000,1.000000,0.000000,1.000000,0.000000,0.000000,0.000000
1777189290.325787,0,0.000000,0.000000,0.000000,0.000000,1.000000,0.000000,1.000000,0.000000,0.070000,0.000000
1777189290.326615,0,0.000000,0.000000,0.000000,0.000000,1.000000,0.000000,0.250000,0.000000,0.070000,0.020000
1777189290.384305,0,0.000000,0.000000,0.000000,0.000000,1.000000,0.000000,0.730000,0.000000,0.000000,0.020000
1777189290.384854,0,0.000000,0.000000,0.000000,0.000000,1.000000,0.000000,1.000000,0.000000,0.000000,0.000000
1777189290.385269,0,0.000000,0.000000,0.000000,0.000000,1.000000,0.000000,1.000000,0.000000,0.000000,0.020000
1777189290.385847,0,0.000000,0.000000,0.000000,0.000000,1.000000,0.000000,1.000000,0.000000,0.070000,0.000000
1777189290.386243,0,0.000000,0.000000,0.000000,0.000000,1.000000,0.000000,0.070000,0.000000,0.070000,0.000000
1777189290.443819,0,0.000000,0.000000,0.000000,0.000000,1.000000,0.000000,0.370000,0.000000,0.070000,0.180000
1777189290.444352,0,0.000000,0.000000,0.000000,0.000000,1.000000,0.000000,0.690000,0.000000,0.140000,0.020000
1777189290.444947,0,0.000000,0.000000,0.000000,0.000000,1.000000,0.000000,1.000000,0.000000,0.070000,0.000000
1777189290.478405,0,0.000000,0.000000,0.000000,0.000000,1.000000,0.000000,1.000000,0.000000,0.140000,0.000000
1777189290.509772,0,0.000000,0.000000,0.000000,0.000000,1.000000,0.000000,1.000000,0.000000,0.000000,0.020000
1777189290.540575,0,0.000000,0.000000,0.000000,0.000000,1.000000,0.000000,1.000000,0.000000,0.000000,0.000000
1777189290.541080,0,0.000000,0.000000,0.000000,0.000000,1.000000,0.000000,1.000000,0.000000,0.070000,0.000000
1777189290.541481,0,0.000000,0.000000,0.000000,0.000000,1.000000,0.000000,0.100000,0.000000,0.070000,0.000000
1777189290.572851,0,0.000000,0.000000,0.000000,0.000000,1.000000,0.000000,0.300000,0.000000,0.000000,0.020000
1777189290.573363,0,0.000000,0.000000,0.000000,0.000000,1.000000,0.000000,0.490000,0.000000,0.000000,0.000000
1777189290.604203,0,0.000000,0.000000,0.000000,0.000000,1.000000,0.000000,0.670000,0.000000,0.000000,0.000000
1777189290.604732,0,0.000000,0.000000,0.000000,0.000000,1.000000,0.000000,0.860000,0.000000,0.140000,0.000000
1777189290.637430,0,0.000000,0.000000,0.000000,0.000000,1.000000,0.000000,1.000000,0.000000,0.140000,0.000000
1777189290.637956,0,0.000000,0.000000,0.000000,0.000000,1.000000,0.000000,1.000000,0.000000,0.000000,0.020000
1777189290.669666,0,0.000000,0.000000,0.000000,0.000000,1.000000,0.000000,1.000000,0.000000,0.000000,0.000000
1777189290.670183,0,0.000000,0.000000,0.000000,0.000000,1.000000,0.000000,1.000000,0.000000,0.000000,0.000000
1777189290.700861,0,0.000000,0.000000,0.000000,0.000000,1.000000,0.000000,1.000000,0.000000,0.070000,0.000000
1777189290.701365,0,0.000000,0.000000,0.000000,0.000000,1.000000,0.000000,1.000000,0.000000,0.070000,0.000000
1777189290.758358,0,0.000000,0.000000,0.000000,0.000000,1.000000,0.000000,1.000000,0.000000,0.000000,0.000000
1777189290.816175,0,0.000000,0.000000,0.000000,0.000000,1.000000,0.000000,1.000000,0.000000,0.070000,0.000000
1777189290.816714,0,0.000000,0.000000,0.000000,0.000000,1.000000,0.000000,0.070000,0.000000,0.000000,0.020000
1777189290.817297,0,0.000000,0.000000,0.000000,0.000000,1.000000,0.000000,0.200000,0.000000,0.000000,0.000000
1777189290.817731,0,0.000000,0.000000,0.000000,0.000000,1.000000,0.000000,0.540000,0.000000,0.070000,0.000000
1777189290.818147,0,0.000000,0.000000,0.000000,0.000000,1.000000,0.000000,0.660000,0.000000,0.070000,0.000000
1777189290.818562,0,0.000000,0.000000,0.000000,0.000000,0.000000,0.000000,0.770000,0.000000,0.000000,0.020000
1777189290.849478,0,0.000000,0.000000,0.000000,0.000000,0.030000,0.000000,0.890000,0.000000,0.000000,0.000000
1777189290.906538,0,0.000000,0.000000,0.000000,0.000000,0.070000,0.000000,1.000000,0.000000,0.000000,0.020000
1777189290.907072,0,0.000000,0.000000,0.000000,0.000000,0.100000,0.000000,1.000000,0.000000,0.000000,0.020000
1777189290.907478,0,0.000000,0.000000,0.000000,0.000000,0.120000,0.000000,1.000000,0.000000,0.000000,0.000000
1777189290.907887,0,0.000000,0.000000,0.000000,0.000000,0.170000,0.000000,1.000000,0.000000,0.070000,0.000000
1777189290.908514,0,0.000000,0.000000,0.000000,0.000000,0.000000,0.000000,1.000000,0.000000,0.000000,0.000000
1777189290.939234,0,0.000000,0.000000,0.000000,0.000000,0.030000,0.000000,1.000000,0.000000,0.070000,0.000000
1777189290.969997,0,0.000000,0.000000,0.000000,0.000000,0.070000,0.000000,1.000000,0.000000,0.000000,0.000000
1777189290.970497,0,0.000000,0.000000,0.000000,0.000000,0.100000,0.000000,1.000000,0.000000,0.000000,0.000000
1777189290.971064,0,0.000000,0.000000,0.000000,0.000000,0.140000,0.000000,1.000000,0.000000,0.000000,0.070000
1777189291.002601,0,0.000000,0.000000,0.000000,0.000000,0.170000,0.000000,1.000000,0.000000,0.000000,0.000000
1777189291.033817,0,0.000000,0.000000,0.000000,0.000000,0.200000,0.000000,1.000000,0.000000,0.070000,0.020000
1777189291.034343,0,0.000000,0.000000,0.000000,0.000000,0.230000,0.000000,1.000000,0.000000,0.070000,0.000000
1777189291.065348,0,0.000000,0.000000,0.000000,0.000000,0.270000,0.000000,1.000000,0.000000,0.000000,0.000000
1777189291.065882,0,0.000000,0.000000,0.000000,0.000000,0.300000,0.000000,1.000000,0.000000,0.000000,0.020000
1777189291.066286,0,0.000000,0.000000,0.000000,0.000000,0.330000,0.000000,1.000000,0.000000,0.070000,0.000000
1777189291.100992,0,0.000000,0.000000,0.000000,0.000000,0.360000,0.000000,1.000000,0.000000,0.000000,0.000000
1777189291.134164,0,0.000000,0.000000,0.000000,0.000000,0.380000,0.000000,1.000000,0.000000,0.000000,0.020000
1777189291.166022,0,0.000000,0.000000,0.000000,0.000000,0.410000,0.000000,1.000000,0.000000,0.070000,0.000000
1777189291.166517,0,0.000000,0.000000,0.000000,0.000000,0.440000,0.000000,1.000000,0.000000,0.000000,0.000000
1777189291.166906,0,0.000000,0.000000,0.000000,0.000000,0.470000,0.000000,0.010000,0.000000,0.070000,0.020000
1777189291.167281,0,0.000000,0.000000,0.000000,0.000000,0.510000,0.000000,0.140000,0.000000,0.000000,0.070000
1777189291.197952,0,0.000000,0.000000,0.000000,0.000000,0.550000,0.000000,0.250000,0.000000,0.000000,0.000000
1777189291.198451,0,0.000000,0.000000,0.000000,0.000000,0.570000,0.000000,0.370000,0.000000,0.000000,0.070000
1777189291.229561,0,0.000000,0.000000,0.000000,0.000000,0.610000,0.000000,0.500000,0.000000,0.140000,0.000000
1777189291.230091,0,0.000000,0.000000,0.000000,0.000000,0.630000,0.000000,0.610000,0.000000,0.000000,0.020000
1777189291.262169,0,0.000000,0.000000,0.000000,0.000000,0.670000,0.000000,0.740000,0.000000,0.070000,0.070000
1777189291.262698,0,0.000000,0.000000,0.000000,0.000000,0.700000,0.000000,0.010000,0.000000,0.000000,0.000000
1777189291.294966,0,0.000000,0.000000,0.000000,0.000000,0.740000,0.000000,0.120000,0.000000,0.000000,0.000000
1777189291.326818,0,0.000000,0.000000,0.000000,0.000000,0.760000,0.000000,0.230000,0.000000,0.000000,0.020000
1777189291.327374,0,0.000000,0.000000,0.000000,0.000000,0.800000,0.000000,0.340000,0.000000,0.140000,0.020000
1777189291.327781,0,0.000000,0.000000,0.000000,0.000000,0.820000,0.000000,0.030000,0.000000,0.070000,0.020000
1777189291.359447,0,0.000000,0.000000,0.000000,0.000000,0.860000,0.000000,0.180000,0.000000,0.070000,0.000000
1777189291.390443,0,0.000000,0.000000,0.000000,0.000000,0.890000,0.000000,0.300000,0.000000,0.000000,0.000000
1777189291.390953,0,0.000000,0.000000,0.000000,0.000000,0.920000,0.000000,0.400000,0.000000,0.000000,0.020000
1777189291.391349,0,0.000000,0.000000,0.000000,0.000000,0.940000,0.000000,0.540000,0.000000,0.070000,0.000000
1777189291.391880,0,0.000000,0.000000,0.000000,0.000000,0.990000,0.000000,0.670000,0.000000,0.000000,0.020000
1777189291.422757,0,0.000000,0.000000,0.000000,0.000000,1.000000,0.000000,0.800000,0.000000,0.070000,0.000000
1777189291.454660,0,0.000000,0.000000,0.000000,0.000000,1.000000,0.000000,0.930000,0.000000,0.000000,0.000000
1777189291.485536,0,0.000000,0.000000,0.000000,0.000000,1.000000,0.000000,1.000000,0.000000,0.070000,0.000000
1777189291.486072,0,0.000000,0.000000,0.000000,0.000000,1.000000,0.000000,1.000000,0.000000,0.070000,0.000000
1777189291.486470,0,0.000000,0.000000,0.000000,0.000000,1.000000,0.000000,0.030000,0.000000,0.070000,0.000000
1777189291.486850,0,0.000000,0.000000,0.000000,0.000000,1.000000,0.000000,0.180000,0.000000,0.000000,0.020000
1777189291.517706,0,0.000000,0.000000,0.000000,0.000000,1.000000,0.000000,0.310000,0.000000,0.070000,0.070000
1777189291.518402,0,0.000000,0.000000,0.000000,0.000000,1.000000,0.000000,0.460000,0.000000,0.070000,0.070000
1777189291.548995,0,0.000000,0.000000,0.000000,0.000000,1.000000,0.000000,0.570000,0.000000,0.070000,0.100000
1777189291.549510,0,0.000000,0.000000,0.000000,0.000000,0.010000,0.000000,0.730000,0.000000,0.000000,0.020000
1777189291.580638,0,0.000000,0.000000,0.000000,0.000000,0.030000,0.000000,0.870000,0.000000,0.000000,0.210000
1777189291.581168,0,0.000000,0.000000,0.000000,0.000000,0.070000,0.000000,1.000000,0.000000,0.000000,0.020000
1777189291.611880,0,0.000000,0.000000,0.000000,0.000000,0.100000,0.000000,1.000000,0.000000,0.070000,0.000000
1777189291.642646,0,0.000000,0.000000,0.000000,0.000000,0.120000,0.000000,1.000000,0.000000,0.000000,0.000000
1777189291.643147,0,0.000000,0.000000,0.000000,0.000000,0.150000,0.000000,1.000000,0.000000,0.000000,0.000000
1777189291.643540,0,0.000000,0.000000,0.000000,0.000000,0.180000,0.000000,1.000000,0.000000,0.000000,0.000000
1777189291.674497,0,0.000000,0.000000,0.000000,0.000000,0.210000,0.000000,1.000000,0.000000,0.000000,0.070000
1777189291.705455,0,0.000000,0.000000,0.000000,0.000000,0.250000,0.000000,0.030000,0.000000,0.140000,0.020000
1777189291.705973,0,0.000000,0.000000,0.000000,0.000000,0.270000,0.000000,0.150000,0.000000,0.000000,0.000000
1777189291.706369,0,0.000000,0.000000,0.000000,0.000000,0.300000,0.000000,0.000000,0.000000,0.070000,0.000000
1777189291.737548,0,0.000000,0.000000,0.000000,0.000000,0.330000,0.000000,0.120000,0.000000,0.000000,0.000000
1777189291.738069,0,0.000000,0.000000,0.000000,0.000000,0.360000,0.000000,0.230000,0.000000,0.000000,0.000000
1777189291.769857,0,0.000000,0.000000,0.000000,0.000000,0.380000,0.000000,0.340000,0.000000,0.140000,0.000000
1777189291.770370,0,0.000000,0.000000,0.000000,0.000000,0.410000,0.000000,0.470000,0.000000,0.000000,0.000000
1777189291.828418,0,0.000000,0.000000,0.000000,0.000000,0.440000,0.000000,0.070000,0.000000,0.000000,0.000000
1777189291.828957,0,0.000000,0.000000,0.000000,0.000000,0.460000,0.000000,0.030000,0.000000,0.000000,0.000000
1777189291.829391,0,0.000000,0.000000,0.000000,0.000000,0.500000,0.000000,0.400000,0.000000,0.070000,0.000000
1777189291.829822,0,0.000000,0.000000,0.000000,0.000000,0.510000,0.000000,0.280000,0.000000,0.000000,0.000000
1777189291.830224,0,0.000000,0.000000,0.000000,0.000000,0.560000,0.000000,0.690000,0.000000,0.070000,0.000000
1777189291.830612,0,0.000000,0.000000,0.000000,0.000000,0.570000,0.000000,1.000000,0.000000,0.000000,0.000000
1777189291.887712,0,0.000000,0.000000,0.000000,0.000000,0.620000,0.000000,1.000000,0.000000,0.000000,0.000000
1777189291.888245,0,0.000000,0.000000,0.000000,0.000000,0.640000,0.000000,0.100000,0.000000,0.070000,0.000000
1777189291.944552,0,0.000000,0.000000,0.000000,0.000000,0.670000,0.000000,0.500000,0.000000,0.140000,0.020000
1777189291.945323,0,0.000000,0.000000,0.000000,0.000000,0.690000,0.000000,0.910000,0.000000,0.000000,0.020000
1777189291.945788,0,0.000000,0.000000,0.000000,0.000000,0.730000,0.000000,1.000000,0.000000,0.000000,0.100000
1777189291.946207,0,0.000000,0.000000,0.000000,0.000000,0.750000,0.000000,1.000000,0.000000,0.000000,0.000000
1777189291.946629,0,0.000000,0.000000,0.000000,0.000000,0.790000,0.000000,1.000000,0.000000,0.000000,0.000000
1777189291.947072,0,0.000000,0.000000,0.000000,0.000000,0.810000,0.000000,1.000000,0.000000,0.000000,0.000000
1777189292.004745,0,0.000000,0.000000,0.000000,0.000000,0.830000,0.000000,1.000000,0.000000,0.000000,0.020000
1777189292.005311,0,0.000000,0.000000,0.000000,0.000000,0.870000,0.000000,1.000000,0.000000,0.000000,0.000000
1777189292.062544,0,0.000000,0.000000,0.000000,0.000000,0.890000,0.000000,1.000000,0.000000,0.000000,0.000000
1777189292.063073,0,0.000000,0.000000,0.000000,0.000000,0.930000,0.000000,1.000000,0.000000,0.140000,0.070000
1777189292.063478,0,0.000000,0.000000,0.000000,0.000000,0.950000,0.000000,1.000000,0.000000,0.000000,0.000000
1777189292.064019,0,0.000000,0.000000,0.000000,0.000000,0.990000,0.000000,1.000000,0.000000,0.140000,0.000000
1777189292.064461,0,0.000000,0.000000,0.000000,0.000000,1.000000,0.000000,1.000000,0.000000,0.000000,0.000000
1777189292.125206,0,0.000000,0.000000,0.000000,0.000000,1.000000,0.000000,1.000000,0.000000,0.000000,0.020000
1777189292.125761,0,0.000000,0.000000,0.000000,0.000000,1.000000,0.000000,1.000000,0.000000,0.070000,0.020000
1777189292.126405,0,0.000000,0.000000,0.000000,0.000000,1.000000,0.000000,1.000000,0.000000,0.000000,0.000000
1777189292.126822,0,0.000000,0.000000,0.000000,0.000000,1.000000,0.000000,1.000000,0.000000,0.000000,0.150000
1777189292.187223,0,0.000000,0.000000,0.000000,0.000000,1.000000,0.000000,1.000000,0.000000,0.070000,0.000000
1777189292.187722,0,0.000000,0.000000,0.000000,0.000000,1.000000,0.000000,1.000000,0.000000,0.000000,0.020000
1777189292.188288,0,0.000000,0.000000,0.000000,0.000000,1.000000,0.000000,0.070000,0.000000,0.000000,0.020000
1777189292.246017,0,0.000000,0.000000,0.000000,0.000000,1.000000,0.000000,0.500000,0.000000,0.000000,0.000000
1777189292.246543,0,0.000000,0.000000,0.000000,0.000000,1.000000,0.000000,0.910000,0.000000,0.000000,0.000000
1777189292.246947,0,0.000000,0.000000,0.000000,0.000000,1.000000,0.000000,1.000000,0.000000,0.000000,0.000000
1777189292.304904,0,0.000000,0.000000,0.000000,0.000000,1.000000,0.000000,1.000000,0.000000,0.000000,0.100000
1777189292.305468,0,0.000000,0.000000,0.000000,0.000000,1.000000,0.000000,1.000000,0.000000,0.000000,0.000000
1777189292.305865,0,0.000000,0.000000,0.000000,0.000000,1.000000,0.000000,1.000000,0.000000,0.070000,0.000000
1777189292.306246,0,0.000000,0.000000,0.000000,0.000000,1.000000,0.000000,1.000000,0.000000,0.000000,0.000000
1777189292.306633,0,0.000000,0.000000,0.000000,0.000000,1.000000,0.000000,1.000000,0.000000,0.000000,0.000000
1777189292.365237,0,0.000000,0.000000,0.000000,0.000000,1.000000,0.000000,1.000000,0.000000,0.000000,0.000000
1777189292.365941,0,0.000000,0.000000,0.000000,0.000000,1.000000,0.000000,1.000000,0.000000,0.000000,0.020000
1777189292.366373,0,0.000000,0.000000,0.000000,0.000000,1.000000,0.000000,1.000000,0.000000,0.000000,0.070000
1777189292.366758,0,0.000000,0.000000,0.000000,0.000000,1.000000,0.000000,1.000000,0.000000,0.140000,0.020000
1777189292.367146,0,0.000000,0.000000,0.000000,0.000000,1.000000,0.000000,1.000000,0.000000,0.070000,0.000000
1777189292.423929,0,0.000000,0.000000,0.000000,0.000000,1.000000,0.000000,1.000000,0.000000,0.000000,0.000000
1777189292.424461,0,0.000000,0.000000,0.000000,0.000000,1.000000,0.000000,1.000000,0.000000,0.000000,0.020000
1777189292.482134,0,0.000000,0.000000,0.000000,0.000000,0.000000,0.000000,0.000000,0.000000,0.000000,0.370000
1777189292.482822,0,0.000000,0.000000,0.000000,0.000000,0.030000,0.000000,0.430000,0.000000,0.000000,0.000000
1777189292.483244,0,0.000000,0.000000,0.000000,0.000000,0.070000,0.000000,0.860000,0.000000,0.140000,0.000000
1777189292.540518,0,0.000000,0.000000,0.000000,0.000000,0.100000,0.000000,1.000000,0.000000,0.000000,0.070000
1777189292.541224,0,0.000000,0.000000,0.000000,0.000000,0.120000,0.000000,1.000000,0.000000,0.070000,0.100000
1777189292.541644,0,0.000000,0.000000,0.000000,0.000000,0.150000,0.000000,1.000000,0.000000,0.000000,0.020000
1777189292.542036,0,0.000000,0.000000,0.000000,0.000000,0.180000,0.000000,1.000000,0.000000,0.070000,0.020000
1777189292.542418,0,0.000000,0.000000,0.000000,0.000000,0.230000,0.000000,1.000000,0.000000,0.000000,0.000000
1777189292.599766,0,0.000000,0.000000,0.000000,0.000000,0.000000,0.000000,1.000000,0.000000,0.280000,0.020000
1777189292.600291,0,0.000000,0.000000,0.000000,0.000000,0.010000,0.000000,1.000000,0.000000,0.070000,0.000000
1777189292.600699,0,0.000000,0.000000,0.000000,0.000000,0.050000,0.000000,1.000000,0.000000,0.000000,0.020000
1777189292.601243,0,0.000000,0.000000,0.000000,0.000000,0.070000,0.000000,1.000000,0.000000,0.070000,0.020000
1777189292.601648,0,0.000000,0.000000,0.000000,0.000000,0.100000,0.000000,0.050000,0.000000,0.000000,0.020000
1777189292.658309,0,0.000000,0.000000,0.000000,0.000000,0.120000,0.000000,0.440000,0.000000,0.070000,0.020000
1777189292.715569,0,0.000000,0.000000,0.000000,0.000000,0.150000,0.000000,0.860000,0.000000,0.070000,0.020000
1777189292.716105,0,0.000000,0.000000,0.000000,0.000000,0.180000,0.000000,1.000000,0.000000,0.000000,0.020000
1777189292.716515,0,0.000000,0.000000,0.000000,0.000000,0.210000,0.000000,1.000000,0.000000,0.000000,0.000000
1777189292.716896,0,0.000000,0.000000,0.000000,0.000000,0.230000,0.000000,1.000000,0.000000,0.000000,0.000000
1777189292.717282,0,0.000000,0.000000,0.000000,0.000000,0.270000,0.000000,1.000000,0.000000,0.000000,0.020000
1777189292.748811,0,0.000000,0.000000,0.000000,0.000000,0.300000,0.000000,1.000000,0.000000,0.070000,0.000000
1777189292.779835,0,0.000000,0.000000,0.000000,0.000000,0.330000,0.000000,1.000000,0.000000,0.000000,0.000000
1777189292.780353,0,0.000000,0.000000,0.000000,0.000000,0.360000,0.000000,1.000000,0.000000,0.000000,0.000000
1777189292.812063,0,0.000000,0.000000,0.000000,0.000000,0.370000,0.000000,1.000000,0.000000,0.000000,0.070000
1777189292.812557,0,0.000000,0.000000,0.000000,0.000000,0.400000,0.000000,1.000000,0.000000,0.140000,0.000000
1777189292.812949,0,0.000000,0.000000,0.000000,0.000000,0.430000,0.000000,1.000000,0.000000,0.000000,0.000000
1777189292.843760,0,0.000000,0.000000,0.000000,0.000000,0.460000,0.000000,1.000000,0.000000,0.070000,0.100000
1777189292.874870,0,0.000000,0.000000,0.000000,0.000000,0.490000,0.000000,1.000000,0.000000,0.000000,0.020000
1777189292.875382,0,0.000000,0.000000,0.000000,0.000000,0.510000,0.000000,1.000000,0.000000,0.070000,0.000000
1777189292.875946,0,0.000000,0.000000,0.000000,0.000000,0.550000,0.000000,1.000000,0.000000,0.000000,0.000000
1777189292.906067,0,0.000000,0.000000,0.000000,0.000000,0.560000,0.000000,1.000000,0.000000,0.000000,0.000000
1777189292.936935,0,0.000000,0.000000,0.000000,0.000000,0.600000,0.000000,1.000000,0.000000,0.000000,0.180000
1777189292.967880,0,0.000000,0.000000,0.000000,0.000000,0.620000,0.000000,1.000000,0.000000,0.000000,0.000000
1777189292.968405,0,0.000000,0.000000,0.000000,0.000000,0.660000,0.000000,0.310000,0.000000,0.000000,0.000000
1777189292.968820,0,0.000000,0.000000,0.000000,0.000000,0.680000,0.000000,0.070000,0.000000,0.070000,0.000000
1777189292.969219,0,0.000000,0.000000,0.000000,0.000000,0.700000,0.000000,0.460000,0.000000,0.000000,0.000000
1777189293.000267,0,0.000000,0.000000,0.000000,0.000000,0.740000,0.000000,0.880000,0.000000,0.000000,0.150000
1777189293.000769,0,0.000000,0.000000,0.000000,0.000000,0.760000,0.000000,1.000000,0.000000,0.070000,0.020000
1777189293.031647,0,0.000000,0.000000,0.000000,0.000000,0.790000,0.000000,1.000000,0.000000,0.000000,0.100000
1777189293.032152,0,0.000000,0.000000,0.000000,0.000000,0.810000,0.000000,1.000000,0.000000,0.000000,0.000000
1777189293.063362,0,0.000000,0.000000,0.000000,0.000000,0.850000,0.000000,1.000000,0.000000,0.000000,0.000000
1777189293.063860,0,0.000000,0.000000,0.000000,0.000000,0.870000,0.000000,1.000000,0.000000,0.070000,0.180000
1777189293.095212,0,0.000000,0.000000,0.000000,0.000000,0.910000,0.000000,1.000000,0.000000,0.000000,0.070000
1777189293.095742,0,0.000000,0.000000,0.000000,0.000000,0.930000,0.000000,0.050000,0.000000,0.000000,0.000000
1777189293.129817,0,0.000000,0.000000,0.000000,0.000000,0.950000,0.000000,0.460000,0.000000,0.070000,0.020000
1777189293.130345,0,0.000000,0.000000,0.000000,0.000000,0.990000,0.000000,0.000000,0.000000,0.000000,0.490000
1777189293.162592,0,0.000000,0.000000,0.000000,0.000000,1.000000,0.000000,0.360000,0.000000,0.000000,0.020000
1777189293.194217,0,0.000000,0.000000,0.000000,0.000000,1.000000,0.000000,0.730000,0.000000,0.000000,0.000000
1777189293.194721,0,0.000000,0.000000,0.000000,0.000000,1.000000,0.000000,1.000000,0.000000,0.000000,0.020000
1777189293.195119,0,0.000000,0.000000,0.000000,0.000000,1.000000,0.000000,0.000000,0.000000,0.000000,0.520000
1777189293.195522,0,0.000000,0.000000,0.000000,0.000000,1.000000,0.000000,0.400000,0.000000,0.070000,0.000000
1777189293.226457,0,0.000000,0.000000,0.000000,0.000000,1.000000,0.000000,0.150000,0.000000,0.000000,0.000000
1777189293.226976,0,0.000000,0.000000,0.000000,0.000000,1.000000,0.000000,0.510000,0.000000,0.070000,0.020000
1777189293.257944,0,0.000000,0.000000,0.000000,0.000000,1.000000,0.000000,0.920000,0.000000,0.210000,0.000000
1777189293.258458,0,0.000000,0.000000,0.000000,0.000000,1.000000,0.000000,1.000000,0.000000,0.000000,0.100000
1777189293.289505,0,0.000000,0.000000,0.000000,0.000000,1.000000,0.000000,1.000000,0.000000,0.070000,0.000000
1777189293.322007,0,0.000000,0.000000,0.000000,0.000000,1.000000,0.000000,0.070000,0.000000,0.070000,0.000000
1777189293.353315,0,0.000000,0.000000,0.000000,0.000000,1.000000,0.000000,0.340000,0.000000,0.070000,0.000000
1777189293.353825,0,0.000000,0.000000,0.000000,0.000000,1.000000,0.000000,0.620000,0.000000,0.000000,0.000000
1777189293.354370,0,0.000000,0.000000,0.000000,0.000000,1.000000,0.000000,0.890000,0.000000,0.000000,0.070000
1777189293.354963,0,0.000000,0.000000,0.000000,0.000000,1.000000,0.000000,1.000000,0.000000,0.000000,0.000000
1777189293.386405,0,0.000000,0.000000,0.000000,0.000000,1.000000,0.000000,1.000000,0.000000,0.070000,0.020000
1777189293.387001,0,0.000000,0.000000,0.000000,0.000000,1.000000,0.000000,1.000000,0.000000,0.000000,0.000000
1777189293.418032,0,0.000000,0.000000,0.000000,0.000000,1.000000,0.000000,1.000000,0.000000,0.000000,0.000000
1777189293.418545,0,0.000000,0.000000,0.000000,0.000000,1.000000,0.000000,1.000000,0.000000,0.000000,0.000000
1777189293.449209,0,0.000000,0.000000,0.000000,0.000000,1.000000,0.000000,1.000000,0.000000,0.000000,0.020000
1777189293.480390,0,0.000000,0.000000,0.000000,0.000000,1.000000,0.000000,1.000000,0.000000,0.070000,0.000000
1777189293.480879,0,0.000000,0.000000,0.000000,0.000000,1.000000,0.000000,1.000000,0.000000,0.140000,0.000000
1777189293.511953,0,0.000000,0.000000,0.000000,0.000000,1.000000,0.000000,1.000000,0.000000,0.070000,0.020000
1777189293.512480,0,0.000000,0.000000,0.000000,0.000000,1.000000,0.000000,1.000000,0.000000,0.000000,0.000000
1777189293.512890,0,0.000000,0.000000,0.000000,0.000000,1.000000,0.000000,1.000000,0.000000,0.000000,0.000000
1777189293.544604,0,0.000000,0.000000,0.000000,0.000000,1.000000,0.000000,1.000000,0.000000,0.000000,0.000000
1777189293.545176,0,0.000000,0.000000,0.000000,0.000000,1.000000,0.000000,1.000000,0.000000,0.000000,0.000000
1777189293.576069,0,0.000000,0.000000,0.000000,0.000000,1.000000,0.000000,1.000000,0.000000,0.070000,0.020000
1777189293.576603,0,0.000000,0.000000,0.000000,0.000000,1.000000,0.000000,1.000000,0.000000,0.070000,0.000000
1777189293.607955,0,0.000000,0.000000,0.000000,0.000000,1.000000,0.000000,1.000000,0.000000,0.000000,0.000000
1777189293.639706,0,0.000000,0.000000,0.000000,0.000000,1.000000,0.000000,1.000000,0.000000,0.000000,0.000000
1777189293.640452,0,0.000000,0.000000,0.000000,0.000000,1.000000,0.000000,1.000000,0.000000,0.070000,0.000000
1777189293.641135,0,0.000000,0.000000,0.000000,0.000000,1.000000,0.000000,1.000000,0.000000,0.000000,0.000000
1777189293.672269,0,0.000000,0.000000,0.000000,0.000000,1.000000,0.000000,1.000000,0.000000,0.000000,0.020000
1777189293.672857,0,0.000000,0.000000,0.000000,0.000000,1.000000,0.000000,1.000000,0.000000,0.000000,0.000000
1777189293.673282,0,0.000000,0.000000,0.000000,0.000000,1.000000,0.000000,1.000000,0.000000,0.000000,0.000000
1777189293.704052,0,0.000000,0.000000,0.000000,0.000000,1.000000,0.000000,1.000000,0.000000,0.000000,0.020000
1777189293.704574,0,0.000000,0.000000,0.000000,0.000000,1.000000,0.000000,1.000000,0.000000,0.000000,0.000000
1777189293.736856,0,0.000000,0.000000,0.000000,0.000000,1.000000,0.000000,1.000000,0.000000,0.070000,0.020000
1777189293.767227,0,0.000000,0.000000,0.000000,0.000000,1.000000,0.000000,1.000000,0.000000,0.000000,0.020000
1777189293.767911,0,0.000000,0.000000,0.000000,0.000000,1.000000,0.000000,0.210000,0.000000,0.070000,0.000000
1777189293.826483,0,0.000000,0.000000,0.000000,0.000000,1.000000,0.000000,0.500000,0.000000,0.000000,0.000000
1777189293.827009,0,0.000000,0.000000,0.000000,0.000000,1.000000,0.000000,0.790000,0.000000,0.070000,0.000000
1777189293.827578,0,0.000000,0.000000,0.000000,0.000000,1.000000,0.000000,1.000000,0.000000,0.000000,0.020000
1777189293.828002,0,0.000000,0.000000,0.000000,0.000000,1.000000,0.000000,1.000000,0.000000,0.140000,0.000000
1777189293.828383,0,0.000000,0.000000,0.000000,0.000000,1.000000,0.000000,1.000000,0.000000,0.070000,0.000000
1777189293.828771,0,0.000000,0.000000,0.000000,0.000000,1.000000,0.000000,1.000000,0.000000,0.000000,0.000000
1777189293.885575,0,0.000000,0.000000,0.000000,0.000000,1.000000,0.000000,1.000000,0.000000,0.000000,0.020000
1777189293.886102,0,0.000000,0.000000,0.000000,0.000000,1.000000,0.000000,1.000000,0.000000,0.070000,0.020000
1777189293.886661,0,0.000000,0.000000,0.000000,0.000000,1.000000,0.000000,1.000000,0.000000,0.070000,0.020000
1777189293.917509,0,0.000000,0.000000,0.000000,0.000000,1.000000,0.000000,1.000000,0.000000,0.000000,0.000000
1777189293.948308,0,0.000000,0.000000,0.000000,0.000000,1.000000,0.000000,1.000000,0.000000,0.070000,0.000000
1777189293.980061,0,0.000000,0.000000,0.000000,0.000000,1.000000,0.000000,1.000000,0.000000,0.000000,0.020000
1777189293.980574,0,0.000000,0.000000,0.000000,0.000000,1.000000,0.000000,1.000000,0.000000,0.070000,0.020000
1777189294.012286,0,0.000000,0.000000,0.000000,0.000000,1.000000,0.000000,1.000000,0.000000,0.070000,0.000000
1777189294.012795,0,0.000000,0.000000,0.000000,0.000000,1.000000,0.000000,1.000000,0.000000,0.070000,0.070000
1777189294.013189,0,0.000000,0.000000,0.000000,0.000000,1.000000,0.000000,1.000000,0.000000,0.000000,0.020000
1777189294.044021,0,0.000000,0.000000,0.000000,0.000000,1.000000,0.000000,1.000000,0.000000,0.070000,0.000000
1777189294.044539,0,0.000000,0.000000,0.000000,0.000000,1.000000,0.000000,1.000000,0.000000,0.000000,0.020000
1777189294.075437,0,0.000000,0.000000,0.000000,0.000000,1.000000,0.000000,1.000000,0.000000,0.000000,0.100000
1777189294.075930,0,0.000000,0.000000,0.000000,0.000000,1.000000,0.000000,1.000000,0.000000,0.000000,0.000000
1777189294.108134,0,0.000000,0.000000,0.000000,0.000000,1.000000,0.000000,0.020000,0.000000,0.070000,0.000000
1777189294.142057,0,0.000000,0.000000,0.000000,0.000000,1.000000,0.000000,0.280000,0.000000,0.000000,0.000000
1777189294.142571,0,0.000000,0.000000,0.000000,0.000000,1.000000,0.000000,0.570000,0.000000,0.070000,0.020000
1777189294.142970,0,0.000000,0.000000,0.000000,0.000000,1.000000,0.000000,0.870000,0.000000,0.070000,0.020000
1777189294.143349,0,0.000000,0.000000,0.000000,0.000000,1.000000,0.000000,1.000000,0.000000,0.070000,0.000000
1777189294.202662,0,0.000000,0.000000,0.000000,0.000000,1.000000,0.000000,1.000000,0.000000,0.000000,0.000000
1777189294.203195,0,0.000000,0.000000,0.000000,0.000000,1.000000,0.000000,1.000000,0.000000,0.070000,0.000000
1777189294.203621,0,0.000000,0.000000,0.000000,0.000000,1.000000,0.000000,1.000000,0.000000,0.000000,0.000000
1777189294.204021,0,0.000000,0.000000,0.000000,0.000000,1.000000,0.000000,1.000000,0.000000,0.000000,0.000000
1777189294.261484,0,0.000000,0.000000,0.000000,0.000000,1.000000,0.000000,0.000000,0.000000,0.140000,0.340000
1777189294.262018,0,0.000000,0.000000,0.000000,0.000000,1.000000,0.000000,0.250000,0.000000,0.000000,0.070000
1777189294.262532,0,0.000000,0.000000,0.000000,0.000000,1.000000,0.000000,0.550000,0.000000,0.000000,0.180000
1777189294.263191,0,0.000000,0.000000,0.000000,0.000000,1.000000,0.000000,0.820000,0.000000,0.000000,0.020000
1777189294.263892,0,0.000000,0.000000,0.000000,0.000000,1.000000,0.000000,1.000000,0.000000,0.000000,0.020000
1777189294.295180,0,0.000000,0.000000,0.000000,0.000000,1.000000,0.000000,1.000000,0.000000,0.000000,0.020000
1777189294.327390,0,0.000000,0.000000,0.000000,0.000000,0.000000,0.000000,1.000000,0.000000,0.000000,0.000000
1777189294.327909,0,0.000000,0.000000,0.000000,0.000000,0.030000,0.000000,1.000000,0.000000,0.000000,0.070000
1777189294.385809,0,0.000000,0.000000,0.000000,0.000000,0.070000,0.000000,1.000000,0.000000,0.000000,0.000000
1777189294.386354,0,0.000000,0.000000,0.000000,0.000000,0.090000,0.000000,1.000000,0.000000,0.000000,0.000000
1777189294.386872,0,0.000000,0.000000,0.000000,0.000000,0.110000,0.000000,1.000000,0.000000,0.140000,0.000000
1777189294.387310,0,0.000000,0.000000,0.000000,0.000000,0.150000,0.000000,1.000000,0.000000,0.000000,0.020000
1777189294.387703,0,0.000000,0.000000,0.000000,0.000000,0.180000,0.000000,1.000000,0.000000,0.070000,0.000000
1777189294.388112,0,0.000000,0.000000,0.000000,0.000000,0.200000,0.000000,1.000000,0.000000,0.000000,0.000000
1777189294.445126,0,0.000000,0.000000,0.000000,0.000000,0.230000,0.000000,1.000000,0.000000,0.000000,0.020000
1777189294.445846,0,0.000000,0.000000,0.000000,0.000000,0.250000,0.000000,1.000000,0.000000,0.000000,0.020000
1777189294.446268,0,0.000000,0.000000,0.000000,0.000000,0.280000,0.000000,1.000000,0.000000,0.070000,0.020000
1777189294.505575,0,0.000000,0.000000,0.000000,0.000000,0.310000,0.000000,1.000000,0.000000,0.000000,0.020000
1777189294.506111,0,0.000000,0.000000,0.000000,0.000000,0.340000,0.000000,1.000000,0.000000,0.070000,0.000000
1777189294.506732,0,0.000000,0.000000,0.000000,0.000000,0.370000,0.000000,1.000000,0.000000,0.000000,0.000000
1777189294.507197,0,0.000000,0.000000,0.000000,0.000000,0.400000,0.000000,1.000000,0.000000,0.000000,0.020000
1777189294.507589,0,0.000000,0.000000,0.000000,0.000000,0.410000,0.000000,1.000000,0.000000,0.070000,0.000000
1777189294.564753,0,0.000000,0.000000,0.000000,0.000000,0.440000,0.000000,1.000000,0.000000,0.070000,0.020000
1777189294.565280,0,0.000000,0.000000,0.000000,0.000000,0.470000,0.000000,1.000000,0.000000,0.140000,0.000000
1777189294.565855,0,0.000000,0.000000,0.000000,0.000000,0.500000,0.000000,1.000000,0.000000,0.000000,0.020000
1777189294.566265,0,0.000000,0.000000,0.000000,0.000000,0.510000,0.000000,1.000000,0.000000,0.070000,0.020000
1777189294.622843,0,0.000000,0.000000,0.000000,0.000000,0.560000,0.000000,1.000000,0.000000,0.070000,0.020000
1777189294.623398,0,0.000000,0.000000,0.000000,0.000000,0.570000,0.000000,0.100000,0.000000,0.000000,0.000000
1777189294.682008,0,0.000000,0.000000,0.000000,0.000000,0.010000,0.000000,0.400000,0.000000,0.000000,0.000000
1777189294.682536,0,0.000000,0.000000,0.000000,0.000000,0.050000,0.000000,0.660000,0.000000,0.000000,0.000000
1777189294.682930,0,0.000000,0.000000,0.000000,0.000000,0.090000,0.000000,0.950000,0.000000,0.070000,0.020000
1777189294.683456,0,0.000000,0.000000,0.000000,0.000000,0.110000,0.000000,1.000000,0.000000,0.070000,0.000000
1777189294.683874,0,0.000000,0.000000,0.000000,0.000000,0.150000,0.000000,1.000000,0.000000,0.000000,0.000000
1777189294.741869,0,0.000000,0.000000,0.000000,0.000000,0.180000,0.000000,1.000000,0.000000,0.070000,0.000000
1777189294.742482,0,0.000000,0.000000,0.000000,0.000000,0.200000,0.000000,1.000000,0.000000,0.000000,0.000000
1777189294.742959,0,0.000000,0.000000,0.000000,0.000000,0.250000,0.000000,1.000000,0.000000,0.000000,0.000000
1777189294.774450,0,0.000000,0.000000,0.000000,0.000000,0.280000,0.000000,1.000000,0.000000,0.000000,0.000000
1777189294.807275,0,0.000000,0.000000,0.000000,0.000000,0.310000,0.000000,1.000000,0.000000,0.000000,0.000000
1777189294.807793,0,0.000000,0.000000,0.000000,0.000000,0.340000,0.000000,1.000000,0.000000,0.000000,0.000000
1777189294.838377,0,0.000000,0.000000,0.000000,0.000000,0.370000,0.000000,1.000000,0.000000,0.000000,0.000000
1777189294.838925,0,0.000000,0.000000,0.000000,0.000000,0.400000,0.000000,1.000000,0.000000,0.000000,0.000000
1777189294.839324,0,0.000000,0.000000,0.000000,0.000000,0.440000,0.000000,1.000000,0.000000,0.070000,0.000000
1777189294.870237,0,0.000000,0.000000,0.000000,0.000000,0.470000,0.000000,1.000000,0.000000,0.000000,0.000000
1777189294.870776,0,0.000000,0.000000,0.000000,0.000000,0.500000,0.000000,1.000000,0.000000,0.000000,0.000000
1777189294.901357,0,0.000000,0.000000,0.000000,0.000000,0.540000,0.000000,1.000000,0.000000,0.070000,0.000000
1777189294.901891,0,0.000000,0.000000,0.000000,0.000000,0.570000,0.000000,1.000000,0.000000,0.000000,0.000000
1777189294.932999,0,0.000000,0.000000,0.000000,0.000000,0.610000,0.000000,1.000000,0.000000,0.070000,0.000000
1777189294.933491,0,0.000000,0.000000,0.000000,0.000000,0.640000,0.000000,1.000000,0.000000,0.070000,0.020000
1777189294.965159,0,0.000000,0.000000,0.000000,0.000000,0.680000,0.000000,1.000000,0.000000,0.140000,0.100000
1777189294.965664,0,0.000000,0.000000,0.000000,0.000000,0.720000,0.000000,1.000000,0.000000,0.000000,0.020000
1777189294.996939,0,0.000000,0.000000,0.000000,0.000000,0.750000,0.000000,1.000000,0.000000,0.000000,0.020000
1777189294.997457,0,0.000000,0.000000,0.000000,0.000000,0.770000,0.000000,1.000000,0.000000,0.000000,0.020000
1777189294.998024,0,0.000000,0.000000,0.000000,0.000000,0.810000,0.000000,1.000000,0.000000,0.140000,0.000000
1777189295.028965,0,0.000000,0.000000,0.000000,0.000000,0.850000,0.000000,1.000000,0.000000,0.000000,0.000000
1777189295.060121,0,0.000000,0.000000,0.000000,0.000000,0.870000,0.000000,1.000000,0.000000,0.000000,0.000000
1777189295.091161,0,0.000000,0.000000,0.000000,0.000000,0.910000,0.000000,1.000000,0.000000,0.070000,0.000000
1777189295.123982,0,0.000000,0.000000,0.000000,0.000000,0.940000,0.000000,1.000000,0.000000,0.000000,0.020000
1777189295.124516,0,0.000000,0.000000,0.000000,0.000000,0.980000,0.000000,1.000000,0.000000,0.000000,0.000000
1777189295.124919,0,0.000000,0.000000,0.000000,0.000000,1.000000,0.000000,1.000000,0.000000,0.000000,0.020000
1777189295.125310,0,0.000000,0.000000,0.000000,0.000000,1.000000,0.000000,1.000000,0.000000,0.000000,0.000000
1777189295.125809,0,0.000000,0.000000,0.000000,0.000000,1.000000,0.000000,1.000000,0.000000,0.000000,0.000000
1777189295.159719,0,0.000000,0.000000,0.000000,0.000000,0.020000,0.000000,1.000000,0.000000,0.070000,0.020000
1777189295.160304,0,0.000000,0.000000,0.000000,0.000000,0.070000,0.000000,1.000000,0.000000,0.070000,0.000000
1777189295.192237,0,0.000000,0.000000,0.000000,0.000000,0.110000,0.000000,1.000000,0.000000,0.070000,0.000000
1777189295.224185,0,0.000000,0.000000,0.000000,0.000000,0.170000,0.000000,1.000000,0.000000,0.070000,0.020000
1777189295.255563,0,0.000000,0.000000,0.000000,0.000000,0.210000,0.000000,1.000000,0.000000,0.000000,0.000000
1777189295.256073,0,0.000000,0.000000,0.000000,0.000000,0.250000,0.000000,1.000000,0.000000,0.000000,0.020000
1777189295.256465,0,0.000000,0.000000,0.000000,0.000000,0.310000,0.000000,1.000000,0.000000,0.000000,0.000000
1777189295.256935,0,0.000000,0.000000,0.000000,0.000000,0.360000,0.000000,1.000000,0.000000,0.210000,0.000000
1777189295.287467,0,0.000000,0.000000,0.000000,0.000000,0.400000,0.000000,1.000000,0.000000,0.000000,0.000000
1777189295.318690,0,0.000000,0.000000,0.000000,0.000000,0.440000,0.000000,1.000000,0.000000,0.000000,0.000000
1777189295.319206,0,0.000000,0.000000,0.000000,0.000000,0.500000,0.000000,1.000000,0.000000,0.000000,0.000000
1777189295.351300,0,0.000000,0.000000,0.000000,0.000000,0.540000,0.000000,1.000000,0.000000,0.000000,0.000000
1777189295.383266,0,0.000000,0.000000,0.000000,0.000000,0.570000,0.000000,1.000000,0.000000,0.070000,0.000000
1777189295.383790,0,0.000000,0.000000,0.000000,0.000000,0.630000,0.000000,1.000000,0.000000,0.000000,0.000000
1777189295.384205,0,0.000000,0.000000,0.000000,0.000000,0.680000,0.000000,1.000000,0.000000,0.000000,0.020000
1777189295.384598,0,0.000000,0.000000,0.000000,0.000000,0.730000,0.000000,1.000000,0.000000,0.140000,0.000000
1777189295.416948,0,0.000000,0.000000,0.000000,0.000000,0.760000,0.000000,1.000000,0.000000,0.000000,0.150000
1777189295.417510,0,0.000000,0.000000,0.000000,0.000000,0.810000,0.000000,0.150000,0.000000,0.000000,0.020000
1777189295.448892,0,0.000000,0.000000,0.000000,0.000000,0.870000,0.000000,0.430000,0.000000,0.070000,0.000000
1777189295.479948,0,0.000000,0.000000,0.000000,0.000000,0.910000,0.000000,0.720000,0.000000,0.000000,0.000000
1777189295.480469,0,0.000000,0.000000,0.000000,0.000000,0.950000,0.000000,0.140000,0.000000,0.000000,0.020000
1777189295.480863,0,0.000000,0.000000,0.000000,0.000000,1.000000,0.000000,0.460000,0.000000,0.000000,0.020000
1777189295.481241,0,0.000000,0.000000,0.000000,0.000000,1.000000,0.000000,0.180000,0.000000,0.000000,0.020000
1777189295.512229,0,0.000000,0.000000,0.000000,0.000000,1.000000,0.000000,0.500000,0.000000,0.070000,0.020000
1777189295.542864,0,0.000000,0.000000,0.000000,0.000000,1.000000,0.000000,0.800000,0.000000,0.000000,0.000000
1777189295.543401,0,0.000000,0.000000,0.000000,0.000000,1.000000,0.000000,1.000000,0.000000,0.140000,0.000000
1777189295.543797,0,0.000000,0.000000,0.000000,0.000000,1.000000,0.000000,1.000000,0.000000,0.070000,0.000000
1777189295.575334,0,0.000000,0.000000,0.000000,0.000000,1.000000,0.000000,1.000000,0.000000,0.000000,0.020000
1777189295.575979,0,0.000000,0.000000,0.000000,0.000000,1.000000,0.000000,1.000000,0.000000,0.070000,0.000000
1777189295.607908,0,0.000000,0.000000,0.000000,0.000000,1.000000,0.000000,1.000000,0.000000,0.070000,0.000000
1777189295.608423,0,0.000000,0.000000,0.000000,0.000000,1.000000,0.000000,1.000000,0.000000,0.070000,0.000000
1777189295.643103,0,0.000000,0.000000,0.000000,0.000000,1.000000,0.000000,1.000000,0.000000,0.000000,0.020000
1777189295.643605,0,0.000000,0.000000,0.000000,0.000000,1.000000,0.000000,1.000000,0.000000,0.000000,0.020000
1777189295.674321,0,0.000000,0.000000,0.000000,0.000000,1.000000,0.000000,1.000000,0.000000,0.070000,0.000000
1777189295.674832,0,0.000000,0.000000,0.000000,0.000000,1.000000,0.000000,1.000000,0.000000,0.000000,0.000000
1777189295.709340,0,0.000000,0.000000,0.000000,0.000000,1.000000,0.000000,1.000000,0.000000,0.000000,0.000000
1777189295.740643,0,0.000000,0.000000,0.000000,0.000000,1.000000,0.000000,0.100000,0.000000,0.000000,0.000000
1777189295.741173,0,0.000000,0.000000,0.000000,0.000000,1.000000,0.000000,0.400000,0.000000,0.070000,0.000000
1777189295.741575,0,0.000000,0.000000,0.000000,0.000000,1.000000,0.000000,0.690000,0.000000,0.000000,0.020000
1777189295.773483,0,0.000000,0.000000,0.000000,0.000000,1.000000,0.000000,1.000000,0.000000,0.070000,0.070000
1777189295.774001,0,0.000000,0.000000,0.000000,0.000000,1.000000,0.000000,1.000000,0.000000,0.000000,0.000000
1777189295.805543,0,0.000000,0.000000,0.000000,0.000000,1.000000,0.000000,1.000000,0.000000,0.000000,0.020000
1777189295.806035,0,0.000000,0.000000,0.000000,0.000000,1.000000,0.000000,1.000000,0.000000,0.070000,0.070000
1777189295.806497,0,0.000000,0.000000,0.000000,0.000000,1.000000,0.000000,1.000000,0.000000,0.000000,0.000000
1777189295.836791,0,0.000000,0.000000,0.000000,0.000000,1.000000,0.000000,0.050000,0.000000,0.070000,0.000000
1777189295.837305,0,0.000000,0.000000,0.000000,0.000000,1.000000,0.000000,0.280000,0.000000,0.000000,0.000000
1777189295.837971,0,0.000000,0.000000,0.000000,0.000000,1.000000,0.000000,0.510000,0.000000,0.000000,0.000000
1777189295.869673,0,0.000000,0.000000,0.000000,0.000000,1.000000,0.000000,0.760000,0.000000,0.000000,0.020000
1777189295.900542,0,0.000000,0.000000,0.000000,0.000000,0.000000,0.000000,0.980000,0.000000,0.070000,0.000000
1777189295.901047,0,0.000000,0.000000,0.000000,0.000000,0.020000,0.000000,1.000000,0.000000,0.000000,0.000000
1777189295.901461,0,0.000000,0.000000,0.000000,0.000000,0.050000,0.000000,1.000000,0.000000,0.000000,0.000000
1777189295.932315,0,0.000000,0.000000,0.000000,0.000000,0.090000,0.000000,1.000000,0.000000,0.140000,0.000000
1777189295.932903,0,0.000000,0.000000,0.000000,0.000000,0.110000,0.000000,1.000000,0.000000,0.000000,0.000000
1777189295.963939,0,0.000000,0.000000,0.000000,0.000000,0.150000,0.000000,1.000000,0.000000,0.140000,0.020000
1777189295.995053,0,0.000000,0.000000,0.000000,0.000000,0.180000,0.000000,1.000000,0.000000,0.000000,0.020000
1777189295.995568,0,0.000000,0.000000,0.000000,0.000000,0.200000,0.000000,1.000000,0.000000,0.070000,0.000000
1777189295.995961,0,0.000000,0.000000,0.000000,0.000000,0.000000,0.000000,1.000000,0.000000,0.000000,0.020000
1777189296.026765,0,0.000000,0.000000,0.000000,0.000000,0.030000,0.000000,0.030000,0.000000,0.000000,0.020000
1777189296.057245,0,0.000000,0.000000,0.000000,0.000000,0.070000,0.000000,0.180000,0.000000,0.070000,0.000000
1777189296.057741,0,0.000000,0.000000,0.000000,0.000000,0.100000,0.000000,0.310000,0.000000,0.070000,0.020000
1777189296.058133,0,0.000000,0.000000,0.000000,0.000000,0.150000,0.000000,0.430000,0.000000,0.000000,0.020000
1777189296.088575,0,0.000000,0.000000,0.000000,0.000000,0.180000,0.000000,0.560000,0.000000,0.140000,0.070000
1777189296.089082,0,0.000000,0.000000,0.000000,0.000000,0.200000,0.000000,0.700000,0.000000,0.000000,0.020000
1777189296.150314,0,0.000000,0.000000,0.000000,0.000000,0.250000,0.000000,0.850000,0.000000,0.000000,0.000000
1777189296.150846,0,0.000000,0.000000,0.000000,0.000000,0.280000,0.000000,0.990000,0.000000,0.000000,0.000000
1777189296.151272,0,0.000000,0.000000,0.000000,0.000000,0.310000,0.000000,1.000000,0.000000,0.000000,0.020000
1777189296.151915,0,0.000000,0.000000,0.000000,0.000000,0.340000,0.000000,0.010000,0.000000,0.070000,0.000000
1777189296.152333,0,0.000000,0.000000,0.000000,0.000000,0.370000,0.000000,0.000000,0.000000,0.000000,0.020000
1777189296.187232,0,0.000000,0.000000,0.000000,0.000000,0.410000,0.000000,0.100000,0.000000,0.000000,0.000000
1777189296.219148,0,0.000000,0.000000,0.000000,0.000000,0.440000,0.000000,0.200000,0.000000,0.000000,0.000000
1777189296.250445,0,0.000000,0.000000,0.000000,0.000000,0.490000,0.000000,0.310000,0.000000,0.070000,0.100000
1777189296.250940,0,0.000000,0.000000,0.000000,0.000000,0.510000,0.000000,0.400000,0.000000,0.070000,0.000000
1777189296.251328,0,0.000000,0.000000,0.000000,0.000000,0.550000,0.000000,0.500000,0.000000,0.070000,0.000000
1777189296.282830,0,0.000000,0.000000,0.000000,0.000000,0.570000,0.000000,0.610000,0.000000,0.070000,0.000000
1777189296.283356,0,0.000000,0.000000,0.000000,0.000000,0.620000,0.000000,0.700000,0.000000,0.000000,0.000000
1777189296.314930,0,0.000000,0.000000,0.000000,0.000000,0.660000,0.000000,0.810000,0.000000,0.000000,0.000000
1777189296.315426,0,0.000000,0.000000,0.000000,0.000000,0.680000,0.000000,0.910000,0.000000,0.000000,0.000000
1777189296.346323,0,0.000000,0.000000,0.000000,0.000000,0.720000,0.000000,1.000000,0.000000,0.000000,0.070000
1777189296.346900,0,0.000000,0.000000,0.000000,0.000000,0.750000,0.000000,1.000000,0.000000,0.000000,0.020000
1777189296.378302,0,0.000000,0.000000,0.000000,0.000000,0.790000,0.000000,1.000000,0.000000,0.070000,0.000000
1777189296.378825,0,0.000000,0.000000,0.000000,0.000000,0.820000,0.000000,1.000000,0.000000,0.000000,0.070000
1777189296.379373,0,0.000000,0.000000,0.000000,0.000000,0.860000,0.000000,1.000000,0.000000,0.070000,0.000000
1777189296.410061,0,0.000000,0.000000,0.000000,0.000000,0.890000,0.000000,1.000000,0.000000,0.070000,0.020000
1777189296.440900,0,0.000000,0.000000,0.000000,0.000000,0.010000,0.000000,1.000000,0.000000,0.140000,0.100000
1777189296.441452,0,0.000000,0.000000,0.000000,0.000000,0.050000,0.000000,0.000000,0.000000,0.070000,0.070000
1777189296.441869,0,0.000000,0.000000,0.000000,0.000000,0.090000,0.000000,0.070000,0.000000,0.000000,0.000000
1777189296.473423,0,0.000000,0.000000,0.000000,0.000000,0.120000,0.000000,0.150000,0.000000,0.000000,0.020000
1777189296.504250,0,0.000000,0.000000,0.000000,0.000000,0.150000,0.000000,0.230000,0.000000,0.000000,0.020000
1777189296.535469,0,0.000000,0.000000,0.000000,0.000000,0.200000,0.000000,0.310000,0.000000,0.070000,0.020000
1777189296.535970,0,0.000000,0.000000,0.000000,0.000000,0.230000,0.000000,0.380000,0.000000,0.000000,0.000000
1777189296.536383,0,0.000000,0.000000,0.000000,0.000000,0.270000,0.000000,0.460000,0.000000,0.000000,0.020000
1777189296.567761,0,0.000000,0.000000,0.000000,0.000000,0.310000,0.000000,0.540000,0.000000,0.000000,0.210000
1777189296.568289,0,0.000000,0.000000,0.000000,0.000000,0.340000,0.000000,0.620000,0.000000,0.000000,0.000000
1777189296.599445,0,0.000000,0.000000,0.000000,0.000000,0.370000,0.000000,0.680000,0.000000,0.000000,0.000000
1777189296.599947,0,0.000000,0.000000,0.000000,0.000000,0.410000,0.000000,0.760000,0.000000,0.000000,0.020000
1777189296.630869,0,0.000000,0.000000,0.000000,0.000000,0.440000,0.000000,0.850000,0.000000,0.000000,0.070000
1777189296.631374,0,0.000000,0.000000,0.000000,0.000000,0.490000,0.000000,0.920000,0.000000,0.070000,0.000000
1777189296.631916,0,0.000000,0.000000,0.000000,0.000000,0.510000,0.000000,1.000000,0.000000,0.000000,0.020000
1777189296.664155,0,0.000000,0.000000,0.000000,0.000000,0.560000,0.000000,1.000000,0.000000,0.000000,0.000000
1777189296.664702,0,0.000000,0.000000,0.000000,0.000000,0.600000,0.000000,1.000000,0.000000,0.070000,0.000000
1777189296.695679,0,0.000000,0.000000,0.000000,0.000000,0.620000,0.000000,1.000000,0.000000,0.000000,0.020000
1777189296.728987,0,0.000000,0.000000,0.000000,0.000000,0.670000,0.000000,1.000000,0.000000,0.000000,0.000000
1777189296.729504,0,0.000000,0.000000,0.000000,0.000000,0.020000,0.000000,1.000000,0.000000,0.000000,0.000000
1777189296.729899,0,0.000000,0.000000,0.000000,0.000000,0.090000,0.000000,1.000000,0.000000,0.000000,0.000000
1777189296.761256,0,0.000000,0.000000,0.000000,0.000000,0.140000,0.000000,1.000000,0.000000,0.000000,0.000000
1777189296.761776,0,0.000000,0.000000,0.000000,0.000000,0.180000,0.000000,1.000000,0.000000,0.000000,0.100000
1777189296.762215,0,0.000000,0.000000,0.000000,0.000000,0.250000,0.000000,1.000000,0.000000,0.070000,0.000000
1777189296.793898,0,0.000000,0.000000,0.000000,0.000000,0.300000,0.000000,1.000000,0.000000,0.070000,0.000000
1777189296.824875,0,0.000000,0.000000,0.000000,0.000000,0.360000,0.000000,1.000000,0.000000,0.000000,0.000000
1777189296.825393,0,0.000000,0.000000,0.000000,0.000000,0.400000,0.000000,1.000000,0.000000,0.000000,0.000000
1777189296.825799,0,0.000000,0.000000,0.000000,0.000000,0.460000,0.000000,1.000000,0.000000,0.070000,0.000000
1777189296.857345,0,0.000000,0.000000,0.000000,0.000000,0.500000,0.000000,1.000000,0.000000,0.000000,0.000000
1777189296.858017,0,0.000000,0.000000,0.000000,0.000000,0.560000,0.000000,1.000000,0.000000,0.000000,0.000000
1777189296.890093,0,0.000000,0.000000,0.000000,0.000000,0.620000,0.000000,1.000000,0.000000,0.070000,0.000000
1777189296.890765,0,0.000000,0.000000,0.000000,0.000000,0.680000,0.000000,1.000000,0.000000,0.000000,0.000000
1777189296.921930,0,0.000000,0.000000,0.000000,0.000000,0.730000,0.000000,1.000000,0.000000,0.000000,0.000000
1777189296.922457,0,0.000000,0.000000,0.000000,0.000000,0.770000,0.000000,1.000000,0.000000,0.070000,0.020000
1777189296.953742,0,0.000000,0.000000,0.000000,0.000000,0.830000,0.000000,0.020000,0.000000,0.000000,0.000000
1777189296.954262,0,0.000000,0.000000,0.000000,0.000000,0.890000,0.000000,0.100000,0.000000,0.000000,0.020000
1777189296.984807,0,0.000000,0.000000,0.000000,0.000000,0.940000,0.000000,0.180000,0.000000,0.070000,0.000000
1777189296.985367,0,0.000000,0.000000,0.000000,0.000000,0.010000,0.000000,0.250000,0.000000,0.070000,0.020000
1777189296.985923,0,0.000000,0.000000,0.000000,0.000000,0.070000,0.000000,0.340000,0.000000,0.000000,0.000000
1777189297.017508,0,0.000000,0.000000,0.000000,0.000000,0.110000,0.000000,0.410000,0.000000,0.070000,0.000000
1777189297.048639,0,0.000000,0.000000,0.000000,0.000000,0.150000,0.000000,0.500000,0.000000,0.070000,0.000000
1777189297.049143,0,0.000000,0.000000,0.000000,0.000000,0.200000,0.000000,0.570000,0.000000,0.000000,0.000000
1777189297.079660,0,0.000000,0.000000,0.000000,0.000000,0.250000,0.000000,0.660000,0.000000,0.000000,0.000000
1777189297.080172,0,0.000000,0.000000,0.000000,0.000000,0.310000,0.000000,0.730000,0.000000,0.000000,0.000000
1777189297.111163,0,0.000000,0.000000,0.000000,0.000000,0.360000,0.000000,0.810000,0.000000,0.070000,0.100000
1777189297.111699,0,0.000000,0.000000,0.000000,0.000000,0.400000,0.000000,0.880000,0.000000,0.000000,0.020000
1777189297.145366,0,0.000000,0.000000,0.000000,0.000000,0.440000,0.000000,0.970000,0.000000,0.070000,0.000000
1777189297.145893,0,0.000000,0.000000,0.000000,0.000000,0.500000,0.000000,1.000000,0.000000,0.000000,0.070000
1777189297.146435,0,0.000000,0.000000,0.000000,0.000000,0.550000,0.000000,1.000000,0.000000,0.000000,0.000000
1777189297.181681,0,0.000000,0.000000,0.000000,0.000000,0.600000,0.000000,1.000000,0.000000,0.070000,0.000000
1777189297.213171,0,0.000000,0.000000,0.000000,0.000000,0.630000,0.000000,1.000000,0.000000,0.070000,0.020000
1777189297.213711,0,0.000000,0.000000,0.000000,0.000000,0.680000,0.000000,1.000000,0.000000,0.000000,0.020000
1777189297.214116,0,0.000000,0.000000,0.000000,0.000000,0.740000,0.000000,1.000000,0.000000,0.000000,0.020000
1777189297.245755,0,0.000000,0.000000,0.000000,0.000000,0.790000,0.000000,1.000000,0.000000,0.000000,0.020000
1777189297.246272,0,0.000000,0.000000,0.000000,0.000000,0.820000,0.000000,1.000000,0.000000,0.070000,0.000000
1777189297.277852,0,0.000000,0.000000,0.000000,0.000000,0.870000,0.000000,1.000000,0.000000,0.000000,0.000000
1777189297.278455,0,0.000000,0.000000,0.000000,0.000000,0.920000,0.000000,1.000000,0.000000,0.070000,0.020000
1777189297.279259,0,0.000000,0.000000,0.000000,0.000000,0.970000,0.000000,1.000000,0.000000,0.070000,0.020000
1777189297.310098,0,0.000000,0.000000,0.000000,0.000000,1.000000,0.000000,1.000000,0.000000,0.000000,0.000000
1777189297.310705,0,0.000000,0.000000,0.000000,0.000000,1.000000,0.000000,1.000000,0.000000,0.070000,0.000000
1777189297.341473,0,0.000000,0.000000,0.000000,0.000000,1.000000,0.000000,1.000000,0.000000,0.000000,0.000000
1777189297.341995,0,0.000000,0.000000,0.000000,0.000000,1.000000,0.000000,1.000000,0.000000,0.000000,0.180000
1777189297.375689,0,0.000000,0.000000,0.000000,0.000000,1.000000,0.000000,1.000000,0.000000,0.000000,0.000000
1777189297.376384,0,0.000000,0.000000,0.000000,0.000000,1.000000,0.000000,1.000000,0.000000,0.000000,0.020000
1777189297.407351,0,0.000000,0.000000,0.000000,0.000000,1.000000,0.000000,1.000000,0.000000,0.000000,0.000000
1777189297.407874,0,0.000000,0.000000,0.000000,0.000000,1.000000,0.000000,1.000000,0.000000,0.000000,0.000000
1777189297.438839,0,0.000000,0.000000,0.000000,0.000000,1.000000,0.000000,1.000000,0.000000,0.000000,0.000000
1777189297.439356,0,0.000000,0.000000,0.000000,0.000000,1.000000,0.000000,0.000000,0.000000,0.070000,0.560000
1777189297.469997,0,0.000000,0.000000,0.000000,0.000000,1.000000,0.000000,0.070000,0.000000,0.140000,0.150000
1777189297.470502,0,0.000000,0.000000,0.000000,0.000000,1.000000,0.000000,0.150000,0.000000,0.000000,0.180000
1777189297.502437,0,0.000000,0.000000,0.000000,0.000000,1.000000,0.000000,0.210000,0.000000,0.000000,0.000000
1777189297.533258,0,0.000000,0.000000,0.000000,0.000000,1.000000,0.000000,0.300000,0.000000,0.000000,0.020000
1777189297.533751,0,0.000000,0.000000,0.000000,0.000000,1.000000,0.000000,0.020000,0.000000,0.070000,0.000000
1777189297.534162,0,0.000000,0.000000,0.000000,0.000000,1.000000,0.000000,0.140000,0.000000,0.000000,0.020000
1777189297.565480,0,0.000000,0.000000,0.000000,0.000000,1.000000,0.000000,0.230000,0.000000,0.000000,0.020000
1777189297.565994,0,0.000000,0.000000,0.000000,0.000000,1.000000,0.000000,0.330000,0.000000,0.070000,0.000000
1777189297.596611,0,0.000000,0.000000,0.000000,0.000000,1.000000,0.000000,0.430000,0.000000,0.070000,0.020000
1777189297.627465,0,0.000000,0.000000,0.000000,0.000000,1.000000,0.000000,0.510000,0.000000,0.140000,0.000000
1777189297.627973,0,0.000000,0.000000,0.000000,0.000000,1.000000,0.000000,0.620000,0.000000,0.070000,0.000000
1777189297.628379,0,0.000000,0.000000,0.000000,0.000000,1.000000,0.000000,0.720000,0.000000,0.000000,0.000000
1777189297.660248,0,0.000000,0.000000,0.000000,0.000000,1.000000,0.000000,0.010000,0.000000,0.070000,0.000000
1777189297.660759,0,0.000000,0.000000,0.000000,0.000000,1.000000,0.000000,0.100000,0.000000,0.070000,0.000000
1777189297.691874,0,0.000000,0.000000,0.000000,0.000000,1.000000,0.000000,0.210000,0.000000,0.000000,0.000000
1777189297.692373,0,0.000000,0.000000,0.000000,0.000000,1.000000,0.000000,0.310000,0.000000,0.000000,0.020000
1777189297.723522,0,0.000000,0.000000,0.000000,0.000000,1.000000,0.000000,0.410000,0.000000,0.000000,0.070000
1777189297.724035,0,0.000000,0.000000,0.000000,0.000000,1.000000,0.000000,0.510000,0.000000,0.140000,0.000000
1777189297.724427,0,0.000000,0.000000,0.000000,0.000000,1.000000,0.000000,0.620000,0.000000,0.070000,0.070000
1777189297.755853,0,0.000000,0.000000,0.000000,0.000000,1.000000,0.000000,0.720000,0.000000,0.000000,0.020000
1777189297.787352,0,0.000000,0.000000,0.000000,0.000000,1.000000,0.000000,0.810000,0.000000,0.000000,0.000000
1777189297.787855,0,0.000000,0.000000,0.000000,0.000000,1.000000,0.000000,0.930000,0.000000,0.000000,0.020000
1777189297.818208,0,0.000000,0.000000,0.000000,0.000000,1.000000,0.000000,1.000000,0.000000,0.000000,0.000000
1777189297.818702,0,0.000000,0.000000,0.000000,0.000000,1.000000,0.000000,1.000000,0.000000,0.000000,0.000000
1777189297.849808,0,0.000000,0.000000,0.000000,0.000000,1.000000,0.000000,1.000000,0.000000,0.000000,0.000000
1777189297.850312,0,0.000000,0.000000,0.000000,0.000000,1.000000,0.000000,1.000000,0.000000,0.000000,0.020000
1777189297.881738,0,0.000000,0.000000,0.000000,0.000000,1.000000,0.000000,0.020000,0.000000,0.000000,0.020000
1777189297.882261,0,0.000000,0.000000,0.000000,0.000000,1.000000,0.000000,0.140000,0.000000,0.000000,0.000000
1777189297.882658,0,0.000000,0.000000,0.000000,0.000000,1.000000,0.000000,0.250000,0.000000,0.070000,0.000000
1777189297.913709,0,0.000000,0.000000,0.000000,0.000000,1.000000,0.000000,0.360000,0.000000,0.000000,0.020000
1777189297.914239,0,0.000000,0.000000,0.000000,0.000000,1.000000,0.000000,0.460000,0.000000,0.000000,0.000000
1777189297.944992,0,0.000000,0.000000,0.000000,0.000000,1.000000,0.000000,0.570000,0.000000,0.000000,0.150000
1777189297.945493,0,0.000000,0.000000,0.000000,0.000000,1.000000,0.000000,0.690000,0.000000,0.000000,0.000000
1777189298.003387,0,0.000000,0.000000,0.000000,0.000000,1.000000,0.000000,0.810000,0.000000,0.000000,0.100000
1777189298.003921,0,0.000000,0.000000,0.000000,0.000000,1.000000,0.000000,0.930000,0.000000,0.000000,0.020000
1777189298.004333,0,0.000000,0.000000,0.000000,0.000000,1.000000,0.000000,1.000000,0.000000,0.070000,0.020000
1777189298.004720,0,0.000000,0.000000,0.000000,0.000000,1.000000,0.000000,1.000000,0.000000,0.000000,0.000000
1777189298.005350,0,0.000000,0.000000,0.000000,0.000000,1.000000,0.000000,1.000000,0.000000,0.070000,0.000000
1777189298.005846,0,0.000000,0.000000,0.000000,0.000000,1.000000,0.000000,1.000000,0.000000,0.000000,0.000000
1777189298.061930,0,0.000000,0.000000,0.000000,0.000000,1.000000,0.000000,1.000000,0.000000,0.070000,0.000000
1777189298.062436,0,0.000000,0.000000,0.000000,0.000000,1.000000,0.000000,1.000000,0.000000,0.070000,0.000000
1777189298.119199,0,0.000000,0.000000,0.000000,0.000000,1.000000,0.000000,0.000000,0.000000,0.000000,0.000000
1777189298.119698,0,0.000000,0.000000,0.000000,0.000000,1.000000,0.000000,0.070000,0.000000,0.070000,0.000000
1777189298.120198,0,0.000000,0.000000,0.000000,0.000000,1.000000,0.000000,0.170000,0.000000,0.000000,0.000000
1777189298.120972,0,0.000000,0.000000,0.000000,0.000000,1.000000,0.000000,0.230000,0.000000,0.000000,0.020000
1777189298.121523,0,0.000000,0.000000,0.000000,0.000000,1.000000,0.000000,0.020000,0.000000,0.000000,0.020000
1777189298.185844,0,0.000000,0.000000,0.000000,0.000000,1.000000,0.000000,0.110000,0.000000,0.000000,0.000000
1777189298.186674,0,0.000000,0.000000,0.000000,0.000000,1.000000,0.000000,0.210000,0.000000,0.000000,0.000000
1777189298.187195,0,0.000000,0.000000,0.000000,0.000000,1.000000,0.000000,0.300000,0.000000,0.000000,0.000000
1777189298.217479,0,0.000000,0.000000,0.000000,0.000000,1.000000,0.000000,0.400000,0.000000,0.070000,0.000000
1777189298.249223,0,0.000000,0.000000,0.000000,0.000000,1.000000,0.000000,0.500000,0.000000,0.000000,0.020000
1777189298.280372,0,0.000000,0.000000,0.000000,0.000000,1.000000,0.000000,0.570000,0.000000,0.070000,0.000000
1777189298.280888,0,0.000000,0.000000,0.000000,0.000000,1.000000,0.000000,0.680000,0.000000,0.000000,0.000000
1777189298.281293,0,0.000000,0.000000,0.000000,0.000000,1.000000,0.000000,0.760000,0.000000,0.070000,0.020000
1777189298.312637,0,0.000000,0.000000,0.000000,0.000000,1.000000,0.000000,0.870000,0.000000,0.140000,0.070000
1777189298.313157,0,0.000000,0.000000,0.000000,0.000000,1.000000,0.000000,0.950000,0.000000,0.000000,0.020000
1777189298.313734,0,0.000000,0.000000,0.000000,0.000000,1.000000,0.000000,1.000000,0.000000,0.070000,0.000000
1777189298.346142,0,0.000000,0.000000,0.000000,0.000000,1.000000,0.000000,1.000000,0.000000,0.140000,0.000000
1777189298.376728,0,0.000000,0.000000,0.000000,0.000000,1.000000,0.000000,1.000000,0.000000,0.070000,0.100000
1777189298.377251,0,0.000000,0.000000,0.000000,0.000000,1.000000,0.000000,1.000000,0.000000,0.000000,0.020000
1777189298.436201,0,0.000000,0.000000,0.000000,0.000000,0.010000,0.000000,1.000000,0.000000,0.070000,0.000000
1777189298.436879,0,0.000000,0.000000,0.000000,0.000000,0.070000,0.000000,1.000000,0.000000,0.070000,0.000000
1777189298.437300,0,0.000000,0.000000,0.000000,0.000000,0.110000,0.000000,1.000000,0.000000,0.000000,0.000000
1777189298.437689,0,0.000000,0.000000,0.000000,0.000000,0.150000,0.000000,1.000000,0.000000,0.070000,0.070000
1777189298.438066,0,0.000000,0.000000,0.000000,0.000000,0.200000,0.000000,1.000000,0.000000,0.000000,0.000000
1777189298.438453,0,0.000000,0.000000,0.000000,0.000000,0.300000,0.000000,1.000000,0.000000,0.000000,0.000000
1777189298.495781,0,0.000000,0.000000,0.000000,0.000000,0.340000,0.000000,0.000000,0.000000,0.000000,0.250000
1777189298.496322,0,0.000000,0.000000,0.000000,0.000000,0.400000,0.000000,0.070000,0.000000,0.070000,0.000000
1777189298.496739,0,0.000000,0.000000,0.000000,0.000000,0.430000,0.000000,0.140000,0.000000,0.000000,0.000000
1777189298.497140,0,0.000000,0.000000,0.000000,0.000000,0.470000,0.000000,0.200000,0.000000,0.000000,0.000000
1777189298.554642,0,0.000000,0.000000,0.000000,0.000000,0.510000,0.000000,0.280000,0.000000,0.070000,0.000000
1777189298.555182,0,0.000000,0.000000,0.000000,0.000000,0.570000,0.000000,0.340000,0.000000,0.000000,0.000000
1777189298.555801,0,0.000000,0.000000,0.000000,0.000000,0.620000,0.000000,0.430000,0.000000,0.070000,0.100000
1777189298.556259,0,0.000000,0.000000,0.000000,0.000000,0.670000,0.000000,0.500000,0.000000,0.000000,0.000000
1777189298.613420,0,0.000000,0.000000,0.000000,0.000000,0.720000,0.000000,0.560000,0.000000,0.000000,0.020000
1777189298.613955,0,0.000000,0.000000,0.000000,0.000000,0.750000,0.000000,0.630000,0.000000,0.070000,0.000000
1777189298.670781,0,0.000000,0.000000,0.000000,0.000000,0.810000,0.000000,0.700000,0.000000,0.000000,0.000000
1777189298.671299,0,0.000000,0.000000,0.000000,0.000000,0.850000,0.000000,0.770000,0.000000,0.000000,0.000000
1777189298.671724,0,0.000000,0.000000,0.000000,0.000000,0.890000,0.000000,0.860000,0.000000,0.000000,0.000000
1777189298.672120,0,0.000000,0.000000,0.000000,0.000000,0.940000,0.000000,0.930000,0.000000,0.000000,0.070000
1777189298.672492,0,0.000000,0.000000,0.000000,0.000000,1.000000,0.000000,0.000000,0.000000,0.000000,0.000000
1777189298.730373,0,0.000000,0.000000,0.000000,0.000000,1.000000,0.000000,0.090000,0.000000,0.140000,0.150000
1777189298.731100,0,0.000000,0.000000,0.000000,0.000000,1.000000,0.000000,0.150000,0.000000,0.000000,0.000000
1777189298.731540,0,0.000000,0.000000,0.000000,0.000000,1.000000,0.000000,0.230000,0.000000,0.000000,0.020000
1777189298.731944,0,0.000000,0.000000,0.000000,0.000000,1.000000,0.000000,0.310000,0.000000,0.000000,0.020000
1777189298.732357,0,0.000000,0.000000,0.000000,0.000000,1.000000,0.000000,0.400000,0.000000,0.070000,0.000000
1777189298.788836,0,0.000000,0.000000,0.000000,0.000000,1.000000,0.000000,0.460000,0.000000,0.000000,0.000000
1777189298.789584,0,0.000000,0.000000,0.000000,0.000000,1.000000,0.000000,0.540000,0.000000,0.070000,0.000000
1777189298.790011,0,0.000000,0.000000,0.000000,0.000000,1.000000,0.000000,0.620000,0.000000,0.000000,0.020000
1777189298.846500,0,0.000000,0.000000,0.000000,0.000000,1.000000,0.000000,0.690000,0.000000,0.070000,0.070000
1777189298.847043,0,0.000000,0.000000,0.000000,0.000000,1.000000,0.000000,0.760000,0.000000,0.070000,0.000000
1777189298.847641,0,0.000000,0.000000,0.000000,0.000000,1.000000,0.000000,0.010000,0.000000,0.000000,0.020000
1777189298.848095,0,0.000000,0.000000,0.000000,0.000000,1.000000,0.000000,0.090000,0.000000,0.000000,0.020000
1777189298.904638,0,0.000000,0.000000,0.000000,0.000000,1.000000,0.000000,0.150000,0.000000,0.070000,0.000000
1777189298.905178,0,0.000000,0.000000,0.000000,0.000000,1.000000,0.000000,0.050000,0.000000,0.000000,0.020000
1777189298.905821,0,0.000000,0.000000,0.000000,0.000000,1.000000,0.000000,0.180000,0.000000,0.000000,0.000000
1777189298.906458,0,0.000000,0.000000,0.000000,0.000000,1.000000,0.000000,0.280000,0.000000,0.000000,0.020000
1777189298.936379,0,0.000000,0.000000,0.000000,0.000000,1.000000,0.000000,0.380000,0.000000,0.000000,0.020000
1777189298.967307,0,0.000000,0.000000,0.000000,0.000000,1.000000,0.000000,0.010000,0.000000,0.070000,0.000000
1777189298.998063,0,0.000000,0.000000,0.000000,0.000000,1.000000,0.000000,0.180000,0.000000,0.000000,0.000000
1777189298.998561,0,0.000000,0.000000,0.000000,0.000000,1.000000,0.000000,0.360000,0.000000,0.070000,0.000000
1777189299.029895,0,0.000000,0.000000,0.000000,0.000000,1.000000,0.000000,0.510000,0.000000,0.000000,0.020000
1777189299.030387,0,0.000000,0.000000,0.000000,0.000000,1.000000,0.000000,0.680000,0.000000,0.000000,0.150000
1777189299.061174,0,0.000000,0.000000,0.000000,0.000000,1.000000,0.000000,0.860000,0.000000,0.070000,0.000000
1777189299.061685,0,0.000000,0.000000,0.000000,0.000000,1.000000,0.000000,1.000000,0.000000,0.070000,0.150000
1777189299.092324,0,0.000000,0.000000,0.000000,0.000000,1.000000,0.000000,1.000000,0.000000,0.000000,0.020000
1777189299.092842,0,0.000000,0.000000,0.000000,0.000000,1.000000,0.000000,1.000000,0.000000,0.070000,0.000000
1777189299.123316,0,0.000000,0.000000,0.000000,0.000000,1.000000,0.000000,1.000000,0.000000,0.000000,0.150000
1777189299.123829,0,0.000000,0.000000,0.000000,0.000000,1.000000,0.000000,1.000000,0.000000,0.070000,0.000000
1777189299.158922,0,0.000000,0.000000,0.000000,0.000000,1.000000,0.000000,1.000000,0.000000,0.070000,0.000000
1777189299.159433,0,0.000000,0.000000,0.000000,0.000000,1.000000,0.000000,1.000000,0.000000,0.070000,0.000000
1777189299.192038,0,0.000000,0.000000,0.000000,0.000000,1.000000,0.000000,1.000000,0.000000,0.070000,0.000000
1777189299.192576,0,0.000000,0.000000,0.000000,0.000000,1.000000,0.000000,1.000000,0.000000,0.000000,0.000000
1777189299.192996,0,0.000000,0.000000,0.000000,0.000000,1.000000,0.000000,1.000000,0.000000,0.070000,0.000000
1777189299.224599,0,0.000000,0.000000,0.000000,0.000000,1.000000,0.000000,1.000000,0.000000,0.000000,0.020000
1777189299.255209,0,0.000000,0.000000,0.000000,0.000000,1.000000,0.000000,1.000000,0.000000,0.000000,0.000000
1777189299.255720,0,0.000000,0.000000,0.000000,0.000000,1.000000,0.000000,0.020000,0.000000,0.070000,0.000000
1777189299.256292,0,0.000000,0.000000,0.000000,0.000000,1.000000,0.000000,0.140000,0.000000,0.000000,0.000000
1777189299.288103,0,0.000000,0.000000,0.000000,0.000000,1.000000,0.000000,0.070000,0.000000,0.000000,0.000000
1777189299.319929,0,0.000000,0.000000,0.000000,0.000000,1.000000,0.000000,0.200000,0.000000,0.000000,0.000000
1777189299.320446,0,0.000000,0.000000,0.000000,0.000000,1.000000,0.000000,0.310000,0.000000,0.070000,0.020000
1777189299.351732,0,0.000000,0.000000,0.000000,0.000000,1.000000,0.000000,0.430000,0.000000,0.070000,0.000000
1777189299.352262,0,0.000000,0.000000,0.000000,0.000000,1.000000,0.000000,0.560000,0.000000,0.070000,0.000000
1777189299.352660,0,0.000000,0.000000,0.000000,0.000000,1.000000,0.000000,0.680000,0.000000,0.000000,0.020000
1777189299.383265,0,0.000000,0.000000,0.000000,0.000000,1.000000,0.000000,0.810000,0.000000,0.000000,0.000000
1777189299.383788,0,0.000000,0.000000,0.000000,0.000000,1.000000,0.000000,0.940000,0.000000,0.070000,0.000000
1777189299.414383,0,0.000000,0.000000,0.000000,0.000000,1.000000,0.000000,1.000000,0.000000,0.140000,0.000000
1777189299.415069,0,0.000000,0.000000,0.000000,0.000000,1.000000,0.000000,1.000000,0.000000,0.000000,0.100000
1777189299.447627,0,0.000000,0.000000,0.000000,0.000000,1.000000,0.000000,1.000000,0.000000,0.140000,0.000000
1777189299.448197,0,0.000000,0.000000,0.000000,0.000000,1.000000,0.000000,1.000000,0.000000,0.000000,0.020000
1777189299.479796,0,0.000000,0.000000,0.000000,0.000000,1.000000,0.000000,1.000000,0.000000,0.000000,0.000000
1777189299.480312,0,0.000000,0.000000,0.000000,0.000000,1.000000,0.000000,1.000000,0.000000,0.000000,0.000000
1777189299.480709,0,0.000000,0.000000,0.000000,0.000000,1.000000,0.000000,0.050000,0.000000,0.070000,0.150000
1777189299.511593,0,0.000000,0.000000,0.000000,0.000000,1.000000,0.000000,0.140000,0.000000,0.000000,0.000000
1777189299.542688,0,0.000000,0.000000,0.000000,0.000000,1.000000,0.000000,0.000000,0.000000,0.000000,0.370000
1777189299.543190,0,0.000000,0.000000,0.000000,0.000000,1.000000,0.000000,0.170000,0.000000,0.000000,0.000000
1777189299.543777,0,0.000000,0.000000,0.000000,0.000000,1.000000,0.000000,0.310000,0.000000,0.070000,0.000000
1777189299.574870,0,0.000000,0.000000,0.000000,0.000000,1.000000,0.000000,0.500000,0.000000,0.140000,0.020000
1777189299.607049,0,0.000000,0.000000,0.000000,0.000000,1.000000,0.000000,0.640000,0.000000,0.000000,0.070000
1777189299.607567,0,0.000000,0.000000,0.000000,0.000000,1.000000,0.000000,0.810000,0.000000,0.000000,0.000000
1777189299.638051,0,0.000000,0.000000,0.000000,0.000000,1.000000,0.000000,0.980000,0.000000,0.000000,0.000000
1777189299.638563,0,0.000000,0.000000,0.000000,0.000000,1.000000,0.000000,1.000000,0.000000,0.000000,0.070000
1777189299.638961,0,0.000000,0.000000,0.000000,0.000000,1.000000,0.000000,1.000000,0.000000,0.140000,0.000000
1777189299.669781,0,0.000000,0.000000,0.000000,0.000000,1.000000,0.000000,0.030000,0.000000,0.070000,0.020000
1777189299.670448,0,0.000000,0.000000,0.000000,0.000000,1.000000,0.000000,0.150000,0.000000,0.070000,0.070000
1777189299.701467,0,0.000000,0.000000,0.000000,0.000000,1.000000,0.000000,0.270000,0.000000,0.070000,0.000000
1777189299.732196,0,0.000000,0.000000,0.000000,0.000000,1.000000,0.000000,0.400000,0.000000,0.000000,0.000000
1777189299.732746,0,0.000000,0.000000,0.000000,0.000000,1.000000,0.000000,0.500000,0.000000,0.000000,0.000000
1777189299.790716,0,0.000000,0.000000,0.000000,0.000000,1.000000,0.000000,0.620000,0.000000,0.070000,0.020000
1777189299.791240,0,0.000000,0.000000,0.000000,0.000000,0.000000,0.000000,0.740000,0.000000,0.070000,0.000000
1777189299.791647,0,0.000000,0.000000,0.000000,0.000000,0.050000,0.000000,0.860000,0.000000,0.000000,0.000000
1777189299.792028,0,0.000000,0.000000,0.000000,0.000000,0.100000,0.000000,0.950000,0.000000,0.070000,0.000000
1777189299.792405,0,0.000000,0.000000,0.000000,0.000000,0.150000,0.000000,1.000000,0.000000,0.000000,0.020000
1777189299.793088,0,0.000000,0.000000,0.000000,0.000000,0.200000,0.000000,1.000000,0.000000,0.070000,0.000000
1777189299.793603,0,0.000000,0.000000,0.000000,0.000000,0.230000,0.000000,1.000000,0.000000,0.070000,0.000000
1777189299.850763,0,0.000000,0.000000,0.000000,0.000000,0.280000,0.000000,1.000000,0.000000,0.000000,0.000000
1777189299.851289,0,0.000000,0.000000,0.000000,0.000000,0.340000,0.000000,1.000000,0.000000,0.000000,0.000000
1777189299.851849,0,0.000000,0.000000,0.000000,0.000000,0.380000,0.000000,1.000000,0.000000,0.000000,0.020000
1777189299.852283,0,0.000000,0.000000,0.000000,0.000000,0.430000,0.000000,1.000000,0.000000,0.070000,0.000000
1777189299.909025,0,0.000000,0.000000,0.000000,0.000000,0.470000,0.000000,1.000000,0.000000,0.000000,0.000000
1777189299.909522,0,0.000000,0.000000,0.000000,0.000000,0.510000,0.000000,1.000000,0.000000,0.070000,0.000000
1777189299.910075,0,0.000000,0.000000,0.000000,0.000000,0.560000,0.000000,1.000000,0.000000,0.000000,0.000000
1777189299.967211,0,0.000000,0.000000,0.000000,0.000000,0.610000,0.000000,1.000000,0.000000,0.000000,0.020000
1777189299.967743,0,0.000000,0.000000,0.000000,0.000000,0.660000,0.000000,1.000000,0.000000,0.000000,0.070000
1777189299.968343,0,0.000000,0.000000,0.000000,0.000000,0.700000,0.000000,1.000000,0.000000,0.070000,0.000000
1777189299.968805,0,0.000000,0.000000,0.000000,0.000000,0.750000,0.000000,1.000000,0.000000,0.000000,0.000000
1777189300.025378,0,0.000000,0.000000,0.000000,0.000000,0.800000,0.000000,1.000000,0.000000,0.000000,0.000000
1777189300.025898,0,0.000000,0.000000,0.000000,0.000000,0.020000,0.000000,1.000000,0.000000,0.000000,0.020000
1777189300.026319,0,0.000000,0.000000,0.000000,0.000000,0.070000,0.000000,1.000000,0.000000,0.000000,0.000000
1777189300.026867,0,0.000000,0.000000,0.000000,0.000000,0.140000,0.000000,1.000000,0.000000,0.000000,0.210000
1777189300.027309,0,0.000000,0.000000,0.000000,0.000000,0.180000,0.000000,0.050000,0.000000,0.000000,0.000000
1777189300.083940,0,0.000000,0.000000,0.000000,0.000000,0.250000,0.000000,0.170000,0.000000,0.000000,0.000000
1777189300.084671,0,0.000000,0.000000,0.000000,0.000000,0.300000,0.000000,0.280000,0.000000,0.000000,0.070000
1777189300.085100,0,0.000000,0.000000,0.000000,0.000000,0.360000,0.000000,0.400000,0.000000,0.000000,0.070000
1777189300.142673,0,0.000000,0.000000,0.000000,0.000000,0.410000,0.000000,0.540000,0.000000,0.000000,0.180000
1777189300.143213,0,0.000000,0.000000,0.000000,0.000000,0.460000,0.000000,0.640000,0.000000,0.000000,0.020000
1777189300.143656,0,0.000000,0.000000,0.000000,0.000000,0.510000,0.000000,0.750000,0.000000,0.000000,0.020000
1777189300.144215,0,0.000000,0.000000,0.000000,0.000000,0.570000,0.000000,0.870000,0.000000,0.000000,0.000000
1777189300.204212,0,0.000000,0.000000,0.000000,0.000000,0.620000,0.000000,1.000000,0.000000,0.000000,0.000000
1777189300.204750,0,0.000000,0.000000,0.000000,0.000000,0.680000,0.000000,1.000000,0.000000,0.070000,0.000000
1777189300.205179,0,0.000000,0.000000,0.000000,0.000000,0.740000,0.000000,1.000000,0.000000,0.070000,0.000000
1777189300.205728,0,0.000000,0.000000,0.000000,0.000000,0.790000,0.000000,1.000000,0.000000,0.000000,0.000000
1777189300.264023,0,0.000000,0.000000,0.000000,0.000000,0.850000,0.000000,1.000000,0.000000,0.070000,0.000000
1777189300.264550,0,0.000000,0.000000,0.000000,0.000000,0.890000,0.000000,1.000000,0.000000,0.140000,0.020000
1777189300.264959,0,0.000000,0.000000,0.000000,0.000000,0.940000,0.000000,1.000000,0.000000,0.000000,0.180000
1777189300.265562,0,0.000000,0.000000,0.000000,0.000000,1.000000,0.000000,1.000000,0.000000,0.070000,0.000000
1777189300.265985,0,0.000000,0.000000,0.000000,0.000000,1.000000,0.000000,1.000000,0.000000,0.070000,0.000000
1777189300.323977,0,0.000000,0.000000,0.000000,0.000000,1.000000,0.000000,1.000000,0.000000,0.070000,0.000000
1777189300.324518,0,0.000000,0.000000,0.000000,0.000000,1.000000,0.000000,1.000000,0.000000,0.140000,0.000000
1777189300.325073,0,0.000000,0.000000,0.000000,0.000000,1.000000,0.000000,1.000000,0.000000,0.070000,0.000000
1777189300.325473,0,0.000000,0.000000,0.000000,0.000000,1.000000,0.000000,1.000000,0.000000,0.140000,0.020000
1777189300.383114,0,0.000000,0.000000,0.000000,0.000000,1.000000,0.000000,1.000000,0.000000,0.140000,0.020000
1777189300.383817,0,0.000000,0.000000,0.000000,0.000000,1.000000,0.000000,1.000000,0.000000,0.000000,0.000000
1777189300.441163,0,0.000000,0.000000,0.000000,0.000000,1.000000,0.000000,0.000000,0.000000,0.070000,0.520000
1777189300.441691,0,0.000000,0.000000,0.000000,0.000000,1.000000,0.000000,0.090000,0.000000,0.000000,0.020000
1777189300.442116,0,0.000000,0.000000,0.000000,0.000000,1.000000,0.000000,0.180000,0.000000,0.140000,0.000000
1777189300.442829,0,0.000000,0.000000,0.000000,0.000000,1.000000,0.000000,0.250000,0.000000,0.070000,0.000000
1777189300.473843,0,0.000000,0.000000,0.000000,0.000000,1.000000,0.000000,0.340000,0.000000,0.070000,0.000000
1777189300.503942,0,0.000000,0.000000,0.000000,0.000000,1.000000,0.000000,0.430000,0.000000,0.070000,0.020000
1777189300.504435,0,0.000000,0.000000,0.000000,0.000000,1.000000,0.000000,0.510000,0.000000,0.070000,0.000000
1777189300.535255,0,0.000000,0.000000,0.000000,0.000000,1.000000,0.000000,0.610000,0.000000,0.070000,0.070000
1777189300.535774,0,0.000000,0.000000,0.000000,0.000000,1.000000,0.000000,0.690000,0.000000,0.000000,0.000000
1777189300.566979,0,0.000000,0.000000,0.000000,0.000000,1.000000,0.000000,0.770000,0.000000,0.070000,0.020000
1777189300.567506,0,0.000000,0.000000,0.000000,0.000000,1.000000,0.000000,0.870000,0.000000,0.000000,0.020000
1777189300.598526,0,0.000000,0.000000,0.000000,0.000000,1.000000,0.000000,0.970000,0.000000,0.000000,0.000000
1777189300.630715,0,0.000000,0.000000,0.000000,0.000000,1.000000,0.000000,1.000000,0.000000,0.000000,0.000000
1777189300.631214,0,0.000000,0.000000,0.000000,0.000000,1.000000,0.000000,1.000000,0.000000,0.000000,0.000000
1777189300.631602,0,0.000000,0.000000,0.000000,0.000000,1.000000,0.000000,1.000000,0.000000,0.000000,0.000000
1777189300.663321,0,0.000000,0.000000,0.000000,0.000000,1.000000,0.000000,1.000000,0.000000,0.070000,0.000000
1777189300.663839,0,0.000000,0.000000,0.000000,0.000000,1.000000,0.000000,1.000000,0.000000,0.070000,0.020000
1777189300.694845,0,0.000000,0.000000,0.000000,0.000000,1.000000,0.000000,1.000000,0.000000,0.000000,0.000000
1777189300.727023,0,0.000000,0.000000,0.000000,0.000000,1.000000,0.000000,1.000000,0.000000,0.070000,0.000000
1777189300.727581,0,0.000000,0.000000,0.000000,0.000000,1.000000,0.000000,1.000000,0.000000,0.000000,0.020000
1777189300.727987,0,0.000000,0.000000,0.000000,0.000000,1.000000,0.000000,0.000000,0.000000,0.070000,0.250000
1777189300.759274,0,0.000000,0.000000,0.000000,0.000000,1.000000,0.000000,0.050000,0.000000,0.070000,0.020000
1777189300.759765,0,0.000000,0.000000,0.000000,0.000000,1.000000,0.000000,0.000000,0.000000,0.070000,0.000000
1777189300.790373,0,0.000000,0.000000,0.000000,0.000000,1.000000,0.000000,0.070000,0.000000,0.000000,0.000000
1777189300.790911,0,0.000000,0.000000,0.000000,0.000000,1.000000,0.000000,0.110000,0.000000,0.070000,0.020000
1777189300.822318,0,0.000000,0.000000,0.000000,0.000000,1.000000,0.000000,0.180000,0.000000,0.000000,0.020000
1777189300.822826,0,0.000000,0.000000,0.000000,0.000000,1.000000,0.000000,0.230000,0.000000,0.000000,0.020000
1777189300.853191,0,0.000000,0.000000,0.000000,0.000000,1.000000,0.000000,0.280000,0.000000,0.000000,0.000000
1777189300.853731,0,0.000000,0.000000,0.000000,0.000000,1.000000,0.000000,0.340000,0.000000,0.000000,0.000000
1777189300.854149,0,0.000000,0.000000,0.000000,0.000000,1.000000,0.000000,0.400000,0.000000,0.070000,0.000000
1777189300.884724,0,0.000000,0.000000,0.000000,0.000000,1.000000,0.000000,0.460000,0.000000,0.070000,0.000000
1777189300.885391,0,0.000000,0.000000,0.000000,0.000000,1.000000,0.000000,0.510000,0.000000,0.070000,0.000000
1777189300.916263,0,0.000000,0.000000,0.000000,0.000000,1.000000,0.000000,0.570000,0.000000,0.070000,0.000000
1777189300.946732,0,0.000000,0.000000,0.000000,0.000000,1.000000,0.000000,0.630000,0.000000,0.000000,0.020000
1777189300.947229,0,0.000000,0.000000,0.000000,0.000000,1.000000,0.000000,0.690000,0.000000,0.000000,0.070000
1777189300.977883,0,0.000000,0.000000,0.000000,0.000000,1.000000,0.000000,0.750000,0.000000,0.000000,0.000000
1777189301.008331,0,0.000000,0.000000,0.000000,0.000000,1.000000,0.000000,0.810000,0.000000,0.070000,0.000000
1777189301.008848,0,0.000000,0.000000,0.000000,0.000000,1.000000,0.000000,0.000000,0.000000,0.000000,0.250000
1777189301.009267,0,0.000000,0.000000,0.000000,0.000000,1.000000,0.000000,0.030000,0.000000,0.070000,0.000000
1777189301.009649,0,0.000000,0.000000,0.000000,0.000000,1.000000,0.000000,0.100000,0.000000,0.070000,0.070000
1777189301.067745,0,0.000000,0.000000,0.000000,0.000000,1.000000,0.000000,0.140000,0.000000,0.000000,0.000000
1777189301.068268,0,0.000000,0.000000,0.000000,0.000000,1.000000,0.000000,0.200000,0.000000,0.000000,0.000000
1777189301.068693,0,0.000000,0.000000,0.000000,0.000000,1.000000,0.000000,0.230000,0.000000,0.000000,0.000000
1777189301.069235,0,0.000000,0.000000,0.000000,0.000000,1.000000,0.000000,0.280000,0.000000,0.000000,0.000000
1777189301.069636,0,0.000000,0.000000,0.000000,0.000000,1.000000,0.000000,0.340000,0.000000,0.070000,0.000000
1777189301.070034,0,0.000000,0.000000,0.000000,0.000000,1.000000,0.000000,0.050000,0.000000,0.000000,0.000000
1777189301.126657,0,0.000000,0.000000,0.000000,0.000000,1.000000,0.000000,0.100000,0.000000,0.000000,0.020000
1777189301.127324,0,0.000000,0.000000,0.000000,0.000000,1.000000,0.000000,0.180000,0.000000,0.000000,0.000000
1777189301.127743,0,0.000000,0.000000,0.000000,0.000000,1.000000,0.000000,0.250000,0.000000,0.000000,0.000000
1777189301.128123,0,0.000000,0.000000,0.000000,0.000000,1.000000,0.000000,0.330000,0.000000,0.000000,0.100000
1777189301.190401,0,0.000000,0.000000,0.000000,0.000000,1.000000,0.000000,0.400000,0.000000,0.070000,0.070000
1777189301.191137,0,0.000000,0.000000,0.000000,0.000000,1.000000,0.000000,0.460000,0.000000,0.000000,0.000000
1777189301.191578,0,0.000000,0.000000,0.000000,0.000000,1.000000,0.000000,0.510000,0.000000,0.000000,0.020000
1777189301.224000,0,0.000000,0.000000,0.000000,0.000000,1.000000,0.000000,0.600000,0.000000,0.000000,0.000000
1777189301.254599,0,0.000000,0.000000,0.000000,0.000000,1.000000,0.000000,0.680000,0.000000,0.000000,0.020000
1777189301.255092,0,0.000000,0.000000,0.000000,0.000000,1.000000,0.000000,0.000000,0.000000,0.000000,0.000000
1777189301.286349,0,0.000000,0.000000,0.000000,0.000000,1.000000,0.000000,0.100000,0.000000,0.140000,0.180000
1777189301.317701,0,0.000000,0.000000,0.000000,0.000000,1.000000,0.000000,0.200000,0.000000,0.000000,0.000000
1777189301.318221,0,0.000000,0.000000,0.000000,0.000000,1.000000,0.000000,0.280000,0.000000,0.140000,0.020000
1777189301.318618,0,0.000000,0.000000,0.000000,0.000000,1.000000,0.000000,0.380000,0.000000,0.070000,0.000000
1777189301.349616,0,0.000000,0.000000,0.000000,0.000000,1.000000,0.000000,0.460000,0.000000,0.070000,0.000000
1777189301.350488,0,0.000000,0.000000,0.000000,0.000000,1.000000,0.000000,0.560000,0.000000,0.000000,0.000000
1777189301.382025,0,0.000000,0.000000,0.000000,0.000000,1.000000,0.000000,0.000000,0.000000,0.000000,0.000000
1777189301.382527,0,0.000000,0.000000,0.000000,0.000000,1.000000,0.000000,0.120000,0.000000,0.000000,0.000000
1777189301.383003,0,0.000000,0.000000,0.000000,0.000000,1.000000,0.000000,0.000000,0.000000,0.000000,0.520000
1777189301.414063,0,0.000000,0.000000,0.000000,0.000000,1.000000,0.000000,0.150000,0.000000,0.000000,0.000000
1777189301.414582,0,0.000000,0.000000,0.000000,0.000000,1.000000,0.000000,0.310000,0.000000,0.070000,0.000000
1777189301.448424,0,0.000000,0.000000,0.000000,0.000000,1.000000,0.000000,0.460000,0.000000,0.000000,0.020000
1777189301.449002,0,0.000000,0.000000,0.000000,0.000000,1.000000,0.000000,0.620000,0.000000,0.000000,0.000000
1777189301.479489,0,0.000000,0.000000,0.000000,0.000000,1.000000,0.000000,0.770000,0.000000,0.000000,0.020000
1777189301.480106,0,0.000000,0.000000,0.000000,0.000000,1.000000,0.000000,0.930000,0.000000,0.070000,0.000000
1777189301.510497,0,0.000000,0.000000,0.000000,0.000000,1.000000,0.000000,1.000000,0.000000,0.070000,0.070000
1777189301.511090,0,0.000000,0.000000,0.000000,0.000000,1.000000,0.000000,1.000000,0.000000,0.000000,0.000000
1777189301.570196,0,0.000000,0.000000,0.000000,0.000000,1.000000,0.000000,1.000000,0.000000,0.000000,0.000000
1777189301.570721,0,0.000000,0.000000,0.000000,0.000000,1.000000,0.000000,1.000000,0.000000,0.000000,0.020000
1777189301.571144,0,0.000000,0.000000,0.000000,0.000000,1.000000,0.000000,1.000000,0.000000,0.140000,0.180000
1777189301.571534,0,0.000000,0.000000,0.000000,0.000000,1.000000,0.000000,1.000000,0.000000,0.000000,0.020000
1777189301.572003,0,0.000000,0.000000,0.000000,0.000000,1.000000,0.000000,1.000000,0.000000,0.070000,0.000000
1777189301.628603,0,0.000000,0.000000,0.000000,0.000000,1.000000,0.000000,1.000000,0.000000,0.000000,0.000000
1777189301.629147,0,0.000000,0.000000,0.000000,0.000000,1.000000,0.000000,1.000000,0.000000,0.070000,0.000000
1777189301.629706,0,0.000000,0.000000,0.000000,0.000000,1.000000,0.000000,0.000000,0.000000,0.000000,0.070000
1777189301.630118,0,0.000000,0.000000,0.000000,0.000000,1.000000,0.000000,0.110000,0.000000,0.000000,0.000000
1777189301.630496,0,0.000000,0.000000,0.000000,0.000000,1.000000,0.000000,0.230000,0.000000,0.000000,0.020000
1777189301.688873,0,0.000000,0.000000,0.000000,0.000000,1.000000,0.000000,0.340000,0.000000,0.070000,0.180000
1777189301.689378,0,0.000000,0.000000,0.000000,0.000000,1.000000,0.000000,0.460000,0.000000,0.000000,0.000000
1777189301.690017,0,0.000000,0.000000,0.000000,0.000000,1.000000,0.000000,0.050000,0.000000,0.070000,0.000000
1777189301.690445,0,0.000000,0.000000,0.000000,0.000000,1.000000,0.000000,0.180000,0.000000,0.070000,0.020000
1777189301.747643,0,0.000000,0.000000,0.000000,0.000000,1.000000,0.000000,0.310000,0.000000,0.000000,0.020000
1777189301.748183,0,0.000000,0.000000,0.000000,0.000000,1.000000,0.000000,0.430000,0.000000,0.000000,0.020000
1777189301.748767,0,0.000000,0.000000,0.000000,0.000000,0.020000,0.000000,0.570000,0.000000,0.000000,0.000000
1777189301.806354,0,0.000000,0.000000,0.000000,0.000000,0.090000,0.000000,0.700000,0.000000,0.070000,0.020000
1777189301.806870,0,0.000000,0.000000,0.000000,0.000000,0.140000,0.000000,0.830000,0.000000,0.000000,0.020000
1777189301.807277,0,0.000000,0.000000,0.000000,0.000000,0.200000,0.000000,0.980000,0.000000,0.140000,0.000000
1777189301.807935,0,0.000000,0.000000,0.000000,0.000000,0.250000,0.000000,1.000000,0.000000,0.000000,0.020000
1777189301.838933,0,0.000000,0.000000,0.000000,0.000000,0.310000,0.000000,1.000000,0.000000,0.070000,0.000000
1777189301.870193,0,0.000000,0.000000,0.000000,0.000000,0.360000,0.000000,1.000000,0.000000,0.070000,0.020000
1777189301.870707,0,0.000000,0.000000,0.000000,0.000000,0.410000,0.000000,1.000000,0.000000,0.000000,0.000000
1777189301.901239,0,0.000000,0.000000,0.000000,0.000000,0.470000,0.000000,1.000000,0.000000,0.070000,0.000000
1777189301.901743,0,0.000000,0.000000,0.000000,0.000000,0.510000,0.000000,1.000000,0.000000,0.000000,0.000000
1777189301.932761,0,0.000000,0.000000,0.000000,0.000000,0.570000,0.000000,1.000000,0.000000,0.000000,0.000000
1777189301.933266,0,0.000000,0.000000,0.000000,0.000000,0.630000,0.000000,1.000000,0.000000,0.070000,0.020000
1777189301.963779,0,0.000000,0.000000,0.000000,0.000000,0.690000,0.000000,0.030000,0.000000,0.070000,0.000000
1777189301.994902,0,0.000000,0.000000,0.000000,0.000000,0.750000,0.000000,0.120000,0.000000,0.000000,0.020000
1777189301.995410,0,0.000000,0.000000,0.000000,0.000000,0.800000,0.000000,0.200000,0.000000,0.000000,0.020000
1777189302.027694,0,0.000000,0.000000,0.000000,0.000000,0.860000,0.000000,0.050000,0.000000,0.070000,0.020000
1777189302.028193,0,0.000000,0.000000,0.000000,0.000000,0.910000,0.000000,0.150000,0.000000,0.140000,0.000000
1777189302.028584,0,0.000000,0.000000,0.000000,0.000000,0.970000,0.000000,0.300000,0.000000,0.070000,0.000000
1777189302.059467,0,0.000000,0.000000,0.000000,0.000000,1.000000,0.000000,0.410000,0.000000,0.000000,0.000000
1777189302.059989,0,0.000000,0.000000,0.000000,0.000000,1.000000,0.000000,0.550000,0.000000,0.070000,0.000000
1777189302.060385,0,0.000000,0.000000,0.000000,0.000000,1.000000,0.000000,0.680000,0.000000,0.000000,0.000000
1777189302.091834,0,0.000000,0.000000,0.000000,0.000000,1.000000,0.000000,0.810000,0.000000,0.140000,0.000000
1777189302.122689,0,0.000000,0.000000,0.000000,0.000000,1.000000,0.000000,0.930000,0.000000,0.000000,0.000000
1777189302.123205,0,0.000000,0.000000,0.000000,0.000000,1.000000,0.000000,1.000000,0.000000,0.000000,0.020000
1777189302.154762,0,0.000000,0.000000,0.000000,0.000000,1.000000,0.000000,1.000000,0.000000,0.070000,0.180000
1777189302.155281,0,0.000000,0.000000,0.000000,0.000000,1.000000,0.000000,1.000000,0.000000,0.000000,0.000000
1777189302.191069,0,0.000000,0.000000,0.000000,0.000000,1.000000,0.000000,1.000000,0.000000,0.070000,0.000000
1777189302.191583,0,0.000000,0.000000,0.000000,0.000000,1.000000,0.000000,1.000000,0.000000,0.070000,0.000000
1777189302.222560,0,0.000000,0.000000,0.000000,0.000000,1.000000,0.000000,1.000000,0.000000,0.000000,0.000000
1777189302.223131,0,0.000000,0.000000,0.000000,0.000000,1.000000,0.000000,1.000000,0.000000,0.070000,0.000000
1777189302.223582,0,0.000000,0.000000,0.000000,0.000000,1.000000,0.000000,1.000000,0.000000,0.000000,0.020000
1777189302.254845,0,0.000000,0.000000,0.000000,0.000000,1.000000,0.000000,1.000000,0.000000,0.000000,0.020000
1777189302.255348,0,0.000000,0.000000,0.000000,0.000000,1.000000,0.000000,1.000000,0.000000,0.210000,0.000000
1777189302.286307,0,0.000000,0.000000,0.000000,0.000000,1.000000,0.000000,1.000000,0.000000,0.000000,0.000000
1777189302.286793,0,0.000000,0.000000,0.000000,0.000000,1.000000,0.000000,1.000000,0.000000,0.070000,0.020000
1777189302.318481,0,0.000000,0.000000,0.000000,0.000000,1.000000,0.000000,1.000000,0.000000,0.000000,0.020000
1777189302.318989,0,0.000000,0.000000,0.000000,0.000000,1.000000,0.000000,1.000000,0.000000,0.000000,0.020000
1777189302.319522,0,0.000000,0.000000,0.000000,0.000000,1.000000,0.000000,1.000000,0.000000,0.000000,0.000000
1777189302.350907,0,0.000000,0.000000,0.000000,0.000000,1.000000,0.000000,1.000000,0.000000,0.000000,0.020000
1777189302.382615,0,0.000000,0.000000,0.000000,0.000000,1.000000,0.000000,1.000000,0.000000,0.000000,0.020000
1777189302.383144,0,0.000000,0.000000,0.000000,0.000000,1.000000,0.000000,1.000000,0.000000,0.000000,0.020000
1777189302.383543,0,0.000000,0.000000,0.000000,0.000000,1.000000,0.000000,1.000000,0.000000,0.000000,0.020000
1777189302.415193,0,0.000000,0.000000,0.000000,0.000000,1.000000,0.000000,1.000000,0.000000,0.000000,0.020000
1777189302.446331,0,0.000000,0.000000,0.000000,0.000000,1.000000,0.000000,1.000000,0.000000,0.000000,0.020000
1777189302.446836,0,0.000000,0.000000,0.000000,0.000000,1.000000,0.000000,1.000000,0.000000,0.070000,0.000000
1777189302.478583,0,0.000000,0.000000,0.000000,0.000000,1.000000,0.000000,1.000000,0.000000,0.000000,0.000000
1777189302.479083,0,0.000000,0.000000,0.000000,0.000000,1.000000,0.000000,0.000000,0.000000,0.000000,0.410000
1777189302.509754,0,0.000000,0.000000,0.000000,0.000000,1.000000,0.000000,0.120000,0.000000,0.070000,0.000000
1777189302.510275,0,0.000000,0.000000,0.000000,0.000000,1.000000,0.000000,0.250000,0.000000,0.000000,0.000000
1777189302.510669,0,0.000000,0.000000,0.000000,0.000000,1.000000,0.000000,0.370000,0.000000,0.070000,0.000000
1777189302.542148,0,0.000000,0.000000,0.000000,0.000000,0.000000,0.000000,0.500000,0.000000,0.280000,0.000000
1777189302.542663,0,0.000000,0.000000,0.000000,0.000000,0.050000,0.000000,0.630000,0.000000,0.000000,0.020000
1777189302.573963,0,0.000000,0.000000,0.000000,0.000000,0.030000,0.000000,0.770000,0.000000,0.000000,0.000000
1777189302.605330,0,0.000000,0.000000,0.000000,0.000000,0.100000,0.000000,0.890000,0.000000,0.070000,0.070000
1777189302.605831,0,0.000000,0.000000,0.000000,0.000000,0.150000,0.000000,1.000000,0.000000,0.000000,0.000000
1777189302.606243,0,0.000000,0.000000,0.000000,0.000000,0.200000,0.000000,1.000000,0.000000,0.000000,0.020000
1777189302.637021,0,0.000000,0.000000,0.000000,0.000000,0.250000,0.000000,1.000000,0.000000,0.000000,0.000000
1777189302.637605,0,0.000000,0.000000,0.000000,0.000000,0.310000,0.000000,1.000000,0.000000,0.070000,0.070000
1777189302.669178,0,0.000000,0.000000,0.000000,0.000000,0.370000,0.000000,0.030000,0.000000,0.000000,0.180000
1777189302.669880,0,0.000000,0.000000,0.000000,0.000000,0.410000,0.000000,0.140000,0.000000,0.000000,0.020000
1777189302.700952,0,0.000000,0.000000,0.000000,0.000000,0.470000,0.000000,0.230000,0.000000,0.070000,0.000000
1777189302.701479,0,0.000000,0.000000,0.000000,0.000000,0.510000,0.000000,0.000000,0.000000,0.000000,0.560000
1777189302.701898,0,0.000000,0.000000,0.000000,0.000000,0.570000,0.000000,0.150000,0.000000,0.000000,0.000000
1777189302.733724,0,0.000000,0.000000,0.000000,0.000000,0.630000,0.000000,0.330000,0.000000,0.000000,0.000000
1777189302.764125,0,0.000000,0.000000,0.000000,0.000000,0.690000,0.000000,0.500000,0.000000,0.000000,0.000000
1777189302.764648,0,0.000000,0.000000,0.000000,0.000000,0.750000,0.000000,0.670000,0.000000,0.000000,0.070000
1777189302.765043,0,0.000000,0.000000,0.000000,0.000000,0.800000,0.000000,0.810000,0.000000,0.070000,0.000000
1777189302.796901,0,0.000000,0.000000,0.000000,0.000000,0.860000,0.000000,1.000000,0.000000,0.000000,0.000000
1777189302.828464,0,0.000000,0.000000,0.000000,0.000000,0.920000,0.000000,1.000000,0.000000,0.000000,0.000000
1777189302.828998,0,0.000000,0.000000,0.000000,0.000000,0.970000,0.000000,1.000000,0.000000,0.000000,0.020000
1777189302.829617,0,0.000000,0.000000,0.000000,0.000000,1.000000,0.000000,1.000000,0.000000,0.000000,0.180000
1777189302.860718,0,0.000000,0.000000,0.000000,0.000000,1.000000,0.000000,1.000000,0.000000,0.000000,0.150000
1777189302.861214,0,0.000000,0.000000,0.000000,0.000000,1.000000,0.000000,1.000000,0.000000,0.000000,0.000000
1777189302.891805,0,0.000000,0.000000,0.000000,0.000000,1.000000,0.000000,1.000000,0.000000,0.140000,0.020000
1777189302.892329,0,0.000000,0.000000,0.000000,0.000000,1.000000,0.000000,1.000000,0.000000,0.070000,0.000000
1777189302.922829,0,0.000000,0.000000,0.000000,0.000000,1.000000,0.000000,1.000000,0.000000,0.000000,0.000000
1777189302.923342,0,0.000000,0.000000,0.000000,0.000000,1.000000,0.000000,1.000000,0.000000,0.000000,0.000000
1777189302.956692,0,0.000000,0.000000,0.000000,0.000000,0.020000,0.000000,1.000000,0.000000,0.000000,0.000000
1777189302.957232,0,0.000000,0.000000,0.000000,0.000000,0.070000,0.000000,1.000000,0.000000,0.000000,0.000000
1777189302.988347,0,0.000000,0.000000,0.000000,0.000000,0.120000,0.000000,1.000000,0.000000,0.070000,0.000000
1777189302.988835,0,0.000000,0.000000,0.000000,0.000000,0.180000,0.000000,1.000000,0.000000,0.000000,0.000000
1777189303.019406,0,0.000000,0.000000,0.000000,0.000000,0.230000,0.000000,1.000000,0.000000,0.000000,0.000000
1777189303.019920,0,0.000000,0.000000,0.000000,0.000000,0.280000,0.000000,0.070000,0.000000,0.000000,0.020000
1777189303.050784,0,0.000000,0.000000,0.000000,0.000000,0.330000,0.000000,0.250000,0.000000,0.140000,0.000000
1777189303.051309,0,0.000000,0.000000,0.000000,0.000000,0.370000,0.000000,0.400000,0.000000,0.000000,0.020000
1777189303.082378,0,0.000000,0.000000,0.000000,0.000000,0.430000,0.000000,0.570000,0.000000,0.000000,0.000000
1777189303.082899,0,0.000000,0.000000,0.000000,0.000000,0.470000,0.000000,0.730000,0.000000,0.000000,0.020000
1777189303.083473,0,0.000000,0.000000,0.000000,0.000000,0.000000,0.000000,0.890000,0.000000,0.000000,0.000000
1777189303.114319,0,0.000000,0.000000,0.000000,0.000000,0.070000,0.000000,1.000000,0.000000,0.070000,0.000000
1777189303.146093,0,0.000000,0.000000,0.000000,0.000000,0.120000,0.000000,1.000000,0.000000,0.000000,0.020000
1777189303.146601,0,0.000000,0.000000,0.000000,0.000000,0.180000,0.000000,1.000000,0.000000,0.070000,0.000000
1777189303.179057,0,0.000000,0.000000,0.000000,0.000000,0.250000,0.000000,1.000000,0.000000,0.140000,0.070000
1777189303.179577,0,0.000000,0.000000,0.000000,0.000000,0.300000,0.000000,1.000000,0.000000,0.000000,0.000000
1777189303.179999,0,0.000000,0.000000,0.000000,0.000000,0.360000,0.000000,1.000000,0.000000,0.070000,0.020000
1777189303.218925,0,0.000000,0.000000,0.000000,0.000000,0.410000,0.000000,1.000000,0.000000,0.000000,0.150000
1777189303.254949,0,0.000000,0.000000,0.000000,0.000000,0.460000,0.000000,1.000000,0.000000,0.000000,0.020000
1777189303.255533,0,0.000000,0.000000,0.000000,0.000000,0.510000,0.000000,1.000000,0.000000,0.000000,0.000000
1777189303.287620,0,0.000000,0.000000,0.000000,0.000000,0.570000,0.000000,1.000000,0.000000,0.140000,0.000000
1777189303.288224,0,0.000000,0.000000,0.000000,0.000000,0.630000,0.000000,1.000000,0.000000,0.000000,0.000000
1777189303.288631,0,0.000000,0.000000,0.000000,0.000000,0.690000,0.000000,1.000000,0.000000,0.000000,0.020000
1777189303.351428,0,0.000000,0.000000,0.000000,0.000000,0.750000,0.000000,1.000000,0.000000,0.000000,0.100000
1777189303.351956,0,0.000000,0.000000,0.000000,0.000000,0.810000,0.000000,1.000000,0.000000,0.070000,0.000000
1777189303.352364,0,0.000000,0.000000,0.000000,0.000000,0.860000,0.000000,1.000000,0.000000,0.070000,0.000000
1777189303.352757,0,0.000000,0.000000,0.000000,0.000000,0.920000,0.000000,1.000000,0.000000,0.210000,0.020000
1777189303.353416,0,0.000000,0.000000,0.000000,0.000000,0.970000,0.000000,1.000000,0.000000,0.140000,0.000000
1777189303.353906,0,0.000000,0.000000,0.000000,0.000000,1.000000,0.000000,1.000000,0.000000,0.000000,0.000000
1777189303.354316,0,0.000000,0.000000,0.000000,0.000000,1.000000,0.000000,1.000000,0.000000,0.000000,0.000000
1777189303.420357,0,0.000000,0.000000,0.000000,0.000000,1.000000,0.000000,1.000000,0.000000,0.000000,0.000000
1777189303.420892,0,0.000000,0.000000,0.000000,0.000000,1.000000,0.000000,1.000000,0.000000,0.070000,0.000000
1777189303.421456,0,0.000000,0.000000,0.000000,0.000000,1.000000,0.000000,1.000000,0.000000,0.070000,0.210000
1777189303.421858,0,0.000000,0.000000,0.000000,0.000000,1.000000,0.000000,1.000000,0.000000,0.070000,0.070000
1777189303.479843,0,0.000000,0.000000,0.000000,0.000000,1.000000,0.000000,1.000000,0.000000,0.070000,0.020000
1777189303.480348,0,0.000000,0.000000,0.000000,0.000000,1.000000,0.000000,1.000000,0.000000,0.070000,0.000000
1777189303.538260,0,0.000000,0.000000,0.000000,0.000000,1.000000,0.000000,1.000000,0.000000,0.000000,0.100000
1777189303.538803,0,0.000000,0.000000,0.000000,0.000000,1.000000,0.000000,1.000000,0.000000,0.070000,0.000000
1777189303.539536,0,0.000000,0.000000,0.000000,0.000000,1.000000,0.000000,1.000000,0.000000,0.070000,0.000000
1777189303.539976,0,0.000000,0.000000,0.000000,0.000000,1.000000,0.000000,0.100000,0.000000,0.070000,0.020000
1777189303.540384,0,0.000000,0.000000,0.000000,0.000000,1.000000,0.000000,0.280000,0.000000,0.000000,0.000000
1777189303.540793,0,0.000000,0.000000,0.000000,0.000000,1.000000,0.000000,0.430000,0.000000,0.000000,0.000000
1777189303.601432,0,0.000000,0.000000,0.000000,0.000000,1.000000,0.000000,0.570000,0.000000,0.070000,0.000000
1777189303.601997,0,0.000000,0.000000,0.000000,0.000000,1.000000,0.000000,0.750000,0.000000,0.000000,0.020000
1777189303.602410,0,0.000000,0.000000,0.000000,0.000000,1.000000,0.000000,0.050000,0.000000,0.000000,0.000000
1777189303.602938,0,0.000000,0.000000,0.000000,0.000000,1.000000,0.000000,0.210000,0.000000,0.000000,0.020000
1777189303.603345,0,0.000000,0.000000,0.000000,0.000000,1.000000,0.000000,0.370000,0.000000,0.210000,0.000000
1777189303.661275,0,0.000000,0.000000,0.000000,0.000000,1.000000,0.000000,0.500000,0.000000,0.000000,0.000000
1777189303.661949,0,0.000000,0.000000,0.000000,0.000000,1.000000,0.000000,0.000000,0.000000,0.070000,0.300000
1777189303.662375,0,0.000000,0.000000,0.000000,0.000000,1.000000,0.000000,0.230000,0.000000,0.000000,0.000000
1777189303.718649,0,0.000000,0.000000,0.000000,0.000000,1.000000,0.000000,0.440000,0.000000,0.000000,0.000000
1777189303.719172,0,0.000000,0.000000,0.000000,0.000000,1.000000,0.000000,0.680000,0.000000,0.000000,0.000000
1777189303.719581,0,0.000000,0.000000,0.000000,0.000000,1.000000,0.000000,0.890000,0.000000,0.070000,0.000000
1777189303.720203,0,0.000000,0.000000,0.000000,0.000000,1.000000,0.000000,1.000000,0.000000,0.000000,0.020000
1777189303.776392,0,0.000000,0.000000,0.000000,0.000000,0.010000,0.000000,1.000000,0.000000,0.000000,0.000000
1777189303.776918,0,0.000000,0.000000,0.000000,0.000000,0.050000,0.000000,1.000000,0.000000,0.000000,0.000000
1777189303.777483,0,0.000000,0.000000,0.000000,0.000000,0.100000,0.000000,1.000000,0.000000,0.000000,0.020000
1777189303.777899,0,0.000000,0.000000,0.000000,0.000000,0.140000,0.000000,1.000000,0.000000,0.000000,0.020000
1777189303.833908,0,0.000000,0.000000,0.000000,0.000000,0.170000,0.000000,1.000000,0.000000,0.000000,0.000000
1777189303.834449,0,0.000000,0.000000,0.000000,0.000000,0.200000,0.000000,0.090000,0.000000,0.070000,0.000000
1777189303.890100,0,0.000000,0.000000,0.000000,0.000000,0.250000,0.000000,0.300000,0.000000,0.070000,0.000000
1777189303.890654,0,0.000000,0.000000,0.000000,0.000000,0.280000,0.000000,0.510000,0.000000,0.000000,0.000000
1777189303.891068,0,0.000000,0.000000,0.000000,0.000000,0.310000,0.000000,0.070000,0.000000,0.070000,0.000000
1777189303.891451,0,0.000000,0.000000,0.000000,0.000000,0.360000,0.000000,0.330000,0.000000,0.070000,0.020000
1777189303.892032,0,0.000000,0.000000,0.000000,0.000000,0.400000,0.000000,0.560000,0.000000,0.070000,0.000000
1777189303.950127,0,0.000000,0.000000,0.000000,0.000000,0.430000,0.000000,0.810000,0.000000,0.070000,0.000000
1777189303.950888,0,0.000000,0.000000,0.000000,0.000000,0.460000,0.000000,1.000000,0.000000,0.000000,0.020000
1777189303.951327,0,0.000000,0.000000,0.000000,0.000000,0.500000,0.000000,1.000000,0.000000,0.000000,0.020000
1777189303.951740,0,0.000000,0.000000,0.000000,0.000000,0.540000,0.000000,1.000000,0.000000,0.000000,0.000000
1777189303.982899,0,0.000000,0.000000,0.000000,0.000000,0.570000,0.000000,1.000000,0.000000,0.070000,0.020000
1777189304.013054,0,0.000000,0.000000,0.000000,0.000000,0.620000,0.000000,1.000000,0.000000,0.070000,0.000000
1777189304.044120,0,0.000000,0.000000,0.000000,0.000000,0.660000,0.000000,0.100000,0.000000,0.000000,0.000000
1777189304.044620,0,0.000000,0.000000,0.000000,0.000000,0.690000,0.000000,0.280000,0.000000,0.000000,0.000000
1777189304.074893,0,0.000000,0.000000,0.000000,0.000000,0.740000,0.000000,0.470000,0.000000,0.070000,0.020000
1777189304.075387,0,0.000000,0.000000,0.000000,0.000000,0.760000,0.000000,0.670000,0.000000,0.000000,0.000000
1777189304.075780,0,0.000000,0.000000,0.000000,0.000000,0.810000,0.000000,0.850000,0.000000,0.000000,0.000000
1777189304.107878,0,0.000000,0.000000,0.000000,0.000000,0.850000,0.000000,1.000000,0.000000,0.000000,0.000000
1777189304.108404,0,0.000000,0.000000,0.000000,0.000000,0.880000,0.000000,0.030000,0.000000,0.000000,0.000000
1777189304.139493,0,0.000000,0.000000,0.000000,0.000000,0.930000,0.000000,0.200000,0.000000,0.000000,0.000000
1777189304.169979,0,0.000000,0.000000,0.000000,0.000000,0.950000,0.000000,0.370000,0.000000,0.000000,0.000000
1777189304.170478,0,0.000000,0.000000,0.000000,0.000000,0.000000,0.000000,0.540000,0.000000,0.280000,0.000000
1777189304.235152,0,0.000000,0.000000,0.000000,0.000000,0.000000,0.000000,0.720000,0.000000,0.360000,0.000000
1777189304.235703,0,0.000000,0.000000,0.000000,0.000000,0.020000,0.000000,0.880000,0.000000,0.070000,0.070000
1777189304.236116,0,0.000000,0.000000,0.000000,0.000000,0.070000,0.000000,1.000000,0.000000,0.000000,0.000000
1777189304.236497,0,0.000000,0.000000,0.000000,0.000000,0.100000,0.000000,1.000000,0.000000,0.000000,0.000000
1777189304.237059,0,0.000000,0.000000,0.000000,0.000000,0.140000,0.000000,1.000000,0.000000,0.140000,0.020000
1777189304.237497,0,0.000000,0.000000,0.000000,0.000000,0.180000,0.000000,1.000000,0.000000,0.000000,0.000000
1777189304.296687,0,0.000000,0.000000,0.000000,0.000000,0.210000,0.000000,1.000000,0.000000,0.000000,0.000000
1777189304.297201,0,0.000000,0.000000,0.000000,0.000000,0.250000,0.000000,1.000000,0.000000,0.000000,0.020000
1777189304.297602,0,0.000000,0.000000,0.000000,0.000000,0.280000,0.000000,1.000000,0.000000,0.070000,0.020000
1777189304.298008,0,0.000000,0.000000,0.000000,0.000000,0.330000,0.000000,1.000000,0.000000,0.000000,0.000000
1777189304.298552,0,0.000000,0.000000,0.000000,0.000000,0.360000,0.000000,1.000000,0.000000,0.070000,0.020000
1777189304.355575,0,0.000000,0.000000,0.000000,0.000000,0.400000,0.000000,1.000000,0.000000,0.000000,0.020000
1777189304.356148,0,0.000000,0.000000,0.000000,0.000000,0.430000,0.000000,1.000000,0.000000,0.000000,0.000000
1777189304.356768,0,0.000000,0.000000,0.000000,0.000000,0.460000,0.000000,1.000000,0.000000,0.000000,0.000000
1777189304.357248,0,0.000000,0.000000,0.000000,0.000000,0.500000,0.000000,1.000000,0.000000,0.070000,0.000000
1777189304.388365,0,0.000000,0.000000,0.000000,0.000000,0.550000,0.000000,0.010000,0.000000,0.000000,0.000000
1777189304.419304,0,0.000000,0.000000,0.000000,0.000000,0.570000,0.000000,0.020000,0.000000,0.070000,0.070000
1777189304.450415,0,0.000000,0.000000,0.000000,0.000000,0.000000,0.000000,0.230000,0.000000,0.000000,0.000000
1777189304.450908,0,0.000000,0.000000,0.000000,0.000000,0.030000,0.000000,0.400000,0.000000,0.070000,0.020000
1777189304.451297,0,0.000000,0.000000,0.000000,0.000000,0.070000,0.000000,0.610000,0.000000,0.070000,0.020000
1777189304.484663,0,0.000000,0.000000,0.000000,0.000000,0.100000,0.000000,0.800000,0.000000,0.000000,0.000000
1777189304.485168,0,0.000000,0.000000,0.000000,0.000000,0.150000,0.000000,0.980000,0.000000,0.140000,0.100000
1777189304.515776,0,0.000000,0.000000,0.000000,0.000000,0.180000,0.000000,1.000000,0.000000,0.070000,0.070000
1777189304.516298,0,0.000000,0.000000,0.000000,0.000000,0.200000,0.000000,1.000000,0.000000,0.000000,0.000000
1777189304.547674,0,0.000000,0.000000,0.000000,0.000000,0.250000,0.000000,1.000000,0.000000,0.070000,0.100000
1777189304.548187,0,0.000000,0.000000,0.000000,0.000000,0.280000,0.000000,0.070000,0.000000,0.000000,0.020000
1777189304.580392,0,0.000000,0.000000,0.000000,0.000000,0.310000,0.000000,0.090000,0.000000,0.070000,0.000000
1777189304.580949,0,0.000000,0.000000,0.000000,0.000000,0.340000,0.000000,0.370000,0.000000,0.000000,0.020000
1777189304.612106,0,0.000000,0.000000,0.000000,0.000000,0.370000,0.000000,0.630000,0.000000,0.070000,0.020000
1777189304.612601,0,0.000000,0.000000,0.000000,0.000000,0.410000,0.000000,0.930000,0.000000,0.070000,0.000000
1777189304.644274,0,0.000000,0.000000,0.000000,0.000000,0.460000,0.000000,1.000000,0.000000,0.070000,0.000000
1777189304.644810,0,0.000000,0.000000,0.000000,0.000000,0.490000,0.000000,1.000000,0.000000,0.000000,0.000000
1777189304.676033,0,0.000000,0.000000,0.000000,0.000000,0.510000,0.000000,1.000000,0.000000,0.000000,0.000000
1777189304.676553,0,0.000000,0.000000,0.000000,0.000000,0.560000,0.000000,1.000000,0.000000,0.000000,0.020000
1777189304.707349,0,0.000000,0.000000,0.000000,0.000000,0.570000,0.000000,1.000000,0.000000,0.210000,0.020000
1777189304.707858,0,0.000000,0.000000,0.000000,0.000000,0.620000,0.000000,1.000000,0.000000,0.070000,0.000000
1777189304.738661,0,0.000000,0.000000,0.000000,0.000000,0.660000,0.000000,1.000000,0.000000,0.000000,0.020000
1777189304.739178,0,0.000000,0.000000,0.000000,0.000000,0.690000,0.000000,1.000000,0.000000,0.000000,0.070000
1777189304.739614,0,0.000000,0.000000,0.000000,0.000000,0.730000,0.000000,0.030000,0.000000,0.000000,0.000000
1777189304.770428,0,0.000000,0.000000,0.000000,0.000000,0.760000,0.000000,0.010000,0.000000,0.000000,0.020000
1777189304.771089,0,0.000000,0.000000,0.000000,0.000000,0.800000,0.000000,0.210000,0.000000,0.070000,0.000000
1777189304.802057,0,0.000000,0.000000,0.000000,0.000000,0.820000,0.000000,0.430000,0.000000,0.070000,0.020000
1777189304.833743,0,0.000000,0.000000,0.000000,0.000000,0.870000,0.000000,0.620000,0.000000,0.000000,0.020000
1777189304.834248,0,0.000000,0.000000,0.000000,0.000000,0.890000,0.000000,0.830000,0.000000,0.000000,0.000000
1777189304.834640,0,0.000000,0.000000,0.000000,0.000000,0.930000,0.000000,1.000000,0.000000,0.000000,0.000000
1777189304.866355,0,0.000000,0.000000,0.000000,0.000000,0.970000,0.000000,0.050000,0.000000,0.000000,0.000000
1777189304.866847,0,0.000000,0.000000,0.000000,0.000000,1.000000,0.000000,0.200000,0.000000,0.000000,0.070000
1777189304.898031,0,0.000000,0.000000,0.000000,0.000000,1.000000,0.000000,0.360000,0.000000,0.000000,0.020000
1777189304.898699,0,0.000000,0.000000,0.000000,0.000000,1.000000,0.000000,0.510000,0.000000,0.000000,0.020000
1777189304.928834,0,0.000000,0.000000,0.000000,0.000000,1.000000,0.000000,0.020000,0.000000,0.000000,0.000000
1777189304.929327,0,0.000000,0.000000,0.000000,0.000000,1.000000,0.000000,0.300000,0.000000,0.000000,0.000000
1777189304.960224,0,0.000000,0.000000,0.000000,0.000000,1.000000,0.000000,0.570000,0.000000,0.000000,0.020000
1777189304.960734,0,0.000000,0.000000,0.000000,0.000000,1.000000,0.000000,0.820000,0.000000,0.000000,0.020000
1777189304.991594,0,0.000000,0.000000,0.000000,0.000000,1.000000,0.000000,1.000000,0.000000,0.000000,0.000000
1777189304.992122,0,0.000000,0.000000,0.000000,0.000000,1.000000,0.000000,1.000000,0.000000,0.000000,0.000000
1777189305.024001,0,0.000000,0.000000,0.000000,0.000000,1.000000,0.000000,0.050000,0.000000,0.000000,0.020000
1777189305.024498,0,0.000000,0.000000,0.000000,0.000000,1.000000,0.000000,0.250000,0.000000,0.000000,0.000000
1777189305.055686,0,0.000000,0.000000,0.000000,0.000000,1.000000,0.000000,0.430000,0.000000,0.070000,0.000000
1777189305.056198,0,0.000000,0.000000,0.000000,0.000000,1.000000,0.000000,0.620000,0.000000,0.000000,0.020000
1777189305.056759,0,0.000000,0.000000,0.000000,0.000000,1.000000,0.000000,0.810000,0.000000,0.140000,0.000000
1777189305.087581,0,0.000000,0.000000,0.000000,0.000000,1.000000,0.000000,1.000000,0.000000,0.070000,0.000000
1777189305.118963,0,0.000000,0.000000,0.000000,0.000000,1.000000,0.000000,1.000000,0.000000,0.000000,0.020000
1777189305.119476,0,0.000000,0.000000,0.000000,0.000000,1.000000,0.000000,1.000000,0.000000,0.000000,0.020000
1777189305.151103,0,0.000000,0.000000,0.000000,0.000000,1.000000,0.000000,1.000000,0.000000,0.000000,0.000000
1777189305.151609,0,0.000000,0.000000,0.000000,0.000000,1.000000,0.000000,1.000000,0.000000,0.070000,0.000000
1777189305.182965,0,0.000000,0.000000,0.000000,0.000000,1.000000,0.000000,0.020000,0.000000,0.070000,0.000000
1777189305.183488,0,0.000000,0.000000,0.000000,0.000000,1.000000,0.000000,0.180000,0.000000,0.070000,0.000000
1777189305.184082,0,0.000000,0.000000,0.000000,0.000000,1.000000,0.000000,0.110000,0.000000,0.000000,0.000000
1777189305.246946,0,0.000000,0.000000,0.000000,0.000000,1.000000,0.000000,0.280000,0.000000,0.000000,0.020000
1777189305.247531,0,0.000000,0.000000,0.000000,0.000000,1.000000,0.000000,0.460000,0.000000,0.000000,0.070000
1777189305.247960,0,0.000000,0.000000,0.000000,0.000000,1.000000,0.000000,0.630000,0.000000,0.070000,0.000000
1777189305.248408,0,0.000000,0.000000,0.000000,0.000000,1.000000,0.000000,0.030000,0.000000,0.070000,0.000000
1777189305.248957,0,0.000000,0.000000,0.000000,0.000000,1.000000,0.000000,0.200000,0.000000,0.000000,0.150000
1777189305.281982,0,0.000000,0.000000,0.000000,0.000000,1.000000,0.000000,0.400000,0.000000,0.210000,0.020000
1777189305.312904,0,0.000000,0.000000,0.000000,0.000000,1.000000,0.000000,0.200000,0.000000,0.000000,0.000000
1777189305.313421,0,0.000000,0.000000,0.000000,0.000000,1.000000,0.000000,0.540000,0.000000,0.000000,0.000000
1777189305.343772,0,0.000000,0.000000,0.000000,0.000000,1.000000,0.000000,0.870000,0.000000,0.000000,0.000000
1777189305.344308,0,0.000000,0.000000,0.000000,0.000000,1.000000,0.000000,1.000000,0.000000,0.210000,0.000000
1777189305.375807,0,0.000000,0.000000,0.000000,0.000000,1.000000,0.000000,1.000000,0.000000,0.000000,0.000000
1777189305.376303,0,0.000000,0.000000,0.000000,0.000000,1.000000,0.000000,1.000000,0.000000,0.000000,0.000000
1777189305.407538,0,0.000000,0.000000,0.000000,0.000000,1.000000,0.000000,1.000000,0.000000,0.000000,0.000000
1777189305.408227,0,0.000000,0.000000,0.000000,0.000000,1.000000,0.000000,0.030000,0.000000,0.070000,0.000000
1777189305.439532,0,0.000000,0.000000,0.000000,0.000000,1.000000,0.000000,0.250000,0.000000,0.000000,0.070000
1777189305.470615,0,0.000000,0.000000,0.000000,0.000000,1.000000,0.000000,0.460000,0.000000,0.000000,0.000000
1777189305.471133,0,0.000000,0.000000,0.000000,0.000000,1.000000,0.000000,0.670000,0.000000,0.000000,0.000000
1777189305.471589,0,0.000000,0.000000,0.000000,0.000000,1.000000,0.000000,0.870000,0.000000,0.070000,0.000000
1777189305.472005,0,0.000000,0.000000,0.000000,0.000000,1.000000,0.000000,1.000000,0.000000,0.000000,0.000000
1777189305.503794,0,0.000000,0.000000,0.000000,0.000000,1.000000,0.000000,1.000000,0.000000,0.070000,0.000000
1777189305.504319,0,0.000000,0.000000,0.000000,0.000000,1.000000,0.000000,1.000000,0.000000,0.000000,0.000000
1777189305.534790,0,0.000000,0.000000,0.000000,0.000000,1.000000,0.000000,1.000000,0.000000,0.000000,0.020000
1777189305.535311,0,0.000000,0.000000,0.000000,0.000000,1.000000,0.000000,1.000000,0.000000,0.070000,0.000000
1777189305.567873,0,0.000000,0.000000,0.000000,0.000000,1.000000,0.000000,1.000000,0.000000,0.140000,0.000000
1777189305.599562,0,0.000000,0.000000,0.000000,0.000000,1.000000,0.000000,1.000000,0.000000,0.070000,0.020000
1777189305.600075,0,0.000000,0.000000,0.000000,0.000000,1.000000,0.000000,1.000000,0.000000,0.070000,0.000000
1777189305.600473,0,0.000000,0.000000,0.000000,0.000000,1.000000,0.000000,1.000000,0.000000,0.000000,0.000000
1777189305.631523,0,0.000000,0.000000,0.000000,0.000000,1.000000,0.000000,1.000000,0.000000,0.000000,0.000000
1777189305.663630,0,0.000000,0.000000,0.000000,0.000000,1.000000,0.000000,1.000000,0.000000,0.000000,0.000000
1777189305.664129,0,0.000000,0.000000,0.000000,0.000000,1.000000,0.000000,0.090000,0.000000,0.070000,0.000000
1777189305.664692,0,0.000000,0.000000,0.000000,0.000000,1.000000,0.000000,0.300000,0.000000,0.070000,0.020000
1777189305.696082,0,0.000000,0.000000,0.000000,0.000000,1.000000,0.000000,0.500000,0.000000,0.000000,0.000000
1777189305.696659,0,0.000000,0.000000,0.000000,0.000000,1.000000,0.000000,0.700000,0.000000,0.070000,0.070000
1777189305.697067,0,0.000000,0.000000,0.000000,0.000000,1.000000,0.000000,0.910000,0.000000,0.000000,0.020000
1777189305.728580,0,0.000000,0.000000,0.000000,0.000000,1.000000,0.000000,1.000000,0.000000,0.000000,0.000000
1777189305.759838,0,0.000000,0.000000,0.000000,0.000000,1.000000,0.000000,1.000000,0.000000,0.070000,0.000000
1777189305.760455,0,0.000000,0.000000,0.000000,0.000000,1.000000,0.000000,1.000000,0.000000,0.070000,0.000000
1777189305.792102,0,0.000000,0.000000,0.000000,0.000000,1.000000,0.000000,1.000000,0.000000,0.000000,0.000000
1777189305.792642,0,0.000000,0.000000,0.000000,0.000000,1.000000,0.000000,1.000000,0.000000,0.000000,0.020000
1777189305.793104,0,0.000000,0.000000,0.000000,0.000000,1.000000,0.000000,1.000000,0.000000,0.070000,0.000000
1777189305.824177,0,0.000000,0.000000,0.000000,0.000000,1.000000,0.000000,0.020000,0.000000,0.000000,0.020000
1777189305.824681,0,0.000000,0.000000,0.000000,0.000000,1.000000,0.000000,0.170000,0.000000,0.000000,0.000000
1777189305.856545,0,0.000000,0.000000,0.000000,0.000000,1.000000,0.000000,0.310000,0.000000,0.000000,0.020000
1777189305.857058,0,0.000000,0.000000,0.000000,0.000000,1.000000,0.000000,0.440000,0.000000,0.070000,0.000000
1777189305.887699,0,0.000000,0.000000,0.000000,0.000000,1.000000,0.000000,0.570000,0.000000,0.070000,0.000000
1777189305.888374,0,0.000000,0.000000,0.000000,0.000000,1.000000,0.000000,0.730000,0.000000,0.070000,0.070000
1777189305.919803,0,0.000000,0.000000,0.000000,0.000000,1.000000,0.000000,0.870000,0.000000,0.000000,0.020000
1777189305.920369,0,0.000000,0.000000,0.000000,0.000000,1.000000,0.000000,0.000000,0.000000,0.000000,0.000000
1777189305.951613,0,0.000000,0.000000,0.000000,0.000000,1.000000,0.000000,0.120000,0.000000,0.000000,0.000000
1777189305.952111,0,0.000000,0.000000,0.000000,0.000000,1.000000,0.000000,0.250000,0.000000,0.000000,0.000000
1777189305.983130,0,0.000000,0.000000,0.000000,0.000000,1.000000,0.000000,0.370000,0.000000,0.070000,0.000000
1777189306.013760,0,0.000000,0.000000,0.000000,0.000000,1.000000,0.000000,0.490000,0.000000,0.070000,0.000000
1777189306.014265,0,0.000000,0.000000,0.000000,0.000000,1.000000,0.000000,0.600000,0.000000,0.140000,0.020000
1777189306.014720,0,0.000000,0.000000,0.000000,0.000000,1.000000,0.000000,0.720000,0.000000,0.140000,0.000000
1777189306.045404,0,0.000000,0.000000,0.000000,0.000000,1.000000,0.000000,0.820000,0.000000,0.000000,0.000000
1777189306.046015,0,0.000000,0.000000,0.000000,0.000000,1.000000,0.000000,0.950000,0.000000,0.000000,0.070000
1777189306.046482,0,0.000000,0.000000,0.000000,0.000000,1.000000,0.000000,0.000000,0.000000,0.070000,0.070000
1777189306.102890,0,0.000000,0.000000,0.000000,0.000000,1.000000,0.000000,0.120000,0.000000,0.070000,0.020000
1777189306.103441,0,0.000000,0.000000,0.000000,0.000000,1.000000,0.000000,0.230000,0.000000,0.000000,0.020000
1777189306.103852,0,0.000000,0.000000,0.000000,0.000000,1.000000,0.000000,0.340000,0.000000,0.070000,0.000000
1777189306.161110,0,0.000000,0.000000,0.000000,0.000000,1.000000,0.000000,0.000000,0.000000,0.000000,0.370000
1777189306.161642,0,0.000000,0.000000,0.000000,0.000000,1.000000,0.000000,0.140000,0.000000,0.000000,0.000000
1777189306.162042,0,0.000000,0.000000,0.000000,0.000000,1.000000,0.000000,0.280000,0.000000,0.000000,0.070000
1777189306.162441,0,0.000000,0.000000,0.000000,0.000000,1.000000,0.000000,0.430000,0.000000,0.070000,0.000000
1777189306.220988,0,0.000000,0.000000,0.000000,0.000000,1.000000,0.000000,0.570000,0.000000,0.070000,0.070000
1777189306.221510,0,0.000000,0.000000,0.000000,0.000000,1.000000,0.000000,0.740000,0.000000,0.000000,0.000000
1777189306.221908,0,0.000000,0.000000,0.000000,0.000000,1.000000,0.000000,0.050000,0.000000,0.070000,0.000000
1777189306.222461,0,0.000000,0.000000,0.000000,0.000000,1.000000,0.000000,0.200000,0.000000,0.000000,0.000000
1777189306.222872,0,0.000000,0.000000,0.000000,0.000000,1.000000,0.000000,0.360000,0.000000,0.000000,0.020000
1777189306.223264,0,0.000000,0.000000,0.000000,0.000000,1.000000,0.000000,0.510000,0.000000,0.070000,0.100000
1777189306.286706,0,0.000000,0.000000,0.000000,0.000000,1.000000,0.000000,0.680000,0.000000,0.070000,0.000000
1777189306.287247,0,0.000000,0.000000,0.000000,0.000000,1.000000,0.000000,0.850000,0.000000,0.140000,0.000000
1777189306.287838,0,0.000000,0.000000,0.000000,0.000000,1.000000,0.000000,1.000000,0.000000,0.000000,0.020000
1777189306.288242,0,0.000000,0.000000,0.000000,0.000000,1.000000,0.000000,1.000000,0.000000,0.000000,0.020000
1777189306.345273,0,0.000000,0.000000,0.000000,0.000000,1.000000,0.000000,1.000000,0.000000,0.000000,0.000000
1777189306.345963,0,0.000000,0.000000,0.000000,0.000000,1.000000,0.000000,1.000000,0.000000,0.000000,0.000000
1777189306.346384,0,0.000000,0.000000,0.000000,0.000000,1.000000,0.000000,1.000000,0.000000,0.070000,0.020000
1777189306.403414,0,0.000000,0.000000,0.000000,0.000000,1.000000,0.000000,1.000000,0.000000,0.000000,0.000000
1777189306.403950,0,0.000000,0.000000,0.000000,0.000000,1.000000,0.000000,1.000000,0.000000,0.000000,0.000000
1777189306.404433,0,0.000000,0.000000,0.000000,0.000000,1.000000,0.000000,1.000000,0.000000,0.000000,0.000000
1777189306.405409,0,0.000000,0.000000,0.000000,0.000000,1.000000,0.000000,1.000000,0.000000,0.000000,0.020000
1777189306.436441,0,0.000000,0.000000,0.000000,0.000000,1.000000,0.000000,1.000000,0.000000,0.070000,0.000000
1777189306.467754,0,0.000000,0.000000,0.000000,0.000000,1.000000,0.000000,1.000000,0.000000,0.070000,0.020000
1777189306.468256,0,0.000000,0.000000,0.000000,0.000000,1.000000,0.000000,1.000000,0.000000,0.070000,0.000000
1777189306.499213,0,0.000000,0.000000,0.000000,0.000000,1.000000,0.000000,1.000000,0.000000,0.000000,0.100000
1777189306.499737,0,0.000000,0.000000,0.000000,0.000000,1.000000,0.000000,1.000000,0.000000,0.000000,0.020000
1777189306.530734,0,0.000000,0.000000,0.000000,0.000000,1.000000,0.000000,1.000000,0.000000,0.000000,0.000000
1777189306.531248,0,0.000000,0.000000,0.000000,0.000000,1.000000,0.000000,1.000000,0.000000,0.070000,0.180000
1777189306.562755,0,0.000000,0.000000,0.000000,0.000000,1.000000,0.000000,1.000000,0.000000,0.000000,0.000000
1777189306.563340,0,0.000000,0.000000,0.000000,0.000000,1.000000,0.000000,1.000000,0.000000,0.000000,0.000000
1777189306.594683,0,0.000000,0.000000,0.000000,0.000000,1.000000,0.000000,0.020000,0.000000,0.070000,0.180000
1777189306.595226,0,0.000000,0.000000,0.000000,0.000000,1.000000,0.000000,0.200000,0.000000,0.070000,0.000000
1777189306.626440,0,0.000000,0.000000,0.000000,0.000000,1.000000,0.000000,0.340000,0.000000,0.000000,0.000000
1777189306.626974,0,0.000000,0.000000,0.000000,0.000000,1.000000,0.000000,0.500000,0.000000,0.070000,0.000000
1777189306.657436,0,0.000000,0.000000,0.000000,0.000000,1.000000,0.000000,0.670000,0.000000,0.140000,0.000000
1777189306.657974,0,0.000000,0.000000,0.000000,0.000000,1.000000,0.000000,0.810000,0.000000,0.000000,0.020000
1777189306.690518,0,0.000000,0.000000,0.000000,0.000000,1.000000,0.000000,0.970000,0.000000,0.070000,0.000000
1777189306.691025,0,0.000000,0.000000,0.000000,0.000000,1.000000,0.000000,1.000000,0.000000,0.000000,0.000000
1777189306.691416,0,0.000000,0.000000,0.000000,0.000000,1.000000,0.000000,1.000000,0.000000,0.070000,0.000000
1777189306.722324,0,0.000000,0.000000,0.000000,0.000000,1.000000,0.000000,1.000000,0.000000,0.210000,0.070000
1777189306.753951,0,0.000000,0.000000,0.000000,0.000000,1.000000,0.000000,1.000000,0.000000,0.070000,0.020000
1777189306.754456,0,0.000000,0.000000,0.000000,0.000000,1.000000,0.000000,0.000000,0.000000,0.000000,0.490000
1777189306.754848,0,0.000000,0.000000,0.000000,0.000000,1.000000,0.000000,0.150000,0.000000,0.140000,0.000000
1777189306.786261,0,0.000000,0.000000,0.000000,0.000000,1.000000,0.000000,0.280000,0.000000,0.000000,0.000000
1777189306.818539,0,0.000000,0.000000,0.000000,0.000000,1.000000,0.000000,0.410000,0.000000,0.070000,0.000000
1777189306.819206,0,0.000000,0.000000,0.000000,0.000000,1.000000,0.000000,0.560000,0.000000,0.000000,0.000000
1777189306.849181,0,0.000000,0.000000,0.000000,0.000000,1.000000,0.000000,0.720000,0.000000,0.000000,0.020000
1777189306.849709,0,0.000000,0.000000,0.000000,0.000000,1.000000,0.000000,0.850000,0.000000,0.000000,0.020000
1777189306.850104,0,0.000000,0.000000,0.000000,0.000000,1.000000,0.000000,1.000000,0.000000,0.070000,0.020000
1777189306.850480,0,0.000000,0.000000,0.000000,0.000000,1.000000,0.000000,1.000000,0.000000,0.000000,0.000000
1777189306.908570,0,0.000000,0.000000,0.000000,0.000000,1.000000,0.000000,1.000000,0.000000,0.070000,0.000000
1777189306.909110,0,0.000000,0.000000,0.000000,0.000000,1.000000,0.000000,1.000000,0.000000,0.000000,0.000000
1777189306.909551,0,0.000000,0.000000,0.000000,0.000000,1.000000,0.000000,1.000000,0.000000,0.000000,0.000000
1777189306.966257,0,0.000000,0.000000,0.000000,0.000000,1.000000,0.000000,1.000000,0.000000,0.000000,0.070000
1777189306.966784,0,0.000000,0.000000,0.000000,0.000000,1.000000,0.000000,1.000000,0.000000,0.000000,0.000000
1777189306.967210,0,0.000000,0.000000,0.000000,0.000000,1.000000,0.000000,1.000000,0.000000,0.070000,0.070000
1777189306.967603,0,0.000000,0.000000,0.000000,0.000000,1.000000,0.000000,0.070000,0.000000,0.000000,0.000000
1777189306.967988,0,0.000000,0.000000,0.000000,0.000000,1.000000,0.000000,0.170000,0.000000,0.140000,0.000000
1777189307.024054,0,0.000000,0.000000,0.000000,0.000000,1.000000,0.000000,0.270000,0.000000,0.000000,0.000000
1777189307.024565,0,0.000000,0.000000,0.000000,0.000000,1.000000,0.000000,0.000000,0.000000,0.000000,0.300000
1777189307.025178,0,0.000000,0.000000,0.000000,0.000000,1.000000,0.000000,0.100000,0.000000,0.070000,0.000000
1777189307.025591,0,0.000000,0.000000,0.000000,0.000000,1.000000,0.000000,0.200000,0.000000,0.070000,0.020000
1777189307.025970,0,0.000000,0.000000,0.000000,0.000000,1.000000,0.000000,0.310000,0.000000,0.070000,0.020000
1777189307.082459,0,0.000000,0.000000,0.000000,0.000000,1.000000,0.000000,0.400000,0.000000,0.070000,0.000000
1777189307.083159,0,0.000000,0.000000,0.000000,0.000000,1.000000,0.000000,0.500000,0.000000,0.070000,0.020000
1777189307.083591,0,0.000000,0.000000,0.000000,0.000000,1.000000,0.000000,0.620000,0.000000,0.000000,0.000000
1777189307.141523,0,0.000000,0.000000,0.000000,0.000000,1.000000,0.000000,0.700000,0.000000,0.000000,0.000000
1777189307.142122,0,0.000000,0.000000,0.000000,0.000000,1.000000,0.000000,0.000000,0.000000,0.070000,0.870000
1777189307.142527,0,0.000000,0.000000,0.000000,0.000000,1.000000,0.000000,0.100000,0.000000,0.140000,0.020000
1777189307.143068,0,0.000000,0.000000,0.000000,0.000000,1.000000,0.000000,0.230000,0.000000,0.070000,0.000000
1777189307.143461,0,0.000000,0.000000,0.000000,0.000000,1.000000,0.000000,0.340000,0.000000,0.070000,0.020000
1777189307.200045,0,0.000000,0.000000,0.000000,0.000000,1.000000,0.000000,0.460000,0.000000,0.000000,0.070000
1777189307.200567,0,0.000000,0.000000,0.000000,0.000000,1.000000,0.000000,0.050000,0.000000,0.000000,0.000000
1777189307.259077,0,0.000000,0.000000,0.000000,0.000000,1.000000,0.000000,0.250000,0.000000,0.000000,0.020000
1777189307.259695,0,0.000000,0.000000,0.000000,0.000000,1.000000,0.000000,0.410000,0.000000,0.070000,0.000000
1777189307.260266,0,0.000000,0.000000,0.000000,0.000000,1.000000,0.000000,0.600000,0.000000,0.140000,0.020000
1777189307.260707,0,0.000000,0.000000,0.000000,0.000000,1.000000,0.000000,0.790000,0.000000,0.140000,0.020000
1777189307.261090,0,0.000000,0.000000,0.000000,0.000000,1.000000,0.000000,0.970000,0.000000,0.070000,0.000000
1777189307.320361,0,0.000000,0.000000,0.000000,0.000000,1.000000,0.000000,1.000000,0.000000,0.070000,0.000000
1777189307.320948,0,0.000000,0.000000,0.000000,0.000000,1.000000,0.000000,1.000000,0.000000,0.070000,0.070000
1777189307.321548,0,0.000000,0.000000,0.000000,0.000000,1.000000,0.000000,1.000000,0.000000,0.070000,0.020000
1777189307.322017,0,0.000000,0.000000,0.000000,0.000000,1.000000,0.000000,0.030000,0.000000,0.140000,0.020000
1777189307.379786,0,0.000000,0.000000,0.000000,0.000000,1.000000,0.000000,0.180000,0.000000,0.000000,0.000000
1777189307.380438,0,0.000000,0.000000,0.000000,0.000000,1.000000,0.000000,0.330000,0.000000,0.070000,0.000000
1777189307.380991,0,0.000000,0.000000,0.000000,0.000000,1.000000,0.000000,0.460000,0.000000,0.070000,0.000000
1777189307.411850,0,0.000000,0.000000,0.000000,0.000000,1.000000,0.000000,0.600000,0.000000,0.000000,0.000000
1777189307.442360,0,0.000000,0.000000,0.000000,0.000000,1.000000,0.000000,0.750000,0.000000,0.000000,0.000000
1777189307.442852,0,0.000000,0.000000,0.000000,0.000000,1.000000,0.000000,0.890000,0.000000,0.000000,0.000000
1777189307.473760,0,0.000000,0.000000,0.000000,0.000000,1.000000,0.000000,1.000000,0.000000,0.000000,0.210000
1777189307.504237,0,0.000000,0.000000,0.000000,0.000000,1.000000,0.000000,0.020000,0.000000,0.070000,0.000000
1777189307.504757,0,0.000000,0.000000,0.000000,0.000000,1.000000,0.000000,0.170000,0.000000,0.000000,0.020000
1777189307.505150,0,0.000000,0.000000,0.000000,0.000000,1.000000,0.000000,0.300000,0.000000,0.000000,0.000000
1777189307.562269,0,0.000000,0.000000,0.000000,0.000000,1.000000,0.000000,0.430000,0.000000,0.000000,0.000000
1777189307.619525,0,0.000000,0.000000,0.000000,0.000000,1.000000,0.000000,0.030000,0.000000,0.070000,0.000000
1777189307.620038,0,0.000000,0.000000,0.000000,0.000000,1.000000,0.000000,0.180000,0.000000,0.000000,0.020000
1777189307.620433,0,0.000000,0.000000,0.000000,0.000000,1.000000,0.000000,0.000000,0.000000,0.000000,0.370000
1777189307.620878,0,0.000000,0.000000,0.000000,0.000000,1.000000,0.000000,0.200000,0.000000,0.070000,0.020000
1777189307.621518,0,0.000000,0.000000,0.000000,0.000000,1.000000,0.000000,0.600000,0.000000,0.000000,0.000000
1777189307.622261,0,0.000000,0.000000,0.000000,0.000000,1.000000,0.000000,0.940000,0.000000,0.000000,0.000000
1777189307.653229,0,0.000000,0.000000,0.000000,0.000000,1.000000,0.000000,1.000000,0.000000,0.000000,0.000000
1777189307.684545,0,0.000000,0.000000,0.000000,0.000000,1.000000,0.000000,1.000000,0.000000,0.070000,0.020000
1777189307.716015,0,0.000000,0.000000,0.000000,0.000000,1.000000,0.000000,1.000000,0.000000,0.070000,0.020000
1777189307.716522,0,0.000000,0.000000,0.000000,0.000000,1.000000,0.000000,1.000000,0.000000,0.000000,0.020000
1777189307.716935,0,0.000000,0.000000,0.000000,0.000000,1.000000,0.000000,1.000000,0.000000,0.000000,0.000000
1777189307.776402,0,0.000000,0.000000,0.000000,0.000000,1.000000,0.000000,1.000000,0.000000,0.000000,0.020000
1777189307.776926,0,0.000000,0.000000,0.000000,0.000000,1.000000,0.000000,1.000000,0.000000,0.070000,0.000000
1777189307.777333,0,0.000000,0.000000,0.000000,0.000000,1.000000,0.000000,1.000000,0.000000,0.000000,0.020000
1777189307.777912,0,0.000000,0.000000,0.000000,0.000000,1.000000,0.000000,0.250000,0.000000,0.000000,0.000000
1777189307.778317,0,0.000000,0.000000,0.000000,0.000000,1.000000,0.000000,0.570000,0.000000,0.000000,0.000000
1777189307.834135,0,0.000000,0.000000,0.000000,0.000000,1.000000,0.000000,0.930000,0.000000,0.000000,0.000000
1777189307.834681,0,0.000000,0.000000,0.000000,0.000000,1.000000,0.000000,0.170000,0.000000,0.000000,0.000000
1777189307.835098,0,0.000000,0.000000,0.000000,0.000000,1.000000,0.000000,0.550000,0.000000,0.000000,0.000000
1777189307.893206,0,0.000000,0.000000,0.000000,0.000000,1.000000,0.000000,0.920000,0.000000,0.000000,0.000000
1777189307.893743,0,0.000000,0.000000,0.000000,0.000000,1.000000,0.000000,1.000000,0.000000,0.070000,0.020000
1777189307.894155,0,0.000000,0.000000,0.000000,0.000000,0.000000,0.000000,1.000000,0.000000,0.000000,0.000000
1777189307.894691,0,0.000000,0.000000,0.000000,0.000000,0.050000,0.000000,1.000000,0.000000,0.000000,0.020000
1777189307.895089,0,0.000000,0.000000,0.000000,0.000000,0.070000,0.000000,1.000000,0.000000,0.000000,0.000000
1777189307.951865,0,0.000000,0.000000,0.000000,0.000000,0.100000,0.000000,1.000000,0.000000,0.000000,0.070000
1777189307.952388,0,0.000000,0.000000,0.000000,0.000000,0.150000,0.000000,1.000000,0.000000,0.000000,0.000000
1777189307.952954,0,0.000000,0.000000,0.000000,0.000000,0.180000,0.000000,1.000000,0.000000,0.070000,0.150000
1777189308.009138,0,0.000000,0.000000,0.000000,0.000000,0.210000,0.000000,1.000000,0.000000,0.000000,0.000000
1777189308.009666,0,0.000000,0.000000,0.000000,0.000000,0.250000,0.000000,1.000000,0.000000,0.070000,0.000000
1777189308.010072,0,0.000000,0.000000,0.000000,0.000000,0.280000,0.000000,1.000000,0.000000,0.000000,0.100000
1777189308.066490,0,0.000000,0.000000,0.000000,0.000000,0.310000,0.000000,1.000000,0.000000,0.000000,0.020000
1777189308.067180,0,0.000000,0.000000,0.000000,0.000000,0.340000,0.000000,1.000000,0.000000,0.000000,0.000000
1777189308.124081,0,0.000000,0.000000,0.000000,0.000000,0.030000,0.000000,1.000000,0.000000,0.070000,0.000000
1777189308.124616,0,0.000000,0.000000,0.000000,0.000000,0.010000,0.000000,1.000000,0.000000,0.140000,0.020000
1777189308.125014,0,0.000000,0.000000,0.000000,0.000000,0.070000,0.000000,1.000000,0.000000,0.000000,0.000000
1777189308.125391,0,0.000000,0.000000,0.000000,0.000000,0.120000,0.000000,0.070000,0.000000,0.070000,0.000000
1777189308.125761,0,0.000000,0.000000,0.000000,0.000000,0.250000,0.000000,0.850000,0.000000,0.000000,0.020000
1777189308.126442,0,0.000000,0.000000,0.000000,0.000000,0.300000,0.000000,0.000000,0.000000,0.000000,0.340000
1777189308.183709,0,0.000000,0.000000,0.000000,0.000000,0.360000,0.000000,0.370000,0.000000,0.070000,0.000000
1777189308.184271,0,0.000000,0.000000,0.000000,0.000000,0.400000,0.000000,0.680000,0.000000,0.070000,0.020000
1777189308.184691,0,0.000000,0.000000,0.000000,0.000000,0.460000,0.000000,1.000000,0.000000,0.070000,0.000000
1777189308.185075,0,0.000000,0.000000,0.000000,0.000000,0.510000,0.000000,1.000000,0.000000,0.000000,0.000000
1777189308.243531,0,0.000000,0.000000,0.000000,0.000000,0.570000,0.000000,1.000000,0.000000,0.000000,0.020000
1777189308.244056,0,0.000000,0.000000,0.000000,0.000000,0.620000,0.000000,1.000000,0.000000,0.000000,0.000000
1777189308.244659,0,0.000000,0.000000,0.000000,0.000000,0.680000,0.000000,1.000000,0.000000,0.000000,0.020000
1777189308.245095,0,0.000000,0.000000,0.000000,0.000000,0.750000,0.000000,1.000000,0.000000,0.000000,0.000000
1777189308.245500,0,0.000000,0.000000,0.000000,0.000000,0.810000,0.000000,1.000000,0.000000,0.070000,0.000000
1777189308.304633,0,0.000000,0.000000,0.000000,0.000000,0.870000,0.000000,1.000000,0.000000,0.070000,0.000000
1777189308.305407,0,0.000000,0.000000,0.000000,0.000000,0.920000,0.000000,1.000000,0.000000,0.070000,0.000000
1777189308.305826,0,0.000000,0.000000,0.000000,0.000000,0.980000,0.000000,1.000000,0.000000,0.000000,0.000000
1777189308.363901,0,0.000000,0.000000,0.000000,0.000000,1.000000,0.000000,1.000000,0.000000,0.000000,0.000000
1777189308.364428,0,0.000000,0.000000,0.000000,0.000000,1.000000,0.000000,1.000000,0.000000,0.000000,0.000000
1777189308.364836,0,0.000000,0.000000,0.000000,0.000000,1.000000,0.000000,1.000000,0.000000,0.000000,0.000000
1777189308.423020,0,0.000000,0.000000,0.000000,0.000000,1.000000,0.000000,1.000000,0.000000,0.070000,0.070000
1777189308.423565,0,0.000000,0.000000,0.000000,0.000000,1.000000,0.000000,1.000000,0.000000,0.000000,0.100000
1777189308.423966,0,0.000000,0.000000,0.000000,0.000000,1.000000,0.000000,0.150000,0.000000,0.000000,0.020000
1777189308.424510,0,0.000000,0.000000,0.000000,0.000000,1.000000,0.000000,0.510000,0.000000,0.000000,0.000000
1777189308.424916,0,0.000000,0.000000,0.000000,0.000000,1.000000,0.000000,0.870000,0.000000,0.210000,0.000000
1777189308.481806,0,0.000000,0.000000,0.000000,0.000000,1.000000,0.000000,1.000000,0.000000,0.070000,0.000000
1777189308.482336,0,0.000000,0.000000,0.000000,0.000000,1.000000,0.000000,1.000000,0.000000,0.000000,0.000000
1777189308.482739,0,0.000000,0.000000,0.000000,0.000000,1.000000,0.000000,1.000000,0.000000,0.000000,0.020000
1777189308.483274,0,0.000000,0.000000,0.000000,0.000000,1.000000,0.000000,1.000000,0.000000,0.070000,0.000000
1777189308.539786,0,0.000000,0.000000,0.000000,0.000000,1.000000,0.000000,1.000000,0.000000,0.140000,0.000000
1777189308.598025,0,0.000000,0.000000,0.000000,0.000000,1.000000,0.000000,1.000000,0.000000,0.070000,0.070000
1777189308.598587,0,0.000000,0.000000,0.000000,0.000000,1.000000,0.000000,1.000000,0.000000,0.140000,0.000000
1777189308.599269,0,0.000000,0.000000,0.000000,0.000000,1.000000,0.000000,1.000000,0.000000,0.000000,0.020000
1777189308.599710,0,0.000000,0.000000,0.000000,0.000000,1.000000,0.000000,1.000000,0.000000,0.000000,0.020000
1777189308.600133,0,0.000000,0.000000,0.000000,0.000000,1.000000,0.000000,1.000000,0.000000,0.000000,0.100000
1777189308.600541,0,0.000000,0.000000,0.000000,0.000000,1.000000,0.000000,1.000000,0.000000,0.000000,0.000000
1777189308.658677,0,0.000000,0.000000,0.000000,0.000000,1.000000,0.000000,1.000000,0.000000,0.000000,0.000000
1777189308.659204,0,0.000000,0.000000,0.000000,0.000000,0.010000,0.000000,1.000000,0.000000,0.070000,0.000000
1777189308.659775,0,0.000000,0.000000,0.000000,0.000000,0.070000,0.000000,1.000000,0.000000,0.070000,0.020000
1777189308.660179,0,0.000000,0.000000,0.000000,0.000000,0.110000,0.000000,1.000000,0.000000,0.210000,0.000000
1777189308.718416,0,0.000000,0.000000,0.000000,0.000000,0.150000,0.000000,1.000000,0.000000,0.070000,0.000000
1777189308.718952,0,0.000000,0.000000,0.000000,0.000000,0.200000,0.000000,1.000000,0.000000,0.000000,0.000000
1777189308.719360,0,0.000000,0.000000,0.000000,0.000000,0.250000,0.000000,1.000000,0.000000,0.140000,0.000000
1777189308.719912,0,0.000000,0.000000,0.000000,0.000000,0.300000,0.000000,1.000000,0.000000,0.000000,0.000000
1777189308.720339,0,0.000000,0.000000,0.000000,0.000000,0.340000,0.000000,1.000000,0.000000,0.000000,0.000000
1777189308.779412,0,0.000000,0.000000,0.000000,0.000000,0.400000,0.000000,1.000000,0.000000,0.000000,0.020000
1777189308.779976,0,0.000000,0.000000,0.000000,0.000000,0.430000,0.000000,1.000000,0.000000,0.070000,0.000000
1777189308.837626,0,0.000000,0.000000,0.000000,0.000000,0.490000,0.000000,1.000000,0.000000,0.070000,0.000000
1777189308.838146,0,0.000000,0.000000,0.000000,0.000000,0.540000,0.000000,1.000000,0.000000,0.000000,0.020000
1777189308.838575,0,0.000000,0.000000,0.000000,0.000000,0.570000,0.000000,1.000000,0.000000,0.000000,0.000000
1777189308.839164,0,0.000000,0.000000,0.000000,0.000000,0.620000,0.000000,1.000000,0.000000,0.000000,0.100000
1777189308.839608,0,0.000000,0.000000,0.000000,0.000000,0.670000,0.000000,1.000000,0.000000,0.000000,0.020000
1777189308.840003,0,0.000000,0.000000,0.000000,0.000000,0.720000,0.000000,1.000000,0.000000,0.000000,0.020000
1777189308.897181,0,0.000000,0.000000,0.000000,0.000000,0.750000,0.000000,0.030000,0.000000,0.000000,0.000000
1777189308.897865,0,0.000000,0.000000,0.000000,0.000000,0.810000,0.000000,0.400000,0.000000,0.000000,0.000000
1777189308.898288,0,0.000000,0.000000,0.000000,0.000000,0.860000,0.000000,0.750000,0.000000,0.070000,0.020000
1777189308.955308,0,0.000000,0.000000,0.000000,0.000000,0.890000,0.000000,1.000000,0.000000,0.000000,0.020000
1777189308.955849,0,0.000000,0.000000,0.000000,0.000000,0.940000,0.000000,1.000000,0.000000,0.000000,0.070000
1777189308.956466,0,0.000000,0.000000,0.000000,0.000000,0.990000,0.000000,1.000000,0.000000,0.070000,0.020000
1777189308.956894,0,0.000000,0.000000,0.000000,0.000000,1.000000,0.000000,1.000000,0.000000,0.000000,0.020000
1777189309.013591,0,0.000000,0.000000,0.000000,0.000000,1.000000,0.000000,1.000000,0.000000,0.000000,0.000000
1777189309.014119,0,0.000000,0.000000,0.000000,0.000000,1.000000,0.000000,1.000000,0.000000,0.000000,0.000000
1777189309.071685,0,0.000000,0.000000,0.000000,0.000000,1.000000,0.000000,1.000000,0.000000,0.070000,0.000000
1777189309.072292,0,0.000000,0.000000,0.000000,0.000000,1.000000,0.000000,1.000000,0.000000,0.070000,0.020000
1777189309.072706,0,0.000000,0.000000,0.000000,0.000000,1.000000,0.000000,1.000000,0.000000,0.000000,0.020000
1777189309.073086,0,0.000000,0.000000,0.000000,0.000000,1.000000,0.000000,1.000000,0.000000,0.000000,0.000000
1777189309.073693,0,0.000000,0.000000,0.000000,0.000000,1.000000,0.000000,1.000000,0.000000,0.070000,0.020000
1777189309.074129,0,0.000000,0.000000,0.000000,0.000000,1.000000,0.000000,1.000000,0.000000,0.070000,0.000000
1777189309.130913,0,0.000000,0.000000,0.000000,0.000000,1.000000,0.000000,1.000000,0.000000,0.000000,0.020000
1777189309.131431,0,0.000000,0.000000,0.000000,0.000000,1.000000,0.000000,1.000000,0.000000,0.000000,0.020000
1777189309.131840,0,0.000000,0.000000,0.000000,0.000000,1.000000,0.000000,1.000000,0.000000,0.000000,0.020000
1777189309.189238,0,0.000000,0.000000,0.000000,0.000000,1.000000,0.000000,1.000000,0.000000,0.070000,0.070000
1777189309.189777,0,0.000000,0.000000,0.000000,0.000000,1.000000,0.000000,1.000000,0.000000,0.000000,0.000000
1777189309.190190,0,0.000000,0.000000,0.000000,0.000000,1.000000,0.000000,1.000000,0.000000,0.000000,0.020000
1777189309.248771,0,0.000000,0.000000,0.000000,0.000000,1.000000,0.000000,1.000000,0.000000,0.000000,0.020000
1777189309.249307,0,0.000000,0.000000,0.000000,0.000000,1.000000,0.000000,1.000000,0.000000,0.000000,0.000000
1777189309.249711,0,0.000000,0.000000,0.000000,0.000000,1.000000,0.000000,1.000000,0.000000,0.140000,0.000000
1777189309.250095,0,0.000000,0.000000,0.000000,0.000000,1.000000,0.000000,1.000000,0.000000,0.000000,0.000000
1777189309.250636,0,0.000000,0.000000,0.000000,0.000000,1.000000,0.000000,1.000000,0.000000,0.000000,0.000000
1777189309.311761,0,0.000000,0.000000,0.000000,0.000000,1.000000,0.000000,1.000000,0.000000,0.070000,0.020000
1777189309.312451,0,0.000000,0.000000,0.000000,0.000000,1.000000,0.000000,1.000000,0.000000,0.070000,0.020000
1777189309.312871,0,0.000000,0.000000,0.000000,0.000000,1.000000,0.000000,1.000000,0.000000,0.000000,0.020000
1777189309.313255,0,0.000000,0.000000,0.000000,0.000000,1.000000,0.000000,1.000000,0.000000,0.070000,0.000000
1777189309.369936,0,0.000000,0.000000,0.000000,0.000000,1.000000,0.000000,1.000000,0.000000,0.000000,0.020000
1777189309.370604,0,0.000000,0.000000,0.000000,0.000000,1.000000,0.000000,1.000000,0.000000,0.000000,0.020000
1777189309.371024,0,0.000000,0.000000,0.000000,0.000000,1.000000,0.000000,1.000000,0.000000,0.140000,0.000000
1777189309.371406,0,0.000000,0.000000,0.000000,0.000000,1.000000,0.000000,1.000000,0.000000,0.000000,0.000000
1777189309.427893,0,0.000000,0.000000,0.000000,0.000000,1.000000,0.000000,1.000000,0.000000,0.000000,0.000000
1777189309.428583,0,0.000000,0.000000,0.000000,0.000000,1.000000,0.000000,1.000000,0.000000,0.000000,0.070000
1777189309.429124,0,0.000000,0.000000,0.000000,0.000000,1.000000,0.000000,1.000000,0.000000,0.000000,0.000000
1777189309.487229,0,0.000000,0.000000,0.000000,0.000000,1.000000,0.000000,1.000000,0.000000,0.070000,0.020000
1777189309.487768,0,0.000000,0.000000,0.000000,0.000000,1.000000,0.000000,0.030000,0.000000,0.070000,0.000000
1777189309.488174,0,0.000000,0.000000,0.000000,0.000000,1.000000,0.000000,0.120000,0.000000,0.070000,0.070000
1777189309.545398,0,0.000000,0.000000,0.000000,0.000000,1.000000,0.000000,0.550000,0.000000,0.000000,0.020000
1777189309.546135,0,0.000000,0.000000,0.000000,0.000000,1.000000,0.000000,0.970000,0.000000,0.000000,0.000000
1777189309.546562,0,0.000000,0.000000,0.000000,0.000000,1.000000,0.000000,1.000000,0.000000,0.070000,0.020000
1777189309.546952,0,0.000000,0.000000,0.000000,0.000000,1.000000,0.000000,1.000000,0.000000,0.000000,0.000000
1777189309.547327,0,0.000000,0.000000,0.000000,0.000000,1.000000,0.000000,1.000000,0.000000,0.000000,0.000000
1777189309.605231,0,0.000000,0.000000,0.000000,0.000000,1.000000,0.000000,1.000000,0.000000,0.000000,0.020000
1777189309.605976,0,0.000000,0.000000,0.000000,0.000000,1.000000,0.000000,1.000000,0.000000,0.000000,0.020000
1777189309.663419,0,0.000000,0.000000,0.000000,0.000000,1.000000,0.000000,1.000000,0.000000,0.000000,0.020000
1777189309.663949,0,0.000000,0.000000,0.000000,0.000000,1.000000,0.000000,1.000000,0.000000,0.070000,0.000000
1777189309.664586,0,0.000000,0.000000,0.000000,0.000000,1.000000,0.000000,1.000000,0.000000,0.000000,0.000000
1777189309.665042,0,0.000000,0.000000,0.000000,0.000000,1.000000,0.000000,1.000000,0.000000,0.070000,0.020000
1777189309.665446,0,0.000000,0.000000,0.000000,0.000000,1.000000,0.000000,1.000000,0.000000,0.000000,0.070000
1777189309.665861,0,0.000000,0.000000,0.000000,0.000000,1.000000,0.000000,1.000000,0.000000,0.000000,0.000000
1777189309.722551,0,0.000000,0.000000,0.000000,0.000000,1.000000,0.000000,1.000000,0.000000,0.000000,0.000000
1777189309.723072,0,0.000000,0.000000,0.000000,0.000000,1.000000,0.000000,1.000000,0.000000,0.070000,0.150000
1777189309.723639,0,0.000000,0.000000,0.000000,0.000000,1.000000,0.000000,0.120000,0.000000,0.070000,0.000000
1777189309.795657,0,0.000000,0.000000,0.000000,0.000000,1.000000,0.000000,0.550000,0.000000,0.000000,0.020000
1777189309.852864,0,0.000000,0.000000,0.000000,0.000000,1.000000,0.000000,0.970000,0.000000,0.210000,0.000000
1777189309.853421,0,0.000000,0.000000,0.000000,0.000000,1.000000,0.000000,1.000000,0.000000,0.000000,0.020000
1777189309.853848,0,0.000000,0.000000,0.000000,0.000000,1.000000,0.000000,1.000000,0.000000,0.000000,0.000000
1777189309.854240,0,0.000000,0.000000,0.000000,0.000000,1.000000,0.000000,1.000000,0.000000,0.000000,0.020000
1777189309.855048,0,0.000000,0.000000,0.000000,0.000000,1.000000,0.000000,1.000000,0.000000,0.070000,0.000000
1777189309.886322,0,0.000000,0.000000,0.000000,0.000000,1.000000,0.000000,1.000000,0.000000,0.000000,0.210000
1777189309.916832,0,0.000000,0.000000,0.000000,0.000000,1.000000,0.000000,1.000000,0.000000,0.000000,0.000000
1777189309.917332,0,0.000000,0.000000,0.000000,0.000000,1.000000,0.000000,1.000000,0.000000,0.000000,0.000000
1777189309.948022,0,0.000000,0.000000,0.000000,0.000000,1.000000,0.000000,1.000000,0.000000,0.070000,0.000000
1777189309.979293,0,0.000000,0.000000,0.000000,0.000000,1.000000,0.000000,1.000000,0.000000,0.000000,0.070000
1777189309.979800,0,0.000000,0.000000,0.000000,0.000000,1.000000,0.000000,1.000000,0.000000,0.000000,0.020000
1777189309.980199,0,0.000000,0.000000,0.000000,0.000000,1.000000,0.000000,1.000000,0.000000,0.000000,0.020000
1777189310.011057,0,0.000000,0.000000,0.000000,0.000000,1.000000,0.000000,1.000000,0.000000,0.000000,0.020000
1777189310.011575,0,0.000000,0.000000,0.000000,0.000000,1.000000,0.000000,1.000000,0.000000,0.070000,0.000000
1777189310.011992,0,0.000000,0.000000,0.000000,0.000000,1.000000,0.000000,1.000000,0.000000,0.070000,0.020000
1777189310.042302,0,0.000000,0.000000,0.000000,0.000000,1.000000,0.000000,1.000000,0.000000,0.070000,0.000000
1777189310.073536,0,0.000000,0.000000,0.000000,0.000000,1.000000,0.000000,1.000000,0.000000,0.000000,0.000000
1777189310.104415,0,0.000000,0.000000,0.000000,0.000000,1.000000,0.000000,1.000000,0.000000,0.070000,0.000000
1777189310.104927,0,0.000000,0.000000,0.000000,0.000000,1.000000,0.000000,1.000000,0.000000,0.000000,0.000000
1777189310.105318,0,0.000000,0.000000,0.000000,0.000000,1.000000,0.000000,0.070000,0.000000,0.000000,0.000000
1777189310.135956,0,0.000000,0.000000,0.000000,0.000000,1.000000,0.000000,0.300000,0.000000,0.070000,0.150000
1777189310.136468,0,0.000000,0.000000,0.000000,0.000000,1.000000,0.000000,1.000000,0.000000,0.000000,0.020000
1777189310.194519,0,0.000000,0.000000,0.000000,0.000000,1.000000,0.000000,1.000000,0.000000,0.000000,0.000000
1777189310.195044,0,0.000000,0.000000,0.000000,0.000000,1.000000,0.000000,1.000000,0.000000,0.000000,0.000000
1777189310.195455,0,0.000000,0.000000,0.000000,0.000000,1.000000,0.000000,1.000000,0.000000,0.070000,0.020000
1777189310.195998,0,0.000000,0.000000,0.000000,0.000000,1.000000,0.000000,1.000000,0.000000,0.000000,0.000000
1777189310.196403,0,0.000000,0.000000,0.000000,0.000000,1.000000,0.000000,0.200000,0.000000,0.070000,0.000000
1777189310.253916,0,0.000000,0.000000,0.000000,0.000000,1.000000,0.000000,0.910000,0.000000,0.000000,0.000000
1777189310.254476,0,0.000000,0.000000,0.000000,0.000000,1.000000,0.000000,1.000000,0.000000,0.070000,0.070000
1777189310.254895,0,0.000000,0.000000,0.000000,0.000000,1.000000,0.000000,0.510000,0.000000,0.000000,0.020000
1777189310.255275,0,0.000000,0.000000,0.000000,0.000000,1.000000,0.000000,1.000000,0.000000,0.000000,0.020000
1777189310.314299,0,0.000000,0.000000,0.000000,0.000000,1.000000,0.000000,1.000000,0.000000,0.000000,0.070000
1777189310.314900,0,0.000000,0.000000,0.000000,0.000000,1.000000,0.000000,1.000000,0.000000,0.000000,0.070000
1777189310.315335,0,0.000000,0.000000,0.000000,0.000000,1.000000,0.000000,1.000000,0.000000,0.000000,0.020000
1777189310.315907,0,0.000000,0.000000,0.000000,0.000000,1.000000,0.000000,1.000000,0.000000,0.000000,0.000000
1777189310.316321,0,0.000000,0.000000,0.000000,0.000000,1.000000,0.000000,1.000000,0.000000,0.070000,0.000000
1777189310.372165,0,0.000000,0.000000,0.000000,0.000000,1.000000,0.000000,1.000000,0.000000,0.000000,0.020000
1777189310.372849,0,0.000000,0.000000,0.000000,0.000000,1.000000,0.000000,1.000000,0.000000,0.000000,0.020000
1777189310.403569,0,0.000000,0.000000,0.000000,0.000000,1.000000,0.000000,1.000000,0.000000,0.070000,0.000000
1777189310.404161,0,0.000000,0.000000,0.000000,0.000000,1.000000,0.000000,1.000000,0.000000,0.070000,0.000000
1777189310.435098,0,0.000000,0.000000,0.000000,0.000000,1.000000,0.000000,1.000000,0.000000,0.000000,0.000000
1777189310.435613,0,0.000000,0.000000,0.000000,0.000000,1.000000,0.000000,1.000000,0.000000,0.000000,0.000000
1777189310.467420,0,0.000000,0.000000,0.000000,0.000000,1.000000,0.000000,1.000000,0.000000,0.000000,0.000000
1777189310.498755,0,0.000000,0.000000,0.000000,0.000000,1.000000,0.000000,1.000000,0.000000,0.000000,0.020000
1777189310.499272,0,0.000000,0.000000,0.000000,0.000000,1.000000,0.000000,1.000000,0.000000,0.070000,0.000000
1777189310.499679,0,0.000000,0.000000,0.000000,0.000000,1.000000,0.000000,1.000000,0.000000,0.070000,0.020000
1777189310.530396,0,0.000000,0.000000,0.000000,0.000000,1.000000,0.000000,1.000000,0.000000,0.070000,0.070000
1777189310.530909,0,0.000000,0.000000,0.000000,0.000000,1.000000,0.000000,0.510000,0.000000,0.000000,0.020000
1777189310.562575,0,0.000000,0.000000,0.000000,0.000000,1.000000,0.000000,1.000000,0.000000,0.000000,0.000000
1777189310.563086,0,0.000000,0.000000,0.000000,0.000000,1.000000,0.000000,1.000000,0.000000,0.000000,0.000000
1777189310.594804,0,0.000000,0.000000,0.000000,0.000000,1.000000,0.000000,1.000000,0.000000,0.070000,0.000000
1777189310.595298,0,0.000000,0.000000,0.000000,0.000000,1.000000,0.000000,1.000000,0.000000,0.070000,0.020000
1777189310.625808,0,0.000000,0.000000,0.000000,0.000000,1.000000,0.000000,1.000000,0.000000,0.000000,0.000000
1777189310.626375,0,0.000000,0.000000,0.000000,0.000000,1.000000,0.000000,1.000000,0.000000,0.000000,0.000000
1777189310.626771,0,0.000000,0.000000,0.000000,0.000000,1.000000,0.000000,1.000000,0.000000,0.000000,0.000000
1777189310.658492,0,0.000000,0.000000,0.000000,0.000000,1.000000,0.000000,1.000000,0.000000,0.000000,0.020000
1777189310.690366,0,0.000000,0.000000,0.000000,0.000000,1.000000,0.000000,1.000000,0.000000,0.000000,0.000000
1777189310.690866,0,0.000000,0.000000,0.000000,0.000000,1.000000,0.000000,1.000000,0.000000,0.070000,0.000000
1777189310.747863,0,0.000000,0.000000,0.000000,0.000000,1.000000,0.000000,1.000000,0.000000,0.000000,0.020000
1777189310.748450,0,0.000000,0.000000,0.000000,0.000000,1.000000,0.000000,1.000000,0.000000,0.000000,0.000000
1777189310.748874,0,0.000000,0.000000,0.000000,0.000000,1.000000,0.000000,1.000000,0.000000,0.140000,0.000000
1777189310.749276,0,0.000000,0.000000,0.000000,0.000000,1.000000,0.000000,1.000000,0.000000,0.070000,0.000000
1777189310.806015,0,0.000000,0.000000,0.000000,0.000000,1.000000,0.000000,1.000000,0.000000,0.070000,0.070000
1777189310.806552,0,0.000000,0.000000,0.000000,0.000000,1.000000,0.000000,1.000000,0.000000,0.070000,0.020000
1777189310.806962,0,0.000000,0.000000,0.000000,0.000000,1.000000,0.000000,1.000000,0.000000,0.070000,0.000000
1777189310.807344,0,0.000000,0.000000,0.000000,0.000000,1.000000,0.000000,1.000000,0.000000,0.070000,0.000000
1777189310.807927,0,0.000000,0.000000,0.000000,0.000000,1.000000,0.000000,1.000000,0.000000,0.070000,0.000000
1777189310.808466,0,0.000000,0.000000,0.000000,0.000000,1.000000,0.000000,1.000000,0.000000,0.070000,0.000000
1777189310.838898,0,0.000000,0.000000,0.000000,0.000000,1.000000,0.000000,1.000000,0.000000,0.070000,0.000000
1777189310.869476,0,0.000000,0.000000,0.000000,0.000000,1.000000,0.000000,1.000000,0.000000,0.070000,0.020000
1777189310.899786,0,0.000000,0.000000,0.000000,0.000000,1.000000,0.000000,1.000000,0.000000,0.000000,0.000000
1777189310.900293,0,0.000000,0.000000,0.000000,0.000000,1.000000,0.000000,1.000000,0.000000,0.000000,0.020000
1777189310.900688,0,0.000000,0.000000,0.000000,0.000000,1.000000,0.000000,1.000000,0.000000,0.140000,0.000000
1777189310.931292,0,0.000000,0.000000,0.000000,0.000000,1.000000,0.000000,1.000000,0.000000,0.070000,0.000000
1777189310.990217,0,0.000000,0.000000,0.000000,0.000000,1.000000,0.000000,1.000000,0.000000,0.000000,0.020000
1777189310.990765,0,0.000000,0.000000,0.000000,0.000000,1.000000,0.000000,1.000000,0.000000,0.000000,0.000000
1777189310.991167,0,0.000000,0.000000,0.000000,0.000000,1.000000,0.000000,1.000000,0.000000,0.000000,0.020000
1777189310.991551,0,0.000000,0.000000,0.000000,0.000000,1.000000,0.000000,1.000000,0.000000,0.000000,0.100000
1777189311.048118,0,0.000000,0.000000,0.000000,0.000000,1.000000,0.000000,1.000000,0.000000,0.000000,0.000000
1777189311.048608,0,0.000000,0.000000,0.000000,0.000000,1.000000,0.000000,1.000000,0.000000,0.000000,0.000000
1777189311.048998,0,0.000000,0.000000,0.000000,0.000000,1.000000,0.000000,1.000000,0.000000,0.000000,0.000000
1777189311.049395,0,0.000000,0.000000,0.000000,0.000000,1.000000,0.000000,1.000000,0.000000,0.000000,0.000000
1777189311.106145,0,0.000000,0.000000,0.000000,0.000000,1.000000,0.000000,1.000000,0.000000,0.000000,0.000000
1777189311.106668,0,0.000000,0.000000,0.000000,0.000000,1.000000,0.000000,1.000000,0.000000,0.000000,0.020000
1777189311.107068,0,0.000000,0.000000,0.000000,0.000000,1.000000,0.000000,1.000000,0.000000,0.000000,0.020000
1777189311.107450,0,0.000000,0.000000,0.000000,0.000000,1.000000,0.000000,1.000000,0.000000,0.140000,0.000000
1777189311.168750,0,0.000000,0.000000,0.000000,0.000000,1.000000,0.000000,1.000000,0.000000,0.070000,0.020000
1777189311.259572,0,0.000000,0.000000,0.000000,0.000000,1.000000,0.000000,0.030000,0.000000,0.070000,0.000000
1777189311.358456,0,0.000000,0.000000,0.000000,0.000000,1.000000,0.000000,0.800000,0.000000,0.000000,0.020000
1777189311.418026,0,0.000000,0.000000,0.000000,0.000000,1.000000,0.000000,1.000000,0.000000,0.000000,0.020000
1777189311.475581,0,0.000000,0.000000,0.000000,0.000000,1.000000,0.000000,1.000000,0.000000,0.070000,0.000000
1777189311.533464,0,0.000000,0.000000,0.000000,0.000000,1.000000,0.000000,0.750000,0.000000,0.210000,0.020000
1777189311.534161,0,0.000000,0.000000,0.000000,0.000000,1.000000,0.000000,0.090000,0.000000,0.000000,0.000000
1777189311.673239,0,0.000000,0.000000,0.000000,0.000000,1.000000,0.000000,1.000000,0.000000,0.000000,0.100000
1777189311.709041,0,0.000000,0.000000,0.000000,0.000000,1.000000,0.000000,1.000000,0.000000,0.070000,0.020000
1777189311.740549,0,0.000000,0.000000,0.000000,0.000000,1.000000,0.000000,1.000000,0.000000,0.070000,0.000000
1777189311.741045,0,0.000000,0.000000,0.000000,0.000000,1.000000,0.000000,1.000000,0.000000,0.140000,0.000000
1777189311.773228,0,0.000000,0.000000,0.000000,0.000000,1.000000,0.000000,1.000000,0.000000,0.070000,0.000000
1777189311.773733,0,0.000000,0.000000,0.000000,0.000000,1.000000,0.000000,1.000000,0.000000,0.070000,0.020000
1777189311.805946,0,0.000000,0.000000,0.000000,0.000000,1.000000,0.000000,1.000000,0.000000,0.000000,0.000000
1777189311.806442,0,0.000000,0.000000,0.000000,0.000000,1.000000,0.000000,1.000000,0.000000,0.000000,0.000000
1777189311.806827,0,0.000000,0.000000,0.000000,0.000000,1.000000,0.000000,1.000000,0.000000,0.000000,0.000000
1777189311.807200,0,0.000000,0.000000,0.000000,0.000000,1.000000,0.000000,1.000000,0.000000,0.000000,0.000000
1777189311.867136,0,0.000000,0.000000,0.000000,0.000000,1.000000,0.000000,1.000000,0.000000,0.000000,0.000000
1777189311.925750,0,0.000000,0.000000,0.000000,0.000000,1.000000,0.000000,1.000000,0.000000,0.000000,0.000000
1777189311.926318,0,0.000000,0.000000,0.000000,0.000000,1.000000,0.000000,1.000000,0.000000,0.070000,0.020000
1777189311.926750,0,0.000000,0.000000,0.000000,0.000000,1.000000,0.000000,1.000000,0.000000,0.070000,0.000000
1777189311.927149,0,0.000000,0.000000,0.000000,0.000000,1.000000,0.000000,0.510000,0.000000,0.070000,0.000000
1777189311.927561,0,0.000000,0.000000,0.000000,0.000000,1.000000,0.000000,1.000000,0.000000,0.070000,0.000000
1777189311.986305,0,0.000000,0.000000,0.000000,0.000000,1.000000,0.000000,1.000000,0.000000,0.070000,0.000000
1777189311.986867,0,0.000000,0.000000,0.000000,0.000000,1.000000,0.000000,1.000000,0.000000,0.000000,0.100000
1777189311.987290,0,0.000000,0.000000,0.000000,0.000000,1.000000,0.000000,1.000000,0.000000,0.000000,0.000000
1777189311.987844,0,0.000000,0.000000,0.000000,0.000000,1.000000,0.000000,1.000000,0.000000,0.140000,0.070000
1777189311.988271,0,0.000000,0.000000,0.000000,0.000000,1.000000,0.000000,1.000000,0.000000,0.140000,0.000000
1777189311.988688,0,0.000000,0.000000,0.000000,0.000000,1.000000,0.000000,1.000000,0.000000,0.000000,0.070000
1777189312.048279,0,0.000000,0.000000,0.000000,0.000000,1.000000,0.000000,0.410000,0.000000,0.070000,0.000000
1777189312.048816,0,0.000000,0.000000,0.000000,0.000000,1.000000,0.000000,1.000000,0.000000,0.000000,0.020000
1777189312.107883,0,0.000000,0.000000,0.000000,0.000000,1.000000,0.000000,1.000000,0.000000,0.000000,0.020000
1777189312.108443,0,0.000000,0.000000,0.000000,0.000000,1.000000,0.000000,1.000000,0.000000,0.070000,0.020000
1777189312.108856,0,0.000000,0.000000,0.000000,0.000000,1.000000,0.000000,1.000000,0.000000,0.000000,0.020000
1777189312.109239,0,0.000000,0.000000,0.000000,0.000000,1.000000,0.000000,1.000000,0.000000,0.000000,0.000000
1777189312.109791,0,0.000000,0.000000,0.000000,0.000000,1.000000,0.000000,1.000000,0.000000,0.000000,0.000000
1777189312.169394,0,0.000000,0.000000,0.000000,0.000000,1.000000,0.000000,0.100000,0.000000,0.070000,0.150000
1777189312.169914,0,0.000000,0.000000,0.000000,0.000000,0.020000,0.000000,0.850000,0.000000,0.000000,0.000000
1777189312.170480,0,0.000000,0.000000,0.000000,0.000000,0.070000,0.000000,1.000000,0.000000,0.000000,0.020000
1777189312.170880,0,0.000000,0.000000,0.000000,0.000000,0.110000,0.000000,1.000000,0.000000,0.000000,0.000000
1777189312.228710,0,0.000000,0.000000,0.000000,0.000000,0.150000,0.000000,1.000000,0.000000,0.000000,0.000000
1777189312.229642,0,0.000000,0.000000,0.000000,0.000000,0.200000,0.000000,1.000000,0.000000,0.000000,0.000000
1777189312.230112,0,0.000000,0.000000,0.000000,0.000000,0.250000,0.000000,1.000000,0.000000,0.070000,0.020000
1777189312.296398,0,0.000000,0.000000,0.000000,0.000000,0.300000,0.000000,1.000000,0.000000,0.000000,0.020000
1777189312.296927,0,0.000000,0.000000,0.000000,0.000000,0.340000,0.000000,1.000000,0.000000,0.000000,0.000000
1777189312.297341,0,0.000000,0.000000,0.000000,0.000000,0.400000,0.000000,1.000000,0.000000,0.000000,0.070000
1777189312.297749,0,0.000000,0.000000,0.000000,0.000000,0.440000,0.000000,1.000000,0.000000,0.000000,0.020000
1777189312.298310,0,0.000000,0.000000,0.000000,0.000000,0.490000,0.000000,1.000000,0.000000,0.070000,0.020000
1777189312.357125,0,0.000000,0.000000,0.000000,0.000000,0.540000,0.000000,1.000000,0.000000,0.000000,0.000000
1777189312.357623,0,0.000000,0.000000,0.000000,0.000000,0.570000,0.000000,1.000000,0.000000,0.000000,0.100000
1777189312.358174,0,0.000000,0.000000,0.000000,0.000000,0.620000,0.000000,1.000000,0.000000,0.000000,0.000000
1777189312.358606,0,0.000000,0.000000,0.000000,0.000000,0.670000,0.000000,1.000000,0.000000,0.070000,0.070000
1777189312.416197,0,0.000000,0.000000,0.000000,0.000000,0.720000,0.000000,1.000000,0.000000,0.070000,0.000000
1777189312.416770,0,0.000000,0.000000,0.000000,0.000000,0.750000,0.000000,1.000000,0.000000,0.070000,0.020000
1777189312.417214,0,0.000000,0.000000,0.000000,0.000000,0.810000,0.000000,0.100000,0.000000,0.140000,0.000000
1777189312.417616,0,0.000000,0.000000,0.000000,0.000000,0.860000,0.000000,0.850000,0.000000,0.070000,0.070000
1777189312.475525,0,0.000000,0.000000,0.000000,0.000000,0.010000,0.000000,1.000000,0.000000,0.000000,0.000000
1777189312.476054,0,0.000000,0.000000,0.000000,0.000000,0.070000,0.000000,1.000000,0.000000,0.000000,0.000000
1777189312.476656,0,0.000000,0.000000,0.000000,0.000000,0.100000,0.000000,1.000000,0.000000,0.070000,0.000000
1777189312.535994,0,0.000000,0.000000,0.000000,0.000000,0.150000,0.000000,1.000000,0.000000,0.000000,0.000000
1777189312.536525,0,0.000000,0.000000,0.000000,0.000000,0.200000,0.000000,1.000000,0.000000,0.070000,0.020000
1777189312.537105,0,0.000000,0.000000,0.000000,0.000000,0.250000,0.000000,1.000000,0.000000,0.000000,0.020000
1777189312.537534,0,0.000000,0.000000,0.000000,0.000000,0.280000,0.000000,1.000000,0.000000,0.000000,0.020000
1777189312.537964,0,0.000000,0.000000,0.000000,0.000000,0.330000,0.000000,0.640000,0.000000,0.000000,0.000000
1777189312.596856,0,0.000000,0.000000,0.000000,0.000000,0.370000,0.000000,1.000000,0.000000,0.000000,0.000000
1777189312.597373,0,0.000000,0.000000,0.000000,0.000000,0.430000,0.000000,1.000000,0.000000,0.000000,0.000000
1777189312.597929,0,0.000000,0.000000,0.000000,0.000000,0.460000,0.000000,1.000000,0.000000,0.000000,0.000000
1777189312.598342,0,0.000000,0.000000,0.000000,0.000000,0.510000,0.000000,1.000000,0.000000,0.000000,0.020000
1777189312.656013,0,0.000000,0.000000,0.000000,0.000000,0.560000,0.000000,1.000000,0.000000,0.070000,0.000000
1777189312.656539,0,0.000000,0.000000,0.000000,0.000000,0.610000,0.000000,1.000000,0.000000,0.000000,0.020000
1777189312.657094,0,0.000000,0.000000,0.000000,0.000000,0.640000,0.000000,1.000000,0.000000,0.000000,0.210000
1777189312.714595,0,0.000000,0.000000,0.000000,0.000000,0.690000,0.000000,1.000000,0.000000,0.000000,0.150000
1777189312.715119,0,0.000000,0.000000,0.000000,0.000000,0.740000,0.000000,1.000000,0.000000,0.070000,0.070000
1777189312.715523,0,0.000000,0.000000,0.000000,0.000000,0.770000,0.000000,0.250000,0.000000,0.070000,0.020000
1777189312.716058,0,0.000000,0.000000,0.000000,0.000000,0.820000,0.000000,1.000000,0.000000,0.000000,0.000000
1777189312.773864,0,0.000000,0.000000,0.000000,0.000000,0.870000,0.000000,1.000000,0.000000,0.000000,0.020000
1777189312.774585,0,0.000000,0.000000,0.000000,0.000000,0.920000,0.000000,1.000000,0.000000,0.000000,0.000000
1777189312.775021,0,0.000000,0.000000,0.000000,0.000000,0.970000,0.000000,0.050000,0.000000,0.000000,0.150000
1777189312.775418,0,0.000000,0.000000,0.000000,0.000000,1.000000,0.000000,0.430000,0.000000,0.000000,0.020000
1777189312.833456,0,0.000000,0.000000,0.000000,0.000000,1.000000,0.000000,0.200000,0.000000,0.070000,0.000000
1777189312.833992,0,0.000000,0.000000,0.000000,0.000000,1.000000,0.000000,0.670000,0.000000,0.000000,0.000000
1777189312.834394,0,0.000000,0.000000,0.000000,0.000000,1.000000,0.000000,1.000000,0.000000,0.000000,0.000000
1777189312.834789,0,0.000000,0.000000,0.000000,0.000000,1.000000,0.000000,1.000000,0.000000,0.070000,0.000000
1777189312.893568,0,0.000000,0.000000,0.000000,0.000000,1.000000,0.000000,1.000000,0.000000,0.000000,0.000000
1777189312.894100,0,0.000000,0.000000,0.000000,0.000000,1.000000,0.000000,1.000000,0.000000,0.000000,0.020000
1777189312.894506,0,0.000000,0.000000,0.000000,0.000000,1.000000,0.000000,1.000000,0.000000,0.000000,0.000000
1777189312.895259,0,0.000000,0.000000,0.000000,0.000000,1.000000,0.000000,1.000000,0.000000,0.070000,0.020000
1777189312.953342,0,0.000000,0.000000,0.000000,0.000000,1.000000,0.000000,1.000000,0.000000,0.000000,0.020000
1777189312.953906,0,0.000000,0.000000,0.000000,0.000000,1.000000,0.000000,1.000000,0.000000,0.000000,0.000000
1777189312.954320,0,0.000000,0.000000,0.000000,0.000000,1.000000,0.000000,0.000000,0.000000,0.000000,0.370000
1777189313.011537,0,0.000000,0.000000,0.000000,0.000000,1.000000,0.000000,0.430000,0.000000,0.000000,0.000000
1777189313.012085,0,0.000000,0.000000,0.000000,0.000000,1.000000,0.000000,0.870000,0.000000,0.000000,0.000000
1777189313.044418,0,0.000000,0.000000,0.000000,0.000000,1.000000,0.000000,1.000000,0.000000,0.000000,0.000000
1777189313.077660,0,0.000000,0.000000,0.000000,0.000000,1.000000,0.000000,0.020000,0.000000,0.070000,0.000000
1777189313.078186,0,0.000000,0.000000,0.000000,0.000000,1.000000,0.000000,0.000000,0.000000,0.070000,0.410000
1777189313.078589,0,0.000000,0.000000,0.000000,0.000000,1.000000,0.000000,0.470000,0.000000,0.000000,0.020000
1777189313.111044,0,0.000000,0.000000,0.000000,0.000000,1.000000,0.000000,0.200000,0.000000,0.070000,0.020000
1777189313.111542,0,0.000000,0.000000,0.000000,0.000000,1.000000,0.000000,0.660000,0.000000,0.000000,0.000000
1777189313.112203,0,0.000000,0.000000,0.000000,0.000000,1.000000,0.000000,1.000000,0.000000,0.000000,0.100000
1777189313.144013,0,0.000000,0.000000,0.000000,0.000000,1.000000,0.000000,1.000000,0.000000,0.000000,0.000000
1777189313.144538,0,0.000000,0.000000,0.000000,0.000000,1.000000,0.000000,1.000000,0.000000,0.000000,0.020000
1777189313.144956,0,0.000000,0.000000,0.000000,0.000000,1.000000,0.000000,1.000000,0.000000,0.000000,0.210000
1777189313.176605,0,0.000000,0.000000,0.000000,0.000000,1.000000,0.000000,1.000000,0.000000,0.000000,0.000000
1777189313.177128,0,0.000000,0.000000,0.000000,0.000000,1.000000,0.000000,1.000000,0.000000,0.000000,0.000000
1777189313.236473,0,0.000000,0.000000,0.000000,0.000000,1.000000,0.000000,1.000000,0.000000,0.070000,0.000000
1777189313.237002,0,0.000000,0.000000,0.000000,0.000000,1.000000,0.000000,1.000000,0.000000,0.000000,0.020000
1777189313.237618,0,0.000000,0.000000,0.000000,0.000000,1.000000,0.000000,1.000000,0.000000,0.070000,0.000000
1777189313.238190,0,0.000000,0.000000,0.000000,0.000000,1.000000,0.000000,1.000000,0.000000,0.000000,0.020000
1777189313.238917,0,0.000000,0.000000,0.000000,0.000000,1.000000,0.000000,0.000000,0.000000,0.000000,0.520000
1777189313.270259,0,0.000000,0.000000,0.000000,0.000000,1.000000,0.000000,0.100000,0.000000,0.140000,0.000000
1777189313.306383,0,0.000000,0.000000,0.000000,0.000000,1.000000,0.000000,0.930000,0.000000,0.000000,0.000000
1777189313.340062,0,0.000000,0.000000,0.000000,0.000000,1.000000,0.000000,1.000000,0.000000,0.070000,0.020000
1777189313.340576,0,0.000000,0.000000,0.000000,0.000000,1.000000,0.000000,1.000000,0.000000,0.070000,0.020000
1777189313.340976,0,0.000000,0.000000,0.000000,0.000000,1.000000,0.000000,1.000000,0.000000,0.000000,0.020000
1777189313.372894,0,0.000000,0.000000,0.000000,0.000000,1.000000,0.000000,1.000000,0.000000,0.070000,0.020000
1777189313.373880,0,0.000000,0.000000,0.000000,0.000000,1.000000,0.000000,1.000000,0.000000,0.070000,0.000000
1777189313.406403,0,0.000000,0.000000,0.000000,0.000000,1.000000,0.000000,1.000000,0.000000,0.000000,0.100000
1777189313.406914,0,0.000000,0.000000,0.000000,0.000000,1.000000,0.000000,1.000000,0.000000,0.000000,0.000000
1777189313.407310,0,0.000000,0.000000,0.000000,0.000000,1.000000,0.000000,1.000000,0.000000,0.000000,0.000000
1777189313.439837,0,0.000000,0.000000,0.000000,0.000000,1.000000,0.000000,1.000000,0.000000,0.070000,0.070000
1777189313.440348,0,0.000000,0.000000,0.000000,0.000000,1.000000,0.000000,1.000000,0.000000,0.210000,0.000000
1777189313.472527,0,0.000000,0.000000,0.000000,0.000000,1.000000,0.000000,1.000000,0.000000,0.000000,0.000000
1777189313.473025,0,0.000000,0.000000,0.000000,0.000000,1.000000,0.000000,0.230000,0.000000,0.140000,0.000000
1777189313.505005,0,0.000000,0.000000,0.000000,0.000000,1.000000,0.000000,1.000000,0.000000,0.000000,0.100000
1777189313.505572,0,0.000000,0.000000,0.000000,0.000000,1.000000,0.000000,1.000000,0.000000,0.000000,0.020000
1777189313.537188,0,0.000000,0.000000,0.000000,0.000000,1.000000,0.000000,1.000000,0.000000,0.140000,0.020000
1777189313.537729,0,0.000000,0.000000,0.000000,0.000000,1.000000,0.000000,1.000000,0.000000,0.000000,0.000000
1777189313.599836,0,0.000000,0.000000,0.000000,0.000000,1.000000,0.000000,1.000000,0.000000,0.070000,0.000000
1777189313.600353,0,0.000000,0.000000,0.000000,0.000000,1.000000,0.000000,1.000000,0.000000,0.000000,0.000000
1777189313.600755,0,0.000000,0.000000,0.000000,0.000000,1.000000,0.000000,1.000000,0.000000,0.070000,0.000000
1777189313.601605,0,0.000000,0.000000,0.000000,0.000000,1.000000,0.000000,1.000000,0.000000,0.000000,0.000000
1777189313.602040,0,0.000000,0.000000,0.000000,0.000000,1.000000,0.000000,0.100000,0.000000,0.000000,0.000000
1777189313.602438,0,0.000000,0.000000,0.000000,0.000000,1.000000,0.000000,1.000000,0.000000,0.000000,0.070000
1777189313.602813,0,0.000000,0.000000,0.000000,0.000000,1.000000,0.000000,1.000000,0.000000,0.000000,0.000000
1777189313.661156,0,0.000000,0.000000,0.000000,0.000000,1.000000,0.000000,1.000000,0.000000,0.000000,0.000000
1777189313.661658,0,0.000000,0.000000,0.000000,0.000000,1.000000,0.000000,1.000000,0.000000,0.000000,0.000000
1777189313.662357,0,0.000000,0.000000,0.000000,0.000000,1.000000,0.000000,1.000000,0.000000,0.070000,0.000000
1777189313.662789,0,0.000000,0.000000,0.000000,0.000000,1.000000,0.000000,0.170000,0.000000,0.070000,0.020000
1777189313.721345,0,0.000000,0.000000,0.000000,0.000000,1.000000,0.000000,1.000000,0.000000,0.070000,0.000000
1777189313.721848,0,0.000000,0.000000,0.000000,0.000000,1.000000,0.000000,1.000000,0.000000,0.070000,0.020000
1777189313.722241,0,0.000000,0.000000,0.000000,0.000000,1.000000,0.000000,1.000000,0.000000,0.140000,0.000000
1777189313.722622,0,0.000000,0.000000,0.000000,0.000000,1.000000,0.000000,1.000000,0.000000,0.000000,0.000000
1777189313.781059,0,0.000000,0.000000,0.000000,0.000000,1.000000,0.000000,1.000000,0.000000,0.070000,0.150000
1777189313.781586,0,0.000000,0.000000,0.000000,0.000000,1.000000,0.000000,1.000000,0.000000,0.000000,0.000000
1777189313.782303,0,0.000000,0.000000,0.000000,0.000000,1.000000,0.000000,1.000000,0.000000,0.000000,0.020000
1777189313.782724,0,0.000000,0.000000,0.000000,0.000000,1.000000,0.000000,1.000000,0.000000,0.070000,0.020000
1777189313.840979,0,0.000000,0.000000,0.000000,0.000000,1.000000,0.000000,1.000000,0.000000,0.140000,0.100000
1777189313.841695,0,0.000000,0.000000,0.000000,0.000000,1.000000,0.000000,1.000000,0.000000,0.070000,0.000000
1777189313.842167,0,0.000000,0.000000,0.000000,0.000000,1.000000,0.000000,1.000000,0.000000,0.070000,0.150000
1777189313.900287,0,0.000000,0.000000,0.000000,0.000000,1.000000,0.000000,1.000000,0.000000,0.000000,0.000000
1777189313.900976,0,0.000000,0.000000,0.000000,0.000000,1.000000,0.000000,1.000000,0.000000,0.000000,0.100000
1777189313.901400,0,0.000000,0.000000,0.000000,0.000000,1.000000,0.000000,1.000000,0.000000,0.000000,0.020000
1777189313.901795,0,0.000000,0.000000,0.000000,0.000000,1.000000,0.000000,1.000000,0.000000,0.000000,0.000000
1777189313.961570,0,0.000000,0.000000,0.000000,0.000000,1.000000,0.000000,1.000000,0.000000,0.070000,0.020000
1777189313.962101,0,0.000000,0.000000,0.000000,0.000000,1.000000,0.000000,1.000000,0.000000,0.070000,0.000000
1777189313.962711,0,0.000000,0.000000,0.000000,0.000000,1.000000,0.000000,1.000000,0.000000,0.070000,0.000000
1777189313.963168,0,0.000000,0.000000,0.000000,0.000000,1.000000,0.000000,1.000000,0.000000,0.070000,0.000000
1777189314.021610,0,0.000000,0.000000,0.000000,0.000000,1.000000,0.000000,1.000000,0.000000,0.000000,0.020000
1777189314.022152,0,0.000000,0.000000,0.000000,0.000000,1.000000,0.000000,1.000000,0.000000,0.000000,0.000000
1777189314.022815,0,0.000000,0.000000,0.000000,0.000000,1.000000,0.000000,1.000000,0.000000,0.000000,0.000000
1777189314.023251,0,0.000000,0.000000,0.000000,0.000000,1.000000,0.000000,1.000000,0.000000,0.070000,0.000000
1777189314.081752,0,0.000000,0.000000,0.000000,0.000000,1.000000,0.000000,1.000000,0.000000,0.000000,0.070000
1777189314.082282,0,0.000000,0.000000,0.000000,0.000000,1.000000,0.000000,1.000000,0.000000,0.070000,0.000000
1777189314.115109,0,0.000000,0.000000,0.000000,0.000000,1.000000,0.000000,1.000000,0.000000,0.000000,0.000000
1777189314.146950,0,0.000000,0.000000,0.000000,0.000000,1.000000,0.000000,1.000000,0.000000,0.140000,0.000000
1777189314.147446,0,0.000000,0.000000,0.000000,0.000000,1.000000,0.000000,1.000000,0.000000,0.070000,0.070000
1777189314.147861,0,0.000000,0.000000,0.000000,0.000000,1.000000,0.000000,1.000000,0.000000,0.070000,0.000000
1777189314.179779,0,0.000000,0.000000,0.000000,0.000000,1.000000,0.000000,1.000000,0.000000,0.070000,0.020000
1777189314.180293,0,0.000000,0.000000,0.000000,0.000000,1.000000,0.000000,1.000000,0.000000,0.000000,0.000000
1777189314.180709,0,0.000000,0.000000,0.000000,0.000000,1.000000,0.000000,1.000000,0.000000,0.210000,0.000000
1777189314.213863,0,0.000000,0.000000,0.000000,0.000000,1.000000,0.000000,0.050000,0.000000,0.000000,0.000000
1777189314.245748,0,0.000000,0.000000,0.000000,0.000000,1.000000,0.000000,1.000000,0.000000,0.000000,0.000000
1777189314.246278,0,0.000000,0.000000,0.000000,0.000000,1.000000,0.000000,1.000000,0.000000,0.000000,0.000000
1777189314.246668,0,0.000000,0.000000,0.000000,0.000000,1.000000,0.000000,1.000000,0.000000,0.070000,0.000000
1777189314.284631,0,0.000000,0.000000,0.000000,0.000000,1.000000,0.000000,1.000000,0.000000,0.000000,0.000000
1777189314.321802,0,0.000000,0.000000,0.000000,0.000000,1.000000,0.000000,1.000000,0.000000,0.070000,0.000000
1777189314.322352,0,0.000000,0.000000,0.000000,0.000000,1.000000,0.000000,1.000000,0.000000,0.070000,0.020000
1777189314.322746,0,0.000000,0.000000,0.000000,0.000000,1.000000,0.000000,1.000000,0.000000,0.000000,0.020000
1777189314.356903,0,0.000000,0.000000,0.000000,0.000000,1.000000,0.000000,1.000000,0.000000,0.000000,0.000000
1777189314.357398,0,0.000000,0.000000,0.000000,0.000000,1.000000,0.000000,1.000000,0.000000,0.070000,0.020000
1777189314.357957,0,0.000000,0.000000,0.000000,0.000000,1.000000,0.000000,1.000000,0.000000,0.000000,0.000000
1777189314.388801,0,0.000000,0.000000,0.000000,0.000000,1.000000,0.000000,0.610000,0.000000,0.070000,0.020000
1777189314.420952,0,0.000000,0.000000,0.000000,0.000000,1.000000,0.000000,1.000000,0.000000,0.070000,0.000000
1777189314.453285,0,0.000000,0.000000,0.000000,0.000000,1.000000,0.000000,1.000000,0.000000,0.000000,0.070000
1777189314.454007,0,0.000000,0.000000,0.000000,0.000000,1.000000,0.000000,0.750000,0.000000,0.140000,0.000000
1777189314.454602,0,0.000000,0.000000,0.000000,0.000000,1.000000,0.000000,1.000000,0.000000,0.000000,0.020000
1777189314.487181,0,0.000000,0.000000,0.000000,0.000000,1.000000,0.000000,1.000000,0.000000,0.000000,0.000000
1777189314.487687,0,0.000000,0.000000,0.000000,0.000000,1.000000,0.000000,1.000000,0.000000,0.000000,0.000000
1777189314.488080,0,0.000000,0.000000,0.000000,0.000000,1.000000,0.000000,1.000000,0.000000,0.000000,0.020000
1777189314.488540,0,0.000000,0.000000,0.000000,0.000000,1.000000,0.000000,0.070000,0.000000,0.000000,0.000000
1777189314.523669,0,0.000000,0.000000,0.000000,0.000000,1.000000,0.000000,1.000000,0.000000,0.070000,0.020000
1777189314.555963,0,0.000000,0.000000,0.000000,0.000000,1.000000,0.000000,1.000000,0.000000,0.070000,0.000000
1777189314.556507,0,0.000000,0.000000,0.000000,0.000000,1.000000,0.000000,1.000000,0.000000,0.000000,0.000000
1777189314.556920,0,0.000000,0.000000,0.000000,0.000000,0.000000,0.000000,1.000000,0.000000,0.000000,0.000000
1777189314.589911,0,0.000000,0.000000,0.000000,0.000000,0.030000,0.000000,1.000000,0.000000,0.000000,0.000000
1777189314.590433,0,0.000000,0.000000,0.000000,0.000000,0.090000,0.000000,1.000000,0.000000,0.000000,0.000000
1777189314.622016,0,0.000000,0.000000,0.000000,0.000000,0.120000,0.000000,0.680000,0.000000,0.000000,0.020000
1777189314.622525,0,0.000000,0.000000,0.000000,0.000000,0.180000,0.000000,1.000000,0.000000,0.210000,0.000000
1777189314.656334,0,0.000000,0.000000,0.000000,0.000000,0.210000,0.000000,1.000000,0.000000,0.000000,0.000000
1777189314.656991,0,0.000000,0.000000,0.000000,0.000000,0.270000,0.000000,1.000000,0.000000,0.000000,0.000000
1777189314.688882,0,0.000000,0.000000,0.000000,0.000000,0.310000,0.000000,1.000000,0.000000,0.000000,0.000000
1777189314.689387,0,0.000000,0.000000,0.000000,0.000000,0.360000,0.000000,1.000000,0.000000,0.070000,0.020000
1777189314.721093,0,0.000000,0.000000,0.000000,0.000000,0.400000,0.000000,1.000000,0.000000,0.000000,0.000000
1777189314.721592,0,0.000000,0.000000,0.000000,0.000000,0.440000,0.000000,1.000000,0.000000,0.070000,0.000000
1777189314.754083,0,0.000000,0.000000,0.000000,0.000000,0.490000,0.000000,1.000000,0.000000,0.000000,0.000000
1777189314.755707,0,0.000000,0.000000,0.000000,0.000000,0.510000,0.000000,1.000000,0.000000,0.000000,0.000000
1777189314.787420,0,0.000000,0.000000,0.000000,0.000000,0.560000,0.000000,1.000000,0.000000,0.070000,0.000000
1777189314.787932,0,0.000000,0.000000,0.000000,0.000000,0.610000,0.000000,1.000000,0.000000,0.000000,0.000000
1777189314.788329,0,0.000000,0.000000,0.000000,0.000000,0.640000,0.000000,1.000000,0.000000,0.070000,0.000000
1777189314.824475,0,0.000000,0.000000,0.000000,0.000000,0.690000,0.000000,1.000000,0.000000,0.000000,0.070000
1777189314.824979,0,0.000000,0.000000,0.000000,0.000000,0.750000,0.000000,1.000000,0.000000,0.070000,0.000000
1777189314.842586,0,0.000000,0.000000,0.000000,0.000000,0.790000,0.000000,1.000000,0.000000,0.000000,0.000000
1777189314.843174,0,0.000000,0.000000,0.000000,0.000000,0.830000,0.000000,1.000000,0.000000,0.000000,0.020000
1777189314.858441,0,0.000000,0.000000,0.000000,0.000000,0.870000,0.000000,1.000000,0.000000,0.000000,0.100000
1777189314.866411,0,0.000000,0.000000,0.000000,0.000000,0.920000,0.000000,1.000000,0.000000,0.000000,0.000000
1777189314.889661,0,0.000000,0.000000,0.000000,0.000000,0.970000,0.000000,1.000000,0.000000,0.070000,0.020000
1777189314.891942,0,0.000000,0.000000,0.000000,0.000000,1.000000,0.000000,1.000000,0.000000,0.070000,0.000000
1777189314.893050,0,0.000000,0.000000,0.000000,0.000000,1.000000,0.000000,1.000000,0.000000,0.000000,0.020000
1777189314.896546,0,0.000000,0.000000,0.000000,0.000000,1.000000,0.000000,0.070000,0.000000,0.070000,0.070000
1777189314.928681,0,0.000000,0.000000,0.000000,0.000000,1.000000,0.000000,0.000000,0.000000,0.070000,0.250000
1777189314.930848,0,0.000000,0.000000,0.000000,0.000000,1.000000,0.000000,1.000000,0.000000,0.070000,0.070000
1777189314.942865,0,0.000000,0.000000,0.000000,0.000000,1.000000,0.000000,1.000000,0.000000,0.070000,0.000000
1777189314.972335,0,0.000000,0.000000,0.000000,0.000000,1.000000,0.000000,0.360000,0.000000,0.000000,0.000000
1777189314.988382,0,0.000000,0.000000,0.000000,0.000000,1.000000,0.000000,1.000000,0.000000,0.070000,0.100000
1777189314.990254,0,0.000000,0.000000,0.000000,0.000000,1.000000,0.000000,1.000000,0.000000,0.070000,0.000000
1777189315.010617,0,0.000000,0.000000,0.000000,0.000000,1.000000,0.000000,1.000000,0.000000,0.000000,0.000000
1777189315.018138,0,0.000000,0.000000,0.000000,0.000000,1.000000,0.000000,1.000000,0.000000,0.000000,0.000000
1777189315.041333,0,0.000000,0.000000,0.000000,0.000000,1.000000,0.000000,1.000000,0.000000,0.000000,0.070000
1777189315.047503,0,0.000000,0.000000,0.000000,0.000000,1.000000,0.000000,1.000000,0.000000,0.070000,0.020000
1777189315.077856,0,0.000000,0.000000,0.000000,0.000000,1.000000,0.000000,1.000000,0.000000,0.000000,0.000000
1777189315.085144,0,0.000000,0.000000,0.000000,0.000000,1.000000,0.000000,0.810000,0.000000,0.000000,0.000000
1777189315.094839,0,0.000000,0.000000,0.000000,0.000000,1.000000,0.000000,1.000000,0.000000,0.070000,0.000000
1777189315.107357,0,0.000000,0.000000,0.000000,0.000000,1.000000,0.000000,1.000000,0.000000,0.070000,0.000000
1777189315.121445,0,0.000000,0.000000,0.000000,0.000000,1.000000,0.000000,1.000000,0.000000,0.000000,0.020000
1777189315.137458,0,0.000000,0.000000,0.000000,0.000000,1.000000,0.000000,1.000000,0.000000,0.000000,0.000000
1777189315.168319,0,0.000000,0.000000,0.000000,0.000000,1.000000,0.000000,1.000000,0.000000,0.070000,0.000000
1777189315.170502,0,0.000000,0.000000,0.000000,0.000000,1.000000,0.000000,0.360000,0.000000,0.000000,0.020000
1777189315.199382,0,0.000000,0.000000,0.000000,0.000000,1.000000,0.000000,0.620000,0.000000,0.000000,0.000000
1777189315.201236,0,0.000000,0.000000,0.000000,0.000000,1.000000,0.000000,1.000000,0.000000,0.070000,0.000000
1777189315.212258,0,0.000000,0.000000,0.000000,0.000000,1.000000,0.000000,1.000000,0.000000,0.000000,0.210000
1777189315.236151,0,0.000000,0.000000,0.000000,0.000000,1.000000,0.000000,1.000000,0.000000,0.000000,0.000000
1777189315.258844,0,0.000000,0.000000,0.000000,0.000000,1.000000,0.000000,1.000000,0.000000,0.070000,0.000000
1777189315.261214,0,0.000000,0.000000,0.000000,0.000000,1.000000,0.000000,1.000000,0.000000,0.000000,0.020000
1777189315.272716,0,0.000000,0.000000,0.000000,0.000000,1.000000,0.000000,1.000000,0.000000,0.000000,0.000000
1777189315.286309,0,0.000000,0.000000,0.000000,0.000000,1.000000,0.000000,1.000000,0.000000,0.070000,0.000000
1777189315.311319,0,0.000000,0.000000,0.000000,0.000000,1.000000,0.000000,1.000000,0.000000,0.070000,0.000000
1777189315.324345,0,0.000000,0.000000,0.000000,0.000000,1.000000,0.000000,1.000000,0.000000,0.070000,0.000000
1777189315.339215,0,0.000000,0.000000,0.000000,0.000000,1.000000,0.000000,1.000000,0.000000,0.000000,0.000000
1777189315.362015,0,0.000000,0.000000,0.000000,0.000000,1.000000,0.000000,1.000000,0.000000,0.070000,0.000000
1777189315.370126,0,0.000000,0.000000,0.000000,0.000000,1.000000,0.000000,1.000000,0.000000,0.000000,0.000000
1777189315.384552,0,0.000000,0.000000,0.000000,0.000000,1.000000,0.000000,1.000000,0.000000,0.070000,0.000000
1777189315.415017,0,0.000000,0.000000,0.000000,0.000000,1.000000,0.000000,1.000000,0.000000,0.000000,0.000000
1777189315.416881,0,0.000000,0.000000,0.000000,0.000000,1.000000,0.000000,1.000000,0.000000,0.000000,0.000000
1777189315.436591,0,0.000000,0.000000,0.000000,0.000000,1.000000,0.000000,1.000000,0.000000,0.000000,0.000000
1777189315.460297,0,0.000000,0.000000,0.000000,0.000000,1.000000,0.000000,1.000000,0.000000,0.000000,0.020000
1777189315.461873,0,0.000000,0.000000,0.000000,0.000000,1.000000,0.000000,1.000000,0.000000,0.000000,0.000000
1777189315.481996,0,0.000000,0.000000,0.000000,0.000000,1.000000,0.000000,1.000000,0.000000,0.000000,0.020000
1777189315.490280,0,0.000000,0.000000,0.000000,0.000000,1.000000,0.000000,1.000000,0.000000,0.070000,0.020000
1777189315.513193,0,0.000000,0.000000,0.000000,0.000000,1.000000,0.000000,1.000000,0.000000,0.140000,0.020000
1777189315.542676,0,0.000000,0.000000,0.000000,0.000000,1.000000,0.000000,1.000000,0.000000,0.000000,0.000000
1777189315.544765,0,0.000000,0.000000,0.000000,0.000000,1.000000,0.000000,1.000000,0.000000,0.070000,0.000000
1777189315.558014,0,0.000000,0.000000,0.000000,0.000000,1.000000,0.000000,1.000000,0.000000,0.000000,0.000000
1777189315.563977,0,0.000000,0.000000,0.000000,0.000000,1.000000,0.000000,0.270000,0.000000,0.000000,0.000000
1777189315.580357,0,0.000000,0.000000,0.000000,0.000000,1.000000,0.000000,1.000000,0.000000,0.000000,0.000000
1777189315.610393,0,0.000000,0.000000,0.000000,0.000000,1.000000,0.000000,1.000000,0.000000,0.140000,0.070000
1777189315.618170,0,0.000000,0.000000,0.000000,0.000000,1.000000,0.000000,1.000000,0.000000,0.000000,0.020000
1777189315.628242,0,0.000000,0.000000,0.000000,0.000000,1.000000,0.000000,1.000000,0.000000,0.070000,0.000000
1777189315.654985,0,0.000000,0.000000,0.000000,0.000000,1.000000,0.000000,1.000000,0.000000,0.000000,0.000000
1777189315.669145,0,0.000000,0.000000,0.000000,0.000000,1.000000,0.000000,1.000000,0.000000,0.000000,0.000000
1777189315.685350,0,0.000000,0.000000,0.000000,0.000000,1.000000,0.000000,1.000000,0.000000,0.000000,0.070000
1777189315.700086,0,0.000000,0.000000,0.000000,0.000000,1.000000,0.000000,0.440000,0.000000,0.000000,0.000000
1777189315.707431,0,0.000000,0.000000,0.000000,0.000000,1.000000,0.000000,1.000000,0.000000,0.000000,0.070000
1777189315.730904,0,0.000000,0.000000,0.000000,0.000000,1.000000,0.000000,1.000000,0.000000,0.000000,0.000000
1777189315.737155,0,0.000000,0.000000,0.000000,0.000000,1.000000,0.000000,1.000000,0.000000,0.000000,0.070000
1777189315.753521,0,0.000000,0.000000,0.000000,0.000000,1.000000,0.000000,1.000000,0.000000,0.070000,0.000000
1777189315.776006,0,0.000000,0.000000,0.000000,0.000000,1.000000,0.000000,1.000000,0.000000,0.070000,0.000000
1777189315.788850,0,0.000000,0.000000,0.000000,0.000000,1.000000,0.000000,1.000000,0.000000,0.000000,0.020000
1777189315.797421,0,0.000000,0.000000,0.000000,0.000000,1.000000,0.000000,1.000000,0.000000,0.000000,0.000000
1777189315.828871,0,0.000000,0.000000,0.000000,0.000000,1.000000,0.000000,1.000000,0.000000,0.070000,0.000000
1777189315.831174,0,0.000000,0.000000,0.000000,0.000000,1.000000,0.000000,1.000000,0.000000,0.000000,0.000000
1777189315.842971,0,0.000000,0.000000,0.000000,0.000000,1.000000,0.000000,1.000000,0.000000,0.070000,0.180000
1777189315.865800,0,0.000000,0.000000,0.000000,0.000000,1.000000,0.000000,1.000000,0.000000,0.070000,0.000000
1777189315.872622,0,0.000000,0.000000,0.000000,0.000000,1.000000,0.000000,1.000000,0.000000,0.070000,0.020000
1777189315.887681,0,0.000000,0.000000,0.000000,0.000000,1.000000,0.000000,1.000000,0.000000,0.000000,0.020000
1777189315.911554,0,0.000000,0.000000,0.000000,0.000000,1.000000,0.000000,1.000000,0.000000,0.000000,0.020000
1777189315.925050,0,0.000000,0.000000,0.000000,0.000000,1.000000,0.000000,1.000000,0.000000,0.000000,0.000000
1777189315.932588,0,0.000000,0.000000,0.000000,0.000000,1.000000,0.000000,1.000000,0.000000,0.000000,0.000000
1777189315.964397,0,0.000000,0.000000,0.000000,0.000000,1.000000,0.000000,1.000000,0.000000,0.000000,0.020000
1777189315.979056,0,0.000000,0.000000,0.000000,0.000000,1.000000,0.000000,1.000000,0.000000,0.000000,0.000000
1777189316.010474,0,0.000000,0.000000,0.000000,0.000000,1.000000,0.000000,1.000000,0.000000,0.000000,0.000000
1777189316.015437,0,0.000000,0.000000,0.000000,0.000000,1.000000,0.000000,1.000000,0.000000,0.070000,0.000000
1777189316.016229,0,0.000000,0.000000,0.000000,0.000000,1.000000,0.000000,1.000000,0.000000,0.070000,0.020000
1777189316.021649,0,0.000000,0.000000,0.000000,0.000000,0.000000,0.000000,1.000000,0.000000,0.000000,0.000000
1777189316.037548,0,0.000000,0.000000,0.000000,0.000000,0.050000,0.000000,1.000000,0.000000,0.000000,0.000000
1777189316.062290,0,0.000000,0.000000,0.000000,0.000000,0.100000,0.000000,1.000000,0.000000,0.000000,0.000000
1777189316.082104,0,0.000000,0.000000,0.000000,0.000000,0.140000,0.000000,1.000000,0.000000,0.000000,0.020000
1777189316.095738,0,0.000000,0.000000,0.000000,0.000000,0.180000,0.000000,1.000000,0.000000,0.000000,0.000000
1777189316.097052,0,0.000000,0.000000,0.000000,0.000000,0.230000,0.000000,1.000000,0.000000,0.070000,0.000000
1777189316.126052,0,0.000000,0.000000,0.000000,0.000000,0.280000,0.000000,0.620000,0.000000,0.070000,0.020000
1777189316.141793,0,0.000000,0.000000,0.000000,0.000000,0.330000,0.000000,1.000000,0.000000,0.070000,0.000000
1777189316.172510,0,0.000000,0.000000,0.000000,0.000000,0.370000,0.000000,1.000000,0.000000,0.000000,0.000000
1777189316.173793,0,0.000000,0.000000,0.000000,0.000000,0.410000,0.000000,1.000000,0.000000,0.070000,0.000000
1777189316.195197,0,0.000000,0.000000,0.000000,0.000000,0.020000,0.000000,1.000000,0.000000,0.070000,0.000000
1777189316.202646,0,0.000000,0.000000,0.000000,0.000000,0.070000,0.000000,0.360000,0.000000,0.000000,0.000000
1777189316.225187,0,0.000000,0.000000,0.000000,0.000000,0.100000,0.000000,1.000000,0.000000,0.070000,0.000000
1777189316.226755,0,0.000000,0.000000,0.000000,0.000000,0.150000,0.000000,1.000000,0.000000,0.070000,0.000000
1777189316.255881,0,0.000000,0.000000,0.000000,0.000000,0.200000,0.000000,1.000000,0.000000,0.000000,0.100000
1777189316.271190,0,0.000000,0.000000,0.000000,0.000000,0.250000,0.000000,1.000000,0.000000,0.070000,0.000000
1777189316.274055,0,0.000000,0.000000,0.000000,0.000000,0.300000,0.000000,1.000000,0.000000,0.000000,0.000000
1777189316.285301,0,0.000000,0.000000,0.000000,0.000000,0.340000,0.000000,1.000000,0.000000,0.000000,0.020000
1777189316.307212,0,0.000000,0.000000,0.000000,0.000000,0.370000,0.000000,1.000000,0.000000,0.000000,0.020000
1777189316.324879,0,0.000000,0.000000,0.000000,0.000000,0.430000,0.000000,1.000000,0.000000,0.000000,0.000000
1777189316.344685,0,0.000000,0.000000,0.000000,0.000000,0.460000,0.000000,1.000000,0.000000,0.070000,0.000000
1777189316.351704,0,0.000000,0.000000,0.000000,0.000000,0.510000,0.000000,1.000000,0.000000,0.070000,0.000000
1777189316.358838,0,0.000000,0.000000,0.000000,0.000000,0.560000,0.000000,1.000000,0.000000,0.000000,0.000000
1777189316.389712,0,0.000000,0.000000,0.000000,0.000000,0.610000,0.000000,1.000000,0.000000,0.000000,0.070000
1777189316.419941,0,0.000000,0.000000,0.000000,0.000000,0.660000,0.000000,1.000000,0.000000,0.000000,0.020000
1777189316.435594,0,0.000000,0.000000,0.000000,0.000000,0.690000,0.000000,1.000000,0.000000,0.000000,0.020000
1777189316.444421,0,0.000000,0.000000,0.000000,0.000000,0.750000,0.000000,0.890000,0.000000,0.000000,0.000000
1777189316.445652,0,0.000000,0.000000,0.000000,0.000000,0.790000,0.000000,1.000000,0.000000,0.000000,0.000000
1777189316.457706,0,0.000000,0.000000,0.000000,0.000000,0.830000,0.000000,1.000000,0.000000,0.140000,0.000000
1777189316.474046,0,0.000000,0.000000,0.000000,0.000000,0.880000,0.000000,1.000000,0.000000,0.070000,0.070000
1777189316.495582,0,0.000000,0.000000,0.000000,0.000000,0.930000,0.000000,1.000000,0.000000,0.000000,0.020000
1777189316.502557,0,0.000000,0.000000,0.000000,0.000000,0.980000,0.000000,1.000000,0.000000,0.000000,0.020000
1777189316.525397,0,0.000000,0.000000,0.000000,0.000000,1.000000,0.000000,0.440000,0.000000,0.000000,0.020000
1777189316.532208,0,0.000000,0.000000,0.000000,0.000000,1.000000,0.000000,1.000000,0.000000,0.070000,0.000000
1777189316.547899,0,0.000000,0.000000,0.000000,0.000000,1.000000,0.000000,1.000000,0.000000,0.000000,0.000000
1777189316.563469,0,0.000000,0.000000,0.000000,0.000000,1.000000,0.000000,0.620000,0.000000,0.070000,0.070000
1777189316.577953,0,0.000000,0.000000,0.000000,0.000000,1.000000,0.000000,1.000000,0.000000,0.000000,0.020000
1777189316.593868,0,0.000000,0.000000,0.000000,0.000000,1.000000,0.000000,1.000000,0.000000,0.140000,0.000000
1777189316.615481,0,0.000000,0.000000,0.000000,0.000000,1.000000,0.000000,1.000000,0.000000,0.070000,0.000000
1777189316.622341,0,0.000000,0.000000,0.000000,0.000000,0.000000,0.000000,1.000000,0.000000,0.000000,0.000000
1777189316.646247,0,0.000000,0.000000,0.000000,0.000000,0.050000,0.000000,1.000000,0.000000,0.000000,0.000000
1777189316.651903,0,0.000000,0.000000,0.000000,0.000000,0.100000,0.000000,1.000000,0.000000,0.140000,0.000000
1777189316.675910,0,0.000000,0.000000,0.000000,0.000000,0.150000,0.000000,1.000000,0.000000,0.070000,0.000000
1777189316.690450,0,0.000000,0.000000,0.000000,0.000000,0.210000,0.000000,1.000000,0.000000,0.000000,0.020000
1777189316.713327,0,0.000000,0.000000,0.000000,0.000000,0.270000,0.000000,1.000000,0.000000,0.070000,0.020000
1777189316.728671,0,0.000000,0.000000,0.000000,0.000000,0.310000,0.000000,1.000000,0.000000,0.070000,0.020000
1777189316.735618,0,0.000000,0.000000,0.000000,0.000000,0.370000,0.000000,1.000000,0.000000,0.070000,0.020000
1777189316.751373,0,0.000000,0.000000,0.000000,0.000000,0.410000,0.000000,1.000000,0.000000,0.070000,0.020000
1777189316.771717,0,0.000000,0.000000,0.000000,0.000000,0.460000,0.000000,0.620000,0.000000,0.070000,0.000000
1777189316.790806,0,0.000000,0.000000,0.000000,0.000000,0.510000,0.000000,1.000000,0.000000,0.070000,0.000000
1777189316.797605,0,0.000000,0.000000,0.000000,0.000000,0.570000,0.000000,1.000000,0.000000,0.000000,0.020000
1777189316.816713,0,0.000000,0.000000,0.000000,0.000000,0.620000,0.000000,1.000000,0.000000,0.070000,0.000000
1777189316.817255,0,0.000000,0.000000,0.000000,0.000000,0.680000,0.000000,1.000000,0.000000,0.000000,0.020000
1777189316.878486,0,0.000000,0.000000,0.000000,0.000000,0.730000,0.000000,1.000000,0.000000,0.070000,0.000000
1777189316.879425,0,0.000000,0.000000,0.000000,0.000000,0.770000,0.000000,1.000000,0.000000,0.000000,0.210000
1777189316.880919,0,0.000000,0.000000,0.000000,0.000000,0.820000,0.000000,1.000000,0.000000,0.000000,0.000000
1777189316.882703,0,0.000000,0.000000,0.000000,0.000000,0.870000,0.000000,1.000000,0.000000,0.000000,0.100000
1777189316.914673,0,0.000000,0.000000,0.000000,0.000000,0.930000,0.000000,0.440000,0.000000,0.140000,0.000000
1777189316.916745,0,0.000000,0.000000,0.000000,0.000000,0.980000,0.000000,1.000000,0.000000,0.070000,0.020000
1777189316.935496,0,0.000000,0.000000,0.000000,0.000000,1.000000,0.000000,1.000000,0.000000,0.070000,0.000000
1777189316.959928,0,0.000000,0.000000,0.000000,0.000000,1.000000,0.000000,1.000000,0.000000,0.000000,0.020000
1777189316.961195,0,0.000000,0.000000,0.000000,0.000000,0.010000,0.000000,0.180000,0.000000,0.070000,0.000000
1777189316.976449,0,0.000000,0.000000,0.000000,0.000000,0.070000,0.000000,1.000000,0.000000,0.070000,0.000000
1777189316.990574,0,0.000000,0.000000,0.000000,0.000000,0.110000,0.000000,1.000000,0.000000,0.070000,0.000000
1777189317.021540,0,0.000000,0.000000,0.000000,0.000000,0.170000,0.000000,1.000000,0.000000,0.000000,0.000000
1777189317.024703,0,0.000000,0.000000,0.000000,0.000000,0.200000,0.000000,1.000000,0.000000,0.070000,0.000000
1777189317.035842,0,0.000000,0.000000,0.000000,0.000000,0.250000,0.000000,1.000000,0.000000,0.140000,0.000000
1777189317.058618,0,0.000000,0.000000,0.000000,0.000000,0.310000,0.000000,1.000000,0.000000,0.070000,0.000000
1777189317.065557,0,0.000000,0.000000,0.000000,0.000000,0.360000,0.000000,1.000000,0.000000,0.140000,0.070000
1777189317.095169,0,0.000000,0.000000,0.000000,0.000000,0.400000,0.000000,1.000000,0.000000,0.000000,0.020000
1777189317.103783,0,0.000000,0.000000,0.000000,0.000000,0.460000,0.000000,1.000000,0.000000,0.000000,0.000000
1777189317.105765,0,0.000000,0.000000,0.000000,0.000000,0.500000,0.000000,1.000000,0.000000,0.000000,0.000000
1777189317.139377,0,0.000000,0.000000,0.000000,0.000000,0.550000,0.000000,1.000000,0.000000,0.070000,0.100000
1777189317.140620,0,0.000000,0.000000,0.000000,0.000000,0.600000,0.000000,1.000000,0.000000,0.070000,0.020000
1777189317.154236,0,0.000000,0.000000,0.000000,0.000000,0.640000,0.000000,1.000000,0.000000,0.000000,0.000000
1777189317.177958,0,0.000000,0.000000,0.000000,0.000000,0.690000,0.000000,1.000000,0.000000,0.070000,0.000000
1777189317.184134,0,0.000000,0.000000,0.000000,0.000000,0.750000,0.000000,1.000000,0.000000,0.070000,0.000000
1777189317.199787,0,0.000000,0.000000,0.000000,0.000000,0.800000,0.000000,1.000000,0.000000,0.000000,0.000000
1777189317.221796,0,0.000000,0.000000,0.000000,0.000000,0.850000,0.000000,1.000000,0.000000,0.000000,0.000000
1777189317.245684,0,0.000000,0.000000,0.000000,0.000000,0.890000,0.000000,1.000000,0.000000,0.070000,0.000000
1777189317.252336,0,0.000000,0.000000,0.000000,0.000000,0.940000,0.000000,1.000000,0.000000,0.070000,0.070000
1777189317.266447,0,0.000000,0.000000,0.000000,0.000000,1.000000,0.000000,1.000000,0.000000,0.000000,0.000000
1777189317.282458,0,0.000000,0.000000,0.000000,0.000000,1.000000,0.000000,1.000000,0.000000,0.000000,0.020000
1777189317.300754,0,0.000000,0.000000,0.000000,0.000000,1.000000,0.000000,0.000000,0.000000,0.000000,0.560000
1777189317.319357,0,0.000000,0.000000,0.000000,0.000000,1.000000,0.000000,1.000000,0.000000,0.000000,0.020000
1777189317.327547,0,0.000000,0.000000,0.000000,0.000000,1.000000,0.000000,0.100000,0.000000,0.000000,0.000000
1777189317.348807,0,0.000000,0.000000,0.000000,0.000000,1.000000,0.000000,0.880000,0.000000,0.070000,0.000000
1777189317.357544,0,0.000000,0.000000,0.000000,0.000000,1.000000,0.000000,1.000000,0.000000,0.070000,0.100000
1777189317.379404,0,0.000000,0.000000,0.000000,0.000000,1.000000,0.000000,1.000000,0.000000,0.000000,0.000000
1777189317.380538,0,0.000000,0.000000,0.000000,0.000000,1.000000,0.000000,1.000000,0.000000,0.000000,0.000000
1777189317.395177,0,0.000000,0.000000,0.000000,0.000000,1.000000,0.000000,1.000000,0.000000,0.140000,0.000000
1777189317.418951,0,0.000000,0.000000,0.000000,0.000000,1.000000,0.000000,1.000000,0.000000,0.070000,0.020000
1777189317.432604,0,0.000000,0.000000,0.000000,0.000000,1.000000,0.000000,1.000000,0.000000,0.000000,0.000000
1777189317.447267,0,0.000000,0.000000,0.000000,0.000000,1.000000,0.000000,1.000000,0.000000,0.000000,0.000000
1777189317.471036,0,0.000000,0.000000,0.000000,0.000000,1.000000,0.000000,1.000000,0.000000,0.000000,0.000000
1777189317.478039,0,0.000000,0.000000,0.000000,0.000000,1.000000,0.000000,1.000000,0.000000,0.070000,0.070000
1777189317.499184,0,0.000000,0.000000,0.000000,0.000000,1.000000,0.000000,1.000000,0.000000,0.070000,0.000000
1777189317.507705,0,0.000000,0.000000,0.000000,0.000000,1.000000,0.000000,1.000000,0.000000,0.000000,0.000000
1777189317.530230,0,0.000000,0.000000,0.000000,0.000000,1.000000,0.000000,1.000000,0.000000,0.000000,0.000000
1777189317.538071,0,0.000000,0.000000,0.000000,0.000000,1.000000,0.000000,1.000000,0.000000,0.070000,0.000000
1777189317.543681,0,0.000000,0.000000,0.000000,0.000000,1.000000,0.000000,1.000000,0.000000,0.000000,0.020000
1777189317.567660,0,0.000000,0.000000,0.000000,0.000000,1.000000,0.000000,1.000000,0.000000,0.000000,0.070000
1777189317.583642,0,0.000000,0.000000,0.000000,0.000000,1.000000,0.000000,1.000000,0.000000,0.140000,0.000000
1777189317.597973,0,0.000000,0.000000,0.000000,0.000000,1.000000,0.000000,0.460000,0.000000,0.070000,0.000000
1777189317.621444,0,0.000000,0.000000,0.000000,0.000000,1.000000,0.000000,1.000000,0.000000,0.000000,0.000000
1777189317.627866,0,0.000000,0.000000,0.000000,0.000000,1.000000,0.000000,1.000000,0.000000,0.000000,0.000000
1777189317.655823,0,0.000000,0.000000,0.000000,0.000000,1.000000,0.000000,1.000000,0.000000,0.000000,0.000000
1777189317.659239,0,0.000000,0.000000,0.000000,0.000000,1.000000,0.000000,1.000000,0.000000,0.070000,0.000000
1777189317.673042,0,0.000000,0.000000,0.000000,0.000000,1.000000,0.000000,1.000000,0.000000,0.070000,0.020000
1777189317.687876,0,0.000000,0.000000,0.000000,0.000000,1.000000,0.000000,1.000000,0.000000,0.000000,0.020000
1777189317.711242,0,0.000000,0.000000,0.000000,0.000000,1.000000,0.000000,1.000000,0.000000,0.070000,0.000000
1777189317.726287,0,0.000000,0.000000,0.000000,0.000000,1.000000,0.000000,0.410000,0.000000,0.000000,0.020000
1777189317.732160,0,0.000000,0.000000,0.000000,0.000000,1.000000,0.000000,1.000000,0.000000,0.000000,0.020000
1777189317.755941,0,0.000000,0.000000,0.000000,0.000000,1.000000,0.000000,1.000000,0.000000,0.070000,0.000000
1777189317.762609,0,0.000000,0.000000,0.000000,0.000000,1.000000,0.000000,1.000000,0.000000,0.140000,0.000000
1777189317.779403,0,0.000000,0.000000,0.000000,0.000000,1.000000,0.000000,1.000000,0.000000,0.000000,0.000000
1777189317.808438,0,0.000000,0.000000,0.000000,0.000000,1.000000,0.000000,1.000000,0.000000,0.140000,0.020000
1777189317.824302,0,0.000000,0.000000,0.000000,0.000000,1.000000,0.000000,1.000000,0.000000,0.000000,0.210000
1777189317.826392,0,0.000000,0.000000,0.000000,0.000000,1.000000,0.000000,1.000000,0.000000,0.000000,0.000000
1777189317.845750,0,0.000000,0.000000,0.000000,0.000000,1.000000,0.000000,1.000000,0.000000,0.000000,0.020000
1777189317.867963,0,0.000000,0.000000,0.000000,0.000000,1.000000,0.000000,1.000000,0.000000,0.070000,0.020000
1777189317.874321,0,0.000000,0.000000,0.000000,0.000000,1.000000,0.000000,1.000000,0.000000,0.070000,0.000000
1777189317.882349,0,0.000000,0.000000,0.000000,0.000000,1.000000,0.000000,1.000000,0.000000,0.070000,0.020000
1777189317.906412,0,0.000000,0.000000,0.000000,0.000000,1.000000,0.000000,1.000000,0.000000,0.140000,0.020000
1777189317.921343,0,0.000000,0.000000,0.000000,0.000000,1.000000,0.000000,1.000000,0.000000,0.140000,0.000000
1777189317.927862,0,0.000000,0.000000,0.000000,0.000000,1.000000,0.000000,1.000000,0.000000,0.000000,0.000000
1777189317.942563,0,0.000000,0.000000,0.000000,0.000000,1.000000,0.000000,1.000000,0.000000,0.070000,0.000000
1777189317.959879,0,0.000000,0.000000,0.000000,0.000000,1.000000,0.000000,1.000000,0.000000,0.000000,0.000000
1777189317.981929,0,0.000000,0.000000,0.000000,0.000000,1.000000,0.000000,1.000000,0.000000,0.070000,0.000000
1777189317.988423,0,0.000000,0.000000,0.000000,0.000000,1.000000,0.000000,1.000000,0.000000,0.070000,0.000000
1777189318.011385,0,0.000000,0.000000,0.000000,0.000000,1.000000,0.000000,1.000000,0.000000,0.000000,0.000000
1777189318.018127,0,0.000000,0.000000,0.000000,0.000000,1.000000,0.000000,1.000000,0.000000,0.070000,0.000000
1777189318.048671,0,0.000000,0.000000,0.000000,0.000000,1.000000,0.000000,1.000000,0.000000,0.000000,0.070000
1777189318.050666,0,0.000000,0.000000,0.000000,0.000000,1.000000,0.000000,1.000000,0.000000,0.000000,0.000000
1777189318.071274,0,0.000000,0.000000,0.000000,0.000000,1.000000,0.000000,1.000000,0.000000,0.000000,0.000000
1777189318.077948,0,0.000000,0.000000,0.000000,0.000000,1.000000,0.000000,1.000000,0.000000,0.000000,0.020000
1777189318.109291,0,0.000000,0.000000,0.000000,0.000000,1.000000,0.000000,1.000000,0.000000,0.000000,0.070000
1777189318.111892,0,0.000000,0.000000,0.000000,0.000000,1.000000,0.000000,1.000000,0.000000,0.000000,0.020000
1777189318.130525,0,0.000000,0.000000,0.000000,0.000000,1.000000,0.000000,1.000000,0.000000,0.070000,0.020000
1777189318.149020,0,0.000000,0.000000,0.000000,0.000000,1.000000,0.000000,1.000000,0.000000,0.070000,0.000000
1777189318.160025,0,0.000000,0.000000,0.000000,0.000000,1.000000,0.000000,1.000000,0.000000,0.000000,0.000000
1777189318.184201,0,0.000000,0.000000,0.000000,0.000000,1.000000,0.000000,1.000000,0.000000,0.000000,0.020000
1777189318.185504,0,0.000000,0.000000,0.000000,0.000000,1.000000,0.000000,1.000000,0.000000,0.000000,0.020000
1777189318.206300,0,0.000000,0.000000,0.000000,0.000000,1.000000,0.000000,1.000000,0.000000,0.000000,0.020000
1777189318.222288,0,0.000000,0.000000,0.000000,0.000000,1.000000,0.000000,1.000000,0.000000,0.000000,0.000000
1777189318.246249,0,0.000000,0.000000,0.000000,0.000000,1.000000,0.000000,1.000000,0.000000,0.000000,0.000000
1777189318.249839,0,0.000000,0.000000,0.000000,0.000000,1.000000,0.000000,1.000000,0.000000,0.000000,0.000000
1777189318.281846,0,0.000000,0.000000,0.000000,0.000000,1.000000,0.000000,0.410000,0.000000,0.000000,0.020000
1777189318.284776,0,0.000000,0.000000,0.000000,0.000000,1.000000,0.000000,1.000000,0.000000,0.000000,0.000000
1777189318.303186,0,0.000000,0.000000,0.000000,0.000000,1.000000,0.000000,1.000000,0.000000,0.070000,0.000000
1777189318.309805,0,0.000000,0.000000,0.000000,0.000000,1.000000,0.000000,0.310000,0.000000,0.140000,0.070000
1777189318.323575,0,0.000000,0.000000,0.000000,0.000000,1.000000,0.000000,0.920000,0.000000,0.000000,0.000000
1777189318.346108,0,0.000000,0.000000,0.000000,0.000000,1.000000,0.000000,1.000000,0.000000,0.000000,0.000000
1777189318.347409,0,0.000000,0.000000,0.000000,0.000000,1.000000,0.000000,1.000000,0.000000,0.000000,0.000000
1777189318.368725,0,0.000000,0.000000,0.000000,0.000000,1.000000,0.000000,1.000000,0.000000,0.000000,0.020000
1777189318.384676,0,0.000000,0.000000,0.000000,0.000000,1.000000,0.000000,1.000000,0.000000,0.000000,0.000000
1777189318.407879,0,0.000000,0.000000,0.000000,0.000000,1.000000,0.000000,1.000000,0.000000,0.000000,0.020000
1777189318.423963,0,0.000000,0.000000,0.000000,0.000000,1.000000,0.000000,1.000000,0.000000,0.070000,0.020000
1777189318.429579,0,0.000000,0.000000,0.000000,0.000000,1.000000,0.000000,1.000000,0.000000,0.000000,0.000000
1777189318.445615,0,0.000000,0.000000,0.000000,0.000000,1.000000,0.000000,1.000000,0.000000,0.070000,0.070000
1777189318.461601,0,0.000000,0.000000,0.000000,0.000000,1.000000,0.000000,1.000000,0.000000,0.000000,0.000000
1777189318.475579,0,0.000000,0.000000,0.000000,0.000000,1.000000,0.000000,1.000000,0.000000,0.070000,0.000000
1777189318.497223,0,0.000000,0.000000,0.000000,0.000000,1.000000,0.000000,1.000000,0.000000,0.070000,0.070000
1777189318.505094,0,0.000000,0.000000,0.000000,0.000000,1.000000,0.000000,1.000000,0.000000,0.000000,0.000000
1777189318.536014,0,0.000000,0.000000,0.000000,0.000000,1.000000,0.000000,1.000000,0.000000,0.000000,0.000000
1777189318.542744,0,0.000000,0.000000,0.000000,0.000000,1.000000,0.000000,1.000000,0.000000,0.070000,0.020000
1777189318.549811,0,0.000000,0.000000,0.000000,0.000000,1.000000,0.000000,1.000000,0.000000,0.140000,0.000000
1777189318.573094,0,0.000000,0.000000,0.000000,0.000000,1.000000,0.000000,1.000000,0.000000,0.070000,0.000000
1777189318.588780,0,0.000000,0.000000,0.000000,0.000000,1.000000,0.000000,1.000000,0.000000,0.070000,0.000000
1777189318.603053,0,0.000000,0.000000,0.000000,0.000000,1.000000,0.000000,1.000000,0.000000,0.070000,0.020000
1777189318.626261,0,0.000000,0.000000,0.000000,0.000000,1.000000,0.000000,1.000000,0.000000,0.000000,0.000000
1777189318.633137,0,0.000000,0.000000,0.000000,0.000000,1.000000,0.000000,1.000000,0.000000,0.070000,0.020000
1777189318.648407,0,0.000000,0.000000,0.000000,0.000000,1.000000,0.000000,1.000000,0.000000,0.070000,0.000000
1777189318.663755,0,0.000000,0.000000,0.000000,0.000000,1.000000,0.000000,1.000000,0.000000,0.000000,0.020000
1777189318.685686,0,0.000000,0.000000,0.000000,0.000000,1.000000,0.000000,1.000000,0.000000,0.000000,0.000000
1777189318.691743,0,0.000000,0.000000,0.000000,0.000000,1.000000,0.000000,1.000000,0.000000,0.140000,0.000000
1777189318.706896,0,0.000000,0.000000,0.000000,0.000000,1.000000,0.000000,1.000000,0.000000,0.070000,0.000000
1777189318.722529,0,0.000000,0.000000,0.000000,0.000000,1.000000,0.000000,1.000000,0.000000,0.000000,0.000000
1777189318.744399,0,0.000000,0.000000,0.000000,0.000000,1.000000,0.000000,1.000000,0.000000,0.070000,0.000000
1777189318.760180,0,0.000000,0.000000,0.000000,0.000000,1.000000,0.000000,1.000000,0.000000,0.140000,0.020000
1777189318.767416,0,0.000000,0.000000,0.000000,0.000000,0.000000,0.000000,1.000000,0.000000,0.000000,0.020000
1777189318.790750,0,0.000000,0.000000,0.000000,0.000000,0.050000,0.000000,1.000000,0.000000,0.000000,0.000000
1777189318.797524,0,0.000000,0.000000,0.000000,0.000000,0.100000,0.000000,1.000000,0.000000,0.000000,0.000000
1777189318.813482,0,0.000000,0.000000,0.000000,0.000000,0.150000,0.000000,1.000000,0.000000,0.070000,0.000000
1777189318.827825,0,0.000000,0.000000,0.000000,0.000000,0.200000,0.000000,1.000000,0.000000,0.000000,0.020000
1777189318.849810,0,0.000000,0.000000,0.000000,0.000000,0.250000,0.000000,1.000000,0.000000,0.000000,0.000000
1777189318.864849,0,0.000000,0.000000,0.000000,0.000000,0.300000,0.000000,1.000000,0.000000,0.070000,0.020000
1777189318.871866,0,0.000000,0.000000,0.000000,0.000000,0.340000,0.000000,1.000000,0.000000,0.000000,0.000000
1777189318.896018,0,0.000000,0.000000,0.000000,0.000000,0.400000,0.000000,0.360000,0.000000,0.000000,0.020000
1777189318.902457,0,0.000000,0.000000,0.000000,0.000000,0.430000,0.000000,1.000000,0.000000,0.000000,0.000000
1777189318.926005,0,0.000000,0.000000,0.000000,0.000000,0.500000,0.000000,1.000000,0.000000,0.000000,0.020000
1777189318.932444,0,0.000000,0.000000,0.000000,0.000000,0.540000,0.000000,1.000000,0.000000,0.070000,0.000000
1777189318.964138,0,0.000000,0.000000,0.000000,0.000000,0.600000,0.000000,1.000000,0.000000,0.070000,0.000000
1777189318.970236,0,0.000000,0.000000,0.000000,0.000000,0.630000,0.000000,1.000000,0.000000,0.070000,0.000000
1777189318.977627,0,0.000000,0.000000,0.000000,0.000000,0.680000,0.000000,1.000000,0.000000,0.070000,0.020000
1777189319.000329,0,0.000000,0.000000,0.000000,0.000000,0.740000,0.000000,0.230000,0.000000,0.070000,0.020000
1777189319.016070,0,0.000000,0.000000,0.000000,0.000000,0.790000,0.000000,0.830000,0.000000,0.000000,0.000000
1777189319.022255,0,0.000000,0.000000,0.000000,0.000000,0.820000,0.000000,0.280000,0.000000,0.000000,0.000000
1777189319.045927,0,0.000000,0.000000,0.000000,0.000000,0.870000,0.000000,0.870000,0.000000,0.000000,0.000000
1777189319.062176,0,0.000000,0.000000,0.000000,0.000000,0.930000,0.000000,1.000000,0.000000,0.000000,0.000000
1777189319.075965,0,0.000000,0.000000,0.000000,0.000000,0.980000,0.000000,0.000000,0.000000,0.070000,0.250000
1777189319.098941,0,0.000000,0.000000,0.000000,0.000000,1.000000,0.000000,0.370000,0.000000,0.070000,0.000000
1777189319.106695,0,0.000000,0.000000,0.000000,0.000000,1.000000,0.000000,0.750000,0.000000,0.140000,0.150000
1777189319.125908,0,0.000000,0.000000,0.000000,0.000000,1.000000,0.000000,1.000000,0.000000,0.000000,0.020000
1777189319.142456,0,0.000000,0.000000,0.000000,0.000000,0.010000,0.000000,1.000000,0.000000,0.000000,0.000000
1777189319.150440,0,0.000000,0.000000,0.000000,0.000000,0.050000,0.000000,1.000000,0.000000,0.210000,0.020000
1777189319.168539,0,0.000000,0.000000,0.000000,0.000000,0.100000,0.000000,1.000000,0.000000,0.000000,0.000000
1777189319.189182,0,0.000000,0.000000,0.000000,0.000000,0.140000,0.000000,0.180000,0.000000,0.000000,0.020000
1777189319.195715,0,0.000000,0.000000,0.000000,0.000000,0.180000,0.000000,0.000000,0.000000,0.000000,0.440000
1777189319.210318,0,0.000000,0.000000,0.000000,0.000000,0.210000,0.000000,0.250000,0.000000,0.070000,0.000000
1777189319.232742,0,0.000000,0.000000,0.000000,0.000000,0.250000,0.000000,0.250000,0.000000,0.000000,0.000000
1777189319.240901,0,0.000000,0.000000,0.000000,0.000000,0.300000,0.000000,1.000000,0.000000,0.070000,0.000000
1777189319.263759,0,0.000000,0.000000,0.000000,0.000000,0.340000,0.000000,1.000000,0.000000,0.000000,0.020000
1777189319.278521,0,0.000000,0.000000,0.000000,0.000000,0.370000,0.000000,1.000000,0.000000,0.000000,0.000000
1777189319.284914,0,0.000000,0.000000,0.000000,0.000000,0.410000,0.000000,1.000000,0.000000,0.000000,0.000000
1777189319.308200,0,0.000000,0.000000,0.000000,0.000000,0.460000,0.000000,1.000000,0.000000,0.070000,0.070000
1777189319.315112,0,0.000000,0.000000,0.000000,0.000000,0.500000,0.000000,1.000000,0.000000,0.000000,0.000000
1777189319.328971,0,0.000000,0.000000,0.000000,0.000000,0.540000,0.000000,1.000000,0.000000,0.000000,0.000000
1777189319.344104,0,0.000000,0.000000,0.000000,0.000000,0.020000,0.000000,1.000000,0.000000,0.070000,0.020000
1777189319.367316,0,0.000000,0.000000,0.000000,0.000000,0.070000,0.000000,1.000000,0.000000,0.000000,0.000000
1777189319.373838,0,0.000000,0.000000,0.000000,0.000000,0.120000,0.000000,1.000000,0.000000,0.140000,0.020000
1777189319.406731,0,0.000000,0.000000,0.000000,0.000000,0.180000,0.000000,1.000000,0.000000,0.070000,0.000000
1777189319.420630,0,0.000000,0.000000,0.000000,0.000000,0.230000,0.000000,1.000000,0.000000,0.000000,0.020000
1777189319.427766,0,0.000000,0.000000,0.000000,0.000000,0.280000,0.000000,1.000000,0.000000,0.070000,0.020000
1777189319.443943,0,0.000000,0.000000,0.000000,0.000000,0.340000,0.000000,1.000000,0.000000,0.070000,0.000000
1777189319.473117,0,0.000000,0.000000,0.000000,0.000000,0.380000,0.000000,1.000000,0.000000,0.000000,0.020000
1777189319.475447,0,0.000000,0.000000,0.000000,0.000000,0.430000,0.000000,1.000000,0.000000,0.070000,0.000000
1777189319.495891,0,0.000000,0.000000,0.000000,0.000000,0.500000,0.000000,1.000000,0.000000,0.070000,0.000000
1777189319.503780,0,0.000000,0.000000,0.000000,0.000000,0.550000,0.000000,0.180000,0.000000,0.140000,0.000000
1777189319.526845,0,0.000000,0.000000,0.000000,0.000000,0.600000,0.000000,1.000000,0.000000,0.070000,0.070000
1777189319.542135,0,0.000000,0.000000,0.000000,0.000000,0.640000,0.000000,1.000000,0.000000,0.070000,0.020000
1777189319.596303,0,0.000000,0.000000,0.000000,0.000000,0.690000,0.000000,1.000000,0.000000,0.000000,0.070000
1777189319.632175,0,0.000000,0.000000,0.000000,0.000000,0.750000,0.000000,0.750000,0.000000,0.000000,0.020000
1777189319.632673,0,0.000000,0.000000,0.000000,0.000000,0.810000,0.000000,1.000000,0.000000,0.070000,0.020000
1777189319.633421,0,0.000000,0.000000,0.000000,0.000000,0.860000,0.000000,1.000000,0.000000,0.140000,0.000000
1777189319.666241,0,0.000000,0.000000,0.000000,0.000000,0.910000,0.000000,1.000000,0.000000,0.000000,0.020000
1777189319.666736,0,0.000000,0.000000,0.000000,0.000000,0.940000,0.000000,1.000000,0.000000,0.070000,0.000000
1777189319.696831,0,0.000000,0.000000,0.000000,0.000000,1.000000,0.000000,1.000000,0.000000,0.070000,0.000000
1777189319.697334,0,0.000000,0.000000,0.000000,0.000000,1.000000,0.000000,1.000000,0.000000,0.140000,0.000000
1777189319.697747,0,0.000000,0.000000,0.000000,0.000000,1.000000,0.000000,1.000000,0.000000,0.000000,0.020000
1777189319.729160,0,0.000000,0.000000,0.000000,0.000000,1.000000,0.000000,1.000000,0.000000,0.000000,0.000000
1777189319.760191,0,0.000000,0.000000,0.000000,0.000000,1.000000,0.000000,1.000000,0.000000,0.070000,0.100000
1777189319.760712,0,0.000000,0.000000,0.000000,0.000000,1.000000,0.000000,1.000000,0.000000,0.000000,0.000000
1777189319.791664,0,0.000000,0.000000,0.000000,0.000000,1.000000,0.000000,1.000000,0.000000,0.070000,0.020000
1777189319.792181,0,0.000000,0.000000,0.000000,0.000000,1.000000,0.000000,1.000000,0.000000,0.070000,0.000000
1777189319.823843,0,0.000000,0.000000,0.000000,0.000000,1.000000,0.000000,0.000000,0.000000,0.140000,0.640000
1777189319.824467,0,0.000000,0.000000,0.000000,0.000000,1.000000,0.000000,0.540000,0.000000,0.070000,0.000000
1777189319.855261,0,0.000000,0.000000,0.000000,0.000000,1.000000,0.000000,1.000000,0.000000,0.000000,0.000000
1777189319.855794,0,0.000000,0.000000,0.000000,0.000000,1.000000,0.000000,1.000000,0.000000,0.000000,0.000000
1777189319.886137,0,0.000000,0.000000,0.000000,0.000000,1.000000,0.000000,1.000000,0.000000,0.070000,0.000000
1777189319.886681,0,0.000000,0.000000,0.000000,0.000000,1.000000,0.000000,0.000000,0.000000,0.000000,0.370000
1777189319.917274,0,0.000000,0.000000,0.000000,0.000000,1.000000,0.000000,1.000000,0.000000,0.070000,0.000000
1777189319.917804,0,0.000000,0.000000,0.000000,0.000000,1.000000,0.000000,1.000000,0.000000,0.000000,0.070000
1777189319.948476,0,0.000000,0.000000,0.000000,0.000000,1.000000,0.000000,1.000000,0.000000,0.070000,0.000000
1777189319.949001,0,0.000000,0.000000,0.000000,0.000000,1.000000,0.000000,1.000000,0.000000,0.000000,0.000000
1777189319.949404,0,0.000000,0.000000,0.000000,0.000000,1.000000,0.000000,1.000000,0.000000,0.070000,0.000000
1777189319.982734,0,0.000000,0.000000,0.000000,0.000000,1.000000,0.000000,0.540000,0.000000,0.000000,0.000000
1777189319.983410,0,0.000000,0.000000,0.000000,0.000000,1.000000,0.000000,1.000000,0.000000,0.000000,0.000000
1777189320.016105,0,0.000000,0.000000,0.000000,0.000000,1.000000,0.000000,1.000000,0.000000,0.070000,0.020000
1777189320.047792,0,0.000000,0.000000,0.000000,0.000000,1.000000,0.000000,1.000000,0.000000,0.070000,0.000000
1777189320.048286,0,0.000000,0.000000,0.000000,0.000000,1.000000,0.000000,1.000000,0.000000,0.070000,0.000000
1777189320.048824,0,0.000000,0.000000,0.000000,0.000000,1.000000,0.000000,1.000000,0.000000,0.000000,0.020000
1777189320.079603,0,0.000000,0.000000,0.000000,0.000000,1.000000,0.000000,1.000000,0.000000,0.070000,0.000000
1777189320.080125,0,0.000000,0.000000,0.000000,0.000000,1.000000,0.000000,1.000000,0.000000,0.140000,0.000000
1777189320.111498,0,0.000000,0.000000,0.000000,0.000000,1.000000,0.000000,1.000000,0.000000,0.140000,0.000000
1777189320.112008,0,0.000000,0.000000,0.000000,0.000000,1.000000,0.000000,1.000000,0.000000,0.000000,0.000000
1777189320.112430,0,0.000000,0.000000,0.000000,0.000000,0.000000,0.000000,1.000000,0.000000,0.070000,0.020000
1777189320.143766,0,0.000000,0.000000,0.000000,0.000000,0.050000,0.000000,1.000000,0.000000,0.000000,0.000000
1777189320.144321,0,0.000000,0.000000,0.000000,0.000000,0.100000,0.000000,1.000000,0.000000,0.140000,0.000000
1777189320.175007,0,0.000000,0.000000,0.000000,0.000000,0.150000,0.000000,1.000000,0.000000,0.070000,0.020000
1777189320.206353,0,0.000000,0.000000,0.000000,0.000000,0.200000,0.000000,0.000000,0.000000,0.000000,0.440000
1777189320.206862,0,0.000000,0.000000,0.000000,0.000000,0.250000,0.000000,1.000000,0.000000,0.000000,0.000000
1777189320.207256,0,0.000000,0.000000,0.000000,0.000000,0.300000,0.000000,1.000000,0.000000,0.000000,0.000000
1777189320.238815,0,0.000000,0.000000,0.000000,0.000000,0.340000,0.000000,1.000000,0.000000,0.070000,0.000000
1777189320.239323,0,0.000000,0.000000,0.000000,0.000000,0.400000,0.000000,1.000000,0.000000,0.000000,0.000000
1777189320.270968,0,0.000000,0.000000,0.000000,0.000000,0.460000,0.000000,1.000000,0.000000,0.000000,0.000000
1777189320.271519,0,0.000000,0.000000,0.000000,0.000000,0.500000,0.000000,1.000000,0.000000,0.000000,0.070000
1777189320.303812,0,0.000000,0.000000,0.000000,0.000000,0.560000,0.000000,1.000000,0.000000,0.000000,0.000000
1777189320.304571,0,0.000000,0.000000,0.000000,0.000000,0.610000,0.000000,1.000000,0.000000,0.000000,0.000000
1777189320.307640,0,0.000000,0.000000,0.000000,0.000000,0.660000,0.000000,1.000000,0.000000,0.000000,0.000000
1777189320.345760,0,0.000000,0.000000,0.000000,0.000000,0.700000,0.000000,1.000000,0.000000,0.070000,0.020000
1777189320.379438,0,0.000000,0.000000,0.000000,0.000000,0.750000,0.000000,1.000000,0.000000,0.000000,0.000000
1777189320.379940,0,0.000000,0.000000,0.000000,0.000000,0.810000,0.000000,1.000000,0.000000,0.000000,0.020000
1777189320.380337,0,0.000000,0.000000,0.000000,0.000000,0.860000,0.000000,1.000000,0.000000,0.140000,0.000000
1777189320.412224,0,0.000000,0.000000,0.000000,0.000000,0.910000,0.000000,1.000000,0.000000,0.070000,0.000000
1777189320.412721,0,0.000000,0.000000,0.000000,0.000000,0.950000,0.000000,1.000000,0.000000,0.140000,0.000000
1777189320.444479,0,0.000000,0.000000,0.000000,0.000000,1.000000,0.000000,1.000000,0.000000,0.070000,0.020000
1777189320.444998,0,0.000000,0.000000,0.000000,0.000000,1.000000,0.000000,1.000000,0.000000,0.000000,0.180000
1777189320.445403,0,0.000000,0.000000,0.000000,0.000000,1.000000,0.000000,1.000000,0.000000,0.000000,0.000000
1777189320.503387,0,0.000000,0.000000,0.000000,0.000000,1.000000,0.000000,1.000000,0.000000,0.070000,0.070000
1777189320.503922,0,0.000000,0.000000,0.000000,0.000000,1.000000,0.000000,1.000000,0.000000,0.000000,0.000000
1777189320.504379,0,0.000000,0.000000,0.000000,0.000000,1.000000,0.000000,1.000000,0.000000,0.000000,0.070000
1777189320.504822,0,0.000000,0.000000,0.000000,0.000000,1.000000,0.000000,0.360000,0.000000,0.000000,0.000000
1777189320.505756,0,0.000000,0.000000,0.000000,0.000000,1.000000,0.000000,0.370000,0.000000,0.070000,0.000000
1777189320.536846,0,0.000000,0.000000,0.000000,0.000000,1.000000,0.000000,1.000000,0.000000,0.000000,0.020000
1777189320.568524,0,0.000000,0.000000,0.000000,0.000000,1.000000,0.000000,1.000000,0.000000,0.000000,0.000000
1777189320.569194,0,0.000000,0.000000,0.000000,0.000000,1.000000,0.000000,1.000000,0.000000,0.070000,0.000000
1777189320.601429,0,0.000000,0.000000,0.000000,0.000000,1.000000,0.000000,1.000000,0.000000,0.070000,0.000000
1777189320.601937,0,0.000000,0.000000,0.000000,0.000000,1.000000,0.000000,1.000000,0.000000,0.070000,0.000000
1777189320.634141,0,0.000000,0.000000,0.000000,0.000000,1.000000,0.000000,1.000000,0.000000,0.070000,0.020000
1777189320.637312,0,0.000000,0.000000,0.000000,0.000000,1.000000,0.000000,1.000000,0.000000,0.000000,0.020000
1777189320.670701,0,0.000000,0.000000,0.000000,0.000000,1.000000,0.000000,1.000000,0.000000,0.070000,0.000000
1777189320.671214,0,0.000000,0.000000,0.000000,0.000000,1.000000,0.000000,1.000000,0.000000,0.000000,0.000000
1777189320.703087,0,0.000000,0.000000,0.000000,0.000000,1.000000,0.000000,1.000000,0.000000,0.000000,0.000000
1777189320.703588,0,0.000000,0.000000,0.000000,0.000000,1.000000,0.000000,1.000000,0.000000,0.070000,0.000000
1777189320.734679,0,0.000000,0.000000,0.000000,0.000000,1.000000,0.000000,1.000000,0.000000,0.000000,0.000000
1777189320.735194,0,0.000000,0.000000,0.000000,0.000000,1.000000,0.000000,1.000000,0.000000,0.070000,0.150000
1777189320.767131,0,0.000000,0.000000,0.000000,0.000000,1.000000,0.000000,1.000000,0.000000,0.070000,0.000000
1777189320.827291,0,0.000000,0.000000,0.000000,0.000000,1.000000,0.000000,1.000000,0.000000,0.000000,0.000000
1777189320.827818,0,0.000000,0.000000,0.000000,0.000000,1.000000,0.000000,1.000000,0.000000,0.000000,0.020000
1777189320.828344,0,0.000000,0.000000,0.000000,0.000000,1.000000,0.000000,1.000000,0.000000,0.000000,0.000000
1777189320.829171,0,0.000000,0.000000,0.000000,0.000000,1.000000,0.000000,1.000000,0.000000,0.000000,0.000000
1777189320.829851,0,0.000000,0.000000,0.000000,0.000000,1.000000,0.000000,1.000000,0.000000,0.070000,0.000000
1777189320.830904,0,0.000000,0.000000,0.000000,0.000000,1.000000,0.000000,1.000000,0.000000,0.000000,0.000000
1777189320.864047,0,0.000000,0.000000,0.000000,0.000000,1.000000,0.000000,1.000000,0.000000,0.070000,0.000000
1777189320.895612,0,0.000000,0.000000,0.000000,0.000000,1.000000,0.000000,1.000000,0.000000,0.000000,0.000000
1777189320.896152,0,0.000000,0.000000,0.000000,0.000000,1.000000,0.000000,1.000000,0.000000,0.000000,0.020000
1777189320.897474,0,0.000000,0.000000,0.000000,0.000000,1.000000,0.000000,0.150000,0.000000,0.000000,0.150000
1777189320.957457,0,0.000000,0.000000,0.000000,0.000000,1.000000,0.000000,1.000000,0.000000,0.000000,0.000000
1777189320.957989,0,0.000000,0.000000,0.000000,0.000000,1.000000,0.000000,1.000000,0.000000,0.070000,0.000000
1777189320.958408,0,0.000000,0.000000,0.000000,0.000000,1.000000,0.000000,1.000000,0.000000,0.000000,0.000000
1777189320.959153,0,0.000000,0.000000,0.000000,0.000000,1.000000,0.000000,1.000000,0.000000,0.070000,0.000000
1777189320.959594,0,0.000000,0.000000,0.000000,0.000000,1.000000,0.000000,1.000000,0.000000,0.070000,0.000000
1777189320.959997,0,0.000000,0.000000,0.000000,0.000000,1.000000,0.000000,1.000000,0.000000,0.000000,0.000000
1777189321.017010,0,0.000000,0.000000,0.000000,0.000000,1.000000,0.000000,1.000000,0.000000,0.070000,0.000000
1777189321.074444,0,0.000000,0.000000,0.000000,0.000000,1.000000,0.000000,1.000000,0.000000,0.070000,0.020000
1777189321.074970,0,0.000000,0.000000,0.000000,0.000000,1.000000,0.000000,1.000000,0.000000,0.070000,0.000000
1777189321.075396,0,0.000000,0.000000,0.000000,0.000000,1.000000,0.000000,1.000000,0.000000,0.000000,0.020000
1777189321.075779,0,0.000000,0.000000,0.000000,0.000000,1.000000,0.000000,1.000000,0.000000,0.140000,0.000000
1777189321.076481,0,0.000000,0.000000,0.000000,0.000000,1.000000,0.000000,1.000000,0.000000,0.000000,0.020000
1777189321.133249,0,0.000000,0.000000,0.000000,0.000000,1.000000,0.000000,1.000000,0.000000,0.000000,0.000000
1777189321.133801,0,0.000000,0.000000,0.000000,0.000000,1.000000,0.000000,1.000000,0.000000,0.000000,0.020000
1777189321.134222,0,0.000000,0.000000,0.000000,0.000000,1.000000,0.000000,1.000000,0.000000,0.070000,0.000000
1777189321.134919,0,0.000000,0.000000,0.000000,0.000000,1.000000,0.000000,1.000000,0.000000,0.000000,0.000000
1777189321.165676,0,0.000000,0.000000,0.000000,0.000000,1.000000,0.000000,1.000000,0.000000,0.000000,0.000000
1777189321.196783,0,0.000000,0.000000,0.000000,0.000000,1.000000,0.000000,1.000000,0.000000,0.070000,0.020000
1777189321.229411,0,0.000000,0.000000,0.000000,0.000000,1.000000,0.000000,1.000000,0.000000,0.000000,0.020000
1777189321.229928,0,0.000000,0.000000,0.000000,0.000000,1.000000,0.000000,1.000000,0.000000,0.070000,0.000000
1777189321.230324,0,0.000000,0.000000,0.000000,0.000000,1.000000,0.000000,1.000000,0.000000,0.070000,0.000000
1777189321.261392,0,0.000000,0.000000,0.000000,0.000000,1.000000,0.000000,1.000000,0.000000,0.000000,0.000000
1777189321.261921,0,0.000000,0.000000,0.000000,0.000000,1.000000,0.000000,1.000000,0.000000,0.070000,0.020000
1777189321.293594,0,0.000000,0.000000,0.000000,0.000000,1.000000,0.000000,1.000000,0.000000,0.000000,0.000000
1777189321.294119,0,0.000000,0.000000,0.000000,0.000000,1.000000,0.000000,1.000000,0.000000,0.000000,0.000000
1777189321.295135,0,0.000000,0.000000,0.000000,0.000000,1.000000,0.000000,1.000000,0.000000,0.000000,0.000000
1777189321.326465,0,0.000000,0.000000,0.000000,0.000000,0.010000,0.000000,1.000000,0.000000,0.000000,0.020000
1777189321.359079,0,0.000000,0.000000,0.000000,0.000000,0.070000,0.000000,1.000000,0.000000,0.070000,0.000000
1777189321.359601,0,0.000000,0.000000,0.000000,0.000000,0.110000,0.000000,1.000000,0.000000,0.000000,0.020000
1777189321.392196,0,0.000000,0.000000,0.000000,0.000000,0.170000,0.000000,1.000000,0.000000,0.000000,0.000000
1777189321.392757,0,0.000000,0.000000,0.000000,0.000000,0.210000,0.000000,1.000000,0.000000,0.070000,0.020000
1777189321.393475,0,0.000000,0.000000,0.000000,0.000000,0.270000,0.000000,1.000000,0.000000,0.070000,0.000000
1777189321.424289,0,0.000000,0.000000,0.000000,0.000000,0.310000,0.000000,1.000000,0.000000,0.070000,0.000000
1777189321.424784,0,0.000000,0.000000,0.000000,0.000000,0.370000,0.000000,1.000000,0.000000,0.070000,0.000000
1777189321.456455,0,0.000000,0.000000,0.000000,0.000000,0.430000,0.000000,1.000000,0.000000,0.070000,0.000000
1777189321.488113,0,0.000000,0.000000,0.000000,0.000000,0.470000,0.000000,1.000000,0.000000,0.140000,0.000000
1777189321.488635,0,0.000000,0.000000,0.000000,0.000000,0.510000,0.000000,1.000000,0.000000,0.000000,0.020000
1777189321.489932,0,0.000000,0.000000,0.000000,0.000000,0.570000,0.000000,1.000000,0.000000,0.070000,0.000000
1777189321.521107,0,0.000000,0.000000,0.000000,0.000000,0.620000,0.000000,1.000000,0.000000,0.070000,0.070000
1777189321.521620,0,0.000000,0.000000,0.000000,0.000000,0.680000,0.000000,1.000000,0.000000,0.000000,0.020000
1777189321.557972,0,0.000000,0.000000,0.000000,0.000000,0.730000,0.000000,1.000000,0.000000,0.000000,0.000000
1777189321.589019,0,0.000000,0.000000,0.000000,0.000000,0.770000,0.000000,1.000000,0.000000,0.000000,0.180000
1777189321.589535,0,0.000000,0.000000,0.000000,0.000000,0.820000,0.000000,1.000000,0.000000,0.070000,0.000000
1777189321.589936,0,0.000000,0.000000,0.000000,0.000000,0.870000,0.000000,1.000000,0.000000,0.070000,0.000000
1777189321.590317,0,0.000000,0.000000,0.000000,0.000000,0.930000,0.000000,1.000000,0.000000,0.000000,0.020000
1777189321.620419,0,0.000000,0.000000,0.000000,0.000000,0.990000,0.000000,1.000000,0.000000,0.000000,0.000000
1777189321.620948,0,0.000000,0.000000,0.000000,0.000000,0.000000,0.000000,1.000000,0.000000,0.000000,0.020000
1777189321.651975,0,0.000000,0.000000,0.000000,0.000000,0.050000,0.000000,1.000000,0.000000,0.000000,0.000000
1777189321.653219,0,0.000000,0.000000,0.000000,0.000000,0.100000,0.000000,1.000000,0.000000,0.000000,0.000000
1777189321.685035,0,0.000000,0.000000,0.000000,0.000000,0.170000,0.000000,1.000000,0.000000,0.070000,0.000000
1777189321.685635,0,0.000000,0.000000,0.000000,0.000000,0.210000,0.000000,1.000000,0.000000,0.000000,0.000000
1777189321.716034,0,0.000000,0.000000,0.000000,0.000000,0.270000,0.000000,1.000000,0.000000,0.000000,0.020000
1777189321.716551,0,0.000000,0.000000,0.000000,0.000000,0.310000,0.000000,0.610000,0.000000,0.070000,0.000000
1777189321.748187,0,0.000000,0.000000,0.000000,0.000000,0.370000,0.000000,1.000000,0.000000,0.000000,0.070000
1777189321.748701,0,0.000000,0.000000,0.000000,0.000000,0.410000,0.000000,1.000000,0.000000,0.070000,0.020000
1777189321.779479,0,0.000000,0.000000,0.000000,0.000000,0.460000,0.000000,1.000000,0.000000,0.070000,0.070000
1777189321.779987,0,0.000000,0.000000,0.000000,0.000000,0.510000,0.000000,1.000000,0.000000,0.000000,0.000000
1777189321.811534,0,0.000000,0.000000,0.000000,0.000000,0.570000,0.000000,0.150000,0.000000,0.000000,0.020000
1777189321.812034,0,0.000000,0.000000,0.000000,0.000000,0.620000,0.000000,0.800000,0.000000,0.000000,0.020000
1777189321.842625,0,0.000000,0.000000,0.000000,0.000000,0.680000,0.000000,1.000000,0.000000,0.000000,0.000000
1777189321.843115,0,0.000000,0.000000,0.000000,0.000000,0.730000,0.000000,1.000000,0.000000,0.070000,0.000000
1777189321.874610,0,0.000000,0.000000,0.000000,0.000000,0.790000,0.000000,1.000000,0.000000,0.000000,0.020000
1777189321.875116,0,0.000000,0.000000,0.000000,0.000000,0.830000,0.000000,1.000000,0.000000,0.000000,0.000000
1777189321.906026,0,0.000000,0.000000,0.000000,0.000000,0.880000,0.000000,1.000000,0.000000,0.000000,0.000000
1777189321.906548,0,0.000000,0.000000,0.000000,0.000000,0.930000,0.000000,1.000000,0.000000,0.000000,0.000000
1777189321.937199,0,0.000000,0.000000,0.000000,0.000000,1.000000,0.000000,1.000000,0.000000,0.070000,0.000000
1777189321.937730,0,0.000000,0.000000,0.000000,0.000000,1.000000,0.000000,1.000000,0.000000,0.000000,0.000000
1777189321.938318,0,0.000000,0.000000,0.000000,0.000000,1.000000,0.000000,1.000000,0.000000,0.140000,0.000000
1777189321.969395,0,0.000000,0.000000,0.000000,0.000000,1.000000,0.000000,1.000000,0.000000,0.000000,0.000000
1777189322.000572,0,0.000000,0.000000,0.000000,0.000000,1.000000,0.000000,1.000000,0.000000,0.000000,0.000000
1777189322.001102,0,0.000000,0.000000,0.000000,0.000000,1.000000,0.000000,1.000000,0.000000,0.000000,0.000000
1777189322.032151,0,0.000000,0.000000,0.000000,0.000000,1.000000,0.000000,1.000000,0.000000,0.000000,0.020000
1777189322.032679,0,0.000000,0.000000,0.000000,0.000000,1.000000,0.000000,1.000000,0.000000,0.070000,0.020000
1777189322.063732,0,0.000000,0.000000,0.000000,0.000000,1.000000,0.000000,1.000000,0.000000,0.070000,0.020000
1777189322.064250,0,0.000000,0.000000,0.000000,0.000000,1.000000,0.000000,1.000000,0.000000,0.070000,0.000000
1777189322.095608,0,0.000000,0.000000,0.000000,0.000000,1.000000,0.000000,1.000000,0.000000,0.000000,0.000000
1777189322.096136,0,0.000000,0.000000,0.000000,0.000000,1.000000,0.000000,1.000000,0.000000,0.000000,0.000000
1777189322.096540,0,0.000000,0.000000,0.000000,0.000000,1.000000,0.000000,1.000000,0.000000,0.000000,0.020000
1777189322.127611,0,0.000000,0.000000,0.000000,0.000000,1.000000,0.000000,1.000000,0.000000,0.000000,0.000000
1777189322.158817,0,0.000000,0.000000,0.000000,0.000000,1.000000,0.000000,1.000000,0.000000,0.070000,0.000000
1777189322.159341,0,0.000000,0.000000,0.000000,0.000000,1.000000,0.000000,1.000000,0.000000,0.000000,0.070000
1777189322.159738,0,0.000000,0.000000,0.000000,0.000000,1.000000,0.000000,1.000000,0.000000,0.070000,0.000000
1777189322.191554,0,0.000000,0.000000,0.000000,0.000000,1.000000,0.000000,1.000000,0.000000,0.140000,0.020000
1777189322.224846,0,0.000000,0.000000,0.000000,0.000000,1.000000,0.000000,1.000000,0.000000,0.000000,0.000000
1777189322.225342,0,0.000000,0.000000,0.000000,0.000000,1.000000,0.000000,0.000000,0.000000,0.070000,0.720000
1777189322.225732,0,0.000000,0.000000,0.000000,0.000000,1.000000,0.000000,1.000000,0.000000,0.070000,0.000000
1777189322.256197,0,0.000000,0.000000,0.000000,0.000000,1.000000,0.000000,1.000000,0.000000,0.000000,0.020000
1777189322.256722,0,0.000000,0.000000,0.000000,0.000000,1.000000,0.000000,1.000000,0.000000,0.070000,0.000000
1777189322.287580,0,0.000000,0.000000,0.000000,0.000000,1.000000,0.000000,1.000000,0.000000,0.000000,0.020000
1777189322.288106,0,0.000000,0.000000,0.000000,0.000000,1.000000,0.000000,1.000000,0.000000,0.000000,0.000000
1777189322.319767,0,0.000000,0.000000,0.000000,0.000000,1.000000,0.000000,0.000000,0.000000,0.070000,0.520000
1777189322.320321,0,0.000000,0.000000,0.000000,0.000000,1.000000,0.000000,1.000000,0.000000,0.210000,0.070000
1777189322.354386,0,0.000000,0.000000,0.000000,0.000000,1.000000,0.000000,1.000000,0.000000,0.070000,0.000000
1777189322.354900,0,0.000000,0.000000,0.000000,0.000000,1.000000,0.000000,1.000000,0.000000,0.000000,0.000000
1777189322.355474,0,0.000000,0.000000,0.000000,0.000000,1.000000,0.000000,0.200000,0.000000,0.070000,0.020000
1777189322.390796,0,0.000000,0.000000,0.000000,0.000000,1.000000,0.000000,1.000000,0.000000,0.070000,0.020000
1777189322.421481,0,0.000000,0.000000,0.000000,0.000000,1.000000,0.000000,1.000000,0.000000,0.070000,0.000000
1777189322.422064,0,0.000000,0.000000,0.000000,0.000000,1.000000,0.000000,1.000000,0.000000,0.070000,0.000000
1777189322.422479,0,0.000000,0.000000,0.000000,0.000000,1.000000,0.000000,1.000000,0.000000,0.070000,0.020000
1777189322.453190,0,0.000000,0.000000,0.000000,0.000000,1.000000,0.000000,1.000000,0.000000,0.070000,0.000000
1777189322.485284,0,0.000000,0.000000,0.000000,0.000000,1.000000,0.000000,1.000000,0.000000,0.070000,0.000000
1777189322.485788,0,0.000000,0.000000,0.000000,0.000000,1.000000,0.000000,1.000000,0.000000,0.000000,0.020000
1777189322.486184,0,0.000000,0.000000,0.000000,0.000000,1.000000,0.000000,1.000000,0.000000,0.070000,0.000000
1777189322.517539,0,0.000000,0.000000,0.000000,0.000000,1.000000,0.000000,1.000000,0.000000,0.000000,0.000000
1777189322.518051,0,0.000000,0.000000,0.000000,0.000000,1.000000,0.000000,0.200000,0.000000,0.000000,0.000000
1777189322.551457,0,0.000000,0.000000,0.000000,0.000000,1.000000,0.000000,1.000000,0.000000,0.070000,0.020000
1777189322.584188,0,0.000000,0.000000,0.000000,0.000000,1.000000,0.000000,1.000000,0.000000,0.070000,0.070000
1777189322.584677,0,0.000000,0.000000,0.000000,0.000000,1.000000,0.000000,1.000000,0.000000,0.000000,0.000000
1777189322.616555,0,0.000000,0.000000,0.000000,0.000000,1.000000,0.000000,1.000000,0.000000,0.070000,0.070000
1777189322.617097,0,0.000000,0.000000,0.000000,0.000000,1.000000,0.000000,1.000000,0.000000,0.000000,0.000000
1777189322.617508,0,0.000000,0.000000,0.000000,0.000000,1.000000,0.000000,1.000000,0.000000,0.000000,0.000000
1777189322.617896,0,0.000000,0.000000,0.000000,0.000000,1.000000,0.000000,1.000000,0.000000,0.000000,0.000000
1777189322.650870,0,0.000000,0.000000,0.000000,0.000000,1.000000,0.000000,1.000000,0.000000,0.000000,0.000000
1777189322.651392,0,0.000000,0.000000,0.000000,0.000000,1.000000,0.000000,1.000000,0.000000,0.000000,0.000000
1777189322.684060,0,0.000000,0.000000,0.000000,0.000000,1.000000,0.000000,1.000000,0.000000,0.000000,0.000000
1777189322.684576,0,0.000000,0.000000,0.000000,0.000000,1.000000,0.000000,1.000000,0.000000,0.070000,0.020000
1777189322.716164,0,0.000000,0.000000,0.000000,0.000000,1.000000,0.000000,1.000000,0.000000,0.070000,0.000000
1777189322.716684,0,0.000000,0.000000,0.000000,0.000000,1.000000,0.000000,0.910000,0.000000,0.070000,0.000000
1777189322.748459,0,0.000000,0.000000,0.000000,0.000000,1.000000,0.000000,0.500000,0.000000,0.140000,0.070000
1777189322.748981,0,0.000000,0.000000,0.000000,0.000000,1.000000,0.000000,1.000000,0.000000,0.000000,0.000000
1777189322.781374,0,0.000000,0.000000,0.000000,0.000000,1.000000,0.000000,1.000000,0.000000,0.070000,0.000000
1777189322.781884,0,0.000000,0.000000,0.000000,0.000000,1.000000,0.000000,1.000000,0.000000,0.000000,0.150000
1777189322.813707,0,0.000000,0.000000,0.000000,0.000000,1.000000,0.000000,1.000000,0.000000,0.000000,0.000000
1777189322.814207,0,0.000000,0.000000,0.000000,0.000000,1.000000,0.000000,1.000000,0.000000,0.070000,0.000000
1777189322.845593,0,0.000000,0.000000,0.000000,0.000000,1.000000,0.000000,1.000000,0.000000,0.000000,0.020000
1777189322.846112,0,0.000000,0.000000,0.000000,0.000000,1.000000,0.000000,1.000000,0.000000,0.070000,0.000000
1777189322.847363,0,0.000000,0.000000,0.000000,0.000000,1.000000,0.000000,1.000000,0.000000,0.000000,0.020000
1777189322.879020,0,0.000000,0.000000,0.000000,0.000000,1.000000,0.000000,1.000000,0.000000,0.070000,0.000000
1777189322.911416,0,0.000000,0.000000,0.000000,0.000000,1.000000,0.000000,1.000000,0.000000,0.000000,0.000000
1777189322.911960,0,0.000000,0.000000,0.000000,0.000000,1.000000,0.000000,1.000000,0.000000,0.000000,0.210000
1777189322.943559,0,0.000000,0.000000,0.000000,0.000000,0.020000,0.000000,1.000000,0.000000,0.000000,0.000000
1777189322.944091,0,0.000000,0.000000,0.000000,0.000000,0.070000,0.000000,1.000000,0.000000,0.210000,0.020000
1777189322.944596,0,0.000000,0.000000,0.000000,0.000000,0.120000,0.000000,0.280000,0.000000,0.070000,0.020000
1777189322.976448,0,0.000000,0.000000,0.000000,0.000000,0.180000,0.000000,1.000000,0.000000,0.000000,0.000000
1777189322.976966,0,0.000000,0.000000,0.000000,0.000000,0.230000,0.000000,0.250000,0.000000,0.070000,0.000000
1777189323.009273,0,0.000000,0.000000,0.000000,0.000000,0.280000,0.000000,1.000000,0.000000,0.000000,0.020000
1777189323.009821,0,0.000000,0.000000,0.000000,0.000000,0.340000,0.000000,1.000000,0.000000,0.000000,0.000000
1777189323.041374,0,0.000000,0.000000,0.000000,0.000000,0.380000,0.000000,1.000000,0.000000,0.070000,0.000000
1777189323.042060,0,0.000000,0.000000,0.000000,0.000000,0.430000,0.000000,1.000000,0.000000,0.070000,0.000000
1777189323.073226,0,0.000000,0.000000,0.000000,0.000000,0.500000,0.000000,1.000000,0.000000,0.000000,0.000000
1777189323.073778,0,0.000000,0.000000,0.000000,0.000000,0.540000,0.000000,1.000000,0.000000,0.070000,0.000000
1777189323.074181,0,0.000000,0.000000,0.000000,0.000000,0.600000,0.000000,1.000000,0.000000,0.070000,0.000000
1777189323.105152,0,0.000000,0.000000,0.000000,0.000000,0.640000,0.000000,1.000000,0.000000,0.000000,0.000000
1777189323.105699,0,0.000000,0.000000,0.000000,0.000000,0.690000,0.000000,1.000000,0.000000,0.000000,0.000000
1777189323.137698,0,0.000000,0.000000,0.000000,0.000000,0.750000,0.000000,1.000000,0.000000,0.000000,0.020000
1777189323.138707,0,0.000000,0.000000,0.000000,0.000000,0.810000,0.000000,1.000000,0.000000,0.000000,0.000000
1777189323.171120,0,0.000000,0.000000,0.000000,0.000000,0.860000,0.000000,1.000000,0.000000,0.000000,0.020000
1777189323.171712,0,0.000000,0.000000,0.000000,0.000000,0.910000,0.000000,1.000000,0.000000,0.070000,0.020000
1777189323.202441,0,0.000000,0.000000,0.000000,0.000000,0.950000,0.000000,0.000000,0.000000,0.000000,0.560000
1777189323.202956,0,0.000000,0.000000,0.000000,0.000000,1.000000,0.000000,0.750000,0.000000,0.000000,0.020000
1777189323.236268,0,0.000000,0.000000,0.000000,0.000000,1.000000,0.000000,1.000000,0.000000,0.070000,0.000000
1777189323.237024,0,0.000000,0.000000,0.000000,0.000000,1.000000,0.000000,0.050000,0.000000,0.000000,0.000000
1777189323.267858,0,0.000000,0.000000,0.000000,0.000000,0.020000,0.000000,0.570000,0.000000,0.070000,0.000000
1777189323.268373,0,0.000000,0.000000,0.000000,0.000000,0.070000,0.000000,1.000000,0.000000,0.000000,0.000000
1777189323.298967,0,0.000000,0.000000,0.000000,0.000000,0.120000,0.000000,1.000000,0.000000,0.140000,0.020000
1777189323.299473,0,0.000000,0.000000,0.000000,0.000000,0.180000,0.000000,1.000000,0.000000,0.070000,0.000000
1777189323.332375,0,0.000000,0.000000,0.000000,0.000000,0.230000,0.000000,1.000000,0.000000,0.000000,0.020000
1777189323.332948,0,0.000000,0.000000,0.000000,0.000000,0.300000,0.000000,1.000000,0.000000,0.000000,0.020000
1777189323.370395,0,0.000000,0.000000,0.000000,0.000000,0.340000,0.000000,1.000000,0.000000,0.000000,0.000000
1777189323.402139,0,0.000000,0.000000,0.000000,0.000000,0.400000,0.000000,1.000000,0.000000,0.070000,0.000000
1777189323.433236,0,0.000000,0.000000,0.000000,0.000000,0.460000,0.000000,1.000000,0.000000,0.070000,0.000000
1777189323.433784,0,0.000000,0.000000,0.000000,0.000000,0.510000,0.000000,1.000000,0.000000,0.000000,0.000000
1777189323.434180,0,0.000000,0.000000,0.000000,0.000000,0.560000,0.000000,1.000000,0.000000,0.070000,0.020000
1777189323.434568,0,0.000000,0.000000,0.000000,0.000000,0.620000,0.000000,1.000000,0.000000,0.000000,0.000000
1777189323.434952,0,0.000000,0.000000,0.000000,0.000000,0.680000,0.000000,1.000000,0.000000,0.000000,0.070000
1777189323.467017,0,0.000000,0.000000,0.000000,0.000000,0.720000,0.000000,1.000000,0.000000,0.070000,0.020000
1777189323.467538,0,0.000000,0.000000,0.000000,0.000000,0.770000,0.000000,1.000000,0.000000,0.000000,0.000000
1777189323.498666,0,0.000000,0.000000,0.000000,0.000000,0.830000,0.000000,1.000000,0.000000,0.070000,0.000000
1777189323.499173,0,0.000000,0.000000,0.000000,0.000000,0.880000,0.000000,1.000000,0.000000,0.000000,0.000000
1777189323.530518,0,0.000000,0.000000,0.000000,0.000000,0.940000,0.000000,1.000000,0.000000,0.070000,0.020000
1777189323.531040,0,0.000000,0.000000,0.000000,0.000000,1.000000,0.000000,1.000000,0.000000,0.210000,0.210000
1777189323.562756,0,0.000000,0.000000,0.000000,0.000000,1.000000,0.000000,1.000000,0.000000,0.070000,0.000000
1777189323.563254,0,0.000000,0.000000,0.000000,0.000000,1.000000,0.000000,1.000000,0.000000,0.070000,0.020000
1777189323.595467,0,0.000000,0.000000,0.000000,0.000000,1.000000,0.000000,1.000000,0.000000,0.070000,0.020000
1777189323.595984,0,0.000000,0.000000,0.000000,0.000000,1.000000,0.000000,0.170000,0.000000,0.000000,0.020000
1777189323.627376,0,0.000000,0.000000,0.000000,0.000000,1.000000,0.000000,0.000000,0.000000,0.000000,0.490000
1777189323.627879,0,0.000000,0.000000,0.000000,0.000000,1.000000,0.000000,0.500000,0.000000,0.070000,0.000000
1777189323.628311,0,0.000000,0.000000,0.000000,0.000000,1.000000,0.000000,1.000000,0.000000,0.140000,0.000000
1777189323.659510,0,0.000000,0.000000,0.000000,0.000000,1.000000,0.000000,1.000000,0.000000,0.070000,0.000000
1777189323.660112,0,0.000000,0.000000,0.000000,0.000000,1.000000,0.000000,1.000000,0.000000,0.140000,0.150000
1777189323.692235,0,0.000000,0.000000,0.000000,0.000000,1.000000,0.000000,1.000000,0.000000,0.070000,0.020000
1777189323.723969,0,0.000000,0.000000,0.000000,0.000000,1.000000,0.000000,1.000000,0.000000,0.070000,0.020000
1777189323.724582,0,0.000000,0.000000,0.000000,0.000000,1.000000,0.000000,1.000000,0.000000,0.070000,0.000000
1777189323.725000,0,0.000000,0.000000,0.000000,0.000000,1.000000,0.000000,1.000000,0.000000,0.000000,0.020000
1777189323.725612,0,0.000000,0.000000,0.000000,0.000000,1.000000,0.000000,1.000000,0.000000,0.000000,0.020000
1777189323.758067,0,0.000000,0.000000,0.000000,0.000000,1.000000,0.000000,1.000000,0.000000,0.070000,0.020000
1777189323.792559,0,0.000000,0.000000,0.000000,0.000000,1.000000,0.000000,1.000000,0.000000,0.070000,0.000000
1777189323.793132,0,0.000000,0.000000,0.000000,0.000000,1.000000,0.000000,1.000000,0.000000,0.070000,0.000000
1777189323.825765,0,0.000000,0.000000,0.000000,0.000000,1.000000,0.000000,1.000000,0.000000,0.070000,0.000000
1777189323.826270,0,0.000000,0.000000,0.000000,0.000000,1.000000,0.000000,1.000000,0.000000,0.070000,0.000000
1777189323.826661,0,0.000000,0.000000,0.000000,0.000000,1.000000,0.000000,1.000000,0.000000,0.070000,0.000000
1777189323.858572,0,0.000000,0.000000,0.000000,0.000000,1.000000,0.000000,1.000000,0.000000,0.000000,0.000000
1777189323.859104,0,0.000000,0.000000,0.000000,0.000000,1.000000,0.000000,1.000000,0.000000,0.000000,0.000000
1777189323.890789,0,0.000000,0.000000,0.000000,0.000000,1.000000,0.000000,1.000000,0.000000,0.070000,0.020000
1777189323.891287,0,0.000000,0.000000,0.000000,0.000000,1.000000,0.000000,1.000000,0.000000,0.070000,0.000000
1777189323.921917,0,0.000000,0.000000,0.000000,0.000000,1.000000,0.000000,1.000000,0.000000,0.140000,0.000000
1777189323.922435,0,0.000000,0.000000,0.000000,0.000000,1.000000,0.000000,1.000000,0.000000,0.000000,0.020000
1777189323.952978,0,0.000000,0.000000,0.000000,0.000000,1.000000,0.000000,1.000000,0.000000,0.000000,0.000000
1777189323.953552,0,0.000000,0.000000,0.000000,0.000000,1.000000,0.000000,1.000000,0.000000,0.070000,0.000000
1777189323.985322,0,0.000000,0.000000,0.000000,0.000000,1.000000,0.000000,1.000000,0.000000,0.070000,0.020000
1777189323.985853,0,0.000000,0.000000,0.000000,0.000000,0.010000,0.000000,1.000000,0.000000,0.000000,0.020000
1777189324.019295,0,0.000000,0.000000,0.000000,0.000000,0.070000,0.000000,0.050000,0.000000,0.000000,0.000000
1777189324.019817,0,0.000000,0.000000,0.000000,0.000000,0.120000,0.000000,0.560000,0.000000,0.000000,0.020000
1777189324.035879,0,0.000000,0.000000,0.000000,0.000000,0.180000,0.000000,1.000000,0.000000,0.000000,0.000000
1777189324.036497,0,0.000000,0.000000,0.000000,0.000000,0.230000,0.000000,1.000000,0.000000,0.070000,0.000000
1777189324.037152,0,0.000000,0.000000,0.000000,0.000000,0.280000,0.000000,1.000000,0.000000,0.000000,0.000000
1777189324.061987,0,0.000000,0.000000,0.000000,0.000000,0.340000,0.000000,0.250000,0.000000,0.000000,0.000000
1777189324.063115,0,0.000000,0.000000,0.000000,0.000000,0.400000,0.000000,0.570000,0.000000,0.000000,0.020000
1777189324.076566,0,0.000000,0.000000,0.000000,0.000000,0.440000,0.000000,0.940000,0.000000,0.000000,0.000000
1777189324.083967,0,0.000000,0.000000,0.000000,0.000000,0.500000,0.000000,1.000000,0.000000,0.000000,0.000000
1777189324.107394,0,0.000000,0.000000,0.000000,0.000000,0.560000,0.000000,1.000000,0.000000,0.000000,0.020000
1777189324.115139,0,0.000000,0.000000,0.000000,0.000000,0.610000,0.000000,1.000000,0.000000,0.070000,0.020000
1777189324.129988,0,0.000000,0.000000,0.000000,0.000000,0.670000,0.000000,1.000000,0.000000,0.070000,0.000000
1777189324.146386,0,0.000000,0.000000,0.000000,0.000000,0.720000,0.000000,1.000000,0.000000,0.070000,0.000000
1777189324.168532,0,0.000000,0.000000,0.000000,0.000000,0.770000,0.000000,1.000000,0.000000,0.000000,0.000000
1777189324.170283,0,0.000000,0.000000,0.000000,0.000000,0.820000,0.000000,1.000000,0.000000,0.000000,0.000000
1777189324.198590,0,0.000000,0.000000,0.000000,0.000000,0.880000,0.000000,1.000000,0.000000,0.210000,0.000000
1777189324.205369,0,0.000000,0.000000,0.000000,0.000000,0.940000,0.000000,1.000000,0.000000,0.140000,0.000000
1777189324.222621,0,0.000000,0.000000,0.000000,0.000000,1.000000,0.000000,1.000000,0.000000,0.070000,0.000000
1777189324.249913,0,0.000000,0.000000,0.000000,0.000000,1.000000,0.000000,1.000000,0.000000,0.000000,0.000000
1777189324.250909,0,0.000000,0.000000,0.000000,0.000000,1.000000,0.000000,1.000000,0.000000,0.000000,0.070000
1777189324.266121,0,0.000000,0.000000,0.000000,0.000000,1.000000,0.000000,1.000000,0.000000,0.000000,0.020000
1777189324.280321,0,0.000000,0.000000,0.000000,0.000000,1.000000,0.000000,1.000000,0.000000,0.070000,0.020000
1777189324.303352,0,0.000000,0.000000,0.000000,0.000000,1.000000,0.000000,1.000000,0.000000,0.000000,0.020000
1777189324.310286,0,0.000000,0.000000,0.000000,0.000000,1.000000,0.000000,0.100000,0.000000,0.000000,0.000000
1777189324.325168,0,0.000000,0.000000,0.000000,0.000000,1.000000,0.000000,0.460000,0.000000,0.070000,0.000000
1777189324.347265,0,0.000000,0.000000,0.000000,0.000000,1.000000,0.000000,0.790000,0.000000,0.000000,0.070000
1777189324.355207,0,0.000000,0.000000,0.000000,0.000000,1.000000,0.000000,1.000000,0.000000,0.000000,0.020000
1777189324.377398,0,0.000000,0.000000,0.000000,0.000000,1.000000,0.000000,1.000000,0.000000,0.000000,0.000000
1777189324.378314,0,0.000000,0.000000,0.000000,0.000000,1.000000,0.000000,1.000000,0.000000,0.070000,0.020000
1777189324.398962,0,0.000000,0.000000,0.000000,0.000000,1.000000,0.000000,1.000000,0.000000,0.070000,0.100000
1777189324.415664,0,0.000000,0.000000,0.000000,0.000000,1.000000,0.000000,1.000000,0.000000,0.000000,0.020000
1777189324.437319,0,0.000000,0.000000,0.000000,0.000000,1.000000,0.000000,1.000000,0.000000,0.000000,0.070000
1777189324.445240,0,0.000000,0.000000,0.000000,0.000000,1.000000,0.000000,1.000000,0.000000,0.000000,0.000000
1777189324.476448,0,0.000000,0.000000,0.000000,0.000000,1.000000,0.000000,1.000000,0.000000,0.070000,0.000000
1777189324.479653,0,0.000000,0.000000,0.000000,0.000000,1.000000,0.000000,1.000000,0.000000,0.000000,0.000000
1777189324.491460,0,0.000000,0.000000,0.000000,0.000000,1.000000,0.000000,1.000000,0.000000,0.070000,0.020000
1777189324.505898,0,0.000000,0.000000,0.000000,0.000000,1.000000,0.000000,1.000000,0.000000,0.000000,0.020000
1777189324.520953,0,0.000000,0.000000,0.000000,0.000000,1.000000,0.000000,1.000000,0.000000,0.000000,0.070000
1777189324.557048,0,0.000000,0.000000,0.000000,0.000000,1.000000,0.000000,1.000000,0.000000,0.000000,0.020000
1777189324.564104,0,0.000000,0.000000,0.000000,0.000000,1.000000,0.000000,1.000000,0.000000,0.140000,0.000000
1777189324.566151,0,0.000000,0.000000,0.000000,0.000000,1.000000,0.000000,1.000000,0.000000,0.000000,0.000000
1777189324.580964,0,0.000000,0.000000,0.000000,0.000000,1.000000,0.000000,1.000000,0.000000,0.070000,0.020000
1777189324.594920,0,0.000000,0.000000,0.000000,0.000000,1.000000,0.000000,1.000000,0.000000,0.000000,0.180000
1777189324.609658,0,0.000000,0.000000,0.000000,0.000000,1.000000,0.000000,1.000000,0.000000,0.000000,0.020000
1777189324.626160,0,0.000000,0.000000,0.000000,0.000000,1.000000,0.000000,1.000000,0.000000,0.070000,0.020000
1777189324.647258,0,0.000000,0.000000,0.000000,0.000000,1.000000,0.000000,1.000000,0.000000,0.000000,0.000000
1777189324.664129,0,0.000000,0.000000,0.000000,0.000000,1.000000,0.000000,1.000000,0.000000,0.070000,0.000000
1777189324.678902,0,0.000000,0.000000,0.000000,0.000000,1.000000,0.000000,1.000000,0.000000,0.000000,0.000000
1777189324.701036,0,0.000000,0.000000,0.000000,0.000000,1.000000,0.000000,1.000000,0.000000,0.140000,0.100000
1777189324.708253,0,0.000000,0.000000,0.000000,0.000000,1.000000,0.000000,1.000000,0.000000,0.070000,0.020000
1777189324.724111,0,0.000000,0.000000,0.000000,0.000000,1.000000,0.000000,1.000000,0.000000,0.000000,0.000000
1777189324.746284,0,0.000000,0.000000,0.000000,0.000000,1.000000,0.000000,1.000000,0.000000,0.000000,0.020000
1777189324.752308,0,0.000000,0.000000,0.000000,0.000000,1.000000,0.000000,1.000000,0.000000,0.070000,0.150000
1777189324.767796,0,0.000000,0.000000,0.000000,0.000000,1.000000,0.000000,1.000000,0.000000,0.000000,0.000000
1777189324.783607,0,0.000000,0.000000,0.000000,0.000000,1.000000,0.000000,1.000000,0.000000,0.070000,0.180000
1777189324.806362,0,0.000000,0.000000,0.000000,0.000000,1.000000,0.000000,0.250000,0.000000,0.000000,0.000000
1777189324.812861,0,0.000000,0.000000,0.000000,0.000000,1.000000,0.000000,0.600000,0.000000,0.000000,0.020000
1777189324.833907,0,0.000000,0.000000,0.000000,0.000000,1.000000,0.000000,0.140000,0.000000,0.000000,0.000000
1777189324.849917,0,0.000000,0.000000,0.000000,0.000000,1.000000,0.000000,0.500000,0.000000,0.070000,0.000000
1777189324.858366,0,0.000000,0.000000,0.000000,0.000000,1.000000,0.000000,0.890000,0.000000,0.000000,0.000000
1777189324.888504,0,0.000000,0.000000,0.000000,0.000000,1.000000,0.000000,1.000000,0.000000,0.070000,0.000000
1777189324.894793,0,0.000000,0.000000,0.000000,0.000000,1.000000,0.000000,1.000000,0.000000,0.140000,0.180000
1777189324.902869,0,0.000000,0.000000,0.000000,0.000000,1.000000,0.000000,0.070000,0.000000,0.070000,0.000000
1777189324.919732,0,0.000000,0.000000,0.000000,0.000000,1.000000,0.000000,0.340000,0.000000,0.000000,0.000000
1777189324.956843,0,0.000000,0.000000,0.000000,0.000000,1.000000,0.000000,0.610000,0.000000,0.000000,0.000000
1777189324.958442,0,0.000000,0.000000,0.000000,0.000000,1.000000,0.000000,0.860000,0.000000,0.140000,0.000000
1777189324.971221,0,0.000000,0.000000,0.000000,0.000000,1.000000,0.000000,1.000000,0.000000,0.140000,0.000000
1777189324.992599,0,0.000000,0.000000,0.000000,0.000000,1.000000,0.000000,1.000000,0.000000,0.000000,0.000000
1777189325.009052,0,0.000000,0.000000,0.000000,0.000000,1.000000,0.000000,1.000000,0.000000,0.000000,0.020000
1777189325.015501,0,0.000000,0.000000,0.000000,0.000000,1.000000,0.000000,1.000000,0.000000,0.070000,0.000000
1777189325.031169,0,0.000000,0.000000,0.000000,0.000000,1.000000,0.000000,1.000000,0.000000,0.000000,0.000000
1777189325.046209,0,0.000000,0.000000,0.000000,0.000000,1.000000,0.000000,1.000000,0.000000,0.070000,0.000000
1777189325.068807,0,0.000000,0.000000,0.000000,0.000000,1.000000,0.000000,1.000000,0.000000,0.000000,0.000000
1777189325.091289,0,0.000000,0.000000,0.000000,0.000000,1.000000,0.000000,1.000000,0.000000,0.070000,0.000000
1777189325.092833,0,0.000000,0.000000,0.000000,0.000000,1.000000,0.000000,1.000000,0.000000,0.070000,0.000000
1777189325.107204,0,0.000000,0.000000,0.000000,0.000000,1.000000,0.000000,1.000000,0.000000,0.140000,0.000000
1777189325.128284,0,0.000000,0.000000,0.000000,0.000000,1.000000,0.000000,1.000000,0.000000,0.000000,0.000000
1777189325.142366,0,0.000000,0.000000,0.000000,0.000000,1.000000,0.000000,1.000000,0.000000,0.000000,0.000000
1777189325.149945,0,0.000000,0.000000,0.000000,0.000000,1.000000,0.000000,1.000000,0.000000,0.070000,0.000000
1777189325.168702,0,0.000000,0.000000,0.000000,0.000000,1.000000,0.000000,1.000000,0.000000,0.070000,0.020000
1777189325.179984,0,0.000000,0.000000,0.000000,0.000000,1.000000,0.000000,1.000000,0.000000,0.000000,0.020000
1777189325.201980,0,0.000000,0.000000,0.000000,0.000000,1.000000,0.000000,1.000000,0.000000,0.070000,0.020000
1777189325.210085,0,0.000000,0.000000,0.000000,0.000000,1.000000,0.000000,1.000000,0.000000,0.070000,0.000000
1777189325.227066,0,0.000000,0.000000,0.000000,0.000000,1.000000,0.000000,1.000000,0.000000,0.000000,0.020000
1777189325.248554,0,0.000000,0.000000,0.000000,0.000000,1.000000,0.000000,0.020000,0.000000,0.070000,0.000000
1777189325.255064,0,0.000000,0.000000,0.000000,0.000000,1.000000,0.000000,0.250000,0.000000,0.140000,0.020000
1777189325.270980,0,0.000000,0.000000,0.000000,0.000000,1.000000,0.000000,0.510000,0.000000,0.070000,0.070000
1777189325.292929,0,0.000000,0.000000,0.000000,0.000000,1.000000,0.000000,0.770000,0.000000,0.070000,0.000000
1777189325.308325,0,0.000000,0.000000,0.000000,0.000000,1.000000,0.000000,1.000000,0.000000,0.000000,0.020000
1777189325.315491,0,0.000000,0.000000,0.000000,0.000000,1.000000,0.000000,1.000000,0.000000,0.070000,0.000000
1777189325.331609,0,0.000000,0.000000,0.000000,0.000000,1.000000,0.000000,1.000000,0.000000,0.070000,0.000000
1777189325.358258,0,0.000000,0.000000,0.000000,0.000000,1.000000,0.000000,1.000000,0.000000,0.000000,0.020000
1777189325.367761,0,0.000000,0.000000,0.000000,0.000000,1.000000,0.000000,1.000000,0.000000,0.070000,0.100000
1777189325.375323,0,0.000000,0.000000,0.000000,0.000000,1.000000,0.000000,1.000000,0.000000,0.000000,0.000000
1777189325.389492,0,0.000000,0.000000,0.000000,0.000000,1.000000,0.000000,1.000000,0.000000,0.000000,0.000000
1777189325.412580,0,0.000000,0.000000,0.000000,0.000000,1.000000,0.000000,0.180000,0.000000,0.070000,0.000000
1777189325.426003,0,0.000000,0.000000,0.000000,0.000000,1.000000,0.000000,0.400000,0.000000,0.000000,0.000000
1777189325.450730,0,0.000000,0.000000,0.000000,0.000000,1.000000,0.000000,0.680000,0.000000,0.000000,0.020000
1777189325.457157,0,0.000000,0.000000,0.000000,0.000000,1.000000,0.000000,0.070000,0.000000,0.000000,0.000000
1777189325.473324,0,0.000000,0.000000,0.000000,0.000000,1.000000,0.000000,0.340000,0.000000,0.000000,0.020000
1777189325.488462,0,0.000000,0.000000,0.000000,0.000000,1.000000,0.000000,0.620000,0.000000,0.070000,0.000000
1777189325.502600,0,0.000000,0.000000,0.000000,0.000000,1.000000,0.000000,0.920000,0.000000,0.000000,0.020000
1777189325.509660,0,0.000000,0.000000,0.000000,0.000000,0.010000,0.000000,1.000000,0.000000,0.000000,0.100000
1777189325.540035,0,0.000000,0.000000,0.000000,0.000000,0.070000,0.000000,1.000000,0.000000,0.000000,0.000000
1777189325.548127,0,0.000000,0.000000,0.000000,0.000000,0.110000,0.000000,1.000000,0.000000,0.070000,0.020000
1777189325.562777,0,0.000000,0.000000,0.000000,0.000000,0.180000,0.000000,1.000000,0.000000,0.070000,0.000000
1777189325.577386,0,0.000000,0.000000,0.000000,0.000000,0.230000,0.000000,1.000000,0.000000,0.000000,0.000000
1777189325.600218,0,0.000000,0.000000,0.000000,0.000000,0.280000,0.000000,1.000000,0.000000,0.000000,0.020000
1777189325.606822,0,0.000000,0.000000,0.000000,0.000000,0.340000,0.000000,1.000000,0.000000,0.070000,0.210000
1777189325.623175,0,0.000000,0.000000,0.000000,0.000000,0.380000,0.000000,1.000000,0.000000,0.000000,0.020000
1777189325.637946,0,0.000000,0.000000,0.000000,0.000000,0.430000,0.000000,1.000000,0.000000,0.000000,0.000000
1777189325.660546,0,0.000000,0.000000,0.000000,0.000000,0.500000,0.000000,1.000000,0.000000,0.140000,0.000000
1777189325.675223,0,0.000000,0.000000,0.000000,0.000000,0.550000,0.000000,1.000000,0.000000,0.000000,0.000000
1777189325.676273,0,0.000000,0.000000,0.000000,0.000000,0.600000,0.000000,1.000000,0.000000,0.070000,0.000000
1777189325.705176,0,0.000000,0.000000,0.000000,0.000000,0.660000,0.000000,0.140000,0.000000,0.070000,0.000000
1777189325.712471,0,0.000000,0.000000,0.000000,0.000000,0.700000,0.000000,0.400000,0.000000,0.000000,0.000000
1777189325.729212,0,0.000000,0.000000,0.000000,0.000000,0.750000,0.000000,0.690000,0.000000,0.000000,0.000000
1777189325.758562,0,0.000000,0.000000,0.000000,0.000000,0.810000,0.000000,0.980000,0.000000,0.140000,0.020000
1777189325.759563,0,0.000000,0.000000,0.000000,0.000000,0.870000,0.000000,1.000000,0.000000,0.000000,0.000000
1777189325.772444,0,0.000000,0.000000,0.000000,0.000000,0.920000,0.000000,1.000000,0.000000,0.000000,0.000000
1777189325.794537,0,0.000000,0.000000,0.000000,0.000000,0.980000,0.000000,0.000000,0.000000,0.000000,0.370000
1777189325.811666,0,0.000000,0.000000,0.000000,0.000000,1.000000,0.000000,0.000000,0.000000,0.070000,0.340000
1777189325.818165,0,0.000000,0.000000,0.000000,0.000000,1.000000,0.000000,0.280000,0.000000,0.000000,0.020000
1777189325.833040,0,0.000000,0.000000,0.000000,0.000000,1.000000,0.000000,0.560000,0.000000,0.070000,0.000000
1777189325.856224,0,0.000000,0.000000,0.000000,0.000000,1.000000,0.000000,0.830000,0.000000,0.000000,0.000000
1777189325.862255,0,0.000000,0.000000,0.000000,0.000000,1.000000,0.000000,1.000000,0.000000,0.070000,0.000000
1777189325.877726,0,0.000000,0.000000,0.000000,0.000000,1.000000,0.000000,1.000000,0.000000,0.070000,0.000000
1777189325.892315,0,0.000000,0.000000,0.000000,0.000000,1.000000,0.000000,1.000000,0.000000,0.070000,0.020000
1777189325.924500,0,0.000000,0.000000,0.000000,0.000000,1.000000,0.000000,1.000000,0.000000,0.000000,0.000000
1777189325.926770,0,0.000000,0.000000,0.000000,0.000000,1.000000,0.000000,1.000000,0.000000,0.000000,0.000000
1777189325.938602,0,0.000000,0.000000,0.000000,0.000000,1.000000,0.000000,0.050000,0.000000,0.070000,0.000000
1777189325.961255,0,0.000000,0.000000,0.000000,0.000000,1.000000,0.000000,0.150000,0.000000,0.070000,0.000000
1777189325.977540,0,0.000000,0.000000,0.000000,0.000000,1.000000,0.000000,0.430000,0.000000,0.000000,0.070000
1777189325.990801,0,0.000000,0.000000,0.000000,0.000000,1.000000,0.000000,0.680000,0.000000,0.070000,0.020000
1777189326.005599,0,0.000000,0.000000,0.000000,0.000000,1.000000,0.000000,0.000000,0.000000,0.000000,0.300000
1777189326.013403,0,0.000000,0.000000,0.000000,0.000000,1.000000,0.000000,0.200000,0.000000,0.070000,0.070000
1777189326.036556,0,0.000000,0.000000,0.000000,0.000000,1.000000,0.000000,0.430000,0.000000,0.000000,0.020000
1777189326.043087,0,0.000000,0.000000,0.000000,0.000000,1.000000,0.000000,0.670000,0.000000,0.070000,0.020000
1777189326.060424,0,0.000000,0.000000,0.000000,0.000000,1.000000,0.000000,0.920000,0.000000,0.000000,0.000000
1777189326.096739,0,0.000000,0.000000,0.000000,0.000000,1.000000,0.000000,1.000000,0.000000,0.070000,0.000000
1777189326.099376,0,0.000000,0.000000,0.000000,0.000000,1.000000,0.000000,1.000000,0.000000,0.000000,0.000000
1777189326.125027,0,0.000000,0.000000,0.000000,0.000000,0.020000,0.000000,1.000000,0.000000,0.000000,0.000000
1777189326.126562,0,0.000000,0.000000,0.000000,0.000000,0.070000,0.000000,1.000000,0.000000,0.070000,0.020000
1777189326.140858,0,0.000000,0.000000,0.000000,0.000000,0.120000,0.000000,1.000000,0.000000,0.000000,0.020000
1777189326.147601,0,0.000000,0.000000,0.000000,0.000000,0.180000,0.000000,1.000000,0.000000,0.000000,0.020000
1777189326.169194,0,0.000000,0.000000,0.000000,0.000000,0.230000,0.000000,1.000000,0.000000,0.000000,0.020000
1777189326.185228,0,0.000000,0.000000,0.000000,0.000000,0.280000,0.000000,1.000000,0.000000,0.000000,0.000000
1777189326.201167,0,0.000000,0.000000,0.000000,0.000000,0.340000,0.000000,1.000000,0.000000,0.000000,0.000000
1777189326.215355,0,0.000000,0.000000,0.000000,0.000000,0.400000,0.000000,1.000000,0.000000,0.070000,0.000000
1777189326.230500,0,0.000000,0.000000,0.000000,0.000000,0.440000,0.000000,1.000000,0.000000,0.000000,0.020000
1777189326.246147,0,0.000000,0.000000,0.000000,0.000000,0.500000,0.000000,0.110000,0.000000,0.000000,0.000000
1777189326.269172,0,0.000000,0.000000,0.000000,0.000000,0.550000,0.000000,0.330000,0.000000,0.000000,0.000000
1777189326.275541,0,0.000000,0.000000,0.000000,0.000000,0.610000,0.000000,0.560000,0.000000,0.000000,0.000000
1777189326.300367,0,0.000000,0.000000,0.000000,0.000000,0.660000,0.000000,0.810000,0.000000,0.000000,0.000000
1777189326.311868,0,0.000000,0.000000,0.000000,0.000000,0.720000,0.000000,1.000000,0.000000,0.000000,0.100000
1777189326.320867,0,0.000000,0.000000,0.000000,0.000000,0.760000,0.000000,1.000000,0.000000,0.000000,0.020000
1777189326.344266,0,0.000000,0.000000,0.000000,0.000000,0.810000,0.000000,1.000000,0.000000,0.000000,0.000000
1777189326.350223,0,0.000000,0.000000,0.000000,0.000000,0.870000,0.000000,1.000000,0.000000,0.140000,0.000000
1777189326.379581,0,0.000000,0.000000,0.000000,0.000000,0.930000,0.000000,1.000000,0.000000,0.000000,0.000000
1777189326.431569,0,0.000000,0.000000,0.000000,0.000000,0.990000,0.000000,0.050000,0.000000,0.000000,0.000000
1777189326.467608,0,0.000000,0.000000,0.000000,0.000000,1.000000,0.000000,0.270000,0.000000,0.000000,0.020000
1777189326.468109,0,0.000000,0.000000,0.000000,0.000000,1.000000,0.000000,0.470000,0.000000,0.000000,0.000000
1777189326.469068,0,0.000000,0.000000,0.000000,0.000000,1.000000,0.000000,0.720000,0.000000,0.070000,0.020000
1777189326.501267,0,0.000000,0.000000,0.000000,0.000000,1.000000,0.000000,0.930000,0.000000,0.000000,0.020000
1777189326.501842,0,0.000000,0.000000,0.000000,0.000000,1.000000,0.000000,1.000000,0.000000,0.070000,0.000000
1777189326.532436,0,0.000000,0.000000,0.000000,0.000000,1.000000,0.000000,1.000000,0.000000,0.140000,0.070000
1777189326.532977,0,0.000000,0.000000,0.000000,0.000000,1.000000,0.000000,1.000000,0.000000,0.000000,0.020000
1777189326.564172,0,0.000000,0.000000,0.000000,0.000000,1.000000,0.000000,1.000000,0.000000,0.000000,0.000000
1777189326.564670,0,0.000000,1.000000,0.000000,0.000000,1.000000,0.000000,1.000000,0.000000,0.140000,0.000000
1777189326.596277,0,0.000000,1.000000,0.000000,0.000000,1.000000,0.000000,1.000000,0.000000,0.000000,0.020000
1777189326.596799,0,0.000000,1.000000,0.000000,0.000000,1.000000,0.000000,1.000000,0.000000,0.000000,0.100000
1777189326.627466,0,0.000000,1.000000,0.000000,0.000000,1.000000,0.000000,1.000000,0.000000,0.000000,0.020000
1777189326.627997,0,0.000000,1.000000,0.000000,0.000000,1.000000,0.000000,1.000000,0.000000,0.000000,0.000000
1777189326.657829,0,0.000000,1.000000,0.000000,0.000000,1.000000,0.000000,1.000000,0.000000,0.000000,0.020000
1777189326.658331,0,0.000000,1.000000,0.000000,0.000000,1.000000,0.000000,1.000000,0.000000,0.070000,0.070000
1777189326.714650,0,0.000000,1.000000,0.000000,0.000000,1.000000,0.000000,0.050000,0.000000,0.070000,0.000000
1777189326.715176,0,0.000000,1.000000,0.000000,0.000000,1.000000,0.000000,0.250000,0.000000,0.070000,0.000000
1777189326.771295,0,0.000000,1.000000,0.000000,0.000000,1.000000,0.000000,0.500000,0.000000,0.000000,0.020000
1777189326.771829,0,0.000000,1.000000,0.000000,0.000000,1.000000,0.000000,0.690000,0.000000,0.000000,0.000000
1777189326.772252,0,0.000000,1.000000,0.000000,0.000000,1.000000,0.000000,0.930000,0.000000,0.070000,0.000000
1777189326.772639,0,0.000000,1.000000,0.000000,0.000000,1.000000,0.000000,1.000000,0.000000,0.070000,0.150000
1777189326.773023,0,0.000000,1.000000,0.000000,0.000000,1.000000,0.000000,1.000000,0.000000,0.070000,0.000000
1777189326.773634,0,0.000000,1.000000,0.000000,0.000000,1.000000,0.000000,0.050000,0.000000,0.070000,0.020000
1777189326.774095,0,0.000000,1.000000,0.000000,0.000000,0.010000,0.000000,0.100000,0.000000,0.000000,0.000000
1777189326.829427,0,0.000000,1.000000,0.000000,0.000000,0.070000,0.000000,0.070000,0.000000,0.070000,0.020000
1777189326.829980,0,0.000000,1.000000,0.000000,0.000000,0.110000,0.000000,0.230000,0.000000,0.000000,0.020000
1777189326.830557,0,0.000000,1.000000,0.000000,0.000000,0.170000,0.000000,0.400000,0.000000,0.070000,0.000000
1777189326.830963,0,0.000000,1.000000,0.000000,0.000000,0.000000,0.000000,0.570000,0.000000,0.000000,0.000000
1777189326.886640,0,0.000000,1.000000,0.000000,0.000000,0.070000,0.000000,0.750000,0.000000,0.070000,0.020000
1777189326.887180,0,0.000000,1.000000,0.000000,0.000000,0.120000,0.000000,0.930000,0.000000,0.000000,0.000000
1777189326.887784,0,0.000000,1.000000,0.000000,0.000000,0.200000,0.000000,1.000000,0.000000,0.070000,0.020000
1777189326.888219,0,0.000000,1.000000,0.000000,0.000000,0.270000,0.000000,1.000000,0.000000,0.000000,0.000000
1777189326.944324,0,0.000000,1.000000,0.000000,0.000000,0.330000,0.000000,1.000000,0.000000,0.070000,0.000000
1777189326.944882,0,0.000000,1.000000,0.000000,0.000000,0.400000,0.000000,1.000000,0.000000,0.070000,0.020000
1777189326.945476,0,0.000000,1.000000,0.000000,0.000000,0.460000,0.000000,1.000000,0.000000,0.070000,0.000000
1777189327.002119,0,0.000000,1.000000,0.000000,0.000000,0.510000,0.000000,1.000000,0.000000,0.070000,0.000000
1777189327.002651,0,0.000000,1.000000,0.000000,0.000000,0.570000,0.000000,1.000000,0.000000,0.000000,0.000000
1777189327.003065,0,0.000000,1.000000,0.000000,0.000000,0.660000,0.000000,0.100000,0.000000,0.000000,0.000000
1777189327.003649,0,0.000000,1.000000,0.000000,0.000000,0.720000,0.000000,0.230000,0.000000,0.000000,0.000000
1777189327.004096,0,0.000000,1.000000,0.000000,0.000000,0.790000,0.000000,0.370000,0.000000,0.000000,0.070000
1777189327.059976,0,0.000000,1.000000,0.000000,0.000000,0.860000,0.000000,0.510000,0.000000,0.000000,0.020000
1777189327.060496,0,0.000000,1.000000,0.000000,0.000000,0.920000,0.000000,0.670000,0.000000,0.000000,0.020000
1777189327.061050,0,0.000000,1.000000,0.000000,0.000000,0.980000,0.000000,0.810000,0.000000,0.070000,0.000000
1777189327.116478,0,0.000000,1.000000,0.000000,0.000000,1.000000,0.000000,0.000000,0.000000,0.000000,0.560000
1777189327.117002,0,0.000000,1.000000,0.000000,0.000000,1.000000,0.000000,0.150000,0.000000,0.070000,0.100000
1777189327.117599,0,0.000000,1.000000,0.000000,0.000000,1.000000,0.000000,0.300000,0.000000,0.000000,0.070000
1777189327.118040,0,0.000000,1.000000,0.000000,0.000000,1.000000,0.000000,0.430000,0.000000,0.000000,0.020000
1777189327.173075,0,0.000000,1.000000,0.000000,0.000000,1.000000,0.000000,0.090000,0.000000,0.000000,0.000000
1777189327.173600,0,0.000000,1.000000,0.000000,0.000000,1.000000,0.000000,0.230000,0.000000,0.070000,0.000000
1777189327.174007,0,0.000000,1.000000,0.000000,0.000000,1.000000,0.000000,0.360000,0.000000,0.000000,0.000000
1777189327.229561,0,0.000000,1.000000,0.000000,0.000000,1.000000,0.000000,0.500000,0.000000,0.140000,0.000000
1777189327.230061,0,0.000000,1.000000,0.000000,0.000000,1.000000,0.000000,0.620000,0.000000,0.000000,0.000000
1777189327.230485,0,0.000000,1.000000,0.000000,0.000000,1.000000,0.000000,0.750000,0.000000,0.070000,0.000000
1777189327.285394,0,0.000000,1.000000,0.000000,0.000000,1.000000,0.000000,0.880000,0.000000,0.000000,0.020000
1777189327.285961,0,0.000000,1.000000,0.000000,0.000000,1.000000,0.000000,1.000000,0.000000,0.070000,0.000000
1777189327.286382,0,0.000000,1.000000,0.000000,0.000000,1.000000,0.000000,1.000000,0.000000,0.000000,0.020000
1777189327.286942,0,0.000000,1.000000,0.000000,0.000000,1.000000,0.000000,1.000000,0.000000,0.070000,0.000000
1777189327.342881,0,0.000000,1.000000,0.000000,0.000000,1.000000,0.000000,1.000000,0.000000,0.000000,0.070000
1777189327.343406,0,0.000000,1.000000,0.000000,0.000000,1.000000,0.000000,1.000000,0.000000,0.070000,0.000000
1777189327.343814,0,0.000000,1.000000,0.000000,0.000000,1.000000,0.000000,1.000000,0.000000,0.000000,0.000000
1777189327.344389,0,0.000000,1.000000,0.000000,0.000000,1.000000,0.000000,1.000000,0.000000,0.000000,0.020000
1777189327.344847,0,0.000000,1.000000,0.000000,0.000000,1.000000,0.000000,1.000000,0.000000,0.070000,0.070000
1777189327.404686,0,0.000000,1.000000,0.000000,0.000000,1.000000,0.000000,1.000000,0.000000,0.000000,0.020000
1777189327.405494,0,0.000000,1.000000,0.000000,0.000000,1.000000,0.000000,1.000000,0.000000,0.140000,0.000000
1777189327.405938,0,0.000000,1.000000,0.000000,0.000000,1.000000,0.000000,1.000000,0.000000,0.000000,0.000000
1777189327.462754,0,0.000000,1.000000,0.000000,0.000000,1.000000,0.000000,1.000000,0.000000,0.000000,0.000000
1777189327.463277,0,0.000000,1.000000,0.000000,0.000000,1.000000,0.000000,1.000000,0.000000,0.000000,0.000000
1777189327.463869,0,0.000000,1.000000,0.000000,0.000000,1.000000,0.000000,1.000000,0.000000,0.000000,0.000000
1777189327.464281,0,0.000000,1.000000,0.000000,0.000000,1.000000,0.000000,1.000000,0.000000,0.070000,0.000000
1777189327.520370,0,0.000000,1.000000,0.000000,0.000000,1.000000,0.000000,0.050000,0.000000,0.000000,0.000000
1777189327.520926,0,0.000000,1.000000,0.000000,0.000000,1.000000,0.000000,0.150000,0.000000,0.070000,0.000000
1777189327.521517,0,0.000000,1.000000,0.000000,0.000000,1.000000,0.000000,0.230000,0.000000,0.000000,0.000000
1777189327.521979,0,0.000000,1.000000,0.000000,0.000000,1.000000,0.000000,0.340000,0.000000,0.000000,0.000000
1777189327.577121,0,0.000000,1.000000,0.000000,0.000000,1.000000,0.000000,0.430000,0.000000,0.000000,0.210000
1777189327.577649,0,0.000000,1.000000,0.000000,0.000000,1.000000,0.000000,0.510000,0.000000,0.070000,0.020000
1777189327.578219,0,0.000000,1.000000,0.000000,0.000000,1.000000,0.000000,0.620000,0.000000,0.000000,0.100000
1777189327.578643,0,0.000000,1.000000,0.000000,0.000000,0.010000,0.000000,0.700000,0.000000,0.000000,0.000000
1777189327.634635,0,0.000000,1.000000,0.000000,0.000000,0.090000,0.000000,0.810000,0.000000,0.000000,0.000000
1777189327.635237,0,0.000000,1.000000,0.000000,0.000000,0.010000,0.000000,0.890000,0.000000,0.000000,0.020000
1777189327.691833,0,0.000000,1.000000,0.000000,0.000000,0.120000,0.000000,1.000000,0.000000,0.000000,0.000000
1777189327.692366,0,0.000000,1.000000,0.000000,0.000000,0.230000,0.000000,1.000000,0.000000,0.070000,0.000000
1777189327.692787,0,0.000000,1.000000,0.000000,0.000000,0.340000,0.000000,1.000000,0.000000,0.070000,0.000000
1777189327.693175,0,0.000000,1.000000,0.000000,0.000000,0.430000,0.000000,1.000000,0.000000,0.070000,0.000000
1777189327.693825,0,0.000000,1.000000,0.000000,0.000000,0.550000,0.000000,1.000000,0.000000,0.070000,0.100000
1777189327.750259,0,0.000000,1.000000,0.000000,0.000000,0.660000,0.000000,1.000000,0.000000,0.070000,0.000000
1777189327.750890,0,0.000000,1.000000,0.000000,0.000000,0.760000,0.000000,1.000000,0.000000,0.000000,0.000000
1777189327.751530,0,0.000000,1.000000,0.000000,0.000000,0.860000,0.000000,1.000000,0.000000,0.070000,0.020000
1777189327.807692,0,0.000000,1.000000,0.000000,0.000000,0.970000,0.000000,1.000000,0.000000,0.000000,0.000000
1777189327.808190,0,0.000000,1.000000,0.000000,0.000000,1.000000,0.000000,1.000000,0.000000,0.070000,0.000000
1777189327.808797,0,0.000000,1.000000,0.000000,0.000000,1.000000,0.000000,1.000000,0.000000,0.070000,0.000000
1777189327.809215,0,0.000000,1.000000,0.000000,0.000000,1.000000,0.000000,1.000000,0.000000,0.000000,0.020000
1777189327.809596,0,0.000000,1.000000,0.000000,0.000000,1.000000,0.000000,1.000000,0.000000,0.000000,0.100000
1777189327.865524,0,0.000000,1.000000,0.000000,0.000000,1.000000,0.000000,1.000000,0.000000,0.000000,0.020000
1777189327.866053,0,0.000000,1.000000,0.000000,0.000000,1.000000,0.000000,1.000000,0.000000,0.070000,0.000000
1777189327.866465,0,0.000000,1.000000,0.000000,0.000000,1.000000,0.000000,1.000000,0.000000,0.000000,0.000000
1777189327.922896,0,0.000000,1.000000,0.000000,0.000000,1.000000,0.000000,1.000000,0.000000,0.070000,0.100000
1777189327.923417,0,0.000000,1.000000,0.000000,0.000000,1.000000,0.000000,1.000000,0.000000,0.070000,0.000000
1777189327.923823,0,0.000000,1.000000,0.000000,0.000000,1.000000,0.000000,1.000000,0.000000,0.000000,0.000000
1777189327.924363,0,0.000000,1.000000,0.000000,0.000000,1.000000,0.000000,1.000000,0.000000,0.070000,0.000000
1777189327.924791,0,0.000000,1.000000,0.000000,0.000000,1.000000,0.000000,1.000000,0.000000,0.070000,0.000000
1777189327.979957,0,0.000000,1.000000,0.000000,0.000000,1.000000,0.000000,1.000000,0.000000,0.070000,0.150000
1777189327.980927,0,0.000000,1.000000,0.000000,0.000000,1.000000,0.000000,1.000000,0.000000,0.070000,0.000000
1777189328.037146,0,0.000000,1.000000,0.000000,0.000000,1.000000,0.000000,1.000000,0.000000,0.000000,0.000000
1777189328.037696,0,0.000000,1.000000,0.000000,0.000000,1.000000,0.000000,1.000000,0.000000,0.000000,0.020000
1777189328.038103,0,0.000000,1.000000,0.000000,0.000000,1.000000,0.000000,1.000000,0.000000,0.000000,0.000000
1777189328.038687,0,0.000000,1.000000,0.000000,0.000000,1.000000,0.000000,0.000000,0.000000,0.000000,0.000000
1777189328.039207,0,0.000000,1.000000,0.000000,0.000000,1.000000,0.000000,0.050000,0.000000,0.000000,0.000000
1777189328.094511,0,0.000000,1.000000,0.000000,0.000000,1.000000,0.000000,0.100000,0.000000,0.140000,0.000000
1777189328.095194,0,0.000000,1.000000,0.000000,0.000000,1.000000,0.000000,0.150000,0.000000,0.000000,0.000000
1777189328.095624,0,0.000000,1.000000,0.000000,0.000000,1.000000,0.000000,0.010000,0.000000,0.070000,0.000000
1777189328.096024,0,0.000000,1.000000,0.000000,0.000000,1.000000,0.000000,0.030000,0.000000,0.000000,0.020000
1777189328.151518,0,0.000000,1.000000,0.000000,0.000000,1.000000,0.000000,0.100000,0.000000,0.070000,0.000000
1777189328.152054,0,0.000000,1.000000,0.000000,0.000000,1.000000,0.000000,0.180000,0.000000,0.070000,0.000000
1777189328.207402,0,0.000000,1.000000,0.000000,0.000000,1.000000,0.000000,0.250000,0.000000,0.000000,0.000000
1777189328.207927,0,0.000000,1.000000,0.000000,0.000000,1.000000,0.000000,0.330000,0.000000,0.070000,0.000000
1777189328.208334,0,0.000000,1.000000,0.000000,0.000000,1.000000,0.000000,0.400000,0.000000,0.070000,0.070000
1777189328.208713,0,0.000000,1.000000,0.000000,0.000000,1.000000,0.000000,0.470000,0.000000,0.070000,0.020000
1777189328.209373,0,0.000000,1.000000,0.000000,0.000000,1.000000,0.000000,0.550000,0.000000,0.070000,0.000000
1777189328.267007,0,0.000000,1.000000,0.000000,0.000000,1.000000,0.000000,0.620000,0.000000,0.000000,0.020000
1777189328.267535,0,0.000000,1.000000,0.000000,0.000000,1.000000,0.000000,0.680000,0.000000,0.000000,0.000000
1777189328.268142,0,0.000000,1.000000,0.000000,0.000000,1.000000,0.000000,0.760000,0.000000,0.000000,0.020000
1777189328.268891,0,0.000000,1.000000,0.000000,0.000000,1.000000,0.000000,0.830000,0.000000,0.070000,0.000000
1777189328.298939,0,0.000000,1.000000,0.000000,0.000000,1.000000,0.000000,0.920000,0.000000,0.070000,0.020000
1777189328.356364,0,0.000000,1.000000,0.000000,0.000000,1.000000,0.000000,0.050000,0.000000,0.000000,0.000000
1777189328.356908,0,0.000000,1.000000,0.000000,0.000000,1.000000,0.000000,0.230000,0.000000,0.070000,0.000000
1777189328.357314,0,0.000000,1.000000,0.000000,0.000000,0.000000,0.000000,0.400000,0.000000,0.280000,0.000000
1777189328.358985,0,0.000000,1.000000,0.000000,0.000000,0.100000,0.000000,0.560000,0.000000,0.000000,0.020000
1777189328.418631,0,0.000000,1.000000,0.000000,0.000000,0.200000,0.000000,0.750000,0.000000,0.000000,0.020000
1777189328.419127,0,0.000000,1.000000,0.000000,0.000000,0.310000,0.000000,0.930000,0.000000,0.000000,0.000000
1777189328.419535,0,0.000000,1.000000,0.000000,0.000000,0.430000,0.000000,1.000000,0.000000,0.000000,0.020000
1777189328.420103,0,0.000000,1.000000,0.000000,0.000000,0.540000,0.000000,0.100000,0.000000,0.000000,0.000000
1777189328.420508,0,0.000000,1.000000,0.000000,0.000000,0.640000,0.000000,0.250000,0.000000,0.070000,0.000000
1777189328.477174,0,0.000000,1.000000,0.000000,0.000000,0.750000,0.000000,0.370000,0.000000,0.000000,0.000000
1777189328.477952,0,0.000000,1.000000,0.000000,0.000000,0.850000,0.000000,0.510000,0.000000,0.070000,0.150000
1777189328.478390,0,0.000000,1.000000,0.000000,0.000000,0.950000,0.000000,0.670000,0.000000,0.140000,0.020000
1777189328.478792,0,0.000000,1.000000,0.000000,0.000000,1.000000,0.000000,0.800000,0.000000,0.070000,0.000000
1777189328.535552,0,0.000000,1.000000,0.000000,0.000000,1.000000,0.000000,0.940000,0.000000,0.070000,0.000000
1777189328.536081,0,0.000000,1.000000,0.000000,0.000000,1.000000,0.000000,1.000000,0.000000,0.070000,0.000000
1777189328.536648,0,0.000000,1.000000,0.000000,0.000000,1.000000,0.000000,0.050000,0.000000,0.070000,0.150000
1777189328.537064,0,0.000000,0.000000,0.000000,0.000000,1.000000,0.000000,0.150000,0.000000,0.000000,0.020000
1777189328.593249,0,0.000000,0.000000,0.000000,0.000000,1.000000,0.000000,0.270000,0.000000,0.000000,0.020000
1777189328.593927,0,0.000000,0.000000,0.000000,0.000000,1.000000,0.000000,0.370000,0.000000,0.070000,0.100000
1777189328.594348,0,0.000000,0.000000,0.000000,0.000000,1.000000,0.000000,0.470000,0.000000,0.070000,0.000000
1777189328.650627,0,0.000000,0.000000,0.000000,0.000000,1.000000,0.000000,0.600000,0.000000,0.000000,0.020000
1777189328.651148,0,0.000000,0.000000,0.000000,0.000000,1.000000,0.000000,0.680000,0.000000,0.210000,0.070000
1777189328.651728,0,0.000000,0.000000,0.000000,0.000000,1.000000,0.000000,0.810000,0.000000,0.070000,0.070000
1777189328.652156,0,0.000000,0.000000,0.000000,0.000000,1.000000,0.000000,0.910000,0.000000,0.070000,0.070000
1777189328.708620,0,0.000000,0.000000,0.000000,0.000000,1.000000,0.000000,1.000000,0.000000,0.000000,0.000000
1777189328.709360,0,0.000000,0.000000,0.000000,0.000000,1.000000,0.000000,1.000000,0.000000,0.000000,0.020000
1777189328.709785,0,0.000000,0.000000,0.000000,0.000000,1.000000,0.000000,1.000000,0.000000,0.000000,0.000000
1777189328.710171,0,0.000000,0.000000,0.000000,0.000000,1.000000,0.000000,1.000000,0.000000,0.140000,0.020000
1777189328.765996,0,0.000000,0.000000,0.000000,0.000000,1.000000,0.000000,1.000000,0.000000,0.000000,0.070000
1777189328.766717,0,0.000000,0.000000,0.000000,0.000000,1.000000,0.000000,1.000000,0.000000,0.000000,0.000000
1777189328.767145,0,0.000000,0.000000,0.000000,0.000000,1.000000,0.000000,1.000000,0.000000,0.070000,0.070000
1777189328.824329,0,0.000000,0.000000,0.000000,0.000000,1.000000,0.000000,1.000000,0.000000,0.070000,0.000000
1777189328.824861,0,0.000000,0.000000,0.000000,0.000000,1.000000,0.000000,1.000000,0.000000,0.000000,0.020000
1777189328.825270,0,0.000000,0.000000,0.000000,0.000000,1.000000,0.000000,0.030000,0.000000,0.070000,0.150000
1777189328.825988,0,0.000000,0.000000,0.000000,0.000000,1.000000,0.000000,0.120000,0.000000,0.070000,0.020000
1777189328.882874,0,0.000000,0.000000,0.000000,0.000000,1.000000,0.000000,0.010000,0.000000,0.000000,0.000000
1777189328.883446,0,0.000000,0.000000,0.000000,0.000000,1.000000,0.000000,0.120000,0.000000,0.000000,0.070000
1777189328.883890,0,0.000000,0.000000,0.000000,0.000000,1.000000,0.000000,0.230000,0.000000,0.000000,0.000000
1777189328.943356,0,0.000000,0.000000,0.000000,0.000000,1.000000,0.000000,0.340000,0.000000,0.070000,0.020000
1777189328.943882,0,0.000000,0.000000,0.000000,0.000000,0.030000,0.000000,0.440000,0.000000,0.000000,0.020000
1777189328.944310,0,0.000000,0.000000,0.000000,0.000000,0.100000,0.000000,0.550000,0.000000,0.000000,0.020000
1777189328.944712,0,0.000000,0.000000,0.000000,0.000000,0.170000,0.000000,0.640000,0.000000,0.070000,0.000000
1777189329.001509,0,0.000000,0.000000,0.000000,0.000000,0.310000,0.000000,0.860000,0.000000,0.000000,0.020000
1777189329.002073,0,0.000000,0.000000,0.000000,0.000000,0.370000,0.000000,0.950000,0.000000,0.070000,0.000000
1777189329.033010,0,0.000000,0.000000,0.000000,0.000000,0.440000,0.000000,1.000000,0.000000,0.000000,0.020000
1777189329.033568,0,0.000000,0.000000,0.000000,0.000000,0.510000,0.000000,0.000000,0.000000,0.000000,0.000000
1777189329.064529,0,0.000000,0.000000,0.000000,0.000000,0.570000,0.000000,0.100000,0.000000,0.000000,0.000000
1777189329.065058,0,0.000000,0.000000,0.000000,0.000000,0.660000,0.000000,0.200000,0.000000,0.070000,0.000000
1777189329.096661,0,0.000000,0.000000,0.000000,0.000000,0.720000,0.000000,0.280000,0.000000,0.000000,0.020000
1777189329.097152,0,0.000000,0.000000,0.000000,0.000000,0.790000,0.000000,0.070000,0.000000,0.210000,0.070000
1777189329.127266,0,0.000000,0.000000,0.000000,0.000000,0.860000,0.000000,0.250000,0.000000,0.000000,0.020000
1777189329.127761,0,0.000000,0.000000,0.000000,0.000000,0.930000,0.000000,0.430000,0.000000,0.000000,0.000000
1777189329.128152,0,0.000000,0.000000,0.000000,0.000000,1.000000,0.000000,0.620000,0.000000,0.070000,0.000000
1777189329.158886,0,0.000000,0.000000,0.000000,0.000000,1.000000,0.000000,0.800000,0.000000,0.000000,0.100000
1777189329.189899,0,0.000000,0.000000,0.000000,0.000000,1.000000,0.000000,0.970000,0.000000,0.070000,0.000000
1777189329.220358,0,0.000000,0.000000,0.000000,0.000000,1.000000,0.000000,1.000000,0.000000,0.070000,0.000000
1777189329.220862,0,0.000000,0.000000,0.000000,0.000000,1.000000,0.000000,1.000000,0.000000,0.070000,0.000000
1777189329.221317,0,0.000000,0.000000,0.000000,0.000000,1.000000,0.000000,1.000000,0.000000,0.070000,0.000000
1777189329.252334,0,0.000000,0.000000,0.000000,0.000000,1.000000,0.000000,1.000000,0.000000,0.070000,0.000000
1777189329.252842,0,0.000000,0.000000,0.000000,0.000000,1.000000,0.000000,1.000000,0.000000,0.140000,0.000000
1777189329.283822,0,0.000000,0.000000,0.000000,0.000000,1.000000,0.000000,1.000000,0.000000,0.000000,0.020000
1777189329.284412,0,0.000000,0.000000,0.000000,0.000000,1.000000,0.000000,1.000000,0.000000,0.000000,0.000000
1777189329.284853,0,0.000000,0.000000,0.000000,0.000000,1.000000,0.000000,1.000000,0.000000,0.070000,0.000000
1777189329.340785,0,0.000000,0.000000,0.000000,0.000000,1.000000,0.000000,1.000000,0.000000,0.000000,0.070000
1777189329.341314,0,0.000000,0.000000,0.000000,0.000000,1.000000,0.000000,1.000000,0.000000,0.070000,0.020000
1777189329.341719,0,0.000000,0.000000,0.000000,0.000000,1.000000,0.000000,1.000000,0.000000,0.000000,0.020000
1777189329.342099,0,0.000000,0.000000,0.000000,0.000000,1.000000,0.000000,1.000000,0.000000,0.070000,0.000000
1777189329.342633,0,0.000000,0.000000,0.000000,0.000000,1.000000,0.000000,1.000000,0.000000,0.210000,0.020000
1777189329.401073,0,0.000000,0.000000,0.000000,0.000000,1.000000,0.000000,1.000000,0.000000,0.000000,0.150000
1777189329.401599,0,0.000000,0.000000,0.000000,0.000000,1.000000,0.000000,1.000000,0.000000,0.000000,0.020000
1777189329.402184,0,0.000000,0.000000,0.000000,0.000000,0.000000,0.000000,1.000000,0.000000,0.070000,0.020000
1777189329.459636,0,0.000000,0.000000,0.000000,0.000000,0.030000,0.000000,1.000000,0.000000,0.000000,0.000000
1777189329.460196,0,0.000000,0.000000,0.000000,0.000000,0.070000,0.000000,1.000000,0.000000,0.070000,0.000000
1777189329.460604,0,0.000000,0.000000,0.000000,0.000000,0.120000,0.000000,1.000000,0.000000,0.070000,0.070000
1777189329.461156,0,0.000000,0.000000,0.000000,0.000000,0.170000,0.000000,1.000000,0.000000,0.000000,0.000000
1777189329.461577,0,0.000000,0.000000,0.000000,0.000000,0.200000,0.000000,1.000000,0.000000,0.140000,0.000000
1777189329.518674,0,0.000000,0.000000,0.000000,0.000000,0.250000,0.000000,1.000000,0.000000,0.070000,0.000000
1777189329.519201,0,0.000000,0.000000,0.000000,0.000000,0.300000,0.000000,1.000000,0.000000,0.000000,0.000000
1777189329.519810,0,0.000000,0.000000,0.000000,0.000000,0.340000,0.000000,1.000000,0.000000,0.000000,0.020000
1777189329.520260,0,0.000000,0.000000,0.000000,0.000000,0.000000,0.000000,1.000000,0.000000,0.140000,0.020000
1777189329.576406,0,0.000000,0.000000,0.000000,0.000000,0.030000,0.000000,1.000000,0.000000,0.070000,0.020000
1777189329.577087,0,0.000000,0.000000,0.000000,0.000000,0.070000,0.000000,1.000000,0.000000,0.140000,0.020000
1777189329.577514,0,0.000000,0.000000,0.000000,0.000000,0.110000,0.000000,1.000000,0.000000,0.210000,0.000000
1777189329.633122,0,0.000000,0.000000,0.000000,0.000000,0.150000,0.000000,1.000000,0.000000,0.070000,0.000000
1777189329.633653,0,0.000000,0.000000,0.000000,0.000000,0.200000,0.000000,1.000000,0.000000,0.070000,0.000000
1777189329.634238,0,0.000000,0.000000,0.000000,0.000000,0.230000,0.000000,1.000000,0.000000,0.000000,0.020000
1777189329.634654,0,0.000000,0.000000,0.000000,0.000000,0.270000,0.000000,1.000000,0.000000,0.000000,0.000000
1777189329.691670,0,0.000000,0.000000,0.000000,0.000000,0.310000,0.000000,1.000000,0.000000,0.000000,0.020000
1777189329.692197,0,0.000000,0.000000,0.000000,0.000000,0.340000,0.000000,1.000000,0.000000,0.000000,0.100000
1777189329.692719,0,0.000000,0.000000,0.000000,0.000000,0.370000,0.000000,1.000000,0.000000,0.070000,0.000000
1777189329.722192,0,0.000000,0.000000,0.000000,0.000000,0.410000,0.000000,1.000000,0.000000,0.000000,0.000000
1777189329.722740,0,0.000000,0.000000,0.000000,0.000000,0.460000,0.000000,1.000000,0.000000,0.000000,0.000000
1777189329.755685,0,0.000000,0.000000,0.000000,0.000000,0.500000,0.000000,1.000000,0.000000,0.000000,0.000000
1777189329.756247,0,0.000000,0.000000,0.000000,0.000000,0.540000,0.000000,1.000000,0.000000,0.000000,0.020000
1777189329.786812,0,0.000000,0.000000,0.000000,0.000000,0.570000,0.000000,1.000000,0.000000,0.000000,0.000000
1777189329.787386,0,0.000000,0.000000,0.000000,0.000000,0.620000,0.000000,1.000000,0.000000,0.000000,0.020000
1777189329.819687,0,0.000000,0.000000,0.000000,0.000000,0.660000,0.000000,1.000000,0.000000,0.000000,0.020000
1777189329.850371,0,0.000000,0.000000,0.000000,0.000000,0.690000,0.000000,1.000000,0.000000,0.140000,0.000000
1777189329.850880,0,0.000000,0.000000,0.000000,0.000000,0.740000,0.000000,1.000000,0.000000,0.070000,0.000000
1777189329.881876,0,0.000000,0.000000,0.000000,0.000000,0.770000,0.000000,1.000000,0.000000,0.000000,0.020000
1777189329.882390,0,0.000000,0.000000,0.000000,0.000000,0.810000,0.000000,1.000000,0.000000,0.000000,0.020000
1777189329.912514,0,0.000000,0.000000,0.000000,0.000000,0.860000,0.000000,1.000000,0.000000,0.000000,0.000000
1777189329.913017,0,0.000000,0.000000,0.000000,0.000000,0.000000,0.000000,1.000000,0.000000,0.660000,0.070000
1777189329.913407,0,0.000000,0.000000,0.000000,0.000000,0.000000,0.000000,1.000000,0.000000,0.070000,0.020000
1777189329.969992,0,0.000000,0.000000,0.000000,0.000000,0.050000,0.000000,1.000000,0.000000,0.000000,0.000000
1777189329.970524,0,0.000000,0.000000,0.000000,0.000000,0.100000,0.000000,1.000000,0.000000,0.000000,0.180000
1777189329.970931,0,0.000000,0.000000,0.000000,0.000000,0.020000,0.000000,1.000000,0.000000,0.000000,0.000000
1777189329.971316,0,0.000000,0.000000,0.000000,0.000000,0.100000,0.000000,1.000000,0.000000,0.000000,0.000000
1777189329.971751,0,0.000000,0.000000,0.000000,0.000000,0.200000,0.000000,1.000000,0.000000,0.070000,0.000000
1777189330.027155,0,0.000000,0.000000,0.000000,0.000000,0.280000,0.000000,1.000000,0.000000,0.140000,0.000000
1777189330.027675,0,0.000000,0.000000,0.000000,0.000000,0.000000,0.000000,1.000000,0.000000,0.000000,0.000000
1777189330.028082,0,0.000000,0.000000,0.000000,0.000000,0.100000,0.000000,1.000000,0.000000,0.070000,0.100000
1777189330.083678,0,0.000000,0.000000,0.000000,0.000000,0.200000,0.000000,1.000000,0.000000,0.000000,0.000000
1777189330.084443,0,0.000000,0.000000,0.000000,0.000000,0.310000,0.000000,1.000000,0.000000,0.000000,0.000000
1777189330.084874,0,0.000000,0.000000,0.000000,0.000000,0.400000,0.000000,1.000000,0.000000,0.000000,0.020000
1777189330.085257,0,0.000000,0.000000,0.000000,0.000000,0.510000,0.000000,1.000000,0.000000,0.000000,0.000000
1777189330.141385,0,0.000000,0.000000,0.000000,0.000000,0.610000,0.000000,1.000000,0.000000,0.070000,0.000000
1777189330.141943,0,0.000000,0.000000,0.000000,0.000000,0.700000,0.000000,1.000000,0.000000,0.000000,0.070000
1777189330.142360,0,0.000000,0.000000,0.000000,0.000000,0.810000,0.000000,1.000000,0.000000,0.000000,0.000000
1777189330.142959,0,0.000000,0.000000,0.000000,0.000000,0.890000,0.000000,1.000000,0.000000,0.000000,0.000000
1777189330.199210,0,0.000000,0.000000,0.000000,0.000000,1.000000,0.000000,1.000000,0.000000,0.070000,0.000000
1777189330.199730,0,0.000000,0.000000,0.000000,0.000000,1.000000,0.000000,1.000000,0.000000,0.000000,0.020000
1777189330.200133,0,0.000000,0.000000,0.000000,0.000000,1.000000,0.000000,1.000000,0.000000,0.000000,0.020000
1777189330.200696,0,0.000000,0.000000,0.000000,0.000000,1.000000,0.000000,0.070000,0.000000,0.070000,0.070000
1777189330.257532,0,0.000000,0.000000,0.000000,0.000000,1.000000,0.000000,0.250000,0.000000,0.070000,0.000000
1777189330.258080,0,0.000000,0.000000,0.000000,0.000000,1.000000,0.000000,0.430000,0.000000,0.070000,0.020000
1777189330.258671,0,0.000000,0.000000,0.000000,0.000000,1.000000,0.000000,0.600000,0.000000,0.000000,0.020000
1777189330.259085,0,0.000000,0.000000,0.000000,0.000000,1.000000,0.000000,0.750000,0.000000,0.070000,0.000000
1777189330.316492,0,0.000000,0.000000,0.000000,0.000000,1.000000,0.000000,0.940000,0.000000,0.210000,0.020000
1777189330.317173,0,0.000000,0.000000,0.000000,0.000000,1.000000,0.000000,1.000000,0.000000,0.070000,0.000000
1777189330.317616,0,0.000000,0.000000,0.000000,0.000000,1.000000,0.000000,1.000000,0.000000,0.070000,0.000000
1777189330.318069,0,0.000000,0.000000,0.000000,0.000000,1.000000,0.000000,1.000000,0.000000,0.000000,0.020000
1777189330.373879,0,0.000000,0.000000,0.000000,0.000000,0.030000,0.000000,1.000000,0.000000,0.070000,0.000000
1777189330.374420,0,0.000000,0.000000,0.000000,0.000000,0.150000,0.000000,1.000000,0.000000,0.000000,0.020000
1777189330.375076,0,0.000000,0.000000,0.000000,0.000000,0.250000,0.000000,0.000000,0.000000,0.000000,0.000000
1777189330.405535,0,0.000000,0.000000,0.000000,0.000000,0.360000,0.000000,0.120000,0.000000,0.000000,0.020000
1777189330.437994,0,0.000000,0.000000,0.000000,0.000000,0.460000,0.000000,0.230000,0.000000,0.070000,0.000000
1777189330.438502,0,0.000000,0.000000,0.000000,0.000000,0.560000,0.000000,0.370000,0.000000,0.000000,0.020000
1777189330.468969,0,0.000000,0.000000,0.000000,0.000000,0.680000,0.000000,0.490000,0.000000,0.000000,0.020000
1777189330.499768,0,0.000000,0.000000,0.000000,0.000000,0.790000,0.000000,0.610000,0.000000,0.000000,0.000000
1777189330.500286,0,0.000000,0.000000,0.000000,0.000000,0.880000,0.000000,0.720000,0.000000,0.000000,0.000000
1777189330.500690,0,0.000000,0.000000,0.000000,0.000000,1.000000,0.000000,0.830000,0.000000,0.000000,0.000000
1777189330.531330,0,0.000000,0.000000,0.000000,0.000000,1.000000,0.000000,0.950000,0.000000,0.000000,0.000000
1777189330.531903,0,0.000000,0.000000,0.000000,0.000000,1.000000,0.000000,1.000000,0.000000,0.070000,0.000000
1777189330.562695,0,0.000000,0.000000,0.000000,0.000000,1.000000,0.000000,0.030000,0.000000,0.000000,0.000000
1777189330.563210,0,0.000000,0.000000,0.000000,0.000000,1.000000,0.000000,0.170000,0.000000,0.000000,0.000000
1777189330.594753,0,0.000000,1.000000,0.000000,0.000000,1.000000,0.000000,0.300000,0.000000,0.070000,0.000000
1777189330.595267,0,0.000000,1.000000,0.000000,0.000000,1.000000,0.000000,0.410000,0.000000,0.140000,0.070000
1777189330.625644,0,0.000000,1.000000,0.000000,0.000000,1.000000,0.000000,0.550000,0.000000,0.000000,0.000000
1777189330.626150,0,0.000000,1.000000,0.000000,0.000000,1.000000,0.000000,0.680000,0.000000,0.070000,0.000000
1777189330.626542,0,0.000000,1.000000,0.000000,0.000000,1.000000,0.000000,0.800000,0.000000,0.000000,0.020000
1777189330.657368,0,0.000000,1.000000,0.000000,0.000000,1.000000,0.000000,0.930000,0.000000,0.000000,0.000000
1777189330.688667,0,0.000000,1.000000,0.000000,0.000000,1.000000,0.000000,1.000000,0.000000,0.070000,0.000000
1777189330.719423,0,0.000000,1.000000,0.000000,0.000000,1.000000,0.000000,1.000000,0.000000,0.000000,0.020000
1777189330.719949,0,0.000000,1.000000,0.000000,0.000000,1.000000,0.000000,1.000000,0.000000,0.070000,0.000000
1777189330.720512,0,0.000000,1.000000,0.000000,0.000000,1.000000,0.000000,1.000000,0.000000,0.070000,0.100000
1777189330.750644,0,0.000000,1.000000,0.000000,0.000000,1.000000,0.000000,1.000000,0.000000,0.070000,0.000000
1777189330.751193,0,0.000000,1.000000,0.000000,0.000000,1.000000,0.000000,1.000000,0.000000,0.000000,0.000000
1777189330.751718,0,0.000000,1.000000,0.000000,0.000000,1.000000,0.000000,1.000000,0.000000,0.000000,0.000000
1777189330.808095,0,0.000000,1.000000,0.000000,0.000000,1.000000,0.000000,0.010000,0.000000,0.000000,0.070000
1777189330.808633,0,0.000000,1.000000,0.000000,0.000000,1.000000,0.000000,0.090000,0.000000,0.000000,0.100000
1777189330.809037,0,0.000000,1.000000,0.000000,0.000000,1.000000,0.000000,0.180000,0.000000,0.000000,0.100000
1777189330.809419,0,0.000000,1.000000,0.000000,0.000000,1.000000,0.000000,0.270000,0.000000,0.000000,0.000000
1777189330.810107,0,0.000000,1.000000,0.000000,0.000000,1.000000,0.000000,0.340000,0.000000,0.000000,0.020000
1777189330.866374,0,0.000000,1.000000,0.000000,0.000000,1.000000,0.000000,0.430000,0.000000,0.000000,0.020000
1777189330.867039,0,0.000000,1.000000,0.000000,0.000000,1.000000,0.000000,0.500000,0.000000,0.000000,0.020000
1777189330.867463,0,0.000000,1.000000,0.000000,0.000000,1.000000,0.000000,0.600000,0.000000,0.000000,0.000000
1777189330.867854,0,0.000000,1.000000,0.000000,0.000000,1.000000,0.000000,0.680000,0.000000,0.140000,0.000000
1777189330.923807,0,0.000000,1.000000,0.000000,0.000000,1.000000,0.000000,0.750000,0.000000,0.070000,0.070000
1777189330.924334,0,0.000000,1.000000,0.000000,0.000000,1.000000,0.000000,0.850000,0.000000,0.000000,0.000000
1777189330.924900,0,0.000000,1.000000,0.000000,0.000000,1.000000,0.000000,0.930000,0.000000,0.070000,0.000000
1777189330.925304,0,0.000000,1.000000,0.000000,0.000000,1.000000,0.000000,1.000000,0.000000,0.000000,0.020000
1777189330.980951,0,0.000000,1.000000,0.000000,0.000000,1.000000,0.000000,1.000000,0.000000,0.000000,0.000000
1777189330.981659,0,0.000000,1.000000,0.000000,0.000000,1.000000,0.000000,0.000000,0.000000,0.070000,0.000000
1777189330.982088,0,0.000000,1.000000,0.000000,0.000000,0.030000,0.000000,0.050000,0.000000,0.000000,0.000000
1777189331.012146,0,0.000000,1.000000,0.000000,0.000000,0.140000,0.000000,0.120000,0.000000,0.000000,0.020000
1777189331.042759,0,0.000000,1.000000,0.000000,0.000000,0.250000,0.000000,0.000000,0.000000,0.000000,0.830000
1777189331.043252,0,0.000000,1.000000,0.000000,0.000000,0.340000,0.000000,0.090000,0.000000,0.070000,0.000000
1777189331.073685,0,0.000000,1.000000,0.000000,0.000000,0.440000,0.000000,0.180000,0.000000,0.000000,0.000000
1777189331.103703,0,0.000000,1.000000,0.000000,0.000000,0.560000,0.000000,0.280000,0.000000,0.070000,0.000000
1777189331.104212,0,0.000000,1.000000,0.000000,0.000000,0.660000,0.000000,0.370000,0.000000,0.070000,0.000000
1777189331.159841,0,0.000000,1.000000,0.000000,0.000000,0.760000,0.000000,0.460000,0.000000,0.000000,0.000000
1777189331.160370,0,0.000000,1.000000,0.000000,0.000000,0.860000,0.000000,0.550000,0.000000,0.000000,0.000000
1777189331.160830,0,0.000000,1.000000,0.000000,0.000000,0.970000,0.000000,0.640000,0.000000,0.070000,0.000000
1777189331.161229,0,0.000000,1.000000,0.000000,0.000000,1.000000,0.000000,0.750000,0.000000,0.000000,0.000000
1777189331.161625,0,0.000000,1.000000,0.000000,0.000000,1.000000,0.000000,0.930000,0.000000,0.000000,0.020000
1777189331.162007,0,0.000000,1.000000,0.000000,0.000000,1.000000,0.000000,1.000000,0.000000,0.000000,0.180000
1777189331.217765,0,0.000000,1.000000,0.000000,0.000000,1.000000,0.000000,1.000000,0.000000,0.000000,0.100000
1777189331.218449,0,0.000000,1.000000,0.000000,0.000000,1.000000,0.000000,1.000000,0.000000,0.140000,0.070000
1777189331.218875,0,0.000000,1.000000,0.000000,0.000000,1.000000,0.000000,1.000000,0.000000,0.070000,0.150000
1777189331.274194,0,0.000000,1.000000,0.000000,0.000000,1.000000,0.000000,1.000000,0.000000,0.070000,0.070000
1777189331.274729,0,0.000000,1.000000,0.000000,0.000000,1.000000,0.000000,1.000000,0.000000,0.000000,0.100000
1777189331.275151,0,0.000000,1.000000,0.000000,0.000000,1.000000,0.000000,1.000000,0.000000,0.140000,0.000000
1777189331.304583,0,0.000000,1.000000,0.000000,0.000000,1.000000,0.000000,1.000000,0.000000,0.140000,0.000000
1777189331.305160,0,0.000000,1.000000,0.000000,0.000000,1.000000,0.000000,1.000000,0.000000,0.070000,0.000000
1777189331.335483,0,0.000000,1.000000,0.000000,0.000000,1.000000,0.000000,0.030000,0.000000,0.000000,0.020000
1777189331.365596,0,0.000000,1.000000,0.000000,0.000000,1.000000,0.000000,0.120000,0.000000,0.000000,0.000000
1777189331.397102,0,0.000000,1.000000,0.000000,0.000000,0.000000,0.000000,0.200000,0.000000,0.430000,0.000000
1777189331.397611,0,0.000000,1.000000,0.000000,0.000000,0.050000,0.000000,0.300000,0.000000,0.070000,0.000000
1777189331.429911,0,0.000000,1.000000,0.000000,0.000000,0.110000,0.000000,0.370000,0.000000,0.070000,0.070000
1777189331.430403,0,0.000000,1.000000,0.000000,0.000000,0.180000,0.000000,0.460000,0.000000,0.000000,0.000000
1777189331.430794,0,0.000000,1.000000,0.000000,0.000000,0.230000,0.000000,0.560000,0.000000,0.000000,0.000000
1777189331.463374,0,0.000000,1.000000,0.000000,0.000000,0.300000,0.000000,0.630000,0.000000,0.070000,0.000000
1777189331.463913,0,0.000000,1.000000,0.000000,0.000000,0.370000,0.000000,0.730000,0.000000,0.210000,0.020000
1777189331.494825,0,0.000000,1.000000,0.000000,0.000000,0.430000,0.000000,0.810000,0.000000,0.000000,0.000000
1777189331.495428,0,0.000000,1.000000,0.000000,0.000000,0.490000,0.000000,0.890000,0.000000,0.000000,0.000000
1777189331.526079,0,0.000000,1.000000,0.000000,0.000000,0.540000,0.000000,0.970000,0.000000,0.070000,0.000000
1777189331.526600,0,0.000000,1.000000,0.000000,0.000000,0.600000,0.000000,1.000000,0.000000,0.000000,0.100000
1777189331.527008,0,0.000000,1.000000,0.000000,0.000000,0.660000,0.000000,1.000000,0.000000,0.000000,0.000000
1777189331.557488,0,0.000000,1.000000,0.000000,0.000000,0.730000,0.000000,1.000000,0.000000,0.070000,0.020000
1777189331.558020,0,0.000000,1.000000,0.000000,0.000000,0.790000,0.000000,1.000000,0.000000,0.000000,0.000000
1777189331.589774,0,0.000000,1.000000,0.000000,0.000000,0.850000,0.000000,1.000000,0.000000,0.070000,0.070000
1777189331.590274,0,0.000000,1.000000,0.000000,0.000000,0.890000,0.000000,1.000000,0.000000,0.000000,0.000000
1777189331.646526,0,0.000000,1.000000,0.000000,0.000000,0.950000,0.000000,1.000000,0.000000,0.070000,0.020000
1777189331.647102,0,0.000000,1.000000,0.000000,0.000000,1.000000,0.000000,1.000000,0.000000,0.070000,0.000000
1777189331.647545,0,0.000000,1.000000,0.000000,0.000000,1.000000,0.000000,1.000000,0.000000,0.000000,0.020000
1777189331.648183,0,0.000000,1.000000,0.000000,0.000000,1.000000,0.000000,1.000000,0.000000,0.000000,0.000000
1777189331.648643,0,0.000000,1.000000,0.000000,0.000000,1.000000,0.000000,1.000000,0.000000,0.070000,0.000000
1777189331.706238,0,0.000000,1.000000,0.000000,0.000000,1.000000,0.000000,1.000000,0.000000,0.070000,0.020000
1777189331.706769,0,0.000000,1.000000,0.000000,0.000000,1.000000,0.000000,0.020000,0.000000,0.070000,0.070000
1777189331.707318,0,0.000000,1.000000,0.000000,0.000000,1.000000,0.000000,0.100000,0.000000,0.070000,0.070000
1777189331.707780,0,0.000000,1.000000,0.000000,0.000000,1.000000,0.000000,0.170000,0.000000,0.000000,0.000000
1777189331.764283,0,0.000000,1.000000,0.000000,0.000000,1.000000,0.000000,0.230000,0.000000,0.000000,0.020000
1777189331.764967,0,0.000000,1.000000,0.000000,0.000000,1.000000,0.000000,0.300000,0.000000,0.000000,0.000000
1777189331.765409,0,0.000000,1.000000,0.000000,0.000000,1.000000,0.000000,0.360000,0.000000,0.000000,0.000000
1777189331.823416,0,0.000000,1.000000,0.000000,0.000000,1.000000,0.000000,0.430000,0.000000,0.070000,0.020000
1777189331.824247,0,0.000000,1.000000,0.000000,0.000000,1.000000,0.000000,0.490000,0.000000,0.070000,0.000000
1777189331.824968,0,0.000000,1.000000,0.000000,0.000000,1.000000,0.000000,0.560000,0.000000,0.000000,0.070000
1777189331.856021,0,0.000000,1.000000,0.000000,0.000000,1.000000,0.000000,0.620000,0.000000,0.070000,0.000000
1777189331.856507,0,0.000000,1.000000,0.000000,0.000000,1.000000,0.000000,0.680000,0.000000,0.000000,0.020000
1777189331.887234,0,0.000000,1.000000,0.000000,0.000000,1.000000,0.000000,0.750000,0.000000,0.070000,0.000000
1777189331.918293,0,0.000000,1.000000,0.000000,0.000000,1.000000,0.000000,0.810000,0.000000,0.140000,0.000000
1777189331.918807,0,0.000000,1.000000,0.000000,0.000000,1.000000,0.000000,0.880000,0.000000,0.070000,0.000000
1777189331.919219,0,0.000000,1.000000,0.000000,0.000000,1.000000,0.000000,0.940000,0.000000,0.000000,0.000000
1777189331.950019,0,0.000000,1.000000,0.000000,0.000000,1.000000,0.000000,1.000000,0.000000,0.140000,0.070000
1777189331.950625,0,0.000000,1.000000,0.000000,0.000000,1.000000,0.000000,1.000000,0.000000,0.070000,0.000000
1777189331.980836,0,0.000000,1.000000,0.000000,0.000000,1.000000,0.000000,1.000000,0.000000,0.000000,0.020000
1777189331.981402,0,0.000000,1.000000,0.000000,0.000000,1.000000,0.000000,1.000000,0.000000,0.070000,0.000000
1777189332.012105,0,0.000000,1.000000,0.000000,0.000000,1.000000,0.000000,1.000000,0.000000,0.000000,0.000000
1777189332.043855,0,0.000000,1.000000,0.000000,0.000000,1.000000,0.000000,1.000000,0.000000,0.070000,0.020000
1777189332.044376,0,0.000000,1.000000,0.000000,0.000000,1.000000,0.000000,1.000000,0.000000,0.000000,0.000000
1777189332.074873,0,0.000000,1.000000,0.000000,0.000000,1.000000,0.000000,1.000000,0.000000,0.000000,0.020000
1777189332.075396,0,0.000000,1.000000,0.000000,0.000000,1.000000,0.000000,1.000000,0.000000,0.000000,0.000000
1777189332.075798,0,0.000000,1.000000,0.000000,0.000000,1.000000,0.000000,1.000000,0.000000,0.000000,0.000000
1777189332.106535,0,0.000000,1.000000,0.000000,0.000000,1.000000,0.000000,1.000000,0.000000,0.000000,0.020000
1777189332.107106,0,0.000000,1.000000,0.000000,0.000000,1.000000,0.000000,1.000000,0.000000,0.070000,0.020000
1777189332.107627,0,0.000000,1.000000,0.000000,0.000000,1.000000,0.000000,1.000000,0.000000,0.070000,0.000000
1777189332.138884,0,0.000000,1.000000,0.000000,0.000000,1.000000,0.000000,1.000000,0.000000,0.070000,0.000000
1777189332.139490,0,0.000000,1.000000,0.000000,0.000000,1.000000,0.000000,1.000000,0.000000,0.070000,0.000000
1777189332.170531,0,0.000000,1.000000,0.000000,0.000000,1.000000,0.000000,1.000000,0.000000,0.070000,0.000000
1777189332.201661,0,0.000000,1.000000,0.000000,0.000000,1.000000,0.000000,1.000000,0.000000,0.070000,0.000000
1777189332.202163,0,0.000000,1.000000,0.000000,0.000000,1.000000,0.000000,1.000000,0.000000,0.000000,0.020000
1777189332.202555,0,0.000000,1.000000,0.000000,0.000000,1.000000,0.000000,1.000000,0.000000,0.210000,0.000000
1777189332.233171,0,0.000000,1.000000,0.000000,0.000000,1.000000,0.000000,1.000000,0.000000,0.070000,0.000000
1777189332.233695,0,0.000000,1.000000,0.000000,0.000000,1.000000,0.000000,1.000000,0.000000,0.210000,0.000000
1777189332.263708,0,0.000000,1.000000,0.000000,0.000000,1.000000,0.000000,1.000000,0.000000,0.210000,0.000000
1777189332.264205,0,0.000000,1.000000,0.000000,0.000000,1.000000,0.000000,1.000000,0.000000,0.070000,0.020000
1777189332.294504,0,0.000000,1.000000,0.000000,0.000000,1.000000,0.000000,1.000000,0.000000,0.070000,0.000000
1777189332.295174,0,0.000000,1.000000,0.000000,0.000000,1.000000,0.000000,1.000000,0.000000,0.140000,0.000000
1777189332.325363,0,0.000000,1.000000,0.000000,0.000000,1.000000,0.000000,1.000000,0.000000,0.000000,0.000000
1777189332.325872,0,0.000000,1.000000,0.000000,0.000000,1.000000,0.000000,1.000000,0.000000,0.070000,0.000000
1777189332.382985,0,0.000000,1.000000,0.000000,0.000000,1.000000,0.000000,1.000000,0.000000,0.070000,0.000000
1777189332.383515,0,0.000000,1.000000,0.000000,0.000000,1.000000,0.000000,1.000000,0.000000,0.000000,0.020000
1777189332.383927,0,0.000000,1.000000,0.000000,0.000000,1.000000,0.000000,1.000000,0.000000,0.140000,0.000000
1777189332.384364,0,0.000000,1.000000,0.000000,0.000000,1.000000,0.000000,1.000000,0.000000,0.000000,0.000000
1777189332.384777,0,0.000000,1.000000,0.000000,0.000000,1.000000,0.000000,1.000000,0.000000,0.000000,0.020000
1777189332.417215,0,0.000000,1.000000,0.000000,0.000000,1.000000,0.000000,1.000000,0.000000,0.000000,0.020000
1777189332.477370,0,0.000000,1.000000,0.000000,0.000000,1.000000,0.000000,1.000000,0.000000,0.000000,0.000000
1777189332.477919,0,0.000000,1.000000,0.000000,0.000000,1.000000,0.000000,1.000000,0.000000,0.000000,0.000000
1777189332.478335,0,0.000000,1.000000,0.000000,0.000000,1.000000,0.000000,0.000000,0.000000,0.000000,0.490000
1777189332.478989,0,0.000000,1.000000,0.000000,0.000000,1.000000,0.000000,0.050000,0.000000,0.070000,0.020000
1777189332.479493,0,0.000000,1.000000,0.000000,0.000000,1.000000,0.000000,0.120000,0.000000,0.000000,0.020000
1777189332.534907,0,0.000000,1.000000,0.000000,0.000000,1.000000,0.000000,0.180000,0.000000,0.140000,0.000000
1777189332.535451,0,0.000000,1.000000,0.000000,0.000000,1.000000,0.000000,0.250000,0.000000,0.070000,0.020000
1777189332.535859,0,0.000000,1.000000,0.000000,0.000000,1.000000,0.000000,0.310000,0.000000,0.070000,0.000000
1777189332.592186,0,0.000000,1.000000,0.000000,0.000000,1.000000,0.000000,0.380000,0.000000,0.000000,0.020000
1777189332.592813,0,0.000000,0.000000,0.000000,0.000000,1.000000,0.000000,0.440000,0.000000,0.070000,0.000000
1777189332.593477,0,0.000000,0.000000,0.000000,0.000000,1.000000,0.000000,0.500000,0.000000,0.070000,0.000000
1777189332.593961,0,0.000000,0.000000,0.000000,0.000000,1.000000,0.000000,0.570000,0.000000,0.000000,0.180000
1777189332.594445,0,0.000000,0.000000,0.000000,0.000000,1.000000,0.000000,0.640000,0.000000,0.000000,0.000000
1777189332.650296,0,0.000000,0.000000,0.000000,0.000000,1.000000,0.000000,0.700000,0.000000,0.070000,0.000000
1777189332.650838,0,0.000000,0.000000,0.000000,0.000000,1.000000,0.000000,0.760000,0.000000,0.000000,0.000000
1777189332.651242,0,0.000000,0.000000,0.000000,0.000000,1.000000,0.000000,0.830000,0.000000,0.000000,0.000000
1777189332.708286,0,0.000000,0.000000,0.000000,0.000000,1.000000,0.000000,0.890000,0.000000,0.000000,0.000000
1777189332.708828,0,0.000000,0.000000,0.000000,0.000000,1.000000,0.000000,0.000000,0.000000,0.070000,0.300000
1777189332.709226,0,0.000000,0.000000,0.000000,0.000000,1.000000,0.000000,0.050000,0.000000,0.070000,0.020000
1777189332.709804,0,0.000000,0.000000,0.000000,0.000000,1.000000,0.000000,0.100000,0.000000,0.140000,0.020000
1777189332.710211,0,0.000000,0.000000,0.000000,0.000000,1.000000,0.000000,0.150000,0.000000,0.140000,0.000000
1777189332.765225,0,0.000000,0.000000,0.000000,0.000000,1.000000,0.000000,0.200000,0.000000,0.070000,0.000000
1777189332.822326,0,0.000000,0.000000,0.000000,0.000000,1.000000,0.000000,0.250000,0.000000,0.070000,0.020000
1777189332.822888,0,0.000000,0.000000,0.000000,0.000000,1.000000,0.000000,0.310000,0.000000,0.000000,0.020000
1777189332.823376,0,0.000000,0.000000,0.000000,0.000000,1.000000,0.000000,0.360000,0.000000,0.000000,0.000000
1777189332.823993,0,0.000000,0.000000,0.000000,0.000000,1.000000,0.000000,0.010000,0.000000,0.000000,0.000000
1777189332.824442,0,0.000000,0.000000,0.000000,0.000000,1.000000,0.000000,0.090000,0.000000,0.070000,0.000000
1777189332.824854,0,0.000000,0.000000,0.000000,0.000000,1.000000,0.000000,0.150000,0.000000,0.000000,0.070000
1777189332.883084,0,0.000000,0.000000,0.000000,0.000000,1.000000,0.000000,0.200000,0.000000,0.000000,0.020000
1777189332.883636,0,0.000000,0.000000,0.000000,0.000000,1.000000,0.000000,0.270000,0.000000,0.140000,0.020000
1777189332.884240,0,0.000000,0.000000,0.000000,0.000000,1.000000,0.000000,0.340000,0.000000,0.140000,0.000000
1777189332.884750,0,0.000000,0.000000,0.000000,0.000000,1.000000,0.000000,0.400000,0.000000,0.000000,0.020000
1777189332.885183,0,0.000000,0.000000,0.000000,0.000000,1.000000,0.000000,0.460000,0.000000,0.070000,0.000000
1777189332.941174,0,0.000000,0.000000,0.000000,0.000000,1.000000,0.000000,0.510000,0.000000,0.210000,0.000000
1777189332.941876,0,0.000000,0.000000,0.000000,0.000000,1.000000,0.000000,0.600000,0.000000,0.070000,0.000000
1777189332.942312,0,0.000000,0.000000,0.000000,0.000000,1.000000,0.000000,0.010000,0.000000,0.070000,0.000000
1777189332.998158,0,0.000000,0.000000,0.000000,0.000000,1.000000,0.000000,0.100000,0.000000,0.210000,0.000000
1777189332.998713,0,0.000000,0.000000,0.000000,0.000000,1.000000,0.000000,0.200000,0.000000,0.000000,0.000000
1777189332.999141,0,0.000000,0.000000,0.000000,0.000000,0.000000,0.000000,0.280000,0.000000,0.000000,0.020000
1777189332.999834,0,0.000000,0.000000,0.000000,0.000000,0.070000,0.000000,0.380000,0.000000,0.070000,0.000000
1777189333.056086,0,0.000000,0.000000,0.000000,0.000000,0.110000,0.000000,0.470000,0.000000,0.070000,0.000000
1777189333.056616,0,0.000000,0.000000,0.000000,0.000000,0.180000,0.000000,0.560000,0.000000,0.070000,0.020000
1777189333.057229,0,0.000000,0.000000,0.000000,0.000000,0.250000,0.000000,0.660000,0.000000,0.000000,0.020000
1777189333.057674,0,0.000000,0.000000,0.000000,0.000000,0.310000,0.000000,0.750000,0.000000,0.000000,0.000000
1777189333.113503,0,0.000000,0.000000,0.000000,0.000000,0.370000,0.000000,0.830000,0.000000,0.070000,0.000000
1777189333.114067,0,0.000000,0.000000,0.000000,0.000000,0.410000,0.000000,0.930000,0.000000,0.070000,0.000000
1777189333.114532,0,0.000000,0.000000,0.000000,0.000000,0.470000,0.000000,0.000000,0.000000,0.000000,0.340000
1777189333.170669,0,0.000000,0.000000,0.000000,0.000000,0.540000,0.000000,0.100000,0.000000,0.000000,0.210000
1777189333.171182,0,0.000000,0.000000,0.000000,0.000000,0.610000,0.000000,0.200000,0.000000,0.000000,0.020000
1777189333.171756,0,0.000000,0.000000,0.000000,0.000000,0.660000,0.000000,0.310000,0.000000,0.000000,0.020000
1777189333.172163,0,0.000000,0.000000,0.000000,0.000000,0.010000,0.000000,0.400000,0.000000,0.000000,0.020000
1777189333.201719,0,0.000000,0.000000,0.000000,0.000000,0.070000,0.000000,0.510000,0.000000,0.000000,0.020000
1777189333.232578,0,0.000000,0.000000,0.000000,0.000000,0.120000,0.000000,0.000000,0.000000,0.140000,0.340000
1777189333.233263,0,0.000000,0.000000,0.000000,0.000000,0.180000,0.000000,0.100000,0.000000,0.000000,0.020000
1777189333.263693,0,0.000000,0.000000,0.000000,0.000000,0.000000,0.000000,0.200000,0.000000,0.000000,0.000000
1777189333.264346,0,0.000000,0.000000,0.000000,0.000000,0.070000,0.000000,0.310000,0.000000,0.000000,0.150000
1777189333.296046,0,0.000000,0.000000,0.000000,0.000000,0.150000,0.000000,0.430000,0.000000,0.000000,0.000000
1777189333.326810,0,0.000000,0.000000,0.000000,0.000000,0.230000,0.000000,0.540000,0.000000,0.070000,0.020000
1777189333.327309,0,0.000000,0.000000,0.000000,0.000000,0.310000,0.000000,0.640000,0.000000,0.070000,0.000000
1777189333.358239,0,0.000000,0.000000,0.000000,0.000000,0.370000,0.000000,0.750000,0.000000,0.070000,0.020000
1777189333.389968,0,0.000000,0.000000,0.000000,0.000000,0.440000,0.000000,0.870000,0.000000,0.000000,0.020000
1777189333.390469,0,0.000000,0.000000,0.000000,0.000000,0.510000,0.000000,0.980000,0.000000,0.000000,0.020000
1777189333.390867,0,0.000000,0.000000,0.000000,0.000000,0.610000,0.000000,1.000000,0.000000,0.000000,0.020000
1777189333.425624,0,0.000000,0.000000,0.000000,0.000000,0.680000,0.000000,1.000000,0.000000,0.000000,0.020000
1777189333.426143,0,0.000000,0.000000,0.000000,0.000000,0.750000,0.000000,1.000000,0.000000,0.000000,0.070000
1777189333.459110,0,0.000000,0.000000,0.000000,0.000000,0.820000,0.000000,1.000000,0.000000,0.000000,0.000000
1777189333.459628,0,0.000000,0.000000,0.000000,0.000000,0.910000,0.000000,1.000000,0.000000,0.000000,0.020000
1777189333.460034,0,0.000000,0.000000,0.000000,0.000000,0.980000,0.000000,1.000000,0.000000,0.070000,0.000000
1777189333.489892,0,0.000000,0.000000,0.000000,0.000000,1.000000,0.000000,1.000000,0.000000,0.000000,0.020000
1777189333.520636,0,0.000000,0.000000,0.000000,0.000000,1.000000,0.000000,1.000000,0.000000,0.000000,0.020000
1777189333.521153,0,0.000000,0.000000,0.000000,0.000000,1.000000,0.000000,1.000000,0.000000,0.140000,0.000000
1777189333.521559,0,0.000000,0.000000,0.000000,0.000000,1.000000,0.000000,1.000000,0.000000,0.070000,0.000000
1777189333.551687,0,0.000000,0.000000,0.000000,0.000000,1.000000,0.000000,1.000000,0.000000,0.070000,0.000000
1777189333.552183,0,0.000000,0.000000,0.000000,0.000000,1.000000,0.000000,1.000000,0.000000,0.070000,0.070000
1777189333.583209,0,0.000000,0.000000,0.000000,0.000000,1.000000,0.000000,1.000000,0.000000,0.000000,0.000000
1777189333.613349,0,0.000000,0.000000,0.000000,0.000000,1.000000,0.000000,1.000000,0.000000,0.000000,0.020000
1777189333.613848,0,0.000000,0.000000,0.000000,0.000000,1.000000,0.000000,1.000000,0.000000,0.070000,0.000000
1777189333.614242,0,0.000000,0.000000,0.000000,0.000000,1.000000,0.000000,0.020000,0.000000,0.000000,0.020000
1777189333.614622,0,0.000000,0.000000,0.000000,0.000000,1.000000,0.000000,0.120000,0.000000,0.000000,0.000000
1777189333.672297,0,0.000000,0.000000,0.000000,0.000000,1.000000,0.000000,0.250000,0.000000,0.000000,0.020000
1777189333.672811,0,0.000000,0.000000,0.000000,0.000000,1.000000,0.000000,0.010000,0.000000,0.070000,0.000000
1777189333.673252,0,0.000000,0.000000,0.000000,0.000000,1.000000,0.000000,0.180000,0.000000,0.000000,0.000000
1777189333.673662,0,0.000000,0.000000,0.000000,0.000000,1.000000,0.000000,0.100000,0.000000,0.070000,0.000000
1777189333.674051,0,0.000000,0.000000,0.000000,0.000000,1.000000,0.000000,0.340000,0.000000,0.000000,0.020000
1777189333.674421,0,0.000000,0.000000,0.000000,0.000000,1.000000,0.000000,0.600000,0.000000,0.000000,0.020000
1777189333.732279,0,0.000000,0.000000,0.000000,0.000000,1.000000,0.000000,0.880000,0.000000,0.000000,0.100000
1777189333.733098,0,0.000000,0.000000,0.000000,0.000000,1.000000,0.000000,1.000000,0.000000,0.000000,0.070000
1777189333.788851,0,0.000000,0.000000,0.000000,0.000000,1.000000,0.000000,1.000000,0.000000,0.000000,0.000000
1777189333.789392,0,0.000000,0.000000,0.000000,0.000000,1.000000,0.000000,1.000000,0.000000,0.000000,0.000000
1777189333.789799,0,0.000000,0.000000,0.000000,0.000000,1.000000,0.000000,1.000000,0.000000,0.000000,0.000000
1777189333.790406,0,0.000000,0.000000,0.000000,0.000000,1.000000,0.000000,1.000000,0.000000,0.000000,0.000000
1777189333.790883,0,0.000000,0.000000,0.000000,0.000000,1.000000,0.000000,1.000000,0.000000,0.070000,0.000000
1777189333.849204,0,0.000000,0.000000,0.000000,0.000000,1.000000,0.000000,1.000000,0.000000,0.000000,0.020000
1777189333.849729,0,0.000000,0.000000,0.000000,0.000000,1.000000,0.000000,1.000000,0.000000,0.210000,0.000000
1777189333.850289,0,0.000000,0.000000,0.000000,0.000000,1.000000,0.000000,1.000000,0.000000,0.140000,0.000000
1777189333.850699,0,0.000000,0.000000,0.000000,0.000000,1.000000,0.000000,1.000000,0.000000,0.000000,0.000000
1777189333.905393,0,0.000000,0.000000,0.000000,0.000000,1.000000,0.000000,1.000000,0.000000,0.000000,0.000000
1777189333.906081,0,0.000000,0.000000,0.000000,0.000000,1.000000,0.000000,1.000000,0.000000,0.000000,0.020000
1777189333.962461,0,0.000000,0.000000,0.000000,0.000000,1.000000,0.000000,1.000000,0.000000,0.070000,0.020000
1777189333.963946,0,0.000000,0.000000,0.000000,0.000000,1.000000,0.000000,1.000000,0.000000,0.140000,0.020000
1777189333.964427,0,0.000000,0.000000,0.000000,0.000000,1.000000,0.000000,1.000000,0.000000,0.000000,0.000000
1777189333.964830,0,0.000000,0.000000,0.000000,0.000000,1.000000,0.000000,1.000000,0.000000,0.000000,0.000000
1777189334.021834,0,0.000000,0.000000,0.000000,0.000000,1.000000,0.000000,1.000000,0.000000,0.000000,0.000000
1777189334.022478,0,0.000000,0.000000,0.000000,0.000000,0.000000,0.000000,1.000000,0.000000,0.000000,0.020000
1777189334.022947,0,0.000000,0.000000,0.000000,0.000000,0.070000,0.000000,1.000000,0.000000,0.070000,0.070000
1777189334.023361,0,0.000000,0.000000,0.000000,0.000000,0.150000,0.000000,1.000000,0.000000,0.000000,0.020000
1777189334.024688,0,0.000000,0.000000,0.000000,0.000000,0.230000,0.000000,1.000000,0.000000,0.140000,0.020000
1777189334.094263,0,0.000000,0.000000,0.000000,0.000000,0.310000,0.000000,1.000000,0.000000,0.000000,0.000000
1777189334.155237,0,0.000000,0.000000,0.000000,0.000000,0.370000,0.000000,1.000000,0.000000,0.070000,0.070000
1777189334.155796,0,0.000000,0.000000,0.000000,0.000000,0.440000,0.000000,1.000000,0.000000,0.070000,0.020000
1777189334.156315,0,0.000000,0.000000,0.000000,0.000000,0.510000,0.000000,1.000000,0.000000,0.000000,0.000000
1777189334.157089,0,0.000000,0.000000,0.000000,0.000000,0.600000,0.000000,1.000000,0.000000,0.070000,0.000000
1777189334.157573,0,0.000000,0.000000,0.000000,0.000000,0.180000,0.000000,1.000000,0.000000,0.000000,0.000000
1777189334.157964,0,0.000000,0.000000,0.000000,0.000000,0.310000,0.000000,1.000000,0.000000,0.070000,0.000000
1777189334.189713,0,0.000000,0.000000,0.000000,0.000000,0.430000,0.000000,0.110000,0.000000,0.070000,0.020000
1777189334.222041,0,0.000000,0.000000,0.000000,0.000000,0.560000,0.000000,0.380000,0.000000,0.000000,0.020000
1777189334.253916,0,0.000000,0.000000,0.000000,0.000000,0.680000,0.000000,0.670000,0.000000,0.070000,0.020000
1777189334.254630,0,0.000000,0.000000,0.000000,0.000000,0.800000,0.000000,0.920000,0.000000,0.070000,0.000000
1777189334.285629,0,0.000000,0.000000,0.000000,0.000000,0.920000,0.000000,1.000000,0.000000,0.070000,0.000000
1777189334.344739,0,0.000000,0.000000,0.000000,0.000000,1.000000,0.000000,1.000000,0.000000,0.000000,0.020000
1777189334.345300,0,0.000000,0.000000,0.000000,0.000000,1.000000,0.000000,1.000000,0.000000,0.000000,0.020000
1777189334.404607,0,0.000000,0.000000,0.000000,0.000000,1.000000,0.000000,1.000000,0.000000,0.000000,0.020000
1777189334.405184,0,0.000000,0.000000,0.000000,0.000000,1.000000,0.000000,1.000000,0.000000,0.210000,0.070000
1777189334.405601,0,0.000000,0.000000,0.000000,0.000000,1.000000,0.000000,1.000000,0.000000,0.070000,0.000000
1777189334.405985,0,0.000000,0.000000,0.000000,0.000000,1.000000,0.000000,1.000000,0.000000,0.070000,0.000000
1777189334.406363,0,0.000000,0.000000,0.000000,0.000000,1.000000,0.000000,1.000000,0.000000,0.000000,0.000000
1777189334.406928,0,0.000000,0.000000,0.000000,0.000000,1.000000,0.000000,1.000000,0.000000,0.070000,0.000000
1777189334.407339,0,0.000000,0.000000,0.000000,0.000000,1.000000,0.000000,0.150000,0.000000,0.000000,0.100000
1777189334.471905,0,0.000000,0.000000,0.000000,0.000000,1.000000,0.000000,0.410000,0.000000,0.070000,0.070000
1777189334.472448,0,0.000000,0.000000,0.000000,0.000000,1.000000,0.000000,0.700000,0.000000,0.000000,0.000000
1777189334.472866,0,0.000000,0.000000,0.000000,0.000000,1.000000,0.000000,1.000000,0.000000,0.070000,0.000000
1777189334.473556,0,0.000000,0.000000,0.000000,0.000000,1.000000,0.000000,1.000000,0.000000,0.070000,0.020000
1777189334.533791,0,0.000000,0.000000,0.000000,0.000000,1.000000,0.000000,1.000000,0.000000,0.000000,0.000000
1777189334.534336,0,0.000000,0.000000,0.000000,0.000000,1.000000,0.000000,1.000000,0.000000,0.070000,0.070000
1777189334.534923,0,0.000000,0.000000,0.000000,0.000000,0.000000,0.000000,1.000000,0.000000,0.280000,0.000000
1777189334.535327,0,0.000000,0.000000,0.000000,0.000000,0.110000,0.000000,0.070000,0.000000,0.000000,0.000000
1777189334.595063,0,0.000000,0.000000,0.000000,0.000000,0.230000,0.000000,0.280000,0.000000,0.140000,0.020000
1777189334.595795,0,0.000000,1.000000,0.000000,0.000000,0.370000,0.000000,0.500000,0.000000,0.000000,0.020000
1777189334.655209,0,0.000000,1.000000,0.000000,0.000000,0.490000,0.000000,0.750000,0.000000,0.070000,0.000000
1777189334.655770,0,0.000000,1.000000,0.000000,0.000000,0.610000,0.000000,0.940000,0.000000,0.000000,0.020000
1777189334.656171,0,0.000000,1.000000,0.000000,0.000000,0.730000,0.000000,1.000000,0.000000,0.140000,0.000000
1777189334.656553,0,0.000000,1.000000,0.000000,0.000000,0.850000,0.000000,1.000000,0.000000,0.070000,0.020000
1777189334.656934,0,0.000000,1.000000,0.000000,0.000000,0.970000,0.000000,1.000000,0.000000,0.070000,0.000000
1777189334.716936,0,0.000000,1.000000,0.000000,0.000000,1.000000,0.000000,0.030000,0.000000,0.070000,0.000000
1777189334.717494,0,0.000000,1.000000,0.000000,0.000000,1.000000,0.000000,0.200000,0.000000,0.140000,0.020000
1777189334.717899,0,0.000000,1.000000,0.000000,0.000000,1.000000,0.000000,0.360000,0.000000,0.000000,0.000000
1777189334.777449,0,0.000000,1.000000,0.000000,0.000000,1.000000,0.000000,0.510000,0.000000,0.000000,0.020000
1777189334.777992,0,0.000000,1.000000,0.000000,0.000000,1.000000,0.000000,0.000000,0.000000,0.070000,0.000000
1777189334.778411,0,0.000000,1.000000,0.000000,0.000000,1.000000,0.000000,0.150000,0.000000,0.000000,0.000000
1777189334.778807,0,0.000000,1.000000,0.000000,0.000000,1.000000,0.000000,0.280000,0.000000,0.000000,0.000000
1777189334.837721,0,0.000000,1.000000,0.000000,0.000000,1.000000,0.000000,0.730000,0.000000,0.000000,0.020000
1777189334.838264,0,0.000000,1.000000,0.000000,0.000000,1.000000,0.000000,0.870000,0.000000,0.000000,0.020000
1777189334.838669,0,0.000000,1.000000,0.000000,0.000000,1.000000,0.000000,1.000000,0.000000,0.000000,0.000000
1777189334.839804,0,0.000000,1.000000,0.000000,0.000000,1.000000,0.000000,1.000000,0.000000,0.070000,0.020000
1777189334.899689,0,0.000000,1.000000,0.000000,0.000000,1.000000,0.000000,1.000000,0.000000,0.000000,0.000000
1777189334.900208,0,0.000000,1.000000,0.000000,0.000000,1.000000,0.000000,1.000000,0.000000,0.070000,0.000000
1777189334.901518,0,0.000000,1.000000,0.000000,0.000000,1.000000,0.000000,1.000000,0.000000,0.000000,0.020000
1777189334.902049,0,0.000000,1.000000,0.000000,0.000000,1.000000,0.000000,1.000000,0.000000,0.140000,0.000000
1777189334.902483,0,0.000000,1.000000,0.000000,0.000000,1.000000,0.000000,1.000000,0.000000,0.070000,0.070000
1777189334.960299,0,0.000000,1.000000,0.000000,0.000000,1.000000,0.000000,1.000000,0.000000,0.000000,0.000000
1777189334.961337,0,0.000000,1.000000,0.000000,0.000000,1.000000,0.000000,1.000000,0.000000,0.000000,0.000000
1777189335.017707,0,0.000000,1.000000,0.000000,0.000000,1.000000,0.000000,1.000000,0.000000,0.070000,0.000000
1777189335.018232,0,0.000000,1.000000,0.000000,0.000000,1.000000,0.000000,1.000000,0.000000,0.000000,0.020000
1777189335.018636,0,0.000000,1.000000,0.000000,0.000000,1.000000,0.000000,1.000000,0.000000,0.070000,0.020000
1777189335.019016,0,0.000000,1.000000,0.000000,0.000000,1.000000,0.000000,0.050000,0.000000,0.210000,0.000000
1777189335.076699,0,0.000000,1.000000,0.000000,0.000000,1.000000,0.000000,0.200000,0.000000,0.070000,0.000000
1777189335.077228,0,0.000000,1.000000,0.000000,0.000000,1.000000,0.000000,0.340000,0.000000,0.070000,0.000000
1777189335.077645,0,0.000000,1.000000,0.000000,0.000000,1.000000,0.000000,0.500000,0.000000,0.000000,0.000000
1777189335.078041,0,0.000000,1.000000,0.000000,0.000000,1.000000,0.000000,0.630000,0.000000,0.000000,0.000000
1777189335.078426,0,0.000000,1.000000,0.000000,0.000000,1.000000,0.000000,0.770000,0.000000,0.070000,0.000000
1777189335.079442,0,0.000000,1.000000,0.000000,0.000000,1.000000,0.000000,0.930000,0.000000,0.070000,0.020000
1777189335.141692,0,0.000000,1.000000,0.000000,0.000000,1.000000,0.000000,1.000000,0.000000,0.140000,0.000000
1777189335.142225,0,0.000000,1.000000,0.000000,0.000000,1.000000,0.000000,0.000000,0.000000,0.000000,0.000000
1777189335.142623,0,0.000000,1.000000,0.000000,0.000000,1.000000,0.000000,0.150000,0.000000,0.070000,0.000000
1777189335.198735,0,0.000000,1.000000,0.000000,0.000000,1.000000,0.000000,0.310000,0.000000,0.000000,0.020000
1777189335.199267,0,0.000000,1.000000,0.000000,0.000000,1.000000,0.000000,0.460000,0.000000,0.000000,0.020000
1777189335.199786,0,0.000000,1.000000,0.000000,0.000000,1.000000,0.000000,0.600000,0.000000,0.000000,0.020000
1777189335.200363,0,0.000000,1.000000,0.000000,0.000000,1.000000,0.000000,0.740000,0.000000,0.000000,0.070000
1777189335.200776,0,0.000000,1.000000,0.000000,0.000000,1.000000,0.000000,0.890000,0.000000,0.000000,0.000000
1777189335.231582,0,0.000000,1.000000,0.000000,0.000000,1.000000,0.000000,1.000000,0.000000,0.000000,0.000000
1777189335.261333,0,0.000000,1.000000,0.000000,0.000000,1.000000,0.000000,1.000000,0.000000,0.000000,0.100000
1777189335.261837,0,0.000000,1.000000,0.000000,0.000000,1.000000,0.000000,1.000000,0.000000,0.140000,0.000000
1777189335.318284,0,0.000000,1.000000,0.000000,0.000000,1.000000,0.000000,1.000000,0.000000,0.000000,0.000000
1777189335.318809,0,0.000000,1.000000,0.000000,0.000000,1.000000,0.000000,1.000000,0.000000,0.070000,0.020000
1777189335.319214,0,0.000000,1.000000,0.000000,0.000000,1.000000,0.000000,1.000000,0.000000,0.000000,0.000000
1777189335.319624,0,0.000000,1.000000,0.000000,0.000000,1.000000,0.000000,1.000000,0.000000,0.000000,0.000000
1777189335.320236,0,0.000000,1.000000,0.000000,0.000000,1.000000,0.000000,1.000000,0.000000,0.000000,0.000000
1777189335.377103,0,0.000000,1.000000,0.000000,0.000000,1.000000,0.000000,1.000000,0.000000,0.000000,0.020000
1777189335.377728,0,0.000000,1.000000,0.000000,0.000000,1.000000,0.000000,1.000000,0.000000,0.000000,0.020000
1777189335.378561,0,0.000000,1.000000,0.000000,0.000000,1.000000,0.000000,0.070000,0.000000,0.000000,0.020000
1777189335.409468,0,0.000000,1.000000,0.000000,0.000000,1.000000,0.000000,0.230000,0.000000,0.070000,0.020000
1777189335.442932,0,0.000000,1.000000,0.000000,0.000000,1.000000,0.000000,0.370000,0.000000,0.000000,0.020000
1777189335.474553,0,0.000000,1.000000,0.000000,0.000000,1.000000,0.000000,0.540000,0.000000,0.000000,0.000000
1777189335.475059,0,0.000000,1.000000,0.000000,0.000000,1.000000,0.000000,0.680000,0.000000,0.000000,0.000000
1777189335.506292,0,0.000000,1.000000,0.000000,0.000000,1.000000,0.000000,0.830000,0.000000,0.140000,0.000000
1777189335.506797,0,0.000000,1.000000,0.000000,0.000000,1.000000,0.000000,0.980000,0.000000,0.000000,0.000000
1777189335.507193,0,0.000000,1.000000,0.000000,0.000000,1.000000,0.000000,1.000000,0.000000,0.000000,0.020000
1777189335.538225,0,0.000000,1.000000,0.000000,0.000000,1.000000,0.000000,0.000000,0.000000,0.070000,0.020000
1777189335.569175,0,0.000000,1.000000,0.000000,0.000000,1.000000,0.000000,0.150000,0.000000,0.000000,0.000000
1777189335.569665,0,0.000000,1.000000,0.000000,0.000000,1.000000,0.000000,0.310000,0.000000,0.000000,0.000000
1777189335.570054,0,0.000000,1.000000,0.000000,0.000000,1.000000,0.000000,0.440000,0.000000,0.000000,0.000000
1777189335.570452,0,0.000000,1.000000,0.000000,0.000000,0.070000,0.000000,0.600000,0.000000,0.000000,0.070000
1777189335.600626,0,0.000000,1.000000,0.000000,0.000000,0.200000,0.000000,0.750000,0.000000,0.000000,0.070000
1777189335.601139,0,0.000000,1.000000,0.000000,0.000000,0.340000,0.000000,0.890000,0.000000,0.070000,0.020000
1777189335.632652,0,0.000000,1.000000,0.000000,0.000000,0.460000,0.000000,1.000000,0.000000,0.000000,0.020000
1777189335.633356,0,0.000000,1.000000,0.000000,0.000000,0.570000,0.000000,1.000000,0.000000,0.000000,0.020000
1777189335.665702,0,0.000000,1.000000,0.000000,0.000000,0.690000,0.000000,1.000000,0.000000,0.000000,0.020000
1777189335.697298,0,0.000000,1.000000,0.000000,0.000000,0.810000,0.000000,1.000000,0.000000,0.000000,0.000000
1777189335.697816,0,0.000000,1.000000,0.000000,0.000000,0.930000,0.000000,1.000000,0.000000,0.210000,0.000000
1777189335.698219,0,0.000000,1.000000,0.000000,0.000000,1.000000,0.000000,1.000000,0.000000,0.000000,0.000000
1777189335.729307,0,0.000000,1.000000,0.000000,0.000000,1.000000,0.000000,1.000000,0.000000,0.000000,0.100000
1777189335.729951,0,0.000000,1.000000,0.000000,0.000000,1.000000,0.000000,1.000000,0.000000,0.000000,0.000000
1777189335.760737,0,0.000000,1.000000,0.000000,0.000000,0.050000,0.000000,0.050000,0.000000,0.000000,0.100000
1777189335.761372,0,0.000000,1.000000,0.000000,0.000000,0.180000,0.000000,0.150000,0.000000,0.000000,0.100000
1777189335.761878,0,0.000000,1.000000,0.000000,0.000000,0.310000,0.000000,0.250000,0.000000,0.070000,0.000000
1777189335.817946,0,0.000000,1.000000,0.000000,0.000000,0.430000,0.000000,0.340000,0.000000,0.070000,0.000000
1777189335.818485,0,0.000000,1.000000,0.000000,0.000000,0.550000,0.000000,0.430000,0.000000,0.000000,0.000000
1777189335.818885,0,0.000000,1.000000,0.000000,0.000000,0.670000,0.000000,0.540000,0.000000,0.000000,0.000000
1777189335.819513,0,0.000000,1.000000,0.000000,0.000000,0.800000,0.000000,0.630000,0.000000,0.070000,0.000000
1777189335.875851,0,0.000000,1.000000,0.000000,0.000000,0.910000,0.000000,0.730000,0.000000,0.070000,0.000000
1777189335.876404,0,0.000000,1.000000,0.000000,0.000000,1.000000,0.000000,0.820000,0.000000,0.000000,0.000000
1777189335.876811,0,0.000000,1.000000,0.000000,0.000000,1.000000,0.000000,0.930000,0.000000,0.210000,0.020000
1777189335.877366,0,0.000000,1.000000,0.000000,0.000000,1.000000,0.000000,1.000000,0.000000,0.140000,0.000000
1777189335.932682,0,0.000000,1.000000,0.000000,0.000000,1.000000,0.000000,1.000000,0.000000,0.140000,0.020000
1777189335.933187,0,0.000000,1.000000,0.000000,0.000000,1.000000,0.000000,1.000000,0.000000,0.070000,0.000000
1777189335.933592,0,0.000000,1.000000,0.000000,0.000000,0.010000,0.000000,1.000000,0.000000,0.000000,0.020000
1777189335.933966,0,0.000000,1.000000,0.000000,0.000000,0.100000,0.000000,1.000000,0.000000,0.070000,0.000000
1777189335.989832,0,0.000000,1.000000,0.000000,0.000000,0.200000,0.000000,1.000000,0.000000,0.000000,0.000000
1777189335.990360,0,0.000000,1.000000,0.000000,0.000000,0.280000,0.000000,1.000000,0.000000,0.000000,0.020000
1777189335.990921,0,0.000000,1.000000,0.000000,0.000000,0.370000,0.000000,1.000000,0.000000,0.070000,0.020000
1777189336.046451,0,0.000000,1.000000,0.000000,0.000000,0.050000,0.000000,1.000000,0.000000,0.000000,0.020000
1777189336.047006,0,0.000000,1.000000,0.000000,0.000000,0.150000,0.000000,1.000000,0.000000,0.000000,0.000000
1777189336.047587,0,0.000000,1.000000,0.000000,0.000000,0.250000,0.000000,1.000000,0.000000,0.070000,0.000000
1777189336.048022,0,0.000000,1.000000,0.000000,0.000000,0.340000,0.000000,1.000000,0.000000,0.000000,0.020000
1777189336.104569,0,0.000000,1.000000,0.000000,0.000000,0.440000,0.000000,1.000000,0.000000,0.000000,0.000000
1777189336.105098,0,0.000000,1.000000,0.000000,0.000000,0.550000,0.000000,1.000000,0.000000,0.070000,0.000000
1777189336.106153,0,0.000000,1.000000,0.000000,0.000000,0.640000,0.000000,1.000000,0.000000,0.000000,0.020000
1777189336.106668,0,0.000000,1.000000,0.000000,0.000000,0.750000,0.000000,1.000000,0.000000,0.000000,0.000000
1777189336.137121,0,0.000000,1.000000,0.000000,0.000000,0.860000,0.000000,1.000000,0.000000,0.000000,0.000000
1777189336.167952,0,0.000000,1.000000,0.000000,0.000000,0.970000,0.000000,1.000000,0.000000,0.000000,0.000000
1777189336.200470,0,0.000000,1.000000,0.000000,0.000000,1.000000,0.000000,1.000000,0.000000,0.000000,0.020000
1777189336.200961,0,0.000000,1.000000,0.000000,0.000000,1.000000,0.000000,1.000000,0.000000,0.070000,0.000000
1777189336.201371,0,0.000000,1.000000,0.000000,0.000000,1.000000,0.000000,1.000000,0.000000,0.070000,0.020000
1777189336.232875,0,0.000000,1.000000,0.000000,0.000000,1.000000,0.000000,1.000000,0.000000,0.070000,0.020000
1777189336.233397,0,0.000000,1.000000,0.000000,0.000000,1.000000,0.000000,1.000000,0.000000,0.210000,0.000000
1777189336.264299,0,0.000000,1.000000,0.000000,0.000000,1.000000,0.000000,1.000000,0.000000,0.000000,0.000000
1777189336.264821,0,0.000000,1.000000,0.000000,0.000000,1.000000,0.000000,1.000000,0.000000,0.140000,0.000000
1777189336.295699,0,0.000000,1.000000,0.000000,0.000000,1.000000,0.000000,1.000000,0.000000,0.140000,0.000000
1777189336.296228,0,0.000000,1.000000,0.000000,0.000000,1.000000,0.000000,1.000000,0.000000,0.000000,0.000000
1777189336.327343,0,0.000000,1.000000,0.000000,0.000000,1.000000,0.000000,0.050000,0.000000,0.070000,0.000000
1777189336.327839,0,0.000000,1.000000,0.000000,0.000000,1.000000,0.000000,0.150000,0.000000,0.070000,0.000000
1777189336.384859,0,0.000000,1.000000,0.000000,0.000000,1.000000,0.000000,0.230000,0.000000,0.000000,0.000000
1777189336.385417,0,0.000000,1.000000,0.000000,0.000000,1.000000,0.000000,0.330000,0.000000,0.000000,0.000000
1777189336.385851,0,0.000000,1.000000,0.000000,0.000000,1.000000,0.000000,0.000000,0.000000,0.070000,0.410000
1777189336.386251,0,0.000000,1.000000,0.000000,0.000000,1.000000,0.000000,0.100000,0.000000,0.140000,0.000000
1777189336.387439,0,0.000000,1.000000,0.000000,0.000000,1.000000,0.000000,0.200000,0.000000,0.000000,0.020000
1777189336.387947,0,0.000000,1.000000,0.000000,0.000000,1.000000,0.000000,0.310000,0.000000,0.000000,0.000000
1777189336.446287,0,0.000000,1.000000,0.000000,0.000000,1.000000,0.000000,0.410000,0.000000,0.000000,0.000000
1777189336.447841,0,0.000000,1.000000,0.000000,0.000000,1.000000,0.000000,0.510000,0.000000,0.070000,0.000000
1777189336.448612,0,0.000000,1.000000,0.000000,0.000000,1.000000,0.000000,0.640000,0.000000,0.070000,0.000000
1777189336.487169,0,0.000000,1.000000,0.000000,0.000000,1.000000,0.000000,0.750000,0.000000,0.070000,0.000000
1777189336.517512,0,0.000000,1.000000,0.000000,0.000000,1.000000,0.000000,0.870000,0.000000,0.000000,0.000000
1777189336.518011,0,0.000000,1.000000,0.000000,0.000000,1.000000,0.000000,0.980000,0.000000,0.000000,0.000000
1777189336.518413,0,0.000000,1.000000,0.000000,0.000000,1.000000,0.000000,1.000000,0.000000,0.000000,0.000000
1777189336.550596,0,0.000000,1.000000,0.000000,0.000000,0.070000,0.000000,1.000000,0.000000,0.140000,0.020000
1777189336.582120,0,0.000000,1.000000,0.000000,0.000000,0.170000,0.000000,1.000000,0.000000,0.000000,0.000000
1777189336.582641,0,0.000000,1.000000,0.000000,0.000000,0.280000,0.000000,1.000000,0.000000,0.000000,0.000000
1777189336.583036,0,0.000000,0.000000,0.000000,0.000000,0.370000,0.000000,1.000000,0.000000,0.000000,0.020000
1777189336.613941,0,0.000000,0.000000,0.000000,0.000000,0.470000,0.000000,1.000000,0.000000,0.000000,0.150000
1777189336.645994,0,0.000000,0.000000,0.000000,0.000000,0.570000,0.000000,1.000000,0.000000,0.140000,0.000000
1777189336.646513,0,0.000000,0.000000,0.000000,0.000000,0.680000,0.000000,1.000000,0.000000,0.070000,0.020000
1777189336.646948,0,0.000000,0.000000,0.000000,0.000000,0.790000,0.000000,1.000000,0.000000,0.140000,0.020000
1777189336.678586,0,0.000000,0.000000,0.000000,0.000000,0.880000,0.000000,1.000000,0.000000,0.000000,0.020000
1777189336.679091,0,0.000000,0.000000,0.000000,0.000000,1.000000,0.000000,1.000000,0.000000,0.070000,0.070000
1777189336.711789,0,0.000000,0.000000,0.000000,0.000000,1.000000,0.000000,1.000000,0.000000,0.000000,0.020000
1777189336.743134,0,0.000000,0.000000,0.000000,0.000000,1.000000,0.000000,1.000000,0.000000,0.000000,0.000000
1777189336.743637,0,0.000000,0.000000,0.000000,0.000000,1.000000,0.000000,1.000000,0.000000,0.140000,0.020000
1777189336.744038,0,0.000000,0.000000,0.000000,0.000000,1.000000,0.000000,1.000000,0.000000,0.140000,0.000000
1777189336.744437,0,0.000000,0.000000,0.000000,0.000000,1.000000,0.000000,0.000000,0.000000,0.070000,0.000000
1777189336.775785,0,0.000000,0.000000,0.000000,0.000000,1.000000,0.000000,0.000000,0.000000,0.000000,0.000000
1777189336.806703,0,0.000000,0.000000,0.000000,0.000000,1.000000,0.000000,0.070000,0.000000,0.000000,0.020000
1777189336.807224,0,0.000000,0.000000,0.000000,0.000000,1.000000,0.000000,0.140000,0.000000,0.000000,0.000000
1777189336.838462,0,0.000000,0.000000,0.000000,0.000000,1.000000,0.000000,0.200000,0.000000,0.000000,0.000000
1777189336.838987,0,0.000000,0.000000,0.000000,0.000000,1.000000,0.000000,0.280000,0.000000,0.000000,0.000000
1777189336.870801,0,0.000000,0.000000,0.000000,0.000000,0.000000,0.000000,0.030000,0.000000,0.070000,0.020000
1777189336.871314,0,0.000000,0.000000,0.000000,0.000000,0.070000,0.000000,0.110000,0.000000,0.000000,0.020000
1777189336.872301,0,0.000000,0.000000,0.000000,0.000000,0.150000,0.000000,0.010000,0.000000,0.000000,0.020000
1777189336.904204,0,0.000000,0.000000,0.000000,0.000000,0.230000,0.000000,0.110000,0.000000,0.140000,0.000000
1777189336.935836,0,0.000000,0.000000,0.000000,0.000000,0.310000,0.000000,0.200000,0.000000,0.070000,0.020000
1777189336.936344,0,0.000000,0.000000,0.000000,0.000000,0.380000,0.000000,0.300000,0.000000,0.210000,0.000000
1777189336.936745,0,0.000000,0.000000,0.000000,0.000000,0.460000,0.000000,0.400000,0.000000,0.000000,0.000000
1777189336.967474,0,0.000000,0.000000,0.000000,0.000000,0.540000,0.000000,0.490000,0.000000,0.000000,0.000000
1777189336.967975,0,0.000000,0.000000,0.000000,0.000000,0.610000,0.000000,0.570000,0.000000,0.000000,0.070000
1777189336.969661,0,0.000000,0.000000,0.000000,0.000000,0.690000,0.000000,0.670000,0.000000,0.000000,0.100000
1777189337.000478,0,0.000000,0.000000,0.000000,0.000000,0.760000,0.000000,0.090000,0.000000,0.070000,0.000000
1777189337.001091,0,0.000000,0.000000,0.000000,0.000000,0.850000,0.000000,0.310000,0.000000,0.070000,0.000000
1777189337.031532,0,0.000000,0.000000,0.000000,0.000000,0.930000,0.000000,0.510000,0.000000,0.000000,0.020000
1777189337.063143,0,0.000000,0.000000,0.000000,0.000000,1.000000,0.000000,0.700000,0.000000,0.000000,0.100000
1777189337.063639,0,0.000000,0.000000,0.000000,0.000000,1.000000,0.000000,0.090000,0.000000,0.070000,0.070000
1777189337.095045,0,0.000000,0.000000,0.000000,0.000000,1.000000,0.000000,0.310000,0.000000,0.000000,0.000000
1777189337.095568,0,0.000000,0.000000,0.000000,0.000000,1.000000,0.000000,0.540000,0.000000,0.070000,0.070000
1777189337.126766,0,0.000000,0.000000,0.000000,0.000000,1.000000,0.000000,0.760000,0.000000,0.000000,0.000000
1777189337.127270,0,0.000000,0.000000,0.000000,0.000000,1.000000,0.000000,0.980000,0.000000,0.000000,0.020000
1777189337.157380,0,0.000000,0.000000,0.000000,0.000000,1.000000,0.000000,1.000000,0.000000,0.070000,0.020000
1777189337.157880,0,0.000000,0.000000,0.000000,0.000000,1.000000,0.000000,1.000000,0.000000,0.000000,0.000000
1777189337.188519,0,0.000000,0.000000,0.000000,0.000000,1.000000,0.000000,1.000000,0.000000,0.070000,0.070000
1777189337.189027,0,0.000000,0.000000,0.000000,0.000000,1.000000,0.000000,1.000000,0.000000,0.070000,0.020000
1777189337.219409,0,0.000000,0.000000,0.000000,0.000000,1.000000,0.000000,1.000000,0.000000,0.000000,0.020000
1777189337.219967,0,0.000000,0.000000,0.000000,0.000000,1.000000,0.000000,1.000000,0.000000,0.000000,0.000000
1777189337.220362,0,0.000000,0.000000,0.000000,0.000000,1.000000,0.000000,1.000000,0.000000,0.000000,0.020000
1777189337.278701,0,0.000000,0.000000,0.000000,0.000000,0.000000,0.000000,1.000000,0.000000,0.360000,0.000000
1777189337.279203,0,0.000000,0.000000,0.000000,0.000000,0.020000,0.000000,1.000000,0.000000,0.000000,0.000000
1777189337.279595,0,0.000000,0.000000,0.000000,0.000000,0.090000,0.000000,1.000000,0.000000,0.000000,0.000000
1777189337.280272,0,0.000000,0.000000,0.000000,0.000000,0.140000,0.000000,1.000000,0.000000,0.000000,0.000000
1777189337.280704,0,0.000000,0.000000,0.000000,0.000000,0.200000,0.000000,1.000000,0.000000,0.070000,0.070000
1777189337.281101,0,0.000000,0.000000,0.000000,0.000000,0.250000,0.000000,1.000000,0.000000,0.000000,0.000000
1777189337.337247,0,0.000000,0.000000,0.000000,0.000000,0.310000,0.000000,1.000000,0.000000,0.070000,0.000000
1777189337.338335,0,0.000000,0.000000,0.000000,0.000000,0.370000,0.000000,1.000000,0.000000,0.070000,0.000000
1777189337.338787,0,0.000000,0.000000,0.000000,0.000000,0.030000,0.000000,1.000000,0.000000,0.000000,0.000000
1777189337.395365,0,0.000000,0.000000,0.000000,0.000000,0.090000,0.000000,1.000000,0.000000,0.000000,0.020000
1777189337.395884,0,0.000000,0.000000,0.000000,0.000000,0.150000,0.000000,1.000000,0.000000,0.070000,0.020000
1777189337.396565,0,0.000000,0.000000,0.000000,0.000000,0.200000,0.000000,1.000000,0.000000,0.070000,0.000000
1777189337.457495,0,0.000000,0.000000,0.000000,0.000000,0.250000,0.000000,1.000000,0.000000,0.210000,0.000000
1777189337.458016,0,0.000000,0.000000,0.000000,0.000000,0.310000,0.000000,1.000000,0.000000,0.140000,0.000000
1777189337.458417,0,0.000000,0.000000,0.000000,0.000000,0.360000,0.000000,1.000000,0.000000,0.000000,0.020000
1777189337.459091,0,0.000000,0.000000,0.000000,0.000000,0.410000,0.000000,1.000000,0.000000,0.000000,0.000000
1777189337.459529,0,0.000000,0.000000,0.000000,0.000000,0.460000,0.000000,1.000000,0.000000,0.000000,0.000000
1777189337.520539,0,0.000000,0.000000,0.000000,0.000000,0.510000,0.000000,1.000000,0.000000,0.070000,0.020000
1777189337.521048,0,0.000000,0.000000,0.000000,0.000000,0.570000,0.000000,1.000000,0.000000,0.070000,0.000000
1777189337.522902,0,0.000000,0.000000,0.000000,0.000000,0.630000,0.000000,1.000000,0.000000,0.000000,0.020000
1777189337.523324,0,0.000000,0.000000,0.000000,0.000000,0.690000,0.000000,1.000000,0.000000,0.000000,0.000000
1777189337.581625,0,0.000000,0.000000,0.000000,0.000000,0.750000,0.000000,1.000000,0.000000,0.000000,0.020000
1777189337.582208,0,0.000000,0.000000,0.000000,0.000000,0.810000,0.000000,1.000000,0.000000,0.000000,0.000000
1777189337.582878,0,0.000000,0.000000,0.000000,0.000000,0.870000,0.000000,1.000000,0.000000,0.000000,0.020000
1777189337.583441,0,0.000000,0.000000,0.000000,0.000000,0.920000,0.000000,1.000000,0.000000,0.000000,0.020000
1777189337.613086,0,0.000000,0.000000,0.000000,0.000000,0.980000,0.000000,1.000000,0.000000,0.000000,0.020000
1777189337.643821,0,0.000000,0.000000,0.000000,0.000000,1.000000,0.000000,0.090000,0.000000,0.070000,0.000000
1777189337.674694,0,0.000000,0.000000,0.000000,0.000000,1.000000,0.000000,0.310000,0.000000,0.070000,0.000000
1777189337.675210,0,0.000000,0.000000,0.000000,0.000000,1.000000,0.000000,0.510000,0.000000,0.070000,0.000000
1777189337.706716,0,0.000000,0.000000,0.000000,0.000000,1.000000,0.000000,0.740000,0.000000,0.070000,0.100000
1777189337.707225,0,0.000000,0.000000,0.000000,0.000000,1.000000,0.000000,0.930000,0.000000,0.070000,0.000000
1777189337.739022,0,0.000000,0.000000,0.000000,0.000000,1.000000,0.000000,1.000000,0.000000,0.000000,0.000000
1777189337.739536,0,0.000000,0.000000,0.000000,0.000000,1.000000,0.000000,1.000000,0.000000,0.000000,0.000000
1777189337.739932,0,0.000000,0.000000,0.000000,0.000000,1.000000,0.000000,1.000000,0.000000,0.070000,0.000000
1777189337.771486,0,0.000000,0.000000,0.000000,0.000000,1.000000,0.000000,1.000000,0.000000,0.000000,0.000000
1777189337.771990,0,0.000000,0.000000,0.000000,0.000000,1.000000,0.000000,1.000000,0.000000,0.070000,0.000000
1777189337.803308,0,0.000000,0.000000,0.000000,0.000000,1.000000,0.000000,1.000000,0.000000,0.000000,0.020000
1777189337.834260,0,0.000000,0.000000,0.000000,0.000000,1.000000,0.000000,1.000000,0.000000,0.000000,0.000000
1777189337.834793,0,0.000000,0.000000,0.000000,0.000000,1.000000,0.000000,1.000000,0.000000,0.070000,0.000000
1777189337.835263,0,0.000000,0.000000,0.000000,0.000000,1.000000,0.000000,1.000000,0.000000,0.140000,0.000000
1777189337.866728,0,0.000000,0.000000,0.000000,0.000000,1.000000,0.000000,1.000000,0.000000,0.140000,0.000000
1777189337.867222,0,0.000000,0.000000,0.000000,0.000000,1.000000,0.000000,0.000000,0.000000,0.070000,0.250000
1777189337.897814,0,0.000000,0.000000,0.000000,0.000000,1.000000,0.000000,0.210000,0.000000,0.000000,0.020000
1777189337.898311,0,0.000000,0.000000,0.000000,0.000000,1.000000,0.000000,0.430000,0.000000,0.070000,0.000000
1777189337.928912,0,0.000000,0.000000,0.000000,0.000000,1.000000,0.000000,0.660000,0.000000,0.000000,0.000000
1777189337.959778,0,0.000000,0.000000,0.000000,0.000000,1.000000,0.000000,0.850000,0.000000,0.070000,0.000000
1777189337.960275,0,0.000000,0.000000,0.000000,0.000000,1.000000,0.000000,1.000000,0.000000,0.070000,0.000000
1777189337.960674,0,0.000000,0.000000,0.000000,0.000000,1.000000,0.000000,1.000000,0.000000,0.000000,0.020000
1777189337.992689,0,0.000000,0.000000,0.000000,0.000000,1.000000,0.000000,0.050000,0.000000,0.070000,0.070000
1777189337.993217,0,0.000000,0.000000,0.000000,0.000000,1.000000,0.000000,0.210000,0.000000,0.070000,0.000000
1777189338.029381,0,0.000000,0.000000,0.000000,0.000000,1.000000,0.000000,0.370000,0.000000,0.000000,0.180000
1777189338.029895,0,0.000000,0.000000,0.000000,0.000000,1.000000,0.000000,0.070000,0.000000,0.070000,0.000000
1777189338.060326,0,0.000000,0.000000,0.000000,0.000000,1.000000,0.000000,0.150000,0.000000,0.000000,0.020000
1777189338.060824,0,0.000000,0.000000,0.000000,0.000000,1.000000,0.000000,0.430000,0.000000,0.140000,0.000000
1777189338.092482,0,0.000000,0.000000,0.000000,0.000000,1.000000,0.000000,0.730000,0.000000,0.000000,0.000000
1777189338.097378,0,0.000000,0.000000,0.000000,0.000000,1.000000,0.000000,1.000000,0.000000,0.000000,0.000000
1777189338.108371,0,0.000000,0.000000,0.000000,0.000000,1.000000,0.000000,1.000000,0.000000,0.070000,0.020000
1777189338.108924,0,0.000000,0.000000,0.000000,0.000000,1.000000,0.000000,1.000000,0.000000,0.000000,0.020000
1777189338.131981,0,0.000000,0.000000,0.000000,0.000000,1.000000,0.000000,1.000000,0.000000,0.000000,0.000000
1777189338.139592,0,0.000000,0.000000,0.000000,0.000000,1.000000,0.000000,1.000000,0.000000,0.000000,0.000000
1777189338.147146,0,0.000000,0.000000,0.000000,0.000000,1.000000,0.000000,1.000000,0.000000,0.070000,0.070000
1777189338.154561,0,0.000000,0.000000,0.000000,0.000000,0.030000,0.000000,1.000000,0.000000,0.140000,0.020000
1777189338.155148,0,0.000000,0.000000,0.000000,0.000000,0.090000,0.000000,1.000000,0.000000,0.000000,0.180000
1777189338.178615,0,0.000000,0.000000,0.000000,0.000000,0.150000,0.000000,1.000000,0.000000,0.000000,0.020000
1777189338.194623,0,0.000000,0.000000,0.000000,0.000000,0.200000,0.000000,1.000000,0.000000,0.070000,0.100000
1777189338.197036,0,0.000000,0.000000,0.000000,0.000000,0.250000,0.000000,1.000000,0.000000,0.070000,0.020000
1777189338.217406,0,0.000000,0.000000,0.000000,0.000000,0.310000,0.000000,1.000000,0.000000,0.070000,0.020000
1777189338.239307,0,0.000000,0.000000,0.000000,0.000000,0.370000,0.000000,1.000000,0.000000,0.000000,0.000000
1777189338.244917,0,0.000000,0.000000,0.000000,0.000000,0.410000,0.000000,1.000000,0.000000,0.070000,0.000000
1777189338.269103,0,0.000000,0.000000,0.000000,0.000000,0.470000,0.000000,1.000000,0.000000,0.140000,0.070000
1777189338.276474,0,0.000000,0.000000,0.000000,0.000000,0.000000,0.000000,1.000000,0.000000,0.360000,0.000000
1777189338.299662,0,0.000000,0.000000,0.000000,0.000000,0.070000,0.000000,1.000000,0.000000,0.140000,0.000000
1777189338.314625,0,0.000000,0.000000,0.000000,0.000000,0.140000,0.000000,1.000000,0.000000,0.070000,0.070000
1777189338.320487,0,0.000000,0.000000,0.000000,0.000000,0.210000,0.000000,1.000000,0.000000,0.070000,0.020000
1777189338.336520,0,0.000000,0.000000,0.000000,0.000000,0.280000,0.000000,1.000000,0.000000,0.070000,0.000000
1777189338.358653,0,0.000000,0.000000,0.000000,0.000000,0.000000,0.000000,1.000000,0.000000,0.070000,0.020000
1777189338.372416,0,0.000000,0.000000,0.000000,0.000000,0.150000,0.000000,1.000000,0.000000,0.000000,0.000000
1777189338.380435,0,0.000000,0.000000,0.000000,0.000000,0.280000,0.000000,1.000000,0.000000,0.000000,0.020000
1777189338.403041,0,0.000000,0.000000,0.000000,0.000000,0.110000,0.000000,0.090000,0.000000,0.070000,0.000000
1777189338.420718,0,0.000000,0.000000,0.000000,0.000000,0.310000,0.000000,0.380000,0.000000,0.070000,0.000000
1777189338.425546,0,0.000000,0.000000,0.000000,0.000000,0.470000,0.000000,0.670000,0.000000,0.070000,0.000000
1777189338.447686,0,0.000000,0.000000,0.000000,0.000000,0.660000,0.000000,0.950000,0.000000,0.000000,0.020000
1777189338.463024,0,0.000000,0.000000,0.000000,0.000000,0.820000,0.000000,0.070000,0.000000,0.000000,0.020000
1777189338.494721,0,0.000000,0.000000,0.000000,0.000000,1.000000,0.000000,0.460000,0.000000,0.000000,0.070000
1777189338.495220,0,0.000000,0.000000,0.000000,0.000000,1.000000,0.000000,0.850000,0.000000,0.070000,0.000000
1777189338.506667,0,0.000000,0.000000,0.000000,0.000000,1.000000,0.000000,1.000000,0.000000,0.000000,0.000000
1777189338.523093,0,0.000000,0.000000,0.000000,0.000000,1.000000,0.000000,1.000000,0.000000,0.070000,0.000000
1777189338.537377,0,0.000000,0.000000,0.000000,0.000000,1.000000,0.000000,1.000000,0.000000,0.000000,0.000000
1777189338.555771,0,0.000000,0.000000,0.000000,0.000000,1.000000,0.000000,1.000000,0.000000,0.000000,0.100000
1777189338.582894,0,0.000000,0.000000,0.000000,0.000000,1.000000,0.000000,1.000000,0.000000,0.140000,0.000000
1777189338.584240,0,0.000000,0.000000,0.000000,0.000000,1.000000,0.000000,1.000000,0.000000,0.070000,0.020000
1777189338.597543,0,0.000000,0.000000,0.000000,0.000000,1.000000,0.000000,1.000000,0.000000,0.070000,0.000000
1777189338.613938,0,0.000000,0.000000,0.000000,0.000000,1.000000,0.000000,1.000000,0.000000,0.000000,0.070000
1777189338.638536,0,0.000000,0.000000,0.000000,0.000000,1.000000,0.000000,1.000000,0.000000,0.140000,0.000000
1777189338.646063,0,0.000000,0.000000,0.000000,0.000000,1.000000,0.000000,1.000000,0.000000,0.070000,0.000000
1777189338.658258,0,0.000000,0.000000,0.000000,0.000000,1.000000,0.000000,1.000000,0.000000,0.000000,0.000000
1777189338.686405,0,0.000000,0.000000,0.000000,0.000000,1.000000,0.000000,1.000000,0.000000,0.000000,0.000000
1777189338.687582,0,0.000000,0.000000,0.000000,0.000000,1.000000,0.000000,0.000000,0.000000,0.000000,0.250000
1777189338.702112,0,0.000000,0.000000,0.000000,0.000000,1.000000,0.000000,0.340000,0.000000,0.000000,0.070000
1777189338.725506,0,0.000000,0.000000,0.000000,0.000000,1.000000,0.000000,0.720000,0.000000,0.070000,0.020000
1777189338.748083,0,0.000000,0.000000,0.000000,0.000000,1.000000,0.000000,1.000000,0.000000,0.070000,0.000000
1777189338.749738,0,0.000000,0.000000,0.000000,0.000000,1.000000,0.000000,1.000000,0.000000,0.000000,0.000000
1777189338.764021,0,0.000000,0.000000,0.000000,0.000000,1.000000,0.000000,1.000000,0.000000,0.000000,0.020000
1777189338.779475,0,0.000000,0.000000,0.000000,0.000000,1.000000,0.000000,1.000000,0.000000,0.070000,0.070000
1777189338.793482,0,0.000000,0.000000,0.000000,0.000000,1.000000,0.000000,1.000000,0.000000,0.070000,0.000000
1777189338.816385,0,0.000000,0.000000,0.000000,0.000000,1.000000,0.000000,1.000000,0.000000,0.070000,0.000000
1777189338.817890,0,0.000000,0.000000,0.000000,0.000000,1.000000,0.000000,1.000000,0.000000,0.000000,0.020000
1777189338.838974,0,0.000000,0.000000,0.000000,0.000000,1.000000,0.000000,1.000000,0.000000,0.000000,0.020000
1777189338.854819,0,0.000000,0.000000,0.000000,0.000000,1.000000,0.000000,1.000000,0.000000,0.000000,0.020000
1777189338.877038,0,0.000000,0.000000,0.000000,0.000000,1.000000,0.000000,1.000000,0.000000,0.070000,0.000000
1777189338.890677,0,0.000000,0.000000,0.000000,0.000000,1.000000,0.000000,1.000000,0.000000,0.070000,0.020000
1777189338.913564,0,0.000000,0.000000,0.000000,0.000000,1.000000,0.000000,1.000000,0.000000,0.070000,0.000000
1777189338.929113,0,0.000000,0.000000,0.000000,0.000000,1.000000,0.000000,1.000000,0.000000,0.000000,0.070000
1777189338.935486,0,0.000000,0.000000,0.000000,0.000000,1.000000,0.000000,1.000000,0.000000,0.070000,0.000000
1777189338.942529,0,0.000000,0.000000,0.000000,0.000000,1.000000,0.000000,1.000000,0.000000,0.070000,0.020000
1777189338.966037,0,0.000000,0.000000,0.000000,0.000000,1.000000,0.000000,1.000000,0.000000,0.140000,0.020000
1777189338.980003,0,0.000000,0.000000,0.000000,0.000000,1.000000,0.000000,1.000000,0.000000,0.000000,0.000000
1777189338.997082,0,0.000000,0.000000,0.000000,0.000000,1.000000,0.000000,1.000000,0.000000,0.070000,0.000000
1777189339.002518,0,0.000000,0.000000,0.000000,0.000000,1.000000,0.000000,1.000000,0.000000,0.000000,0.000000
1777189339.018844,0,0.000000,0.000000,0.000000,0.000000,1.000000,0.000000,1.000000,0.000000,0.210000,0.020000
1777189339.033614,0,0.000000,0.000000,0.000000,0.000000,1.000000,0.000000,1.000000,0.000000,0.070000,0.000000
1777189339.056191,0,0.000000,0.000000,0.000000,0.000000,1.000000,0.000000,1.000000,0.000000,0.070000,0.020000
1777189339.069712,0,0.000000,0.000000,0.000000,0.000000,1.000000,0.000000,1.000000,0.000000,0.000000,0.000000
1777189339.085596,0,0.000000,0.000000,0.000000,0.000000,1.000000,0.000000,1.000000,0.000000,0.000000,0.020000
1777189339.092270,0,0.000000,0.000000,0.000000,0.000000,1.000000,0.000000,1.000000,0.000000,0.070000,0.000000
1777189339.117580,0,0.000000,0.000000,0.000000,0.000000,1.000000,0.000000,1.000000,0.000000,0.070000,0.000000
1777189339.122490,0,0.000000,0.000000,0.000000,0.000000,1.000000,0.000000,1.000000,0.000000,0.000000,0.020000
1777189339.154094,0,0.000000,0.000000,0.000000,0.000000,1.000000,0.000000,1.000000,0.000000,0.000000,0.000000
1777189339.155844,0,0.000000,0.000000,0.000000,0.000000,1.000000,0.000000,1.000000,0.000000,0.070000,0.020000
1777189339.184907,0,0.000000,0.000000,0.000000,0.000000,1.000000,0.000000,1.000000,0.000000,0.070000,0.020000
1777189339.190623,0,0.000000,0.000000,0.000000,0.000000,1.000000,0.000000,1.000000,0.000000,0.000000,0.000000
1777189339.197050,0,0.000000,0.000000,0.000000,0.000000,1.000000,0.000000,1.000000,0.000000,0.000000,0.020000
1777189339.222289,0,0.000000,0.000000,0.000000,0.000000,1.000000,0.000000,1.000000,0.000000,0.070000,0.020000
1777189339.235668,0,0.000000,0.000000,0.000000,0.000000,1.000000,0.000000,1.000000,0.000000,0.000000,0.000000
1777189339.250049,0,0.000000,0.000000,0.000000,0.000000,1.000000,0.000000,1.000000,0.000000,0.000000,0.000000
1777189339.265367,0,0.000000,0.000000,0.000000,0.000000,1.000000,0.000000,1.000000,0.000000,0.000000,0.000000
1777189339.280481,0,0.000000,0.000000,0.000000,0.000000,1.000000,0.000000,1.000000,0.000000,0.000000,0.020000
1777189339.295802,0,0.000000,0.000000,0.000000,0.000000,1.000000,0.000000,1.000000,0.000000,0.000000,0.020000
1777189339.303731,0,0.000000,0.000000,0.000000,0.000000,1.000000,0.000000,1.000000,0.000000,0.070000,0.020000
1777189339.318939,0,0.000000,0.000000,0.000000,0.000000,0.110000,0.000000,0.170000,0.000000,0.070000,0.000000
1777189339.341569,0,0.000000,0.000000,0.000000,0.000000,0.300000,0.000000,0.550000,0.000000,0.070000,0.020000
1777189339.373731,0,0.000000,0.000000,0.000000,0.000000,0.470000,0.000000,0.940000,0.000000,0.070000,0.000000
1777189339.377449,0,0.000000,0.000000,0.000000,0.000000,0.660000,0.000000,1.000000,0.000000,0.070000,0.210000
1777189339.385241,0,0.000000,0.000000,0.000000,0.000000,0.820000,0.000000,1.000000,0.000000,0.140000,0.000000
1777189339.400737,0,0.000000,0.000000,0.000000,0.000000,1.000000,0.000000,1.000000,0.000000,0.000000,0.000000
1777189339.416266,0,0.000000,0.000000,0.000000,0.000000,1.000000,0.000000,1.000000,0.000000,0.000000,0.020000
1777189339.439208,0,0.000000,0.000000,0.000000,0.000000,1.000000,0.000000,1.000000,0.000000,0.070000,0.000000
1777189339.444866,0,0.000000,0.000000,0.000000,0.000000,1.000000,0.000000,1.000000,0.000000,0.070000,0.000000
1777189339.481652,0,0.000000,0.000000,0.000000,0.000000,1.000000,0.000000,1.000000,0.000000,0.000000,0.000000
1777189339.495930,0,0.000000,0.000000,0.000000,0.000000,1.000000,0.000000,1.000000,0.000000,0.000000,0.020000
1777189339.497646,0,0.000000,0.000000,0.000000,0.000000,1.000000,0.000000,0.100000,0.000000,0.070000,0.020000
1777189339.498959,0,0.000000,0.000000,0.000000,0.000000,1.000000,0.000000,0.460000,0.000000,0.140000,0.000000
1777189339.519799,0,0.000000,0.000000,0.000000,0.000000,1.000000,0.000000,0.400000,0.000000,0.000000,0.020000
1777189339.551600,0,0.000000,0.000000,0.000000,0.000000,1.000000,0.000000,0.870000,0.000000,0.000000,0.020000
1777189339.555649,0,0.000000,0.000000,0.000000,0.000000,1.000000,0.000000,1.000000,0.000000,0.070000,0.000000
1777189339.564869,0,0.000000,0.000000,0.000000,0.000000,1.000000,0.000000,1.000000,0.000000,0.000000,0.020000
1777189339.596584,0,0.000000,0.000000,0.000000,0.000000,1.000000,0.000000,1.000000,0.000000,0.070000,0.020000
1777189339.611662,0,0.000000,0.000000,0.000000,0.000000,1.000000,0.000000,1.000000,0.000000,0.070000,0.000000
1777189339.617657,0,0.000000,0.000000,0.000000,0.000000,1.000000,0.000000,1.000000,0.000000,0.140000,0.000000
1777189339.634012,0,0.000000,0.000000,0.000000,0.000000,1.000000,0.000000,1.000000,0.000000,0.140000,0.000000
1777189339.646813,0,0.000000,0.000000,0.000000,0.000000,1.000000,0.000000,1.000000,0.000000,0.000000,0.000000
1777189339.663709,0,0.000000,0.000000,0.000000,0.000000,0.050000,0.000000,1.000000,0.000000,0.070000,0.000000
1777189339.686019,0,0.000000,0.000000,0.000000,0.000000,0.250000,0.000000,1.000000,0.000000,0.000000,0.000000
1777189339.693211,0,0.000000,0.000000,0.000000,0.000000,0.430000,0.000000,1.000000,0.000000,0.070000,0.000000
1777189339.708885,0,0.000000,0.000000,0.000000,0.000000,0.610000,0.000000,1.000000,0.000000,0.070000,0.180000
1777189339.724235,0,0.000000,0.000000,0.000000,0.000000,0.790000,0.000000,0.090000,0.000000,0.000000,0.020000
1777189339.746598,0,0.000000,0.000000,0.000000,0.000000,0.950000,0.000000,0.570000,0.000000,0.000000,0.000000
1777189339.760963,0,0.000000,0.000000,0.000000,0.000000,1.000000,0.000000,1.000000,0.000000,0.070000,0.000000
1777189339.767689,0,0.000000,0.000000,0.000000,0.000000,1.000000,0.000000,1.000000,0.000000,0.070000,0.000000
1777189339.799414,0,0.000000,0.000000,0.000000,0.000000,1.000000,0.000000,0.280000,0.000000,0.140000,0.020000
1777189339.801178,0,0.000000,0.000000,0.000000,0.000000,1.000000,0.000000,0.620000,0.000000,0.000000,0.000000
1777189339.821849,0,0.000000,0.000000,0.000000,0.000000,1.000000,0.000000,0.940000,0.000000,0.000000,0.020000
1777189339.836993,0,0.000000,0.000000,0.000000,0.000000,1.000000,0.000000,1.000000,0.000000,0.070000,0.000000
1777189339.859887,0,0.000000,0.000000,0.000000,0.000000,1.000000,0.000000,1.000000,0.000000,0.070000,0.000000
1777189339.865751,0,0.000000,0.000000,0.000000,0.000000,1.000000,0.000000,1.000000,0.000000,0.140000,0.000000
1777189339.881227,0,0.000000,0.000000,0.000000,0.000000,1.000000,0.000000,1.000000,0.000000,0.000000,0.100000
1777189339.896423,0,0.000000,0.000000,0.000000,0.000000,1.000000,0.000000,0.000000,0.000000,0.000000,0.800000
1777189339.918486,0,0.000000,0.000000,0.000000,0.000000,1.000000,0.000000,0.310000,0.000000,0.140000,0.000000
1777189339.920336,0,0.000000,0.000000,0.000000,0.000000,1.000000,0.000000,0.640000,0.000000,0.000000,0.000000
1777189339.939400,0,0.000000,0.000000,0.000000,0.000000,1.000000,0.000000,0.230000,0.000000,0.000000,0.020000
1777189339.972143,0,0.000000,0.000000,0.000000,0.000000,1.000000,0.000000,0.670000,0.000000,0.000000,0.000000
1777189339.978190,0,0.000000,0.000000,0.000000,0.000000,1.000000,0.000000,1.000000,0.000000,0.070000,0.000000
1777189339.985857,0,0.000000,0.000000,0.000000,0.000000,1.000000,0.000000,0.120000,0.000000,0.000000,0.000000
1777189340.000150,0,0.000000,0.000000,0.000000,0.000000,1.000000,0.000000,0.440000,0.000000,0.000000,0.020000
1777189340.017027,0,0.000000,0.000000,0.000000,0.000000,1.000000,0.000000,0.800000,0.000000,0.140000,0.000000
1777189340.031261,0,0.000000,0.000000,0.000000,0.000000,1.000000,0.000000,1.000000,0.000000,0.140000,0.000000
1777189340.053939,0,0.000000,0.000000,0.000000,0.000000,1.000000,0.000000,1.000000,0.000000,0.070000,0.020000
1777189340.069567,0,0.000000,0.000000,0.000000,0.000000,1.000000,0.000000,1.000000,0.000000,0.000000,0.000000
1777189340.084244,0,0.000000,0.000000,0.000000,0.000000,1.000000,0.000000,1.000000,0.000000,0.070000,0.070000
1777189340.090811,0,0.000000,0.000000,0.000000,0.000000,1.000000,0.000000,1.000000,0.000000,0.210000,0.020000
1777189340.113989,0,0.000000,0.000000,0.000000,0.000000,0.090000,0.000000,1.000000,0.000000,0.070000,0.000000
1777189340.129456,0,0.000000,0.000000,0.000000,0.000000,0.270000,0.000000,1.000000,0.000000,0.070000,0.000000
1777189340.135713,0,0.000000,0.000000,0.000000,0.000000,0.430000,0.000000,0.070000,0.000000,0.070000,0.000000
1777189340.160062,0,0.000000,0.000000,0.000000,0.000000,0.610000,0.000000,0.400000,0.000000,0.070000,0.070000
1777189340.165170,0,0.000000,0.000000,0.000000,0.000000,0.800000,0.000000,0.750000,0.000000,0.070000,0.020000
1777189340.188488,0,0.000000,0.000000,0.000000,0.000000,0.970000,0.000000,1.000000,0.000000,0.000000,0.000000
1777189340.201640,0,0.000000,0.000000,0.000000,0.000000,1.000000,0.000000,1.000000,0.000000,0.070000,0.020000
1777189340.209363,0,0.000000,0.000000,0.000000,0.000000,1.000000,0.000000,1.000000,0.000000,0.000000,0.000000
1777189340.262202,0,0.000000,0.000000,0.000000,0.000000,1.000000,0.000000,1.000000,0.000000,0.070000,0.020000
1777189340.264021,0,0.000000,0.000000,0.000000,0.000000,1.000000,0.000000,1.000000,0.000000,0.000000,0.000000
1777189340.264575,0,0.000000,0.000000,0.000000,0.000000,1.000000,0.000000,1.000000,0.000000,0.000000,0.000000
1777189340.285864,0,0.000000,0.000000,0.000000,0.000000,1.000000,0.000000,1.000000,0.000000,0.000000,0.000000
1777189340.300164,0,0.000000,0.000000,0.000000,0.000000,1.000000,0.000000,1.000000,0.000000,0.000000,0.000000
1777189340.306560,0,0.000000,0.000000,0.000000,0.000000,1.000000,0.000000,1.000000,0.000000,0.210000,0.000000
1777189340.324506,0,0.000000,0.000000,0.000000,0.000000,1.000000,0.000000,0.030000,0.000000,0.000000,0.000000
1777189340.329619,0,0.000000,0.000000,0.000000,0.000000,1.000000,0.000000,0.360000,0.000000,0.070000,0.000000
1777189340.345426,0,0.000000,0.000000,0.000000,0.000000,1.000000,0.000000,0.680000,0.000000,0.000000,0.000000
1777189340.359610,0,0.000000,0.000000,0.000000,0.000000,1.000000,0.000000,1.000000,0.000000,0.000000,0.000000
1777189340.398632,0,0.000000,0.000000,0.000000,0.000000,1.000000,0.000000,1.000000,0.000000,0.070000,0.000000
1777189340.401130,0,0.000000,0.000000,0.000000,0.000000,1.000000,0.000000,1.000000,0.000000,0.000000,0.100000
1777189340.413112,0,0.000000,0.000000,0.000000,0.000000,1.000000,0.000000,1.000000,0.000000,0.070000,0.000000
1777189340.435543,0,0.000000,0.000000,0.000000,0.000000,1.000000,0.000000,1.000000,0.000000,0.000000,0.070000
1777189340.450843,0,0.000000,0.000000,0.000000,0.000000,1.000000,0.000000,1.000000,0.000000,0.000000,0.020000
1777189340.464641,0,0.000000,0.000000,0.000000,0.000000,1.000000,0.000000,1.000000,0.000000,0.070000,0.000000
1777189340.479230,0,0.000000,0.000000,0.000000,0.000000,1.000000,0.000000,1.000000,0.000000,0.000000,0.000000
1777189340.486976,0,0.000000,0.000000,0.000000,0.000000,1.000000,0.000000,1.000000,0.000000,0.070000,0.000000
1777189340.503474,0,0.000000,0.000000,0.000000,0.000000,1.000000,0.000000,1.000000,0.000000,0.000000,0.100000
1777189340.547244,0,0.000000,0.000000,0.000000,0.000000,1.000000,0.000000,1.000000,0.000000,0.000000,0.020000
1777189340.548519,0,0.000000,0.000000,0.000000,0.000000,1.000000,0.000000,1.000000,0.000000,0.000000,0.000000
1777189340.554388,0,0.000000,0.000000,0.000000,0.000000,1.000000,0.000000,1.000000,0.000000,0.210000,0.000000
1777189340.570620,0,0.000000,0.000000,0.000000,0.000000,1.000000,0.000000,1.000000,0.000000,0.000000,0.020000
1777189340.577563,0,0.000000,0.000000,0.000000,0.000000,1.000000,0.000000,1.000000,0.000000,0.140000,0.000000
1777189340.600616,0,0.000000,0.000000,0.000000,0.000000,1.000000,0.000000,1.000000,0.000000,0.000000,0.000000
1777189340.616168,0,0.000000,0.000000,0.000000,0.000000,1.000000,0.000000,1.000000,0.000000,0.000000,0.000000
1777189340.631558,0,0.000000,0.000000,0.000000,0.000000,1.000000,0.000000,1.000000,0.000000,0.000000,0.000000
1777189340.639434,0,0.000000,0.000000,0.000000,0.000000,1.000000,0.000000,1.000000,0.000000,0.140000,0.070000
1777189340.653157,0,0.000000,0.000000,0.000000,0.000000,1.000000,0.000000,1.000000,0.000000,0.000000,0.100000
1777189340.683645,0,0.000000,0.000000,0.000000,0.000000,1.000000,0.000000,1.000000,0.000000,0.000000,0.000000
1777189340.690800,0,0.000000,0.000000,0.000000,0.000000,1.000000,0.000000,1.000000,0.000000,0.070000,0.000000
1777189340.698876,0,0.000000,0.000000,0.000000,0.000000,1.000000,0.000000,1.000000,0.000000,0.070000,0.000000
1777189340.712581,0,0.000000,0.000000,0.000000,0.000000,1.000000,0.000000,0.180000,0.000000,0.000000,0.000000
1777189340.735189,0,0.000000,0.000000,0.000000,0.000000,1.000000,0.000000,0.540000,0.000000,0.000000,0.070000
1777189340.750444,0,0.000000,0.000000,0.000000,0.000000,1.000000,0.000000,0.880000,0.000000,0.000000,0.000000
1777189340.789176,0,0.000000,0.000000,0.000000,0.000000,1.000000,0.000000,1.000000,0.000000,0.000000,0.020000
1777189340.791295,0,0.000000,0.000000,0.000000,0.000000,1.000000,0.000000,1.000000,0.000000,0.000000,0.000000
1777189340.802818,0,0.000000,0.000000,0.000000,0.000000,1.000000,0.000000,1.000000,0.000000,0.000000,0.020000
1777189340.819222,0,0.000000,0.000000,0.000000,0.000000,1.000000,0.000000,1.000000,0.000000,0.000000,0.020000
1777189340.824770,0,0.000000,0.000000,0.000000,0.000000,1.000000,0.000000,1.000000,0.000000,0.070000,0.000000
1777189340.841627,0,0.000000,0.000000,0.000000,0.000000,1.000000,0.000000,1.000000,0.000000,0.070000,0.000000
1777189340.856066,0,0.000000,0.000000,0.000000,0.000000,1.000000,0.000000,1.000000,0.000000,0.000000,0.020000
1777189340.878645,0,0.000000,0.000000,0.000000,0.000000,1.000000,0.000000,1.000000,0.000000,0.000000,0.000000
1777189340.881071,0,0.000000,0.000000,0.000000,0.000000,1.000000,0.000000,1.000000,0.000000,0.000000,0.210000
1777189340.901762,0,0.000000,0.000000,0.000000,0.000000,1.000000,0.000000,1.000000,0.000000,0.070000,0.000000
1777189340.916821,0,0.000000,0.000000,0.000000,0.000000,1.000000,0.000000,0.030000,0.000000,0.070000,0.000000
1777189340.938372,0,0.000000,0.000000,0.000000,0.000000,1.000000,0.000000,0.360000,0.000000,0.140000,0.150000
1777189340.940172,0,0.000000,0.000000,0.000000,0.000000,1.000000,0.000000,0.680000,0.000000,0.000000,0.020000
1777189340.968961,0,0.000000,0.000000,0.000000,0.000000,1.000000,0.000000,1.000000,0.000000,0.070000,0.020000
1777189340.977301,0,0.000000,0.000000,0.000000,0.000000,1.000000,0.000000,1.000000,0.000000,0.000000,0.020000
1777189341.003319,0,0.000000,0.000000,0.000000,0.000000,1.000000,0.000000,1.000000,0.000000,0.070000,0.000000
1777189341.005189,0,0.000000,0.000000,0.000000,0.000000,1.000000,0.000000,0.050000,0.000000,0.000000,0.000000
1777189341.041748,0,0.000000,0.000000,0.000000,0.000000,1.000000,0.000000,0.310000,0.000000,0.000000,0.000000
1777189341.043554,0,0.000000,0.000000,0.000000,0.000000,1.000000,0.000000,0.570000,0.000000,0.070000,0.000000
1777189341.070063,0,0.000000,0.000000,0.000000,0.000000,1.000000,0.000000,0.810000,0.000000,0.070000,0.000000
1777189341.070650,0,0.000000,0.000000,0.000000,0.000000,1.000000,0.000000,1.000000,0.000000,0.000000,0.020000
1777189341.085874,0,0.000000,0.000000,0.000000,0.000000,1.000000,0.000000,1.000000,0.000000,0.070000,0.000000
1777189341.094711,0,0.000000,0.000000,0.000000,0.000000,1.000000,0.000000,1.000000,0.000000,0.070000,0.000000
1777189341.116038,0,0.000000,0.000000,0.000000,0.000000,1.000000,0.000000,1.000000,0.000000,0.070000,0.000000
1777189341.131737,0,0.000000,0.000000,0.000000,0.000000,1.000000,0.000000,1.000000,0.000000,0.070000,0.070000
1777189341.138964,0,0.000000,0.000000,0.000000,0.000000,1.000000,0.000000,1.000000,0.000000,0.070000,0.100000
1777189341.172631,0,0.000000,0.000000,0.000000,0.000000,1.000000,0.000000,1.000000,0.000000,0.000000,0.000000
1777189341.173715,0,0.000000,0.000000,0.000000,0.000000,1.000000,0.000000,1.000000,0.000000,0.000000,0.000000
1777189341.185884,0,0.000000,0.000000,0.000000,0.000000,1.000000,0.000000,1.000000,0.000000,0.070000,0.000000
1777189341.207190,0,0.000000,0.000000,0.000000,0.000000,1.000000,0.000000,1.000000,0.000000,0.140000,0.020000
1777189341.222269,0,0.000000,0.000000,0.000000,0.000000,1.000000,0.000000,1.000000,0.000000,0.000000,0.000000
1777189341.238127,0,0.000000,0.000000,0.000000,0.000000,1.000000,0.000000,1.000000,0.000000,0.000000,0.020000
1777189341.245027,0,0.000000,0.000000,0.000000,0.000000,1.000000,0.000000,1.000000,0.000000,0.070000,0.020000
1777189341.274206,0,0.000000,0.000000,0.000000,0.000000,0.050000,0.000000,1.000000,0.000000,0.000000,0.020000
1777189341.283057,0,0.000000,0.000000,0.000000,0.000000,0.230000,0.000000,1.000000,0.000000,0.070000,0.020000
1777189341.290421,0,0.000000,0.000000,0.000000,0.000000,0.400000,0.000000,1.000000,0.000000,0.000000,0.020000
1777189341.313247,0,0.000000,0.000000,0.000000,0.000000,0.570000,0.000000,1.000000,0.000000,0.140000,0.020000
1777189341.336644,0,0.000000,0.000000,0.000000,0.000000,0.750000,0.000000,1.000000,0.000000,0.140000,0.000000
1777189341.339532,0,0.000000,0.000000,0.000000,0.000000,0.940000,0.000000,1.000000,0.000000,0.140000,0.070000
1777189341.364910,0,0.000000,0.000000,0.000000,0.000000,1.000000,0.000000,1.000000,0.000000,0.000000,0.000000
1777189341.379774,0,0.000000,0.000000,0.000000,0.000000,1.000000,0.000000,1.000000,0.000000,0.070000,0.000000
1777189341.381615,0,0.000000,0.000000,0.000000,0.000000,1.000000,0.000000,1.000000,0.000000,0.000000,0.000000
1777189341.404665,0,0.000000,0.000000,0.000000,0.000000,1.000000,0.000000,1.000000,0.000000,0.070000,0.000000
1777189341.418341,0,0.000000,0.000000,0.000000,0.000000,1.000000,0.000000,1.000000,0.000000,0.070000,0.070000
1777189341.433382,0,0.000000,0.000000,0.000000,0.000000,1.000000,0.000000,1.000000,0.000000,0.070000,0.000000
1777189341.461962,0,0.000000,0.000000,0.000000,0.000000,1.000000,0.000000,1.000000,0.000000,0.000000,0.070000
1777189341.463317,0,0.000000,0.000000,0.000000,0.000000,1.000000,0.000000,1.000000,0.000000,0.070000,0.000000
1777189341.491895,0,0.000000,0.000000,0.000000,0.000000,1.000000,0.000000,1.000000,0.000000,0.070000,0.000000
1777189341.492337,0,0.000000,0.000000,0.000000,0.000000,1.000000,0.000000,1.000000,0.000000,0.070000,0.000000
1777189341.514611,0,0.000000,0.000000,0.000000,0.000000,1.000000,0.000000,1.000000,0.000000,0.000000,0.000000
1777189341.525483,0,0.000000,0.000000,0.000000,0.000000,1.000000,0.000000,0.100000,0.000000,0.070000,0.000000
1777189341.537809,0,0.000000,0.000000,0.000000,0.000000,1.000000,0.000000,0.360000,0.000000,0.140000,0.000000
1777189341.561300,0,0.000000,0.000000,0.000000,0.000000,1.000000,0.000000,0.620000,0.000000,0.070000,0.100000
1777189341.567656,0,0.000000,0.000000,0.000000,0.000000,1.000000,0.000000,0.910000,0.000000,0.000000,0.000000
1777189341.598921,0,0.000000,0.000000,0.000000,0.000000,1.000000,0.000000,1.000000,0.000000,0.070000,0.020000
1777189341.600979,0,0.000000,0.000000,0.000000,0.000000,1.000000,0.000000,1.000000,0.000000,0.000000,0.000000
1777189341.633633,0,0.000000,0.000000,0.000000,0.000000,1.000000,0.000000,1.000000,0.000000,0.070000,0.000000
1777189341.659159,0,0.000000,0.000000,0.000000,0.000000,1.000000,0.000000,1.000000,0.000000,0.070000,0.000000
1777189341.659698,0,0.000000,0.000000,0.000000,0.000000,1.000000,0.000000,1.000000,0.000000,0.070000,0.180000
1777189341.664277,0,0.000000,0.000000,0.000000,0.000000,1.000000,0.000000,1.000000,0.000000,0.070000,0.020000
1777189341.676698,0,0.000000,0.000000,0.000000,0.000000,0.000000,0.000000,1.000000,0.000000,0.280000,0.100000
1777189341.694457,0,0.000000,0.000000,0.000000,0.000000,0.170000,0.000000,1.000000,0.000000,0.000000,0.000000
1777189341.710154,0,0.000000,0.000000,0.000000,0.000000,0.330000,0.000000,1.000000,0.000000,0.000000,0.020000
1777189341.726182,0,0.000000,0.000000,0.000000,0.000000,0.500000,0.000000,1.000000,0.000000,0.000000,0.000000
1777189341.733472,0,0.000000,0.000000,0.000000,0.000000,0.670000,0.000000,1.000000,0.000000,0.070000,0.070000
1777189341.747442,0,0.000000,0.000000,0.000000,0.000000,0.830000,0.000000,1.000000,0.000000,0.000000,0.000000
1777189341.765046,0,0.000000,0.000000,0.000000,0.000000,1.000000,0.000000,1.000000,0.000000,0.210000,0.020000
1777189341.785510,0,0.000000,0.000000,0.000000,0.000000,1.000000,0.000000,1.000000,0.000000,0.000000,0.020000
1777189341.792863,0,0.000000,0.000000,0.000000,0.000000,1.000000,0.000000,1.000000,0.000000,0.070000,0.000000
1777189341.814425,0,0.000000,0.000000,0.000000,0.000000,1.000000,0.000000,0.150000,0.000000,0.070000,0.000000
1777189341.823101,0,0.000000,0.000000,0.000000,0.000000,1.000000,0.000000,0.400000,0.000000,0.000000,0.020000
1777189341.851732,0,0.000000,0.000000,0.000000,0.000000,1.000000,0.000000,0.680000,0.000000,0.000000,0.020000
1777189341.859244,0,0.000000,0.000000,0.000000,0.000000,1.000000,0.000000,0.930000,0.000000,0.070000,0.000000
1777189341.883788,0,0.000000,0.000000,0.000000,0.000000,1.000000,0.000000,1.000000,0.000000,0.070000,0.000000
1777189341.889577,0,0.000000,0.000000,0.000000,0.000000,1.000000,0.000000,1.000000,0.000000,0.070000,0.020000
1777189341.906548,0,0.000000,0.000000,0.000000,0.000000,1.000000,0.000000,1.000000,0.000000,0.000000,0.000000
1777189341.913304,0,0.000000,0.000000,0.000000,0.000000,1.000000,0.000000,1.000000,0.000000,0.000000,0.020000
1777189341.928848,0,0.000000,0.000000,0.000000,0.000000,1.000000,0.000000,1.000000,0.000000,0.070000,0.000000
1777189341.950320,0,0.000000,0.000000,0.000000,0.000000,1.000000,0.000000,1.000000,0.000000,0.070000,0.000000
1777189341.965489,0,0.000000,0.000000,0.000000,0.000000,1.000000,0.000000,1.000000,0.000000,0.070000,0.020000
1777189341.980693,0,0.000000,0.000000,0.000000,0.000000,1.000000,0.000000,1.000000,0.000000,0.000000,0.000000
1777189341.997005,0,0.000000,0.000000,0.000000,0.000000,1.000000,0.000000,1.000000,0.000000,0.000000,0.020000
1777189342.018760,0,0.000000,0.000000,0.000000,0.000000,1.000000,0.000000,1.000000,0.000000,0.000000,0.000000
1777189342.041284,0,0.000000,0.000000,0.000000,0.000000,1.000000,0.000000,1.000000,0.000000,0.000000,0.070000
1777189342.043667,0,0.000000,0.000000,0.000000,0.000000,1.000000,0.000000,0.110000,0.000000,0.000000,0.020000
1777189342.056061,0,0.000000,0.000000,0.000000,0.000000,1.000000,0.000000,0.370000,0.000000,0.000000,0.020000
1777189342.078975,0,0.000000,0.000000,0.000000,0.000000,1.000000,0.000000,0.640000,0.000000,0.000000,0.020000
1777189342.093797,0,0.000000,0.000000,0.000000,0.000000,1.000000,0.000000,0.910000,0.000000,0.070000,0.000000
1777189342.099818,0,0.000000,0.000000,0.000000,0.000000,1.000000,0.000000,1.000000,0.000000,0.000000,0.020000
1777189342.123029,0,0.000000,0.000000,0.000000,0.000000,1.000000,0.000000,1.000000,0.000000,0.000000,0.000000
1777189342.129010,0,0.000000,0.000000,0.000000,0.000000,1.000000,0.000000,0.070000,0.000000,0.000000,0.000000
1777189342.151777,0,0.000000,0.000000,0.000000,0.000000,1.000000,0.000000,0.100000,0.000000,0.070000,0.000000
1777189342.159039,0,0.000000,0.000000,0.000000,0.000000,1.000000,0.000000,0.330000,0.000000,0.070000,0.020000
1777189342.182529,0,0.000000,0.000000,0.000000,0.000000,1.000000,0.000000,0.560000,0.000000,0.140000,0.000000
1777189342.189192,0,0.000000,0.000000,0.000000,0.000000,1.000000,0.000000,0.800000,0.000000,0.000000,0.000000
1777189342.226683,0,0.000000,0.000000,0.000000,0.000000,1.000000,0.000000,1.000000,0.000000,0.070000,0.000000
1777189342.227929,0,0.000000,0.000000,0.000000,0.000000,1.000000,0.000000,1.000000,0.000000,0.000000,0.000000
1777189342.243074,0,0.000000,0.000000,0.000000,0.000000,1.000000,0.000000,1.000000,0.000000,0.000000,0.000000
1777189342.249958,0,0.000000,0.000000,0.000000,0.000000,1.000000,0.000000,1.000000,0.000000,0.070000,0.020000
1777189342.280236,0,0.000000,0.000000,0.000000,0.000000,1.000000,0.000000,1.000000,0.000000,0.000000,0.150000
1777189342.288415,0,0.000000,0.000000,0.000000,0.000000,1.000000,0.000000,1.000000,0.000000,0.070000,0.000000
1777189342.295271,0,0.000000,0.000000,0.000000,0.000000,1.000000,0.000000,1.000000,0.000000,0.070000,0.020000
1777189342.327138,0,0.000000,0.000000,0.000000,0.000000,1.000000,0.000000,1.000000,0.000000,0.000000,0.070000
1777189342.329719,0,0.000000,0.000000,0.000000,0.000000,1.000000,0.000000,1.000000,0.000000,0.000000,0.020000
1777189342.349063,0,0.000000,0.000000,0.000000,0.000000,1.000000,0.000000,1.000000,0.000000,0.000000,0.000000
1777189342.410586,0,0.000000,0.000000,0.000000,0.000000,1.000000,0.000000,1.000000,0.000000,0.000000,0.020000
1777189342.412250,0,0.000000,0.000000,0.000000,0.000000,1.000000,0.000000,1.000000,0.000000,0.210000,0.000000
1777189342.414457,0,0.000000,0.000000,0.000000,0.000000,1.000000,0.000000,1.000000,0.000000,0.070000,0.000000
1777189342.415908,0,0.000000,0.000000,0.000000,0.000000,1.000000,0.000000,1.000000,0.000000,0.000000,0.000000
1777189342.430319,0,0.000000,0.000000,0.000000,0.000000,1.000000,0.000000,1.000000,0.000000,0.000000,0.000000
1777189342.452758,0,0.000000,0.000000,0.000000,0.000000,1.000000,0.000000,1.000000,0.000000,0.140000,0.000000
1777189342.454705,0,0.000000,0.000000,0.000000,0.000000,1.000000,0.000000,1.000000,0.000000,0.000000,0.020000
1777189342.467215,0,0.000000,0.000000,0.000000,0.000000,1.000000,0.000000,0.000000,0.000000,0.000000,0.720000
1777189342.482827,0,0.000000,0.000000,0.000000,0.000000,1.000000,0.000000,0.230000,0.000000,0.070000,0.000000
1777189342.504281,0,0.000000,0.000000,0.000000,0.000000,1.000000,0.000000,0.150000,0.000000,0.000000,0.020000
1777189342.519751,0,0.000000,0.000000,0.000000,0.000000,1.000000,0.000000,0.510000,0.000000,0.070000,0.020000
1777189342.535290,0,0.000000,0.000000,0.000000,0.000000,1.000000,0.000000,0.890000,0.000000,0.140000,0.070000
1777189342.557780,0,0.000000,0.000000,0.000000,0.000000,1.000000,0.000000,1.000000,0.000000,0.070000,0.000000
1777189342.560110,0,0.000000,0.000000,0.000000,0.000000,1.000000,0.000000,1.000000,0.000000,0.000000,0.020000
1777189342.580106,0,0.000000,0.000000,0.000000,0.000000,1.000000,0.000000,1.000000,0.000000,0.070000,0.020000
1777189342.604299,0,0.000000,0.000000,0.000000,0.000000,0.000000,0.000000,1.000000,0.000000,0.280000,0.020000
1777189342.611166,0,0.000000,0.000000,0.000000,0.000000,0.170000,0.000000,1.000000,0.000000,0.000000,0.020000
1777189342.618173,0,0.000000,0.000000,0.000000,0.000000,0.340000,0.000000,1.000000,0.000000,0.140000,0.000000
1777189342.642287,0,0.000000,0.000000,0.000000,0.000000,0.210000,0.000000,1.000000,0.000000,0.000000,0.000000
1777189342.655321,0,0.000000,0.000000,0.000000,0.000000,0.050000,0.000000,1.000000,0.000000,0.000000,0.020000
1777189342.670501,0,0.000000,0.000000,0.000000,0.000000,0.570000,0.000000,1.000000,0.000000,0.140000,0.000000
1777189342.699752,0,0.000000,0.000000,0.000000,0.000000,1.000000,0.000000,1.000000,0.000000,0.000000,0.020000
1777189342.701444,0,0.000000,0.000000,0.000000,0.000000,1.000000,0.000000,1.000000,0.000000,0.000000,0.000000
1777189342.715289,0,0.000000,0.000000,0.000000,0.000000,1.000000,0.000000,1.000000,0.000000,0.070000,0.070000
1777189342.730035,0,0.000000,0.000000,0.000000,0.000000,1.000000,0.000000,1.000000,0.000000,0.070000,0.150000
1777189342.746860,0,0.000000,0.000000,0.000000,0.000000,1.000000,0.000000,0.000000,0.000000,0.000000,0.680000
1777189342.761567,0,0.000000,0.000000,0.000000,0.000000,1.000000,0.000000,0.370000,0.000000,0.000000,0.070000
1777189342.776629,0,0.000000,0.000000,0.000000,0.000000,1.000000,0.000000,0.740000,0.000000,0.070000,0.000000
1777189342.790715,0,0.000000,0.000000,0.000000,0.000000,1.000000,0.000000,1.000000,0.000000,0.070000,0.000000
1777189342.823305,0,0.000000,0.000000,0.000000,0.000000,1.000000,0.000000,1.000000,0.000000,0.070000,0.020000
1777189342.825538,0,0.000000,0.000000,0.000000,0.000000,1.000000,0.000000,1.000000,0.000000,0.000000,0.000000
1777189342.845567,0,0.000000,0.000000,0.000000,0.000000,1.000000,0.000000,1.000000,0.000000,0.070000,0.000000
1777189342.858525,0,0.000000,0.000000,0.000000,0.000000,1.000000,0.000000,1.000000,0.000000,0.140000,0.070000
1777189342.866064,0,0.000000,0.000000,0.000000,0.000000,1.000000,0.000000,1.000000,0.000000,0.070000,0.000000
1777189342.888922,0,0.000000,0.000000,0.000000,0.000000,0.280000,0.000000,1.000000,0.000000,0.000000,0.000000
1777189342.911640,0,0.000000,0.000000,0.000000,0.000000,0.760000,0.000000,1.000000,0.000000,0.070000,0.210000
1777189342.915074,0,0.000000,0.000000,0.000000,0.000000,0.050000,0.000000,1.000000,0.000000,0.000000,0.020000
1777189342.933060,0,0.000000,0.000000,0.000000,0.000000,0.540000,0.000000,1.000000,0.000000,0.000000,0.020000
1777189342.941083,0,0.000000,0.000000,0.000000,0.000000,1.000000,0.000000,1.000000,0.000000,0.140000,0.020000
1777189342.964195,0,0.000000,0.000000,0.000000,0.000000,1.000000,0.000000,1.000000,0.000000,0.070000,0.000000
1777189342.978463,0,0.000000,0.000000,0.000000,0.000000,1.000000,0.000000,1.000000,0.000000,0.000000,0.020000
1777189342.985353,0,0.000000,0.000000,0.000000,0.000000,1.000000,0.000000,1.000000,0.000000,0.070000,0.000000
1777189343.009127,0,0.000000,0.000000,0.000000,0.000000,1.000000,0.000000,1.000000,0.000000,0.140000,0.070000
1777189343.024208,0,0.000000,0.000000,0.000000,0.000000,1.000000,0.000000,1.000000,0.000000,0.070000,0.020000
1777189343.038782,0,0.000000,0.000000,0.000000,0.000000,1.000000,0.000000,1.000000,0.000000,0.070000,0.000000
1777189343.055156,0,0.000000,0.000000,0.000000,0.000000,1.000000,0.000000,1.000000,0.000000,0.070000,0.000000
1777189343.060745,0,0.000000,0.000000,0.000000,0.000000,1.000000,0.000000,1.000000,0.000000,0.000000,0.020000
1777189343.076108,0,0.000000,0.000000,0.000000,0.000000,1.000000,0.000000,1.000000,0.000000,0.070000,0.070000
1777189343.099338,0,0.000000,0.000000,0.000000,0.000000,1.000000,0.000000,0.200000,0.000000,0.070000,0.000000
1777189343.114154,0,0.000000,0.000000,0.000000,0.000000,1.000000,0.000000,0.570000,0.000000,0.000000,0.000000
1777189343.128406,0,0.000000,0.000000,0.000000,0.000000,1.000000,0.000000,0.940000,0.000000,0.000000,0.020000
1777189343.141942,0,0.000000,0.000000,0.000000,0.000000,1.000000,0.000000,1.000000,0.000000,0.000000,0.020000
1777189343.150850,0,0.000000,0.000000,0.000000,0.000000,1.000000,0.000000,1.000000,0.000000,0.000000,0.020000
1777189343.173190,0,0.000000,0.000000,0.000000,0.000000,1.000000,0.000000,1.000000,0.000000,0.070000,0.070000
1777189343.189538,0,0.000000,0.000000,0.000000,0.000000,1.000000,0.000000,0.180000,0.000000,0.070000,0.000000
1777189343.212005,0,0.000000,0.000000,0.000000,0.000000,1.000000,0.000000,0.510000,0.000000,0.140000,0.000000
1777189343.217607,0,0.000000,0.000000,0.000000,0.000000,1.000000,0.000000,0.870000,0.000000,0.140000,0.000000
1777189343.233109,0,0.000000,0.000000,0.000000,0.000000,1.000000,0.000000,1.000000,0.000000,0.140000,0.000000
1777189343.248788,0,0.000000,0.000000,0.000000,0.000000,1.000000,0.000000,1.000000,0.000000,0.000000,0.000000
1777189343.286431,0,0.000000,0.000000,0.000000,0.000000,1.000000,0.000000,1.000000,0.000000,0.000000,0.020000
1777189343.287966,0,0.000000,0.000000,0.000000,0.000000,1.000000,0.000000,0.030000,0.000000,0.000000,0.000000
1777189343.300634,0,0.000000,0.000000,0.000000,0.000000,1.000000,0.000000,0.250000,0.000000,0.000000,0.020000
1777189343.307713,0,0.000000,0.000000,0.000000,0.000000,1.000000,0.000000,0.470000,0.000000,0.000000,0.000000
1777189343.323133,0,0.000000,0.000000,0.000000,0.000000,1.000000,0.000000,0.690000,0.000000,0.070000,0.000000
1777189343.347595,0,0.000000,0.000000,0.000000,0.000000,1.000000,0.000000,0.920000,0.000000,0.000000,0.000000
1777189343.362235,0,0.000000,0.000000,0.000000,0.000000,1.000000,0.000000,1.000000,0.000000,0.000000,0.000000
1777189343.368640,0,0.000000,0.000000,0.000000,0.000000,1.000000,0.000000,1.000000,0.000000,0.000000,0.070000
1777189343.384424,0,0.000000,0.000000,0.000000,0.000000,1.000000,0.000000,1.000000,0.000000,0.210000,0.000000
1777189343.398742,0,0.000000,0.000000,0.000000,0.000000,1.000000,0.000000,1.000000,0.000000,0.140000,0.020000
1777189343.421977,0,0.000000,0.000000,0.000000,0.000000,1.000000,0.000000,1.000000,0.000000,0.000000,0.000000
1777189343.427631,0,0.000000,0.000000,0.000000,0.000000,1.000000,0.000000,1.000000,0.000000,0.070000,0.020000
1777189343.458249,0,0.000000,0.000000,0.000000,0.000000,1.000000,0.000000,1.000000,0.000000,0.000000,0.020000
1777189343.465081,0,0.000000,0.000000,0.000000,0.000000,1.000000,0.000000,1.000000,0.000000,0.070000,0.180000
1777189343.479600,0,0.000000,0.000000,0.000000,0.000000,1.000000,0.000000,1.000000,0.000000,0.000000,0.000000
1777189343.486417,0,0.000000,0.000000,0.000000,0.000000,1.000000,0.000000,1.000000,0.000000,0.140000,0.000000
1777189343.501886,0,0.000000,0.000000,0.000000,0.000000,1.000000,0.000000,1.000000,0.000000,0.070000,0.020000
1777189343.524196,0,0.000000,0.000000,0.000000,0.000000,0.340000,0.000000,1.000000,0.000000,0.070000,0.020000
1777189343.541219,0,0.000000,0.000000,0.000000,0.000000,0.870000,0.000000,1.000000,0.000000,0.070000,0.000000
1777189343.563193,0,0.000000,0.000000,0.000000,0.000000,1.000000,0.000000,1.000000,0.000000,0.000000,0.020000
1777189343.569876,0,0.000000,0.000000,0.000000,0.000000,1.000000,0.000000,1.000000,0.000000,0.140000,0.070000
1777189343.577021,0,0.000000,0.000000,0.000000,0.000000,1.000000,0.000000,1.000000,0.000000,0.000000,0.020000
1777189343.609250,0,0.000000,0.000000,0.000000,0.000000,1.000000,0.000000,1.000000,0.000000,0.000000,0.000000
1777189343.615674,0,0.000000,0.000000,0.000000,0.000000,1.000000,0.000000,1.000000,0.000000,0.070000,0.000000
1777189343.631260,0,0.000000,0.000000,0.000000,0.000000,1.000000,0.000000,1.000000,0.000000,0.070000,0.000000
1777189343.653468,0,0.000000,0.000000,0.000000,0.000000,1.000000,0.000000,1.000000,0.000000,0.000000,0.070000
1777189343.667616,0,0.000000,0.000000,0.000000,0.000000,1.000000,0.000000,1.000000,0.000000,0.070000,0.070000
1777189343.675537,0,0.000000,0.000000,0.000000,0.000000,1.000000,0.000000,1.000000,0.000000,0.140000,0.070000
1777189343.698577,0,0.000000,0.000000,0.000000,0.000000,1.000000,0.000000,1.000000,0.000000,0.000000,0.150000
1777189343.704932,0,0.000000,0.000000,0.000000,0.000000,0.210000,0.000000,1.000000,0.000000,0.000000,0.020000
1777189343.721906,0,0.000000,0.000000,0.000000,0.000000,0.690000,0.000000,1.000000,0.000000,0.070000,0.000000
1777189343.750682,0,0.000000,0.000000,0.000000,0.000000,1.000000,0.000000,1.000000,0.000000,0.070000,0.000000
1777189343.752396,0,0.000000,0.000000,0.000000,0.000000,1.000000,0.000000,1.000000,0.000000,0.000000,0.000000
1777189343.782528,0,0.000000,0.000000,0.000000,0.000000,1.000000,0.000000,1.000000,0.000000,0.000000,0.000000
1777189343.783603,0,0.000000,0.000000,0.000000,0.000000,1.000000,0.000000,1.000000,0.000000,0.000000,0.000000
1777189343.820333,0,0.000000,0.000000,0.000000,0.000000,1.000000,0.000000,1.000000,0.000000,0.140000,0.070000
1777189343.823125,0,0.000000,0.000000,0.000000,0.000000,1.000000,0.000000,1.000000,0.000000,0.070000,0.020000
1777189343.841988,0,0.000000,0.000000,0.000000,0.000000,1.000000,0.000000,1.000000,0.000000,0.000000,0.000000
1777189343.856246,0,0.000000,0.000000,0.000000,0.000000,1.000000,0.000000,1.000000,0.000000,0.070000,0.000000
1777189343.863843,0,0.000000,0.000000,0.000000,0.000000,1.000000,0.000000,1.000000,0.000000,0.070000,0.020000
1777189343.886759,0,0.000000,0.000000,0.000000,0.000000,1.000000,0.000000,1.000000,0.000000,0.070000,0.000000
1777189343.893546,0,0.000000,0.000000,0.000000,0.000000,1.000000,0.000000,0.150000,0.000000,0.000000,0.020000
1777189343.908711,0,0.000000,0.000000,0.000000,0.000000,1.000000,0.000000,0.370000,0.000000,0.140000,0.100000
1777189343.931615,0,0.000000,0.000000,0.000000,0.000000,1.000000,0.000000,0.570000,0.000000,0.070000,0.100000
1777189343.938477,0,0.000000,0.000000,0.000000,0.000000,1.000000,0.000000,0.800000,0.000000,0.210000,0.020000
1777189343.953926,0,0.000000,0.000000,0.000000,0.000000,1.000000,0.000000,1.000000,0.000000,0.000000,0.000000
1777189343.968512,0,0.000000,0.000000,0.000000,0.000000,1.000000,0.000000,1.000000,0.000000,0.140000,0.020000
1777189343.990437,0,0.000000,0.000000,0.000000,0.000000,1.000000,0.000000,1.000000,0.000000,0.000000,0.020000
1777189344.014684,0,0.000000,0.000000,0.000000,0.000000,1.000000,0.000000,1.000000,0.000000,0.000000,0.000000
1777189344.016107,0,0.000000,0.000000,0.000000,0.000000,1.000000,0.000000,0.010000,0.000000,0.000000,0.000000
1777189344.028365,0,0.000000,0.000000,0.000000,0.000000,1.000000,0.000000,0.150000,0.000000,0.070000,0.020000
1777189344.051889,0,0.000000,0.000000,0.000000,0.000000,1.000000,0.000000,0.310000,0.000000,0.000000,0.000000
1777189344.066675,0,0.000000,0.000000,0.000000,0.000000,1.000000,0.000000,0.460000,0.000000,0.070000,0.150000
1777189344.081181,0,0.000000,0.000000,0.000000,0.000000,1.000000,0.000000,0.600000,0.000000,0.140000,0.020000
1777189344.087877,0,0.000000,0.000000,0.000000,0.000000,1.000000,0.000000,0.740000,0.000000,0.070000,0.070000
1777189344.103762,0,0.000000,0.000000,0.000000,0.000000,1.000000,0.000000,0.870000,0.000000,0.070000,0.070000
1777189344.117520,0,0.000000,0.000000,0.000000,0.000000,1.000000,0.000000,0.030000,0.000000,0.210000,0.000000
1777189344.140143,0,0.000000,0.000000,0.000000,0.000000,1.000000,0.000000,0.180000,0.000000,0.070000,0.000000
1777189344.147926,0,0.000000,0.000000,0.000000,0.000000,1.000000,0.000000,0.310000,0.000000,0.070000,0.000000
1777189344.164946,0,0.000000,0.000000,0.000000,0.000000,1.000000,0.000000,0.430000,0.000000,0.070000,0.000000
1777189344.186477,0,0.000000,0.000000,0.000000,0.000000,1.000000,0.000000,0.570000,0.000000,0.000000,0.020000
1777189344.192682,0,0.000000,0.000000,0.000000,0.000000,1.000000,0.000000,0.730000,0.000000,0.000000,0.020000
1777189344.216297,0,0.000000,0.000000,0.000000,0.000000,1.000000,0.000000,0.870000,0.000000,0.000000,0.020000
1777189344.223301,0,0.000000,0.000000,0.000000,0.000000,1.000000,0.000000,1.000000,0.000000,0.000000,0.000000
1777189344.238358,0,0.000000,0.000000,0.000000,0.000000,1.000000,0.000000,0.010000,0.000000,0.070000,0.020000
1777189344.253124,0,0.000000,0.000000,0.000000,0.000000,1.000000,0.000000,0.150000,0.000000,0.000000,0.020000
1777189344.269004,0,0.000000,0.000000,0.000000,0.000000,1.000000,0.000000,0.280000,0.000000,0.070000,0.000000
1777189344.292155,0,0.000000,0.000000,0.000000,0.000000,0.210000,0.000000,0.400000,0.000000,0.070000,0.000000
1777189344.304739,0,0.000000,0.000000,0.000000,0.000000,0.740000,0.000000,0.550000,0.000000,0.000000,0.020000
1777189344.312537,0,0.000000,0.000000,0.000000,0.000000,1.000000,0.000000,0.000000,0.000000,0.070000,0.370000
1777189344.336380,0,0.000000,0.000000,0.000000,0.000000,1.000000,0.000000,0.140000,0.000000,0.000000,0.020000
1777189344.342982,0,0.000000,0.000000,0.000000,0.000000,1.000000,0.000000,0.280000,0.000000,0.000000,0.000000
1777189344.358694,0,0.000000,0.000000,0.000000,0.000000,1.000000,0.000000,0.430000,0.000000,0.000000,0.000000
1777189344.387777,0,0.000000,0.000000,0.000000,0.000000,1.000000,0.000000,0.600000,0.000000,0.210000,0.000000
1777189344.395810,0,0.000000,0.000000,0.000000,0.000000,1.000000,0.000000,0.750000,0.000000,0.000000,0.020000
1777189344.419290,0,0.000000,0.000000,0.000000,0.000000,1.000000,0.000000,0.910000,0.000000,0.070000,0.000000
1777189344.421988,0,0.000000,0.000000,0.000000,0.000000,1.000000,0.000000,1.000000,0.000000,0.070000,0.000000
1777189344.447899,0,0.000000,0.000000,0.000000,0.000000,1.000000,0.000000,1.000000,0.000000,0.000000,0.000000
1777189344.449797,0,0.000000,0.000000,0.000000,0.000000,1.000000,0.000000,1.000000,0.000000,0.000000,0.000000
1777189344.477706,0,0.000000,0.000000,0.000000,0.000000,0.340000,0.000000,1.000000,0.000000,0.000000,0.020000
1777189344.490960,0,0.000000,0.000000,0.000000,0.000000,0.820000,0.000000,1.000000,0.000000,0.000000,0.020000
1777189344.499292,0,0.000000,0.000000,0.000000,0.000000,1.000000,0.000000,1.000000,0.000000,0.000000,0.000000
1777189344.528742,0,0.000000,0.000000,0.000000,0.000000,1.000000,0.000000,1.000000,0.000000,0.000000,0.000000
1777189344.530070,0,0.000000,0.000000,0.000000,0.000000,1.000000,0.000000,1.000000,0.000000,0.070000,0.000000
1777189344.544991,0,0.000000,0.000000,0.000000,0.000000,1.000000,0.000000,0.010000,0.000000,0.000000,0.070000
1777189344.569185,0,0.000000,0.000000,0.000000,0.000000,1.000000,0.000000,0.170000,0.000000,0.070000,0.000000
1777189344.574787,0,0.000000,0.000000,0.000000,0.000000,1.000000,0.000000,0.330000,0.000000,0.000000,0.150000
1777189344.598334,0,0.000000,0.000000,0.000000,0.000000,1.000000,0.000000,0.110000,0.000000,0.000000,0.020000
1777189344.604969,0,0.000000,0.000000,0.000000,0.000000,1.000000,0.000000,0.310000,0.000000,0.000000,0.020000
1777189344.627810,0,0.000000,0.000000,0.000000,0.000000,1.000000,0.000000,0.500000,0.000000,0.070000,0.070000
1777189344.645455,0,0.000000,0.000000,0.000000,0.000000,1.000000,0.000000,0.700000,0.000000,0.000000,0.150000
1777189344.680609,0,0.000000,0.000000,0.000000,0.000000,1.000000,0.000000,0.890000,0.000000,0.000000,0.020000
1777189344.682345,0,0.000000,0.000000,0.000000,0.000000,1.000000,0.000000,1.000000,0.000000,0.070000,0.000000
1777189344.686951,0,0.000000,0.000000,0.000000,0.000000,1.000000,0.000000,1.000000,0.000000,0.070000,0.020000
1777189344.704537,0,0.000000,0.000000,0.000000,0.000000,1.000000,0.000000,1.000000,0.000000,0.070000,0.020000
1777189344.726299,0,0.000000,0.000000,0.000000,0.000000,1.000000,0.000000,1.000000,0.000000,0.140000,0.020000
1777189344.740834,0,0.000000,0.000000,0.000000,0.000000,1.000000,0.000000,1.000000,0.000000,0.000000,0.000000
1777189344.756694,0,0.000000,0.000000,0.000000,0.000000,1.000000,0.000000,1.000000,0.000000,0.140000,0.070000
1777189344.763517,0,0.000000,0.000000,0.000000,0.000000,1.000000,0.000000,1.000000,0.000000,0.070000,0.000000
1777189344.778653,0,0.000000,0.000000,0.000000,0.000000,1.000000,0.000000,1.000000,0.000000,0.140000,0.000000
1777189344.801255,0,0.000000,0.000000,0.000000,0.000000,1.000000,0.000000,1.000000,0.000000,0.000000,0.020000
1777189344.817534,0,0.000000,0.000000,0.000000,0.000000,1.000000,0.000000,1.000000,0.000000,0.000000,0.000000
1777189344.819763,0,0.000000,0.000000,0.000000,0.000000,1.000000,0.000000,0.070000,0.000000,0.000000,0.000000
1777189344.839640,0,0.000000,0.000000,0.000000,0.000000,1.000000,0.000000,0.270000,0.000000,0.000000,0.020000
1777189344.870094,0,0.000000,0.000000,0.000000,0.000000,1.000000,0.000000,0.460000,0.000000,0.070000,0.100000
1777189344.872514,0,0.000000,0.000000,0.000000,0.000000,1.000000,0.000000,0.640000,0.000000,0.000000,0.000000
1777189344.891434,0,0.000000,0.000000,0.000000,0.000000,1.000000,0.000000,0.820000,0.000000,0.000000,0.000000
1777189344.906071,0,0.000000,0.000000,0.000000,0.000000,1.000000,0.000000,1.000000,0.000000,0.000000,0.020000
1777189344.929738,0,0.000000,0.000000,0.000000,0.000000,1.000000,0.000000,1.000000,0.000000,0.070000,0.000000
1777189344.935314,0,0.000000,0.000000,0.000000,0.000000,1.000000,0.000000,1.000000,0.000000,0.070000,0.020000
1777189344.943434,0,0.000000,0.000000,0.000000,0.000000,1.000000,0.000000,1.000000,0.000000,0.070000,0.000000
1777189344.958926,0,0.000000,0.000000,0.000000,0.000000,1.000000,0.000000,1.000000,0.000000,0.070000,0.020000
1777189344.988965,0,0.000000,0.000000,0.000000,0.000000,1.000000,0.000000,1.000000,0.000000,0.000000,0.070000
1777189344.990942,0,0.000000,0.000000,0.000000,0.000000,1.000000,0.000000,1.000000,0.000000,0.070000,0.000000
1777189345.002515,0,0.000000,0.000000,0.000000,0.000000,1.000000,0.000000,1.000000,0.000000,0.000000,0.070000
1777189345.033753,0,0.000000,0.000000,0.000000,0.000000,1.000000,0.000000,1.000000,0.000000,0.000000,0.020000
1777189345.040816,0,0.000000,0.000000,0.000000,0.000000,1.000000,0.000000,1.000000,0.000000,0.000000,0.000000
1777189345.048848,0,0.000000,0.000000,0.000000,0.000000,1.000000,0.000000,1.000000,0.000000,0.000000,0.020000
1777189345.064274,0,0.000000,0.000000,0.000000,0.000000,1.000000,0.000000,1.000000,0.000000,0.000000,0.020000
1777189345.086837,0,0.000000,0.000000,0.000000,0.000000,1.000000,0.000000,1.000000,0.000000,0.000000,0.020000
1777189345.111062,0,0.000000,0.000000,0.000000,0.000000,1.000000,0.000000,1.000000,0.000000,0.070000,0.000000
1777189345.112559,0,0.000000,0.000000,0.000000,0.000000,1.000000,0.000000,1.000000,0.000000,0.000000,0.000000
1777189345.122079,0,0.000000,0.000000,0.000000,0.000000,1.000000,0.000000,1.000000,0.000000,0.000000,0.000000
1777189345.137502,0,0.000000,0.000000,0.000000,0.000000,1.000000,0.000000,1.000000,0.000000,0.000000,0.070000
1777189345.176423,0,0.000000,0.000000,0.000000,0.000000,1.000000,0.000000,1.000000,0.000000,0.000000,0.210000
1777189345.179116,0,0.000000,0.000000,0.000000,0.000000,1.000000,0.000000,1.000000,0.000000,0.070000,0.150000
1777189345.197714,0,0.000000,0.000000,0.000000,0.000000,1.000000,0.000000,1.000000,0.000000,0.000000,0.000000
1777189345.205763,0,0.000000,0.000000,0.000000,0.000000,1.000000,0.000000,1.000000,0.000000,0.070000,0.070000
1777189345.235459,0,0.000000,0.000000,0.000000,0.000000,1.000000,0.000000,1.000000,0.000000,0.140000,0.000000
1777189345.250844,0,0.000000,0.000000,0.000000,0.000000,1.000000,0.000000,1.000000,0.000000,0.000000,0.020000
1777189345.252422,0,0.000000,0.000000,0.000000,0.000000,1.000000,0.000000,1.000000,0.000000,0.070000,0.000000
1777189345.266477,0,0.000000,0.000000,0.000000,0.000000,1.000000,0.000000,1.000000,0.000000,0.000000,0.000000
1777189345.296829,0,0.000000,0.000000,0.000000,0.000000,1.000000,0.000000,0.050000,0.000000,0.000000,0.000000
1777189345.298656,0,0.000000,0.000000,0.000000,0.000000,1.000000,0.000000,0.230000,0.000000,0.070000,0.000000
1777189345.317815,0,0.000000,0.000000,0.000000,0.000000,1.000000,0.000000,0.410000,0.000000,0.070000,0.000000
1777189345.332821,0,0.000000,0.000000,0.000000,0.000000,0.110000,0.000000,0.610000,0.000000,0.070000,0.000000
1777189345.340336,0,0.000000,0.000000,0.000000,0.000000,0.610000,0.000000,0.800000,0.000000,0.000000,0.000000
1777189345.372008,0,0.000000,0.000000,0.000000,0.000000,1.000000,0.000000,1.000000,0.000000,0.000000,0.020000
1777189345.373802,0,0.000000,0.000000,0.000000,0.000000,1.000000,0.000000,1.000000,0.000000,0.000000,0.000000
1777189345.385592,0,0.000000,0.000000,0.000000,0.000000,1.000000,0.000000,1.000000,0.000000,0.000000,0.020000
1777189345.416398,0,0.000000,0.000000,0.000000,0.000000,1.000000,0.000000,1.000000,0.000000,0.070000,0.000000
1777189345.418256,0,0.000000,0.000000,0.000000,0.000000,0.250000,0.000000,1.000000,0.000000,0.140000,0.000000
1777189345.431726,0,0.000000,0.000000,0.000000,0.000000,0.740000,0.000000,1.000000,0.000000,0.000000,0.020000
1777189345.454373,0,0.000000,0.000000,0.000000,0.000000,1.000000,0.000000,1.000000,0.000000,0.000000,0.000000
1777189345.461006,0,0.000000,0.000000,0.000000,0.000000,1.000000,0.000000,1.000000,0.000000,0.140000,0.070000
1777189345.482840,0,0.000000,0.000000,0.000000,0.000000,1.000000,0.000000,1.000000,0.000000,0.070000,0.020000
1777189345.485015,0,0.000000,0.000000,0.000000,0.000000,1.000000,0.000000,0.000000,0.000000,0.140000,0.340000
1777189345.504274,0,0.000000,0.000000,0.000000,0.000000,1.000000,0.000000,0.180000,0.000000,0.000000,0.000000
1777189345.535179,0,0.000000,0.000000,0.000000,0.000000,1.000000,0.000000,0.370000,0.000000,0.000000,0.000000
1777189345.535620,0,0.000000,0.000000,0.000000,0.000000,1.000000,0.000000,0.560000,0.000000,0.000000,0.070000
1777189345.549345,0,0.000000,0.000000,0.000000,0.000000,1.000000,0.000000,0.750000,0.000000,0.070000,0.000000
1777189345.574261,0,0.000000,0.000000,0.000000,0.000000,1.000000,0.000000,0.930000,0.000000,0.000000,0.000000
1777189345.580619,0,0.000000,0.000000,0.000000,0.000000,1.000000,0.000000,1.000000,0.000000,0.070000,0.000000
1777189345.612485,0,0.000000,0.000000,0.000000,0.000000,1.000000,0.000000,1.000000,0.000000,0.000000,0.020000
1777189345.614252,0,0.000000,0.000000,0.000000,0.000000,1.000000,0.000000,0.140000,0.000000,0.000000,0.000000
1777189345.634507,0,0.000000,0.000000,0.000000,0.000000,1.000000,0.000000,0.360000,0.000000,0.000000,0.000000
1777189345.642684,0,0.000000,0.000000,0.000000,0.000000,1.000000,0.000000,0.540000,0.000000,0.070000,0.000000
1777189345.733871,0,0.000000,0.000000,0.000000,0.000000,1.000000,0.000000,0.740000,0.000000,0.000000,0.020000
1777189345.734405,0,0.000000,0.000000,0.000000,0.000000,1.000000,0.000000,0.930000,0.000000,0.140000,0.020000
1777189345.734817,0,0.000000,0.000000,0.000000,0.000000,1.000000,0.000000,0.120000,0.000000,0.140000,0.000000
1777189345.735239,0,0.000000,0.000000,0.000000,0.000000,1.000000,0.000000,0.330000,0.000000,0.000000,0.150000
1777189345.736153,0,0.000000,0.000000,0.000000,0.000000,1.000000,0.000000,0.550000,0.000000,0.000000,0.000000
1777189345.766011,0,0.000000,0.000000,0.000000,0.000000,1.000000,0.000000,0.760000,0.000000,0.000000,0.000000
1777189345.821914,0,0.000000,0.000000,0.000000,0.000000,1.000000,0.000000,0.970000,0.000000,0.000000,0.070000
1777189345.822457,0,0.000000,0.000000,0.000000,0.000000,1.000000,0.000000,1.000000,0.000000,0.070000,0.000000
1777189345.822926,0,0.000000,0.000000,0.000000,0.000000,1.000000,0.000000,1.000000,0.000000,0.070000,0.020000
1777189345.823341,0,0.000000,0.000000,0.000000,0.000000,1.000000,0.000000,1.000000,0.000000,0.000000,0.000000
1777189345.878718,0,0.000000,0.000000,0.000000,0.000000,1.000000,0.000000,1.000000,0.000000,0.070000,0.020000
1777189345.879219,0,0.000000,0.000000,0.000000,0.000000,1.000000,0.000000,1.000000,0.000000,0.070000,0.000000
1777189345.879755,0,0.000000,0.000000,0.000000,0.000000,1.000000,0.000000,0.000000,0.000000,0.000000,0.070000
1777189345.935530,0,0.000000,0.000000,0.000000,0.000000,1.000000,0.000000,0.120000,0.000000,0.000000,0.020000
1777189345.936080,0,0.000000,0.000000,0.000000,0.000000,1.000000,0.000000,0.250000,0.000000,0.070000,0.000000
1777189345.936498,0,0.000000,0.000000,0.000000,0.000000,1.000000,0.000000,0.380000,0.000000,0.000000,0.000000
1777189345.937080,0,0.000000,0.000000,0.000000,0.000000,1.000000,0.000000,0.510000,0.000000,0.140000,0.000000
1777189345.967083,0,0.000000,0.000000,0.000000,0.000000,1.000000,0.000000,0.630000,0.000000,0.000000,0.000000
1777189345.997864,0,0.000000,0.000000,0.000000,0.000000,1.000000,0.000000,0.760000,0.000000,0.070000,0.000000
1777189346.029155,0,0.000000,0.000000,0.000000,0.000000,1.000000,0.000000,0.880000,0.000000,0.000000,0.000000
1777189346.061013,0,0.000000,0.000000,0.000000,0.000000,1.000000,0.000000,1.000000,0.000000,0.070000,0.000000
1777189346.061514,0,0.000000,0.000000,0.000000,0.000000,1.000000,0.000000,0.000000,0.000000,0.070000,0.680000
1777189346.061908,0,0.000000,0.000000,0.000000,0.000000,1.000000,0.000000,0.110000,0.000000,0.140000,0.020000
1777189346.062288,0,0.000000,0.000000,0.000000,0.000000,1.000000,0.000000,0.230000,0.000000,0.070000,0.000000
1777189346.092601,0,0.000000,0.000000,0.000000,0.000000,1.000000,0.000000,0.340000,0.000000,0.070000,0.000000
1777189346.093128,0,0.000000,0.000000,0.000000,0.000000,1.000000,0.000000,0.460000,0.000000,0.000000,0.070000
1777189346.123924,0,0.000000,0.000000,0.000000,0.000000,1.000000,0.000000,0.570000,0.000000,0.140000,0.000000
1777189346.154901,0,0.000000,0.000000,0.000000,0.000000,1.000000,0.000000,0.690000,0.000000,0.000000,0.000000
1777189346.186653,0,0.000000,0.000000,0.000000,0.000000,0.090000,0.000000,0.810000,0.000000,0.000000,0.020000
1777189346.187169,0,0.000000,0.000000,0.000000,0.000000,0.610000,0.000000,0.930000,0.000000,0.000000,0.000000
1777189346.187571,0,0.000000,0.000000,0.000000,0.000000,1.000000,0.000000,1.000000,0.000000,0.070000,0.000000
1777189346.187962,0,0.000000,0.000000,0.000000,0.000000,1.000000,0.000000,1.000000,0.000000,0.070000,0.070000
1777189346.219552,0,0.000000,0.000000,0.000000,0.000000,1.000000,0.000000,1.000000,0.000000,0.000000,0.020000
1777189346.220057,0,0.000000,0.000000,0.000000,0.000000,1.000000,0.000000,1.000000,0.000000,0.000000,0.070000
1777189346.251881,0,0.000000,0.000000,0.000000,0.000000,1.000000,0.000000,1.000000,0.000000,0.000000,0.000000
1777189346.252376,0,0.000000,0.000000,0.000000,0.000000,1.000000,0.000000,1.000000,0.000000,0.000000,0.020000
1777189346.283417,0,0.000000,0.000000,0.000000,0.000000,1.000000,0.000000,1.000000,0.000000,0.000000,0.000000
1777189346.284103,0,0.000000,0.000000,0.000000,0.000000,1.000000,0.000000,1.000000,0.000000,0.000000,0.000000
1777189346.315609,0,0.000000,0.000000,0.000000,0.000000,1.000000,0.000000,1.000000,0.000000,0.140000,0.000000
1777189346.316111,0,0.000000,0.000000,0.000000,0.000000,1.000000,0.000000,1.000000,0.000000,0.070000,0.070000
1777189346.316599,0,0.000000,0.000000,0.000000,0.000000,0.150000,0.000000,1.000000,0.000000,0.000000,0.100000
1777189346.346950,0,0.000000,0.000000,0.000000,0.000000,0.630000,0.000000,1.000000,0.000000,0.070000,0.000000
1777189346.378642,0,0.000000,0.000000,0.000000,0.000000,1.000000,0.000000,1.000000,0.000000,0.000000,0.000000
1777189346.410864,0,0.000000,0.000000,0.000000,0.000000,1.000000,0.000000,1.000000,0.000000,0.070000,0.100000
1777189346.411392,0,0.000000,0.000000,0.000000,0.000000,1.000000,0.000000,1.000000,0.000000,0.000000,0.020000
1777189346.411816,0,0.000000,0.000000,0.000000,0.000000,1.000000,0.000000,1.000000,0.000000,0.000000,0.000000
1777189346.413705,0,0.000000,0.000000,0.000000,0.000000,1.000000,0.000000,1.000000,0.000000,0.140000,0.000000
1777189346.444547,0,0.000000,0.000000,0.000000,0.000000,1.000000,0.000000,0.000000,0.000000,0.070000,0.000000
1777189346.477411,0,0.000000,0.000000,0.000000,0.000000,1.000000,0.000000,0.110000,0.000000,0.070000,0.000000
1777189346.478029,0,0.000000,0.000000,0.000000,0.000000,1.000000,0.000000,0.250000,0.000000,0.070000,0.020000
1777189346.478730,0,0.000000,0.000000,0.000000,0.000000,1.000000,0.000000,0.360000,0.000000,0.000000,0.000000
1777189346.517676,0,0.000000,0.000000,0.000000,0.000000,1.000000,0.000000,0.460000,0.000000,0.210000,0.020000
1777189346.518195,0,0.000000,0.000000,0.000000,0.000000,0.210000,0.000000,0.570000,0.000000,0.070000,0.000000
1777189346.554177,0,0.000000,0.000000,0.000000,0.000000,0.740000,0.000000,0.690000,0.000000,0.070000,0.000000
1777189346.554689,0,0.000000,0.000000,0.000000,0.000000,1.000000,0.000000,0.810000,0.000000,0.000000,0.020000
1777189346.555089,0,0.000000,0.000000,0.000000,0.000000,1.000000,0.000000,0.930000,0.000000,0.000000,0.000000
1777189346.588793,0,0.000000,0.000000,0.000000,0.000000,1.000000,0.000000,1.000000,0.000000,0.070000,0.000000
1777189346.589304,0,0.000000,0.000000,0.000000,0.000000,1.000000,0.000000,1.000000,0.000000,0.140000,0.000000
1777189346.621026,0,0.000000,0.000000,0.000000,0.000000,1.000000,0.000000,1.000000,0.000000,0.070000,0.000000
1777189346.652634,0,0.000000,0.000000,0.000000,0.000000,1.000000,0.000000,1.000000,0.000000,0.000000,0.020000
1777189346.653208,0,0.000000,0.000000,0.000000,0.000000,1.000000,0.000000,1.000000,0.000000,0.070000,0.000000
1777189346.685724,0,0.000000,0.000000,0.000000,0.000000,1.000000,0.000000,1.000000,0.000000,0.000000,0.000000
1777189346.686235,0,0.000000,0.000000,0.000000,0.000000,1.000000,0.000000,1.000000,0.000000,0.140000,0.000000
1777189346.686628,0,0.000000,0.000000,0.000000,0.000000,1.000000,0.000000,1.000000,0.000000,0.000000,0.000000
1777189346.718446,0,0.000000,0.000000,0.000000,0.000000,1.000000,0.000000,1.000000,0.000000,0.210000,0.020000
1777189346.718959,0,0.000000,0.000000,0.000000,0.000000,1.000000,0.000000,1.000000,0.000000,0.000000,0.000000
1777189346.750690,0,0.000000,0.000000,0.000000,0.000000,1.000000,0.000000,1.000000,0.000000,0.210000,0.020000
1777189346.751190,0,0.000000,0.000000,0.000000,0.000000,1.000000,0.000000,1.000000,0.000000,0.000000,0.000000
1777189346.782384,0,0.000000,0.000000,0.000000,0.000000,1.000000,0.000000,1.000000,0.000000,0.000000,0.000000
1777189346.782913,0,0.000000,0.000000,0.000000,0.000000,1.000000,0.000000,1.000000,0.000000,0.070000,0.020000
1777189346.783311,0,0.000000,0.000000,0.000000,0.000000,1.000000,0.000000,1.000000,0.000000,0.000000,0.020000
1777189346.816280,0,0.000000,0.000000,0.000000,0.000000,1.000000,0.000000,0.050000,0.000000,0.070000,0.020000
1777189346.847621,0,0.000000,0.000000,0.000000,0.000000,1.000000,0.000000,0.150000,0.000000,0.070000,0.000000
1777189346.848122,0,0.000000,0.000000,0.000000,0.000000,0.370000,0.000000,0.280000,0.000000,0.070000,0.020000
1777189346.878680,0,0.000000,0.000000,0.000000,0.000000,0.870000,0.000000,0.380000,0.000000,0.000000,0.000000
1777189346.879193,0,0.000000,0.000000,0.000000,0.000000,1.000000,0.000000,0.500000,0.000000,0.000000,0.000000
1777189346.879591,0,0.000000,0.000000,0.000000,0.000000,1.000000,0.000000,0.620000,0.000000,0.000000,0.070000
1777189346.879971,0,0.000000,0.000000,0.000000,0.000000,1.000000,0.000000,0.730000,0.000000,0.000000,0.000000
1777189346.911149,0,0.000000,0.000000,0.000000,0.000000,1.000000,0.000000,0.830000,0.000000,0.070000,0.150000
1777189346.941947,0,0.000000,0.000000,0.000000,0.000000,1.000000,0.000000,0.950000,0.000000,0.000000,0.020000
1777189346.942470,0,0.000000,0.000000,0.000000,0.000000,1.000000,0.000000,1.000000,0.000000,0.000000,0.020000
1777189346.973287,0,0.000000,0.000000,0.000000,0.000000,1.000000,0.000000,0.020000,0.000000,0.000000,0.000000
1777189346.973793,0,0.000000,0.000000,0.000000,0.000000,1.000000,0.000000,0.120000,0.000000,0.000000,0.020000
1777189347.005536,0,0.000000,0.000000,0.000000,0.000000,1.000000,0.000000,0.210000,0.000000,0.070000,0.000000
1777189347.006041,0,0.000000,0.000000,0.000000,0.000000,1.000000,0.000000,0.310000,0.000000,0.000000,0.000000
1777189347.037155,0,0.000000,0.000000,0.000000,0.000000,1.000000,0.000000,0.400000,0.000000,0.000000,0.000000
1777189347.037690,0,0.000000,0.000000,0.000000,0.000000,1.000000,0.000000,0.010000,0.000000,0.000000,0.150000
1777189347.068602,0,0.000000,0.000000,0.000000,0.000000,1.000000,0.000000,0.140000,0.000000,0.000000,0.020000
1777189347.069125,0,0.000000,0.000000,0.000000,0.000000,1.000000,0.000000,0.270000,0.000000,0.000000,0.000000
1777189347.069521,0,0.000000,0.000000,0.000000,0.000000,1.000000,0.000000,0.380000,0.000000,0.000000,0.000000
1777189347.100010,0,0.000000,0.000000,0.000000,0.000000,1.000000,0.000000,0.050000,0.000000,0.000000,0.020000
1777189347.131655,0,0.000000,0.000000,0.000000,0.000000,1.000000,0.000000,0.200000,0.000000,0.070000,0.000000
1777189347.132208,0,0.000000,0.000000,0.000000,0.000000,1.000000,0.000000,0.370000,0.000000,0.070000,0.000000
1777189347.163643,0,0.000000,0.000000,0.000000,0.000000,1.000000,0.000000,0.540000,0.000000,0.000000,0.000000
1777189347.164139,0,0.000000,0.000000,0.000000,0.000000,1.000000,0.000000,0.700000,0.000000,0.070000,0.000000
1777189347.164543,0,0.000000,0.000000,0.000000,0.000000,1.000000,0.000000,0.870000,0.000000,0.000000,0.000000
1777189347.195108,0,0.000000,0.000000,0.000000,0.000000,1.000000,0.000000,1.000000,0.000000,0.210000,0.000000
1777189347.195644,0,0.000000,0.000000,0.000000,0.000000,1.000000,0.000000,1.000000,0.000000,0.000000,0.070000
1777189347.227714,0,0.000000,0.000000,0.000000,0.000000,1.000000,0.000000,1.000000,0.000000,0.070000,0.020000
1777189347.259090,0,0.000000,0.000000,0.000000,0.000000,1.000000,0.000000,1.000000,0.000000,0.000000,0.020000
1777189347.259659,0,0.000000,0.000000,0.000000,0.000000,1.000000,0.000000,1.000000,0.000000,0.070000,0.000000
1777189347.260086,0,0.000000,0.000000,0.000000,0.000000,1.000000,0.000000,1.000000,0.000000,0.000000,0.000000
1777189347.291883,0,0.000000,0.000000,0.000000,0.000000,1.000000,0.000000,1.000000,0.000000,0.000000,0.020000
1777189347.292381,0,0.000000,0.000000,0.000000,0.000000,1.000000,0.000000,1.000000,0.000000,0.000000,0.000000
1777189347.323890,0,0.000000,0.000000,0.000000,0.000000,1.000000,0.000000,1.000000,0.000000,0.210000,0.000000
1777189347.355593,0,0.000000,0.000000,0.000000,0.000000,1.000000,0.000000,0.090000,0.000000,0.070000,0.020000
1777189347.356165,0,0.000000,0.000000,0.000000,0.000000,1.000000,0.000000,0.210000,0.000000,0.070000,0.000000
1777189347.356601,0,0.000000,0.000000,0.000000,0.000000,0.340000,0.000000,0.340000,0.000000,0.070000,0.000000
1777189347.387462,0,0.000000,0.000000,0.000000,0.000000,0.430000,0.000000,0.460000,0.000000,0.140000,0.000000
1777189347.387974,0,0.000000,0.000000,0.000000,0.000000,1.000000,0.000000,0.600000,0.000000,0.000000,0.000000
1777189347.417959,0,0.000000,0.000000,0.000000,0.000000,1.000000,0.000000,0.730000,0.000000,0.000000,0.000000
1777189347.418461,0,0.000000,0.000000,0.000000,0.000000,1.000000,0.000000,0.850000,0.000000,0.070000,0.000000
1777189347.448353,0,0.000000,0.000000,0.000000,0.000000,1.000000,0.000000,0.970000,0.000000,0.000000,0.020000
1777189347.478770,0,0.000000,0.000000,0.000000,0.000000,1.000000,0.000000,1.000000,0.000000,0.070000,0.000000
1777189347.479271,0,0.000000,0.000000,0.000000,0.000000,1.000000,0.000000,1.000000,0.000000,0.140000,0.000000
1777189347.479667,0,0.000000,0.000000,0.000000,0.000000,1.000000,0.000000,1.000000,0.000000,0.070000,0.020000
1777189347.512836,0,0.000000,0.000000,0.000000,0.000000,1.000000,0.000000,1.000000,0.000000,0.000000,0.000000
1777189347.513347,0,0.000000,0.000000,0.000000,0.000000,1.000000,0.000000,1.000000,0.000000,0.000000,0.000000
1777189347.546148,0,0.000000,0.000000,0.000000,0.000000,1.000000,0.000000,1.000000,0.000000,0.070000,0.020000
1777189347.546908,0,0.000000,0.000000,0.000000,0.000000,1.000000,0.000000,1.000000,0.000000,0.070000,0.000000
1777189347.581232,0,0.000000,0.000000,0.000000,0.000000,1.000000,0.000000,1.000000,0.000000,0.000000,0.000000
1777189347.581724,0,0.000000,0.000000,0.000000,0.000000,1.000000,0.000000,1.000000,0.000000,0.000000,0.020000
1777189347.582117,0,0.000000,0.000000,0.000000,0.000000,1.000000,0.000000,1.000000,0.000000,0.070000,0.020000
1777189347.612904,0,0.000000,0.000000,0.000000,0.000000,1.000000,0.000000,1.000000,0.000000,0.070000,0.000000
1777189347.642798,0,0.000000,0.000000,0.000000,0.000000,1.000000,0.000000,1.000000,0.000000,0.000000,0.000000
1777189347.643307,0,0.000000,0.000000,0.000000,0.000000,0.150000,0.000000,1.000000,0.000000,0.000000,0.020000
1777189347.674093,0,0.000000,0.000000,0.000000,0.000000,0.800000,0.000000,1.000000,0.000000,0.000000,0.020000
1777189347.674600,0,0.000000,0.000000,0.000000,0.000000,1.000000,0.000000,1.000000,0.000000,0.000000,0.000000
1777189347.674996,0,0.000000,0.000000,0.000000,0.000000,1.000000,0.000000,1.000000,0.000000,0.140000,0.000000
1777189347.707684,0,0.000000,0.000000,0.000000,0.000000,1.000000,0.000000,1.000000,0.000000,0.000000,0.070000
1777189347.729610,0,0.000000,0.000000,0.000000,0.000000,1.000000,0.000000,0.000000,0.000000,0.070000,0.000000
1777189347.730112,0,0.000000,0.000000,0.000000,0.000000,1.000000,0.000000,0.070000,0.000000,0.000000,0.000000
1777189347.730567,0,0.000000,0.000000,0.000000,0.000000,1.000000,0.000000,0.150000,0.000000,0.070000,0.000000
1777189347.731133,0,0.000000,0.000000,0.000000,0.000000,1.000000,0.000000,0.210000,0.000000,0.000000,0.020000
1777189347.741838,0,0.000000,0.000000,0.000000,0.000000,1.000000,0.000000,0.280000,0.000000,0.000000,0.020000
1777189347.745597,0,0.000000,0.000000,0.000000,0.000000,1.000000,0.000000,0.340000,0.000000,0.070000,0.000000
1777189347.763213,0,0.000000,0.000000,0.000000,0.000000,1.000000,0.000000,0.410000,0.000000,0.070000,0.000000
1777189347.776992,0,0.000000,0.000000,0.000000,0.000000,1.000000,0.000000,0.490000,0.000000,0.210000,0.000000
1777189347.784592,0,0.000000,0.000000,0.000000,0.000000,1.000000,0.000000,0.560000,0.000000,0.070000,0.020000
1777189347.808627,0,0.000000,0.000000,0.000000,0.000000,1.000000,0.000000,0.620000,0.000000,0.000000,0.000000
1777189347.823331,0,0.000000,0.000000,0.000000,0.000000,1.000000,0.000000,0.680000,0.000000,0.000000,0.020000
1777189347.838946,0,0.000000,0.000000,0.000000,0.000000,1.000000,0.000000,0.750000,0.000000,0.000000,0.000000
1777189347.861541,0,0.000000,0.000000,0.000000,0.000000,1.000000,0.000000,0.010000,0.000000,0.070000,0.000000
1777189347.868291,0,0.000000,0.000000,0.000000,0.000000,1.000000,0.000000,0.070000,0.000000,0.000000,0.020000
1777189347.883774,0,0.000000,0.000000,0.000000,0.000000,1.000000,0.000000,0.140000,0.000000,0.000000,0.000000
1777189347.907034,0,0.000000,0.000000,0.000000,0.000000,1.000000,0.000000,0.000000,0.000000,0.000000,0.020000
1777189347.909761,0,0.000000,0.000000,0.000000,0.000000,1.000000,0.000000,0.070000,0.000000,0.000000,0.000000
1777189347.936861,0,0.000000,0.000000,0.000000,0.000000,1.000000,0.000000,0.150000,0.000000,0.000000,0.000000
1777189347.951741,0,0.000000,0.000000,0.000000,0.000000,1.000000,0.000000,0.210000,0.000000,0.000000,0.000000
1777189347.965137,0,0.000000,0.000000,0.000000,0.000000,1.000000,0.000000,0.300000,0.000000,0.210000,0.000000
1777189347.972273,0,0.000000,0.000000,0.000000,0.000000,0.000000,0.000000,0.370000,0.000000,0.280000,0.150000
1777189348.003764,0,0.000000,0.000000,0.000000,0.000000,0.600000,0.000000,0.430000,0.000000,0.000000,0.020000
1777189348.010180,0,0.000000,0.000000,0.000000,0.000000,1.000000,0.000000,0.500000,0.000000,0.000000,0.000000
1777189348.025032,0,0.000000,0.000000,0.000000,0.000000,1.000000,0.000000,0.570000,0.000000,0.140000,0.070000
1777189348.032799,0,0.000000,0.000000,0.000000,0.000000,1.000000,0.000000,0.660000,0.000000,0.070000,0.020000
1777189348.056512,0,0.000000,0.000000,0.000000,0.000000,1.000000,0.000000,0.740000,0.000000,0.000000,0.000000
1777189348.071229,0,0.000000,0.000000,0.000000,0.000000,1.000000,0.000000,0.810000,0.000000,0.000000,0.020000
1777189348.077299,0,0.000000,0.000000,0.000000,0.000000,1.000000,0.000000,0.880000,0.000000,0.070000,0.000000
1777189348.092999,0,0.000000,0.000000,0.000000,0.000000,1.000000,0.000000,0.950000,0.000000,0.000000,0.020000
1777189348.118650,0,0.000000,0.000000,0.000000,0.000000,1.000000,0.000000,1.000000,0.000000,0.000000,0.000000
1777189348.122093,0,0.000000,0.000000,0.000000,0.000000,1.000000,0.000000,0.020000,0.000000,0.000000,0.070000
1777189348.151432,0,0.000000,0.000000,0.000000,0.000000,1.000000,0.000000,0.120000,0.000000,0.000000,0.000000
1777189348.166605,0,0.000000,0.000000,0.000000,0.000000,1.000000,0.000000,0.230000,0.000000,0.070000,0.020000
1777189348.168328,0,0.000000,0.000000,0.000000,0.000000,1.000000,0.000000,0.030000,0.000000,0.140000,0.070000
1777189348.182049,0,0.000000,0.000000,0.000000,0.000000,1.000000,0.000000,0.100000,0.000000,0.000000,0.070000
1777189348.197991,0,0.000000,0.000000,0.000000,0.000000,1.000000,0.000000,0.250000,0.000000,0.070000,0.000000
1777189348.236275,0,0.000000,0.000000,0.000000,0.000000,1.000000,0.000000,0.400000,0.000000,0.070000,0.000000
1777189348.241307,0,0.000000,0.000000,0.000000,0.000000,1.000000,0.000000,0.540000,0.000000,0.000000,0.020000
1777189348.245937,0,0.000000,0.000000,0.000000,0.000000,1.000000,0.000000,0.680000,0.000000,0.070000,0.020000
1777189348.266294,0,0.000000,0.000000,0.000000,0.000000,1.000000,0.000000,0.000000,0.000000,0.000000,0.680000
1777189348.273112,0,0.000000,0.000000,0.000000,0.000000,1.000000,0.000000,0.100000,0.000000,0.000000,0.000000
1777189348.287560,0,0.000000,0.000000,0.000000,0.000000,1.000000,0.000000,0.250000,0.000000,0.000000,0.100000
1777189348.311747,0,0.000000,0.000000,0.000000,0.000000,1.000000,0.000000,0.370000,0.000000,0.000000,0.070000
1777189348.346363,0,0.000000,0.000000,0.000000,0.000000,1.000000,0.000000,0.500000,0.000000,0.000000,0.070000
1777189348.347445,0,0.000000,0.000000,0.000000,0.000000,1.000000,0.000000,0.620000,0.000000,0.000000,0.070000
1777189348.362670,0,0.000000,0.000000,0.000000,0.000000,1.000000,0.000000,0.750000,0.000000,0.000000,0.000000
1777189348.370926,0,0.000000,0.000000,0.000000,0.000000,1.000000,0.000000,0.870000,0.000000,0.000000,0.020000
1777189348.385149,0,0.000000,0.000000,0.000000,0.000000,1.000000,0.000000,1.000000,0.000000,0.070000,0.000000
1777189348.393324,0,0.000000,0.000000,0.000000,0.000000,1.000000,0.000000,0.050000,0.000000,0.000000,0.000000
1777189348.408302,0,0.000000,0.000000,0.000000,0.000000,1.000000,0.000000,0.210000,0.000000,0.000000,0.020000
1777189348.431707,0,0.000000,0.000000,0.000000,0.000000,1.000000,0.000000,0.380000,0.000000,0.000000,0.020000
1777189348.445396,0,0.000000,0.000000,0.000000,0.000000,1.000000,0.000000,0.560000,0.000000,0.210000,0.000000
1777189348.470106,0,0.000000,0.000000,0.000000,0.000000,1.000000,0.000000,0.750000,0.000000,0.000000,0.000000
1777189348.471461,0,0.000000,0.000000,0.000000,0.000000,1.000000,0.000000,0.920000,0.000000,0.070000,0.070000
1777189348.506840,0,0.000000,0.000000,0.000000,0.000000,1.000000,0.000000,1.000000,0.000000,0.000000,0.000000
1777189348.508114,0,0.000000,0.000000,0.000000,0.000000,1.000000,0.000000,1.000000,0.000000,0.070000,0.020000
1777189348.527150,0,0.000000,0.000000,0.000000,0.000000,1.000000,0.000000,1.000000,0.000000,0.000000,0.070000
1777189348.534099,0,0.000000,0.000000,0.000000,0.000000,1.000000,0.000000,0.090000,0.000000,0.070000,0.020000
1777189348.557393,0,0.000000,0.000000,0.000000,0.000000,1.000000,0.000000,0.230000,0.000000,0.070000,0.070000
1777189348.558364,0,0.000000,0.000000,0.000000,0.000000,1.000000,0.000000,0.340000,0.000000,0.000000,0.000000
1777189348.579538,0,0.000000,0.000000,0.000000,0.000000,1.000000,0.000000,0.470000,0.000000,0.000000,0.070000
1777189348.604229,0,0.000000,0.000000,0.000000,0.000000,1.000000,0.000000,0.600000,0.000000,0.070000,0.000000
1777189348.610481,0,0.000000,0.000000,0.000000,0.000000,1.000000,0.000000,0.730000,0.000000,0.000000,0.000000
1777189348.626006,0,0.000000,0.000000,0.000000,0.000000,1.000000,0.000000,0.870000,0.000000,0.000000,0.020000
1777189348.640336,0,0.000000,0.000000,0.000000,0.000000,1.000000,0.000000,0.990000,0.000000,0.000000,0.020000
1777189348.662878,0,0.000000,0.000000,0.000000,0.000000,1.000000,0.000000,1.000000,0.000000,0.070000,0.020000
1777189348.687109,0,0.000000,0.000000,0.000000,0.000000,1.000000,0.000000,0.050000,0.000000,0.070000,0.020000
1777189348.689318,0,0.000000,0.000000,0.000000,0.000000,1.000000,0.000000,0.150000,0.000000,0.000000,0.020000
1777189348.700613,0,0.000000,0.000000,0.000000,0.000000,1.000000,0.000000,0.270000,0.000000,0.000000,0.000000
1777189348.716585,0,0.000000,0.000000,0.000000,0.000000,1.000000,0.000000,0.370000,0.000000,0.000000,0.020000
1777189348.746011,0,0.000000,0.000000,0.000000,0.000000,1.000000,0.000000,0.500000,0.000000,0.000000,0.020000
1777189348.747627,0,0.000000,0.000000,0.000000,0.000000,1.000000,0.000000,0.610000,0.000000,0.000000,0.020000
1777189348.774622,0,0.000000,0.000000,0.000000,0.000000,1.000000,0.000000,0.730000,0.000000,0.070000,0.000000
1777189348.778310,0,0.000000,0.000000,0.000000,0.000000,1.000000,0.000000,0.850000,0.000000,0.070000,0.020000
1777189348.798389,0,0.000000,0.000000,0.000000,0.000000,0.150000,0.000000,0.970000,0.000000,0.000000,0.000000
1777189348.805632,0,0.000000,0.000000,0.000000,0.000000,0.720000,0.000000,0.000000,0.000000,0.000000,0.000000
1777189348.820854,0,0.000000,0.000000,0.000000,0.000000,1.000000,0.000000,0.110000,0.000000,0.000000,0.000000
1777189348.836541,0,0.000000,0.000000,0.000000,0.000000,1.000000,0.000000,0.230000,0.000000,0.140000,0.000000
1777189348.858663,0,0.000000,0.000000,0.000000,0.000000,1.000000,0.000000,0.050000,0.000000,0.000000,0.000000
1777189348.873184,0,0.000000,0.000000,0.000000,0.000000,1.000000,0.000000,0.200000,0.000000,0.000000,0.000000
1777189348.895205,0,0.000000,0.000000,0.000000,0.000000,1.000000,0.000000,0.340000,0.000000,0.000000,0.100000
1777189348.903962,0,0.000000,0.000000,0.000000,0.000000,1.000000,0.000000,0.470000,0.000000,0.070000,0.000000
1777189348.910109,0,0.000000,0.000000,0.000000,0.000000,1.000000,0.000000,0.610000,0.000000,0.000000,0.020000
1777189348.943782,0,0.000000,0.000000,0.000000,0.000000,1.000000,0.000000,0.750000,0.000000,0.000000,0.000000
1777189348.971568,0,0.000000,0.000000,0.000000,0.000000,1.000000,0.000000,0.050000,0.000000,0.070000,0.020000
1777189348.972985,0,0.000000,0.000000,0.000000,0.000000,1.000000,0.000000,0.230000,0.000000,0.000000,0.000000
1777189348.991939,0,0.000000,0.000000,0.000000,0.000000,1.000000,0.000000,0.400000,0.000000,0.000000,0.210000
1777189348.999407,0,0.000000,0.000000,0.000000,0.000000,1.000000,0.000000,0.570000,0.000000,0.070000,0.000000
1777189349.014010,0,0.000000,0.000000,0.000000,0.000000,1.000000,0.000000,0.750000,0.000000,0.000000,0.020000
1777189349.022144,0,0.000000,0.000000,0.000000,0.000000,1.000000,0.000000,0.920000,0.000000,0.070000,0.000000
1777189349.037802,0,0.000000,0.000000,0.000000,0.000000,1.000000,0.000000,1.000000,0.000000,0.140000,0.020000
1777189349.060799,0,0.000000,0.000000,0.000000,0.000000,1.000000,0.000000,0.010000,0.000000,0.000000,0.020000
1777189349.061810,0,0.000000,0.000000,0.000000,0.000000,1.000000,0.000000,0.200000,0.000000,0.000000,0.020000
1777189349.083690,0,0.000000,0.000000,0.000000,0.000000,1.000000,0.000000,0.380000,0.000000,0.000000,0.020000
1777189349.106918,0,0.000000,0.000000,0.000000,0.000000,1.000000,0.000000,0.560000,0.000000,0.000000,0.070000
1777189349.112891,0,0.000000,0.000000,0.000000,0.000000,1.000000,0.000000,0.750000,0.000000,0.140000,0.000000
1777189349.127947,0,0.000000,0.000000,0.000000,0.000000,1.000000,0.000000,0.940000,0.000000,0.000000,0.020000
1777189349.159133,0,0.000000,0.000000,0.000000,0.000000,1.000000,0.000000,1.000000,0.000000,0.140000,0.000000
1777189349.165695,0,0.000000,0.000000,0.000000,0.000000,1.000000,0.000000,0.070000,0.000000,0.070000,0.020000
1777189349.181806,0,0.000000,0.000000,0.000000,0.000000,1.000000,0.000000,0.200000,0.000000,0.070000,0.020000
1777189349.204462,0,0.000000,0.000000,0.000000,0.000000,1.000000,0.000000,0.360000,0.000000,0.070000,0.000000
1777189349.210665,0,0.000000,0.000000,0.000000,0.000000,1.000000,0.000000,0.500000,0.000000,0.210000,0.000000
1777189349.226779,0,0.000000,0.000000,0.000000,0.000000,1.000000,0.000000,0.660000,0.000000,0.070000,0.070000
1777189349.241861,0,0.000000,0.000000,0.000000,0.000000,1.000000,0.000000,0.030000,0.000000,0.000000,0.000000
1777189349.271363,0,0.000000,0.000000,0.000000,0.000000,0.360000,0.000000,0.200000,0.000000,0.000000,0.020000
1777189349.286771,0,0.000000,0.000000,0.000000,0.000000,0.950000,0.000000,0.340000,0.000000,0.000000,0.000000
1777189349.289333,0,0.000000,0.000000,0.000000,0.000000,1.000000,0.000000,0.510000,0.000000,0.070000,0.070000
1777189349.310355,0,0.000000,0.000000,0.000000,0.000000,1.000000,0.000000,0.660000,0.000000,0.000000,0.020000
1777189349.315610,0,0.000000,0.000000,0.000000,0.000000,1.000000,0.000000,0.810000,0.000000,0.000000,0.000000
1777189349.331845,0,0.000000,0.000000,0.000000,0.000000,1.000000,0.000000,0.950000,0.000000,0.000000,0.000000
1777189349.337734,0,0.000000,0.000000,0.000000,0.000000,1.000000,0.000000,1.000000,0.000000,0.000000,0.000000
1777189349.369180,0,0.000000,0.000000,0.000000,0.000000,0.470000,0.000000,1.000000,0.000000,0.000000,0.000000
1777189349.383386,0,0.000000,0.000000,0.000000,0.000000,1.000000,0.000000,1.000000,0.000000,0.000000,0.000000
1777189349.390135,0,0.000000,0.000000,0.000000,0.000000,1.000000,0.000000,1.000000,0.000000,0.140000,0.020000
1777189349.406516,0,0.000000,0.000000,0.000000,0.000000,1.000000,0.000000,1.000000,0.000000,0.070000,0.000000
1777189349.435481,0,0.000000,0.000000,0.000000,0.000000,1.000000,0.000000,1.000000,0.000000,0.000000,0.000000
1777189349.437768,0,0.000000,0.000000,0.000000,0.000000,1.000000,0.000000,1.000000,0.000000,0.070000,0.020000
1777189349.465447,0,0.000000,0.000000,0.000000,0.000000,0.030000,0.000000,1.000000,0.000000,0.000000,0.020000
1777189349.467121,0,0.000000,0.000000,0.000000,0.000000,0.630000,0.000000,1.000000,0.000000,0.000000,0.000000
1777189349.488123,0,0.000000,0.000000,0.000000,0.000000,1.000000,0.000000,1.000000,0.000000,0.070000,0.000000
1777189349.496127,0,0.000000,0.000000,0.000000,0.000000,1.000000,0.000000,1.000000,0.000000,0.070000,0.000000
1777189349.510299,0,0.000000,0.000000,0.000000,0.000000,1.000000,0.000000,1.000000,0.000000,0.000000,0.100000
1777189349.524625,0,0.000000,0.000000,0.000000,0.000000,1.000000,0.000000,1.000000,0.000000,0.000000,0.000000
1777189349.548195,0,0.000000,0.000000,0.000000,0.000000,1.000000,0.000000,1.000000,0.000000,0.070000,0.020000
1777189349.553454,0,0.000000,0.000000,0.000000,0.000000,1.000000,0.000000,1.000000,0.000000,0.000000,0.000000
1777189349.569655,0,0.000000,0.000000,0.000000,0.000000,1.000000,0.000000,1.000000,0.000000,0.000000,0.020000
1777189349.593318,0,0.000000,0.000000,0.000000,0.000000,1.000000,0.000000,0.030000,0.000000,0.070000,0.000000
1777189349.600907,0,0.000000,0.000000,0.000000,0.000000,1.000000,0.000000,0.200000,0.000000,0.140000,0.000000
1777189349.616016,0,0.000000,0.000000,0.000000,0.000000,1.000000,0.000000,0.340000,0.000000,0.070000,0.000000
1777189349.631421,0,0.000000,0.000000,0.000000,0.000000,1.000000,0.000000,0.010000,0.000000,0.140000,0.000000
1777189349.652746,0,0.000000,0.000000,0.000000,0.000000,1.000000,0.000000,0.210000,0.000000,0.000000,0.000000
1777189349.669986,0,0.000000,0.000000,0.000000,0.000000,1.000000,0.000000,0.400000,0.000000,0.070000,0.000000
1777189349.692554,0,0.000000,0.000000,0.000000,0.000000,1.000000,0.000000,0.610000,0.000000,0.070000,0.000000
1777189349.705691,0,0.000000,0.000000,0.000000,0.000000,1.000000,0.000000,0.800000,0.000000,0.000000,0.020000
1777189349.719993,0,0.000000,0.000000,0.000000,0.000000,1.000000,0.000000,1.000000,0.000000,0.070000,0.000000
1777189349.721714,0,0.000000,0.000000,0.000000,0.000000,1.000000,0.000000,1.000000,0.000000,0.070000,0.020000
1777189349.743480,0,0.000000,0.000000,0.000000,0.000000,1.000000,0.000000,1.000000,0.000000,0.000000,0.000000
1777189349.759136,0,0.000000,0.000000,0.000000,0.000000,1.000000,0.000000,1.000000,0.000000,0.070000,0.020000
1777189349.774459,0,0.000000,0.000000,0.000000,0.000000,1.000000,0.000000,1.000000,0.000000,0.070000,0.000000
1777189349.789362,0,0.000000,0.000000,0.000000,0.000000,1.000000,0.000000,1.000000,0.000000,0.070000,0.000000
1777189349.794401,0,0.000000,0.000000,0.000000,0.000000,1.000000,0.000000,1.000000,0.000000,0.000000,0.020000
1777189349.820251,0,0.000000,0.000000,0.000000,0.000000,1.000000,0.000000,1.000000,0.000000,0.140000,0.070000
1777189349.825292,0,0.000000,0.000000,0.000000,0.000000,1.000000,0.000000,1.000000,0.000000,0.000000,0.020000
1777189349.856732,0,0.000000,0.000000,0.000000,0.000000,1.000000,0.000000,1.000000,0.000000,0.070000,0.000000
1777189349.871950,0,0.000000,0.000000,0.000000,0.000000,1.000000,0.000000,0.020000,0.000000,0.000000,0.020000
1777189349.874436,0,0.000000,0.000000,0.000000,0.000000,1.000000,0.000000,0.230000,0.000000,0.070000,0.000000
1777189349.900821,0,0.000000,0.000000,0.000000,0.000000,1.000000,0.000000,0.430000,0.000000,0.000000,0.100000
1777189349.907931,0,0.000000,0.000000,0.000000,0.000000,1.000000,0.000000,0.620000,0.000000,0.070000,0.020000
1777189349.924201,0,0.000000,0.000000,0.000000,0.000000,1.000000,0.000000,0.140000,0.000000,0.000000,0.070000
1777189349.932097,0,0.000000,0.000000,0.000000,0.000000,1.000000,0.000000,0.370000,0.000000,0.000000,0.070000
1777189349.959623,0,0.000000,0.000000,0.000000,0.000000,1.000000,0.000000,0.620000,0.000000,0.070000,0.000000
1777189349.967141,0,0.000000,0.000000,0.000000,0.000000,1.000000,0.000000,0.870000,0.000000,0.000000,0.000000
1777189349.982817,0,0.000000,0.000000,0.000000,0.000000,1.000000,0.000000,1.000000,0.000000,0.070000,0.000000
1777189350.004641,0,0.000000,0.000000,0.000000,0.000000,0.000000,0.000000,1.000000,0.000000,0.280000,0.020000
1777189350.011858,0,0.000000,0.000000,0.000000,0.000000,0.600000,0.000000,1.000000,0.000000,0.000000,0.020000
1777189350.029155,0,0.000000,0.000000,0.000000,0.000000,1.000000,0.000000,0.170000,0.000000,0.070000,0.000000
1777189350.050424,0,0.000000,0.000000,0.000000,0.000000,1.000000,0.000000,0.400000,0.000000,0.140000,0.020000
1777189350.065605,0,0.000000,0.000000,0.000000,0.000000,1.000000,0.000000,0.630000,0.000000,0.000000,0.000000
1777189350.066166,0,0.000000,0.000000,0.000000,0.000000,1.000000,0.000000,0.000000,0.000000,0.000000,0.870000
1777189350.087321,0,0.000000,0.000000,0.000000,0.000000,1.000000,0.000000,0.210000,0.000000,0.140000,0.000000
1777189350.118117,0,0.000000,0.000000,0.000000,0.000000,1.000000,0.000000,0.430000,0.000000,0.000000,0.000000
1777189350.120440,0,0.000000,0.000000,0.000000,0.000000,1.000000,0.000000,0.640000,0.000000,0.070000,0.000000
1777189350.139118,0,0.000000,0.000000,0.000000,0.000000,1.000000,0.000000,0.000000,0.000000,0.070000,0.250000
1777189350.153831,0,0.000000,0.000000,0.000000,0.000000,1.000000,0.000000,0.200000,0.000000,0.070000,0.020000
1777189350.178938,0,0.000000,0.000000,0.000000,0.000000,1.000000,0.000000,0.400000,0.000000,0.000000,0.000000
1777189350.185962,0,0.000000,0.000000,0.000000,0.000000,1.000000,0.000000,0.620000,0.000000,0.070000,0.070000
1777189350.193516,0,0.000000,0.000000,0.000000,0.000000,1.000000,0.000000,0.820000,0.000000,0.070000,0.020000
1777189350.217331,0,0.000000,0.000000,0.000000,0.000000,1.000000,0.000000,1.000000,0.000000,0.000000,0.100000
1777189350.230146,0,0.000000,0.000000,0.000000,0.000000,1.000000,0.000000,1.000000,0.000000,0.070000,0.100000
1777189350.254716,0,0.000000,0.000000,0.000000,0.000000,1.000000,0.000000,1.000000,0.000000,0.070000,0.150000
1777189350.260795,0,0.000000,0.000000,0.000000,0.000000,1.000000,0.000000,1.000000,0.000000,0.000000,0.070000
1777189350.283347,0,0.000000,0.000000,0.000000,0.000000,1.000000,0.000000,1.000000,0.000000,0.210000,0.000000
1777189350.290825,0,0.000000,0.000000,0.000000,0.000000,1.000000,0.000000,1.000000,0.000000,0.000000,0.000000
1777189350.305986,0,0.000000,0.000000,0.000000,0.000000,1.000000,0.000000,1.000000,0.000000,0.000000,0.000000
1777189350.312793,0,0.000000,0.000000,0.000000,0.000000,1.000000,0.000000,1.000000,0.000000,0.000000,0.020000
1777189350.349716,0,0.000000,0.000000,0.000000,0.000000,1.000000,0.000000,0.100000,0.000000,0.070000,0.000000
1777189350.351774,0,0.000000,0.000000,0.000000,0.000000,1.000000,0.000000,0.310000,0.000000,0.070000,0.100000
1777189350.373678,0,0.000000,0.000000,0.000000,0.000000,1.000000,0.000000,0.510000,0.000000,0.000000,0.020000
1777189350.388941,0,0.000000,0.000000,0.000000,0.000000,1.000000,0.000000,0.740000,0.000000,0.000000,0.000000
1777189350.395933,0,0.000000,0.000000,0.000000,0.000000,1.000000,0.000000,0.940000,0.000000,0.000000,0.000000
1777189350.411995,0,0.000000,0.000000,0.000000,0.000000,1.000000,0.000000,1.000000,0.000000,0.070000,0.070000
1777189350.425610,0,0.000000,0.000000,0.000000,0.000000,1.000000,0.000000,1.000000,0.000000,0.070000,0.000000
1777189350.449653,0,0.000000,0.000000,0.000000,0.000000,1.000000,0.000000,1.000000,0.000000,0.140000,0.000000
1777189350.451231,0,0.000000,0.000000,0.000000,0.000000,1.000000,0.000000,1.000000,0.000000,0.070000,0.000000
1777189350.479883,0,0.000000,0.000000,0.000000,0.000000,1.000000,0.000000,1.000000,0.000000,0.140000,0.000000
1777189350.484783,0,0.000000,0.000000,0.000000,0.000000,1.000000,0.000000,0.010000,0.000000,0.000000,0.020000
1777189350.500247,0,0.000000,0.000000,0.000000,0.000000,1.000000,0.000000,0.180000,0.000000,0.140000,0.000000
1777189350.514943,0,0.000000,0.000000,0.000000,0.000000,1.000000,0.000000,0.010000,0.000000,0.070000,0.000000
1777189350.529799,0,0.000000,0.000000,0.000000,0.000000,1.000000,0.000000,0.200000,0.000000,0.070000,0.020000
1777189350.559253,0,0.000000,0.000000,0.000000,0.000000,1.000000,0.000000,0.370000,0.000000,0.070000,0.000000
1777189350.581465,0,0.000000,0.000000,0.000000,0.000000,1.000000,0.000000,0.560000,0.000000,0.000000,0.020000
1777189350.582504,0,0.000000,0.000000,0.000000,0.000000,1.000000,0.000000,0.750000,0.000000,0.000000,0.000000
1777189350.604357,0,0.000000,0.000000,0.000000,0.000000,0.070000,0.000000,0.930000,0.000000,0.000000,0.000000
1777189350.628248,0,0.000000,0.000000,0.000000,0.000000,0.720000,0.000000,1.000000,0.000000,0.140000,0.020000
1777189350.631616,0,0.000000,0.000000,0.000000,0.000000,0.070000,0.000000,1.000000,0.000000,0.070000,0.000000
1777189350.644024,0,0.000000,0.000000,0.000000,0.000000,0.660000,0.000000,0.000000,0.000000,0.000000,0.250000
1777189350.658126,0,0.000000,0.000000,0.000000,0.000000,1.000000,0.000000,0.150000,0.000000,0.000000,0.020000
1777189350.665350,0,0.000000,0.000000,0.000000,0.000000,1.000000,0.000000,0.280000,0.000000,0.000000,0.020000
1777189350.695252,0,0.000000,0.000000,0.000000,0.000000,1.000000,0.000000,0.410000,0.000000,0.000000,0.070000
1777189350.697342,0,0.000000,0.000000,0.000000,0.000000,0.100000,0.000000,0.570000,0.000000,0.000000,0.020000
1777189350.724597,0,0.000000,0.000000,0.000000,0.000000,0.660000,0.000000,0.720000,0.000000,0.000000,0.000000
1777189350.732600,0,0.000000,0.000000,0.000000,0.000000,1.000000,0.000000,0.860000,0.000000,0.000000,0.020000
1777189350.764572,0,0.000000,0.000000,0.000000,0.000000,1.000000,0.000000,1.000000,0.000000,0.070000,0.000000
1777189350.765909,0,0.000000,0.000000,0.000000,0.000000,1.000000,0.000000,1.000000,0.000000,0.140000,0.000000
1777189350.779398,0,0.000000,0.000000,0.000000,0.000000,1.000000,0.000000,1.000000,0.000000,0.000000,0.020000
1777189350.785204,0,0.000000,0.000000,0.000000,0.000000,1.000000,0.000000,1.000000,0.000000,0.000000,0.000000
1777189350.824112,0,0.000000,0.000000,0.000000,0.000000,1.000000,0.000000,1.000000,0.000000,0.000000,0.000000
1777189350.826271,0,0.000000,0.000000,0.000000,0.000000,1.000000,0.000000,1.000000,0.000000,0.000000,0.000000
1777189350.838038,0,0.000000,0.000000,0.000000,0.000000,1.000000,0.000000,1.000000,0.000000,0.070000,0.000000
1777189350.852938,0,0.000000,0.000000,0.000000,0.000000,1.000000,0.000000,1.000000,0.000000,0.070000,0.000000
1777189350.884029,0,0.000000,0.000000,0.000000,0.000000,1.000000,0.000000,1.000000,0.000000,0.000000,0.000000
1777189350.889361,0,0.000000,0.000000,0.000000,0.000000,1.000000,0.000000,1.000000,0.000000,0.000000,0.000000
1777189350.898547,0,0.000000,0.000000,0.000000,0.000000,1.000000,0.000000,1.000000,0.000000,0.000000,0.020000
1777189350.915141,0,0.000000,0.000000,0.000000,0.000000,1.000000,0.000000,1.000000,0.000000,0.000000,0.000000
1777189350.920174,0,0.000000,0.000000,0.000000,0.000000,1.000000,0.000000,1.000000,0.000000,0.070000,0.020000
1777189350.936362,0,0.000000,0.000000,0.000000,0.000000,1.000000,0.000000,1.000000,0.000000,0.070000,0.000000
1777189350.950961,0,0.000000,0.000000,0.000000,0.000000,1.000000,0.000000,1.000000,0.000000,0.070000,0.020000
1777189350.973959,0,0.000000,0.000000,0.000000,0.000000,1.000000,0.000000,1.000000,0.000000,0.000000,0.000000
1777189350.988040,0,0.000000,0.000000,0.000000,0.000000,1.000000,0.000000,1.000000,0.000000,0.070000,0.000000
1777189351.011509,0,0.000000,0.000000,0.000000,0.000000,1.000000,0.000000,1.000000,0.000000,0.070000,0.000000
1777189351.017858,0,0.000000,0.000000,0.000000,0.000000,1.000000,0.000000,1.000000,0.000000,0.070000,0.020000
1777189351.033686,0,0.000000,0.000000,0.000000,0.000000,1.000000,0.000000,1.000000,0.000000,0.070000,0.000000
1777189351.049438,0,0.000000,0.000000,0.000000,0.000000,1.000000,0.000000,1.000000,0.000000,0.000000,0.000000
1777189351.069612,0,0.000000,0.000000,0.000000,0.000000,1.000000,0.000000,1.000000,0.000000,0.070000,0.000000
1777189351.085768,0,0.000000,0.000000,0.000000,0.000000,1.000000,0.000000,1.000000,0.000000,0.000000,0.020000
1777189351.101030,0,0.000000,0.000000,0.000000,0.000000,1.000000,0.000000,1.000000,0.000000,0.000000,0.020000
1777189351.107750,0,0.000000,0.000000,0.000000,0.000000,1.000000,0.000000,1.000000,0.000000,0.000000,0.020000
1777189351.121404,0,0.000000,0.000000,0.000000,0.000000,1.000000,0.000000,1.000000,0.000000,0.070000,0.000000
1777189351.145940,0,0.000000,0.000000,0.000000,0.000000,1.000000,0.000000,0.070000,0.000000,0.000000,0.020000
1777189351.147418,0,0.000000,0.000000,0.000000,0.000000,1.000000,0.000000,0.210000,0.000000,0.070000,0.000000
1777189351.176235,0,0.000000,0.000000,0.000000,0.000000,1.000000,0.000000,0.370000,0.000000,0.000000,0.000000
1777189351.191723,0,0.000000,0.000000,0.000000,0.000000,1.000000,0.000000,0.510000,0.000000,0.000000,0.000000
1777189351.197524,0,0.000000,0.000000,0.000000,0.000000,0.250000,0.000000,0.670000,0.000000,0.070000,0.020000
1777189351.220688,0,0.000000,0.000000,0.000000,0.000000,0.850000,0.000000,0.810000,0.000000,0.000000,0.000000
1777189351.251401,0,0.000000,0.000000,0.000000,0.000000,1.000000,0.000000,0.950000,0.000000,0.000000,0.020000
1777189351.253966,0,0.000000,0.000000,0.000000,0.000000,1.000000,0.000000,1.000000,0.000000,0.070000,0.070000
1777189351.274513,0,0.000000,0.000000,0.000000,0.000000,1.000000,0.000000,1.000000,0.000000,0.140000,0.000000
1777189351.280143,0,0.000000,0.000000,0.000000,0.000000,1.000000,0.000000,1.000000,0.000000,0.000000,0.070000
1777189351.288203,0,0.000000,0.000000,0.000000,0.000000,1.000000,0.000000,1.000000,0.000000,0.000000,0.000000
1777189351.325633,0,0.000000,0.000000,0.000000,0.000000,1.000000,0.000000,1.000000,0.000000,0.000000,0.000000
1777189351.328432,0,0.000000,0.000000,0.000000,0.000000,1.000000,0.000000,1.000000,0.000000,0.070000,0.000000
1777189351.348834,0,0.000000,0.000000,0.000000,0.000000,1.000000,0.000000,1.000000,0.000000,0.000000,0.020000
1777189351.351412,0,0.000000,0.000000,0.000000,0.000000,1.000000,0.000000,1.000000,0.000000,0.000000,0.100000
1777189351.369655,0,0.000000,0.000000,0.000000,0.000000,1.000000,0.000000,1.000000,0.000000,0.000000,0.000000
1777189351.385140,0,0.000000,0.000000,0.000000,0.000000,1.000000,0.000000,1.000000,0.000000,0.070000,0.000000
1777189351.401602,0,0.000000,0.000000,0.000000,0.000000,1.000000,0.000000,0.000000,0.000000,0.140000,0.000000
1777189351.424453,0,0.000000,0.000000,0.000000,0.000000,1.000000,0.000000,0.110000,0.000000,0.000000,0.000000
1777189351.438030,0,0.000000,0.000000,0.000000,0.000000,1.000000,0.000000,0.210000,0.000000,0.070000,0.020000
1777189351.445292,0,0.000000,0.000000,0.000000,0.000000,1.000000,0.000000,0.340000,0.000000,0.070000,0.000000
1777189351.461767,0,0.000000,0.000000,0.000000,0.000000,1.000000,0.000000,0.440000,0.000000,0.070000,0.000000
1777189351.484841,0,0.000000,0.000000,0.000000,0.000000,0.000000,0.000000,0.560000,0.000000,0.280000,0.000000
1777189351.493202,0,0.000000,0.000000,0.000000,0.000000,0.570000,0.000000,0.680000,0.000000,0.000000,0.020000
1777189351.505838,0,0.000000,0.000000,0.000000,0.000000,1.000000,0.000000,0.790000,0.000000,0.070000,0.000000
1777189351.522364,0,0.000000,0.000000,0.000000,0.000000,1.000000,0.000000,0.890000,0.000000,0.000000,0.000000
1777189351.542746,0,0.000000,0.000000,0.000000,0.000000,1.000000,0.000000,1.000000,0.000000,0.000000,0.000000
1777189351.549139,0,0.000000,0.000000,0.000000,0.000000,1.000000,0.000000,1.000000,0.000000,0.000000,0.000000
1777189351.565180,0,0.000000,0.000000,0.000000,0.000000,1.000000,0.000000,0.050000,0.000000,0.000000,0.000000
1777189351.587578,0,0.000000,0.000000,0.000000,0.000000,1.000000,0.000000,0.140000,0.000000,0.070000,0.000000
1777189351.601405,0,0.000000,0.000000,0.000000,0.000000,1.000000,0.000000,0.210000,0.000000,0.000000,0.000000
1777189351.633067,0,0.000000,0.000000,0.000000,0.000000,1.000000,0.000000,0.310000,0.000000,0.140000,0.000000
1777189351.654980,0,0.000000,0.000000,0.000000,0.000000,1.000000,0.000000,0.400000,0.000000,0.000000,0.000000
1777189351.657131,0,0.000000,0.000000,0.000000,0.000000,1.000000,0.000000,0.470000,0.000000,0.140000,0.000000
1777189351.661925,0,0.000000,0.000000,0.000000,0.000000,1.000000,0.000000,0.560000,0.000000,0.000000,0.000000
1777189351.696259,0,0.000000,0.000000,0.000000,0.000000,1.000000,0.000000,0.640000,0.000000,0.000000,0.020000
1777189351.696839,0,0.000000,0.000000,0.000000,0.000000,1.000000,0.000000,0.730000,0.000000,0.000000,0.020000
1777189351.769310,0,0.000000,0.000000,0.000000,0.000000,1.000000,0.000000,0.810000,0.000000,0.000000,0.020000
1777189351.769809,0,0.000000,0.000000,0.000000,0.000000,1.000000,0.000000,0.890000,0.000000,0.070000,0.000000
1777189351.770209,0,0.000000,0.000000,0.000000,0.000000,1.000000,0.000000,0.980000,0.000000,0.000000,0.000000
1777189351.826741,0,0.000000,0.000000,0.000000,0.000000,1.000000,0.000000,1.000000,0.000000,0.210000,0.000000
1777189351.827282,0,0.000000,0.000000,0.000000,0.000000,1.000000,0.000000,1.000000,0.000000,0.000000,0.020000
1777189351.827839,0,0.000000,0.000000,0.000000,0.000000,1.000000,0.000000,1.000000,0.000000,0.140000,0.070000
1777189351.828251,0,0.000000,0.000000,0.000000,0.000000,1.000000,0.000000,1.000000,0.000000,0.000000,0.020000
1777189351.884119,0,0.000000,0.000000,0.000000,0.000000,1.000000,0.000000,1.000000,0.000000,0.000000,0.000000
1777189351.884645,0,0.000000,0.000000,0.000000,0.000000,1.000000,0.000000,0.000000,0.000000,0.000000,0.720000
1777189351.885196,0,0.000000,0.000000,0.000000,0.000000,1.000000,0.000000,0.050000,0.000000,0.070000,0.020000
1777189351.914918,0,0.000000,0.000000,0.000000,0.000000,1.000000,0.000000,0.110000,0.000000,0.000000,0.180000
1777189351.945715,0,0.000000,0.000000,0.000000,0.000000,1.000000,0.000000,0.180000,0.000000,0.070000,0.020000
1777189351.946222,0,0.000000,0.000000,0.000000,0.000000,1.000000,0.000000,0.250000,0.000000,0.070000,0.020000
1777189351.976721,0,0.000000,0.000000,0.000000,0.000000,1.000000,0.000000,0.310000,0.000000,0.000000,0.000000
1777189351.977221,0,0.000000,0.000000,0.000000,0.000000,1.000000,0.000000,0.370000,0.000000,0.000000,0.070000
1777189352.009997,0,0.000000,0.000000,0.000000,0.000000,1.000000,0.000000,0.440000,0.000000,0.000000,0.000000
1777189352.010499,0,0.000000,0.000000,0.000000,0.000000,1.000000,0.000000,0.500000,0.000000,0.000000,0.000000
1777189352.041014,0,0.000000,0.000000,0.000000,0.000000,1.000000,0.000000,0.560000,0.000000,0.070000,0.000000
1777189352.041547,0,0.000000,0.000000,0.000000,0.000000,1.000000,0.000000,0.630000,0.000000,0.070000,0.000000
1777189352.071934,0,0.000000,0.000000,0.000000,0.000000,1.000000,0.000000,0.690000,0.000000,0.000000,0.000000
1777189352.072432,0,0.000000,0.000000,0.000000,0.000000,1.000000,0.000000,0.750000,0.000000,0.000000,0.000000
1777189352.072972,0,0.000000,0.000000,0.000000,0.000000,0.250000,0.000000,0.810000,0.000000,0.070000,0.210000
1777189352.103374,0,0.000000,0.000000,0.000000,0.000000,0.810000,0.000000,0.870000,0.000000,0.070000,0.000000
1777189352.104085,0,0.000000,0.000000,0.000000,0.000000,1.000000,0.000000,0.940000,0.000000,0.140000,0.000000
1777189352.161648,0,0.000000,0.000000,0.000000,0.000000,1.000000,0.000000,1.000000,0.000000,0.140000,0.070000
1777189352.162181,0,0.000000,0.000000,0.000000,0.000000,1.000000,0.000000,1.000000,0.000000,0.000000,0.000000
1777189352.162596,0,0.000000,0.000000,0.000000,0.000000,1.000000,0.000000,1.000000,0.000000,0.000000,0.000000
1777189352.163271,0,0.000000,0.000000,0.000000,0.000000,1.000000,0.000000,1.000000,0.000000,0.000000,0.000000
1777189352.163939,0,0.000000,0.000000,0.000000,0.000000,1.000000,0.000000,1.000000,0.000000,0.070000,0.020000
1777189352.194978,0,0.000000,0.000000,0.000000,0.000000,1.000000,0.000000,1.000000,0.000000,0.000000,0.000000
1777189352.225717,0,0.000000,0.000000,0.000000,0.000000,1.000000,0.000000,1.000000,0.000000,0.000000,0.020000
1777189352.256338,0,0.000000,0.000000,0.000000,0.000000,0.250000,0.000000,1.000000,0.000000,0.070000,0.000000
1777189352.256832,0,0.000000,0.000000,0.000000,0.000000,0.850000,0.000000,0.000000,0.000000,0.000000,0.300000
1777189352.257222,0,0.000000,0.000000,0.000000,0.000000,1.000000,0.000000,0.050000,0.000000,0.070000,0.000000
1777189352.287570,0,0.000000,0.000000,0.000000,0.000000,1.000000,0.000000,0.100000,0.000000,0.000000,0.000000
1777189352.318261,0,0.000000,0.000000,0.000000,0.000000,1.000000,0.000000,0.150000,0.000000,0.070000,0.070000
1777189352.318785,0,0.000000,0.000000,0.000000,0.000000,1.000000,0.000000,0.210000,0.000000,0.000000,0.180000
1777189352.349567,0,0.000000,0.000000,0.000000,0.000000,1.000000,0.000000,0.280000,0.000000,0.000000,0.000000
1777189352.350120,0,0.000000,0.000000,0.000000,0.000000,1.000000,0.000000,0.330000,0.000000,0.000000,0.000000
1777189352.381113,0,0.000000,0.000000,0.000000,0.000000,1.000000,0.000000,0.370000,0.000000,0.140000,0.000000
1777189352.381606,0,0.000000,0.000000,0.000000,0.000000,1.000000,0.000000,0.430000,0.000000,0.210000,0.000000
1777189352.412300,0,0.000000,0.000000,0.000000,0.000000,1.000000,0.000000,0.500000,0.000000,0.070000,0.000000
1777189352.412805,0,0.000000,0.000000,0.000000,0.000000,1.000000,0.000000,0.550000,0.000000,0.140000,0.000000
1777189352.444381,0,0.000000,0.000000,0.000000,0.000000,1.000000,0.000000,0.600000,0.000000,0.070000,0.070000
1777189352.444894,0,0.000000,0.000000,0.000000,0.000000,1.000000,0.000000,0.660000,0.000000,0.000000,0.020000
1777189352.475914,0,0.000000,0.000000,0.000000,0.000000,1.000000,0.000000,0.720000,0.000000,0.000000,0.000000
1777189352.476422,0,0.000000,0.000000,0.000000,0.000000,1.000000,0.000000,0.760000,0.000000,0.070000,0.020000
1777189352.476852,0,0.000000,0.000000,0.000000,0.000000,1.000000,0.000000,0.820000,0.000000,0.000000,0.150000
1777189352.535803,0,0.000000,0.000000,0.000000,0.000000,1.000000,0.000000,0.880000,0.000000,0.000000,0.000000
1777189352.536337,0,0.000000,0.000000,0.000000,0.000000,1.000000,0.000000,0.000000,0.000000,0.070000,0.250000
1777189352.536742,0,0.000000,0.000000,0.000000,0.000000,1.000000,0.000000,0.000000,0.000000,0.140000,0.000000
1777189352.537134,0,0.000000,0.000000,0.000000,0.000000,1.000000,0.000000,0.070000,0.000000,0.070000,0.020000
1777189352.538409,0,0.000000,0.000000,0.000000,0.000000,1.000000,0.000000,0.100000,0.000000,0.000000,0.020000
1777189352.607831,0,0.000000,0.000000,0.000000,0.000000,1.000000,0.000000,0.170000,0.000000,0.070000,0.000000
1777189352.608347,0,0.000000,0.000000,0.000000,0.000000,1.000000,0.000000,0.200000,0.000000,0.000000,0.000000
1777189352.608745,0,0.000000,0.000000,0.000000,0.000000,1.000000,0.000000,0.250000,0.000000,0.000000,0.070000
1777189352.610014,0,0.000000,0.000000,0.000000,0.000000,1.000000,0.000000,0.310000,0.000000,0.000000,0.020000
1777189352.610462,0,0.000000,0.000000,0.000000,0.000000,1.000000,0.000000,0.360000,0.000000,0.070000,0.070000
1777189352.610871,0,0.000000,0.000000,0.000000,0.000000,1.000000,0.000000,0.400000,0.000000,0.070000,0.000000
1777189352.666756,0,0.000000,0.000000,0.000000,0.000000,1.000000,0.000000,0.460000,0.000000,0.070000,0.020000
1777189352.667307,0,0.000000,0.000000,0.000000,0.000000,1.000000,0.000000,0.050000,0.000000,0.000000,0.000000
1777189352.724884,0,0.000000,0.000000,0.000000,0.000000,1.000000,0.000000,0.100000,0.000000,0.000000,0.020000
1777189352.725408,0,0.000000,0.000000,0.000000,0.000000,1.000000,0.000000,0.030000,0.000000,0.000000,0.000000
1777189352.725884,0,0.000000,0.000000,0.000000,0.000000,1.000000,0.000000,0.100000,0.000000,0.140000,0.000000
1777189352.727056,0,0.000000,0.000000,0.000000,0.000000,1.000000,0.000000,0.150000,0.000000,0.000000,0.020000
1777189352.727567,0,0.000000,0.000000,0.000000,0.000000,1.000000,0.000000,0.000000,0.000000,0.070000,0.000000
1777189352.786416,0,0.000000,0.000000,0.000000,0.000000,1.000000,0.000000,0.100000,0.000000,0.140000,0.020000
1777189352.786940,0,0.000000,0.000000,0.000000,0.000000,1.000000,0.000000,0.200000,0.000000,0.000000,0.000000
1777189352.788291,0,0.000000,0.000000,0.000000,0.000000,1.000000,0.000000,0.310000,0.000000,0.000000,0.000000
1777189352.788756,0,0.000000,0.000000,0.000000,0.000000,1.000000,0.000000,0.400000,0.000000,0.000000,0.000000
1777189352.846539,0,0.000000,0.000000,0.000000,0.000000,1.000000,0.000000,0.500000,0.000000,0.000000,0.020000
1777189352.847077,0,0.000000,0.000000,0.000000,0.000000,1.000000,0.000000,0.600000,0.000000,0.000000,0.020000
1777189352.847798,0,0.000000,0.000000,0.000000,0.000000,1.000000,0.000000,0.680000,0.000000,0.070000,0.000000
1777189352.905538,0,0.000000,0.000000,0.000000,0.000000,1.000000,0.000000,0.800000,0.000000,0.140000,0.000000
1777189352.906058,0,0.000000,0.000000,0.000000,0.000000,1.000000,0.000000,0.890000,0.000000,0.000000,0.000000
1777189352.906778,0,0.000000,0.000000,0.000000,0.000000,1.000000,0.000000,1.000000,0.000000,0.070000,0.000000
1777189352.907194,0,0.000000,0.000000,0.000000,0.000000,1.000000,0.000000,1.000000,0.000000,0.070000,0.070000
1777189352.963380,0,0.000000,0.000000,0.000000,0.000000,1.000000,0.000000,1.000000,0.000000,0.070000,0.000000
1777189352.963908,0,0.000000,0.000000,0.000000,0.000000,1.000000,0.000000,1.000000,0.000000,0.000000,0.020000
1777189352.964747,0,0.000000,0.000000,0.000000,0.000000,1.000000,0.000000,0.010000,0.000000,0.070000,0.000000
1777189352.995104,0,0.000000,0.000000,0.000000,0.000000,1.000000,0.000000,0.120000,0.000000,0.000000,0.000000
1777189352.995604,0,0.000000,0.000000,0.000000,0.000000,1.000000,0.000000,0.250000,0.000000,0.000000,0.000000
1777189353.025561,0,0.000000,0.000000,0.000000,0.000000,1.000000,0.000000,0.360000,0.000000,0.140000,0.000000
1777189353.026204,0,0.000000,0.000000,0.000000,0.000000,1.000000,0.000000,0.460000,0.000000,0.070000,0.070000
1777189353.056871,0,0.000000,0.000000,0.000000,0.000000,1.000000,0.000000,0.560000,0.000000,0.070000,0.020000
1777189353.087892,0,0.000000,0.000000,0.000000,0.000000,1.000000,0.000000,0.680000,0.000000,0.070000,0.000000
1777189353.088391,0,0.000000,0.000000,0.000000,0.000000,1.000000,0.000000,0.800000,0.000000,0.070000,0.000000
1777189353.119222,0,0.000000,0.000000,0.000000,0.000000,1.000000,0.000000,0.910000,0.000000,0.000000,0.070000
1777189353.119729,0,0.000000,0.000000,0.000000,0.000000,1.000000,0.000000,1.000000,0.000000,0.000000,0.000000
1777189353.120137,0,0.000000,0.000000,0.000000,0.000000,1.000000,0.000000,1.000000,0.000000,0.140000,0.070000
1777189353.150486,0,0.000000,0.000000,0.000000,0.000000,1.000000,0.000000,1.000000,0.000000,0.070000,0.000000
1777189353.151016,0,0.000000,0.000000,0.000000,0.000000,1.000000,0.000000,1.000000,0.000000,0.070000,0.000000
1777189353.210173,0,0.000000,0.000000,0.000000,0.000000,1.000000,0.000000,0.010000,0.000000,0.000000,0.000000
1777189353.210711,0,0.000000,0.000000,0.000000,0.000000,1.000000,0.000000,0.100000,0.000000,0.000000,0.000000
1777189353.211135,0,0.000000,0.000000,0.000000,0.000000,1.000000,0.000000,0.200000,0.000000,0.000000,0.000000
1777189353.212563,0,0.000000,0.000000,0.000000,0.000000,1.000000,0.000000,0.300000,0.000000,0.000000,0.000000
1777189353.213023,0,0.000000,0.000000,0.000000,0.000000,1.000000,0.000000,0.400000,0.000000,0.140000,0.020000
1777189353.213421,0,0.000000,0.000000,0.000000,0.000000,1.000000,0.000000,0.000000,0.000000,0.070000,0.520000
1777189353.271099,0,0.000000,0.000000,0.000000,0.000000,1.000000,0.000000,0.090000,0.000000,0.000000,0.000000
1777189353.271765,0,0.000000,0.000000,0.000000,0.000000,1.000000,0.000000,0.170000,0.000000,0.000000,0.000000
1777189353.272392,0,0.000000,0.000000,0.000000,0.000000,1.000000,0.000000,0.250000,0.000000,0.070000,0.020000
1777189353.272809,0,0.000000,0.000000,0.000000,0.000000,1.000000,0.000000,0.340000,0.000000,0.070000,0.100000
1777189353.329979,0,0.000000,0.000000,0.000000,0.000000,1.000000,0.000000,0.440000,0.000000,0.000000,0.070000
1777189353.330781,0,0.000000,0.000000,0.000000,0.000000,1.000000,0.000000,0.550000,0.000000,0.070000,0.000000
1777189353.331211,0,0.000000,0.000000,0.000000,0.000000,1.000000,0.000000,0.630000,0.000000,0.070000,0.000000
1777189353.331597,0,0.000000,0.000000,0.000000,0.000000,1.000000,0.000000,0.730000,0.000000,0.000000,0.020000
1777189353.388990,0,0.000000,0.000000,0.000000,0.000000,1.000000,0.000000,0.820000,0.000000,0.000000,0.000000
1777189353.389838,0,0.000000,0.000000,0.000000,0.000000,1.000000,0.000000,0.920000,0.000000,0.070000,0.000000
1777189353.390272,0,0.000000,0.000000,0.000000,0.000000,1.000000,0.000000,1.000000,0.000000,0.000000,0.000000
1777189353.447104,0,0.000000,0.000000,0.000000,0.000000,1.000000,0.000000,1.000000,0.000000,0.000000,0.020000
1777189353.448298,0,0.000000,0.000000,0.000000,0.000000,1.000000,0.000000,0.000000,0.000000,0.140000,0.000000
1777189353.448778,0,0.000000,0.000000,0.000000,0.000000,1.000000,0.000000,0.100000,0.000000,0.070000,0.020000
1777189353.449224,0,0.000000,0.000000,0.000000,0.000000,1.000000,0.000000,0.020000,0.000000,0.140000,0.020000
1777189353.506670,0,0.000000,0.000000,0.000000,0.000000,1.000000,0.000000,0.180000,0.000000,0.000000,0.000000
1777189353.507190,0,0.000000,0.000000,0.000000,0.000000,1.000000,0.000000,0.330000,0.000000,0.000000,0.000000
1777189353.508093,0,0.000000,0.000000,0.000000,0.000000,1.000000,0.000000,0.470000,0.000000,0.070000,0.000000
1777189353.508612,0,0.000000,0.000000,0.000000,0.000000,1.000000,0.000000,0.630000,0.000000,0.070000,0.000000
1777189353.569632,0,0.000000,0.000000,0.000000,0.000000,1.000000,0.000000,0.800000,0.000000,0.000000,0.000000
1777189353.570167,0,0.000000,0.000000,0.000000,0.000000,1.000000,0.000000,0.940000,0.000000,0.140000,0.000000
1777189353.570769,0,0.000000,0.000000,0.000000,0.000000,1.000000,0.000000,1.000000,0.000000,0.140000,0.070000
1777189353.571178,0,0.000000,0.000000,0.000000,0.000000,1.000000,0.000000,1.000000,0.000000,0.070000,0.020000
1777189353.631205,0,0.000000,0.000000,0.000000,0.000000,0.140000,0.000000,1.000000,0.000000,0.000000,0.000000
1777189353.631738,0,0.000000,0.000000,0.000000,0.000000,0.690000,0.000000,1.000000,0.000000,0.000000,0.150000
1777189353.632217,0,0.000000,0.000000,0.000000,0.000000,1.000000,0.000000,1.000000,0.000000,0.000000,0.000000
1777189353.632977,0,0.000000,0.000000,0.000000,0.000000,1.000000,0.000000,1.000000,0.000000,0.000000,0.020000
1777189353.664199,0,0.000000,0.000000,0.000000,0.000000,1.000000,0.000000,1.000000,0.000000,0.140000,0.070000
1777189353.694806,0,0.000000,0.000000,0.000000,0.000000,0.250000,0.000000,1.000000,0.000000,0.000000,0.000000
1777189353.695463,0,0.000000,0.000000,0.000000,0.000000,0.850000,0.000000,1.000000,0.000000,0.070000,0.000000
1777189353.727079,0,0.000000,0.000000,0.000000,0.000000,1.000000,0.000000,1.000000,0.000000,0.210000,0.000000
1777189353.758218,0,0.000000,0.000000,0.000000,0.000000,1.000000,0.000000,1.000000,0.000000,0.000000,0.000000
1777189353.758737,0,0.000000,0.000000,0.000000,0.000000,1.000000,0.000000,1.000000,0.000000,0.000000,0.070000
1777189353.759139,0,0.000000,0.000000,0.000000,0.000000,1.000000,0.000000,0.000000,0.000000,0.000000,0.000000
1777189353.790109,0,0.000000,0.000000,0.000000,0.000000,1.000000,0.000000,0.090000,0.000000,0.140000,0.000000
1777189353.790621,0,0.000000,0.000000,0.000000,0.000000,1.000000,0.000000,0.180000,0.000000,0.140000,0.000000
1777189353.821379,0,0.000000,0.000000,0.000000,0.000000,1.000000,0.000000,0.280000,0.000000,0.000000,0.000000
1777189353.821879,0,0.000000,0.000000,0.000000,0.000000,1.000000,0.000000,0.370000,0.000000,0.070000,0.020000
1777189353.853507,0,0.000000,0.000000,0.000000,0.000000,1.000000,0.000000,0.460000,0.000000,0.000000,0.020000
1777189353.884164,0,0.000000,0.000000,0.000000,0.000000,0.070000,0.000000,0.560000,0.000000,0.000000,0.020000
1777189353.884656,0,0.000000,0.000000,0.000000,0.000000,0.620000,0.000000,0.630000,0.000000,0.000000,0.000000
1777189353.885063,0,0.000000,0.000000,0.000000,0.000000,1.000000,0.000000,0.730000,0.000000,0.000000,0.000000
1777189353.915213,0,0.000000,0.000000,0.000000,0.000000,1.000000,0.000000,0.810000,0.000000,0.000000,0.000000
1777189353.915707,0,0.000000,0.000000,0.000000,0.000000,1.000000,0.000000,0.910000,0.000000,0.070000,0.000000
1777189353.946220,0,0.000000,0.000000,0.000000,0.000000,1.000000,0.000000,1.000000,0.000000,0.070000,0.100000
1777189353.977234,0,0.000000,0.000000,0.000000,0.000000,1.000000,0.000000,1.000000,0.000000,0.070000,0.000000
1777189353.977749,0,0.000000,0.000000,0.000000,0.000000,1.000000,0.000000,1.000000,0.000000,0.070000,0.000000
1777189354.009220,0,0.000000,0.000000,0.000000,0.000000,1.000000,0.000000,1.000000,0.000000,0.000000,0.000000
1777189354.009728,0,0.000000,0.000000,0.000000,0.000000,1.000000,0.000000,1.000000,0.000000,0.000000,0.020000
1777189354.010208,0,0.000000,0.000000,0.000000,0.000000,1.000000,0.000000,1.000000,0.000000,0.000000,0.000000
1777189354.040951,0,0.000000,0.000000,0.000000,0.000000,1.000000,0.000000,1.000000,0.000000,0.000000,0.070000
1777189354.041489,0,0.000000,0.000000,0.000000,0.000000,1.000000,0.000000,1.000000,0.000000,0.070000,0.000000
1777189354.073258,0,0.000000,0.000000,0.000000,0.000000,1.000000,0.000000,1.000000,0.000000,0.070000,0.070000
1777189354.073769,0,0.000000,0.000000,0.000000,0.000000,1.000000,0.000000,1.000000,0.000000,0.000000,0.000000
1777189354.104700,0,0.000000,0.000000,0.000000,0.000000,1.000000,0.000000,1.000000,0.000000,0.210000,0.000000
1777189354.105211,0,0.000000,0.000000,0.000000,0.000000,1.000000,0.000000,0.000000,0.000000,0.000000,0.640000
1777189354.136815,0,0.000000,0.000000,0.000000,0.000000,1.000000,0.000000,0.070000,0.000000,0.000000,0.020000
1777189354.137433,0,0.000000,0.000000,0.000000,0.000000,1.000000,0.000000,0.140000,0.000000,0.140000,0.000000
1777189354.169209,0,0.000000,0.000000,0.000000,0.000000,1.000000,0.000000,0.200000,0.000000,0.070000,0.210000
1777189354.169723,0,0.000000,0.000000,0.000000,0.000000,1.000000,0.000000,0.280000,0.000000,0.000000,0.000000
1777189354.170116,0,0.000000,0.000000,0.000000,0.000000,0.280000,0.000000,0.340000,0.000000,0.070000,0.000000
1777189354.200895,0,0.000000,0.000000,0.000000,0.000000,0.870000,0.000000,0.410000,0.000000,0.070000,0.020000
1777189354.231409,0,0.000000,0.000000,0.000000,0.000000,1.000000,0.000000,0.490000,0.000000,0.000000,0.000000
1777189354.231927,0,0.000000,0.000000,0.000000,0.000000,1.000000,0.000000,0.560000,0.000000,0.000000,0.000000
1777189354.263682,0,0.000000,0.000000,0.000000,0.000000,0.150000,0.000000,0.620000,0.000000,0.000000,0.000000
1777189354.264393,0,0.000000,0.000000,0.000000,0.000000,0.570000,0.000000,0.690000,0.000000,0.000000,0.000000
1777189354.296968,0,0.000000,0.000000,0.000000,0.000000,0.970000,0.000000,0.000000,0.000000,0.000000,0.750000
1777189354.297466,0,0.000000,0.000000,0.000000,0.000000,1.000000,0.000000,0.000000,0.000000,0.070000,0.020000
1777189354.297951,0,0.000000,0.000000,0.000000,0.000000,1.000000,0.000000,0.050000,0.000000,0.000000,0.020000
1777189354.329562,0,0.000000,0.000000,0.000000,0.000000,1.000000,0.000000,0.110000,0.000000,0.070000,0.020000
1777189354.361469,0,0.000000,0.000000,0.000000,0.000000,1.000000,0.000000,0.180000,0.000000,0.000000,0.100000
1777189354.361961,0,0.000000,0.000000,0.000000,0.000000,1.000000,0.000000,0.230000,0.000000,0.140000,0.020000
1777189354.362376,0,0.000000,0.000000,0.000000,0.000000,1.000000,0.000000,0.280000,0.000000,0.070000,0.020000
1777189354.404331,0,0.000000,0.000000,0.000000,0.000000,1.000000,0.000000,0.000000,0.000000,0.000000,0.340000
1777189354.404884,0,0.000000,0.000000,0.000000,0.000000,1.000000,0.000000,0.070000,0.000000,0.070000,0.020000
1777189354.405890,0,0.000000,0.000000,0.000000,0.000000,1.000000,0.000000,0.150000,0.000000,0.070000,0.000000
1777189354.435392,0,0.000000,0.000000,0.000000,0.000000,1.000000,0.000000,0.090000,0.000000,0.070000,0.000000
1777189354.436061,0,0.000000,0.000000,0.000000,0.000000,1.000000,0.000000,0.100000,0.000000,0.070000,0.100000
1777189354.465577,0,0.000000,0.000000,0.000000,0.000000,1.000000,0.000000,0.340000,0.000000,0.140000,0.000000
1777189354.466172,0,0.000000,0.000000,0.000000,0.000000,1.000000,0.000000,1.000000,0.000000,0.000000,0.000000
1777189354.498319,0,0.000000,0.000000,0.000000,0.000000,1.000000,0.000000,0.230000,0.000000,0.070000,0.020000
1777189354.528948,0,0.000000,0.000000,0.000000,0.000000,1.000000,0.000000,0.940000,0.000000,0.070000,0.000000
1777189354.529441,0,0.000000,0.000000,0.000000,0.000000,1.000000,0.000000,1.000000,0.000000,0.070000,0.000000
1777189354.529833,0,0.000000,0.000000,0.000000,0.000000,1.000000,0.000000,1.000000,0.000000,0.000000,0.020000
1777189354.561193,0,0.000000,0.000000,0.000000,0.000000,1.000000,0.000000,1.000000,0.000000,0.000000,0.000000
1777189354.561694,0,0.000000,0.000000,0.000000,0.000000,1.000000,0.000000,1.000000,0.000000,0.000000,0.020000
1777189354.594287,0,0.000000,0.000000,0.000000,0.000000,1.000000,0.000000,1.000000,0.000000,0.070000,0.000000
1777189354.594790,0,0.000000,0.000000,0.000000,0.000000,1.000000,0.000000,1.000000,0.000000,0.070000,0.020000
1777189354.625598,0,0.000000,0.000000,0.000000,0.000000,1.000000,0.000000,1.000000,0.000000,0.000000,0.000000
1777189354.626098,0,0.000000,0.000000,0.000000,0.000000,1.000000,0.000000,1.000000,0.000000,0.000000,0.020000
1777189354.626488,0,0.000000,0.000000,0.000000,0.000000,1.000000,0.000000,1.000000,0.000000,0.000000,0.020000
1777189354.656694,0,0.000000,0.000000,0.000000,0.000000,1.000000,0.000000,1.000000,0.000000,0.070000,0.020000
1777189354.688278,0,0.000000,0.000000,0.000000,0.000000,1.000000,0.000000,1.000000,0.000000,0.000000,0.020000
1777189354.688779,0,0.000000,0.000000,0.000000,0.000000,1.000000,0.000000,1.000000,0.000000,0.070000,0.070000
1777189354.720802,0,0.000000,0.000000,0.000000,0.000000,1.000000,0.000000,1.000000,0.000000,0.070000,0.000000
1777189354.721719,0,0.000000,0.000000,0.000000,0.000000,1.000000,0.000000,1.000000,0.000000,0.070000,0.020000
1777189354.752389,0,0.000000,0.000000,0.000000,0.000000,1.000000,0.000000,1.000000,0.000000,0.000000,0.000000
1777189354.752904,0,0.000000,0.000000,0.000000,0.000000,1.000000,0.000000,1.000000,0.000000,0.000000,0.000000
1777189354.753400,0,0.000000,0.000000,0.000000,0.000000,1.000000,0.000000,0.230000,0.000000,0.000000,0.000000
1777189354.784701,0,0.000000,0.000000,0.000000,0.000000,1.000000,0.000000,1.000000,0.000000,0.000000,0.000000
1777189354.816848,0,0.000000,0.000000,0.000000,0.000000,1.000000,0.000000,1.000000,0.000000,0.000000,0.070000
1777189354.817474,0,0.000000,0.000000,0.000000,0.000000,1.000000,0.000000,1.000000,0.000000,0.070000,0.020000
1777189354.849147,0,0.000000,0.000000,0.000000,0.000000,1.000000,0.000000,0.000000,0.000000,0.000000,0.410000
1777189354.849653,0,0.000000,0.000000,0.000000,0.000000,1.000000,0.000000,0.660000,0.000000,0.070000,0.000000
1777189354.850134,0,0.000000,0.000000,0.000000,0.000000,1.000000,0.000000,1.000000,0.000000,0.070000,0.000000
1777189354.881284,0,0.000000,0.000000,0.000000,0.000000,1.000000,0.000000,1.000000,0.000000,0.140000,0.000000
1777189354.881802,0,0.000000,0.000000,0.000000,0.000000,1.000000,0.000000,1.000000,0.000000,0.070000,0.020000
1777189354.912673,0,0.000000,0.000000,0.000000,0.000000,1.000000,0.000000,1.000000,0.000000,0.000000,0.020000
1777189354.913191,0,0.000000,0.000000,0.000000,0.000000,1.000000,0.000000,1.000000,0.000000,0.000000,0.020000
1777189354.943341,0,0.000000,0.000000,0.000000,0.000000,1.000000,0.000000,1.000000,0.000000,0.000000,0.000000
1777189354.943864,0,0.000000,0.000000,0.000000,0.000000,1.000000,0.000000,1.000000,0.000000,0.000000,0.020000
1777189354.974987,0,0.000000,0.000000,0.000000,0.000000,1.000000,0.000000,1.000000,0.000000,0.070000,0.000000
1777189354.975484,0,0.000000,0.000000,0.000000,0.000000,1.000000,0.000000,1.000000,0.000000,0.000000,0.020000
1777189355.005734,0,0.000000,0.000000,0.000000,0.000000,1.000000,0.000000,1.000000,0.000000,0.070000,0.000000
1777189355.006284,0,0.000000,0.000000,0.000000,0.000000,1.000000,0.000000,0.330000,0.000000,0.070000,0.000000
1777189355.036614,0,0.000000,0.000000,0.000000,0.000000,1.000000,0.000000,1.000000,0.000000,0.000000,0.020000
1777189355.037117,0,0.000000,0.000000,0.000000,0.000000,1.000000,0.000000,1.000000,0.000000,0.000000,0.020000
1777189355.037610,0,0.000000,0.000000,0.000000,0.000000,1.000000,0.000000,1.000000,0.000000,0.070000,0.000000
1777189355.069773,0,0.000000,0.000000,0.000000,0.000000,1.000000,0.000000,1.000000,0.000000,0.000000,0.000000
1777189355.070313,0,0.000000,0.000000,0.000000,0.000000,1.000000,0.000000,1.000000,0.000000,0.000000,0.020000
1777189355.101537,0,0.000000,0.000000,0.000000,0.000000,1.000000,0.000000,1.000000,0.000000,0.000000,0.000000
1777189355.102076,0,0.000000,0.000000,0.000000,0.000000,1.000000,0.000000,1.000000,0.000000,0.070000,0.000000
1777189355.133288,0,0.000000,0.000000,0.000000,0.000000,1.000000,0.000000,1.000000,0.000000,0.000000,0.020000
1777189355.136049,0,0.000000,0.000000,0.000000,0.000000,1.000000,0.000000,1.000000,0.000000,0.000000,0.020000
1777189355.166060,0,0.000000,0.000000,0.000000,0.000000,1.000000,0.000000,1.000000,0.000000,0.000000,0.000000
1777189355.200638,0,0.000000,0.000000,0.000000,0.000000,1.000000,0.000000,0.000000,0.000000,0.070000,1.370000
1777189355.201160,0,0.000000,0.000000,0.000000,0.000000,1.000000,0.000000,0.660000,0.000000,0.070000,0.000000
1777189355.201560,0,0.000000,0.000000,0.000000,0.000000,1.000000,0.000000,1.000000,0.000000,0.140000,0.020000
1777189355.231639,0,0.000000,0.000000,0.000000,0.000000,1.000000,0.000000,1.000000,0.000000,0.070000,0.020000
1777189355.232151,0,0.000000,0.000000,0.000000,0.000000,1.000000,0.000000,1.000000,0.000000,0.000000,0.000000
1777189355.262545,0,0.000000,0.000000,0.000000,0.000000,1.000000,0.000000,1.000000,0.000000,0.000000,0.020000
1777189355.292955,0,0.000000,0.000000,0.000000,0.000000,1.000000,0.000000,1.000000,0.000000,0.070000,0.000000
1777189355.293469,0,0.000000,0.000000,0.000000,0.000000,1.000000,0.000000,1.000000,0.000000,0.210000,0.070000
1777189355.293869,0,0.000000,0.000000,0.000000,0.000000,1.000000,0.000000,1.000000,0.000000,0.070000,0.000000
1777189355.325050,0,0.000000,0.000000,0.000000,0.000000,1.000000,0.000000,1.000000,0.000000,0.000000,0.020000
1777189355.325624,0,0.000000,0.000000,0.000000,0.000000,1.000000,0.000000,1.000000,0.000000,0.070000,0.070000
1777189355.356284,0,0.000000,0.000000,0.000000,0.000000,1.000000,0.000000,1.000000,0.000000,0.070000,0.000000
1777189355.356802,0,0.000000,0.000000,0.000000,0.000000,1.000000,0.000000,1.000000,0.000000,0.000000,0.020000
1777189355.388131,0,0.000000,0.000000,0.000000,0.000000,1.000000,0.000000,1.000000,0.000000,0.000000,0.020000
1777189355.388639,0,0.000000,0.000000,0.000000,0.000000,1.000000,0.000000,0.000000,0.000000,0.000000,0.680000
1777189355.418998,0,0.000000,0.000000,0.000000,0.000000,1.000000,0.000000,0.750000,0.000000,0.000000,0.020000
1777189355.419516,0,0.000000,0.000000,0.000000,0.000000,1.000000,0.000000,1.000000,0.000000,0.000000,0.000000
1777189355.449640,0,0.000000,0.000000,0.000000,0.000000,1.000000,0.000000,1.000000,0.000000,0.000000,0.000000
1777189355.450145,0,0.000000,0.000000,0.000000,0.000000,1.000000,0.000000,1.000000,0.000000,0.070000,0.000000
1777189355.450559,0,0.000000,0.000000,0.000000,0.000000,1.000000,0.000000,1.000000,0.000000,0.070000,0.000000
1777189355.480953,0,0.000000,0.000000,0.000000,0.000000,1.000000,0.000000,0.510000,0.000000,0.000000,0.070000
1777189355.481480,0,0.000000,0.000000,0.000000,0.000000,1.000000,0.000000,1.000000,0.000000,0.210000,0.000000
1777189355.512138,0,0.000000,0.000000,0.000000,0.000000,1.000000,0.000000,1.000000,0.000000,0.070000,0.100000
1777189355.542906,0,0.000000,0.000000,0.000000,0.000000,0.150000,0.000000,1.000000,0.000000,0.000000,0.150000
1777189355.543437,0,0.000000,0.000000,0.000000,0.000000,0.570000,0.000000,1.000000,0.000000,0.000000,0.000000
1777189355.543853,0,0.000000,0.000000,0.000000,0.000000,1.000000,0.000000,1.000000,0.000000,0.000000,0.020000
1777189355.575649,0,0.000000,0.000000,0.000000,0.000000,0.030000,0.000000,1.000000,0.000000,0.000000,0.070000
1777189355.576161,0,0.000000,0.000000,0.000000,0.000000,0.360000,0.000000,1.000000,0.000000,0.000000,0.020000
1777189355.609950,0,0.000000,0.000000,0.000000,0.000000,0.680000,0.000000,1.000000,0.000000,0.070000,0.000000
1777189355.641093,0,0.000000,0.000000,0.000000,0.000000,1.000000,0.000000,1.000000,0.000000,0.000000,0.100000
1777189355.641609,0,0.000000,0.000000,0.000000,0.000000,1.000000,0.000000,1.000000,0.000000,0.000000,0.000000
1777189355.642028,0,0.000000,0.000000,0.000000,0.000000,1.000000,0.000000,0.330000,0.000000,0.070000,0.020000
1777189355.673530,0,0.000000,0.000000,0.000000,0.000000,1.000000,0.000000,1.000000,0.000000,0.140000,0.000000
1777189355.674214,0,0.000000,0.000000,0.000000,0.000000,1.000000,0.000000,1.000000,0.000000,0.000000,0.000000
1777189355.705728,0,0.000000,0.000000,0.000000,0.000000,1.000000,0.000000,0.150000,0.000000,0.070000,0.000000
1777189355.706233,0,0.000000,0.000000,0.000000,0.000000,1.000000,0.000000,0.630000,0.000000,0.070000,0.000000
1777189355.737015,0,0.000000,0.000000,0.000000,0.000000,1.000000,0.000000,1.000000,0.000000,0.000000,0.020000
1777189355.737532,0,0.000000,0.000000,0.000000,0.000000,1.000000,0.000000,1.000000,0.000000,0.000000,0.020000
1777189355.768416,0,0.000000,0.000000,0.000000,0.000000,1.000000,0.000000,1.000000,0.000000,0.000000,0.000000
1777189355.768933,0,0.000000,0.000000,0.000000,0.000000,1.000000,0.000000,1.000000,0.000000,0.000000,0.020000
1777189355.800376,0,0.000000,0.000000,0.000000,0.000000,1.000000,0.000000,1.000000,0.000000,0.070000,0.020000
1777189355.800888,0,0.000000,0.000000,0.000000,0.000000,1.000000,0.000000,1.000000,0.000000,0.070000,0.000000
1777189355.831761,0,0.000000,0.000000,0.000000,0.000000,1.000000,0.000000,1.000000,0.000000,0.070000,0.000000
1777189355.863549,0,0.000000,0.000000,0.000000,0.000000,1.000000,0.000000,1.000000,0.000000,0.000000,0.070000
1777189355.864058,0,0.000000,0.000000,0.000000,0.000000,1.000000,0.000000,1.000000,0.000000,0.000000,0.000000
1777189355.864452,0,0.000000,0.000000,0.000000,0.000000,1.000000,0.000000,1.000000,0.000000,0.070000,0.180000
1777189355.895439,0,0.000000,0.000000,0.000000,0.000000,1.000000,0.000000,1.000000,0.000000,0.070000,0.000000
1777189355.895983,0,0.000000,0.000000,0.000000,0.000000,1.000000,0.000000,1.000000,0.000000,0.000000,0.000000
1777189355.896398,0,0.000000,0.000000,0.000000,0.000000,1.000000,0.000000,1.000000,0.000000,0.000000,0.070000
1777189355.927281,0,0.000000,0.000000,0.000000,0.000000,1.000000,0.000000,1.000000,0.000000,0.000000,0.000000
1777189355.957499,0,0.000000,0.000000,0.000000,0.000000,1.000000,0.000000,1.000000,0.000000,0.000000,0.020000
1777189355.957994,0,0.000000,0.000000,0.000000,0.000000,1.000000,0.000000,1.000000,0.000000,0.000000,0.000000
1777189355.958524,0,0.000000,0.000000,0.000000,0.000000,1.000000,0.000000,1.000000,0.000000,0.000000,0.020000
1777189355.989774,0,0.000000,0.000000,0.000000,0.000000,1.000000,0.000000,1.000000,0.000000,0.070000,0.020000
1777189356.019975,0,0.000000,0.000000,0.000000,0.000000,1.000000,0.000000,1.000000,0.000000,0.070000,0.000000
1777189356.020475,0,0.000000,0.000000,0.000000,0.000000,1.000000,0.000000,0.050000,0.000000,0.070000,0.000000
1777189356.020866,0,0.000000,0.000000,0.000000,0.000000,1.000000,0.000000,0.570000,0.000000,0.000000,0.020000
1777189356.077991,0,0.000000,0.000000,0.000000,0.000000,1.000000,0.000000,1.000000,0.000000,0.070000,0.000000
1777189356.078642,0,0.000000,0.000000,0.000000,0.000000,1.000000,0.000000,1.000000,0.000000,0.070000,0.000000
1777189356.079273,0,0.000000,0.000000,0.000000,0.000000,1.000000,0.000000,1.000000,0.000000,0.000000,0.000000
1777189356.079862,0,0.000000,0.000000,0.000000,0.000000,1.000000,0.000000,1.000000,0.000000,0.070000,0.020000
1777189356.110413,0,0.000000,0.000000,0.000000,0.000000,1.000000,0.000000,1.000000,0.000000,0.000000,0.020000
1777189356.111038,0,0.000000,0.000000,0.000000,0.000000,1.000000,0.000000,1.000000,0.000000,0.140000,0.000000
1777189356.141293,0,0.000000,0.000000,0.000000,0.000000,1.000000,0.000000,1.000000,0.000000,0.000000,0.020000
1777189356.141780,0,0.000000,0.000000,0.000000,0.000000,1.000000,0.000000,1.000000,0.000000,0.000000,0.000000
1777189356.199536,0,0.000000,0.000000,0.000000,0.000000,0.270000,0.000000,1.000000,0.000000,0.140000,0.000000
1777189356.200047,0,0.000000,0.000000,0.000000,0.000000,0.610000,0.000000,1.000000,0.000000,0.140000,0.000000
1777189356.200443,0,0.000000,0.000000,0.000000,0.000000,0.930000,0.000000,1.000000,0.000000,0.070000,0.000000
1777189356.200878,0,0.000000,0.000000,0.000000,0.000000,1.000000,0.000000,1.000000,0.000000,0.070000,0.020000
1777189356.201267,0,0.000000,0.000000,0.000000,0.000000,1.000000,0.000000,1.000000,0.000000,0.000000,0.000000
1777189356.257191,0,0.000000,0.000000,0.000000,0.000000,1.000000,0.000000,1.000000,0.000000,0.000000,0.000000
1777189356.257725,0,0.000000,0.000000,0.000000,0.000000,1.000000,0.000000,1.000000,0.000000,0.000000,0.000000
1777189356.258348,0,0.000000,0.000000,0.000000,0.000000,1.000000,0.000000,0.000000,0.000000,0.000000,0.560000
1777189356.258810,0,0.000000,0.000000,0.000000,0.000000,1.000000,0.000000,0.500000,0.000000,0.070000,0.000000
1777189356.313676,0,0.000000,0.000000,0.000000,0.000000,1.000000,0.000000,1.000000,0.000000,0.000000,0.000000
1777189356.314189,0,0.000000,0.000000,0.000000,0.000000,1.000000,0.000000,1.000000,0.000000,0.000000,0.070000
1777189356.314794,0,0.000000,0.000000,0.000000,0.000000,1.000000,0.000000,1.000000,0.000000,0.000000,0.020000
1777189356.315263,0,0.000000,0.000000,0.000000,0.000000,1.000000,0.000000,1.000000,0.000000,0.000000,0.020000
1777189356.372387,0,0.000000,0.000000,0.000000,0.000000,1.000000,0.000000,1.000000,0.000000,0.000000,0.070000
1777189356.373091,0,0.000000,0.000000,0.000000,0.000000,0.140000,0.000000,1.000000,0.000000,0.140000,0.000000
1777189356.373516,0,0.000000,0.000000,0.000000,0.000000,0.460000,0.000000,1.000000,0.000000,0.140000,0.100000
1777189356.373903,0,0.000000,0.000000,0.000000,0.000000,0.800000,0.000000,1.000000,0.000000,0.000000,0.020000
1777189356.429784,0,0.000000,0.000000,0.000000,0.000000,1.000000,0.000000,1.000000,0.000000,0.000000,0.000000
1777189356.430496,0,0.000000,0.000000,0.000000,0.000000,1.000000,0.000000,1.000000,0.000000,0.070000,0.000000
1777189356.430981,0,0.000000,0.000000,0.000000,0.000000,1.000000,0.000000,1.000000,0.000000,0.000000,0.100000
1777189356.486482,0,0.000000,0.000000,0.000000,0.000000,1.000000,0.000000,1.000000,0.000000,0.000000,0.020000
1777189356.486999,0,0.000000,0.000000,0.000000,0.000000,1.000000,0.000000,0.050000,0.000000,0.070000,0.020000
1777189356.487645,0,0.000000,0.000000,0.000000,0.000000,1.000000,0.000000,0.540000,0.000000,0.000000,0.000000
1777189356.543943,0,0.000000,0.000000,0.000000,0.000000,1.000000,0.000000,1.000000,0.000000,0.070000,0.150000
1777189356.544487,0,0.000000,0.000000,0.000000,0.000000,1.000000,0.000000,1.000000,0.000000,0.000000,0.000000
1777189356.544932,0,0.000000,0.000000,0.000000,0.000000,0.140000,0.000000,1.000000,0.000000,0.070000,0.000000
1777189356.545706,0,0.000000,0.000000,0.000000,0.000000,0.470000,0.000000,1.000000,0.000000,0.140000,0.000000
1777189356.609134,0,0.000000,0.000000,0.000000,0.000000,0.800000,0.000000,1.000000,0.000000,0.000000,0.000000
1777189356.609676,0,0.000000,0.000000,0.000000,0.000000,1.000000,0.000000,1.000000,0.000000,0.000000,0.070000
1777189356.610084,0,0.000000,0.000000,0.000000,0.000000,1.000000,0.000000,1.000000,0.000000,0.000000,0.000000
1777189356.610806,0,0.000000,0.000000,0.000000,0.000000,1.000000,0.000000,0.050000,0.000000,0.000000,0.000000
1777189356.611234,0,0.000000,0.000000,0.000000,0.000000,1.000000,0.000000,0.500000,0.000000,0.000000,0.020000
1777189356.666919,0,0.000000,0.000000,0.000000,0.000000,1.000000,0.000000,1.000000,0.000000,0.000000,0.000000
1777189356.667456,0,0.000000,0.000000,0.000000,0.000000,1.000000,0.000000,1.000000,0.000000,0.070000,0.000000
1777189356.668216,0,0.000000,0.000000,0.000000,0.000000,1.000000,0.000000,1.000000,0.000000,0.210000,0.020000
1777189356.726408,0,0.000000,0.000000,0.000000,0.000000,1.000000,0.000000,1.000000,0.000000,0.070000,0.000000
1777189356.726923,0,0.000000,0.000000,0.000000,0.000000,1.000000,0.000000,1.000000,0.000000,0.000000,0.000000
1777189356.727316,0,0.000000,0.000000,0.000000,0.000000,1.000000,0.000000,1.000000,0.000000,0.000000,0.020000
1777189356.728270,0,0.000000,0.000000,0.000000,0.000000,1.000000,0.000000,1.000000,0.000000,0.000000,0.150000
1777189356.728717,0,0.000000,0.000000,0.000000,0.000000,1.000000,0.000000,1.000000,0.000000,0.000000,0.000000
1777189356.785699,0,0.000000,0.000000,0.000000,0.000000,1.000000,0.000000,0.150000,0.000000,0.000000,0.100000
1777189356.786216,0,0.000000,0.000000,0.000000,0.000000,1.000000,0.000000,0.670000,0.000000,0.070000,0.000000
1777189356.786933,0,0.000000,0.000000,0.000000,0.000000,1.000000,0.000000,1.000000,0.000000,0.210000,0.020000
1777189356.787352,0,0.000000,0.000000,0.000000,0.000000,1.000000,0.000000,1.000000,0.000000,0.140000,0.000000
1777189356.843327,0,0.000000,0.000000,0.000000,0.000000,1.000000,0.000000,1.000000,0.000000,0.070000,0.000000
1777189356.844016,0,0.000000,0.000000,0.000000,0.000000,1.000000,0.000000,1.000000,0.000000,0.000000,0.020000
1777189356.844441,0,0.000000,0.000000,0.000000,0.000000,1.000000,0.000000,1.000000,0.000000,0.070000,0.020000
1777189356.899163,0,0.000000,0.000000,0.000000,0.000000,1.000000,0.000000,1.000000,0.000000,0.070000,0.000000
1777189356.899668,0,0.000000,0.000000,0.000000,0.000000,1.000000,0.000000,1.000000,0.000000,0.140000,0.000000
1777189356.900175,0,0.000000,0.000000,0.000000,0.000000,1.000000,0.000000,1.000000,0.000000,0.070000,0.000000
1777189356.900640,0,0.000000,0.000000,0.000000,0.000000,1.000000,0.000000,0.180000,0.000000,0.000000,0.000000
1777189356.956026,0,0.000000,0.000000,0.000000,0.000000,1.000000,0.000000,0.670000,0.000000,0.140000,0.000000
1777189356.956576,0,0.000000,0.000000,0.000000,0.000000,1.000000,0.000000,1.000000,0.000000,0.000000,0.020000
1777189356.957150,0,0.000000,0.000000,0.000000,0.000000,1.000000,0.000000,1.000000,0.000000,0.070000,0.000000
1777189357.012574,0,0.000000,0.000000,0.000000,0.000000,1.000000,0.000000,1.000000,0.000000,0.000000,0.020000
1777189357.013102,0,0.000000,0.000000,0.000000,0.000000,1.000000,0.000000,1.000000,0.000000,0.070000,0.000000
1777189357.013511,0,0.000000,0.000000,0.000000,0.000000,1.000000,0.000000,1.000000,0.000000,0.070000,0.020000
1777189357.014046,0,0.000000,0.000000,0.000000,0.000000,1.000000,0.000000,1.000000,0.000000,0.000000,0.000000
1777189357.070200,0,0.000000,0.000000,0.000000,0.000000,1.000000,0.000000,0.150000,0.000000,0.140000,0.000000
1777189357.070704,0,0.000000,0.000000,0.000000,0.000000,1.000000,0.000000,0.630000,0.000000,0.210000,0.000000
1777189357.071279,0,0.000000,0.000000,0.000000,0.000000,1.000000,0.000000,1.000000,0.000000,0.000000,0.000000
1777189357.071711,0,0.000000,0.000000,0.000000,0.000000,1.000000,0.000000,1.000000,0.000000,0.000000,0.020000
1777189357.127868,0,0.000000,0.000000,0.000000,0.000000,1.000000,0.000000,1.000000,0.000000,0.000000,0.000000
1777189357.128393,0,0.000000,0.000000,0.000000,0.000000,1.000000,0.000000,1.000000,0.000000,0.000000,0.000000
1777189357.129108,0,0.000000,0.000000,0.000000,0.000000,1.000000,0.000000,1.000000,0.000000,0.000000,0.000000
1777189357.185053,0,0.000000,0.000000,0.000000,0.000000,1.000000,0.000000,1.000000,0.000000,0.000000,0.020000
1777189357.185605,0,0.000000,0.000000,0.000000,0.000000,1.000000,0.000000,1.000000,0.000000,0.070000,0.000000
1777189357.186009,0,0.000000,0.000000,0.000000,0.000000,1.000000,0.000000,1.000000,0.000000,0.000000,0.150000
1777189357.186514,0,0.000000,0.000000,0.000000,0.000000,1.000000,0.000000,1.000000,0.000000,0.000000,0.000000
1777189357.243301,0,0.000000,0.000000,0.000000,0.000000,1.000000,0.000000,1.000000,0.000000,0.000000,0.070000
1777189357.243830,0,0.000000,0.000000,0.000000,0.000000,1.000000,0.000000,1.000000,0.000000,0.140000,0.020000
1777189357.244229,0,0.000000,0.000000,0.000000,0.000000,1.000000,0.000000,1.000000,0.000000,0.000000,0.000000
1777189357.245366,0,0.000000,0.000000,0.000000,0.000000,1.000000,0.000000,1.000000,0.000000,0.070000,0.000000
1777189357.245852,0,0.000000,0.000000,0.000000,0.000000,1.000000,0.000000,1.000000,0.000000,0.000000,0.000000
1777189357.304948,0,0.000000,0.000000,0.000000,0.000000,0.270000,0.000000,1.000000,0.000000,0.140000,0.020000
1777189357.305779,0,0.000000,0.000000,0.000000,0.000000,0.570000,0.000000,1.000000,0.000000,0.000000,0.020000
1777189357.306208,0,0.000000,0.000000,0.000000,0.000000,0.880000,0.000000,1.000000,0.000000,0.000000,0.000000
1777189357.306590,0,0.000000,0.000000,0.000000,0.000000,1.000000,0.000000,1.000000,0.000000,0.140000,0.000000
1777189357.363885,0,0.000000,0.000000,0.000000,0.000000,1.000000,0.000000,1.000000,0.000000,0.000000,0.000000
1777189357.364663,0,0.000000,0.000000,0.000000,0.000000,1.000000,0.000000,1.000000,0.000000,0.000000,0.000000
1777189357.365094,0,0.000000,0.000000,0.000000,0.000000,1.000000,0.000000,1.000000,0.000000,0.000000,0.020000
1777189357.421388,0,0.000000,0.000000,0.000000,0.000000,1.000000,0.000000,1.000000,0.000000,0.000000,0.020000
1777189357.422037,0,0.000000,0.000000,0.000000,0.000000,1.000000,0.000000,0.210000,0.000000,0.000000,0.020000
1777189357.422494,0,0.000000,0.000000,0.000000,0.000000,1.000000,0.000000,0.430000,0.000000,0.000000,0.000000
1777189357.452933,0,0.000000,0.000000,0.000000,0.000000,1.000000,0.000000,0.890000,0.000000,0.000000,0.000000
1777189357.484825,0,0.000000,0.000000,0.000000,0.000000,1.000000,0.000000,1.000000,0.000000,0.000000,0.000000
1777189357.485341,0,0.000000,0.000000,0.000000,0.000000,1.000000,0.000000,0.120000,0.000000,0.070000,0.020000
1777189357.485739,0,0.000000,0.000000,0.000000,0.000000,1.000000,0.000000,0.550000,0.000000,0.000000,0.020000
1777189357.516416,0,0.000000,0.000000,0.000000,0.000000,1.000000,0.000000,0.200000,0.000000,0.070000,0.000000
1777189357.547701,0,0.000000,0.000000,0.000000,0.000000,1.000000,0.000000,0.690000,0.000000,0.000000,0.000000
1777189357.548218,0,0.000000,0.000000,0.000000,0.000000,1.000000,0.000000,1.000000,0.000000,0.000000,0.020000
1777189357.581218,0,0.000000,0.000000,0.000000,0.000000,1.000000,0.000000,1.000000,0.000000,0.000000,0.020000
1777189357.581733,0,0.000000,0.000000,0.000000,0.000000,1.000000,0.000000,1.000000,0.000000,0.000000,0.000000
1777189357.582282,0,0.000000,0.000000,0.000000,0.000000,1.000000,0.000000,1.000000,0.000000,0.000000,0.000000
1777189357.612936,0,0.000000,0.000000,0.000000,0.000000,1.000000,0.000000,1.000000,0.000000,0.070000,0.020000
1777189357.613435,0,0.000000,0.000000,0.000000,0.000000,1.000000,0.000000,0.430000,0.000000,0.000000,0.020000
1777189357.646466,0,0.000000,0.000000,0.000000,0.000000,1.000000,0.000000,0.100000,0.000000,0.070000,0.150000
1777189357.646980,0,0.000000,0.000000,0.000000,0.000000,1.000000,0.000000,0.550000,0.000000,0.000000,0.000000
1777189357.677920,0,0.000000,0.000000,0.000000,0.000000,1.000000,0.000000,1.000000,0.000000,0.000000,0.000000
1777189357.678414,0,0.000000,0.000000,0.000000,0.000000,1.000000,0.000000,1.000000,0.000000,0.000000,0.020000
1777189357.708380,0,0.000000,0.000000,0.000000,0.000000,1.000000,0.000000,1.000000,0.000000,0.070000,0.000000
1777189357.708881,0,0.000000,0.000000,0.000000,0.000000,1.000000,0.000000,1.000000,0.000000,0.070000,0.020000
1777189357.709272,0,0.000000,0.000000,0.000000,0.000000,1.000000,0.000000,1.000000,0.000000,0.070000,0.000000
1777189357.740829,0,0.000000,0.000000,0.000000,0.000000,1.000000,0.000000,1.000000,0.000000,0.000000,0.000000
1777189357.775309,0,0.000000,0.000000,0.000000,0.000000,0.140000,0.000000,1.000000,0.000000,0.000000,0.000000
1777189357.806373,0,0.000000,0.000000,0.000000,0.000000,0.460000,0.000000,1.000000,0.000000,0.070000,0.020000
1777189357.806906,0,0.000000,0.000000,0.000000,0.000000,0.800000,0.000000,0.000000,0.000000,0.140000,0.250000
1777189357.807302,0,0.000000,0.000000,0.000000,0.000000,1.000000,0.000000,0.400000,0.000000,0.140000,0.000000
1777189357.807690,0,0.000000,0.000000,0.000000,0.000000,1.000000,0.000000,0.850000,0.000000,0.210000,0.000000
1777189357.839487,0,0.000000,0.000000,0.000000,0.000000,1.000000,0.000000,0.250000,0.000000,0.140000,0.180000
1777189357.840183,0,0.000000,0.000000,0.000000,0.000000,1.000000,0.000000,0.730000,0.000000,0.000000,0.020000
1777189357.872259,0,0.000000,0.000000,0.000000,0.000000,1.000000,0.000000,1.000000,0.000000,0.140000,0.000000
1777189357.872857,0,0.000000,0.000000,0.000000,0.000000,1.000000,0.000000,0.070000,0.000000,0.000000,0.000000
1777189357.903641,0,0.000000,0.000000,0.000000,0.000000,1.000000,0.000000,0.250000,0.000000,0.000000,0.000000
1777189357.904144,0,0.000000,0.000000,0.000000,0.000000,1.000000,0.000000,0.750000,0.000000,0.140000,0.020000
1777189357.935472,0,0.000000,0.000000,0.000000,0.000000,1.000000,0.000000,1.000000,0.000000,0.000000,0.070000
1777189357.935985,0,0.000000,0.000000,0.000000,0.000000,1.000000,0.000000,0.000000,0.000000,0.000000,0.370000
1777189357.966433,0,0.000000,0.000000,0.000000,0.000000,1.000000,0.000000,0.430000,0.000000,0.070000,0.000000
1777189357.967230,0,0.000000,0.000000,0.000000,0.000000,1.000000,0.000000,0.820000,0.000000,0.000000,0.100000
1777189357.997852,0,0.000000,0.000000,0.000000,0.000000,1.000000,0.000000,1.000000,0.000000,0.070000,0.000000
1777189357.998485,0,0.000000,0.000000,0.000000,0.000000,1.000000,0.000000,1.000000,0.000000,0.000000,0.000000
1777189358.029810,0,0.000000,0.000000,0.000000,0.000000,1.000000,0.000000,1.000000,0.000000,0.070000,0.000000
1777189358.030307,0,0.000000,0.000000,0.000000,0.000000,1.000000,0.000000,1.000000,0.000000,0.070000,0.020000
1777189358.060238,0,0.000000,0.000000,0.000000,0.000000,1.000000,0.000000,0.100000,0.000000,0.000000,0.020000
1777189358.060735,0,0.000000,0.000000,0.000000,0.000000,1.000000,0.000000,0.470000,0.000000,0.000000,0.000000
1777189358.061126,0,0.000000,0.000000,0.000000,0.000000,1.000000,0.000000,0.880000,0.000000,0.070000,0.150000
1777189358.091534,0,0.000000,0.000000,0.000000,0.000000,1.000000,0.000000,0.050000,0.000000,0.000000,0.020000
1777189358.123415,0,0.000000,0.000000,0.000000,0.000000,1.000000,0.000000,0.460000,0.000000,0.140000,0.000000
1777189358.123935,0,0.000000,0.000000,0.000000,0.000000,1.000000,0.000000,0.910000,0.000000,0.070000,0.000000
1777189358.154614,0,0.000000,0.000000,0.000000,0.000000,1.000000,0.000000,0.070000,0.000000,0.070000,0.000000
1777189358.155111,0,0.000000,0.000000,0.000000,0.000000,1.000000,0.000000,0.380000,0.000000,0.000000,0.000000
1777189358.188564,0,0.000000,0.000000,0.000000,0.000000,1.000000,0.000000,0.720000,0.000000,0.070000,0.000000
1777189358.189071,0,0.000000,0.000000,0.000000,0.000000,1.000000,0.000000,1.000000,0.000000,0.000000,0.020000
1777189358.189559,0,0.000000,0.000000,0.000000,0.000000,1.000000,0.000000,1.000000,0.000000,0.000000,0.020000
1777189358.216255,0,0.000000,0.000000,0.000000,0.000000,1.000000,0.000000,1.000000,0.000000,0.000000,0.000000
1777189358.217289,0,0.000000,0.000000,0.000000,0.000000,1.000000,0.000000,1.000000,0.000000,0.000000,0.020000
1777189358.225063,0,0.000000,0.000000,0.000000,0.000000,1.000000,0.000000,1.000000,0.000000,0.070000,0.000000
1777189358.231735,0,0.000000,0.000000,0.000000,0.000000,1.000000,0.000000,1.000000,0.000000,0.000000,0.150000
1777189358.247127,0,0.000000,0.000000,0.000000,0.000000,1.000000,0.000000,1.000000,0.000000,0.000000,0.000000
1777189358.248833,0,0.000000,0.000000,0.000000,0.000000,1.000000,0.000000,1.000000,0.000000,0.000000,0.070000
1777189358.271591,0,0.000000,0.000000,0.000000,0.000000,1.000000,0.000000,1.000000,0.000000,0.000000,0.070000
1777189358.277679,0,0.000000,0.000000,0.000000,0.000000,1.000000,0.000000,1.000000,0.000000,0.000000,0.000000
1777189358.300305,0,0.000000,0.000000,0.000000,0.000000,0.270000,0.000000,1.000000,0.000000,0.070000,0.150000
1777189358.316965,0,0.000000,0.000000,0.000000,0.000000,0.560000,0.000000,1.000000,0.000000,0.000000,0.000000
1777189358.323560,0,0.000000,0.000000,0.000000,0.000000,0.880000,0.000000,1.000000,0.000000,0.070000,0.000000
1777189358.345404,0,0.000000,0.000000,0.000000,0.000000,1.000000,0.000000,1.000000,0.000000,0.000000,0.000000
1777189358.351703,0,0.000000,0.000000,0.000000,0.000000,1.000000,0.000000,1.000000,0.000000,0.000000,0.150000
1777189358.368451,0,0.000000,0.000000,0.000000,0.000000,1.000000,0.000000,1.000000,0.000000,0.000000,0.020000
1777189358.383240,0,0.000000,0.000000,0.000000,0.000000,1.000000,0.000000,1.000000,0.000000,0.000000,0.000000
1777189358.405392,0,0.000000,0.000000,0.000000,0.000000,1.000000,0.000000,1.000000,0.000000,0.210000,0.100000
1777189358.421609,0,0.000000,0.000000,0.000000,0.000000,1.000000,0.000000,1.000000,0.000000,0.000000,0.000000
1777189358.436880,0,0.000000,0.000000,0.000000,0.000000,1.000000,0.000000,1.000000,0.000000,0.000000,0.000000
1777189358.451923,0,0.000000,0.000000,0.000000,0.000000,1.000000,0.000000,1.000000,0.000000,0.070000,0.070000
1777189358.467082,0,0.000000,0.000000,0.000000,0.000000,1.000000,0.000000,1.000000,0.000000,0.070000,0.070000
1777189358.482055,0,0.000000,0.000000,0.000000,0.000000,1.000000,0.000000,1.000000,0.000000,0.000000,0.000000
1777189358.502983,0,0.000000,0.000000,0.000000,0.000000,1.000000,0.000000,1.000000,0.000000,0.000000,0.070000
1777189358.509804,0,0.000000,0.000000,0.000000,0.000000,1.000000,0.000000,1.000000,0.000000,0.000000,0.000000
1777189358.524789,0,0.000000,0.000000,0.000000,0.000000,1.000000,0.000000,1.000000,0.000000,0.070000,0.000000
1777189358.532203,0,0.000000,0.000000,0.000000,0.000000,1.000000,0.000000,1.000000,0.000000,0.000000,0.020000
1777189358.548056,0,0.000000,0.000000,0.000000,0.000000,1.000000,0.000000,1.000000,0.000000,0.070000,0.000000
1777189358.571244,0,0.000000,0.000000,0.000000,0.000000,1.000000,0.000000,1.000000,0.000000,0.070000,0.000000
1777189358.584551,0,0.000000,0.000000,0.000000,0.000000,1.000000,0.000000,1.000000,0.000000,0.000000,0.020000
1777189358.606987,0,0.000000,0.000000,0.000000,0.000000,1.000000,0.000000,1.000000,0.000000,0.070000,0.000000
1777189358.613929,0,0.000000,0.000000,0.000000,0.000000,1.000000,0.000000,1.000000,0.000000,0.070000,0.000000
1777189358.637294,0,0.000000,0.000000,0.000000,0.000000,1.000000,0.000000,1.000000,0.000000,0.000000,0.020000
1777189358.645787,0,0.000000,0.000000,0.000000,0.000000,0.010000,0.000000,1.000000,0.000000,0.000000,0.070000
1777189358.663522,0,0.000000,0.000000,0.000000,0.000000,0.340000,0.000000,1.000000,0.000000,0.070000,0.000000
1777189358.674879,0,0.000000,0.000000,0.000000,0.000000,0.640000,0.000000,0.030000,0.000000,0.070000,0.000000
1777189358.690724,0,0.000000,0.000000,0.000000,0.000000,0.970000,0.000000,0.340000,0.000000,0.000000,0.020000
1777189358.697245,0,0.000000,0.000000,0.000000,0.000000,1.000000,0.000000,0.660000,0.000000,0.000000,0.070000
1777189358.720985,0,0.000000,0.000000,0.000000,0.000000,1.000000,0.000000,1.000000,0.000000,0.000000,0.020000
1777189358.734951,0,0.000000,0.000000,0.000000,0.000000,1.000000,0.000000,1.000000,0.000000,0.070000,0.000000
1777189358.758431,0,0.000000,0.000000,0.000000,0.000000,1.000000,0.000000,1.000000,0.000000,0.070000,0.000000
1777189358.760281,0,0.000000,0.000000,0.000000,0.000000,1.000000,0.000000,1.000000,0.000000,0.070000,0.020000
1777189358.781716,0,0.000000,0.000000,0.000000,0.000000,1.000000,0.000000,1.000000,0.000000,0.070000,0.070000
1777189358.796362,0,0.000000,0.000000,0.000000,0.000000,1.000000,0.000000,1.000000,0.000000,0.070000,0.070000
1777189358.818423,0,0.000000,0.000000,0.000000,0.000000,1.000000,0.000000,1.000000,0.000000,0.000000,0.070000
1777189358.832176,0,0.000000,0.000000,0.000000,0.000000,1.000000,0.000000,1.000000,0.000000,0.070000,0.180000
1777189358.834220,0,0.000000,0.000000,0.000000,0.000000,1.000000,0.000000,1.000000,0.000000,0.000000,0.100000
1777189358.860898,0,0.000000,0.000000,0.000000,0.000000,1.000000,0.000000,1.000000,0.000000,0.000000,0.020000
1777189358.877774,0,0.000000,0.000000,0.000000,0.000000,1.000000,0.000000,1.000000,0.000000,0.000000,0.020000
1777189358.893268,0,0.000000,0.000000,0.000000,0.000000,1.000000,0.000000,1.000000,0.000000,0.070000,0.000000
1777189358.907571,0,0.000000,0.000000,0.000000,0.000000,1.000000,0.000000,1.000000,0.000000,0.000000,0.150000
1777189358.923524,0,0.000000,0.000000,0.000000,0.000000,1.000000,0.000000,1.000000,0.000000,0.070000,0.070000
1777189358.930794,0,0.000000,0.000000,0.000000,0.000000,1.000000,0.000000,1.000000,0.000000,0.070000,0.070000
1777189358.946378,0,0.000000,0.000000,0.000000,0.000000,1.000000,0.000000,1.000000,0.000000,0.070000,0.150000
1777189358.977342,0,0.000000,0.000000,0.000000,0.000000,1.000000,0.000000,1.000000,0.000000,0.070000,0.000000
1777189358.979719,0,0.000000,0.000000,0.000000,0.000000,1.000000,0.000000,1.000000,0.000000,0.070000,0.000000
1777189358.990239,0,0.000000,0.000000,0.000000,0.000000,1.000000,0.000000,1.000000,0.000000,0.070000,0.000000
1777189359.013877,0,0.000000,0.000000,0.000000,0.000000,1.000000,0.000000,1.000000,0.000000,0.140000,0.000000
1777189359.028729,0,0.000000,0.000000,0.000000,0.000000,1.000000,0.000000,1.000000,0.000000,0.000000,0.020000
1777189359.043089,0,0.000000,0.000000,0.000000,0.000000,1.000000,0.000000,1.000000,0.000000,0.000000,0.000000
1777189359.059802,0,0.000000,0.000000,0.000000,0.000000,1.000000,0.000000,1.000000,0.000000,0.070000,0.020000
1777189359.082034,0,0.000000,0.000000,0.000000,0.000000,1.000000,0.000000,1.000000,0.000000,0.000000,0.000000
1777189359.088823,0,0.000000,0.000000,0.000000,0.000000,1.000000,0.000000,1.000000,0.000000,0.000000,0.000000
1777189359.125229,0,0.000000,0.000000,0.000000,0.000000,1.000000,0.000000,1.000000,0.000000,0.000000,0.070000
1777189359.127101,0,0.000000,0.000000,0.000000,0.000000,1.000000,0.000000,1.000000,0.000000,0.210000,0.000000
1777189359.127755,0,0.000000,0.000000,0.000000,0.000000,1.000000,0.000000,1.000000,0.000000,0.140000,0.020000
1777189359.147531,0,0.000000,0.000000,0.000000,0.000000,1.000000,0.000000,1.000000,0.000000,0.000000,0.000000
1777189359.162071,0,0.000000,0.000000,0.000000,0.000000,1.000000,0.000000,1.000000,0.000000,0.000000,0.070000
1777189359.176827,0,0.000000,0.000000,0.000000,0.000000,1.000000,0.000000,0.010000,0.000000,0.000000,0.000000
1777189359.200321,0,0.000000,0.000000,0.000000,0.000000,1.000000,0.000000,0.340000,0.000000,0.000000,0.070000
1777189359.203202,0,0.000000,0.000000,0.000000,0.000000,1.000000,0.000000,0.660000,0.000000,0.000000,0.000000
1777189359.214883,0,0.000000,0.000000,0.000000,0.000000,1.000000,0.000000,0.940000,0.000000,0.000000,0.020000
1777189359.245559,0,0.000000,0.000000,0.000000,0.000000,1.000000,0.000000,1.000000,0.000000,0.000000,0.000000
1777189359.253155,0,0.000000,0.000000,0.000000,0.000000,1.000000,0.000000,1.000000,0.000000,0.140000,0.000000
1777189359.269023,0,0.000000,0.000000,0.000000,0.000000,1.000000,0.000000,1.000000,0.000000,0.000000,0.000000
1777189359.275826,0,0.000000,0.000000,0.000000,0.000000,1.000000,0.000000,1.000000,0.000000,0.000000,0.070000
1777189359.306595,0,0.000000,0.000000,0.000000,0.000000,1.000000,0.000000,1.000000,0.000000,0.070000,0.000000
1777189359.313540,0,0.000000,0.000000,0.000000,0.000000,1.000000,0.000000,1.000000,0.000000,0.070000,0.020000
1777189359.335642,0,0.000000,0.000000,0.000000,0.000000,1.000000,0.000000,0.050000,0.000000,0.000000,0.000000
1777189359.337915,0,0.000000,0.000000,0.000000,0.000000,1.000000,0.000000,0.370000,0.000000,0.000000,0.020000
1777189359.358554,0,0.000000,0.000000,0.000000,0.000000,1.000000,0.000000,0.680000,0.000000,0.210000,0.000000
1777189359.380455,0,0.000000,0.000000,0.000000,0.000000,1.000000,0.000000,1.000000,0.000000,0.070000,0.000000
1777189359.396326,0,0.000000,0.000000,0.000000,0.000000,1.000000,0.000000,1.000000,0.000000,0.070000,0.000000
1777189359.404386,0,0.000000,0.000000,0.000000,0.000000,1.000000,0.000000,1.000000,0.000000,0.000000,0.000000
1777189359.434428,0,0.000000,0.000000,0.000000,0.000000,1.000000,0.000000,1.000000,0.000000,0.070000,0.000000
1777189359.437161,0,0.000000,0.000000,0.000000,0.000000,1.000000,0.000000,0.180000,0.000000,0.000000,0.020000
1777189359.456376,0,0.000000,0.000000,0.000000,0.000000,1.000000,0.000000,0.500000,0.000000,0.000000,0.180000
1777189359.462966,0,0.000000,0.000000,0.000000,0.000000,1.000000,0.000000,0.820000,0.000000,0.000000,0.000000
1777189359.481961,0,0.000000,0.000000,0.000000,0.000000,1.000000,0.000000,1.000000,0.000000,0.070000,0.100000
1777189359.501559,0,0.000000,0.000000,0.000000,0.000000,1.000000,0.000000,1.000000,0.000000,0.070000,0.020000
1777189359.508683,0,0.000000,0.000000,0.000000,0.000000,1.000000,0.000000,1.000000,0.000000,0.000000,0.020000
1777189359.531571,0,0.000000,0.000000,0.000000,0.000000,1.000000,0.000000,1.000000,0.000000,0.070000,0.020000
1777189359.545521,0,0.000000,0.000000,0.000000,0.000000,1.000000,0.000000,1.000000,0.000000,0.070000,0.100000
1777189359.551703,0,0.000000,0.000000,0.000000,0.000000,1.000000,0.000000,0.070000,0.000000,0.070000,0.000000
1777189359.567678,0,0.000000,0.000000,0.000000,0.000000,1.000000,0.000000,0.380000,0.000000,0.000000,0.020000
1777189359.581759,0,0.000000,0.000000,0.000000,0.000000,1.000000,0.000000,0.720000,0.000000,0.000000,0.020000
1777189359.612501,0,0.000000,0.000000,0.000000,0.000000,1.000000,0.000000,1.000000,0.000000,0.070000,0.000000
1777189359.620532,0,0.000000,0.000000,0.000000,0.000000,1.000000,0.000000,1.000000,0.000000,0.000000,0.000000
1777189359.629228,0,0.000000,0.000000,0.000000,0.000000,1.000000,0.000000,1.000000,0.000000,0.000000,0.000000
1777189359.650184,0,0.000000,0.000000,0.000000,0.000000,1.000000,0.000000,0.180000,0.000000,0.000000,0.000000
1777189359.664924,0,0.000000,0.000000,0.000000,0.000000,1.000000,0.000000,0.440000,0.000000,0.000000,0.020000
1777189359.704072,0,0.000000,0.000000,0.000000,0.000000,1.000000,0.000000,0.700000,0.000000,0.070000,0.000000
1777189359.704597,0,0.000000,0.000000,0.000000,0.000000,1.000000,0.000000,0.930000,0.000000,0.000000,0.000000
1777189359.704998,0,0.000000,0.000000,0.000000,0.000000,1.000000,0.000000,1.000000,0.000000,0.000000,0.000000
1777189359.725801,0,0.000000,0.000000,0.000000,0.000000,1.000000,0.000000,1.000000,0.000000,0.070000,0.000000
1777189359.755359,0,0.000000,0.000000,0.000000,0.000000,1.000000,0.000000,1.000000,0.000000,0.070000,0.000000
1777189359.763232,0,0.000000,0.000000,0.000000,0.000000,1.000000,0.000000,1.000000,0.000000,0.000000,0.000000
1777189359.764492,0,0.000000,0.000000,0.000000,0.000000,1.000000,0.000000,1.000000,0.000000,0.000000,0.000000
1777189359.786927,0,0.000000,0.000000,0.000000,0.000000,1.000000,0.000000,1.000000,0.000000,0.000000,0.020000
1777189359.807945,0,0.000000,0.000000,0.000000,0.000000,1.000000,0.000000,0.000000,0.000000,0.000000,0.440000
1777189359.814618,0,0.000000,0.000000,0.000000,0.000000,1.000000,0.000000,0.270000,0.000000,0.070000,0.000000
1777189359.829940,0,0.000000,0.000000,0.000000,0.000000,1.000000,0.000000,0.180000,0.000000,0.000000,0.000000
1777189359.837541,0,0.000000,0.000000,0.000000,0.000000,1.000000,0.000000,0.500000,0.000000,0.000000,0.000000
1777189359.853434,0,0.000000,0.000000,0.000000,0.000000,1.000000,0.000000,0.770000,0.000000,0.000000,0.020000
1777189359.874851,0,0.000000,0.000000,0.000000,0.000000,1.000000,0.000000,1.000000,0.000000,0.000000,0.020000
1777189359.890093,0,0.000000,0.000000,0.000000,0.000000,1.000000,0.000000,1.000000,0.000000,0.070000,0.020000
1777189359.906108,0,0.000000,0.000000,0.000000,0.000000,1.000000,0.000000,0.030000,0.000000,0.070000,0.000000
1777189359.913481,0,0.000000,0.000000,0.000000,0.000000,1.000000,0.000000,0.280000,0.000000,0.000000,0.070000
1777189359.944855,0,0.000000,0.000000,0.000000,0.000000,1.000000,0.000000,0.540000,0.000000,0.070000,0.000000
1777189359.947938,0,0.000000,0.000000,0.000000,0.000000,1.000000,0.000000,0.800000,0.000000,0.140000,0.000000
1777189359.966679,0,0.000000,0.000000,0.000000,0.000000,1.000000,0.000000,1.000000,0.000000,0.000000,0.000000
1777189359.981408,0,0.000000,0.000000,0.000000,0.000000,1.000000,0.000000,1.000000,0.000000,0.000000,0.000000
1777189359.998837,0,0.000000,0.000000,0.000000,0.000000,1.000000,0.000000,1.000000,0.000000,0.000000,0.020000
1777189360.002030,0,0.000000,0.000000,0.000000,0.000000,1.000000,0.000000,1.000000,0.000000,0.070000,0.020000
1777189360.019782,0,0.000000,0.000000,0.000000,0.000000,1.000000,0.000000,1.000000,0.000000,0.000000,0.000000
1777189360.041121,0,0.000000,0.000000,0.000000,0.000000,1.000000,0.000000,1.000000,0.000000,0.000000,0.000000
1777189360.056956,0,0.000000,0.000000,0.000000,0.000000,1.000000,0.000000,1.000000,0.000000,0.140000,0.000000
1777189360.072818,0,0.000000,0.000000,0.000000,0.000000,1.000000,0.000000,1.000000,0.000000,0.070000,0.020000
1777189360.101492,0,0.000000,0.000000,0.000000,0.000000,1.000000,0.000000,1.000000,0.000000,0.210000,0.100000
1777189360.102550,0,0.000000,0.000000,0.000000,0.000000,1.000000,0.000000,1.000000,0.000000,0.000000,0.000000
1777189360.116988,0,0.000000,0.000000,0.000000,0.000000,1.000000,0.000000,1.000000,0.000000,0.070000,0.020000
1777189360.137335,0,0.000000,0.000000,0.000000,0.000000,1.000000,0.000000,1.000000,0.000000,0.000000,0.000000
1777189360.159269,0,0.000000,0.000000,0.000000,0.000000,1.000000,0.000000,1.000000,0.000000,0.070000,0.000000
1777189360.166640,0,0.000000,0.000000,0.000000,0.000000,1.000000,0.000000,0.050000,0.000000,0.070000,0.000000
1777189360.174343,0,0.000000,0.000000,0.000000,0.000000,1.000000,0.000000,0.280000,0.000000,0.070000,0.000000
1777189360.197192,0,0.000000,0.000000,0.000000,0.000000,1.000000,0.000000,0.540000,0.000000,0.000000,0.000000
1777189360.203945,0,0.000000,0.000000,0.000000,0.000000,1.000000,0.000000,0.760000,0.000000,0.000000,0.020000
1777189360.219681,0,0.000000,0.000000,0.000000,0.000000,1.000000,0.000000,1.000000,0.000000,0.140000,0.070000
1777189360.236058,0,0.000000,0.000000,0.000000,0.000000,1.000000,0.000000,1.000000,0.000000,0.000000,0.000000
1777189360.259721,0,0.000000,0.000000,0.000000,0.000000,1.000000,0.000000,1.000000,0.000000,0.070000,0.020000
1777189360.266187,0,0.000000,0.000000,0.000000,0.000000,1.000000,0.000000,1.000000,0.000000,0.000000,0.000000
1777189360.288593,0,0.000000,0.000000,0.000000,0.000000,1.000000,0.000000,1.000000,0.000000,0.070000,0.070000
1777189360.295694,0,0.000000,0.000000,0.000000,0.000000,0.180000,0.000000,1.000000,0.000000,0.000000,0.020000
1777189360.319771,0,0.000000,0.000000,0.000000,0.000000,0.510000,0.000000,0.100000,0.000000,0.000000,0.000000
1777189360.324991,0,0.000000,0.000000,0.000000,0.000000,0.870000,0.000000,0.300000,0.000000,0.070000,0.000000
1777189360.357553,0,0.000000,0.000000,0.000000,0.000000,1.000000,0.000000,0.470000,0.000000,0.000000,0.000000
1777189360.360250,0,0.000000,0.000000,0.000000,0.000000,1.000000,0.000000,0.670000,0.000000,0.000000,0.000000
1777189360.371430,0,0.000000,0.000000,0.000000,0.000000,1.000000,0.000000,0.850000,0.000000,0.210000,0.020000
1777189360.386156,0,0.000000,0.000000,0.000000,0.000000,1.000000,0.000000,1.000000,0.000000,0.000000,0.000000
1777189360.401922,0,0.000000,0.000000,0.000000,0.000000,1.000000,0.000000,1.000000,0.000000,0.000000,0.000000
1777189360.423045,0,0.000000,0.000000,0.000000,0.000000,1.000000,0.000000,1.000000,0.000000,0.000000,0.000000
1777189360.429835,0,0.000000,0.000000,0.000000,0.000000,1.000000,0.000000,1.000000,0.000000,0.070000,0.000000
1777189360.459711,0,0.000000,0.000000,0.000000,0.000000,1.000000,0.000000,1.000000,0.000000,0.000000,0.000000
1777189360.468357,0,0.000000,0.000000,0.000000,0.000000,1.000000,0.000000,1.000000,0.000000,0.000000,0.000000
1777189360.483187,0,0.000000,0.000000,0.000000,0.000000,1.000000,0.000000,1.000000,0.000000,0.070000,0.000000
1777189360.498763,0,0.000000,0.000000,0.000000,0.000000,1.000000,0.000000,1.000000,0.000000,0.070000,0.000000
1777189360.505471,0,0.000000,0.000000,0.000000,0.000000,1.000000,0.000000,0.020000,0.000000,0.070000,0.000000
1777189360.529488,0,0.000000,0.000000,0.000000,0.000000,1.000000,0.000000,0.140000,0.000000,0.070000,0.020000
1777189360.543135,0,0.000000,0.000000,0.000000,0.000000,1.000000,0.000000,0.230000,0.000000,0.070000,0.020000
1777189360.558045,0,0.000000,0.000000,0.000000,0.000000,1.000000,0.000000,0.340000,0.000000,0.000000,0.020000
1777189360.576662,0,0.000000,0.000000,0.000000,0.000000,1.000000,0.000000,0.440000,0.000000,0.140000,0.000000
1777189360.597413,0,0.000000,0.000000,0.000000,0.000000,1.000000,0.000000,0.550000,0.000000,0.000000,0.020000
1777189360.598654,0,0.000000,0.000000,0.000000,0.000000,1.000000,0.000000,0.660000,0.000000,0.000000,0.000000
1777189360.609446,0,0.000000,0.000000,0.000000,0.000000,1.000000,0.000000,0.760000,0.000000,0.070000,0.000000
1777189360.632677,0,0.000000,0.000000,0.000000,0.000000,1.000000,0.000000,0.870000,0.000000,0.000000,0.070000
1777189360.653568,0,0.000000,0.000000,0.000000,0.000000,1.000000,0.000000,0.980000,0.000000,0.000000,0.020000
1777189360.654985,0,0.000000,0.000000,0.000000,0.000000,1.000000,0.000000,1.000000,0.000000,0.070000,0.000000
1777189360.670012,0,0.000000,0.000000,0.000000,0.000000,0.070000,0.000000,1.000000,0.000000,0.070000,0.000000
1777189360.699737,0,0.000000,0.000000,0.000000,0.000000,0.000000,0.000000,1.000000,0.000000,0.430000,0.000000
1777189360.715939,0,0.000000,0.000000,0.000000,0.000000,0.340000,0.000000,1.000000,0.000000,0.000000,0.000000
1777189360.722899,0,0.000000,0.000000,0.000000,0.000000,0.680000,0.000000,1.000000,0.000000,0.070000,0.180000
1777189360.732792,0,0.000000,0.000000,0.000000,0.000000,1.000000,0.000000,1.000000,0.000000,0.000000,0.020000
1777189360.746567,0,0.000000,0.000000,0.000000,0.000000,1.000000,0.000000,1.000000,0.000000,0.000000,0.020000
1777189360.768773,0,0.000000,0.000000,0.000000,0.000000,1.000000,0.000000,0.030000,0.000000,0.070000,0.000000
1777189360.783271,0,0.000000,0.000000,0.000000,0.000000,1.000000,0.000000,0.110000,0.000000,0.000000,0.000000
1777189360.806571,0,0.000000,0.000000,0.000000,0.000000,1.000000,0.000000,0.200000,0.000000,0.070000,0.020000
1777189360.808157,0,0.000000,0.000000,0.000000,0.000000,1.000000,0.000000,0.000000,0.000000,0.140000,0.000000
1777189360.835486,0,0.000000,0.000000,0.000000,0.000000,1.000000,0.000000,0.100000,0.000000,0.070000,0.000000
1777189360.849978,0,0.000000,0.000000,0.000000,0.000000,1.000000,0.000000,0.180000,0.000000,0.000000,0.000000
1777189360.858266,0,0.000000,0.000000,0.000000,0.000000,1.000000,0.000000,0.270000,0.000000,0.070000,0.070000
1777189360.874153,0,0.000000,0.000000,0.000000,0.000000,1.000000,0.000000,0.360000,0.000000,0.140000,0.000000
1777189360.880079,0,0.000000,0.000000,0.000000,0.000000,1.000000,0.000000,0.430000,0.000000,0.070000,0.000000
1777189360.903628,0,0.000000,0.000000,0.000000,0.000000,1.000000,0.000000,0.510000,0.000000,0.000000,0.020000
1777189360.927143,0,0.000000,0.000000,0.000000,0.000000,1.000000,0.000000,0.620000,0.000000,0.000000,0.020000
1777189360.929942,0,0.000000,0.000000,0.000000,0.000000,1.000000,0.000000,0.700000,0.000000,0.000000,0.070000
1777189360.947392,0,0.000000,0.000000,0.000000,0.000000,1.000000,0.000000,0.800000,0.000000,0.000000,0.000000
1777189360.961835,0,0.000000,0.000000,0.000000,0.000000,1.000000,0.000000,0.880000,0.000000,0.000000,0.000000
1777189360.977275,0,0.000000,0.000000,0.000000,0.000000,1.000000,0.000000,0.980000,0.000000,0.140000,0.070000
1777189361.000633,0,0.000000,0.000000,0.000000,0.000000,1.000000,0.000000,1.000000,0.000000,0.000000,0.000000
1777189361.007789,0,0.000000,0.000000,0.000000,0.000000,1.000000,0.000000,1.000000,0.000000,0.070000,0.000000
1777189361.030931,0,0.000000,0.000000,0.000000,0.000000,1.000000,0.000000,1.000000,0.000000,0.000000,0.000000
1777189361.037752,0,0.000000,0.000000,0.000000,0.000000,1.000000,0.000000,1.000000,0.000000,0.070000,0.000000
1777189361.054186,0,0.000000,0.000000,0.000000,0.000000,1.000000,0.000000,1.000000,0.000000,0.000000,0.070000
1777189361.077178,0,0.000000,0.000000,0.000000,0.000000,1.000000,0.000000,1.000000,0.000000,0.070000,0.000000
1777189361.082623,0,0.000000,0.000000,0.000000,0.000000,1.000000,0.000000,1.000000,0.000000,0.000000,0.070000
1777189361.106697,0,0.000000,0.000000,0.000000,0.000000,1.000000,0.000000,1.000000,0.000000,0.070000,0.000000
1777189361.119459,0,0.000000,0.000000,0.000000,0.000000,1.000000,0.000000,1.000000,0.000000,0.000000,0.020000
1777189361.127067,0,0.000000,0.000000,0.000000,0.000000,1.000000,0.000000,1.000000,0.000000,0.000000,0.000000
1777189361.150360,0,0.000000,0.000000,0.000000,0.000000,1.000000,0.000000,1.000000,0.000000,0.000000,0.020000
1777189361.157801,0,0.000000,0.000000,0.000000,0.000000,0.100000,0.000000,0.030000,0.000000,0.070000,0.000000
1777189361.187958,0,0.000000,0.000000,0.000000,0.000000,0.440000,0.000000,0.100000,0.000000,0.210000,0.000000
1777189361.195079,0,0.000000,0.000000,0.000000,0.000000,0.790000,0.000000,0.180000,0.000000,0.140000,0.020000
1777189361.202920,0,0.000000,0.000000,0.000000,0.000000,1.000000,0.000000,0.230000,0.000000,0.070000,0.100000
1777189361.227163,0,0.000000,0.000000,0.000000,0.000000,1.000000,0.000000,0.310000,0.000000,0.070000,0.020000
1777189361.233216,0,0.000000,0.000000,0.000000,0.000000,1.000000,0.000000,0.370000,0.000000,0.000000,0.020000
1777189361.257066,0,0.000000,0.000000,0.000000,0.000000,1.000000,0.000000,0.460000,0.000000,0.070000,0.070000
1777189361.262849,0,0.000000,0.000000,0.000000,0.000000,1.000000,0.000000,0.510000,0.000000,0.070000,0.000000
1777189361.286538,0,0.000000,0.000000,0.000000,0.000000,1.000000,0.000000,0.000000,0.000000,0.000000,0.800000
1777189361.293550,0,0.000000,0.000000,0.000000,0.000000,1.000000,0.000000,0.090000,0.000000,0.140000,0.000000
1777189361.308447,0,0.000000,0.000000,0.000000,0.000000,1.000000,0.000000,0.170000,0.000000,0.000000,0.000000
1777189361.338707,0,0.000000,0.000000,0.000000,0.000000,1.000000,0.000000,0.270000,0.000000,0.070000,0.000000
1777189361.345233,0,0.000000,0.000000,0.000000,0.000000,1.000000,0.000000,0.340000,0.000000,0.140000,0.000000
1777189361.352934,0,0.000000,0.000000,0.000000,0.000000,1.000000,0.000000,0.000000,0.000000,0.000000,0.070000
1777189361.368724,0,0.000000,0.000000,0.000000,0.000000,1.000000,0.000000,0.070000,0.000000,0.070000,0.000000
1777189361.406052,0,0.000000,0.000000,0.000000,0.000000,1.000000,0.000000,0.170000,0.000000,0.000000,0.070000
1777189361.408591,0,0.000000,0.000000,0.000000,0.000000,1.000000,0.000000,0.250000,0.000000,0.000000,0.070000
1777189361.420933,0,0.000000,0.000000,0.000000,0.000000,1.000000,0.000000,0.340000,0.000000,0.070000,0.020000
1777189361.442964,0,0.000000,0.000000,0.000000,0.000000,1.000000,0.000000,0.430000,0.000000,0.000000,0.070000
1777189361.465240,0,0.000000,0.000000,0.000000,0.000000,1.000000,0.000000,0.510000,0.000000,0.000000,0.070000
1777189361.481042,0,0.000000,0.000000,0.000000,0.000000,1.000000,0.000000,0.030000,0.000000,0.000000,0.000000
1777189361.488066,0,0.000000,0.000000,0.000000,0.000000,1.000000,0.000000,0.000000,0.000000,0.000000,0.000000
1777189361.504257,0,0.000000,0.000000,0.000000,0.000000,1.000000,0.000000,0.170000,0.000000,0.000000,0.000000
1777189361.510685,0,0.000000,0.000000,0.000000,0.000000,1.000000,0.000000,0.330000,0.000000,0.070000,0.020000
1777189361.524903,0,0.000000,0.000000,0.000000,0.000000,1.000000,0.000000,0.010000,0.000000,0.000000,0.000000
1777189361.542832,0,0.000000,0.000000,0.000000,0.000000,1.000000,0.000000,0.230000,0.000000,0.000000,0.020000
1777189361.565132,0,0.000000,0.000000,0.000000,0.000000,1.000000,0.000000,0.430000,0.000000,0.000000,0.000000
1777189361.570216,0,0.000000,0.000000,0.000000,0.000000,1.000000,0.000000,0.630000,0.000000,0.140000,0.000000
1777189361.593126,0,0.000000,0.000000,0.000000,0.000000,1.000000,0.000000,0.850000,0.000000,0.000000,0.020000
1777189361.607666,0,0.000000,0.000000,0.000000,0.000000,1.000000,0.000000,1.000000,0.000000,0.000000,0.020000
1777189361.622143,0,0.000000,0.000000,0.000000,0.000000,1.000000,0.000000,1.000000,0.000000,0.000000,0.020000
1777189361.636429,0,0.000000,0.000000,0.000000,0.000000,1.000000,0.000000,1.000000,0.000000,0.070000,0.000000
1777189361.652074,0,0.000000,0.000000,0.000000,0.000000,0.000000,0.000000,1.000000,0.000000,0.280000,0.150000
1777189361.667202,0,0.000000,0.000000,0.000000,0.000000,0.310000,0.000000,1.000000,0.000000,0.070000,0.020000
1777189361.683185,0,0.000000,0.000000,0.000000,0.000000,0.680000,0.000000,1.000000,0.000000,0.000000,0.210000
1777189361.690216,0,0.000000,0.000000,0.000000,0.000000,1.000000,0.000000,1.000000,0.000000,0.070000,0.000000
1777189361.713404,0,0.000000,0.000000,0.000000,0.000000,1.000000,0.000000,1.000000,0.000000,0.140000,0.000000
1777189361.721932,0,0.000000,0.000000,0.000000,0.000000,1.000000,0.000000,1.000000,0.000000,0.070000,0.000000
1777189361.742584,0,0.000000,0.000000,0.000000,0.000000,1.000000,0.000000,1.000000,0.000000,0.000000,0.020000
1777189361.757734,0,0.000000,0.000000,0.000000,0.000000,1.000000,0.000000,1.000000,0.000000,0.000000,0.000000
1777189361.781298,0,0.000000,0.000000,0.000000,0.000000,1.000000,0.000000,1.000000,0.000000,0.000000,0.000000
1777189361.783938,0,0.000000,0.000000,0.000000,0.000000,1.000000,0.000000,0.110000,0.000000,0.140000,0.000000
1777189361.796711,0,0.000000,0.000000,0.000000,0.000000,1.000000,0.000000,0.310000,0.000000,0.140000,0.000000
1777189361.812591,0,0.000000,0.000000,0.000000,0.000000,1.000000,0.000000,0.510000,0.000000,0.140000,0.000000
1777189361.825952,0,0.000000,0.000000,0.000000,0.000000,1.000000,0.000000,0.730000,0.000000,0.000000,0.020000
1777189361.849119,0,0.000000,0.000000,0.000000,0.000000,0.180000,0.000000,0.920000,0.000000,0.070000,0.000000
1777189361.854979,0,0.000000,0.000000,0.000000,0.000000,0.500000,0.000000,1.000000,0.000000,0.070000,0.000000
1777189361.870993,0,0.000000,0.000000,0.000000,0.000000,0.830000,0.000000,1.000000,0.000000,0.000000,0.020000
1777189361.893427,0,0.000000,0.000000,0.000000,0.000000,1.000000,0.000000,1.000000,0.000000,0.000000,0.000000
1777189361.900002,0,0.000000,0.000000,0.000000,0.000000,1.000000,0.000000,0.010000,0.000000,0.000000,0.020000
1777189361.923745,0,0.000000,0.000000,0.000000,0.000000,1.000000,0.000000,0.180000,0.000000,0.000000,0.020000
1777189361.938373,0,0.000000,0.000000,0.000000,0.000000,1.000000,0.000000,0.340000,0.000000,0.000000,0.000000
1777189361.974993,0,0.000000,0.000000,0.000000,0.000000,1.000000,0.000000,0.510000,0.000000,0.000000,0.020000
1777189361.976278,0,0.000000,0.000000,0.000000,0.000000,1.000000,0.000000,0.680000,0.000000,0.000000,0.020000
1777189361.976853,0,0.000000,0.000000,0.000000,0.000000,1.000000,0.000000,0.870000,0.000000,0.000000,0.020000
1777189362.005234,0,0.000000,0.000000,0.000000,0.000000,1.000000,0.000000,1.000000,0.000000,0.000000,0.070000
1777189362.012757,0,0.000000,0.000000,0.000000,0.000000,1.000000,0.000000,1.000000,0.000000,0.000000,0.000000
1777189362.037326,0,0.000000,0.000000,0.000000,0.000000,1.000000,0.000000,1.000000,0.000000,0.000000,0.020000
1777189362.042369,0,0.000000,0.000000,0.000000,0.000000,1.000000,0.000000,1.000000,0.000000,0.000000,0.070000
1777189362.059552,0,0.000000,0.000000,0.000000,0.000000,1.000000,0.000000,1.000000,0.000000,0.000000,0.020000
1777189362.090116,0,0.000000,0.000000,0.000000,0.000000,1.000000,0.000000,1.000000,0.000000,0.000000,0.020000
1777189362.092878,0,0.000000,0.000000,0.000000,0.000000,1.000000,0.000000,1.000000,0.000000,0.000000,0.020000
1777189362.104379,0,0.000000,0.000000,0.000000,0.000000,1.000000,0.000000,1.000000,0.000000,0.140000,0.070000
1777189362.118930,0,0.000000,0.000000,0.000000,0.000000,1.000000,0.000000,1.000000,0.000000,0.000000,0.020000
1777189362.131481,0,0.000000,0.000000,0.000000,0.000000,1.000000,0.000000,1.000000,0.000000,0.000000,0.070000
1777189362.154636,0,0.000000,0.000000,0.000000,0.000000,1.000000,0.000000,1.000000,0.000000,0.000000,0.070000
1777189362.178373,0,0.000000,0.000000,0.000000,0.000000,1.000000,0.000000,1.000000,0.000000,0.000000,0.000000
1777189362.180302,0,0.000000,0.000000,0.000000,0.000000,1.000000,0.000000,1.000000,0.000000,0.000000,0.000000
1777189362.192799,0,0.000000,0.000000,0.000000,0.000000,1.000000,0.000000,1.000000,0.000000,0.070000,0.000000
1777189362.208550,0,0.000000,0.000000,0.000000,0.000000,1.000000,0.000000,1.000000,0.000000,0.000000,0.020000
1777189362.231504,0,0.000000,0.000000,0.000000,0.000000,1.000000,0.000000,1.000000,0.000000,0.000000,0.000000
1777189362.238193,0,0.000000,0.000000,0.000000,0.000000,1.000000,0.000000,1.000000,0.000000,0.000000,0.000000
1777189362.262028,0,0.000000,0.000000,0.000000,0.000000,1.000000,0.000000,1.000000,0.000000,0.070000,0.000000
1777189362.336925,0,0.000000,0.000000,0.000000,0.000000,1.000000,0.000000,1.000000,0.000000,0.000000,0.150000
1777189362.337456,0,0.000000,0.000000,0.000000,0.000000,1.000000,0.000000,1.000000,0.000000,0.070000,0.000000
1777189362.337862,0,0.000000,0.000000,0.000000,0.000000,1.000000,0.000000,1.000000,0.000000,0.070000,0.100000
1777189362.339003,0,0.000000,0.000000,0.000000,0.000000,1.000000,0.000000,1.000000,0.000000,0.000000,0.000000
1777189362.395711,0,0.000000,0.000000,0.000000,0.000000,1.000000,0.000000,0.030000,0.000000,0.000000,0.000000
1777189362.396250,0,0.000000,0.000000,0.000000,0.000000,1.000000,0.000000,0.200000,0.000000,0.070000,0.000000
1777189362.396654,0,0.000000,0.000000,0.000000,0.000000,1.000000,0.000000,0.360000,0.000000,0.070000,0.000000
1777189362.454796,0,0.000000,0.000000,0.000000,0.000000,1.000000,0.000000,0.500000,0.000000,0.000000,0.020000
1777189362.455339,0,0.000000,0.000000,0.000000,0.000000,1.000000,0.000000,0.670000,0.000000,0.070000,0.000000
1777189362.455748,0,0.000000,0.000000,0.000000,0.000000,1.000000,0.000000,0.070000,0.000000,0.000000,0.020000
1777189362.456131,0,0.000000,0.000000,0.000000,0.000000,1.000000,0.000000,0.250000,0.000000,0.070000,0.000000
1777189362.456731,0,0.000000,0.000000,0.000000,0.000000,1.000000,0.000000,0.000000,0.000000,0.070000,0.000000
1777189362.457193,0,0.000000,0.000000,0.000000,0.000000,1.000000,0.000000,0.200000,0.000000,0.000000,0.020000
1777189362.512947,0,0.000000,0.000000,0.000000,0.000000,1.000000,0.000000,0.400000,0.000000,0.070000,0.000000
1777189362.513637,0,0.000000,0.000000,0.000000,0.000000,1.000000,0.000000,0.610000,0.000000,0.070000,0.000000
1777189362.514301,0,0.000000,0.000000,0.000000,0.000000,1.000000,0.000000,0.810000,0.000000,0.070000,0.000000
1777189362.544074,0,0.000000,0.000000,0.000000,0.000000,1.000000,0.000000,1.000000,0.000000,0.000000,0.000000
1777189362.576234,0,0.000000,0.000000,0.000000,0.000000,1.000000,0.000000,1.000000,0.000000,0.000000,0.070000
1777189362.607290,0,0.000000,0.000000,0.000000,0.000000,1.000000,0.000000,1.000000,0.000000,0.070000,0.000000
1777189362.607810,0,0.000000,0.000000,0.000000,0.000000,1.000000,0.000000,1.000000,0.000000,0.210000,0.020000
1777189362.641897,0,0.000000,0.000000,0.000000,0.000000,1.000000,0.000000,1.000000,0.000000,0.070000,0.000000
1777189362.642395,0,0.000000,0.000000,0.000000,0.000000,1.000000,0.000000,1.000000,0.000000,0.070000,0.000000
1777189362.679594,0,0.000000,0.000000,0.000000,0.000000,1.000000,0.000000,1.000000,0.000000,0.070000,0.020000
1777189362.680097,0,0.000000,0.000000,0.000000,0.000000,1.000000,0.000000,1.000000,0.000000,0.140000,0.020000
1777189362.680492,0,0.000000,0.000000,0.000000,0.000000,1.000000,0.000000,1.000000,0.000000,0.140000,0.000000
1777189362.713772,0,0.000000,0.000000,0.000000,0.000000,1.000000,0.000000,1.000000,0.000000,0.000000,0.000000
1777189362.714289,0,0.000000,0.000000,0.000000,0.000000,1.000000,0.000000,1.000000,0.000000,0.000000,0.000000
1777189362.746193,0,0.000000,0.000000,0.000000,0.000000,1.000000,0.000000,1.000000,0.000000,0.000000,0.000000
1777189362.746710,0,0.000000,0.000000,0.000000,0.000000,1.000000,0.000000,1.000000,0.000000,0.070000,0.000000
1777189362.779382,0,0.000000,0.000000,0.000000,0.000000,1.000000,0.000000,1.000000,0.000000,0.000000,0.000000
1777189362.779881,0,0.000000,0.000000,0.000000,0.000000,1.000000,0.000000,1.000000,0.000000,0.070000,0.000000
1777189362.780338,0,0.000000,0.000000,0.000000,0.000000,1.000000,0.000000,1.000000,0.000000,0.000000,0.000000
1777189362.811691,0,0.000000,0.000000,0.000000,0.000000,1.000000,0.000000,1.000000,0.000000,0.000000,0.020000
1777189362.812253,0,0.000000,0.000000,0.000000,0.000000,1.000000,0.000000,1.000000,0.000000,0.000000,0.000000
1777189362.843116,0,0.000000,0.000000,0.000000,0.000000,1.000000,0.000000,1.000000,0.000000,0.000000,0.020000
1777189362.843621,0,0.000000,0.000000,0.000000,0.000000,1.000000,0.000000,1.000000,0.000000,0.070000,0.020000
1777189362.874596,0,0.000000,0.000000,0.000000,0.000000,1.000000,0.000000,1.000000,0.000000,0.000000,0.000000
1777189362.875121,0,0.000000,0.000000,0.000000,0.000000,1.000000,0.000000,1.000000,0.000000,0.000000,0.000000
1777189362.904600,0,0.000000,0.000000,0.000000,0.000000,1.000000,0.000000,1.000000,0.000000,0.000000,0.000000
1777189362.905108,0,0.000000,0.000000,0.000000,0.000000,1.000000,0.000000,1.000000,0.000000,0.070000,0.100000
1777189362.935312,0,0.000000,0.000000,0.000000,0.000000,1.000000,0.000000,1.000000,0.000000,0.000000,0.020000
1777189362.935842,0,0.000000,0.000000,0.000000,0.000000,1.000000,0.000000,1.000000,0.000000,0.000000,0.000000
1777189362.966093,0,0.000000,0.000000,0.000000,0.000000,0.250000,0.000000,1.000000,0.000000,0.000000,0.020000
1777189362.966605,0,0.000000,0.000000,0.000000,0.000000,0.570000,0.000000,1.000000,0.000000,0.000000,0.070000
1777189362.996537,0,0.000000,0.000000,0.000000,0.000000,0.940000,0.000000,1.000000,0.000000,0.000000,0.000000
1777189363.027750,0,0.000000,0.000000,0.000000,0.000000,1.000000,0.000000,0.100000,0.000000,0.140000,0.000000
1777189363.058498,0,0.000000,0.000000,0.000000,0.000000,1.000000,0.000000,0.310000,0.000000,0.000000,0.000000
1777189363.059032,0,0.000000,0.000000,0.000000,0.000000,1.000000,0.000000,0.500000,0.000000,0.000000,0.000000
1777189363.059446,0,0.000000,0.000000,0.000000,0.000000,1.000000,0.000000,0.700000,0.000000,0.000000,0.020000
1777189363.059864,0,0.000000,0.000000,0.000000,0.000000,1.000000,0.000000,0.910000,0.000000,0.070000,0.000000
1777189363.090289,0,0.000000,0.000000,0.000000,0.000000,1.000000,0.000000,1.000000,0.000000,0.070000,0.000000
1777189363.120525,0,0.000000,0.000000,0.000000,0.000000,1.000000,0.000000,1.000000,0.000000,0.000000,0.020000
1777189363.121030,0,0.000000,0.000000,0.000000,0.000000,1.000000,0.000000,1.000000,0.000000,0.000000,0.000000
1777189363.121425,0,0.000000,0.000000,0.000000,0.000000,1.000000,0.000000,1.000000,0.000000,0.000000,0.020000
1777189363.151398,0,0.000000,0.000000,0.000000,0.000000,1.000000,0.000000,1.000000,0.000000,0.000000,0.000000
1777189363.151909,0,0.000000,0.000000,0.000000,0.000000,1.000000,0.000000,1.000000,0.000000,0.000000,0.020000
1777189363.184309,0,0.000000,0.000000,0.000000,0.000000,1.000000,0.000000,1.000000,0.000000,0.070000,0.020000
1777189363.184824,0,0.000000,0.000000,0.000000,0.000000,1.000000,0.000000,1.000000,0.000000,0.000000,0.070000
1777189363.217953,0,0.000000,0.000000,0.000000,0.000000,1.000000,0.000000,1.000000,0.000000,0.070000,0.000000
1777189363.218590,0,0.000000,0.000000,0.000000,0.000000,1.000000,0.000000,1.000000,0.000000,0.000000,0.020000
1777189363.249768,0,0.000000,0.000000,0.000000,0.000000,1.000000,0.000000,1.000000,0.000000,0.070000,0.070000
1777189363.250464,0,0.000000,0.000000,0.000000,0.000000,1.000000,0.000000,0.050000,0.000000,0.000000,0.020000
1777189363.281378,0,0.000000,0.000000,0.000000,0.000000,1.000000,0.000000,0.250000,0.000000,0.000000,0.020000
1777189363.281880,0,0.000000,0.000000,0.000000,0.000000,1.000000,0.000000,0.460000,0.000000,0.000000,0.020000
1777189363.282364,0,0.000000,0.000000,0.000000,0.000000,1.000000,0.000000,0.640000,0.000000,0.070000,0.000000
1777189363.313257,0,0.000000,0.000000,0.000000,0.000000,1.000000,0.000000,0.850000,0.000000,0.070000,0.000000
1777189363.313777,0,0.000000,0.000000,0.000000,0.000000,1.000000,0.000000,1.000000,0.000000,0.070000,0.070000
1777189363.346657,0,0.000000,0.000000,0.000000,0.000000,1.000000,0.000000,1.000000,0.000000,0.070000,0.000000
1777189363.347158,0,0.000000,0.000000,0.000000,0.000000,1.000000,0.000000,1.000000,0.000000,0.000000,0.000000
1777189363.381526,0,0.000000,0.000000,0.000000,0.000000,1.000000,0.000000,1.000000,0.000000,0.140000,0.000000
1777189363.420106,0,0.000000,0.000000,0.000000,0.000000,1.000000,0.000000,0.120000,0.000000,0.070000,0.020000
1777189363.420616,0,0.000000,0.000000,0.000000,0.000000,1.000000,0.000000,0.310000,0.000000,0.000000,0.070000
1777189363.421012,0,0.000000,0.000000,0.000000,0.000000,1.000000,0.000000,0.500000,0.000000,0.000000,0.000000
1777189363.452275,0,0.000000,0.000000,0.000000,0.000000,1.000000,0.000000,0.680000,0.000000,0.140000,0.000000
1777189363.452780,0,0.000000,0.000000,0.000000,0.000000,1.000000,0.000000,0.870000,0.000000,0.070000,0.000000
1777189363.453251,0,0.000000,0.000000,0.000000,0.000000,1.000000,0.000000,0.120000,0.000000,0.070000,0.000000
1777189363.485445,0,0.000000,0.000000,0.000000,0.000000,1.000000,0.000000,0.020000,0.000000,0.070000,0.000000
1777189363.485950,0,0.000000,0.000000,0.000000,0.000000,1.000000,0.000000,0.070000,0.000000,0.000000,0.020000
1777189363.517226,0,0.000000,0.000000,0.000000,0.000000,1.000000,0.000000,0.500000,0.000000,0.070000,0.100000
1777189363.517742,0,0.000000,0.000000,0.000000,0.000000,1.000000,0.000000,0.930000,0.000000,0.000000,0.020000
1777189363.549832,0,0.000000,0.000000,0.000000,0.000000,0.200000,0.000000,1.000000,0.000000,0.070000,0.020000
1777189363.581980,0,0.000000,0.000000,0.000000,0.000000,0.540000,0.000000,1.000000,0.000000,0.140000,0.070000
1777189363.582498,0,0.000000,0.000000,0.000000,0.000000,0.870000,0.000000,1.000000,0.000000,0.070000,0.000000
1777189363.614759,0,0.000000,0.000000,0.000000,0.000000,1.000000,0.000000,1.000000,0.000000,0.070000,0.070000
1777189363.615282,0,0.000000,0.000000,0.000000,0.000000,1.000000,0.000000,1.000000,0.000000,0.070000,0.000000
1777189363.615691,0,0.000000,0.000000,0.000000,0.000000,1.000000,0.000000,1.000000,0.000000,0.000000,0.020000
1777189363.647901,0,0.000000,0.000000,0.000000,0.000000,1.000000,0.000000,1.000000,0.000000,0.070000,0.000000
1777189363.648395,0,0.000000,0.000000,0.000000,0.000000,1.000000,0.000000,1.000000,0.000000,0.000000,0.000000
1777189363.682760,0,0.000000,0.000000,0.000000,0.000000,1.000000,0.000000,1.000000,0.000000,0.070000,0.070000
1777189363.683282,0,0.000000,0.000000,0.000000,0.000000,1.000000,0.000000,1.000000,0.000000,0.000000,0.000000
1777189363.683695,0,0.000000,0.000000,0.000000,0.000000,1.000000,0.000000,1.000000,0.000000,0.210000,0.020000
1777189363.715557,0,0.000000,0.000000,0.000000,0.000000,1.000000,0.000000,1.000000,0.000000,0.070000,0.000000
1777189363.746226,0,0.000000,0.000000,0.000000,0.000000,1.000000,0.000000,1.000000,0.000000,0.070000,0.000000
1777189363.746731,0,0.000000,0.000000,0.000000,0.000000,1.000000,0.000000,1.000000,0.000000,0.070000,0.020000
1777189363.747123,0,0.000000,0.000000,0.000000,0.000000,1.000000,0.000000,1.000000,0.000000,0.000000,0.020000
1777189363.778376,0,0.000000,0.000000,0.000000,0.000000,1.000000,0.000000,0.230000,0.000000,0.000000,0.000000
1777189363.809981,0,0.000000,0.000000,0.000000,0.000000,1.000000,0.000000,0.670000,0.000000,0.000000,0.000000
1777189363.810619,0,0.000000,0.000000,0.000000,0.000000,1.000000,0.000000,1.000000,0.000000,0.140000,0.100000
1777189363.811164,0,0.000000,0.000000,0.000000,0.000000,1.000000,0.000000,1.000000,0.000000,0.070000,0.000000
1777189363.844980,0,0.000000,0.000000,0.000000,0.000000,1.000000,0.000000,1.000000,0.000000,0.070000,0.020000
1777189363.845582,0,0.000000,0.000000,0.000000,0.000000,1.000000,0.000000,1.000000,0.000000,0.140000,0.020000
1777189363.876797,0,0.000000,0.000000,0.000000,0.000000,1.000000,0.000000,1.000000,0.000000,0.070000,0.000000
1777189363.877411,0,0.000000,0.000000,0.000000,0.000000,1.000000,0.000000,1.000000,0.000000,0.000000,0.000000
1777189363.909899,0,0.000000,0.000000,0.000000,0.000000,1.000000,0.000000,1.000000,0.000000,0.070000,0.020000
1777189363.910552,0,0.000000,0.000000,0.000000,0.000000,1.000000,0.000000,1.000000,0.000000,0.000000,0.020000
1777189363.911710,0,0.000000,0.000000,0.000000,0.000000,1.000000,0.000000,1.000000,0.000000,0.210000,0.000000
1777189363.942482,0,0.000000,0.000000,0.000000,0.000000,1.000000,0.000000,1.000000,0.000000,0.070000,0.020000
1777189363.973705,0,0.000000,0.000000,0.000000,0.000000,1.000000,0.000000,1.000000,0.000000,0.070000,0.000000
1777189363.974214,0,0.000000,0.000000,0.000000,0.000000,1.000000,0.000000,1.000000,0.000000,0.000000,0.000000
1777189363.974623,0,0.000000,0.000000,0.000000,0.000000,1.000000,0.000000,1.000000,0.000000,0.070000,0.000000
1777189364.006246,0,0.000000,0.000000,0.000000,0.000000,1.000000,0.000000,1.000000,0.000000,0.070000,0.000000
1777189364.037463,0,0.000000,0.000000,0.000000,0.000000,1.000000,0.000000,1.000000,0.000000,0.070000,0.000000
1777189364.037953,0,0.000000,0.000000,0.000000,0.000000,1.000000,0.000000,1.000000,0.000000,0.000000,0.000000
1777189364.069062,0,0.000000,0.000000,0.000000,0.000000,1.000000,0.000000,1.000000,0.000000,0.000000,0.020000
1777189364.101296,0,0.000000,0.000000,0.000000,0.000000,1.000000,0.000000,1.000000,0.000000,0.070000,0.000000
1777189364.134361,0,0.000000,0.000000,0.000000,0.000000,1.000000,0.000000,1.000000,0.000000,0.070000,0.020000
1777189364.134861,0,0.000000,0.000000,0.000000,0.000000,1.000000,0.000000,1.000000,0.000000,0.070000,0.020000
1777189364.166647,0,0.000000,0.000000,0.000000,0.000000,1.000000,0.000000,1.000000,0.000000,0.000000,0.000000
1777189364.167156,0,0.000000,0.000000,0.000000,0.000000,1.000000,0.000000,1.000000,0.000000,0.140000,0.020000
1777189364.167555,0,0.000000,0.000000,0.000000,0.000000,1.000000,0.000000,1.000000,0.000000,0.000000,0.020000
1777189364.167955,0,0.000000,0.000000,0.000000,0.000000,1.000000,0.000000,1.000000,0.000000,0.070000,0.000000
1777189364.168523,0,0.000000,0.000000,0.000000,0.000000,1.000000,0.000000,0.050000,0.000000,0.000000,0.070000
1777189364.200987,0,0.000000,0.000000,0.000000,0.000000,1.000000,0.000000,0.470000,0.000000,0.000000,0.020000
1777189364.201661,0,0.000000,0.000000,0.000000,0.000000,1.000000,0.000000,0.880000,0.000000,0.000000,0.020000
1777189364.202245,0,0.000000,0.000000,0.000000,0.000000,1.000000,0.000000,1.000000,0.000000,0.070000,0.000000
1777189364.233410,0,0.000000,0.000000,0.000000,0.000000,1.000000,0.000000,1.000000,0.000000,0.000000,0.020000
1777189364.233917,0,0.000000,0.000000,0.000000,0.000000,1.000000,0.000000,0.100000,0.000000,0.000000,0.000000
1777189364.265354,0,0.000000,0.000000,0.000000,0.000000,1.000000,0.000000,0.540000,0.000000,0.140000,0.000000
1777189364.296145,0,0.000000,0.000000,0.000000,0.000000,1.000000,0.000000,0.970000,0.000000,0.140000,0.020000
1777189364.296660,0,0.000000,0.000000,0.000000,0.000000,1.000000,0.000000,1.000000,0.000000,0.000000,0.070000
1777189364.297055,0,0.000000,0.000000,0.000000,0.000000,1.000000,0.000000,1.000000,0.000000,0.000000,0.000000
1777189364.327498,0,0.000000,0.000000,0.000000,0.000000,1.000000,0.000000,1.000000,0.000000,0.070000,0.000000
1777189364.328176,0,0.000000,0.000000,0.000000,0.000000,1.000000,0.000000,1.000000,0.000000,0.070000,0.000000
1777189364.358283,0,0.000000,0.000000,0.000000,0.000000,1.000000,0.000000,1.000000,0.000000,0.140000,0.000000
1777189364.358803,0,0.000000,0.000000,0.000000,0.000000,1.000000,0.000000,1.000000,0.000000,0.210000,0.000000
1777189364.359293,0,0.000000,0.000000,0.000000,0.000000,1.000000,0.000000,1.000000,0.000000,0.140000,0.020000
1777189364.389802,0,0.000000,0.000000,0.000000,0.000000,1.000000,0.000000,1.000000,0.000000,0.000000,0.020000
1777189364.420630,0,0.000000,0.000000,0.000000,0.000000,1.000000,0.000000,1.000000,0.000000,0.000000,0.070000
1777189364.421149,0,0.000000,0.000000,0.000000,0.000000,1.000000,0.000000,0.010000,0.000000,0.070000,0.000000
1777189364.452672,0,0.000000,0.000000,0.000000,0.000000,1.000000,0.000000,0.440000,0.000000,0.000000,0.020000
1777189364.453194,0,0.000000,0.000000,0.000000,0.000000,1.000000,0.000000,0.860000,0.000000,0.000000,0.020000
1777189364.484607,0,0.000000,0.000000,0.000000,0.000000,0.150000,0.000000,1.000000,0.000000,0.000000,0.000000
1777189364.485097,0,0.000000,0.000000,0.000000,0.000000,0.500000,0.000000,1.000000,0.000000,0.070000,0.000000
1777189364.515201,0,0.000000,0.000000,0.000000,0.000000,0.860000,0.000000,1.000000,0.000000,0.070000,0.000000
1777189364.515715,0,0.000000,0.000000,0.000000,0.000000,1.000000,0.000000,1.000000,0.000000,0.070000,0.000000
1777189364.516430,0,0.000000,0.000000,0.000000,0.000000,1.000000,0.000000,1.000000,0.000000,0.000000,0.180000
1777189364.547175,0,0.000000,0.000000,0.000000,0.000000,1.000000,0.000000,1.000000,0.000000,0.070000,0.000000
1777189364.547804,0,0.000000,0.000000,0.000000,0.000000,1.000000,0.000000,1.000000,0.000000,0.000000,0.020000
1777189364.580368,0,0.000000,0.000000,0.000000,0.000000,1.000000,0.000000,1.000000,0.000000,0.000000,0.020000
1777189364.611984,0,0.000000,0.000000,0.000000,0.000000,1.000000,0.000000,1.000000,0.000000,0.070000,0.020000
1777189364.612484,0,0.000000,0.000000,0.000000,0.000000,1.000000,0.000000,0.230000,0.000000,0.000000,0.000000
1777189364.647750,0,0.000000,0.000000,0.000000,0.000000,1.000000,0.000000,0.670000,0.000000,0.070000,0.020000
1777189364.648278,0,0.000000,0.000000,0.000000,0.000000,1.000000,0.000000,1.000000,0.000000,0.070000,0.000000
1777189364.685385,0,0.000000,0.000000,0.000000,0.000000,1.000000,0.000000,1.000000,0.000000,0.000000,0.000000
1777189364.685898,0,0.000000,0.000000,0.000000,0.000000,1.000000,0.000000,0.120000,0.000000,0.070000,0.000000
1777189364.717671,0,0.000000,0.000000,0.000000,0.000000,1.000000,0.000000,0.440000,0.000000,0.000000,0.000000
1777189364.855369,0,0.000000,0.000000,0.000000,0.000000,1.000000,0.000000,0.740000,0.000000,0.000000,0.000000
1777189364.855978,0,0.000000,0.000000,0.000000,0.000000,1.000000,0.000000,1.000000,0.000000,0.000000,0.000000
1777189364.856380,0,0.000000,0.000000,0.000000,0.000000,1.000000,0.000000,1.000000,0.000000,0.070000,0.000000
1777189364.856761,0,0.000000,0.000000,0.000000,0.000000,1.000000,0.000000,1.000000,0.000000,0.000000,0.150000
1777189364.857195,0,0.000000,0.000000,0.000000,0.000000,1.000000,0.000000,1.000000,0.000000,0.140000,0.100000
1777189364.857664,0,0.000000,0.000000,0.000000,0.000000,1.000000,0.000000,0.430000,0.000000,0.070000,0.000000
1777189364.858057,0,0.000000,0.000000,0.000000,0.000000,1.000000,0.000000,0.600000,0.000000,0.070000,0.000000
1777189364.858428,0,0.000000,0.000000,0.000000,0.000000,1.000000,0.000000,0.750000,0.000000,0.000000,0.020000
1777189364.876953,0,0.000000,0.000000,0.000000,0.000000,1.000000,0.000000,0.950000,0.000000,0.000000,0.020000
1777189364.877780,0,0.000000,0.000000,0.000000,0.000000,1.000000,0.000000,1.000000,0.000000,0.000000,0.070000
1777189364.878757,0,0.000000,0.000000,0.000000,0.000000,1.000000,0.000000,1.000000,0.000000,0.070000,0.000000
1777189364.879735,0,0.000000,0.000000,0.000000,0.000000,1.000000,0.000000,1.000000,0.000000,0.070000,0.020000
