epoch,mark,Measured Torque (R),Desired Torque (R),Measured Torque (L),Desired Torque (L),Gait/100 (R),Toe FSR (R),Gait/100 (L),Toe FSR (L),Heel FSR (R),Heel FSR (L)
1778942948.052382,0,0.000000,0.000000,0.000000,0.000000,0.000000,0.000000,0.000000,0.000000,0.000000,0.000000
1778942948.111665,0,0.000000,0.000000,0.000000,0.000000,0.000000,0.000000,0.000000,0.000000,0.000000,0.000000
1778942948.170774,0,0.000000,0.000000,0.000000,0.000000,0.000000,0.000000,0.000000,0.000000,0.500000,0.000000
1778942948.171410,0,0.000000,0.000000,0.000000,0.000000,0.000000,0.000000,0.000000,0.000000,1.500000,0.000000
1778942948.227364,0,0.000000,0.000000,0.000000,0.000000,0.000000,0.000000,0.000000,0.000000,0.500000,0.000000
1778942948.227811,0,0.000000,0.000000,0.000000,0.000000,0.000000,0.000000,0.000000,0.000000,0.000000,0.000000
1778942948.228173,0,0.000000,0.000000,0.000000,0.000000,0.000000,0.000000,0.000000,0.000000,0.000000,0.000000
1778942948.228971,0,0.000000,0.000000,0.000000,0.000000,0.000000,0.000000,0.000000,0.000000,0.000000,0.000000
1778942948.229341,0,0.000000,0.000000,0.000000,0.000000,0.000000,0.000000,0.000000,0.000000,0.000000,0.000000
1778942948.229662,0,0.000000,0.000000,0.000000,0.000000,0.000000,0.000000,0.000000,0.000000,0.000000,0.000000
1778942948.292378,0,0.000000,0.000000,0.000000,0.000000,0.000000,0.000000,0.000000,0.000000,0.000000,0.000000
1778942948.293122,0,0.000000,0.000000,0.000000,0.000000,0.000000,0.000000,0.000000,0.000000,0.000000,0.000000
1778942948.293483,0,0.000000,0.000000,0.000000,0.000000,0.000000,0.000000,0.000000,0.000000,0.330000,0.000000
1778942948.348597,0,0.000000,0.000000,0.000000,0.000000,0.000000,0.000000,0.000000,0.000000,0.330000,0.000000
1778942948.349031,0,0.000000,0.000000,0.000000,0.000000,0.000000,0.000000,0.000000,0.000000,0.000000,0.000000
1778942948.349358,0,0.000000,0.000000,0.000000,0.000000,0.000000,0.000000,0.000000,0.000000,0.000000,0.330000
1778942948.349956,0,0.000000,0.000000,0.000000,0.000000,0.000000,0.000000,0.000000,0.000000,0.000000,0.000000
1778942948.350300,0,0.000000,0.000000,0.000000,0.000000,0.000000,0.000000,0.000000,0.000000,0.000000,0.000000
1778942948.405548,0,0.000000,0.000000,0.000000,0.000000,0.000000,0.000000,0.000000,0.000000,0.250000,0.000000
1778942948.405999,0,0.000000,0.000000,0.000000,0.000000,0.000000,0.000000,0.000000,0.000000,0.000000,0.000000
1778942948.464298,0,0.000000,0.000000,0.000000,0.000000,0.000000,0.000000,0.000000,0.000000,0.000000,0.000000
1778942948.465356,0,0.000000,0.000000,0.000000,0.000000,0.000000,0.000000,0.000000,0.000000,0.000000,0.000000
1778942948.526900,0,0.000000,0.000000,0.000000,0.000000,0.000000,0.000000,0.000000,0.000000,0.000000,0.000000
1778942948.527319,0,0.000000,0.000000,0.000000,0.000000,0.000000,0.000000,0.000000,0.000000,0.000000,0.000000
1778942948.579853,0,0.000000,0.000000,0.000000,0.000000,0.000000,0.000000,0.000000,0.000000,0.000000,0.000000
1778942948.580266,0,0.000000,0.000000,0.000000,0.000000,0.000000,0.000000,0.000000,0.000000,0.000000,0.000000
1778942948.580583,0,0.000000,0.000000,0.000000,0.000000,0.000000,0.000000,0.000000,0.000000,0.000000,0.000000
1778942948.635009,0,0.000000,0.000000,0.000000,0.000000,0.000000,0.000000,0.000000,0.000000,0.000000,0.200000
1778942948.635602,0,0.000000,0.000000,0.000000,0.000000,0.000000,0.000000,0.000000,0.000000,0.000000,0.000000
1778942948.635950,0,0.000000,0.000000,0.000000,0.000000,0.000000,0.000000,0.000000,0.000000,0.000000,0.000000
1778942948.636258,0,0.000000,0.000000,0.000000,0.000000,0.000000,0.000000,0.000000,0.000000,0.000000,0.000000
1778942948.636574,0,0.000000,0.000000,0.000000,0.000000,0.000000,0.000000,0.000000,0.000000,0.000000,0.000000
1778942948.636881,0,0.000000,0.000000,0.000000,0.000000,0.000000,0.000000,0.000000,0.000000,0.000000,0.000000
1778942948.691789,0,0.000000,0.000000,0.000000,0.000000,0.000000,0.000000,0.000000,0.000000,0.000000,0.000000
1778942948.692269,0,0.000000,0.000000,0.000000,0.000000,0.000000,0.000000,0.000000,0.000000,0.000000,0.000000
1778942948.749021,0,0.000000,0.000000,0.000000,0.000000,0.000000,0.000000,0.000000,0.000000,0.000000,0.000000
1778942948.806061,0,0.000000,0.000000,0.000000,0.000000,0.000000,0.000000,0.000000,0.000000,0.000000,0.000000
1778942948.806504,0,0.000000,0.000000,0.000000,0.000000,0.000000,0.000000,0.000000,0.000000,0.000000,0.000000
1778942948.806846,0,0.000000,0.000000,0.000000,0.000000,0.000000,0.000000,0.000000,0.000000,0.500000,0.000000
1778942948.807395,0,0.000000,0.000000,0.000000,0.000000,0.000000,0.000000,0.000000,0.000000,0.250000,0.000000
1778942948.807778,0,0.000000,0.000000,0.000000,0.000000,0.000000,0.000000,0.000000,0.000000,0.000000,0.000000
1778942948.808094,0,0.000000,0.000000,0.000000,0.000000,0.000000,0.000000,0.000000,0.000000,0.000000,0.000000
1778942948.866723,0,0.000000,0.000000,0.000000,0.000000,0.000000,0.000000,0.000000,0.000000,0.000000,0.000000
1778942948.867168,0,0.000000,0.000000,0.000000,0.000000,0.000000,0.000000,0.000000,0.000000,0.000000,0.000000
1778942948.867514,0,0.000000,0.000000,0.000000,0.000000,0.000000,0.000000,0.000000,0.000000,0.000000,0.000000
1778942948.868034,0,0.000000,0.000000,0.000000,0.000000,0.000000,0.000000,0.000000,0.000000,0.000000,0.000000
1778942948.868407,0,0.000000,0.000000,0.000000,0.000000,0.000000,0.000000,0.000000,0.000000,0.250000,0.000000
1778942948.928520,0,0.000000,0.000000,0.000000,0.000000,0.000000,0.000000,0.000000,0.000000,0.000000,0.000000
1778942948.928979,0,0.000000,0.000000,0.000000,0.000000,0.000000,0.000000,0.000000,0.000000,0.000000,0.000000
1778942948.929960,0,0.000000,0.000000,0.000000,0.000000,0.000000,0.000000,0.000000,0.000000,0.500000,0.000000
1778942948.930335,0,0.000000,0.000000,0.000000,0.000000,0.000000,0.000000,0.000000,0.000000,0.250000,0.000000
1778942948.983386,0,0.000000,0.000000,0.000000,0.000000,0.000000,0.000000,0.000000,0.000000,0.000000,0.000000
1778942948.983847,0,0.000000,0.000000,0.000000,0.000000,0.000000,0.000000,0.000000,0.000000,0.000000,0.000000
1778942949.038730,0,0.000000,0.000000,0.000000,0.000000,0.000000,0.000000,0.000000,0.000000,0.250000,0.000000
1778942949.039320,0,0.000000,0.000000,0.000000,0.000000,0.000000,0.000000,0.000000,0.000000,0.000000,0.000000
1778942949.094036,0,0.000000,0.000000,0.000000,0.000000,0.000000,0.000000,0.000000,0.000000,0.250000,0.000000
1778942949.094493,0,0.000000,0.000000,0.000000,0.000000,0.000000,0.000000,0.000000,0.000000,0.000000,0.000000
1778942949.094845,0,0.000000,0.000000,0.000000,0.000000,0.000000,0.000000,0.000000,0.000000,0.000000,0.000000
1778942949.095189,0,0.000000,0.000000,0.000000,0.000000,0.000000,0.000000,0.000000,0.000000,0.000000,0.000000
1778942949.129779,0,0.000000,0.000000,0.000000,0.000000,0.000000,0.000000,0.000000,0.000000,0.000000,0.000000
1778942949.130858,0,0.000000,0.000000,0.000000,0.000000,0.000000,0.000000,0.000000,0.000000,0.000000,0.200000
1778942949.152205,0,0.000000,0.000000,0.000000,0.000000,0.000000,0.000000,0.000000,0.000000,0.000000,0.000000
1778942949.166872,0,0.000000,0.000000,0.000000,0.000000,0.000000,0.000000,0.000000,0.000000,0.000000,0.200000
1778942949.174477,0,0.000000,0.000000,0.000000,0.000000,0.000000,0.000000,0.000000,0.000000,0.000000,0.000000
1778942949.175575,0,0.000000,0.000000,0.000000,0.000000,0.000000,0.000000,0.000000,0.000000,0.000000,0.000000
1778942949.181798,0,0.000000,0.000000,0.000000,0.000000,0.000000,0.000000,0.000000,0.000000,0.250000,0.600000
1778942949.189250,0,0.000000,0.000000,0.000000,0.000000,0.000000,0.000000,0.000000,0.000000,0.000000,0.000000
1778942949.213618,0,0.000000,0.000000,0.000000,0.000000,0.000000,0.000000,0.000000,0.000000,0.000000,0.000000
1778942949.220947,0,0.000000,0.000000,0.000000,0.000000,0.000000,0.000000,0.000000,0.000000,0.000000,0.000000
1778942949.235134,0,0.000000,0.000000,0.000000,0.000000,0.000000,0.000000,0.000000,0.000000,0.000000,0.200000
1778942949.279209,0,0.000000,0.000000,0.000000,0.000000,0.000000,0.000000,0.000000,0.000000,0.000000,0.000000
1778942949.282429,0,0.000000,0.000000,0.000000,0.000000,0.000000,0.000000,0.000000,0.000000,0.200000,0.000000
1778942949.283285,0,0.000000,0.000000,0.000000,0.000000,0.000000,0.000000,0.000000,0.000000,0.000000,0.000000
1778942949.309395,0,0.000000,0.000000,0.000000,0.000000,0.000000,0.000000,0.000000,0.000000,0.000000,0.000000
1778942949.317557,0,0.000000,0.000000,0.000000,0.000000,0.000000,0.000000,0.000000,0.000000,0.000000,0.000000
1778942949.339738,0,0.000000,0.000000,0.000000,0.000000,0.000000,0.000000,0.000000,0.000000,0.000000,0.000000
1778942949.355583,0,0.000000,0.000000,0.000000,0.000000,0.000000,0.000000,0.000000,0.000000,0.000000,0.000000
1778942949.370184,0,0.000000,0.000000,0.000000,0.000000,0.000000,0.000000,0.000000,0.000000,0.000000,0.000000
1778942949.393819,0,0.000000,0.000000,0.000000,0.000000,0.000000,0.000000,0.000000,0.000000,0.000000,0.000000
1778942949.394517,0,0.000000,0.000000,0.000000,0.000000,0.000000,0.000000,0.000000,0.000000,0.000000,0.000000
1778942949.415595,0,0.000000,0.000000,0.000000,0.000000,0.000000,0.000000,0.000000,0.000000,0.200000,0.200000
1778942949.423009,0,0.000000,0.000000,0.000000,0.000000,0.000000,0.000000,0.000000,0.000000,0.200000,0.000000
1778942949.445032,0,0.000000,0.000000,0.000000,0.000000,0.000000,0.000000,0.000000,0.000000,0.000000,0.000000
1778942949.460102,0,0.000000,0.000000,0.000000,0.000000,0.000000,0.000000,0.000000,0.000000,0.000000,0.000000
1778942949.474570,0,0.000000,0.000000,0.000000,0.000000,0.000000,0.000000,0.000000,0.000000,0.000000,0.000000
1778942949.496685,0,0.000000,0.000000,0.000000,0.000000,0.000000,0.000000,0.000000,0.000000,0.000000,0.000000
1778942949.504969,0,0.000000,0.000000,0.000000,0.000000,0.000000,0.000000,0.000000,0.000000,0.400000,0.000000
1778942949.522245,0,0.000000,0.000000,0.000000,0.000000,0.000000,0.000000,0.000000,0.000000,0.000000,0.000000
1778942949.527336,0,0.000000,0.000000,0.000000,0.000000,0.000000,0.000000,0.000000,0.000000,0.200000,0.400000
1778942949.542847,0,0.000000,0.000000,0.000000,0.000000,0.000000,0.000000,0.000000,0.000000,0.000000,0.000000
1778942949.558319,0,0.000000,0.000000,0.000000,0.000000,0.000000,0.000000,0.000000,0.000000,0.200000,0.200000
1778942949.573665,0,0.000000,0.000000,0.000000,0.000000,0.000000,0.000000,0.000000,0.000000,0.000000,0.000000
1778942949.594932,0,0.000000,0.000000,0.000000,0.000000,0.000000,0.000000,0.000000,0.000000,0.000000,0.000000
1778942949.602634,0,0.000000,0.000000,0.000000,0.000000,0.000000,0.000000,0.000000,0.000000,0.000000,0.000000
1778942949.624988,0,0.000000,0.000000,0.000000,0.000000,0.000000,0.000000,0.000000,0.000000,0.000000,0.000000
1778942949.639411,0,0.000000,0.000000,0.000000,0.000000,0.000000,0.000000,0.000000,0.000000,0.000000,0.000000
1778942949.647695,0,0.000000,0.000000,0.000000,0.000000,0.000000,0.000000,0.000000,0.000000,0.000000,0.000000
1778942949.682753,0,0.000000,0.000000,0.000000,0.000000,0.000000,0.000000,0.000000,0.000000,0.000000,0.000000
1778942949.698931,0,0.000000,0.000000,0.000000,0.000000,0.000000,0.000000,0.000000,0.000000,0.400000,0.000000
1778942949.706630,0,0.000000,0.000000,0.000000,0.000000,0.000000,0.000000,0.000000,0.000000,0.000000,0.200000
1778942949.721652,0,0.000000,0.000000,0.000000,0.000000,0.000000,0.000000,0.000000,0.000000,0.000000,0.200000
1778942949.729709,0,0.000000,0.000000,0.000000,0.000000,0.000000,0.000000,0.000000,0.000000,0.000000,0.000000
1778942949.745114,0,0.000000,0.000000,0.000000,0.000000,0.000000,0.000000,0.000000,0.000000,0.000000,0.000000
1778942949.768255,0,0.000000,0.000000,0.000000,0.000000,0.000000,0.000000,0.000000,0.000000,0.000000,0.000000
1778942949.781569,0,0.000000,0.000000,0.000000,0.000000,0.000000,0.000000,0.000000,0.000000,0.000000,0.000000
1778942949.789516,0,0.000000,0.000000,0.000000,0.000000,0.000000,0.000000,0.000000,0.000000,0.000000,0.000000
1778942949.813506,0,0.000000,0.000000,0.000000,0.000000,0.000000,0.000000,0.000000,0.000000,0.000000,0.000000
1778942949.820510,0,0.000000,0.000000,0.000000,0.000000,0.000000,0.000000,0.000000,0.000000,0.000000,0.000000
1778942949.843027,0,0.000000,0.000000,0.000000,0.000000,0.000000,0.000000,0.000000,0.000000,0.000000,0.000000
1778942949.866138,0,0.000000,0.000000,0.000000,0.000000,0.000000,0.000000,0.000000,0.000000,0.000000,0.000000
1778942949.868073,0,0.000000,0.000000,0.000000,0.000000,0.000000,0.000000,0.000000,0.000000,0.000000,0.000000
1778942949.880442,0,0.000000,0.000000,0.000000,0.000000,0.000000,0.000000,0.000000,0.000000,0.000000,0.000000
1778942949.895620,0,0.000000,0.000000,0.000000,0.000000,0.000000,0.000000,0.000000,0.000000,0.200000,0.000000
1778942949.921058,0,0.000000,0.000000,0.000000,0.000000,0.000000,0.000000,0.000000,0.000000,0.000000,0.600000
1778942949.925677,0,0.000000,0.000000,0.000000,0.000000,0.000000,0.000000,0.000000,0.000000,0.000000,0.000000
1778942949.948624,0,0.000000,0.000000,0.000000,0.000000,0.000000,0.000000,0.000000,0.000000,0.000000,0.000000
1778942949.968433,0,0.000000,0.000000,0.000000,0.000000,0.000000,0.000000,0.000000,0.000000,0.000000,0.000000
1778942949.970516,0,0.000000,0.000000,0.000000,0.000000,0.000000,0.000000,0.000000,0.000000,0.000000,0.000000
1778942949.986533,0,0.000000,0.000000,0.000000,0.000000,0.000000,0.000000,0.000000,0.000000,0.000000,0.200000
1778942950.009483,0,0.000000,0.000000,0.000000,0.000000,0.000000,0.000000,0.000000,0.000000,0.000000,0.000000
1778942950.023736,0,0.000000,0.000000,0.000000,0.000000,0.000000,0.000000,0.000000,0.000000,0.000000,0.000000
1778942950.039117,0,0.000000,0.000000,0.000000,0.000000,0.000000,0.000000,0.000000,0.000000,0.000000,0.000000
1778942950.062147,0,0.000000,0.000000,0.000000,0.000000,0.000000,0.000000,0.000000,0.000000,0.000000,0.000000
1778942950.063980,0,0.000000,0.000000,0.000000,0.000000,0.000000,0.000000,0.000000,0.000000,0.000000,0.000000
1778942950.084208,0,0.000000,0.000000,0.000000,0.000000,0.000000,0.000000,0.000000,0.000000,0.200000,0.000000
1778942950.099101,0,0.000000,0.000000,0.000000,0.000000,0.000000,0.000000,0.000000,0.000000,0.000000,0.000000
1778942950.122338,0,0.000000,0.000000,0.000000,0.000000,0.000000,0.000000,0.000000,0.000000,0.000000,0.000000
1778942950.136453,0,0.000000,0.000000,0.000000,0.000000,0.000000,0.000000,0.000000,0.000000,0.000000,0.000000
1778942950.165572,0,0.000000,0.000000,0.000000,0.000000,0.000000,0.000000,0.000000,0.000000,0.400000,0.000000
1778942950.166803,0,0.000000,0.000000,0.000000,0.000000,0.000000,0.000000,0.000000,0.000000,0.000000,0.000000
1778942950.167589,0,0.000000,0.000000,0.000000,0.000000,0.000000,0.000000,0.000000,0.000000,0.000000,0.000000
1778942950.187549,0,0.000000,0.000000,0.000000,0.000000,0.000000,0.000000,0.000000,0.000000,0.200000,0.000000
1778942950.210643,0,0.000000,0.000000,0.000000,0.000000,0.000000,0.000000,0.000000,0.000000,0.000000,0.000000
1778942950.217645,0,0.000000,0.000000,0.000000,0.000000,0.000000,0.000000,0.000000,0.000000,0.000000,0.000000
1778942950.233303,0,0.000000,0.000000,0.000000,0.000000,0.000000,0.000000,0.000000,0.000000,0.000000,0.000000
1778942950.256181,0,0.000000,0.000000,0.000000,0.000000,0.000000,0.000000,0.000000,0.000000,0.000000,0.000000
1778942950.284230,0,0.000000,0.000000,0.000000,0.000000,0.000000,0.000000,0.000000,0.000000,0.000000,0.400000
1778942950.286400,0,0.000000,0.000000,0.000000,0.000000,0.000000,0.000000,0.000000,0.000000,0.000000,0.000000
1778942950.302534,0,0.000000,0.000000,0.000000,0.000000,0.000000,0.000000,0.000000,0.000000,0.000000,0.000000
1778942950.304662,0,0.000000,0.000000,0.000000,0.000000,0.000000,0.000000,0.000000,0.000000,0.000000,0.000000
1778942950.331138,0,0.000000,0.000000,0.000000,0.000000,0.000000,0.000000,0.000000,0.000000,0.000000,0.000000
1778942950.337985,0,0.000000,0.000000,0.000000,0.000000,0.000000,0.000000,0.000000,0.000000,0.000000,0.000000
1778942950.368392,0,0.000000,0.000000,0.000000,0.000000,0.000000,0.000000,0.000000,0.000000,0.000000,0.000000
1778942950.375221,0,0.000000,0.000000,0.000000,0.000000,0.000000,0.000000,0.000000,0.000000,0.000000,0.000000
1778942950.383522,0,0.000000,0.000000,0.000000,0.000000,0.000000,0.000000,0.000000,0.000000,0.000000,0.000000
1778942950.407954,0,0.000000,0.000000,0.000000,0.000000,0.000000,0.000000,0.000000,0.000000,0.000000,0.000000
1778942950.413386,0,0.000000,0.000000,0.000000,0.000000,0.000000,0.000000,0.000000,0.000000,0.000000,0.000000
1778942950.436055,0,0.000000,0.000000,0.000000,0.000000,0.000000,0.000000,0.000000,0.000000,0.000000,0.000000
1778942950.450492,0,0.000000,0.000000,0.000000,0.000000,0.000000,0.000000,0.000000,0.000000,0.000000,0.000000
1778942950.465227,0,0.000000,0.000000,0.000000,0.000000,0.000000,0.000000,0.000000,0.000000,0.000000,0.000000
1778942950.480313,0,0.000000,0.000000,0.000000,0.000000,0.000000,0.000000,0.000000,0.000000,0.000000,0.000000
1778942950.495681,0,0.000000,0.000000,0.000000,0.000000,0.000000,0.000000,0.000000,0.000000,0.000000,0.000000
1778942950.520573,0,0.000000,0.000000,0.000000,0.000000,0.000000,0.000000,0.000000,0.000000,0.000000,0.200000
1778942950.533536,0,0.000000,0.000000,0.000000,0.000000,0.000000,0.000000,0.000000,0.000000,0.000000,0.000000
1778942950.540131,0,0.000000,0.000000,0.000000,0.000000,0.000000,0.000000,0.000000,0.000000,0.000000,0.000000
1778942950.555298,0,0.000000,0.000000,0.000000,0.000000,0.000000,0.000000,0.000000,0.000000,0.000000,0.000000
1778942950.578691,0,0.000000,0.000000,0.000000,0.000000,0.000000,0.000000,0.000000,0.000000,0.000000,0.000000
1778942950.585008,0,0.000000,0.000000,0.000000,0.000000,0.000000,0.000000,0.000000,0.000000,0.000000,0.000000
1778942950.617302,0,0.000000,0.000000,0.000000,0.000000,0.000000,0.000000,0.000000,0.000000,0.000000,0.000000
1778942950.622336,0,0.000000,0.000000,0.000000,0.000000,0.000000,0.000000,0.000000,0.000000,0.000000,0.000000
1778942950.631336,0,0.000000,0.000000,0.000000,0.000000,0.000000,0.000000,0.000000,0.000000,0.000000,0.000000
1778942950.648854,0,0.000000,0.000000,0.000000,0.000000,0.000000,0.000000,0.000000,0.000000,0.200000,0.000000
1778942950.660562,0,0.000000,0.000000,0.000000,0.000000,0.000000,0.000000,0.000000,0.000000,0.000000,0.000000
1778942950.674520,0,0.000000,0.000000,0.000000,0.000000,0.000000,0.000000,0.000000,0.000000,1.000000,0.200000
1778942950.689666,0,0.000000,0.000000,0.000000,0.000000,0.000000,0.000000,0.000000,0.000000,0.000000,0.600000
1778942950.704427,0,0.000000,0.000000,0.000000,0.000000,0.000000,0.000000,0.000000,0.000000,0.000000,0.000000
1778942950.727458,0,0.000000,0.000000,0.000000,0.000000,0.000000,0.000000,0.000000,0.000000,0.000000,0.000000
1778942950.750790,0,0.000000,0.000000,0.000000,0.000000,0.000000,0.000000,0.000000,0.000000,0.200000,0.000000
1778942950.774796,0,0.000000,0.000000,0.000000,0.000000,0.000000,0.000000,0.000000,0.000000,0.000000,0.000000
1778942950.787646,0,0.000000,0.000000,0.000000,0.000000,0.000000,0.000000,0.000000,0.000000,0.000000,0.000000
1778942950.803467,0,0.000000,0.000000,0.000000,0.000000,0.000000,0.000000,0.000000,0.000000,0.000000,0.000000
1778942950.806690,0,0.000000,0.000000,0.000000,0.000000,0.000000,0.000000,0.000000,0.000000,0.000000,0.000000
1778942950.809764,0,0.000000,0.000000,0.000000,0.000000,0.000000,0.000000,0.000000,0.000000,0.000000,0.000000
1778942950.825516,0,0.000000,0.000000,0.000000,0.000000,0.000000,0.000000,0.000000,0.000000,0.000000,0.000000
1778942950.855676,0,0.000000,0.000000,0.000000,0.000000,0.000000,0.000000,0.000000,0.000000,0.000000,0.000000
1778942950.863339,0,0.000000,0.000000,0.000000,0.000000,0.000000,0.000000,0.000000,0.000000,0.000000,0.000000
1778942950.871643,0,0.000000,0.000000,0.000000,0.000000,0.000000,0.000000,0.000000,0.000000,0.000000,0.000000
1778942950.886536,0,0.000000,0.000000,0.000000,0.000000,0.000000,0.000000,0.000000,0.000000,0.000000,0.000000
1778942950.903850,0,0.000000,0.000000,0.000000,0.000000,0.000000,0.000000,0.000000,0.000000,0.000000,0.000000
1778942950.915053,0,0.000000,0.000000,0.000000,0.000000,0.000000,0.000000,0.000000,0.000000,0.000000,0.000000
1778942950.946579,0,0.000000,0.000000,0.000000,0.000000,0.000000,0.000000,0.000000,0.000000,0.000000,0.000000
1778942950.951603,0,0.000000,0.000000,0.000000,0.000000,0.000000,0.000000,0.000000,0.000000,0.000000,0.000000
1778942950.975646,0,0.000000,0.000000,0.000000,0.000000,0.000000,0.000000,0.000000,0.000000,0.000000,0.000000
1778942950.999816,0,0.000000,0.000000,0.000000,0.000000,0.000000,0.000000,0.000000,0.000000,0.000000,0.000000
1778942951.000947,0,0.000000,0.000000,0.000000,0.000000,0.000000,0.000000,0.000000,0.000000,0.000000,0.000000
1778942951.013333,0,0.000000,0.000000,0.000000,0.000000,0.000000,0.000000,0.000000,0.000000,0.000000,0.000000
1778942951.035709,0,0.000000,0.000000,0.000000,0.000000,0.000000,0.000000,0.000000,0.000000,0.000000,0.000000
1778942951.042989,0,0.000000,0.000000,0.000000,0.000000,0.000000,0.000000,0.000000,0.000000,0.000000,0.000000
1778942951.066145,0,0.000000,0.000000,0.000000,0.000000,0.000000,0.000000,0.000000,0.000000,0.000000,0.000000
1778942951.068945,0,0.000000,0.000000,0.000000,0.000000,0.000000,0.000000,0.000000,0.000000,0.000000,0.000000
1778942951.089497,0,0.000000,0.000000,0.000000,0.000000,0.000000,0.000000,0.000000,0.000000,0.000000,0.140000
1778942951.111392,0,0.000000,0.000000,0.000000,0.000000,0.000000,0.000000,0.000000,0.000000,0.000000,0.000000
1778942951.142775,0,0.000000,0.000000,0.000000,0.000000,0.000000,0.000000,0.000000,0.000000,0.000000,0.140000
1778942951.144838,0,0.000000,0.000000,0.000000,0.000000,0.000000,0.000000,0.000000,0.000000,0.000000,0.000000
1778942951.165841,0,0.000000,0.000000,0.000000,0.000000,0.000000,0.000000,0.000000,0.000000,0.000000,0.000000
1778942951.168101,0,0.000000,0.000000,0.000000,0.000000,0.000000,0.000000,0.000000,0.000000,0.000000,0.000000
1778942951.192708,0,0.000000,0.000000,0.000000,0.000000,0.000000,0.000000,0.000000,0.000000,0.000000,0.000000
1778942951.194082,0,0.000000,0.000000,0.000000,0.000000,0.000000,0.000000,0.000000,0.000000,0.000000,0.000000
1778942951.207894,0,0.000000,0.000000,0.000000,0.000000,0.000000,0.000000,0.000000,0.000000,0.000000,0.280000
1778942951.238902,0,0.000000,0.000000,0.000000,0.000000,0.000000,0.000000,0.000000,0.000000,0.000000,0.140000
1778942951.245965,0,0.000000,0.000000,0.000000,0.000000,0.000000,0.000000,0.000000,0.000000,0.000000,0.000000
1778942951.262345,0,0.000000,0.000000,0.000000,0.000000,0.000000,0.000000,0.000000,0.000000,0.000000,0.000000
1778942951.267773,0,0.000000,0.000000,0.000000,0.000000,0.000000,0.000000,0.000000,0.000000,0.000000,0.000000
1778942951.285603,0,0.000000,0.000000,0.000000,0.000000,0.000000,0.000000,0.000000,0.000000,0.000000,0.000000
1778942951.305704,0,0.000000,0.000000,0.000000,0.000000,0.000000,0.000000,0.000000,0.000000,0.000000,0.140000
1778942951.319598,0,0.000000,0.000000,0.000000,0.000000,0.000000,0.000000,0.000000,0.000000,0.000000,0.000000
1778942951.334978,0,0.000000,0.000000,0.000000,0.000000,0.000000,0.000000,0.000000,0.000000,0.000000,0.000000
1778942951.352016,0,0.000000,0.000000,0.000000,0.000000,0.000000,0.000000,0.000000,0.000000,0.000000,0.000000
1778942951.365431,0,0.000000,0.000000,0.000000,0.000000,0.000000,0.000000,0.000000,0.000000,0.200000,0.000000
1778942951.388771,0,0.000000,0.000000,0.000000,0.000000,0.000000,0.000000,0.000000,0.000000,0.000000,0.000000
1778942951.395284,0,0.000000,0.000000,0.000000,0.000000,0.000000,0.000000,0.000000,0.000000,0.200000,0.000000
1778942951.410210,0,0.000000,0.000000,0.000000,0.000000,0.000000,0.000000,0.000000,0.000000,0.000000,0.000000
1778942951.427813,0,0.000000,0.000000,0.000000,0.000000,0.000000,0.000000,0.000000,0.000000,0.000000,0.140000
1778942951.432541,0,0.000000,0.000000,0.000000,0.000000,0.000000,0.000000,0.000000,0.000000,0.000000,0.000000
1778942951.456451,0,0.000000,0.000000,0.000000,0.000000,0.000000,0.000000,0.000000,0.000000,0.000000,0.000000
1778942951.472790,0,0.000000,0.000000,0.000000,0.000000,0.000000,0.000000,0.000000,0.000000,0.200000,0.000000
1778942951.492996,0,0.000000,0.000000,0.000000,0.000000,0.000000,0.000000,0.000000,0.000000,0.000000,0.000000
1778942951.500455,0,0.000000,0.000000,0.000000,0.000000,0.000000,0.000000,0.000000,0.000000,0.000000,0.000000
1778942951.516095,0,0.000000,0.000000,0.000000,0.000000,0.000000,0.000000,0.000000,0.000000,0.000000,0.140000
1778942951.530794,0,0.000000,0.000000,0.000000,0.000000,0.000000,0.000000,0.000000,0.000000,0.000000,0.000000
1778942951.546390,0,0.000000,0.000000,0.000000,0.000000,0.000000,0.000000,0.000000,0.000000,0.000000,0.000000
1778942951.574944,0,0.000000,0.000000,0.000000,0.000000,0.000000,0.000000,0.000000,0.000000,0.000000,0.000000
1778942951.582822,0,0.000000,0.000000,0.000000,0.000000,0.000000,0.000000,0.000000,0.000000,0.000000,0.000000
1778942951.585080,0,0.000000,0.000000,0.000000,0.000000,0.000000,0.000000,0.000000,0.000000,0.200000,0.000000
1778942951.606612,0,0.000000,0.000000,0.000000,0.000000,0.000000,0.000000,0.000000,0.000000,0.000000,0.000000
1778942951.621080,0,0.000000,0.000000,0.000000,0.000000,0.000000,0.000000,0.000000,0.000000,0.000000,0.000000
1778942951.658625,0,0.000000,0.000000,0.000000,0.000000,0.000000,0.000000,0.000000,0.000000,0.000000,0.000000
1778942951.659606,0,0.000000,0.000000,0.000000,0.000000,0.000000,0.000000,0.000000,0.000000,0.000000,0.140000
1778942951.671884,0,0.000000,0.000000,0.000000,0.000000,0.000000,0.000000,0.000000,0.000000,0.000000,0.000000
1778942951.679581,0,0.000000,0.000000,0.000000,0.000000,0.000000,0.000000,0.000000,0.000000,0.000000,0.000000
1778942951.694897,0,0.000000,0.000000,0.000000,0.000000,0.000000,0.000000,0.000000,0.000000,0.000000,0.000000
1778942951.724624,0,0.000000,0.000000,0.000000,0.000000,0.000000,0.000000,0.000000,0.000000,0.000000,0.000000
1778942951.726162,0,0.000000,0.000000,0.000000,0.000000,0.000000,0.000000,0.000000,0.000000,0.000000,0.000000
1778942951.739912,0,0.000000,0.000000,0.000000,0.000000,0.000000,0.000000,0.000000,0.000000,0.000000,0.000000
1778942951.761304,0,0.000000,0.000000,0.000000,0.000000,0.000000,0.000000,0.000000,0.000000,0.400000,0.000000
1778942951.791441,0,0.000000,0.000000,0.000000,0.000000,0.000000,0.000000,0.000000,0.000000,0.000000,0.000000
1778942951.800476,0,0.000000,0.000000,0.000000,0.000000,0.000000,0.000000,0.000000,0.000000,0.000000,0.000000
1778942951.803038,0,0.000000,0.000000,0.000000,0.000000,0.000000,0.000000,0.000000,0.000000,0.000000,0.000000
1778942951.823894,0,0.000000,0.000000,0.000000,0.000000,0.000000,0.000000,0.000000,0.000000,0.000000,0.000000
1778942951.830594,0,0.000000,0.000000,0.000000,0.000000,0.000000,0.000000,0.000000,0.000000,0.000000,0.000000
1778942951.846701,0,0.000000,0.000000,0.000000,0.000000,0.000000,0.000000,0.000000,0.000000,0.000000,0.000000
1778942951.876596,0,0.000000,0.000000,0.000000,0.000000,0.000000,0.000000,0.000000,0.000000,0.000000,0.000000
1778942951.891365,0,0.000000,0.000000,0.000000,0.000000,0.000000,0.000000,0.000000,0.000000,0.000000,0.000000
1778942951.906209,0,0.000000,0.000000,0.000000,0.000000,0.000000,0.000000,0.000000,0.000000,0.000000,0.000000
1778942951.920244,0,0.000000,0.000000,0.000000,0.000000,0.000000,0.000000,0.000000,0.000000,0.000000,0.000000
1778942951.935641,0,0.000000,0.000000,0.000000,0.000000,0.000000,0.000000,0.000000,0.000000,0.000000,0.000000
1778942951.944169,0,0.000000,0.000000,0.000000,0.000000,0.000000,0.000000,0.000000,0.000000,0.000000,0.000000
1778942951.958878,0,0.000000,0.000000,0.000000,0.000000,0.000000,0.000000,0.000000,0.000000,0.150000,0.000000
1778942951.974946,0,0.000000,0.000000,0.000000,0.000000,0.000000,0.000000,0.000000,0.000000,0.000000,0.000000
1778942951.992821,0,0.000000,0.000000,0.000000,0.000000,0.000000,0.000000,0.000000,0.000000,0.000000,0.000000
1778942952.071084,0,0.000000,0.000000,0.000000,0.000000,0.000000,0.000000,0.000000,0.000000,0.000000,0.000000
1778942952.071563,0,0.000000,0.000000,0.000000,0.000000,0.000000,0.000000,0.000000,0.000000,0.150000,0.000000
1778942952.132302,0,0.000000,0.000000,0.000000,0.000000,0.000000,0.000000,0.000000,0.000000,0.150000,0.000000
1778942952.132803,0,0.000000,0.000000,0.000000,0.000000,0.000000,0.000000,0.000000,0.000000,0.150000,0.000000
1778942952.133188,0,0.000000,0.000000,0.000000,0.000000,0.000000,0.000000,0.000000,0.000000,0.000000,0.000000
1778942952.133548,0,0.000000,0.000000,0.000000,0.000000,0.000000,0.000000,0.000000,0.000000,0.150000,0.280000
1778942952.134551,0,0.000000,0.000000,0.000000,0.000000,0.000000,0.000000,0.000000,0.000000,0.000000,0.000000
1778942952.196047,0,0.000000,0.000000,0.000000,0.000000,0.000000,0.000000,0.000000,0.000000,0.000000,0.000000
1778942952.196533,0,0.000000,0.000000,0.000000,1.000000,0.000000,0.000000,0.000000,0.000000,0.000000,0.000000
1778942952.256735,0,0.000000,1.000000,0.000000,1.000000,0.000000,0.000000,0.000000,0.000000,0.000000,0.000000
1778942952.257240,0,0.000000,1.000000,0.000000,1.000000,0.000000,0.000000,0.000000,0.000000,0.150000,0.000000
1778942952.318964,0,0.000000,1.000000,0.000000,1.000000,0.000000,0.000000,0.000000,0.000000,0.000000,0.000000
1778942952.319458,0,0.000000,1.000000,0.000000,1.000000,0.000000,0.000000,0.000000,0.000000,0.000000,0.000000
1778942952.319848,0,0.000000,1.000000,0.000000,1.000000,0.000000,0.000000,0.000000,0.000000,0.000000,0.000000
1778942952.374403,0,0.000000,1.000000,0.000000,1.000000,0.000000,0.000000,0.000000,0.000000,0.000000,0.000000
1778942952.426320,0,0.000000,1.000000,0.000000,1.000000,0.000000,0.000000,0.000000,0.000000,0.000000,0.000000
1778942952.481420,0,0.000000,1.000000,0.000000,1.000000,0.000000,0.000000,0.000000,0.000000,0.000000,0.000000
1778942952.481920,0,0.000000,1.000000,0.000000,1.000000,0.000000,0.000000,0.000000,0.000000,0.000000,0.000000
1778942952.482309,0,0.000000,1.000000,0.000000,1.000000,0.000000,0.000000,0.000000,0.000000,0.000000,0.280000
1778942952.536277,0,0.000000,1.000000,0.000000,1.000000,0.000000,0.000000,0.000000,0.000000,0.000000,0.000000
1778942952.536790,0,0.000000,1.000000,0.000000,1.000000,0.000000,0.000000,0.000000,0.000000,0.000000,0.000000
1778942952.537182,0,0.000000,1.000000,0.000000,1.000000,0.000000,0.000000,0.000000,0.000000,0.000000,0.000000
1778942952.537545,0,0.000000,1.000000,0.000000,1.000000,0.000000,0.000000,0.000000,0.000000,0.000000,0.000000
1778942952.590618,0,0.000000,1.000000,0.000000,1.000000,0.000000,0.000000,0.000000,0.000000,0.000000,0.000000
1778942952.646499,0,0.000000,1.000000,0.000000,1.000000,0.000000,0.000000,0.000000,0.000000,0.000000,0.000000
1778942952.702164,0,0.000000,1.000000,0.000000,1.000000,0.000000,0.000000,0.000000,0.000000,0.000000,0.000000
1778942952.702682,0,0.000000,1.000000,0.000000,1.000000,0.000000,0.000000,0.000000,0.000000,0.000000,0.280000
1778942952.703250,0,0.000000,1.000000,0.000000,1.000000,0.000000,0.000000,0.000000,0.000000,0.000000,0.000000
1778942952.703660,0,0.000000,1.000000,0.000000,1.000000,0.000000,0.000000,0.000000,0.000000,0.000000,0.000000
1778942952.704196,0,0.000000,1.000000,0.000000,1.000000,0.000000,0.000000,0.000000,0.000000,0.000000,0.000000
1778942952.761452,0,0.000000,1.000000,0.000000,1.000000,0.000000,0.000000,0.000000,0.000000,0.000000,0.000000
1778942952.761938,0,0.000000,1.000000,0.000000,1.000000,0.000000,0.000000,0.000000,0.000000,0.000000,0.000000
1778942952.762343,0,0.000000,1.000000,0.000000,1.000000,0.000000,0.000000,0.000000,0.000000,0.000000,0.000000
1778942952.817613,0,0.000000,1.000000,0.000000,1.000000,0.000000,0.000000,0.000000,0.000000,0.150000,0.000000
1778942952.818139,0,0.000000,1.000000,0.000000,1.000000,0.000000,0.000000,0.000000,0.000000,0.000000,0.000000
1778942952.818704,0,0.000000,1.000000,0.000000,1.000000,0.000000,0.000000,0.000000,0.000000,0.000000,0.000000
1778942952.874655,0,0.000000,1.000000,0.000000,1.000000,0.000000,0.000000,0.000000,0.000000,0.150000,0.000000
1778942952.875162,0,0.000000,1.000000,0.000000,1.000000,0.000000,0.000000,0.000000,0.000000,0.000000,0.280000
1778942952.875709,0,0.000000,1.000000,0.000000,1.000000,0.000000,0.000000,0.000000,0.000000,0.000000,0.000000
1778942952.876101,0,0.000000,1.000000,0.000000,1.000000,0.000000,0.000000,0.000000,0.000000,0.000000,0.280000
1778942952.906087,0,0.000000,1.000000,0.000000,1.000000,0.000000,0.000000,0.000000,0.000000,0.000000,0.000000
1778942952.935992,0,0.000000,1.000000,0.000000,1.000000,0.000000,0.000000,0.000000,0.000000,0.000000,0.000000
1778942952.966713,0,0.000000,1.000000,0.000000,1.000000,0.000000,0.000000,0.000000,0.000000,0.000000,0.000000
1778942952.967208,0,0.000000,1.000000,0.000000,1.000000,0.000000,0.000000,0.000000,0.000000,0.000000,0.000000
1778942953.024978,0,0.000000,1.000000,0.000000,1.000000,0.000000,0.000000,0.000000,0.000000,0.000000,0.000000
1778942953.026154,0,0.000000,1.000000,0.000000,1.000000,0.000000,0.000000,0.000000,0.000000,0.000000,0.000000
1778942953.083364,0,0.000000,1.000000,0.000000,1.000000,0.000000,0.000000,0.000000,0.000000,0.000000,0.000000
1778942953.083882,0,0.000000,1.000000,0.000000,1.000000,0.000000,0.000000,0.000000,0.000000,0.150000,0.000000
1778942953.084290,0,0.000000,1.000000,0.000000,1.000000,0.000000,0.000000,0.000000,0.000000,0.000000,0.000000
1778942953.084674,0,0.000000,1.000000,0.000000,1.000000,0.000000,0.000000,0.000000,0.000000,0.000000,0.000000
1778942953.085252,0,0.000000,1.000000,0.000000,1.000000,0.000000,0.000000,0.000000,0.000000,0.000000,0.000000
1778942953.141025,0,0.000000,1.000000,0.000000,1.000000,0.000000,0.000000,0.000000,0.000000,0.000000,0.000000
1778942953.141540,0,0.000000,1.000000,0.000000,1.000000,0.000000,0.000000,0.000000,0.000000,0.000000,0.000000
1778942953.199028,0,0.000000,1.000000,0.000000,1.000000,0.000000,0.000000,0.000000,0.000000,0.000000,0.000000
1778942953.199547,0,0.000000,1.000000,0.000000,1.000000,0.000000,0.000000,0.000000,0.000000,0.000000,0.140000
1778942953.199951,0,0.000000,1.000000,0.000000,1.000000,0.000000,0.000000,0.000000,0.000000,0.000000,0.000000
1778942953.200336,0,0.000000,1.000000,0.000000,1.000000,0.000000,0.000000,0.000000,0.000000,0.000000,0.000000
1778942953.200967,0,0.000000,1.000000,0.000000,1.000000,0.000000,0.000000,0.000000,0.000000,0.150000,0.000000
1778942953.231517,0,0.000000,1.000000,0.000000,1.000000,0.000000,0.000000,0.000000,0.000000,0.330000,0.000000
1778942953.299679,0,0.000000,1.000000,0.000000,1.000000,0.000000,0.000000,0.000000,0.000000,0.000000,0.000000
1778942953.356228,0,0.000000,1.000000,0.000000,1.000000,0.000000,0.000000,0.000000,0.000000,0.000000,0.140000
1778942953.356736,0,0.000000,1.000000,0.000000,1.000000,0.000000,0.000000,0.000000,0.000000,0.000000,0.000000
1778942953.357128,0,0.000000,1.000000,0.000000,1.000000,0.000000,0.000000,0.000000,0.000000,0.000000,0.000000
1778942953.357534,0,0.000000,1.000000,0.000000,1.000000,0.000000,0.000000,0.000000,0.000000,0.000000,0.000000
1778942953.357916,0,0.000000,1.000000,0.000000,1.000000,0.000000,0.000000,0.000000,0.000000,0.000000,0.000000
1778942953.358280,0,0.000000,1.000000,0.000000,1.000000,0.000000,0.000000,0.000000,0.000000,0.000000,0.000000
1778942953.358892,0,0.000000,1.000000,0.000000,1.000000,0.000000,0.000000,0.000000,0.000000,0.000000,0.000000
1778942953.359365,0,0.000000,1.000000,0.000000,1.000000,0.000000,0.000000,0.000000,0.000000,0.000000,0.000000
1778942953.416254,0,0.000000,1.000000,0.000000,1.000000,0.000000,0.000000,0.000000,0.000000,0.000000,0.000000
1778942953.416934,0,0.000000,1.000000,0.000000,1.000000,0.000000,0.000000,0.000000,0.000000,0.000000,0.000000
1778942953.417361,0,0.000000,1.000000,0.000000,1.000000,0.000000,0.000000,0.000000,0.000000,0.000000,0.000000
1778942953.473210,0,0.000000,1.000000,0.000000,1.000000,0.000000,0.000000,0.000000,0.000000,0.000000,0.140000
1778942953.473913,0,0.000000,1.000000,0.000000,1.000000,0.000000,0.000000,0.000000,0.000000,0.000000,0.000000
1778942953.530240,0,0.000000,1.000000,0.000000,1.000000,0.000000,0.000000,0.000000,0.000000,0.150000,0.000000
1778942953.530747,0,0.000000,1.000000,0.000000,1.000000,0.000000,0.000000,0.000000,0.000000,0.150000,0.000000
1778942953.531146,0,0.000000,1.000000,0.000000,1.000000,0.000000,0.000000,0.000000,0.000000,0.000000,0.000000
1778942953.531529,0,0.000000,1.000000,0.000000,1.000000,0.000000,0.000000,0.000000,0.000000,0.000000,0.000000
1778942953.532078,0,0.000000,1.000000,0.000000,1.000000,0.000000,0.000000,0.000000,0.000000,0.000000,0.000000
1778942953.532504,0,0.000000,1.000000,0.000000,1.000000,0.000000,0.000000,0.000000,0.000000,0.000000,0.000000
1778942953.588705,0,0.000000,1.000000,0.000000,1.000000,0.000000,0.000000,0.000000,0.000000,0.000000,0.000000
1778942953.589257,0,0.000000,1.000000,0.000000,1.000000,0.000000,0.000000,0.000000,0.000000,0.000000,0.000000
1778942953.589828,0,0.000000,1.000000,0.000000,1.000000,0.000000,0.000000,0.000000,0.000000,0.000000,0.000000
1778942953.646199,0,0.000000,1.000000,0.000000,1.000000,0.000000,0.000000,0.000000,0.000000,0.150000,0.000000
1778942953.646761,0,0.000000,1.000000,0.000000,1.000000,0.000000,0.000000,0.000000,0.000000,0.000000,0.000000
1778942953.647196,0,0.000000,1.000000,0.000000,1.000000,0.000000,0.000000,0.000000,0.000000,0.000000,0.000000
1778942953.647724,0,0.000000,1.000000,0.000000,1.000000,0.000000,0.000000,0.000000,0.000000,0.000000,0.000000
1778942953.703835,0,0.000000,1.000000,0.000000,1.000000,0.000000,0.000000,0.000000,0.000000,0.000000,0.000000
1778942953.704385,0,0.000000,1.000000,0.000000,1.000000,0.000000,0.000000,0.000000,0.000000,0.000000,0.280000
1778942953.704805,0,0.000000,1.000000,0.000000,1.000000,0.000000,0.000000,0.000000,0.000000,0.000000,0.000000
1778942953.760959,0,0.000000,1.000000,0.000000,1.000000,0.000000,0.000000,0.000000,0.000000,0.000000,0.000000
1778942953.816728,0,0.000000,1.000000,0.000000,1.000000,0.000000,0.000000,0.000000,0.000000,0.000000,0.000000
1778942953.817234,0,0.000000,1.000000,0.000000,1.000000,0.000000,0.000000,0.000000,0.000000,0.000000,0.000000
1778942953.817632,0,0.000000,1.000000,0.000000,1.000000,0.000000,0.000000,0.000000,0.000000,0.000000,0.000000
1778942953.818159,0,0.000000,1.000000,0.000000,1.000000,0.000000,0.000000,0.000000,0.000000,0.000000,0.000000
1778942953.873909,0,0.000000,1.000000,0.000000,1.000000,0.000000,0.000000,0.000000,0.000000,0.000000,0.000000
1778942953.874429,0,0.000000,1.000000,0.000000,1.000000,0.000000,0.000000,0.000000,0.000000,0.000000,0.000000
1778942953.874995,0,0.000000,1.000000,0.000000,1.000000,0.000000,0.000000,0.000000,0.000000,0.000000,0.140000
1778942953.931554,0,0.000000,1.000000,0.000000,1.000000,0.000000,0.000000,0.000000,0.000000,0.000000,0.000000
1778942953.932071,0,0.000000,1.000000,0.000000,1.000000,0.000000,0.000000,0.000000,0.000000,0.000000,0.000000
1778942953.932472,0,0.000000,1.000000,0.000000,1.000000,0.000000,0.000000,0.000000,0.000000,0.000000,0.000000
1778942953.932841,0,0.000000,1.000000,0.000000,1.000000,0.000000,0.000000,0.000000,0.000000,0.000000,0.140000
1778942953.933214,0,0.000000,1.000000,0.000000,1.000000,0.000000,0.000000,0.000000,0.000000,0.000000,0.000000
1778942953.990237,0,0.000000,1.000000,0.000000,1.000000,0.000000,0.000000,0.000000,0.000000,0.000000,0.000000
1778942953.990762,0,0.000000,1.000000,0.000000,1.000000,0.000000,0.000000,0.000000,0.000000,0.000000,0.140000
1778942953.991323,0,0.000000,1.000000,0.000000,1.000000,0.000000,0.000000,0.000000,0.000000,0.000000,0.000000
1778942954.046649,0,0.000000,1.000000,0.000000,1.000000,0.000000,0.000000,0.000000,0.000000,0.000000,0.000000
1778942954.117113,0,0.000000,1.000000,0.000000,1.000000,0.000000,0.000000,0.000000,0.000000,0.000000,0.000000
1778942954.174168,0,0.000000,1.000000,0.000000,1.000000,0.000000,0.000000,0.000000,0.000000,0.000000,0.000000
1778942954.174849,0,0.000000,1.000000,0.000000,1.000000,0.000000,0.000000,0.000000,0.000000,0.000000,0.000000
1778942954.175265,0,0.000000,1.000000,0.000000,1.000000,0.000000,0.000000,0.000000,0.000000,0.000000,0.000000
1778942954.175640,0,0.000000,1.000000,0.000000,1.000000,0.000000,0.000000,0.000000,0.000000,0.000000,0.000000
1778942954.176023,0,0.000000,1.000000,0.000000,1.000000,0.000000,0.000000,0.000000,0.000000,0.000000,0.000000
1778942954.232063,0,0.000000,1.000000,0.000000,0.000000,0.000000,0.000000,0.000000,0.000000,0.000000,0.000000
1778942954.232560,0,0.000000,1.000000,0.000000,0.000000,0.000000,0.000000,0.000000,0.000000,0.000000,0.000000
1778942954.288273,0,0.000000,0.000000,0.000000,0.000000,0.000000,0.000000,0.000000,0.000000,0.000000,0.000000
1778942954.288774,0,0.000000,0.000000,0.000000,0.000000,0.000000,0.000000,0.000000,0.000000,0.000000,0.000000
1778942954.347174,0,0.000000,0.000000,0.000000,0.000000,0.000000,0.000000,0.000000,0.000000,0.000000,0.000000
1778942954.347677,0,0.000000,0.000000,0.000000,0.000000,0.000000,0.000000,0.000000,0.000000,0.000000,0.000000
1778942954.348069,0,0.000000,0.000000,0.000000,0.000000,0.000000,0.000000,0.000000,0.000000,0.000000,0.000000
1778942954.348726,0,0.000000,0.000000,0.000000,0.000000,0.000000,0.000000,0.000000,0.000000,0.150000,0.000000
1778942954.349174,0,0.000000,0.000000,0.000000,0.000000,0.000000,0.000000,0.000000,0.000000,0.000000,0.000000
1778942954.349817,0,0.000000,0.000000,0.000000,0.000000,0.000000,0.000000,0.000000,0.000000,0.000000,0.000000
1778942954.350398,0,0.000000,0.000000,0.000000,0.000000,0.000000,0.000000,0.000000,0.000000,0.000000,0.000000
1778942954.381164,0,0.000000,0.000000,0.000000,0.000000,0.000000,0.000000,0.000000,0.000000,0.000000,0.000000
1778942954.411585,0,0.000000,0.000000,0.000000,0.000000,0.000000,0.000000,0.000000,0.000000,0.000000,0.000000
1778942954.469486,0,0.000000,0.000000,0.000000,0.000000,0.000000,0.000000,0.000000,0.000000,0.000000,0.000000
1778942954.469995,0,0.000000,0.000000,0.000000,0.000000,0.000000,0.000000,0.000000,0.000000,0.000000,0.000000
1778942954.470411,0,0.000000,0.000000,0.000000,0.000000,0.000000,0.000000,0.000000,0.000000,0.000000,0.000000
1778942954.470786,0,0.000000,0.000000,0.000000,0.000000,0.000000,0.000000,0.000000,0.000000,0.000000,0.000000
1778942954.471195,0,0.000000,0.000000,0.000000,0.000000,0.000000,0.000000,0.000000,0.000000,0.000000,0.000000
1778942954.471582,0,0.000000,0.000000,0.000000,0.000000,0.000000,0.000000,0.000000,0.000000,0.000000,0.000000
1778942954.528934,0,0.000000,0.000000,0.000000,0.000000,0.000000,0.000000,0.000000,0.000000,0.000000,0.000000
1778942954.529439,0,0.000000,0.000000,0.000000,0.000000,0.000000,0.000000,0.000000,0.000000,0.000000,0.000000
1778942954.529994,0,0.000000,0.000000,0.000000,0.000000,0.000000,0.000000,0.000000,0.000000,0.000000,0.000000
1778942954.530394,0,0.000000,0.000000,0.000000,0.000000,0.000000,0.000000,0.000000,0.000000,0.000000,0.000000
1778942954.589547,0,0.000000,0.000000,0.000000,0.000000,0.000000,0.000000,0.000000,0.000000,0.000000,0.000000
1778942954.645836,0,0.000000,0.000000,0.000000,0.000000,0.000000,0.000000,0.000000,0.000000,0.000000,0.000000
1778942954.646348,0,0.000000,0.000000,0.000000,0.000000,0.000000,0.000000,0.000000,0.000000,0.000000,0.140000
1778942954.647085,0,0.000000,0.000000,0.000000,0.000000,0.000000,0.000000,0.000000,0.000000,0.000000,0.000000
1778942954.703842,0,0.000000,0.000000,0.000000,0.000000,0.000000,0.000000,0.000000,0.000000,0.000000,0.000000
1778942954.704378,0,0.000000,0.000000,0.000000,0.000000,0.000000,0.000000,0.000000,0.000000,0.000000,0.000000
1778942954.704942,0,0.000000,0.000000,0.000000,0.000000,0.000000,0.000000,0.000000,0.000000,0.000000,0.000000
1778942954.762623,0,0.000000,0.000000,0.000000,0.000000,0.000000,0.000000,0.000000,0.000000,0.000000,0.000000
1778942954.763096,0,0.000000,0.000000,0.000000,0.000000,0.000000,0.000000,0.000000,0.000000,0.000000,0.000000
1778942954.763474,0,0.000000,0.000000,0.000000,0.000000,0.000000,0.000000,0.000000,0.000000,0.000000,0.000000
1778942954.763856,0,0.000000,0.000000,0.000000,0.000000,0.000000,0.000000,0.000000,0.000000,0.330000,0.000000
1778942954.764408,0,0.000000,0.000000,0.000000,0.000000,0.000000,0.000000,0.000000,0.000000,0.000000,0.000000
1778942954.764837,0,0.000000,0.000000,0.000000,0.000000,0.000000,0.000000,0.000000,0.000000,0.000000,0.000000
1778942954.822081,0,0.000000,0.000000,0.000000,0.000000,0.000000,0.000000,0.000000,0.000000,0.000000,0.000000
1778942954.822594,0,0.000000,0.000000,0.000000,0.000000,0.000000,0.000000,0.000000,0.000000,0.150000,0.000000
1778942954.822991,0,0.000000,0.000000,0.000000,0.000000,0.000000,0.000000,0.000000,0.000000,0.000000,0.000000
1778942954.879622,0,0.000000,0.000000,0.000000,0.000000,0.000000,0.000000,0.000000,0.000000,0.000000,0.000000
1778942954.880187,0,0.000000,0.000000,0.000000,0.000000,0.000000,0.000000,0.000000,0.000000,0.000000,0.000000
1778942954.880609,0,0.000000,0.000000,0.000000,0.000000,0.000000,0.000000,0.000000,0.000000,0.000000,0.000000
1778942954.881020,0,0.000000,0.000000,0.000000,0.000000,0.000000,0.000000,0.000000,0.000000,0.000000,0.000000
1778942954.881618,0,0.000000,0.000000,0.000000,0.000000,0.000000,0.000000,0.000000,0.000000,0.000000,0.000000
1778942954.937496,0,0.000000,0.000000,0.000000,0.000000,0.000000,0.000000,0.000000,0.000000,0.150000,0.000000
1778942954.937996,0,0.000000,0.000000,0.000000,0.000000,0.000000,0.000000,0.000000,0.000000,0.000000,0.000000
1778942954.938389,0,0.000000,0.000000,0.000000,0.000000,0.000000,0.000000,0.000000,0.000000,0.000000,0.000000
1778942954.995521,0,0.000000,0.000000,0.000000,0.000000,0.000000,0.000000,0.000000,0.000000,0.000000,0.000000
1778942954.996045,0,0.000000,0.000000,0.000000,0.000000,0.000000,0.000000,0.000000,0.000000,0.000000,0.000000
1778942954.996444,0,0.000000,0.000000,0.000000,0.000000,0.000000,0.000000,0.000000,0.000000,0.000000,0.000000
1778942955.062294,0,0.000000,0.000000,0.000000,0.000000,0.000000,0.000000,0.000000,0.000000,0.000000,0.000000
1778942955.120543,0,0.000000,0.000000,0.000000,0.000000,0.000000,0.000000,0.000000,0.000000,0.000000,0.000000
1778942955.121053,0,0.000000,0.000000,0.000000,0.000000,0.000000,0.000000,0.000000,0.000000,0.000000,0.000000
1778942955.121450,0,0.000000,0.000000,0.000000,0.000000,0.000000,0.000000,0.000000,0.000000,0.000000,0.000000
1778942955.121822,0,0.000000,0.000000,0.000000,0.000000,0.000000,0.000000,0.000000,0.000000,0.000000,0.000000
1778942955.122202,0,0.000000,0.000000,0.000000,0.000000,0.000000,0.000000,0.000000,0.000000,0.000000,0.000000
1778942955.179130,0,0.000000,0.000000,0.000000,0.000000,0.000000,0.000000,0.000000,0.000000,0.000000,0.000000
1778942955.179635,0,0.000000,0.000000,0.000000,0.000000,0.000000,0.000000,0.000000,0.000000,0.000000,0.000000
1778942955.180033,0,0.000000,0.000000,0.000000,0.000000,0.000000,0.000000,0.000000,0.000000,0.000000,0.000000
1778942955.180568,0,0.000000,0.000000,0.000000,0.000000,0.000000,0.000000,0.000000,0.000000,0.000000,0.000000
1778942955.211115,0,0.000000,0.000000,0.000000,0.000000,0.000000,0.000000,0.000000,0.000000,0.000000,0.000000
1778942955.241729,0,0.000000,0.000000,0.000000,0.000000,0.000000,0.000000,0.000000,0.000000,0.000000,0.000000
1778942955.272621,0,0.000000,0.000000,0.000000,0.000000,0.000000,0.000000,0.000000,0.000000,0.000000,0.000000
1778942955.303928,0,0.000000,0.000000,0.000000,0.000000,0.000000,0.000000,0.000000,0.000000,0.000000,0.000000
1778942955.304487,0,0.000000,0.000000,0.000000,0.000000,0.000000,0.000000,0.000000,0.000000,0.000000,0.000000
1778942955.304892,0,0.000000,0.000000,0.000000,0.000000,0.000000,0.000000,0.000000,0.000000,0.000000,0.000000
1778942955.305274,0,0.000000,0.000000,0.000000,0.000000,0.000000,0.000000,0.000000,0.000000,0.210000,0.000000
1778942955.336765,0,0.000000,0.000000,0.000000,0.000000,0.000000,0.000000,0.000000,0.000000,0.210000,0.000000
1778942955.337263,0,0.000000,0.000000,0.000000,0.000000,0.000000,0.000000,0.000000,0.000000,0.210000,0.000000
1778942955.368422,0,0.000000,0.000000,0.000000,0.000000,0.000000,0.000000,0.000000,0.000000,0.210000,0.000000
1778942955.368942,0,0.000000,0.000000,0.000000,0.000000,0.000000,0.000000,0.000000,0.000000,0.210000,0.000000
1778942955.400959,0,0.000000,0.000000,0.000000,0.000000,0.000000,0.000000,0.000000,0.000000,0.210000,0.000000
1778942955.432543,0,0.000000,0.000000,0.000000,0.000000,0.000000,0.000000,0.000000,0.000000,0.210000,0.000000
1778942955.433025,0,0.000000,0.000000,0.000000,0.000000,0.000000,0.000000,0.000000,0.000000,0.440000,0.000000
1778942955.464041,0,0.000000,0.000000,0.000000,0.000000,0.000000,0.000000,0.000000,0.000000,0.210000,0.000000
1778942955.464558,0,0.000000,0.000000,0.000000,0.000000,0.000000,0.000000,0.000000,0.000000,0.440000,0.000000
1778942955.464964,0,0.000000,0.000000,0.000000,0.000000,0.000000,0.000000,0.000000,0.000000,0.210000,0.000000
1778942955.495655,0,0.000000,0.000000,0.000000,0.000000,0.000000,0.000000,0.000000,0.000000,1.580000,0.000000
1778942955.496165,0,0.000000,0.000000,0.000000,0.000000,0.000000,0.000000,0.000000,0.000000,0.210000,0.000000
1778942955.496701,0,0.000000,0.000000,0.000000,0.000000,0.000000,0.000000,0.000000,0.000000,0.210000,0.000000
1778942955.527384,0,0.000000,0.000000,0.000000,0.000000,0.000000,0.000000,0.000000,0.000000,0.210000,0.000000
1778942955.528002,0,0.000000,0.000000,0.000000,0.000000,0.000000,0.000000,0.000000,0.000000,0.210000,0.000000
1778942955.559084,0,0.000000,0.000000,0.000000,0.000000,0.000000,0.000000,0.000000,0.000000,0.210000,0.000000
1778942955.590129,0,0.000000,0.000000,0.000000,0.000000,0.000000,0.000000,0.000000,0.000000,0.440000,0.000000
1778942955.590635,0,0.000000,0.000000,0.000000,0.000000,0.000000,0.000000,0.000000,0.000000,0.210000,0.000000
1778942955.591014,0,0.000000,0.000000,0.000000,0.000000,0.000000,0.000000,0.000000,0.000000,0.210000,0.000000
1778942955.621542,0,0.000000,0.000000,0.000000,0.000000,0.000000,0.000000,0.000000,0.000000,0.210000,0.000000
1778942955.622059,0,0.000000,0.000000,0.000000,0.000000,0.000000,0.000000,0.000000,0.000000,0.210000,0.000000
1778942955.653195,0,0.000000,0.000000,0.000000,0.000000,0.000000,0.000000,0.000000,0.000000,0.210000,0.000000
1778942955.684464,0,0.000000,0.000000,0.000000,0.000000,0.000000,0.000000,0.000000,0.000000,0.210000,0.000000
1778942955.742482,0,0.000000,0.000000,0.000000,0.000000,0.000000,0.000000,0.000000,0.000000,0.210000,0.000000
1778942955.772946,0,0.000000,0.000000,0.000000,0.000000,0.000000,0.000000,0.000000,0.000000,0.440000,0.000000
1778942955.803914,0,0.000000,0.000000,0.000000,0.000000,0.000000,0.000000,0.000000,0.000000,0.210000,0.000000
1778942955.804443,0,0.000000,0.000000,0.000000,0.000000,0.000000,0.000000,0.000000,0.000000,0.210000,0.000000
1778942955.805012,0,0.000000,0.000000,0.000000,0.000000,0.000000,0.000000,0.000000,0.000000,0.210000,0.000000
1778942955.836847,0,0.000000,0.000000,0.000000,0.000000,0.050000,0.000000,0.000000,0.000000,0.210000,0.000000
1778942955.867574,0,0.000000,0.000000,0.000000,0.000000,0.000000,0.000000,0.000000,0.000000,1.350000,0.000000
1778942955.868116,0,0.000000,0.000000,0.000000,0.000000,0.280000,0.000000,0.000000,0.000000,0.210000,0.000000
1778942955.868524,0,0.000000,0.000000,0.000000,0.000000,0.600000,0.000000,0.000000,0.000000,0.210000,0.000000
1778942955.900965,0,0.000000,0.000000,0.000000,0.000000,0.930000,0.000000,0.000000,0.000000,0.210000,0.000000
1778942955.901488,0,0.000000,0.000000,0.000000,0.000000,1.000000,0.000000,0.000000,0.000000,0.440000,0.000000
1778942955.901890,0,0.000000,0.000000,0.000000,0.000000,1.000000,0.000000,0.000000,0.000000,0.210000,0.000000
1778942955.932295,0,0.000000,0.000000,0.000000,0.000000,0.100000,0.000000,0.000000,0.000000,0.210000,0.000000
1778942955.932805,0,0.000000,0.000000,0.000000,0.000000,0.030000,0.000000,0.000000,0.000000,0.440000,0.000000
1778942955.933211,0,0.000000,0.000000,0.000000,0.000000,0.360000,0.000000,0.000000,0.000000,0.210000,0.000000
1778942955.964365,0,0.000000,0.000000,0.000000,0.000000,0.150000,0.000000,0.000000,0.000000,0.210000,0.000000
1778942955.964907,0,0.000000,0.000000,0.000000,0.000000,0.510000,0.000000,0.000000,0.000000,0.670000,0.000000
1778942955.996638,0,0.000000,0.000000,0.000000,0.000000,0.870000,0.000000,0.000000,0.000000,0.670000,0.000000
1778942955.997136,0,0.000000,0.000000,0.000000,0.000000,1.000000,0.000000,0.000000,0.000000,0.210000,0.000000
1778942956.027910,0,0.000000,0.000000,0.000000,0.000000,1.000000,0.000000,0.000000,0.000000,0.440000,0.000000
1778942956.059229,0,0.000000,0.000000,0.000000,0.000000,1.000000,0.000000,0.000000,0.000000,0.210000,0.140000
1778942956.059872,0,0.000000,0.000000,0.000000,0.000000,1.000000,0.000000,0.000000,0.000000,0.210000,0.000000
1778942956.091194,0,0.000000,0.000000,0.000000,0.000000,1.000000,0.000000,0.000000,0.000000,0.440000,0.000000
1778942956.091708,0,0.000000,0.000000,0.000000,0.000000,1.000000,0.000000,0.000000,0.000000,0.210000,0.000000
1778942956.123670,0,0.000000,0.000000,0.000000,0.000000,1.000000,0.000000,0.000000,0.000000,0.210000,0.000000
1778942956.124181,0,0.000000,0.000000,0.000000,0.000000,1.000000,0.000000,0.000000,0.000000,0.000000,0.000000
1778942956.124578,0,0.000000,0.000000,0.000000,0.000000,1.000000,0.000000,0.000000,0.000000,0.210000,0.000000
1778942956.155679,0,0.000000,0.000000,0.000000,0.000000,0.200000,0.000000,0.000000,0.000000,1.580000,0.000000
1778942956.156208,0,0.000000,0.000000,0.000000,0.000000,0.540000,0.000000,0.000000,0.000000,0.440000,0.000000
1778942956.156605,0,0.000000,0.000000,0.000000,0.000000,0.920000,0.000000,0.000000,0.000000,0.210000,0.000000
1778942956.187770,0,0.000000,0.000000,0.000000,0.000000,0.310000,0.000000,0.000000,0.000000,0.210000,0.000000
1778942956.219114,0,0.000000,0.000000,0.000000,1.000000,0.810000,0.000000,0.000000,0.000000,0.210000,0.000000
1778942956.219658,0,0.000000,0.000000,0.000000,1.000000,1.000000,0.000000,0.000000,0.000000,0.440000,0.000000
1778942956.220063,0,0.000000,0.000000,0.000000,1.000000,0.100000,0.000000,0.000000,0.000000,0.210000,0.000000
1778942956.250843,0,0.000000,1.000000,0.000000,1.000000,0.500000,0.000000,0.000000,0.000000,0.210000,0.000000
1778942956.281845,0,0.000000,1.000000,0.000000,1.000000,0.850000,0.000000,0.000000,0.000000,0.210000,0.000000
1778942956.282336,0,0.000000,1.000000,0.000000,1.000000,1.000000,0.000000,0.000000,0.000000,0.210000,0.000000
1778942956.312609,0,0.000000,1.000000,0.000000,1.000000,1.000000,0.000000,0.000000,0.000000,0.210000,0.000000
1778942956.313129,0,0.000000,1.000000,0.000000,1.000000,0.100000,0.000000,0.000000,0.000000,0.210000,0.000000
1778942956.313524,0,0.000000,1.000000,0.000000,1.000000,0.360000,0.000000,0.000000,0.000000,0.210000,0.000000
1778942956.371561,0,0.000000,1.000000,0.000000,1.000000,0.000000,0.000000,0.000000,0.000000,0.670000,0.000000
1778942956.372076,0,0.000000,1.000000,0.000000,1.000000,0.280000,0.000000,0.000000,0.000000,0.210000,0.000000
1778942956.372473,0,0.000000,1.000000,0.000000,1.000000,0.550000,0.000000,0.000000,0.000000,0.210000,0.000000
1778942956.372843,0,0.000000,1.000000,0.000000,1.000000,0.850000,0.000000,0.000000,0.000000,0.000000,0.000000
1778942956.373379,0,0.000000,1.000000,0.000000,1.000000,0.200000,0.000000,0.000000,0.000000,0.210000,0.000000
1778942956.373823,0,0.000000,1.000000,0.000000,1.000000,0.460000,0.000000,0.000000,0.000000,0.210000,0.000000
1778942956.430923,0,0.000000,1.000000,0.000000,1.000000,0.760000,0.000000,0.000000,0.000000,0.210000,0.000000
1778942956.431631,0,0.000000,1.000000,0.000000,1.000000,1.000000,0.000000,0.000000,0.000000,0.210000,0.000000
1778942956.432087,0,0.000000,1.000000,0.000000,1.000000,1.000000,0.000000,0.000000,0.000000,0.210000,0.000000
1778942956.489339,0,0.000000,1.000000,0.000000,1.000000,1.000000,0.000000,0.000000,0.000000,0.210000,0.000000
1778942956.489876,0,0.000000,1.000000,0.000000,1.000000,0.100000,0.000000,0.000000,0.000000,0.210000,0.000000
1778942956.490423,0,0.000000,1.000000,0.000000,1.000000,0.340000,0.000000,0.000000,0.000000,0.210000,0.000000
1778942956.547531,0,0.000000,1.000000,0.000000,1.000000,0.610000,0.000000,0.000000,0.000000,0.210000,0.000000
1778942956.548046,0,0.000000,1.000000,0.000000,1.000000,0.860000,0.000000,0.000000,0.000000,0.210000,0.000000
1778942956.548442,0,0.000000,1.000000,0.000000,1.000000,0.150000,0.000000,0.000000,0.000000,0.210000,0.000000
1778942956.548974,0,0.000000,1.000000,0.000000,1.000000,0.370000,0.000000,0.000000,0.000000,0.210000,0.000000
1778942956.549397,0,0.000000,1.000000,0.000000,1.000000,0.610000,0.000000,0.000000,0.000000,0.210000,0.000000
1778942956.606931,0,0.000000,1.000000,0.000000,1.000000,0.810000,0.000000,0.000000,0.000000,0.440000,0.000000
1778942956.607495,0,0.000000,1.000000,0.000000,1.000000,1.000000,0.000000,0.000000,0.000000,0.210000,0.000000
1778942956.608055,0,0.000000,1.000000,0.000000,1.000000,1.000000,0.000000,0.000000,0.000000,0.210000,0.000000
1778942956.608450,0,0.000000,1.000000,0.000000,1.000000,1.000000,0.000000,0.000000,0.000000,0.210000,0.000000
1778942956.665564,0,0.000000,1.000000,0.000000,1.000000,0.070000,0.000000,0.000000,0.000000,0.210000,0.000000
1778942956.726924,0,0.000000,1.000000,0.000000,1.000000,0.250000,0.000000,0.000000,0.000000,0.210000,0.000000
1778942956.783772,0,0.000000,1.000000,0.000000,1.000000,0.430000,0.000000,0.000000,0.000000,0.210000,0.000000
1778942956.841617,0,0.000000,1.000000,0.000000,1.000000,0.600000,0.000000,0.000000,0.000000,0.440000,0.000000
1778942956.842188,0,0.000000,1.000000,0.000000,1.000000,0.790000,0.000000,0.000000,0.000000,0.210000,0.000000
1778942956.842738,0,0.000000,1.000000,0.000000,1.000000,0.400000,0.000000,0.000000,0.000000,0.210000,0.140000
1778942956.900023,0,0.000000,1.000000,0.000000,1.000000,0.750000,0.000000,0.000000,0.000000,0.210000,0.000000
1778942956.900526,0,0.000000,1.000000,0.000000,1.000000,1.000000,0.000000,0.000000,0.000000,0.210000,0.000000
1778942956.901064,0,0.000000,1.000000,0.000000,1.000000,1.000000,0.000000,0.000000,0.000000,0.210000,0.000000
1778942956.989480,0,0.000000,1.000000,0.000000,1.000000,1.000000,0.000000,0.000000,0.000000,0.210000,0.000000
1778942957.048382,0,0.000000,1.000000,0.000000,1.000000,1.000000,0.000000,0.000000,0.000000,0.670000,0.000000
1778942957.048891,0,0.000000,1.000000,0.000000,1.000000,1.000000,0.000000,0.000000,0.000000,0.210000,0.000000
1778942957.049290,0,0.000000,1.000000,0.000000,1.000000,0.310000,0.000000,0.000000,0.000000,0.210000,0.000000
1778942957.049837,0,0.000000,1.000000,0.000000,1.000000,0.340000,0.000000,0.000000,0.000000,0.210000,0.000000
1778942957.050241,0,0.000000,1.000000,0.000000,1.000000,1.000000,0.000000,0.000000,0.000000,0.210000,0.000000
1778942957.107982,0,0.000000,1.000000,0.000000,1.000000,1.000000,0.000000,0.000000,0.000000,0.210000,0.280000
1778942957.108513,0,0.000000,1.000000,0.000000,1.000000,1.000000,0.000000,0.000000,0.000000,0.210000,0.000000
1778942957.108921,0,0.000000,1.000000,0.000000,1.000000,0.050000,0.000000,0.000000,0.000000,0.210000,0.000000
1778942957.109514,0,0.000000,1.000000,0.000000,1.000000,0.020000,0.000000,0.000000,0.000000,0.210000,0.000000
1778942957.168407,0,0.000000,1.000000,0.000000,1.000000,0.250000,0.000000,0.000000,0.000000,0.210000,0.000000
1778942957.169077,0,0.000000,1.000000,0.000000,1.000000,0.470000,0.000000,0.000000,0.000000,0.210000,0.000000
1778942957.169489,0,0.000000,1.000000,0.000000,1.000000,0.700000,0.000000,0.000000,0.000000,0.210000,0.000000
1778942957.169864,0,0.000000,1.000000,0.000000,1.000000,0.950000,0.000000,0.000000,0.000000,0.210000,0.000000
1778942957.226848,0,0.000000,1.000000,0.000000,1.000000,1.000000,0.000000,0.000000,0.000000,0.670000,0.140000
1778942957.227360,0,0.000000,1.000000,0.000000,1.000000,1.000000,0.000000,0.000000,0.000000,0.440000,0.000000
1778942957.227760,0,0.000000,1.000000,0.000000,1.000000,1.000000,0.000000,0.000000,0.000000,0.210000,0.140000
1778942957.228132,0,0.000000,1.000000,0.000000,1.000000,1.000000,0.000000,0.000000,0.000000,0.210000,0.000000
1778942957.259544,0,0.000000,1.000000,0.000000,1.000000,1.000000,0.000000,0.000000,0.000000,0.440000,0.000000
1778942957.290420,0,0.000000,1.000000,0.000000,1.000000,1.000000,0.000000,0.000000,0.000000,0.000000,0.000000
1778942957.321855,0,0.000000,1.000000,0.000000,1.000000,0.000000,0.000000,0.000000,0.000000,0.670000,0.000000
1778942957.353376,0,0.000000,1.000000,0.000000,1.000000,0.140000,0.000000,0.000000,0.000000,0.440000,0.000000
1778942957.353875,0,0.000000,1.000000,0.000000,1.000000,0.280000,0.000000,0.000000,0.000000,0.210000,0.000000
1778942957.354266,0,0.000000,1.000000,0.000000,1.000000,0.410000,0.000000,0.000000,0.000000,0.210000,0.000000
1778942957.413733,0,0.000000,1.000000,0.000000,1.000000,0.560000,0.000000,0.000000,0.000000,0.210000,0.000000
1778942957.414369,0,0.000000,1.000000,0.000000,1.000000,0.010000,0.000000,0.000000,0.000000,0.210000,0.000000
1778942957.414777,0,0.000000,1.000000,0.000000,1.000000,0.180000,0.000000,0.000000,0.000000,0.210000,0.000000
1778942957.415159,0,0.000000,1.000000,0.000000,1.000000,0.140000,0.000000,0.000000,0.000000,0.210000,0.000000
1778942957.415539,0,0.000000,1.000000,0.000000,1.000000,0.470000,0.000000,0.000000,0.000000,0.210000,0.000000
1778942957.472809,0,0.000000,1.000000,0.000000,1.000000,0.640000,0.000000,0.000000,0.000000,0.210000,0.000000
1778942957.530026,0,0.000000,1.000000,0.000000,1.000000,0.830000,0.000000,0.000000,0.000000,0.210000,0.000000
1778942957.530514,0,0.000000,1.000000,0.000000,1.000000,1.000000,0.000000,0.000000,0.000000,0.210000,0.000000
1778942957.530898,0,0.000000,1.000000,0.000000,1.000000,1.000000,0.000000,0.000000,0.000000,0.210000,0.000000
1778942957.531289,0,0.000000,1.000000,0.000000,1.000000,1.000000,0.000000,0.000000,0.000000,0.210000,0.000000
1778942957.588670,0,0.000000,1.000000,0.000000,1.000000,1.000000,0.000000,0.000000,0.000000,0.210000,0.000000
1778942957.664228,0,0.000000,1.000000,0.000000,1.000000,1.000000,0.000000,0.000000,0.000000,0.210000,0.000000
1778942957.765312,0,0.000000,1.000000,0.000000,1.000000,1.000000,0.000000,0.000000,0.000000,0.440000,0.000000
1778942957.827858,0,0.000000,1.000000,0.000000,1.000000,1.000000,0.000000,0.000000,0.000000,0.210000,0.000000
1778942957.884650,0,0.000000,1.000000,0.000000,1.000000,0.200000,0.000000,0.000000,0.000000,0.210000,0.000000
1778942957.943079,0,0.000000,1.000000,0.000000,1.000000,0.510000,0.000000,0.000000,0.000000,0.210000,0.000000
1778942958.001319,0,0.000000,1.000000,0.000000,1.000000,0.030000,0.000000,0.000000,0.000000,0.210000,0.000000
1778942958.077174,0,0.000000,1.000000,0.000000,1.000000,0.230000,0.000000,0.000000,0.000000,0.440000,0.000000
1778942958.135148,0,0.000000,1.000000,0.000000,1.000000,0.870000,0.000000,0.000000,0.000000,0.210000,0.280000
1778942958.193126,0,0.000000,1.000000,0.000000,1.000000,0.070000,0.000000,0.000000,0.000000,0.210000,0.000000
1778942958.193832,0,0.000000,1.000000,0.000000,1.000000,0.930000,0.000000,0.000000,0.000000,0.210000,0.000000
1778942958.296675,0,0.000000,1.000000,0.000000,1.000000,0.030000,0.000000,0.000000,0.000000,0.210000,0.000000
1778942958.330550,0,0.000000,1.000000,0.000000,1.000000,0.010000,0.000000,0.000000,0.000000,0.210000,0.000000
1778942958.362970,0,0.000000,1.000000,0.000000,1.000000,0.000000,0.000000,0.000000,15.570000,0.440000,0.000000
1778942958.395017,0,0.000000,1.000000,0.000000,0.000000,0.370000,0.000000,0.000000,29.890000,0.210000,0.000000
1778942958.395521,0,0.000000,0.000000,0.000000,0.000000,0.750000,0.000000,0.000000,0.000000,0.210000,0.000000
1778942958.427510,0,0.000000,0.000000,0.000000,0.000000,0.140000,0.000000,0.000000,0.000000,0.440000,0.000000
1778942958.458983,0,0.000000,0.000000,0.000000,0.000000,0.610000,0.000000,0.000000,0.000000,0.210000,0.000000
1778942958.517348,0,0.000000,0.000000,0.000000,0.000000,1.000000,0.000000,0.000000,0.000000,0.210000,0.140000
1778942958.575318,0,0.000000,0.000000,0.000000,0.000000,1.000000,0.000000,0.000000,0.000000,0.210000,0.000000
1778942958.640048,0,0.000000,0.000000,0.000000,0.000000,0.340000,0.000000,0.000000,0.000000,0.210000,0.000000
1778942958.751999,0,0.000000,0.000000,0.000000,0.000000,0.730000,0.000000,0.000000,0.000000,0.210000,0.410000
1778942958.813572,0,0.000000,0.000000,0.000000,0.000000,1.000000,0.000000,0.000000,0.000000,0.210000,0.000000
1778942958.814108,0,0.000000,0.000000,0.000000,0.000000,1.000000,0.000000,0.000000,0.000000,0.210000,0.000000
1778942958.814494,0,0.000000,0.000000,0.000000,0.000000,0.150000,0.000000,0.000000,0.000000,0.210000,0.000000
1778942958.814866,0,0.000000,0.000000,0.000000,0.000000,0.430000,0.000000,0.000000,0.000000,0.210000,0.000000
1778942958.874398,0,0.000000,0.000000,0.000000,0.000000,1.000000,0.000000,0.000000,0.000000,0.210000,0.140000
1778942958.934679,0,0.000000,0.000000,0.000000,0.000000,0.120000,0.000000,0.000000,0.000000,0.210000,0.000000
1778942958.994066,0,0.000000,0.000000,0.000000,0.000000,0.510000,0.000000,0.000000,0.000000,0.210000,0.000000
1778942958.994592,0,0.000000,0.000000,0.000000,0.000000,0.930000,0.000000,0.000000,0.000000,0.210000,0.000000
1778942959.053922,0,0.000000,0.000000,0.000000,0.000000,1.000000,0.000000,0.000000,0.000000,0.210000,0.140000
1778942959.054443,0,0.000000,0.000000,0.000000,0.000000,0.210000,0.000000,0.000000,0.000000,0.210000,0.000000
1778942959.054840,0,0.000000,0.000000,0.000000,0.000000,0.100000,0.000000,0.000000,0.000000,0.210000,0.000000
1778942959.055218,0,0.000000,0.000000,0.000000,0.000000,0.000000,0.000000,0.000000,0.000000,0.440000,0.000000
1778942959.114892,0,0.000000,0.000000,0.000000,0.000000,0.820000,0.000000,0.000000,0.000000,0.210000,0.000000
1778942959.174428,0,0.000000,0.000000,0.000000,0.000000,1.000000,0.000000,0.000000,0.000000,0.210000,0.000000
1778942959.234454,0,0.000000,0.000000,0.000000,0.000000,1.000000,0.000000,0.000000,0.000000,1.120000,0.000000
1778942959.234987,0,0.000000,0.000000,0.000000,0.000000,1.000000,0.000000,0.000000,0.000000,0.210000,0.000000
1778942959.235391,0,0.000000,0.000000,0.000000,0.000000,0.870000,0.000000,0.000000,0.000000,0.210000,0.000000
1778942959.338982,0,0.000000,0.000000,0.000000,0.000000,1.000000,0.000000,0.000000,0.000000,0.210000,0.140000
1778942959.375299,0,0.000000,0.000000,0.000000,0.000000,0.090000,0.000000,0.000000,0.000000,0.210000,0.000000
1778942959.407897,0,0.000000,0.000000,0.000000,0.000000,0.570000,0.000000,0.000000,0.000000,0.210000,0.000000
1778942959.408386,0,0.000000,0.000000,0.000000,0.000000,1.000000,0.000000,0.000000,0.000000,0.210000,0.000000
1778942959.441010,0,0.000000,0.000000,0.000000,0.000000,1.000000,0.000000,0.000000,0.000000,0.210000,0.000000
1778942959.441521,0,0.000000,0.000000,0.000000,0.000000,1.000000,0.000000,0.000000,0.000000,0.210000,0.000000
1778942959.441918,0,0.000000,0.000000,0.000000,0.000000,0.070000,0.000000,0.000000,0.000000,0.210000,0.000000
1778942959.442295,0,0.000000,0.000000,0.000000,0.000000,0.300000,0.000000,0.000000,0.000000,0.440000,0.140000
1778942959.503049,0,0.000000,0.000000,0.000000,0.000000,0.510000,0.000000,0.000000,0.000000,0.440000,0.000000
1778942959.503561,0,0.000000,0.000000,0.000000,0.000000,0.770000,0.000000,0.000000,0.000000,0.000000,0.000000
1778942959.563832,0,0.000000,0.000000,0.000000,0.000000,1.000000,0.000000,0.000000,0.000000,0.210000,0.000000
1778942959.564353,0,0.000000,0.000000,0.000000,0.000000,0.010000,0.000000,0.000000,0.000000,0.210000,0.000000
1778942959.624612,0,0.000000,0.000000,0.000000,0.000000,0.250000,0.000000,0.000000,0.000000,0.210000,0.000000
1778942959.625130,0,0.000000,0.000000,0.000000,0.000000,0.430000,0.000000,0.000000,0.000000,0.210000,0.000000
1778942959.625546,0,0.000000,0.000000,0.000000,0.000000,0.940000,0.000000,0.000000,0.000000,0.210000,0.000000
1778942959.625934,0,0.000000,0.000000,0.000000,0.000000,0.000000,0.000000,0.000000,0.000000,0.440000,0.000000
1778942959.688931,0,0.000000,0.000000,0.000000,0.000000,0.440000,0.000000,0.000000,0.000000,0.210000,0.000000
1778942959.689440,0,0.000000,0.000000,0.000000,0.000000,0.630000,0.000000,0.000000,0.000000,0.210000,0.000000
1778942959.750658,0,0.000000,0.000000,0.000000,0.000000,0.800000,0.000000,0.000000,0.000000,0.210000,0.000000
1778942959.751178,0,0.000000,0.000000,0.000000,0.000000,0.980000,0.000000,0.000000,0.000000,0.210000,0.000000
1778942959.751731,0,0.000000,0.000000,0.000000,0.000000,1.000000,0.000000,0.000000,0.000000,0.210000,0.000000
1778942959.752140,0,0.000000,0.000000,0.000000,0.000000,1.000000,0.000000,0.000000,0.000000,0.210000,0.000000
1778942959.752538,0,0.000000,0.000000,0.000000,0.000000,1.000000,0.000000,0.000000,0.000000,0.210000,0.000000
1778942959.752929,0,0.000000,0.000000,0.000000,0.000000,1.000000,0.000000,0.000000,0.000000,0.210000,0.000000
1778942959.812163,0,0.000000,0.000000,0.000000,0.000000,1.000000,0.000000,0.000000,0.000000,0.890000,0.140000
1778942959.871692,0,0.000000,0.000000,0.000000,0.000000,1.000000,0.000000,0.000000,0.000000,0.210000,0.000000
1778942959.872189,0,0.000000,0.000000,0.000000,0.000000,1.000000,0.000000,0.000000,0.000000,0.210000,0.000000
1778942959.872583,0,0.000000,0.000000,0.000000,0.000000,1.000000,0.000000,0.000000,0.000000,0.210000,0.000000
1778942959.872949,0,0.000000,0.000000,0.000000,0.000000,1.000000,0.000000,0.000000,0.000000,0.210000,0.000000
1778942959.967635,0,0.000000,0.000000,0.000000,0.000000,0.630000,0.000000,0.000000,0.000000,0.210000,0.000000
1778942960.032976,0,0.000000,0.000000,0.000000,0.000000,0.800000,0.000000,0.000000,0.000000,0.000000,0.410000
1778942960.033490,0,0.000000,0.000000,0.000000,0.000000,0.970000,0.000000,0.000000,0.000000,0.210000,0.000000
1778942960.034059,0,0.000000,0.000000,0.000000,0.000000,0.070000,0.000000,0.000000,0.000000,0.210000,0.000000
1778942960.034504,0,0.000000,0.000000,0.000000,0.000000,0.460000,0.000000,0.000000,0.000000,0.210000,0.000000
1778942960.093954,0,0.000000,0.000000,0.000000,0.000000,1.000000,0.000000,0.000000,0.000000,0.210000,0.000000
1778942960.094471,0,0.000000,0.000000,0.000000,0.000000,1.000000,0.000000,0.000000,0.000000,0.210000,0.000000
1778942960.094867,0,0.000000,0.000000,0.000000,0.000000,1.000000,0.000000,0.000000,0.000000,0.210000,0.000000
1778942960.095430,0,0.000000,0.000000,0.000000,0.000000,1.000000,0.000000,0.000000,0.000000,0.440000,0.000000
1778942960.095870,0,0.000000,0.000000,0.000000,0.000000,1.000000,0.000000,0.000000,0.000000,0.210000,0.000000
1778942960.154694,0,0.000000,0.000000,0.000000,0.000000,0.070000,0.000000,0.000000,0.000000,0.440000,0.000000
1778942960.215896,0,0.000000,0.000000,0.000000,0.000000,0.250000,0.000000,0.000000,0.000000,0.210000,0.000000
1778942960.216429,0,0.000000,0.000000,0.000000,0.000000,0.410000,0.000000,0.000000,0.000000,0.210000,0.280000
1778942960.216838,0,0.000000,0.000000,0.000000,0.000000,0.570000,0.000000,0.000000,0.000000,0.210000,0.000000
1778942960.217211,0,0.000000,0.000000,0.000000,0.000000,0.740000,0.000000,0.000000,0.000000,0.440000,0.000000
1778942960.305210,0,0.000000,0.000000,0.000000,1.000000,0.920000,0.000000,0.000000,0.000000,0.210000,0.000000
1778942960.367834,0,0.000000,0.000000,0.000000,1.000000,1.000000,0.000000,0.000000,0.000000,0.210000,0.000000
1778942960.428323,0,0.000000,1.000000,0.000000,1.000000,0.020000,0.000000,0.000000,0.000000,0.210000,0.000000
1778942960.492134,0,0.000000,1.000000,0.000000,1.000000,0.180000,0.000000,0.000000,0.000000,0.210000,0.000000
1778942960.551941,0,0.000000,1.000000,0.000000,1.000000,0.140000,0.000000,0.000000,0.000000,0.670000,0.000000
1778942960.642617,0,0.000000,1.000000,0.000000,1.000000,0.200000,0.000000,0.000000,0.000000,0.210000,0.000000
1778942960.705006,0,0.000000,1.000000,0.000000,1.000000,0.870000,0.000000,0.000000,0.000000,0.210000,0.000000
1778942960.800192,0,0.000000,1.000000,0.000000,1.000000,0.980000,0.000000,0.000000,0.000000,0.210000,0.000000
1778942960.862903,0,0.000000,1.000000,0.000000,1.000000,0.930000,0.000000,0.000000,0.000000,0.210000,0.000000
1778942960.863383,0,0.000000,1.000000,0.000000,1.000000,0.370000,0.000000,0.000000,0.000000,0.000000,0.000000
1778942960.863767,0,0.000000,1.000000,0.000000,1.000000,1.000000,0.000000,0.000000,0.000000,0.210000,0.000000
1778942960.924277,0,0.000000,1.000000,0.000000,1.000000,0.430000,0.000000,0.000000,0.000000,0.210000,0.000000
1778942960.986388,0,0.000000,1.000000,0.000000,1.000000,0.910000,0.000000,0.000000,0.000000,0.440000,0.000000
1778942960.986920,0,0.000000,1.000000,0.000000,1.000000,1.000000,0.000000,0.000000,0.000000,0.210000,0.000000
1778942960.987475,0,0.000000,1.000000,0.000000,1.000000,1.000000,0.000000,0.000000,0.000000,0.440000,0.000000
1778942961.048606,0,0.000000,1.000000,0.000000,1.000000,0.250000,0.000000,0.000000,0.000000,0.210000,0.000000
1778942961.049120,0,0.000000,1.000000,0.000000,1.000000,1.000000,0.000000,0.000000,0.000000,0.210000,0.000000
1778942961.049524,0,0.000000,1.000000,0.000000,1.000000,1.000000,0.000000,0.000000,0.000000,0.210000,0.000000
1778942961.049913,0,0.000000,1.000000,0.000000,1.000000,1.000000,0.000000,0.000000,0.000000,0.440000,0.000000
1778942961.109784,0,0.000000,1.000000,0.000000,1.000000,1.000000,0.000000,0.000000,0.000000,0.210000,0.000000
1778942961.170818,0,0.000000,1.000000,0.000000,1.000000,1.000000,0.000000,0.000000,0.000000,0.210000,0.000000
1778942961.171351,0,0.000000,1.000000,0.000000,1.000000,1.000000,0.000000,0.000000,0.000000,0.210000,0.000000
1778942961.232033,0,0.000000,1.000000,0.000000,1.000000,0.100000,0.000000,0.000000,0.000000,0.210000,0.000000
1778942961.293168,0,0.000000,1.000000,0.000000,1.000000,0.460000,0.000000,0.000000,0.000000,0.210000,0.000000
1778942961.354385,0,0.000000,1.000000,0.000000,1.000000,1.000000,0.000000,0.000000,0.000000,0.670000,0.000000
1778942961.415335,0,0.000000,1.000000,0.000000,1.000000,1.000000,0.000000,0.000000,0.000000,0.210000,0.000000
1778942961.415915,0,0.000000,1.000000,0.000000,1.000000,1.000000,0.000000,0.000000,0.000000,0.210000,0.000000
1778942961.416517,0,0.000000,1.000000,0.000000,1.000000,1.000000,0.000000,0.000000,0.000000,0.210000,0.000000
1778942961.476266,0,0.000000,1.000000,0.000000,1.000000,1.000000,0.000000,0.000000,0.000000,0.210000,0.560000
1778942961.476776,0,0.000000,1.000000,0.000000,1.000000,1.000000,0.000000,0.000000,0.000000,0.210000,0.000000
1778942961.477178,0,0.000000,1.000000,0.000000,1.000000,1.000000,0.000000,0.000000,0.000000,0.210000,0.000000
1778942961.477551,0,0.000000,1.000000,0.000000,1.000000,1.000000,0.000000,0.000000,0.000000,0.210000,0.000000
1778942961.477917,0,0.000000,1.000000,0.000000,1.000000,1.000000,0.000000,0.000000,0.000000,0.210000,0.000000
1778942961.572948,0,0.000000,1.000000,0.000000,1.000000,1.000000,0.000000,0.000000,0.000000,0.210000,0.000000
1778942961.635220,0,0.000000,1.000000,0.000000,1.000000,1.000000,0.000000,0.000000,0.000000,0.210000,0.000000
1778942961.695944,0,0.000000,1.000000,0.000000,1.000000,1.000000,0.000000,0.000000,0.000000,0.210000,0.000000
1778942961.759426,0,0.000000,1.000000,0.000000,1.000000,1.000000,0.000000,0.000000,0.000000,0.210000,0.000000
1778942961.820174,0,0.000000,1.000000,0.000000,1.000000,1.000000,0.000000,0.000000,0.000000,0.210000,0.000000
1778942961.880566,0,0.000000,1.000000,0.000000,1.000000,0.560000,0.000000,0.000000,0.000000,0.670000,0.000000
1778942961.941731,0,0.000000,1.000000,0.000000,1.000000,1.000000,0.000000,0.000000,0.000000,0.210000,0.000000
1778942962.007282,0,0.000000,1.000000,0.000000,1.000000,1.000000,0.000000,0.000000,0.000000,0.440000,0.000000
1778942962.040970,0,0.000000,1.000000,0.000000,1.000000,1.000000,0.000000,0.000000,0.000000,0.210000,0.000000
1778942962.073636,0,0.000000,1.000000,0.000000,1.000000,0.540000,0.000000,0.000000,0.000000,0.210000,0.000000
1778942962.074162,0,0.000000,1.000000,0.000000,1.000000,1.000000,0.000000,0.000000,0.000000,0.440000,0.000000
1778942962.135526,0,0.000000,1.000000,0.000000,1.000000,0.340000,0.000000,0.000000,0.000000,0.210000,0.000000
1778942962.136051,0,0.000000,1.000000,0.000000,1.000000,0.750000,0.000000,0.000000,0.000000,0.210000,0.000000
1778942962.197411,0,0.000000,1.000000,0.000000,1.000000,0.940000,0.000000,0.000000,0.000000,0.210000,0.000000
1778942962.197941,0,0.000000,1.000000,0.000000,1.000000,0.070000,0.000000,0.000000,0.000000,0.210000,0.000000
1778942962.198346,0,0.000000,1.000000,0.000000,1.000000,0.770000,0.000000,0.000000,0.000000,0.210000,0.000000
1778942962.198723,0,0.000000,1.000000,0.000000,1.000000,0.050000,0.000000,0.000000,0.000000,0.210000,0.000000
1778942962.317043,0,0.000000,1.000000,0.000000,1.000000,0.460000,0.000000,0.000000,0.000000,0.210000,0.000000
1778942962.382023,0,0.000000,1.000000,0.000000,0.000000,0.660000,0.000000,0.000000,0.000000,0.000000,0.000000
1778942962.382684,0,0.000000,1.000000,0.000000,0.000000,0.030000,0.000000,0.000000,0.000000,0.210000,0.000000
1778942962.383224,0,0.000000,0.000000,0.000000,0.000000,0.250000,0.000000,0.000000,0.000000,0.210000,0.000000
1778942962.383678,0,0.000000,0.000000,0.000000,0.000000,0.720000,0.000000,0.000000,0.000000,0.210000,0.000000
1778942962.384234,0,0.000000,0.000000,0.000000,0.000000,1.000000,0.000000,0.000000,0.000000,0.670000,0.000000
1778942962.445105,0,0.000000,0.000000,0.000000,0.000000,1.000000,0.000000,0.000000,0.000000,0.440000,0.000000
1778942962.504936,0,0.000000,0.000000,0.000000,0.000000,1.000000,0.000000,0.000000,0.000000,0.210000,0.000000
1778942962.569459,0,0.000000,0.000000,0.000000,0.000000,0.150000,0.000000,0.000000,0.000000,0.210000,0.000000
1778942962.699243,0,0.000000,0.000000,0.000000,0.000000,0.430000,0.000000,0.000000,0.000000,0.210000,0.000000
1778942962.765430,0,0.000000,0.000000,0.000000,0.000000,1.000000,0.000000,0.000000,0.000000,0.670000,0.000000
1778942962.765957,0,0.000000,0.000000,0.000000,0.000000,1.000000,0.000000,0.000000,0.000000,0.210000,0.000000
1778942962.766516,0,0.000000,0.000000,0.000000,0.000000,1.000000,0.000000,0.000000,0.000000,0.210000,0.000000
1778942962.828740,0,0.000000,0.000000,0.000000,0.000000,1.000000,0.000000,0.000000,0.000000,0.210000,0.000000
1778942962.922301,0,0.000000,0.000000,0.000000,0.000000,0.110000,0.000000,0.000000,0.000000,0.000000,0.000000
1778942962.957418,0,0.000000,0.000000,0.000000,0.000000,0.400000,0.000000,0.000000,0.000000,0.210000,0.000000
1778942962.957922,0,0.000000,0.000000,0.000000,0.000000,0.690000,0.000000,0.000000,0.000000,0.210000,0.000000
1778942962.991405,0,0.000000,0.000000,0.000000,0.000000,0.430000,0.000000,0.000000,0.000000,0.210000,0.000000
1778942963.025383,0,0.000000,0.000000,0.000000,0.000000,1.000000,0.000000,0.000000,0.000000,0.210000,0.000000
1778942963.135229,0,0.000000,0.000000,0.000000,0.000000,1.000000,0.000000,0.000000,0.000000,0.210000,0.000000
1778942963.173352,0,0.000000,0.000000,0.000000,0.000000,0.050000,0.000000,0.000000,0.000000,0.440000,0.000000
1778942963.207607,0,0.000000,0.000000,0.000000,0.000000,0.430000,0.000000,0.000000,0.000000,0.440000,0.000000
1778942963.208147,0,0.000000,0.000000,0.000000,0.000000,1.000000,0.000000,0.000000,0.000000,0.210000,0.000000
1778942963.208534,0,0.000000,0.000000,0.000000,0.000000,0.680000,0.000000,0.000000,0.000000,0.210000,0.000000
1778942963.243774,0,0.000000,0.000000,0.000000,0.000000,0.030000,0.000000,0.000000,0.000000,0.670000,0.000000
1778942963.277537,0,0.000000,0.000000,0.000000,0.000000,0.380000,0.000000,0.000000,0.000000,0.210000,0.140000
1778942963.310962,0,0.000000,0.000000,0.000000,0.000000,0.680000,0.000000,0.000000,0.000000,0.210000,0.000000
1778942963.311501,0,0.000000,0.000000,0.000000,0.000000,0.030000,0.000000,0.000000,0.000000,0.210000,0.280000
1778942963.311890,0,0.000000,0.000000,0.000000,0.000000,0.620000,0.000000,0.000000,0.000000,0.210000,0.000000
1778942963.375562,0,0.000000,0.000000,0.000000,0.000000,1.000000,0.000000,0.000000,0.000000,0.210000,0.000000
1778942963.376066,0,0.000000,0.000000,0.000000,0.000000,1.000000,0.000000,0.000000,0.000000,0.210000,0.000000
1778942963.376459,0,0.000000,0.000000,0.000000,0.000000,1.000000,0.000000,0.000000,0.000000,0.210000,0.000000
1778942963.376836,0,0.000000,0.000000,0.000000,0.000000,1.000000,0.000000,0.000000,0.000000,0.210000,0.000000
1778942963.439296,0,0.000000,0.000000,0.000000,0.000000,1.000000,0.000000,0.000000,0.000000,0.210000,0.000000
1778942963.501655,0,0.000000,0.000000,0.000000,0.000000,0.000000,0.000000,0.000000,0.000000,0.440000,0.000000
1778942963.563632,0,0.000000,0.000000,0.000000,0.000000,0.410000,0.000000,0.000000,0.000000,0.210000,0.000000
1778942963.564147,0,0.000000,0.000000,0.000000,0.000000,0.850000,0.000000,0.000000,0.000000,0.210000,0.000000
1778942963.734774,0,0.000000,0.000000,0.000000,0.000000,1.000000,0.000000,0.000000,0.000000,0.210000,0.000000
1778942963.771820,0,0.000000,0.000000,0.000000,0.000000,1.000000,0.000000,0.000000,0.000000,0.210000,0.000000
1778942963.802438,0,0.000000,0.000000,0.000000,0.000000,1.000000,0.000000,0.000000,0.000000,0.210000,0.000000
1778942963.802932,0,0.000000,0.000000,0.000000,0.000000,0.760000,0.000000,0.000000,0.000000,0.440000,0.000000
1778942963.881599,0,0.000000,0.000000,0.000000,0.000000,1.000000,0.000000,0.000000,0.000000,0.210000,0.000000
1778942963.937494,0,0.000000,0.000000,0.000000,0.000000,0.430000,0.000000,0.000000,0.000000,0.210000,0.000000
1778942964.032813,0,0.000000,0.000000,0.000000,0.000000,0.050000,0.000000,0.000000,0.000000,0.210000,0.000000
1778942964.088737,0,0.000000,0.000000,0.000000,0.000000,0.360000,0.000000,0.000000,0.000000,0.210000,0.000000
1778942964.198601,0,0.000000,0.000000,0.000000,0.000000,1.000000,0.000000,0.000000,0.000000,0.210000,0.000000
1778942964.257888,0,0.000000,0.000000,0.000000,0.000000,0.070000,0.000000,0.000000,0.000000,0.210000,0.000000
1778942964.258417,0,0.000000,0.000000,0.000000,0.000000,0.070000,0.000000,0.000000,0.000000,0.670000,0.000000
1778942964.366431,0,0.000000,0.000000,0.000000,0.000000,1.000000,0.000000,0.000000,0.000000,0.210000,0.000000
1778942964.424765,0,0.000000,0.000000,0.000000,0.000000,1.000000,0.000000,0.000000,0.000000,0.210000,0.000000
1778942964.425326,0,0.000000,1.000000,0.000000,1.000000,1.000000,0.000000,0.000000,0.000000,0.210000,0.000000
1778942964.521750,0,0.000000,1.000000,0.000000,1.000000,1.000000,0.000000,0.000000,0.000000,0.210000,0.000000
1778942964.626131,0,0.000000,1.000000,0.000000,1.000000,0.250000,0.000000,0.000000,14.680000,0.440000,0.000000
1778942964.686244,0,0.000000,1.000000,0.000000,1.000000,1.000000,0.000000,0.000000,33.090000,0.440000,0.000000
1778942964.742359,0,0.000000,1.000000,0.000000,1.000000,1.000000,0.000000,0.000000,31.200000,0.210000,0.000000
1778942964.812383,0,0.000000,1.000000,0.000000,1.000000,1.000000,0.000000,0.000000,0.000000,0.210000,0.000000
1778942964.867313,0,0.000000,1.000000,0.000000,1.000000,0.680000,0.000000,0.000000,0.000000,0.210000,0.000000
1778942964.922968,0,0.000000,1.000000,0.000000,1.000000,1.000000,0.000000,0.000000,0.000000,0.210000,0.000000
1778942964.923526,0,0.000000,1.000000,0.000000,1.000000,1.000000,0.000000,0.000000,0.000000,0.440000,0.000000
1778942965.069974,0,0.000000,1.000000,0.000000,1.000000,1.000000,0.000000,0.000000,0.000000,0.210000,0.000000
1778942965.131351,0,0.000000,1.000000,0.000000,1.000000,0.200000,0.000000,0.000000,22.850000,0.210000,0.000000
1778942965.131862,0,0.000000,1.000000,0.000000,1.000000,1.000000,0.000000,0.000000,36.950000,0.210000,0.000000
1778942965.132252,0,0.000000,1.000000,0.000000,1.000000,1.000000,0.000000,0.000000,37.160000,0.440000,0.000000
1778942965.132697,0,0.000000,1.000000,0.000000,1.000000,0.370000,0.000000,0.000000,42.130000,0.210000,0.000000
1778942965.249352,0,0.000000,1.000000,0.000000,1.000000,0.700000,0.000000,0.000000,43.060000,0.210000,0.000000
1778942965.330148,0,0.000000,1.000000,0.000000,1.000000,0.510000,0.000000,0.000000,42.750000,0.210000,0.000000
1778942965.388644,0,0.000000,1.000000,0.000000,1.000000,1.000000,0.000000,0.000000,43.700000,0.210000,0.000000
1778942965.489079,0,0.000000,1.000000,0.000000,1.000000,0.400000,0.000000,0.000000,42.270000,0.440000,0.000000
1778942965.548641,0,0.000000,1.000000,0.000000,1.000000,1.000000,0.000000,0.000000,41.900000,0.210000,0.000000
1778942965.605486,0,0.000000,1.000000,0.000000,1.000000,1.000000,0.000000,0.000000,65.520000,0.210000,0.000000
1778942965.705274,0,0.000000,1.000000,0.000000,1.000000,0.310000,0.000000,0.000000,65.750000,0.440000,0.000000
1778942965.831706,0,0.000000,1.000000,0.000000,1.000000,1.000000,0.000000,0.000000,43.700000,0.670000,0.000000
1778942965.907225,0,0.000000,1.000000,0.000000,1.000000,1.000000,0.000000,0.000000,65.110000,0.440000,0.000000
1778942965.997796,0,0.000000,1.000000,0.000000,1.000000,1.000000,0.000000,0.000000,66.500000,0.210000,0.000000
1778942966.054591,0,0.000000,1.000000,0.000000,1.000000,0.000000,0.000000,0.000000,72.330000,0.440000,0.000000
1778942966.148710,0,0.000000,1.000000,0.000000,1.000000,1.000000,0.000000,0.000000,73.750000,0.210000,0.140000
1778942966.209342,0,0.000000,1.000000,0.000000,1.000000,1.000000,0.000000,0.000000,73.160000,0.210000,0.000000
1778942966.209887,0,0.000000,1.000000,0.000000,1.000000,0.850000,0.000000,0.000000,73.380000,0.440000,0.000000
1778942966.210290,0,0.000000,1.000000,0.000000,1.000000,1.000000,0.000000,0.000000,72.560000,0.000000,0.000000
1778942966.210688,0,0.000000,1.000000,0.000000,1.000000,0.880000,0.000000,0.000000,58.110000,0.210000,0.000000
1778942966.211067,0,0.000000,1.000000,0.000000,1.000000,1.000000,0.000000,0.000000,13.140000,0.210000,0.000000
1778942966.306834,0,0.000000,1.000000,0.000000,0.000000,1.000000,0.000000,0.000000,12.810000,0.210000,0.000000
1778942966.366638,0,0.000000,0.000000,0.000000,0.000000,1.000000,0.000000,0.000000,12.610000,0.210000,0.000000
1778942966.439271,0,0.000000,0.000000,0.000000,0.000000,1.000000,0.000000,0.000000,12.520000,0.210000,0.000000
1778942966.539512,0,0.000000,0.000000,0.000000,0.000000,1.000000,0.000000,0.000000,11.250000,0.670000,0.000000
1778942966.599163,0,0.000000,0.000000,0.000000,0.000000,0.170000,0.000000,0.000000,0.000000,0.210000,0.000000
1778942966.599686,0,0.000000,0.000000,0.000000,0.000000,0.410000,0.000000,0.000000,0.000000,0.210000,0.280000
1778942966.645250,0,0.000000,0.000000,0.000000,0.000000,1.000000,0.000000,0.000000,0.000000,0.000000,0.000000
1778942966.645751,0,0.000000,0.000000,0.000000,0.000000,1.000000,0.000000,0.000000,0.000000,0.210000,0.000000
1778942966.646132,0,0.000000,0.000000,0.000000,0.000000,0.170000,0.000000,0.000000,0.000000,0.210000,0.000000
1778942966.646501,0,0.000000,0.000000,0.000000,0.000000,0.400000,0.000000,0.000000,0.000000,0.210000,0.000000
1778942966.646876,0,0.000000,0.000000,0.000000,0.000000,0.230000,0.000000,0.000000,0.000000,0.210000,0.000000
1778942966.698025,0,0.000000,0.000000,0.000000,0.000000,0.090000,0.000000,0.000000,0.000000,0.210000,0.000000
1778942966.718657,0,0.000000,0.000000,0.000000,0.000000,0.370000,0.000000,0.000000,0.000000,0.210000,0.000000
1778942966.735502,0,0.000000,0.000000,0.000000,0.000000,0.250000,0.000000,0.000000,0.000000,0.210000,0.000000
1778942966.738271,0,0.000000,0.000000,0.000000,0.000000,0.680000,0.000000,0.000000,0.000000,0.210000,0.000000
1778942966.739094,0,0.000000,0.000000,0.000000,0.000000,1.000000,0.000000,0.000000,0.000000,0.440000,0.140000
1778942966.739473,0,0.000000,0.000000,0.000000,0.000000,1.000000,0.000000,0.000000,0.000000,0.210000,0.000000
1778942966.770528,0,0.000000,0.000000,0.000000,0.000000,1.000000,0.000000,0.000000,0.000000,0.890000,0.000000
1778942966.795108,0,0.000000,0.000000,0.000000,0.000000,1.000000,0.000000,0.000000,0.000000,0.210000,0.000000
1778942966.814079,0,0.000000,0.000000,0.000000,0.000000,1.000000,0.000000,0.000000,0.000000,0.210000,0.000000
1778942966.861325,0,0.000000,0.000000,0.000000,0.000000,1.000000,0.000000,0.000000,0.000000,0.000000,0.000000
1778942966.876634,0,0.000000,0.000000,0.000000,0.000000,0.000000,0.000000,0.000000,0.000000,0.670000,0.140000
1778942966.908159,0,0.000000,0.000000,0.000000,0.000000,0.430000,0.000000,0.000000,0.000000,0.210000,0.000000
1778942966.923007,0,0.000000,0.000000,0.000000,0.000000,0.860000,0.000000,0.000000,0.000000,0.210000,0.410000
1778942966.924280,0,0.000000,0.000000,0.000000,0.000000,1.000000,0.000000,0.000000,0.000000,0.670000,0.000000
1778942966.927445,0,0.000000,0.000000,0.000000,0.000000,0.120000,0.000000,0.000000,0.000000,0.440000,0.000000
1778942966.928886,0,0.000000,0.000000,0.000000,0.000000,0.550000,0.000000,0.000000,0.000000,0.440000,0.000000
1778942966.951762,0,0.000000,0.000000,0.000000,0.000000,1.000000,0.000000,0.000000,0.000000,0.210000,0.000000
1778942966.958886,0,0.000000,0.000000,0.000000,0.000000,1.000000,0.000000,0.000000,0.000000,0.210000,0.000000
1778942966.973408,0,0.000000,0.000000,0.000000,0.000000,1.000000,0.000000,0.000000,0.000000,0.210000,0.000000
1778942966.990041,0,0.000000,0.000000,0.000000,0.000000,1.000000,0.000000,0.000000,0.000000,0.210000,0.000000
1778942966.995938,0,0.000000,0.000000,0.000000,0.000000,1.000000,0.000000,0.000000,0.000000,0.210000,0.000000
1778942967.041222,0,0.000000,0.000000,0.000000,0.000000,1.000000,0.000000,0.000000,0.000000,0.210000,0.000000
1778942967.069403,0,0.000000,0.000000,0.000000,0.000000,0.310000,0.000000,0.000000,0.000000,0.440000,0.000000
1778942967.159994,0,0.000000,0.000000,0.000000,0.000000,0.810000,0.000000,0.000000,0.000000,0.210000,0.000000
1778942967.222555,0,0.000000,0.000000,0.000000,0.000000,1.000000,0.000000,0.000000,0.000000,0.210000,0.000000
1778942967.227314,0,0.000000,0.000000,0.000000,0.000000,0.110000,0.000000,0.000000,0.000000,0.210000,0.000000
1778942967.289227,0,0.000000,0.000000,0.000000,0.000000,0.570000,0.000000,0.000000,0.000000,0.210000,0.000000
1778942967.335128,0,0.000000,0.000000,0.000000,0.000000,0.570000,0.000000,0.000000,0.000000,0.210000,0.000000
1778942967.336720,0,0.000000,0.000000,0.000000,0.000000,1.000000,0.000000,0.000000,0.000000,0.210000,0.000000
1778942967.371205,0,0.000000,0.000000,0.000000,0.000000,0.830000,0.000000,0.000000,0.000000,0.210000,0.000000
1778942967.378295,0,0.000000,0.000000,0.000000,0.000000,0.370000,0.000000,0.000000,0.000000,0.210000,0.000000
1778942967.423916,0,0.000000,0.000000,0.000000,0.000000,1.000000,0.000000,0.000000,0.000000,0.210000,0.000000
1778942967.438321,0,0.000000,0.000000,0.000000,0.000000,1.000000,0.000000,0.000000,0.000000,0.000000,0.000000
1778942967.445649,0,0.000000,0.000000,0.000000,0.000000,0.000000,0.000000,0.000000,0.000000,0.440000,0.000000
1778942967.476422,0,0.000000,0.000000,0.000000,0.000000,0.230000,0.000000,0.000000,0.000000,0.210000,0.000000
1778942967.483224,0,0.000000,0.000000,0.000000,0.000000,0.500000,0.000000,0.000000,0.000000,0.210000,0.000000
1778942967.485750,0,0.000000,0.000000,0.000000,0.000000,1.000000,0.000000,0.000000,0.000000,0.440000,0.000000
1778942967.486587,0,0.000000,0.000000,0.000000,0.000000,1.000000,0.000000,0.000000,0.000000,0.210000,0.000000
1778942967.521691,0,0.000000,0.000000,0.000000,0.000000,1.000000,0.000000,0.000000,0.000000,0.440000,0.000000
1778942967.551186,0,0.000000,0.000000,0.000000,0.000000,1.000000,0.000000,0.000000,0.000000,0.210000,0.000000
1778942967.567261,0,0.000000,0.000000,0.000000,0.000000,1.000000,0.000000,0.000000,13.880000,0.210000,0.000000
1778942967.572406,0,0.000000,0.000000,0.000000,0.000000,1.000000,0.000000,0.000000,23.780000,0.210000,0.000000
1778942967.580049,0,0.000000,0.000000,0.000000,0.000000,0.100000,0.000000,0.000000,27.420000,0.210000,0.000000
1778942967.587605,0,0.000000,0.000000,0.000000,0.000000,0.370000,0.000000,0.000000,28.870000,0.210000,0.000000
1778942967.589329,0,0.000000,0.000000,0.000000,0.000000,0.640000,0.000000,0.000000,30.090000,0.210000,0.000000
1778942967.610615,0,0.000000,0.000000,0.000000,0.000000,0.890000,0.000000,0.000000,30.680000,0.440000,0.000000
1778942967.662640,0,0.000000,0.000000,0.000000,0.000000,1.000000,0.000000,0.000000,31.610000,0.210000,0.140000
1778942967.714957,0,0.000000,0.000000,0.000000,0.000000,1.000000,0.000000,0.000000,32.340000,0.440000,0.000000
1778942967.731366,0,0.000000,0.000000,0.000000,0.000000,1.000000,0.000000,0.000000,32.750000,0.210000,0.000000
1778942967.733237,0,0.000000,0.000000,0.000000,0.000000,1.000000,0.000000,0.000000,33.020000,0.210000,0.000000
1778942967.745833,0,0.000000,0.000000,0.000000,0.000000,1.000000,0.000000,0.000000,33.430000,0.670000,0.000000
1778942967.748262,0,0.000000,0.000000,0.000000,0.000000,0.460000,0.000000,0.000000,37.520000,0.670000,0.000000
1778942967.819305,0,0.000000,0.000000,0.000000,0.000000,0.020000,0.000000,0.000000,38.040000,0.210000,0.140000
1778942967.827416,0,0.000000,0.000000,0.000000,0.000000,0.150000,0.000000,0.000000,38.400000,0.670000,0.000000
1778942967.834948,0,0.000000,0.000000,0.000000,0.000000,0.280000,0.000000,0.000000,39.080000,0.210000,0.000000
1778942967.842357,0,0.000000,0.000000,0.000000,0.000000,0.430000,0.000000,0.000000,39.750000,0.210000,0.000000
1778942967.918946,0,0.000000,0.000000,0.000000,0.000000,0.250000,0.000000,0.000000,42.270000,0.000000,0.000000
1778942967.934217,0,0.000000,0.000000,0.000000,0.000000,0.070000,0.000000,0.000000,46.880000,0.210000,0.000000
1778942967.949600,0,0.000000,0.000000,0.000000,0.000000,0.370000,0.000000,0.000000,53.040000,0.440000,0.000000
1778942967.987367,0,0.000000,0.000000,0.000000,0.000000,0.680000,0.000000,0.000000,55.900000,0.210000,0.000000
1778942968.001618,0,0.000000,0.000000,0.000000,0.000000,0.150000,0.000000,0.000000,62.500000,0.210000,0.000000
1778942968.007574,0,0.000000,0.000000,0.000000,0.000000,0.030000,0.000000,0.000000,67.040000,0.210000,0.000000
1778942968.032299,0,0.000000,0.000000,0.000000,0.000000,0.360000,0.000000,0.000000,68.130000,0.210000,0.000000
1778942968.046763,0,0.000000,0.000000,0.000000,0.000000,1.000000,0.000000,0.000000,70.720000,0.210000,0.000000
1778942968.074924,0,0.000000,0.000000,0.000000,0.000000,1.000000,0.000000,0.000000,70.040000,0.670000,0.000000
1778942968.092948,0,0.000000,0.000000,0.000000,0.000000,1.000000,0.000000,0.000000,71.410000,0.440000,0.000000
1778942968.095000,0,0.000000,0.000000,0.000000,0.000000,1.000000,0.000000,0.000000,71.520000,0.210000,0.000000
1778942968.095688,0,0.000000,0.000000,0.000000,0.000000,1.000000,0.000000,0.000000,72.330000,0.440000,0.000000
1778942968.096270,0,0.000000,0.000000,0.000000,0.000000,1.000000,0.000000,0.000000,71.410000,0.440000,0.000000
1778942968.168167,0,0.000000,0.000000,0.000000,0.000000,1.000000,0.000000,0.000000,72.220000,0.210000,0.000000
1778942968.169604,0,0.000000,0.000000,0.000000,0.000000,1.000000,0.000000,0.000000,72.800000,0.440000,0.000000
1778942968.171109,0,0.000000,0.000000,0.000000,0.000000,1.000000,0.000000,0.000000,73.040000,0.210000,0.140000
1778942968.171799,0,0.000000,0.000000,0.000000,0.000000,1.000000,0.000000,0.000000,73.620000,0.440000,0.000000
1778942968.203424,0,0.000000,0.000000,0.000000,0.000000,1.000000,0.000000,0.000000,74.690000,0.210000,0.000000
1778942968.217874,0,0.000000,0.000000,0.000000,1.000000,1.000000,0.000000,0.000000,74.940000,0.210000,0.000000
1778942968.241514,0,0.000000,1.000000,0.000000,1.000000,1.000000,0.000000,0.000000,74.690000,0.210000,0.000000
1778942968.264461,0,0.000000,1.000000,0.000000,1.000000,1.000000,0.000000,0.000000,76.160000,0.210000,0.140000
1778942968.285471,0,0.000000,1.000000,0.000000,1.000000,0.070000,0.000000,0.000000,79.400000,0.210000,0.000000
1778942968.325238,0,0.000000,1.000000,0.000000,1.000000,0.410000,0.000000,0.000000,82.770000,0.210000,0.000000
1778942968.330064,0,0.000000,1.000000,0.000000,1.000000,0.000000,0.000000,0.000000,87.550000,0.440000,0.000000
1778942968.338437,0,0.000000,1.000000,0.000000,1.000000,0.310000,0.000000,0.000000,86.580000,0.210000,0.280000
1778942968.345302,0,0.000000,1.000000,0.000000,1.000000,0.620000,0.000000,0.000000,90.130000,0.210000,0.000000
1778942968.352805,0,0.000000,1.000000,0.000000,1.000000,1.000000,0.000000,0.000000,88.980000,0.210000,0.000000
1778942968.367596,0,0.000000,1.000000,0.000000,1.000000,1.000000,0.000000,0.000000,94.440000,0.210000,0.000000
1778942968.390604,0,0.000000,1.000000,0.000000,1.000000,1.000000,0.000000,0.000000,92.940000,0.210000,0.000000
1778942968.455882,0,0.000000,1.000000,0.000000,1.000000,1.000000,0.000000,0.000000,95.220000,0.210000,0.000000
1778942968.473082,0,0.000000,1.000000,0.000000,1.000000,0.150000,0.000000,0.000000,97.250000,0.210000,0.000000
1778942968.489140,0,0.000000,1.000000,0.000000,1.000000,0.400000,0.000000,0.000000,99.010000,0.670000,0.000000
1778942968.490890,0,0.000000,1.000000,0.000000,1.000000,0.680000,0.000000,0.000000,92.330000,0.210000,0.000000
1778942968.526812,0,0.000000,1.000000,0.000000,1.000000,1.000000,0.000000,0.000000,47.290000,0.440000,0.000000
1778942968.549063,0,0.000000,1.000000,0.000000,1.000000,0.000000,0.000000,0.000000,85.330000,0.670000,0.000000
1778942968.587280,0,0.000000,1.000000,0.000000,1.000000,0.370000,0.000000,0.000000,95.520000,0.210000,0.000000
1778942968.590374,0,0.000000,1.000000,0.000000,1.000000,0.560000,0.000000,0.000000,92.190000,0.210000,0.000000
1778942968.591298,0,0.000000,1.000000,0.000000,1.000000,0.750000,0.000000,0.000000,60.860000,0.210000,0.000000
1778942968.592041,0,0.000000,1.000000,0.000000,1.000000,1.000000,0.000000,0.000000,47.200000,0.440000,0.000000
1778942968.639790,0,0.000000,1.000000,0.000000,1.000000,1.000000,0.000000,0.000000,94.150000,0.440000,0.000000
1778942968.661479,0,0.000000,1.000000,0.000000,1.000000,1.000000,0.000000,0.000000,96.450000,0.210000,0.000000
1778942968.729870,0,0.000000,1.000000,0.000000,1.000000,1.000000,0.000000,0.000000,97.080000,0.210000,0.000000
1778942968.744116,0,0.000000,1.000000,0.000000,1.000000,1.000000,0.000000,0.000000,97.870000,0.210000,0.000000
1778942968.789430,0,0.000000,1.000000,0.000000,1.000000,1.000000,0.000000,0.000000,98.190000,0.210000,0.000000
1778942968.887048,0,0.000000,1.000000,0.000000,1.000000,1.000000,0.000000,0.000000,97.250000,0.440000,0.000000
1778942968.916394,0,0.000000,1.000000,0.000000,1.000000,0.200000,0.000000,0.000000,97.250000,0.210000,0.000000
1778942968.963011,0,0.000000,1.000000,0.000000,1.000000,0.380000,0.000000,0.000000,98.040000,0.210000,0.000000
1778942968.999259,0,0.000000,1.000000,0.000000,1.000000,0.340000,0.000000,0.000000,51.790000,0.210000,0.000000
1778942969.027873,0,0.000000,1.000000,0.000000,1.000000,0.690000,0.000000,0.000000,86.860000,0.210000,0.000000
1778942969.042371,0,0.000000,1.000000,0.000000,1.000000,0.430000,0.000000,0.000000,59.380000,0.210000,0.000000
1778942969.073759,0,0.000000,1.000000,0.000000,1.000000,0.250000,0.000000,0.000000,86.860000,0.210000,0.000000
1778942969.090020,0,0.000000,1.000000,0.000000,1.000000,0.310000,0.000000,0.000000,91.750000,0.210000,0.000000
1778942969.091597,0,0.000000,1.000000,0.000000,1.000000,1.000000,0.000000,0.000000,90.720000,0.890000,0.000000
1778942969.092792,0,0.000000,1.000000,0.000000,1.000000,1.000000,0.000000,0.000000,90.720000,0.210000,0.000000
1778942969.119282,0,0.000000,1.000000,0.000000,1.000000,1.000000,0.000000,0.000000,89.980000,0.890000,0.000000
1778942969.121904,0,0.000000,1.000000,0.000000,1.000000,1.000000,0.000000,0.000000,91.590000,0.440000,0.000000
1778942969.140316,0,0.000000,1.000000,0.000000,1.000000,1.000000,0.000000,0.000000,93.230000,0.000000,0.000000
1778942969.142295,0,0.000000,1.000000,0.000000,1.000000,1.000000,0.000000,0.000000,92.330000,0.210000,0.000000
1778942969.163051,0,0.000000,1.000000,0.000000,1.000000,1.000000,0.000000,0.000000,83.980000,0.210000,0.000000
1778942969.165727,0,0.000000,1.000000,0.000000,1.000000,0.020000,0.000000,0.000000,72.800000,0.210000,0.000000
1778942969.223383,0,0.000000,1.000000,0.000000,1.000000,0.000000,0.000000,0.000000,70.500000,0.440000,0.000000
1778942969.231297,0,0.000000,1.000000,0.000000,1.000000,0.500000,0.000000,0.000000,70.830000,0.210000,0.000000
1778942969.255606,0,0.000000,1.000000,0.000000,1.000000,0.950000,0.000000,0.000000,70.370000,0.210000,0.000000
1778942969.257133,0,0.000000,1.000000,0.000000,1.000000,1.000000,0.000000,0.000000,71.060000,0.210000,0.000000
1778942969.304861,0,0.000000,1.000000,0.000000,1.000000,0.180000,0.000000,0.000000,69.930000,0.000000,0.000000
1778942969.321300,0,0.000000,1.000000,0.000000,1.000000,0.400000,0.000000,0.000000,52.680000,0.210000,0.000000
1778942969.323472,0,0.000000,1.000000,0.000000,1.000000,0.950000,0.000000,0.000000,47.720000,0.440000,0.000000
1778942969.324124,0,0.000000,1.000000,0.000000,1.000000,1.000000,0.000000,0.000000,46.470000,0.210000,0.280000
1778942969.326232,0,0.000000,1.000000,0.000000,1.000000,0.010000,0.000000,0.000000,47.200000,0.210000,0.000000
1778942969.351372,0,0.000000,1.000000,0.000000,1.000000,0.000000,0.000000,0.000000,59.080000,0.440000,0.000000
1778942969.381200,0,0.000000,1.000000,0.000000,1.000000,0.470000,0.000000,0.000000,83.440000,0.210000,0.000000
1778942969.465026,0,0.000000,1.000000,0.000000,1.000000,0.950000,0.000000,0.000000,88.690000,0.670000,0.000000
1778942969.503779,0,0.000000,1.000000,0.000000,1.000000,1.000000,0.000000,0.000000,87.830000,0.000000,0.000000
1778942969.509431,0,0.000000,1.000000,0.000000,1.000000,1.000000,0.000000,0.000000,87.830000,0.210000,0.000000
1778942969.532320,0,0.000000,1.000000,0.000000,1.000000,0.180000,0.000000,0.000000,80.430000,0.440000,0.000000
1778942969.607128,0,0.000000,1.000000,0.000000,1.000000,1.000000,0.000000,0.000000,74.220000,0.210000,0.000000
1778942969.608174,0,0.000000,1.000000,0.000000,1.000000,0.400000,0.000000,0.000000,52.410000,0.210000,0.000000
1778942969.611883,0,0.000000,1.000000,0.000000,1.000000,0.670000,0.000000,0.000000,47.470000,0.210000,0.000000
1778942969.644603,0,0.000000,1.000000,0.000000,1.000000,1.000000,0.000000,0.000000,46.130000,0.000000,0.000000
1778942969.657756,0,0.000000,1.000000,0.000000,1.000000,0.000000,0.000000,0.000000,46.220000,0.440000,0.000000
1778942969.665712,0,0.000000,1.000000,0.000000,1.000000,0.170000,0.000000,0.000000,46.290000,0.210000,0.000000
1778942969.681607,0,0.000000,1.000000,0.000000,1.000000,0.340000,0.000000,0.000000,46.290000,0.210000,0.000000
1778942969.694987,0,0.000000,1.000000,0.000000,1.000000,0.690000,0.000000,0.000000,46.130000,0.000000,0.000000
1778942969.697381,0,0.000000,1.000000,0.000000,1.000000,0.090000,0.000000,0.000000,46.040000,0.210000,0.000000
1778942969.698291,0,0.000000,1.000000,0.000000,1.000000,0.090000,0.000000,0.000000,46.220000,0.210000,0.000000
1778942969.711364,0,0.000000,1.000000,0.000000,1.000000,0.330000,0.000000,0.000000,46.040000,0.210000,0.000000
1778942969.750557,0,0.000000,1.000000,0.000000,1.000000,0.000000,0.000000,0.000000,46.130000,0.440000,0.000000
1778942969.807267,0,0.000000,1.000000,0.000000,1.000000,0.360000,0.000000,0.000000,46.130000,0.210000,0.000000
1778942969.852297,0,0.000000,1.000000,0.000000,1.000000,0.100000,0.000000,0.000000,46.220000,0.210000,0.000000
1778942969.860659,0,0.000000,1.000000,0.000000,1.000000,0.690000,0.000000,0.000000,46.290000,0.210000,0.000000
1778942969.883886,0,0.000000,1.000000,0.000000,1.000000,0.050000,0.000000,0.000000,46.290000,0.210000,0.000000
1778942969.886252,0,0.000000,1.000000,0.000000,1.000000,1.000000,0.000000,0.000000,47.470000,0.440000,0.000000
1778942969.887082,0,0.000000,1.000000,0.000000,1.000000,1.000000,0.000000,0.000000,46.290000,0.210000,0.000000
1778942969.887757,0,0.000000,1.000000,0.000000,1.000000,1.000000,0.000000,0.000000,46.380000,0.210000,0.000000
1778942969.905846,0,0.000000,1.000000,0.000000,1.000000,0.370000,0.000000,0.000000,46.130000,0.210000,0.000000
1778942969.936714,0,0.000000,1.000000,0.000000,1.000000,1.000000,0.000000,0.000000,46.220000,0.440000,0.000000
1778942969.950332,0,0.000000,1.000000,0.000000,1.000000,1.000000,0.000000,0.000000,46.290000,0.440000,0.000000
1778942969.952633,0,0.000000,1.000000,0.000000,1.000000,1.000000,0.000000,0.000000,46.220000,0.210000,0.000000
1778942969.966640,0,0.000000,1.000000,0.000000,1.000000,0.280000,0.000000,0.000000,46.220000,0.210000,0.000000
1778942969.982366,0,0.000000,1.000000,0.000000,1.000000,0.910000,0.000000,0.000000,46.380000,0.210000,0.000000
1778942970.011850,0,0.000000,1.000000,0.000000,1.000000,0.280000,0.000000,0.000000,46.290000,0.210000,0.000000
1778942970.014281,0,0.000000,1.000000,0.000000,1.000000,0.870000,0.000000,0.000000,46.290000,0.210000,0.000000
1778942970.042529,0,0.000000,1.000000,0.000000,1.000000,1.000000,0.000000,0.000000,46.220000,0.210000,0.000000
1778942970.045025,0,0.000000,1.000000,0.000000,1.000000,0.100000,0.000000,0.000000,46.130000,0.210000,0.000000
1778942970.055775,0,0.000000,1.000000,0.000000,1.000000,0.600000,0.000000,0.000000,46.290000,0.210000,0.000000
1778942970.079312,0,0.000000,1.000000,0.000000,1.000000,1.000000,0.000000,0.000000,46.290000,0.210000,0.000000
1778942970.132089,0,0.000000,1.000000,0.000000,1.000000,0.200000,0.000000,0.000000,45.970000,0.440000,0.000000
1778942970.154133,0,0.000000,1.000000,0.000000,1.000000,0.010000,0.000000,0.000000,46.220000,0.440000,0.000000
1778942970.155951,0,0.000000,1.000000,0.000000,1.000000,0.440000,0.000000,0.000000,45.970000,0.440000,0.000000
1778942970.183182,0,0.000000,1.000000,0.000000,1.000000,0.860000,0.000000,0.000000,45.880000,0.210000,0.000000
1778942970.185149,0,0.000000,1.000000,0.000000,1.000000,1.000000,0.000000,0.000000,46.220000,0.210000,0.140000
1778942970.185819,0,0.000000,1.000000,0.000000,1.000000,1.000000,0.000000,0.000000,46.220000,0.210000,0.000000
1778942970.206158,0,0.000000,1.000000,0.000000,1.000000,0.100000,0.000000,0.000000,46.220000,0.670000,0.140000
1778942970.207698,0,0.000000,1.000000,0.000000,0.000000,0.430000,0.000000,0.000000,46.380000,0.210000,0.000000
1778942970.219431,0,0.000000,0.000000,0.000000,0.000000,0.000000,0.000000,0.000000,46.630000,0.440000,0.000000
1778942970.227557,0,0.000000,0.000000,0.000000,0.000000,0.340000,0.000000,0.000000,54.970000,0.210000,0.000000
1778942970.348231,0,0.000000,0.000000,0.000000,0.000000,0.670000,0.000000,0.000000,48.740000,0.210000,0.000000
1778942970.515250,0,0.000000,0.000000,0.000000,0.000000,1.000000,0.000000,0.000000,48.130000,0.210000,0.000000
1778942970.528131,0,0.000000,0.000000,0.000000,0.000000,1.000000,0.000000,0.000000,41.270000,0.210000,0.000000
1778942970.544272,0,0.000000,0.000000,0.000000,0.000000,0.110000,0.000000,0.000000,39.080000,0.000000,0.000000
1778942970.575001,0,0.000000,0.000000,0.000000,0.000000,1.000000,0.000000,0.000000,57.520000,0.210000,0.000000
1778942970.649277,0,0.000000,0.000000,0.000000,0.000000,0.170000,0.000000,0.000000,40.430000,0.210000,0.000000
1778942970.912190,0,0.000000,0.000000,0.000000,0.000000,0.330000,0.000000,0.000000,37.450000,0.210000,0.000000
1778942970.941234,0,0.000000,0.000000,0.000000,0.000000,0.620000,0.000000,0.000000,37.680000,0.440000,0.000000
1778942971.023484,0,0.000000,0.000000,0.000000,0.000000,0.890000,0.000000,0.000000,38.630000,0.210000,0.140000
1778942971.032231,0,0.000000,0.000000,0.000000,0.000000,1.000000,0.000000,0.000000,36.810000,0.440000,0.000000
1778942971.034801,0,0.000000,0.000000,0.000000,0.000000,1.000000,0.000000,0.000000,33.630000,0.210000,0.000000
1778942971.035935,0,0.000000,0.000000,0.000000,0.000000,1.000000,0.000000,0.000000,20.400000,0.210000,0.140000
1778942971.082859,0,0.000000,0.000000,0.000000,0.000000,0.030000,0.000000,0.000000,20.130000,0.210000,0.000000
1778942971.233786,0,0.000000,0.000000,0.000000,0.000000,1.000000,0.000000,0.000000,21.030000,0.210000,0.000000
1778942971.363371,0,0.000000,0.000000,0.000000,0.000000,1.000000,0.000000,0.000000,21.130000,0.000000,0.000000
1778942971.364484,0,0.000000,0.000000,0.000000,0.000000,0.150000,0.000000,0.000000,21.360000,0.210000,0.000000
1778942971.365435,0,0.000000,0.000000,0.000000,0.000000,0.030000,0.000000,0.000000,22.380000,0.210000,0.000000
1778942971.391861,0,0.000000,0.000000,0.000000,0.000000,1.000000,0.000000,0.000000,27.600000,0.210000,0.000000
1778942971.395354,0,0.000000,0.000000,0.000000,0.000000,0.090000,0.000000,0.000000,24.720000,0.210000,0.000000
1778942971.406488,0,0.000000,0.000000,0.000000,0.000000,0.400000,0.000000,0.000000,51.250000,0.210000,0.140000
1778942971.408361,0,0.000000,0.000000,0.000000,0.000000,0.690000,0.000000,0.000000,65.520000,0.440000,0.000000
1778942971.421384,0,0.000000,0.000000,0.000000,0.000000,0.980000,0.000000,0.000000,62.700000,0.210000,0.000000
1778942971.423709,0,0.000000,0.000000,0.000000,0.000000,1.000000,0.000000,0.000000,73.870000,0.210000,0.000000
1778942971.435793,0,0.000000,0.000000,0.000000,0.000000,1.000000,0.000000,0.000000,80.040000,0.210000,0.000000
1778942971.475050,0,0.000000,0.000000,0.000000,0.000000,1.000000,0.000000,0.000000,82.120000,0.210000,0.000000
1778942971.495698,0,0.000000,0.000000,0.000000,0.000000,1.000000,0.000000,0.000000,84.380000,0.210000,0.000000
1778942971.502381,0,0.000000,0.000000,0.000000,0.000000,1.000000,0.000000,0.000000,86.860000,0.210000,0.140000
1778942971.509879,0,0.000000,0.000000,0.000000,0.000000,1.000000,0.000000,0.000000,88.550000,0.210000,0.000000
1778942971.518918,0,0.000000,0.000000,0.000000,0.000000,1.000000,0.000000,0.000000,89.690000,0.210000,0.000000
1778942971.541693,0,0.000000,0.000000,0.000000,0.000000,1.000000,0.000000,0.000000,90.130000,0.210000,0.000000
1778942971.548158,0,0.000000,0.000000,0.000000,0.000000,1.000000,0.000000,0.000000,90.270000,0.210000,0.000000
1778942971.565127,0,0.000000,0.000000,0.000000,0.000000,0.100000,0.000000,0.000000,91.160000,0.210000,0.000000
1778942971.570649,0,0.000000,0.000000,0.000000,0.000000,0.370000,0.000000,0.000000,92.190000,0.210000,0.000000
1778942971.595324,0,0.000000,0.000000,0.000000,0.000000,0.640000,0.000000,0.000000,92.190000,0.670000,0.000000
1778942971.618584,0,0.000000,0.000000,0.000000,0.000000,0.920000,0.000000,0.000000,92.330000,0.210000,0.000000
1778942971.639814,0,0.000000,0.000000,0.000000,0.000000,1.000000,0.000000,0.000000,91.590000,0.210000,0.000000
1778942971.641784,0,0.000000,0.000000,0.000000,0.000000,0.000000,0.000000,0.000000,91.590000,0.890000,0.280000
1778942971.644570,0,0.000000,0.000000,0.000000,0.000000,0.210000,0.000000,0.000000,91.440000,0.210000,0.000000
1778942971.667965,0,0.000000,0.000000,0.000000,0.000000,0.440000,0.000000,0.000000,91.590000,0.210000,0.000000
1778942971.697556,0,0.000000,0.000000,0.000000,0.000000,0.680000,0.000000,0.000000,91.160000,0.210000,0.000000
1778942971.705522,0,0.000000,0.000000,0.000000,0.000000,0.890000,0.000000,0.000000,92.040000,0.210000,0.280000
1778942971.745751,0,0.000000,0.000000,0.000000,0.000000,1.000000,0.000000,0.000000,92.790000,0.210000,0.000000
1778942971.751366,0,0.000000,0.000000,0.000000,0.000000,1.000000,0.000000,0.000000,93.230000,0.210000,0.000000
1778942971.753491,0,0.000000,0.000000,0.000000,0.000000,1.000000,0.000000,0.000000,93.540000,0.440000,0.000000
1778942971.754609,0,0.000000,0.000000,0.000000,0.000000,1.000000,0.000000,0.000000,93.830000,0.210000,0.000000
1778942971.766485,0,0.000000,0.000000,0.000000,0.000000,1.000000,0.000000,0.000000,93.380000,0.210000,0.000000
1778942971.790135,0,0.000000,0.000000,0.000000,0.000000,0.070000,0.000000,0.000000,93.230000,0.210000,0.000000
1778942971.795730,0,0.000000,0.000000,0.000000,0.000000,0.200000,0.000000,0.000000,93.080000,0.210000,0.000000
1778942971.858500,0,0.000000,0.000000,0.000000,0.000000,0.360000,0.000000,0.000000,92.630000,0.210000,0.000000
1778942971.878536,0,0.000000,0.000000,0.000000,0.000000,0.500000,0.000000,0.000000,93.080000,0.210000,0.000000
1778942971.893830,0,0.000000,0.000000,0.000000,0.000000,0.640000,0.000000,0.000000,93.690000,0.210000,0.000000
1778942971.918261,0,0.000000,0.000000,0.000000,0.000000,0.790000,0.000000,0.000000,94.000000,0.210000,0.000000
1778942971.946845,0,0.000000,0.000000,0.000000,0.000000,0.090000,0.000000,0.000000,94.000000,0.210000,0.000000
1778942971.963183,0,0.000000,0.000000,0.000000,0.000000,0.230000,0.000000,0.000000,94.440000,0.210000,0.000000
1778942971.965354,0,0.000000,0.000000,0.000000,0.000000,0.370000,0.000000,0.000000,94.760000,0.670000,0.000000
1778942971.966088,0,0.000000,0.000000,0.000000,0.000000,0.510000,0.000000,0.000000,95.830000,0.210000,0.000000
1778942971.967088,0,0.000000,0.000000,0.000000,0.000000,0.810000,0.000000,0.000000,95.520000,0.210000,0.000000
1778942971.975446,0,0.000000,0.000000,0.000000,0.000000,0.970000,0.000000,0.000000,95.690000,0.210000,0.000000
1778942971.977061,0,0.000000,0.000000,0.000000,0.000000,1.000000,0.000000,0.000000,95.370000,0.210000,0.000000
1778942971.998733,0,0.000000,0.000000,0.000000,0.000000,0.070000,0.000000,0.000000,95.520000,0.210000,0.000000
1778942972.037929,0,0.000000,0.000000,0.000000,0.000000,0.200000,0.000000,0.000000,90.720000,0.210000,0.000000
1778942972.041266,0,0.000000,0.000000,0.000000,0.000000,0.330000,0.000000,0.000000,92.040000,0.210000,0.140000
1778942972.042187,0,0.000000,0.000000,0.000000,0.000000,0.460000,0.000000,0.000000,92.330000,0.000000,0.000000
1778942972.105268,0,0.000000,0.000000,0.000000,0.000000,0.100000,0.000000,0.000000,79.520000,0.210000,0.000000
1778942972.107224,0,0.000000,0.000000,0.000000,0.000000,0.270000,0.000000,0.000000,55.630000,0.210000,0.000000
1778942972.107933,0,0.000000,0.000000,0.000000,0.000000,0.430000,0.000000,0.000000,51.160000,0.210000,0.000000
1778942972.126959,0,0.000000,0.000000,0.000000,0.000000,0.600000,0.000000,0.000000,51.160000,0.210000,0.000000
1778942972.140901,0,0.000000,0.000000,0.000000,0.000000,0.760000,0.000000,0.000000,51.610000,0.210000,0.000000
1778942972.164274,0,0.000000,0.000000,0.000000,0.000000,0.070000,0.000000,0.000000,53.040000,0.440000,0.000000
1778942972.165870,0,0.000000,0.000000,0.000000,0.000000,0.230000,0.000000,0.000000,53.400000,0.210000,0.410000
1778942972.170424,0,0.000000,0.000000,0.000000,0.000000,0.410000,0.000000,0.000000,53.950000,0.210000,0.000000
1778942972.236543,0,0.000000,0.000000,0.000000,0.000000,0.570000,0.000000,0.000000,54.700000,0.670000,0.000000
1778942972.252342,0,0.000000,0.000000,0.000000,0.000000,0.770000,0.000000,0.000000,55.430000,0.210000,0.000000
1778942972.259060,0,0.000000,0.000000,0.000000,0.000000,0.940000,0.000000,0.000000,56.090000,0.440000,0.000000
1778942972.402484,0,0.000000,0.000000,0.000000,0.000000,1.000000,0.000000,0.000000,56.660000,0.210000,0.140000
1778942972.432317,0,0.000000,0.000000,0.000000,0.000000,1.000000,0.000000,0.000000,57.240000,0.210000,0.000000
1778942972.457389,0,0.000000,0.000000,0.000000,0.000000,1.000000,0.000000,0.000000,57.520000,0.210000,0.000000
1778942972.462864,0,0.000000,0.000000,0.000000,0.000000,0.090000,0.000000,0.000000,57.900000,0.210000,0.000000
1778942972.480271,0,0.000000,0.000000,0.000000,0.000000,0.330000,0.000000,0.000000,57.810000,0.210000,0.000000
1778942972.482428,0,0.000000,0.000000,0.000000,0.000000,0.820000,0.000000,0.000000,57.520000,0.210000,0.140000
1778942972.485104,0,0.000000,0.000000,0.000000,0.000000,0.720000,0.000000,0.000000,57.340000,0.440000,0.000000
1778942972.487055,0,0.000000,0.000000,0.000000,0.000000,1.000000,0.000000,0.000000,57.430000,0.210000,0.000000
1778942972.499845,0,0.000000,0.000000,0.000000,0.000000,1.000000,0.000000,0.000000,57.430000,0.210000,0.000000
1778942972.516345,0,0.000000,0.000000,0.000000,0.000000,1.000000,0.000000,0.000000,57.430000,0.210000,0.000000
1778942972.584110,0,0.000000,0.000000,0.000000,0.000000,1.000000,0.000000,0.000000,57.520000,0.210000,0.000000
1778942972.591387,0,0.000000,0.000000,0.000000,0.000000,1.000000,0.000000,0.000000,57.810000,0.210000,0.000000
1778942972.592547,0,0.000000,0.000000,0.000000,0.000000,0.010000,0.000000,0.000000,58.110000,0.210000,0.000000
1778942972.596742,0,0.000000,0.000000,0.000000,0.000000,0.440000,0.000000,0.000000,57.900000,0.890000,0.000000
1778942972.598150,0,0.000000,0.000000,0.000000,0.000000,0.050000,0.000000,0.000000,57.430000,0.210000,0.000000
1778942972.615141,0,0.000000,0.000000,0.000000,0.000000,0.500000,0.000000,0.000000,56.950000,0.210000,0.000000
1778942972.674761,0,0.000000,0.000000,0.000000,0.000000,0.930000,0.000000,0.000000,54.880000,0.210000,0.000000
1778942972.719645,0,0.000000,0.000000,0.000000,0.000000,1.000000,0.000000,0.000000,53.590000,0.210000,0.000000
1778942972.721116,0,0.000000,0.000000,0.000000,0.000000,0.170000,0.000000,0.000000,52.590000,0.210000,0.000000
1778942972.741855,0,0.000000,0.000000,0.000000,0.000000,0.170000,0.000000,0.000000,51.880000,0.670000,0.000000
1778942972.781023,0,0.000000,0.000000,0.000000,0.000000,0.630000,0.000000,0.000000,51.430000,0.210000,0.000000
1778942972.846431,0,0.000000,0.000000,0.000000,0.000000,1.000000,0.000000,0.000000,51.430000,0.210000,0.000000
1778942972.882316,0,0.000000,0.000000,0.000000,0.000000,1.000000,0.000000,0.000000,51.970000,0.210000,0.000000
1778942972.883340,0,0.000000,0.000000,0.000000,0.000000,0.000000,0.000000,0.000000,49.340000,0.440000,0.000000
1778942972.898264,0,0.000000,0.000000,0.000000,0.000000,0.510000,0.000000,0.000000,43.060000,0.210000,0.000000
1778942972.900031,0,0.000000,0.000000,0.000000,0.000000,0.090000,0.000000,0.000000,40.650000,0.210000,0.000000
1778942972.900842,0,0.000000,0.000000,0.000000,0.000000,0.210000,0.000000,0.000000,38.560000,0.210000,0.000000
1778942972.901562,0,0.000000,0.000000,0.000000,0.000000,0.460000,0.000000,0.000000,37.090000,0.210000,0.000000
1778942972.913032,0,0.000000,0.000000,0.000000,0.000000,0.690000,0.000000,0.000000,30.290000,0.210000,0.000000
1778942972.959237,0,0.000000,0.000000,0.000000,0.000000,0.230000,0.000000,0.000000,27.670000,0.210000,0.000000
1778942972.961612,0,0.000000,0.000000,0.000000,0.000000,0.510000,0.000000,0.000000,26.430000,0.210000,0.000000
1778942973.056999,0,0.000000,0.000000,0.000000,0.000000,0.830000,0.000000,0.000000,25.560000,0.210000,0.000000
1778942973.312449,0,0.000000,0.000000,0.000000,0.000000,1.000000,0.000000,0.000000,23.020000,0.210000,0.000000
1778942973.335330,0,0.000000,0.000000,0.000000,0.000000,0.010000,0.000000,0.000000,21.590000,0.210000,0.000000
1778942973.337713,0,0.000000,0.000000,0.000000,0.000000,0.360000,0.000000,0.000000,20.860000,0.440000,0.000000
1778942973.364370,0,0.000000,0.000000,0.000000,0.000000,0.380000,0.000000,0.000000,20.250000,0.210000,0.000000
1778942973.409207,0,0.000000,0.000000,0.000000,0.000000,0.910000,0.000000,0.000000,20.030000,0.210000,0.000000
1778942973.448901,0,0.000000,0.000000,0.000000,0.000000,1.000000,0.000000,0.000000,19.960000,0.000000,0.000000
1778942973.469940,0,0.000000,0.000000,0.000000,0.000000,0.200000,0.000000,0.000000,20.030000,0.210000,0.000000
1778942973.551217,0,0.000000,0.000000,0.000000,0.000000,0.460000,0.000000,0.000000,20.030000,0.210000,0.000000
1778942973.603760,0,0.000000,0.000000,0.000000,0.000000,1.000000,0.000000,0.000000,20.070000,0.210000,0.000000
1778942973.640620,0,0.000000,0.000000,0.000000,0.000000,1.000000,0.000000,0.000000,21.250000,0.440000,0.000000
1778942973.664294,0,0.000000,0.000000,0.000000,0.000000,1.000000,0.000000,0.000000,21.360000,0.210000,0.000000
1778942973.724629,0,0.000000,0.000000,0.000000,0.000000,1.000000,0.000000,0.000000,21.700000,0.210000,0.000000
1778942973.783198,0,0.000000,0.000000,0.000000,0.000000,1.000000,0.000000,0.000000,23.480000,0.440000,0.000000
1778942973.835969,0,0.000000,0.000000,0.000000,0.000000,1.000000,0.000000,0.000000,24.020000,0.210000,0.000000
1778942973.880220,0,0.000000,0.000000,0.000000,0.000000,0.100000,0.000000,0.000000,23.840000,0.210000,0.000000
1778942973.901750,0,0.000000,0.000000,0.000000,0.000000,0.750000,0.000000,0.000000,23.650000,0.440000,0.000000
1778942973.942768,0,0.000000,0.000000,0.000000,0.000000,0.370000,0.000000,0.000000,23.950000,0.000000,0.000000
1778942973.944257,0,0.000000,0.000000,0.000000,0.000000,0.250000,0.000000,0.000000,23.480000,0.210000,0.000000
1778942973.946107,0,0.000000,0.000000,0.000000,0.000000,0.250000,0.000000,0.000000,22.950000,0.210000,0.000000
1778942973.954789,0,0.000000,0.000000,0.000000,0.000000,1.000000,0.000000,0.000000,22.270000,0.210000,0.000000
1778942973.964818,0,0.000000,0.000000,0.000000,0.000000,1.000000,0.000000,0.000000,22.040000,0.210000,0.000000
1778942973.995970,0,0.000000,0.000000,0.000000,0.000000,1.000000,0.000000,0.000000,21.930000,0.210000,0.000000
1778942973.998154,0,0.000000,0.000000,0.000000,0.000000,1.000000,0.000000,0.000000,21.980000,0.210000,0.000000
1778942973.999223,0,0.000000,0.000000,0.000000,0.000000,1.000000,0.000000,0.000000,21.930000,0.210000,0.000000
1778942974.078009,0,0.000000,0.000000,0.000000,0.000000,1.000000,0.000000,0.000000,21.930000,0.210000,0.000000
1778942974.324527,0,0.000000,0.000000,0.000000,0.000000,1.000000,0.000000,0.000000,21.980000,0.210000,0.000000
1778942974.346508,0,0.000000,0.000000,0.000000,0.000000,1.000000,0.000000,0.000000,22.100000,0.210000,0.140000
1778942974.444153,0,0.000000,0.000000,0.000000,0.000000,1.000000,0.000000,0.000000,21.980000,0.210000,0.000000
1778942974.489210,0,0.000000,0.000000,0.000000,0.000000,0.050000,0.000000,0.000000,22.100000,0.670000,0.000000
1778942974.557179,0,0.000000,0.000000,0.000000,0.000000,1.000000,0.000000,0.000000,22.210000,0.210000,0.000000
1778942974.602382,0,0.000000,0.000000,0.000000,0.000000,0.600000,0.000000,0.000000,23.370000,0.210000,0.000000
1778942974.616311,0,0.000000,0.000000,0.000000,0.000000,1.000000,0.000000,0.000000,23.260000,0.210000,0.000000
1778942974.625061,0,0.000000,0.000000,0.000000,0.000000,1.000000,0.000000,0.000000,23.480000,0.440000,0.000000
1778942974.626470,0,0.000000,0.000000,0.000000,0.000000,1.000000,0.000000,0.000000,24.300000,0.210000,0.000000
1778942974.627650,0,0.000000,0.000000,0.000000,0.000000,0.720000,0.000000,0.000000,29.820000,0.210000,0.000000
1778942974.662210,0,0.000000,0.000000,0.000000,0.000000,0.460000,0.000000,0.000000,32.000000,0.210000,0.000000
1778942974.728855,0,0.000000,0.000000,0.000000,0.000000,0.820000,0.000000,0.000000,32.130000,0.210000,0.000000
1778942974.752599,0,0.000000,0.000000,0.000000,0.000000,1.000000,0.000000,0.000000,32.130000,0.440000,0.000000
1778942974.797669,0,0.000000,0.000000,0.000000,0.000000,0.070000,0.000000,0.000000,32.880000,0.210000,0.000000
1778942974.885570,0,0.000000,0.000000,0.000000,0.000000,0.380000,0.000000,0.000000,33.090000,0.210000,0.000000
1778942975.042276,0,0.000000,0.000000,0.000000,0.000000,1.000000,0.000000,0.000000,33.360000,0.210000,0.000000
1778942975.172409,0,0.000000,0.000000,0.000000,0.000000,0.270000,0.000000,0.000000,32.880000,0.890000,0.000000
1778942975.309187,0,0.000000,0.000000,0.000000,0.000000,0.020000,0.000000,0.000000,32.610000,0.210000,0.000000
1778942975.425797,0,0.000000,0.000000,0.000000,0.000000,0.460000,0.000000,0.000000,33.220000,0.440000,0.000000
1778942975.538851,0,0.000000,0.000000,0.000000,0.000000,1.000000,0.000000,0.000000,32.270000,0.210000,0.000000
1778942975.740905,0,0.000000,0.000000,0.000000,0.000000,1.000000,0.000000,0.000000,31.010000,0.210000,0.000000
1778942975.996562,0,0.000000,0.000000,0.000000,0.000000,1.000000,0.000000,0.000000,25.270000,0.210000,0.000000
1778942976.103563,0,0.000000,0.000000,0.000000,0.000000,0.810000,0.000000,0.000000,24.670000,0.210000,0.000000
1778942976.206312,0,0.000000,0.000000,0.000000,0.000000,0.430000,0.000000,0.000000,24.300000,0.210000,0.000000
1778942976.279857,0,0.000000,0.000000,0.000000,0.000000,0.280000,0.000000,0.000000,24.190000,0.210000,0.000000
1778942976.339438,0,0.000000,0.000000,0.000000,0.000000,1.000000,0.000000,0.000000,24.070000,0.000000,0.000000
1778942976.400068,0,0.000000,0.000000,0.000000,0.000000,0.690000,0.000000,0.000000,23.890000,0.210000,0.000000
1778942976.456859,0,0.000000,0.000000,0.000000,0.000000,0.570000,0.000000,0.000000,24.020000,0.440000,0.000000
1778942976.567696,0,0.000000,0.000000,0.000000,0.000000,0.270000,0.000000,0.000000,23.710000,0.210000,0.000000
1778942976.672161,0,0.000000,0.000000,0.000000,0.000000,1.000000,0.000000,0.000000,24.070000,0.210000,0.000000
1778942976.730793,0,0.000000,0.000000,0.000000,0.000000,1.000000,0.000000,0.000000,24.130000,0.210000,0.140000
1778942976.830429,0,0.000000,0.000000,0.000000,0.000000,1.000000,0.000000,0.000000,24.070000,0.440000,0.000000
1778942976.862477,0,0.000000,0.000000,0.000000,0.000000,1.000000,0.000000,0.000000,23.950000,0.210000,0.000000
1778942976.892812,0,0.000000,0.000000,0.000000,0.000000,0.810000,0.000000,0.000000,24.020000,0.210000,0.000000
1778942976.948943,0,0.000000,0.000000,0.000000,0.000000,1.000000,0.000000,0.000000,23.710000,0.210000,0.000000
1778942977.137942,0,0.000000,0.000000,0.000000,0.000000,0.050000,0.000000,0.000000,24.020000,0.210000,0.000000
1778942977.172694,0,0.000000,0.000000,0.000000,0.000000,0.120000,0.000000,0.000000,24.070000,0.210000,0.000000
1778942977.173294,0,0.000000,0.000000,0.000000,0.000000,0.120000,0.000000,0.000000,23.950000,0.000000,0.000000
1778942977.262989,0,0.000000,0.000000,0.000000,0.000000,0.510000,0.000000,0.000000,23.610000,0.000000,0.000000
1778942977.352298,0,0.000000,0.000000,0.000000,0.000000,1.000000,0.000000,0.000000,24.070000,0.000000,0.000000
1778942977.450574,0,0.000000,0.000000,0.000000,0.000000,0.070000,0.000000,0.000000,24.790000,0.000000,0.000000
1778942977.509842,0,0.000000,0.000000,0.000000,0.000000,0.600000,0.000000,0.000000,24.850000,0.000000,0.000000
1778942977.566735,0,0.000000,0.000000,0.000000,0.000000,1.000000,0.000000,0.000000,24.900000,0.000000,0.000000
1778942977.683948,0,0.000000,0.000000,0.000000,0.000000,1.000000,0.000000,0.000000,24.430000,0.000000,0.000000
1778942977.743489,0,0.000000,0.000000,0.000000,0.000000,0.000000,0.000000,0.000000,25.090000,0.670000,0.000000
1778942977.848064,0,0.000000,0.000000,0.000000,0.000000,1.000000,0.000000,0.000000,26.970000,0.000000,0.000000
1778942977.910040,0,0.000000,0.000000,0.000000,0.000000,1.000000,0.000000,0.000000,27.350000,0.000000,0.000000
1778942977.910641,0,0.000000,0.000000,0.000000,0.000000,0.280000,0.000000,0.000000,25.320000,0.000000,0.000000
1778942977.911089,0,0.000000,0.000000,0.000000,0.000000,1.000000,0.000000,0.000000,24.900000,0.000000,0.110000
1778942978.005275,0,0.000000,0.000000,0.000000,0.000000,1.000000,0.000000,0.000000,24.670000,0.000000,0.000000
1778942978.079420,0,0.000000,0.000000,0.000000,0.000000,0.200000,0.000000,0.000000,24.960000,0.210000,0.000000
1778942978.137005,0,0.000000,0.000000,0.000000,0.000000,0.550000,0.000000,0.000000,24.960000,0.210000,0.000000
1778942978.137529,0,0.000000,0.000000,0.000000,0.000000,1.000000,0.000000,0.000000,24.960000,0.210000,0.000000
1778942978.137937,0,0.000000,0.000000,0.000000,0.000000,0.430000,0.000000,0.000000,24.960000,0.210000,0.000000
1778942978.138315,0,0.000000,0.000000,0.000000,0.000000,0.560000,0.000000,0.000000,24.670000,0.210000,0.000000
1778942978.207514,0,0.000000,0.000000,0.000000,0.000000,0.170000,0.000000,0.000000,24.540000,0.210000,0.000000
1778942978.306725,0,0.000000,0.000000,0.000000,0.000000,0.400000,0.000000,0.000000,24.430000,0.210000,0.000000
1778942978.403573,0,0.000000,0.000000,0.000000,0.000000,0.000000,0.000000,0.000000,24.670000,0.890000,0.000000
1778942978.462375,0,0.000000,0.000000,0.000000,0.000000,0.100000,0.000000,0.000000,24.430000,0.210000,0.000000
1778942978.519400,0,0.000000,0.000000,0.000000,0.000000,0.330000,0.000000,0.000000,24.130000,0.440000,0.000000
1778942978.589737,0,0.000000,0.000000,0.000000,0.000000,0.280000,0.000000,0.000000,24.430000,0.210000,0.000000
1778942978.689389,0,0.000000,0.000000,0.000000,0.000000,1.000000,0.000000,0.000000,24.480000,0.210000,0.000000
1778942978.750598,0,0.000000,0.000000,0.000000,0.000000,0.800000,0.000000,0.000000,24.610000,0.210000,0.000000
1778942978.751116,0,0.000000,0.000000,0.000000,0.000000,1.000000,0.000000,0.000000,24.250000,0.210000,0.000000
1778942978.846681,0,0.000000,0.000000,0.000000,0.000000,0.610000,0.000000,0.000000,24.370000,0.210000,0.000000
1778942978.909028,0,0.000000,0.000000,0.000000,0.000000,1.000000,0.000000,0.000000,24.190000,0.210000,0.000000
1778942978.910223,0,0.000000,0.000000,0.000000,0.000000,0.020000,0.000000,0.000000,24.370000,0.670000,0.000000
1778942979.018600,0,0.000000,0.000000,0.000000,0.000000,0.610000,0.000000,0.000000,24.190000,0.210000,0.000000
1778942979.078805,0,0.000000,0.000000,0.000000,0.000000,1.000000,0.000000,0.000000,24.370000,0.210000,0.000000
1778942979.079325,0,0.000000,0.000000,0.000000,0.000000,0.000000,0.000000,0.000000,24.300000,0.440000,0.000000
1778942979.079725,0,0.000000,0.000000,0.000000,0.000000,1.000000,0.000000,0.000000,24.370000,0.210000,0.000000
1778942979.192318,0,0.000000,0.000000,0.000000,0.000000,1.000000,0.000000,0.000000,24.070000,0.210000,0.000000
1778942979.256028,0,0.000000,0.000000,0.000000,0.000000,0.310000,0.000000,0.000000,24.250000,0.000000,0.110000
1778942979.256576,0,0.000000,0.000000,0.000000,0.000000,0.850000,0.000000,0.000000,24.250000,0.000000,0.110000
1778942979.256979,0,0.000000,0.000000,0.000000,0.000000,1.000000,0.000000,0.000000,24.130000,0.000000,0.000000
1778942979.257362,0,0.000000,0.000000,0.000000,0.000000,1.000000,0.000000,0.000000,24.610000,0.000000,0.000000
1778942979.347831,0,0.000000,0.000000,0.000000,0.000000,1.000000,0.000000,0.000000,24.900000,0.000000,0.000000
1778942979.407827,0,0.000000,0.000000,0.000000,0.000000,1.000000,0.000000,0.000000,24.900000,0.000000,0.000000
1778942979.408340,0,0.000000,0.000000,0.000000,0.000000,1.000000,0.000000,0.000000,24.900000,0.000000,0.000000
1778942979.466051,0,0.000000,0.000000,0.000000,0.000000,1.000000,0.000000,0.000000,24.900000,0.000000,0.000000
1778942979.466576,0,0.000000,0.000000,0.000000,0.000000,0.000000,0.000000,0.000000,24.900000,0.440000,0.000000
1778942979.589069,0,0.000000,0.000000,0.000000,0.000000,1.000000,0.000000,0.000000,29.890000,0.000000,0.000000
1778942979.693222,0,0.000000,0.000000,0.000000,0.000000,1.000000,0.000000,0.000000,29.950000,0.000000,0.000000
1778942979.753230,0,0.000000,0.000000,0.000000,0.000000,0.510000,0.000000,0.000000,31.540000,0.000000,0.000000
1778942979.753742,0,0.000000,0.000000,0.000000,0.000000,1.000000,0.000000,0.000000,31.730000,0.000000,0.000000
1778942979.754137,0,0.000000,0.000000,0.000000,0.000000,0.560000,0.000000,0.000000,31.730000,0.000000,0.000000
1778942979.861752,0,0.000000,0.000000,0.000000,0.000000,1.000000,0.000000,0.150000,32.400000,0.000000,0.000000
1778942979.894593,0,0.000000,0.000000,0.000000,0.000000,1.000000,0.000000,0.430000,32.470000,0.000000,0.000000
1778942979.952089,0,0.000000,0.000000,0.000000,0.000000,1.000000,0.000000,0.460000,32.340000,0.000000,0.000000
1778942980.143863,0,0.000000,0.000000,0.000000,0.000000,1.000000,0.000000,0.500000,32.270000,0.000000,0.000000
1778942980.256335,0,0.000000,0.000000,0.000000,0.000000,1.000000,0.000000,0.620000,32.080000,0.000000,0.000000
1778942980.316544,0,0.000000,0.000000,0.000000,0.000000,0.860000,0.000000,0.770000,30.750000,0.000000,0.000000
1778942980.374184,0,0.000000,0.000000,0.000000,0.000000,0.360000,0.000000,0.860000,30.210000,0.000000,0.000000
1778942980.449600,0,0.000000,0.000000,0.000000,0.000000,1.000000,0.000000,1.000000,28.420000,0.000000,0.000000
1778942980.513955,0,0.000000,0.000000,0.000000,0.000000,1.000000,0.000000,1.000000,24.370000,0.000000,0.000000
1778942980.539918,0,0.000000,0.000000,0.000000,0.000000,1.000000,0.000000,1.000000,24.370000,0.210000,0.000000
1778942980.541548,0,0.000000,0.000000,0.000000,0.000000,1.000000,0.000000,1.000000,24.430000,0.000000,0.000000
1778942980.691942,0,0.000000,0.000000,0.000000,0.000000,1.000000,0.000000,1.000000,24.370000,0.000000,0.000000
1778942980.721632,0,0.000000,0.000000,0.000000,0.000000,0.030000,0.000000,1.000000,24.370000,0.000000,0.000000
1778942980.728615,0,0.000000,0.000000,0.000000,0.000000,0.200000,0.000000,1.000000,24.300000,0.000000,0.000000
1778942980.765965,0,0.000000,0.000000,0.000000,0.000000,0.150000,0.000000,1.000000,24.610000,0.000000,0.000000
1778942980.826514,0,0.000000,0.000000,0.000000,0.000000,0.870000,0.000000,0.030000,24.430000,0.000000,0.000000
1778942980.848182,0,0.000000,0.000000,0.000000,0.000000,1.000000,0.000000,0.370000,24.070000,0.000000,0.000000
1778942980.991530,0,0.000000,0.000000,0.000000,0.000000,1.000000,0.000000,0.410000,23.890000,0.000000,0.000000
1778942981.021187,0,0.000000,0.000000,0.000000,0.000000,0.310000,0.000000,0.540000,24.130000,0.000000,0.110000
1778942981.104148,0,0.000000,0.000000,0.000000,0.000000,1.000000,0.000000,0.610000,24.070000,0.000000,0.000000
1778942981.143066,0,0.000000,0.000000,0.000000,0.000000,1.000000,0.000000,0.680000,24.190000,0.000000,0.000000
1778942981.148695,0,0.000000,0.000000,0.000000,0.000000,0.860000,0.000000,0.760000,24.370000,0.000000,0.000000
1778942981.150236,0,0.000000,0.000000,0.000000,0.000000,1.000000,0.000000,0.140000,24.370000,0.210000,0.000000
1778942981.217806,0,0.000000,0.000000,0.000000,0.000000,1.000000,0.000000,0.200000,24.370000,0.000000,0.000000
1778942981.240014,0,0.000000,0.000000,0.000000,0.000000,1.000000,0.000000,0.410000,24.430000,0.000000,0.000000
1778942981.245909,0,0.000000,0.000000,0.000000,0.000000,1.000000,0.000000,0.440000,24.370000,0.000000,0.000000
1778942981.255357,0,0.000000,0.000000,0.000000,0.000000,0.310000,0.000000,0.490000,24.250000,0.210000,0.000000
1778942981.283981,0,0.000000,0.000000,0.000000,0.000000,1.000000,0.000000,0.620000,24.070000,0.000000,0.000000
1778942981.287349,0,0.000000,0.000000,0.000000,0.000000,1.000000,0.000000,0.660000,24.250000,0.000000,0.000000
1778942981.289070,0,0.000000,0.000000,0.000000,0.000000,1.000000,0.000000,0.680000,24.300000,0.210000,0.000000
1778942981.298513,0,0.000000,0.000000,0.000000,0.000000,1.000000,0.000000,0.720000,24.300000,0.000000,0.000000
1778942981.336698,0,0.000000,0.000000,0.000000,0.000000,1.000000,0.000000,0.750000,24.370000,0.000000,0.000000
1778942981.428959,0,0.000000,0.000000,0.000000,0.000000,1.000000,0.000000,0.790000,24.250000,0.000000,0.000000
1778942981.431106,0,0.000000,0.000000,0.000000,0.000000,1.000000,0.000000,0.820000,24.300000,0.000000,0.000000
1778942981.432884,0,0.000000,0.000000,0.000000,0.000000,1.000000,0.000000,0.860000,24.250000,0.000000,0.000000
1778942981.464953,0,0.000000,0.000000,0.000000,0.000000,0.120000,0.000000,0.890000,24.370000,0.000000,0.000000
1778942981.478722,0,0.000000,0.000000,0.000000,0.000000,1.000000,0.000000,1.000000,24.540000,0.000000,0.000000
1778942981.532233,0,0.000000,0.000000,0.000000,0.000000,1.000000,0.000000,1.000000,25.320000,0.000000,0.000000
1778942981.546245,0,0.000000,0.000000,0.000000,0.000000,1.000000,0.000000,1.000000,26.430000,0.000000,0.000000
1778942981.578771,0,0.000000,0.000000,0.000000,0.000000,1.000000,0.000000,1.000000,26.970000,0.000000,0.000000
1778942981.581580,0,0.000000,0.000000,0.000000,0.000000,1.000000,0.000000,1.000000,27.040000,0.000000,0.000000
1778942981.863407,0,0.000000,0.000000,0.000000,0.000000,1.000000,0.000000,1.000000,30.620000,0.000000,0.000000
1778942981.982616,0,0.000000,0.000000,0.000000,0.000000,1.000000,0.000000,1.000000,31.400000,0.000000,0.000000
1778942982.043820,0,0.000000,0.000000,0.000000,0.000000,0.120000,0.000000,1.000000,31.540000,0.000000,0.000000
1778942982.152907,0,0.000000,0.000000,0.000000,0.000000,0.620000,0.000000,1.000000,31.610000,0.000000,0.000000
1778942982.215730,0,0.000000,0.000000,0.000000,0.000000,1.000000,0.000000,1.000000,33.150000,0.000000,0.000000
1778942982.275335,0,0.000000,0.000000,0.000000,0.000000,1.000000,0.000000,1.000000,33.630000,0.000000,0.110000
1778942982.393916,0,0.000000,0.000000,0.000000,0.000000,1.000000,0.000000,0.150000,32.880000,0.000000,0.000000
1778942982.456214,0,0.000000,0.000000,0.000000,0.000000,0.570000,0.000000,0.200000,33.090000,0.000000,0.000000
1778942982.566783,0,0.000000,0.000000,0.000000,0.000000,0.000000,0.000000,0.540000,33.220000,0.440000,0.000000
1778942982.694961,0,0.000000,0.000000,0.000000,0.000000,0.540000,0.000000,0.610000,33.020000,0.000000,0.000000
1778942982.862068,0,0.000000,0.000000,0.000000,0.000000,0.340000,0.000000,0.810000,32.400000,0.000000,0.000000
1778942983.105569,0,0.000000,0.000000,0.000000,0.000000,1.000000,0.000000,1.000000,30.620000,0.000000,0.000000
1778942983.121248,0,0.000000,0.000000,0.000000,0.000000,1.000000,0.000000,1.000000,30.150000,0.000000,0.000000
1778942983.391813,0,0.000000,0.000000,0.000000,0.000000,1.000000,0.000000,1.000000,30.800000,0.000000,0.000000
1778942983.408038,0,0.000000,0.000000,0.000000,0.000000,1.000000,0.000000,1.000000,30.870000,0.000000,0.000000
1778942983.409721,0,0.000000,0.000000,0.000000,0.000000,1.000000,0.000000,0.100000,29.820000,0.000000,0.000000
1778942983.435389,0,0.000000,0.000000,0.000000,0.000000,1.000000,0.000000,0.410000,30.540000,0.000000,0.000000
1778942983.467032,0,0.000000,0.000000,0.000000,0.000000,1.000000,0.000000,0.470000,30.620000,0.000000,0.000000
1778942983.473669,0,0.000000,0.000000,0.000000,0.000000,1.000000,0.000000,1.000000,30.420000,0.000000,0.000000
1778942983.496891,0,0.000000,0.000000,0.000000,0.000000,1.000000,0.000000,1.000000,30.870000,0.000000,0.000000
1778942983.499267,0,0.000000,0.000000,0.000000,0.000000,1.000000,0.000000,1.000000,31.540000,0.000000,0.000000
1778942983.527619,0,0.000000,0.000000,0.000000,0.000000,1.000000,0.000000,1.000000,31.670000,0.000000,0.000000
1778942983.662353,0,0.000000,0.000000,0.000000,0.000000,1.000000,0.000000,1.000000,32.340000,0.000000,0.000000
1778942983.682700,0,0.000000,0.000000,0.000000,0.000000,1.000000,0.000000,1.000000,32.680000,0.000000,0.000000
1778942983.954246,0,0.000000,0.000000,0.000000,0.000000,1.000000,0.000000,1.000000,33.150000,0.000000,0.000000
1778942983.975152,0,0.000000,0.000000,0.000000,0.000000,1.000000,0.000000,1.000000,33.290000,0.000000,0.000000
1778942984.009872,0,0.000000,0.000000,0.000000,0.000000,0.640000,0.000000,1.000000,33.770000,0.000000,0.000000
1778942984.179386,0,0.000000,0.000000,0.000000,0.000000,1.000000,0.000000,1.000000,33.840000,0.000000,0.000000
1778942984.203321,0,0.000000,0.000000,0.000000,0.000000,1.000000,0.000000,1.000000,34.540000,0.000000,0.000000
1778942984.263181,0,0.000000,0.000000,0.000000,0.000000,1.000000,0.000000,0.000000,37.680000,0.000000,0.000000
1778942984.307522,0,0.000000,0.000000,0.000000,0.000000,1.000000,0.000000,0.020000,37.610000,0.000000,0.000000
1778942984.448562,0,0.000000,0.000000,0.000000,0.000000,1.000000,0.000000,0.070000,37.450000,0.000000,0.000000
1778942984.532481,0,0.000000,0.000000,0.000000,0.000000,1.000000,0.000000,0.460000,37.680000,0.000000,0.000000
1778942984.577436,0,0.000000,0.000000,0.000000,0.000000,1.000000,0.000000,0.540000,37.610000,0.000000,0.000000
1778942984.666613,0,0.000000,0.000000,0.000000,0.000000,1.000000,0.000000,0.690000,37.680000,0.000000,0.000000
1778942984.704987,0,0.000000,0.000000,0.000000,0.000000,1.000000,0.000000,0.810000,37.680000,0.210000,0.000000
1778942984.743577,0,0.000000,0.000000,0.000000,0.000000,1.000000,0.000000,1.000000,36.950000,0.000000,0.000000
1778942984.839257,0,0.000000,0.000000,0.000000,0.000000,1.000000,0.000000,1.000000,36.590000,0.000000,0.000000
1778942984.907642,0,0.000000,0.000000,0.000000,0.000000,0.250000,0.000000,1.000000,36.150000,0.000000,0.000000
1778942985.003937,0,0.000000,0.000000,0.000000,0.000000,1.000000,0.000000,1.000000,35.740000,0.000000,0.000000
1778942985.042770,0,0.000000,0.000000,0.000000,0.000000,0.000000,0.000000,1.000000,35.950000,0.670000,0.000000
1778942985.130711,0,0.000000,0.000000,0.000000,0.000000,0.850000,0.000000,1.000000,35.950000,0.000000,0.000000
1778942985.145202,0,0.000000,0.000000,0.000000,0.000000,1.000000,0.000000,1.000000,35.590000,0.000000,0.110000
1778942985.147382,0,0.000000,0.000000,0.000000,0.000000,1.000000,0.000000,0.000000,35.160000,0.000000,0.000000
1778942985.148017,0,0.000000,0.000000,0.000000,0.000000,1.000000,0.000000,0.140000,33.900000,0.000000,0.000000
1778942985.148954,0,0.000000,0.000000,0.000000,0.000000,1.000000,0.000000,0.200000,33.630000,0.000000,0.000000
1778942985.160195,0,0.000000,0.000000,0.000000,0.000000,1.000000,0.000000,0.340000,33.560000,0.000000,0.000000
1778942985.206942,0,0.000000,0.000000,0.000000,0.000000,1.000000,0.000000,0.370000,33.500000,0.000000,0.000000
1778942985.214976,0,0.000000,0.000000,0.000000,0.000000,1.000000,0.000000,0.380000,33.020000,0.000000,0.000000
1778942985.243069,0,0.000000,0.000000,0.000000,0.000000,0.000000,0.000000,0.400000,32.750000,0.440000,0.000000
1778942985.260074,0,0.000000,0.000000,0.000000,0.000000,0.550000,0.000000,0.430000,33.020000,0.000000,0.000000
1778942985.262425,0,0.000000,0.000000,0.000000,0.000000,0.100000,0.000000,0.460000,32.950000,0.210000,0.000000
1778942985.333953,0,0.000000,0.000000,0.000000,0.000000,0.630000,0.000000,0.470000,32.810000,0.000000,0.000000
1778942985.341381,0,0.000000,0.000000,0.000000,0.000000,1.000000,0.000000,0.500000,32.750000,0.000000,0.000000
1778942985.398131,0,0.000000,0.000000,0.000000,0.000000,1.000000,0.000000,0.510000,32.750000,0.000000,0.000000
1778942985.416571,0,0.000000,0.000000,0.000000,0.000000,1.000000,0.000000,0.550000,32.750000,0.000000,0.000000
1778942985.431314,0,0.000000,0.000000,0.000000,0.000000,0.750000,0.000000,0.620000,32.950000,0.000000,0.000000
1778942985.476491,0,0.000000,0.000000,0.000000,0.000000,1.000000,0.000000,0.630000,32.950000,0.000000,0.000000
1778942985.514720,0,0.000000,0.000000,0.000000,0.000000,0.630000,0.000000,0.720000,31.940000,0.000000,0.000000
1778942985.572583,0,0.000000,0.000000,0.000000,0.000000,0.250000,0.000000,0.750000,31.870000,0.000000,0.000000
1778942985.588793,0,0.000000,0.000000,0.000000,0.000000,0.500000,0.000000,0.770000,31.670000,0.000000,0.000000
1778942985.590690,0,0.000000,0.000000,0.000000,0.000000,1.000000,0.000000,0.820000,31.870000,0.000000,0.000000
1778942985.591703,0,0.000000,0.000000,0.000000,0.000000,1.000000,0.000000,0.890000,31.130000,0.000000,0.000000
1778942985.611920,0,0.000000,0.000000,0.000000,0.000000,1.000000,0.000000,0.940000,30.680000,0.000000,0.000000
1778942985.618585,0,0.000000,0.000000,0.000000,0.000000,1.000000,0.000000,1.000000,30.620000,0.000000,0.000000
1778942985.650274,0,0.000000,0.000000,0.000000,0.000000,1.000000,0.000000,1.000000,30.150000,0.000000,0.000000
1778942985.651630,0,0.000000,0.000000,0.000000,0.000000,1.000000,0.000000,1.000000,29.560000,0.000000,0.000000
1778942985.664385,0,0.000000,0.000000,0.000000,0.000000,1.000000,0.000000,1.000000,28.870000,0.000000,0.000000
1778942985.697473,0,0.000000,0.000000,0.000000,0.000000,1.000000,0.000000,1.000000,28.480000,0.000000,0.000000
1778942985.724956,0,0.000000,0.000000,0.000000,0.000000,0.020000,0.000000,1.000000,27.420000,0.000000,0.000000
1778942985.768784,0,0.000000,0.000000,0.000000,0.000000,0.270000,0.000000,1.000000,26.970000,0.000000,0.000000
1778942985.799110,0,0.000000,0.000000,0.000000,0.000000,0.540000,0.000000,1.000000,27.040000,0.000000,0.000000
1778942985.807162,0,0.000000,0.000000,0.000000,0.000000,0.760000,0.000000,1.000000,27.220000,0.000000,0.000000
1778942985.813507,0,0.000000,0.000000,0.000000,0.000000,1.000000,0.000000,1.000000,27.290000,0.000000,0.000000
1778942985.829599,0,0.000000,0.000000,0.000000,0.000000,0.010000,0.000000,1.000000,28.040000,0.000000,0.000000
1778942985.855155,0,0.000000,0.000000,0.000000,0.000000,0.660000,0.000000,1.000000,29.510000,0.000000,0.000000
1778942985.857343,0,0.000000,0.000000,0.000000,0.000000,0.870000,0.000000,1.000000,30.290000,0.000000,0.000000
1778942985.941348,0,0.000000,0.000000,0.000000,0.000000,1.000000,0.000000,1.000000,30.620000,0.000000,0.000000
1778942986.001334,0,0.000000,0.000000,0.000000,0.000000,1.000000,0.000000,1.000000,31.340000,0.000000,0.000000
1778942986.069013,0,0.000000,0.000000,0.000000,0.000000,1.000000,0.000000,1.000000,32.000000,0.000000,0.000000
1778942986.085074,0,0.000000,0.000000,0.000000,0.000000,1.000000,0.000000,1.000000,32.340000,0.000000,0.000000
1778942986.108171,0,0.000000,0.000000,0.000000,0.000000,1.000000,0.000000,1.000000,32.880000,0.000000,0.000000
1778942986.110698,0,0.000000,0.000000,0.000000,0.000000,1.000000,0.000000,1.000000,32.950000,0.000000,0.000000
1778942986.111711,0,0.000000,0.000000,0.000000,0.000000,1.000000,0.000000,1.000000,33.150000,0.000000,0.000000
1778942986.120678,0,0.000000,0.000000,0.000000,0.000000,0.100000,0.000000,1.000000,33.090000,0.000000,0.000000
1778942986.123124,0,0.000000,0.000000,0.000000,0.000000,0.370000,0.000000,1.000000,33.500000,0.000000,0.000000
1778942986.197592,0,0.000000,0.000000,0.000000,0.000000,0.660000,0.000000,1.000000,33.500000,0.000000,0.000000
1778942986.227101,0,0.000000,0.000000,0.000000,0.000000,0.950000,0.000000,1.000000,33.560000,0.000000,0.000000
1778942986.249647,0,0.000000,0.000000,0.000000,0.000000,1.000000,0.000000,1.000000,33.560000,0.000000,0.000000
1778942986.279223,0,0.000000,0.000000,0.000000,0.000000,0.180000,0.000000,1.000000,33.630000,0.210000,0.000000
1778942986.302419,0,0.000000,0.000000,0.000000,0.000000,0.210000,0.000000,1.000000,33.500000,0.000000,0.000000
1778942986.324614,0,0.000000,0.000000,0.000000,0.000000,1.000000,0.000000,1.000000,34.400000,0.000000,0.110000
1778942986.354821,0,0.000000,0.000000,0.000000,0.000000,1.000000,0.000000,1.000000,34.470000,0.000000,0.000000
1778942986.357262,0,0.000000,0.000000,0.000000,0.000000,1.000000,0.000000,1.000000,34.750000,0.000000,0.000000
1778942986.367455,0,0.000000,0.000000,0.000000,0.000000,1.000000,0.000000,1.000000,34.680000,0.000000,0.000000
1778942986.390455,0,0.000000,0.000000,0.000000,0.000000,1.000000,0.000000,1.000000,34.470000,0.000000,0.000000
1778942986.435755,0,0.000000,0.000000,0.000000,0.000000,1.000000,0.000000,1.000000,34.750000,0.000000,0.110000
1778942986.458513,0,0.000000,0.000000,0.000000,0.000000,1.000000,0.000000,1.000000,35.020000,0.000000,0.000000
1778942986.465618,0,0.000000,0.000000,0.000000,0.000000,1.000000,0.000000,1.000000,35.160000,0.000000,0.000000
1778942986.472517,0,0.000000,0.000000,0.000000,0.000000,1.000000,0.000000,1.000000,35.090000,0.000000,0.000000
1778942986.518612,0,0.000000,0.000000,0.000000,0.000000,0.600000,0.000000,1.000000,35.240000,0.000000,0.000000
1778942986.525688,0,0.000000,0.000000,0.000000,0.000000,1.000000,0.000000,1.000000,35.520000,0.000000,0.000000
1778942986.533015,0,0.000000,0.000000,0.000000,0.000000,1.000000,0.000000,1.000000,35.450000,0.000000,0.000000
1778942986.600800,0,0.000000,0.000000,0.000000,0.000000,1.000000,0.000000,1.000000,35.650000,0.000000,0.000000
1778942986.607235,0,0.000000,0.000000,0.000000,0.000000,1.000000,0.000000,1.000000,35.020000,0.000000,0.000000
1778942986.614953,0,0.000000,0.000000,0.000000,0.000000,1.000000,0.000000,0.000000,35.160000,0.210000,0.000000
1778942986.715359,0,0.000000,0.000000,0.000000,0.000000,0.000000,0.000000,0.010000,34.880000,0.440000,0.000000
1778942986.716304,0,0.000000,0.000000,0.000000,0.000000,0.850000,0.000000,0.050000,35.240000,0.000000,0.000000
1778942986.716971,0,0.000000,0.000000,0.000000,0.000000,1.000000,0.000000,0.070000,35.450000,0.000000,0.000000
1778942986.719697,0,0.000000,0.000000,0.000000,0.000000,1.000000,0.000000,0.090000,35.740000,0.000000,0.000000
1778942986.781951,0,0.000000,0.000000,0.000000,0.000000,1.000000,0.000000,0.180000,35.810000,0.000000,0.000000
1778942986.784551,0,0.000000,0.000000,0.000000,0.000000,1.000000,0.000000,0.200000,35.880000,0.000000,0.000000
1778942986.785622,0,0.000000,0.000000,0.000000,0.000000,1.000000,0.000000,0.200000,35.650000,0.000000,0.000000
1778942986.863866,0,0.000000,0.000000,0.000000,0.000000,1.000000,0.000000,0.230000,35.520000,0.000000,0.000000
1778942987.064678,0,0.000000,0.000000,0.000000,0.000000,1.000000,0.000000,0.270000,35.810000,0.000000,0.000000
1778942987.142001,0,0.000000,0.000000,0.000000,0.000000,1.000000,0.000000,0.280000,35.590000,0.000000,0.000000
1778942987.237208,0,0.000000,0.000000,0.000000,0.000000,1.000000,0.000000,0.300000,35.450000,0.000000,0.000000
1778942987.264296,0,0.000000,0.000000,0.000000,0.000000,1.000000,0.000000,0.340000,35.650000,0.210000,0.000000
1778942987.282102,0,0.000000,0.000000,0.000000,0.000000,1.000000,0.000000,0.380000,34.810000,0.000000,0.000000
1778942987.314733,0,0.000000,0.000000,0.000000,0.000000,1.000000,0.000000,0.150000,34.950000,0.210000,0.000000
1778942987.329303,0,0.000000,0.000000,0.000000,0.000000,1.000000,0.000000,0.230000,34.950000,0.210000,0.000000
1778942987.369421,0,0.000000,0.000000,0.000000,0.000000,0.120000,0.000000,0.330000,32.470000,0.000000,0.000000
1778942987.370278,0,0.000000,0.000000,0.000000,0.000000,1.000000,0.000000,0.360000,32.810000,0.000000,0.000000
1778942987.410856,0,0.000000,0.000000,0.000000,0.000000,1.000000,0.000000,0.370000,32.680000,0.000000,0.000000
1778942987.439086,0,0.000000,0.000000,0.000000,0.000000,1.000000,0.000000,0.400000,31.540000,0.000000,0.000000
1778942987.464068,0,0.000000,0.000000,0.000000,0.000000,1.000000,0.000000,0.430000,31.670000,0.000000,0.000000
1778942987.465085,0,0.000000,0.000000,0.000000,0.000000,1.000000,0.000000,0.440000,31.940000,0.000000,0.000000
1778942987.469970,0,0.000000,0.000000,0.000000,0.000000,1.000000,0.000000,0.490000,32.400000,0.000000,0.000000
1778942987.486355,0,0.000000,0.000000,0.000000,0.000000,1.000000,0.000000,0.510000,32.000000,0.210000,0.000000
1778942987.502909,0,0.000000,0.000000,0.000000,0.000000,1.000000,0.000000,0.550000,32.680000,0.000000,0.000000
1778942987.504814,0,0.000000,0.000000,0.000000,0.000000,1.000000,0.000000,0.560000,32.880000,0.000000,0.000000
1778942987.540100,0,0.000000,0.000000,0.000000,0.000000,1.000000,0.000000,0.570000,33.090000,0.000000,0.000000
1778942987.542701,0,0.000000,0.000000,0.000000,0.000000,0.120000,0.000000,0.600000,33.220000,0.000000,0.000000
1778942987.582922,0,0.000000,0.000000,0.000000,0.000000,1.000000,0.000000,0.610000,33.220000,0.000000,0.000000
1778942987.638635,0,0.000000,0.000000,0.000000,0.000000,1.000000,0.000000,0.620000,33.500000,0.000000,0.000000
1778942987.642965,0,0.000000,0.000000,0.000000,0.000000,1.000000,0.000000,0.630000,33.500000,0.000000,0.000000
1778942987.645384,0,0.000000,0.000000,0.000000,0.000000,1.000000,0.000000,0.660000,33.290000,0.000000,0.110000
1778942987.646008,0,0.000000,0.000000,0.000000,0.000000,1.000000,0.000000,0.670000,32.270000,0.000000,0.110000
1778942987.646696,0,0.000000,0.000000,0.000000,0.000000,1.000000,0.000000,0.700000,31.610000,0.000000,0.110000
1778942987.647476,0,0.000000,0.000000,0.000000,0.000000,1.000000,0.000000,0.720000,31.540000,0.000000,0.000000
1778942987.673355,0,0.000000,0.000000,0.000000,0.000000,1.000000,0.000000,0.740000,31.280000,0.000000,0.000000
1778942987.733502,0,0.000000,0.000000,0.000000,0.000000,1.000000,0.000000,0.750000,31.460000,0.000000,0.110000
1778942987.748609,0,0.000000,0.000000,0.000000,0.000000,1.000000,0.000000,0.760000,31.610000,0.000000,0.000000
1778942987.749429,0,0.000000,0.000000,0.000000,0.000000,1.000000,0.000000,0.770000,31.730000,0.000000,0.000000
1778942987.770991,0,0.000000,0.000000,0.000000,0.000000,1.000000,0.000000,0.800000,31.670000,0.000000,0.000000
1778942987.800181,0,0.000000,0.000000,0.000000,0.000000,1.000000,0.000000,0.810000,31.610000,0.000000,0.000000
1778942987.823919,0,0.000000,0.000000,0.000000,0.000000,1.000000,0.000000,0.820000,31.670000,0.000000,0.000000
1778942987.830444,0,0.000000,0.000000,0.000000,0.000000,0.000000,0.000000,0.850000,31.460000,0.440000,0.000000
1778942987.862205,0,0.000000,0.000000,0.000000,0.000000,0.930000,0.000000,0.860000,31.340000,0.000000,0.000000
1778942987.868194,0,0.000000,0.000000,0.000000,0.000000,1.000000,0.000000,0.870000,31.280000,0.000000,0.000000
1778942987.884274,0,0.000000,0.000000,0.000000,0.000000,0.750000,0.000000,0.910000,31.610000,0.000000,0.000000
1778942987.886444,0,0.000000,0.000000,0.000000,0.000000,1.000000,0.000000,0.920000,31.610000,0.000000,0.000000
1778942987.889697,0,0.000000,0.000000,0.000000,0.000000,1.000000,0.000000,0.930000,31.670000,0.000000,0.000000
1778942987.890945,0,0.000000,0.000000,0.000000,0.000000,0.140000,0.000000,0.940000,31.540000,0.000000,0.000000
1778942987.972403,0,0.000000,0.000000,0.000000,0.000000,0.560000,0.000000,0.970000,31.870000,0.000000,0.000000
1778942987.995228,0,0.000000,0.000000,0.000000,0.000000,1.000000,0.000000,0.980000,32.080000,0.000000,0.000000
1778942988.094971,0,0.000000,0.000000,0.000000,0.000000,0.010000,0.000000,1.000000,32.130000,0.000000,0.000000
1778942988.140727,0,0.000000,0.000000,0.000000,0.000000,0.330000,0.000000,1.000000,32.130000,0.000000,0.000000
1778942988.142900,0,0.000000,0.000000,0.000000,0.000000,0.600000,0.000000,1.000000,32.340000,0.000000,0.000000
1778942988.183984,0,0.000000,0.000000,0.000000,0.000000,1.000000,0.000000,1.000000,32.680000,0.000000,0.000000
1778942988.265361,0,0.000000,0.000000,0.000000,0.000000,0.200000,0.000000,1.000000,34.330000,0.000000,0.000000
1778942988.288678,0,0.000000,0.000000,0.000000,0.000000,0.150000,0.000000,1.000000,34.950000,0.000000,0.000000
1778942988.363160,0,0.000000,0.000000,0.000000,0.000000,0.750000,0.000000,1.000000,35.160000,0.000000,0.000000
1778942988.393088,0,0.000000,0.000000,0.000000,0.000000,0.550000,0.000000,1.000000,35.240000,0.000000,0.000000
1778942988.433581,0,0.000000,0.000000,0.000000,0.000000,0.620000,0.000000,1.000000,35.650000,0.000000,0.000000
1778942988.475239,0,0.000000,0.000000,0.000000,0.000000,0.740000,0.000000,0.000000,37.090000,0.000000,0.000000
1778942988.619918,0,0.000000,0.000000,0.000000,0.000000,1.000000,0.000000,0.010000,37.160000,0.000000,0.000000
1778942988.634889,0,0.000000,0.000000,0.000000,0.000000,1.000000,0.000000,0.030000,37.240000,0.000000,0.000000
1778942988.694942,0,0.000000,0.000000,0.000000,0.000000,0.100000,0.000000,0.070000,37.160000,0.000000,0.000000
1778942988.708619,0,0.000000,0.000000,0.000000,0.000000,1.000000,0.000000,0.100000,37.380000,0.000000,0.000000
1778942988.790698,0,0.000000,0.000000,0.000000,0.000000,0.340000,0.000000,0.150000,37.380000,0.000000,0.000000
1778942988.807208,0,0.000000,0.000000,0.000000,0.000000,0.050000,0.000000,0.000000,39.290000,0.000000,0.000000
1778942988.809625,0,0.000000,0.000000,0.000000,0.000000,0.030000,0.000000,0.050000,39.080000,0.000000,0.000000
1778942988.810377,0,0.000000,0.000000,0.000000,0.000000,0.760000,0.000000,0.140000,39.900000,0.000000,0.000000
1778942988.810958,0,0.000000,0.000000,0.000000,0.000000,1.000000,0.000000,0.200000,40.880000,0.000000,0.000000
1778942988.843790,0,0.000000,0.000000,0.000000,0.000000,1.000000,0.000000,0.280000,44.900000,0.000000,0.000000
1778942988.866494,0,0.000000,0.000000,0.000000,0.000000,1.000000,0.000000,0.310000,45.970000,0.000000,0.000000
1778942988.881222,0,0.000000,0.000000,0.000000,0.000000,1.000000,0.000000,0.330000,46.220000,0.000000,0.000000
1778942988.920479,0,0.000000,0.000000,0.000000,0.000000,1.000000,0.000000,0.360000,46.540000,0.000000,0.000000
1778942988.926310,0,0.000000,0.000000,0.000000,0.000000,1.000000,0.000000,0.380000,46.950000,0.000000,0.000000
1778942988.949642,0,0.000000,0.000000,0.000000,0.000000,1.000000,0.000000,0.410000,47.040000,0.000000,0.000000
1778942988.980445,0,0.000000,0.000000,0.000000,0.000000,1.000000,0.000000,0.430000,47.630000,0.000000,0.000000
1778942988.994428,0,0.000000,0.000000,0.000000,0.000000,0.270000,0.000000,0.090000,50.290000,0.000000,0.000000
1778942989.016536,0,0.000000,0.000000,0.000000,0.000000,0.510000,0.000000,0.170000,50.110000,0.000000,0.000000
1778942989.023115,0,0.000000,0.000000,0.000000,0.000000,0.760000,0.000000,0.250000,50.110000,0.000000,0.000000
1778942989.024892,0,0.000000,0.000000,0.000000,0.000000,1.000000,0.000000,0.400000,53.220000,0.000000,0.000000
1778942989.030244,0,0.000000,0.000000,0.000000,0.000000,1.000000,0.000000,0.470000,55.430000,0.000000,0.000000
1778942989.037780,0,0.000000,0.000000,0.000000,0.000000,1.000000,0.000000,0.560000,57.720000,0.000000,0.000000
1778942989.077367,0,0.000000,0.000000,0.000000,0.000000,1.000000,0.000000,0.630000,58.790000,0.000000,0.000000
1778942989.122622,0,0.000000,0.000000,0.000000,0.000000,1.000000,0.000000,0.720000,59.080000,0.000000,0.000000
1778942989.136245,0,0.000000,0.000000,0.000000,0.000000,1.000000,0.000000,0.790000,59.180000,0.000000,0.000000
1778942989.218894,0,0.000000,0.000000,0.000000,0.000000,1.000000,0.000000,0.870000,59.660000,0.000000,0.000000
1778942989.287674,0,0.000000,0.000000,0.000000,0.000000,1.000000,0.000000,0.930000,59.860000,0.210000,0.000000
1778942989.347476,0,0.000000,0.000000,0.000000,0.000000,1.000000,0.000000,1.000000,59.380000,0.000000,0.000000
1778942989.384618,0,0.000000,0.000000,0.000000,0.000000,1.000000,0.000000,1.000000,58.790000,0.000000,0.000000
1778942989.400509,0,0.000000,0.000000,0.000000,0.000000,0.340000,0.000000,0.090000,64.260000,0.000000,0.000000
1778942989.401616,0,0.000000,0.000000,0.000000,0.000000,0.180000,0.000000,0.000000,64.160000,0.000000,0.370000
1778942989.403219,0,0.000000,0.000000,0.000000,0.000000,0.230000,0.000000,0.280000,58.880000,0.000000,0.000000
1778942989.444105,0,0.000000,0.000000,0.000000,0.000000,1.000000,0.000000,0.570000,58.290000,0.000000,0.000000
1778942989.459702,0,0.000000,0.000000,0.000000,0.000000,0.280000,0.000000,0.810000,66.830000,0.000000,0.000000
1778942989.512656,0,0.000000,0.000000,0.000000,0.000000,0.560000,0.000000,0.870000,70.150000,0.000000,0.000000
1778942989.601418,0,0.000000,0.000000,0.000000,0.000000,0.800000,0.000000,0.940000,72.560000,0.000000,0.000000
1778942989.655435,0,0.000000,0.000000,0.000000,0.000000,1.000000,0.000000,1.000000,75.660000,0.000000,0.000000
1778942989.657771,0,0.000000,0.000000,0.000000,0.000000,1.000000,0.000000,1.000000,77.260000,0.000000,0.000000
1778942989.695208,0,0.000000,0.000000,0.000000,0.000000,1.000000,0.000000,1.000000,79.260000,0.000000,0.250000
1778942989.696412,0,0.000000,0.000000,0.000000,0.000000,1.000000,0.000000,1.000000,82.510000,0.000000,0.110000
1778942989.706523,0,0.000000,0.000000,0.000000,0.000000,1.000000,0.000000,0.120000,95.370000,0.000000,0.000000
1778942989.745605,0,0.000000,0.000000,0.000000,0.000000,1.000000,0.000000,0.330000,95.370000,0.000000,0.000000
1778942989.748095,0,0.000000,0.000000,0.000000,0.000000,1.000000,0.000000,0.460000,87.270000,0.000000,0.000000
1778942989.789896,0,0.000000,0.000000,0.000000,0.000000,1.000000,0.000000,0.540000,97.080000,0.000000,0.000000
1778942989.806749,0,0.000000,0.000000,0.000000,0.000000,0.100000,0.000000,0.600000,102.800000,0.000000,0.000000
1778942989.841652,0,0.000000,0.000000,0.000000,0.000000,0.020000,0.000000,0.670000,103.980000,0.000000,0.000000
1778942989.856791,0,0.000000,0.000000,0.000000,0.000000,0.310000,0.000000,0.020000,103.980000,0.000000,0.000000
1778942989.859347,0,0.000000,0.000000,0.000000,0.000000,0.810000,0.000000,0.180000,102.450000,0.000000,0.000000
1778942989.860435,0,0.000000,0.000000,0.000000,0.000000,0.020000,0.000000,0.270000,95.830000,0.000000,0.000000
1778942989.863157,0,0.000000,0.000000,0.000000,0.000000,0.170000,0.000000,0.500000,106.940000,0.000000,0.000000
1778942989.924566,0,0.000000,0.000000,0.000000,0.000000,0.550000,0.000000,0.570000,172.600000,0.000000,0.000000
1778942989.991768,0,0.000000,0.000000,0.000000,0.000000,0.920000,0.000000,0.640000,203.220000,0.000000,0.000000
1778942990.028415,0,0.000000,0.000000,0.000000,0.000000,1.000000,0.000000,0.740000,227.720000,0.000000,0.000000
1778942990.080590,0,0.000000,0.000000,0.000000,0.000000,1.000000,0.000000,0.810000,243.940000,0.000000,0.000000
1778942990.164662,0,0.000000,0.000000,0.000000,0.000000,1.000000,0.000000,0.890000,260.080000,0.000000,0.000000
1778942990.187426,0,0.000000,0.000000,0.000000,0.000000,1.000000,0.000000,1.000000,258.200000,0.000000,0.000000
1778942990.262481,0,0.000000,0.000000,0.000000,0.000000,0.170000,0.000000,1.000000,220.220000,0.000000,0.000000
1778942990.330311,0,0.000000,0.000000,0.000000,0.000000,0.940000,0.000000,1.000000,188.130000,0.000000,0.000000
1778942990.418625,0,0.000000,0.000000,0.000000,0.000000,0.620000,0.000000,1.000000,257.580000,0.000000,0.000000
1778942990.455260,0,0.000000,0.000000,0.000000,0.000000,0.100000,0.000000,1.000000,272.420000,0.000000,0.000000
1778942990.494817,0,0.000000,0.000000,0.000000,0.000000,0.250000,0.000000,1.000000,287.860000,0.000000,0.000000
1778942990.501400,0,0.000000,0.000000,0.000000,0.000000,0.050000,0.000000,1.000000,291.550000,0.000000,0.000000
1778942990.503115,0,0.000000,0.000000,0.000000,0.000000,0.880000,0.000000,1.000000,254.520000,0.000000,0.000000
1778942990.539532,0,0.000000,0.000000,0.000000,0.000000,1.000000,0.000000,1.000000,256.980000,0.000000,0.000000
1778942990.546363,0,0.000000,0.000000,0.000000,0.000000,1.000000,0.000000,1.000000,278.580000,0.000000,0.000000
1778942990.549081,0,0.000000,0.000000,0.000000,0.000000,0.280000,0.000000,1.000000,287.140000,0.000000,0.000000
1778942990.550262,0,0.000000,0.000000,0.000000,0.000000,0.030000,0.000000,1.000000,290.070000,0.000000,0.000000
1778942990.551159,0,0.000000,0.000000,0.000000,0.000000,0.400000,0.000000,1.000000,294.570000,0.000000,0.000000
1778942990.576617,0,0.000000,0.000000,0.000000,0.000000,0.750000,0.000000,1.000000,296.080000,0.000000,0.000000
1778942990.582659,0,0.000000,0.000000,0.000000,0.000000,1.000000,0.000000,1.000000,296.080000,0.210000,0.000000
1778942990.615325,0,0.000000,0.000000,0.000000,0.000000,0.310000,0.000000,1.000000,296.850000,0.210000,0.000000
1778942990.618194,0,0.000000,0.000000,0.000000,0.000000,0.760000,0.000000,0.000000,298.390000,0.000000,0.370000
1778942990.654627,0,0.000000,0.000000,0.000000,0.000000,1.000000,0.000000,0.070000,301.500000,0.000000,0.000000
1778942990.673779,0,0.000000,0.000000,0.000000,0.000000,1.000000,0.000000,0.150000,306.260000,0.000000,0.000000
1778942990.697411,0,0.000000,0.000000,0.000000,0.000000,1.000000,0.000000,0.230000,317.800000,0.000000,0.110000
1778942990.704214,0,0.000000,0.000000,0.000000,0.000000,1.000000,0.000000,0.310000,326.470000,0.000000,0.000000
1778942990.705900,0,0.000000,0.000000,0.000000,0.000000,1.000000,0.000000,0.400000,-327.110000,0.000000,0.000000
1778942990.741912,0,0.000000,0.000000,0.000000,0.000000,1.000000,0.000000,0.470000,313.600000,0.000000,0.000000
1778942990.744876,0,0.000000,0.000000,0.000000,0.000000,1.000000,0.000000,0.560000,299.160000,0.000000,0.000000
1778942990.745982,0,0.000000,0.000000,0.000000,0.000000,1.000000,0.000000,0.630000,302.290000,0.000000,0.000000
1778942990.747452,0,0.000000,0.000000,0.000000,0.000000,1.000000,0.000000,0.700000,306.260000,0.000000,0.000000
1778942990.763372,0,0.000000,0.000000,0.000000,0.000000,1.000000,0.000000,0.800000,310.300000,0.000000,0.000000
1778942990.810225,0,0.000000,0.000000,0.000000,0.000000,1.000000,0.000000,0.870000,306.260000,0.000000,0.000000
1778942990.854481,0,0.000000,0.000000,0.000000,0.000000,1.000000,0.000000,0.940000,295.320000,0.000000,0.000000
1778942990.861264,0,0.000000,0.000000,0.000000,0.000000,1.000000,0.000000,1.000000,287.860000,0.000000,0.000000
1778942990.868484,0,0.000000,0.000000,0.000000,0.000000,1.000000,0.000000,1.000000,295.320000,0.000000,0.000000
1778942990.869903,0,0.000000,0.000000,0.000000,0.000000,1.000000,0.000000,1.000000,291.550000,0.000000,0.000000
1778942990.876384,0,0.000000,0.000000,0.000000,0.000000,0.000000,0.000000,1.000000,277.200000,0.440000,0.000000
1778942990.900305,0,0.000000,0.000000,0.000000,0.000000,0.410000,0.000000,1.000000,255.750000,0.000000,0.000000
1778942990.902060,0,0.000000,0.000000,0.000000,0.000000,0.150000,0.000000,1.000000,246.240000,0.000000,0.000000
1778942990.929947,0,0.000000,0.000000,0.000000,0.000000,0.620000,0.000000,1.000000,239.440000,0.000000,0.110000
1778942990.954276,0,0.000000,0.000000,0.000000,0.000000,1.000000,0.000000,1.000000,235.610000,0.000000,0.000000
1778942990.959619,0,0.000000,0.000000,0.000000,0.000000,1.000000,0.000000,1.000000,219.250000,0.000000,0.000000
1778942990.981014,0,0.000000,0.000000,0.000000,0.000000,1.000000,0.000000,1.000000,208.970000,0.000000,0.000000
1778942990.988708,0,0.000000,0.000000,0.000000,0.000000,0.000000,0.000000,1.000000,196.890000,0.000000,0.000000
1778942990.995798,0,0.000000,0.000000,0.000000,0.000000,0.300000,0.000000,1.000000,185.850000,0.000000,0.000000
1778942991.017267,0,0.000000,0.000000,0.000000,0.000000,0.610000,0.000000,1.000000,181.020000,0.000000,0.000000
1778942991.025148,0,0.000000,0.000000,0.000000,0.000000,0.000000,0.000000,1.000000,178.860000,0.440000,0.000000
1778942991.056208,0,0.000000,0.000000,0.000000,0.000000,0.310000,0.000000,1.000000,180.300000,0.000000,0.000000
1778942991.072295,0,0.000000,0.000000,0.000000,0.000000,0.600000,0.000000,1.000000,179.220000,0.000000,0.000000
1778942991.075709,0,0.000000,0.000000,0.000000,0.000000,0.920000,0.000000,1.000000,177.800000,0.000000,0.000000
1778942991.125137,0,0.000000,0.000000,0.000000,0.000000,1.000000,0.000000,1.000000,175.350000,0.000000,0.000000
1778942991.127725,0,0.000000,0.000000,0.000000,0.000000,1.000000,0.000000,1.000000,168.920000,0.000000,0.000000
1778942991.130059,0,0.000000,0.000000,0.000000,0.000000,1.000000,0.000000,1.000000,158.880000,0.000000,0.000000
1778942991.138152,0,0.000000,0.000000,0.000000,0.000000,1.000000,0.000000,0.000000,163.490000,0.000000,0.370000
1778942991.144978,0,0.000000,0.000000,0.000000,0.000000,1.000000,0.000000,0.030000,172.250000,0.000000,0.000000
1778942991.185504,0,0.000000,0.000000,0.000000,0.000000,1.000000,0.000000,0.090000,180.660000,0.000000,0.000000
1778942991.188219,0,0.000000,0.000000,0.000000,0.000000,1.000000,0.000000,0.120000,186.990000,0.000000,0.000000
1778942991.190198,0,0.000000,0.000000,0.000000,0.000000,1.000000,0.000000,0.170000,187.750000,0.000000,0.000000
1778942991.228803,0,0.000000,0.000000,0.000000,0.000000,0.170000,0.000000,0.210000,188.520000,0.000000,0.000000
1778942991.252633,0,0.000000,0.000000,0.000000,0.000000,0.070000,0.000000,0.250000,189.670000,0.000000,0.000000
1778942991.254449,0,0.000000,0.000000,0.000000,0.000000,0.360000,0.000000,0.300000,203.660000,0.000000,0.000000
1778942991.265579,0,0.000000,0.000000,0.000000,0.000000,0.670000,0.000000,0.000000,266.480000,0.000000,0.000000
1778942991.267209,0,0.000000,0.000000,0.000000,0.000000,1.000000,0.000000,0.050000,303.070000,0.000000,0.000000
1778942991.306561,0,0.000000,0.000000,0.000000,0.000000,1.000000,0.000000,0.110000,311.130000,0.000000,0.000000
1778942991.307754,0,0.000000,0.000000,0.000000,0.000000,1.000000,0.000000,0.180000,311.130000,0.000000,0.000000
1778942991.335397,0,0.000000,0.000000,0.000000,0.000000,1.000000,0.000000,0.230000,313.600000,0.000000,0.000000
1778942991.379406,0,0.000000,0.000000,0.000000,0.000000,1.000000,0.000000,0.280000,313.600000,0.000000,0.000000
1778942991.380809,0,0.000000,0.000000,0.000000,0.000000,1.000000,0.000000,0.340000,314.450000,0.000000,0.000000
1778942991.403568,0,0.000000,0.000000,0.000000,0.000000,1.000000,0.000000,0.400000,316.110000,0.000000,0.000000
1778942991.405022,0,0.000000,0.000000,0.000000,0.000000,1.000000,0.000000,0.460000,316.110000,0.000000,0.000000
1778942991.408194,0,0.000000,0.000000,0.000000,0.000000,1.000000,0.000000,0.500000,317.800000,0.000000,0.110000
1778942991.409482,0,0.000000,0.000000,0.000000,0.000000,1.000000,0.000000,0.560000,319.510000,0.000000,0.000000
1778942991.424112,0,0.000000,0.000000,0.000000,0.000000,1.000000,0.000000,0.620000,320.360000,0.000000,0.000000
1778942991.446582,0,0.000000,0.000000,0.000000,0.000000,1.000000,0.000000,0.680000,313.600000,0.000000,0.000000
1778942991.469291,0,0.000000,0.000000,0.000000,0.000000,1.000000,0.000000,0.730000,311.950000,0.000000,0.000000
1778942991.471280,0,0.000000,0.000000,0.000000,0.000000,1.000000,0.000000,0.790000,313.600000,0.000000,0.000000
1778942991.484417,0,0.000000,0.000000,0.000000,0.000000,1.000000,0.000000,0.850000,314.450000,0.000000,0.000000
1778942991.513754,0,0.000000,0.000000,0.000000,0.000000,1.000000,0.000000,0.890000,320.360000,0.000000,0.000000
1778942991.537266,0,0.000000,0.000000,0.000000,0.000000,1.000000,0.000000,0.950000,322.970000,0.000000,0.000000
1778942991.560945,0,0.000000,0.000000,0.000000,0.000000,1.000000,0.000000,1.000000,323.830000,0.000000,0.000000
1778942991.566190,0,0.000000,0.000000,0.000000,0.000000,1.000000,0.000000,1.000000,-327.110000,0.000000,0.000000
1778942991.592156,0,0.000000,0.000000,0.000000,0.000000,1.000000,0.000000,1.000000,-324.420000,0.000000,0.000000
1778942991.594036,0,0.000000,0.000000,0.000000,0.000000,1.000000,0.000000,1.000000,-318.950000,0.000000,0.000000
1778942991.595367,0,0.000000,0.000000,0.000000,0.000000,1.000000,0.000000,1.000000,-316.170000,0.000000,0.000000
1778942991.626051,0,0.000000,0.000000,0.000000,0.000000,1.000000,0.000000,1.000000,-314.290000,0.000000,0.000000
1778942991.650193,0,0.000000,0.000000,0.000000,0.000000,1.000000,0.000000,1.000000,-312.390000,0.000000,0.000000
1778942991.665354,0,0.000000,0.000000,0.000000,0.000000,1.000000,0.000000,1.000000,-311.450000,0.000000,0.000000
1778942991.666446,0,0.000000,0.000000,0.000000,0.000000,1.000000,0.000000,1.000000,-315.230000,0.000000,0.000000
1778942991.667964,0,0.000000,0.000000,0.000000,0.000000,1.000000,0.000000,1.000000,-316.170000,0.000000,0.000000
1778942991.677537,0,0.000000,0.000000,0.000000,0.000000,1.000000,0.000000,1.000000,-317.100000,0.000000,0.000000
1778942991.707166,0,0.000000,0.000000,0.000000,0.000000,1.000000,0.000000,1.000000,-319.880000,0.000000,0.000000
1778942991.723172,0,0.000000,0.000000,0.000000,0.000000,1.000000,0.000000,1.000000,-325.320000,0.000000,0.000000
1778942991.770155,0,0.000000,0.000000,0.000000,0.000000,1.000000,0.000000,1.000000,327.350000,0.000000,0.000000
1778942991.772922,0,0.000000,0.000000,0.000000,0.000000,0.000000,0.000000,0.000000,-327.110000,0.440000,0.370000
1778942991.791486,0,0.000000,0.000000,0.000000,0.000000,0.300000,0.000000,0.000000,325.580000,0.000000,0.000000
1778942991.807714,0,0.000000,0.000000,0.000000,0.000000,0.610000,0.000000,0.050000,327.350000,0.000000,0.000000
1778942991.845264,0,0.000000,0.000000,0.000000,0.000000,0.050000,0.000000,0.090000,325.580000,0.000000,0.000000
1778942991.875887,0,0.000000,0.000000,0.000000,0.000000,0.460000,0.000000,0.120000,-327.110000,0.210000,0.000000
1778942991.903701,0,0.000000,0.000000,0.000000,0.000000,0.230000,0.000000,0.180000,-326.220000,0.000000,0.000000
1778942991.928752,0,0.000000,0.000000,0.000000,0.000000,0.790000,0.000000,0.210000,-326.220000,0.000000,0.000000
1778942992.045346,0,0.000000,0.000000,0.000000,0.000000,1.000000,0.000000,0.300000,-324.420000,0.000000,0.000000
1778942992.106798,0,0.000000,0.000000,0.000000,0.000000,0.360000,0.000000,0.370000,-305.640000,0.210000,0.000000
1778942992.130044,0,0.000000,0.000000,0.000000,0.000000,1.000000,0.000000,0.460000,-304.670000,0.000000,0.000000
1778942992.152062,0,0.000000,0.000000,0.000000,0.000000,1.000000,0.000000,0.500000,-302.700000,0.000000,0.000000
1778942992.175100,0,0.000000,0.000000,0.000000,0.000000,0.050000,0.000000,0.690000,-296.670000,0.000000,0.000000
1778942992.188398,0,0.000000,0.000000,0.000000,0.000000,1.000000,0.000000,0.140000,-287.350000,0.000000,0.000000
1778942992.227701,0,0.000000,0.000000,0.000000,0.000000,0.510000,0.000000,0.340000,-282.020000,0.000000,0.000000
1778942992.249378,0,0.000000,0.000000,0.000000,0.000000,0.890000,0.000000,0.400000,-285.230000,0.000000,0.000000
1778942992.296950,0,0.000000,0.000000,0.000000,0.000000,1.000000,0.000000,0.500000,-293.600000,0.000000,0.000000
1778942992.301271,0,0.000000,0.000000,0.000000,0.000000,1.000000,0.000000,0.550000,-303.670000,0.000000,0.000000
1778942992.304236,0,0.000000,0.000000,0.000000,0.000000,1.000000,0.000000,0.690000,-274.380000,0.000000,0.000000
1778942992.305083,0,0.000000,0.000000,0.000000,0.000000,0.050000,0.000000,0.010000,-269.890000,0.210000,0.000000
1778942992.305890,0,0.000000,0.000000,0.000000,0.000000,0.030000,0.000000,0.150000,-286.300000,0.000000,0.110000
1778942992.355440,0,0.000000,0.000000,0.000000,0.000000,0.180000,0.000000,0.200000,-287.350000,0.000000,0.000000
1778942992.440080,0,0.000000,0.000000,0.000000,0.000000,0.340000,0.000000,0.250000,-290.510000,0.000000,0.000000
1778942992.467443,0,0.000000,0.000000,0.000000,0.000000,0.500000,0.000000,0.280000,-288.420000,0.000000,0.000000
1778942992.504206,0,0.000000,0.000000,0.000000,0.000000,0.670000,0.000000,0.340000,-285.230000,0.000000,0.000000
1778942992.524984,0,0.000000,0.000000,0.000000,0.000000,0.810000,0.000000,0.370000,-283.100000,0.000000,0.000000
1778942992.545581,0,0.000000,0.000000,0.000000,0.000000,0.000000,0.000000,0.470000,-284.170000,0.890000,0.000000
1778942992.548462,0,0.000000,0.000000,0.000000,0.000000,0.600000,0.000000,0.050000,-290.510000,0.000000,0.000000
1778942992.555391,0,0.000000,0.000000,0.000000,0.000000,0.920000,0.000000,0.180000,-284.170000,0.000000,0.000000
1778942992.557197,0,0.000000,0.000000,0.000000,0.000000,1.000000,0.000000,0.310000,-266.480000,0.000000,0.000000
1778942992.558533,0,0.000000,0.000000,0.000000,0.000000,1.000000,0.000000,0.440000,-259.540000,0.000000,0.000000
1778942992.596317,0,0.000000,0.000000,0.000000,0.000000,1.000000,0.000000,0.510000,-259.540000,0.000000,0.000000
1778942992.624110,0,0.000000,0.000000,0.000000,0.000000,1.000000,0.000000,0.570000,-258.350000,0.000000,0.000000
1778942992.658424,0,0.000000,0.000000,0.000000,0.000000,1.000000,0.000000,0.640000,-259.540000,0.000000,0.000000
1778942992.660625,0,0.000000,0.000000,0.000000,0.000000,1.000000,0.000000,0.700000,-263.040000,0.000000,0.000000
1778942992.661674,0,0.000000,0.000000,0.000000,0.000000,1.000000,0.000000,0.770000,-265.330000,0.000000,0.000000
1778942992.662439,0,0.000000,0.000000,0.000000,0.000000,1.000000,0.000000,0.850000,-274.380000,0.000000,0.000000
1778942992.668248,0,0.000000,0.000000,0.000000,0.000000,1.000000,0.000000,0.910000,-295.660000,0.000000,0.000000
1778942992.693715,0,0.000000,0.000000,0.000000,0.000000,0.100000,0.000000,0.980000,-298.700000,0.000000,0.000000
1778942992.713951,0,0.000000,0.000000,0.000000,0.000000,0.250000,0.000000,1.000000,-295.660000,0.000000,0.000000
1778942992.737410,0,0.000000,0.000000,0.000000,0.000000,0.410000,0.000000,1.000000,-289.450000,0.000000,0.000000
1778942992.774516,0,0.000000,0.000000,0.000000,0.000000,0.000000,0.000000,0.010000,-286.300000,0.670000,0.110000
1778942992.780751,0,0.000000,0.000000,0.000000,0.000000,0.180000,0.000000,0.070000,-274.380000,0.000000,0.000000
1778942992.782545,0,0.000000,0.000000,0.000000,0.000000,0.400000,0.000000,0.150000,-267.630000,0.000000,0.000000
1778942992.783752,0,0.000000,0.000000,0.000000,0.000000,0.610000,0.000000,0.200000,-263.040000,0.000000,0.000000
1778942992.804604,0,0.000000,0.000000,0.000000,0.000000,0.110000,0.000000,0.270000,-259.540000,0.000000,0.000000
1778942992.806211,0,0.000000,0.000000,0.000000,0.000000,0.110000,0.000000,0.340000,-254.800000,0.000000,0.000000
1778942992.819052,0,0.000000,0.000000,0.000000,0.000000,0.470000,0.000000,0.400000,-251.190000,0.000000,0.000000
1778942992.854544,0,0.000000,0.000000,0.000000,0.000000,0.850000,0.000000,0.460000,-249.970000,0.000000,0.000000
1778942992.881033,0,0.000000,0.000000,0.000000,0.000000,1.000000,0.000000,0.540000,-248.750000,0.000000,0.000000
1778942992.883310,0,0.000000,0.000000,0.000000,0.000000,1.000000,0.000000,0.600000,-251.190000,0.000000,0.000000
1778942992.884446,0,0.000000,0.000000,0.000000,0.000000,1.000000,0.000000,0.660000,-251.190000,0.000000,0.000000
1778942992.916979,0,0.000000,0.000000,0.000000,0.000000,1.000000,0.000000,0.730000,-254.800000,0.000000,0.000000
1778942992.948494,0,0.000000,0.000000,0.000000,0.000000,1.000000,0.000000,0.800000,-260.700000,0.000000,0.110000
1778942992.962933,0,0.000000,0.000000,0.000000,0.000000,1.000000,0.000000,0.870000,-263.040000,0.000000,0.000000
1778942992.975395,0,0.000000,0.000000,0.000000,0.000000,1.000000,0.000000,0.930000,-263.040000,0.000000,0.000000
1778942992.980353,0,0.000000,0.000000,0.000000,0.000000,1.000000,0.000000,1.000000,-263.040000,0.000000,0.000000
1778942992.982907,0,0.000000,0.000000,0.000000,0.000000,1.000000,0.000000,1.000000,-264.190000,0.000000,0.000000
1778942993.005957,0,0.000000,0.000000,0.000000,0.000000,1.000000,0.000000,1.000000,-260.700000,0.000000,0.000000
1778942993.021711,0,0.000000,0.000000,0.000000,0.000000,1.000000,0.000000,1.000000,-260.700000,0.000000,0.000000
1778942993.029253,0,0.000000,0.000000,0.000000,0.000000,1.000000,0.000000,1.000000,-255.990000,0.000000,0.000000
1778942993.030103,0,0.000000,0.000000,0.000000,0.000000,0.170000,0.000000,1.000000,-252.390000,0.000000,0.000000
1778942993.050362,0,0.000000,0.000000,0.000000,0.000000,0.170000,0.000000,1.000000,-248.750000,0.000000,0.000000
1778942993.096569,0,0.000000,0.000000,0.000000,0.000000,0.750000,0.000000,1.000000,-249.970000,0.000000,0.000000
1778942993.104964,0,0.000000,0.000000,0.000000,0.000000,1.000000,0.000000,1.000000,-249.970000,0.000000,0.000000
1778942993.106883,0,0.000000,0.000000,0.000000,0.000000,1.000000,0.000000,1.000000,-251.190000,0.000000,0.000000
1778942993.118289,0,0.000000,0.000000,0.000000,0.000000,1.000000,0.000000,1.000000,-251.190000,0.000000,0.000000
1778942993.126288,0,0.000000,0.000000,0.000000,0.000000,0.100000,0.000000,1.000000,-251.190000,0.000000,0.000000
1778942993.150232,0,0.000000,0.000000,0.000000,0.000000,0.460000,0.000000,1.000000,-249.970000,0.000000,0.000000
1778942993.165509,0,0.000000,0.000000,0.000000,0.000000,0.860000,0.000000,1.000000,-249.970000,0.000000,0.000000
1778942993.179304,0,0.000000,0.000000,0.000000,0.000000,1.000000,0.000000,1.000000,-249.970000,0.000000,0.000000
1778942993.194905,0,0.000000,0.000000,0.000000,0.000000,1.000000,0.000000,1.000000,-249.970000,0.000000,0.000000
1778942993.201169,0,0.000000,0.000000,0.000000,0.000000,1.000000,0.000000,1.000000,-251.190000,0.000000,0.000000
1778942993.253854,0,0.000000,0.000000,0.000000,0.000000,1.000000,0.000000,1.000000,-252.390000,0.000000,0.000000
1778942993.262100,0,0.000000,0.000000,0.000000,0.000000,1.000000,0.000000,1.000000,-254.800000,0.000000,0.000000
1778942993.275331,0,0.000000,0.000000,0.000000,0.000000,1.000000,0.000000,1.000000,-254.800000,0.000000,0.000000
1778942993.277243,0,0.000000,0.000000,0.000000,0.000000,1.000000,0.000000,1.000000,-253.600000,0.000000,0.000000
1778942993.278107,0,0.000000,0.000000,0.000000,0.000000,1.000000,0.000000,1.000000,-252.390000,0.000000,0.000000
1778942993.292075,0,0.000000,0.000000,0.000000,0.000000,1.000000,0.000000,1.000000,-253.600000,0.000000,0.000000
1778942993.323318,0,0.000000,0.000000,0.000000,0.000000,1.000000,0.000000,1.000000,-252.390000,0.000000,0.000000
1778942993.326025,0,0.000000,0.000000,0.000000,0.000000,1.000000,0.000000,1.000000,-252.390000,0.000000,0.000000
1778942993.336985,0,0.000000,0.000000,0.000000,0.000000,0.230000,0.000000,1.000000,-249.970000,0.000000,0.000000
1778942993.381618,0,0.000000,0.000000,0.000000,0.000000,0.600000,0.000000,1.000000,-251.190000,0.000000,0.000000
1778942993.388927,0,0.000000,0.000000,0.000000,0.000000,1.000000,0.000000,1.000000,-251.190000,0.000000,0.000000
1778942993.390368,0,0.000000,0.000000,0.000000,0.000000,1.000000,0.000000,0.000000,-251.190000,0.000000,0.000000
1778942993.450387,0,0.000000,0.000000,0.000000,0.000000,1.000000,0.000000,0.070000,-251.190000,0.000000,0.000000
1778942993.453939,0,0.000000,0.000000,0.000000,0.000000,1.000000,0.000000,0.140000,-247.530000,0.000000,0.000000
1778942993.456914,0,0.000000,0.000000,0.000000,0.000000,1.000000,0.000000,0.200000,-247.530000,0.210000,0.000000
1778942993.471221,0,0.000000,0.000000,0.000000,0.000000,1.000000,0.000000,0.270000,-246.300000,0.000000,0.000000
1778942993.478131,0,0.000000,0.000000,0.000000,0.000000,1.000000,0.000000,0.340000,-247.530000,0.000000,0.000000
1778942993.486652,0,0.000000,0.000000,0.000000,0.000000,0.120000,0.000000,0.400000,-249.970000,0.000000,0.000000
1778942993.532143,0,0.000000,0.000000,0.000000,0.000000,0.550000,0.000000,0.460000,-247.530000,0.000000,0.000000
1778942993.537714,0,0.000000,0.000000,0.000000,0.000000,0.970000,0.000000,0.540000,-249.970000,0.000000,0.110000
1778942993.539087,0,0.000000,0.000000,0.000000,0.000000,1.000000,0.000000,0.030000,-252.390000,0.000000,0.000000
1778942993.545454,0,0.000000,0.000000,0.000000,0.000000,1.000000,0.000000,0.100000,-252.390000,0.000000,0.000000
1778942993.586306,0,0.000000,0.000000,0.000000,0.000000,1.000000,0.000000,0.180000,-251.190000,0.000000,0.000000
1778942993.617713,0,0.000000,0.000000,0.000000,0.000000,1.000000,0.000000,0.270000,-252.390000,0.000000,0.000000
1778942993.618808,0,0.000000,0.000000,0.000000,0.000000,1.000000,0.000000,0.340000,-253.600000,0.210000,0.000000
1778942993.619567,0,0.000000,0.000000,0.000000,0.000000,1.000000,0.000000,0.400000,-249.970000,0.000000,0.000000
1778942993.620206,0,0.000000,0.000000,0.000000,0.000000,1.000000,0.000000,0.490000,-248.750000,0.000000,0.000000
1778942993.645206,0,0.000000,0.000000,0.000000,0.000000,1.000000,0.000000,0.560000,-246.300000,0.000000,0.000000
1778942993.646952,0,0.000000,0.000000,0.000000,0.000000,1.000000,0.000000,0.630000,-245.070000,0.000000,0.000000
1778942993.659147,0,0.000000,0.000000,0.000000,0.000000,1.000000,0.000000,0.720000,-247.530000,0.000000,0.000000
1778942993.698264,0,0.000000,0.000000,0.000000,0.000000,1.000000,0.000000,0.800000,-246.300000,0.000000,0.000000
1778942993.700335,0,0.000000,0.000000,0.000000,0.000000,0.120000,0.000000,0.870000,-245.070000,0.000000,0.000000
1778942993.728812,0,0.000000,0.000000,0.000000,0.000000,0.550000,0.000000,0.940000,-242.580000,0.000000,0.000000
1778942993.750834,0,0.000000,0.000000,0.000000,0.000000,0.920000,0.000000,0.000000,-241.330000,0.000000,0.000000
1778942993.752891,0,0.000000,0.000000,0.000000,0.000000,1.000000,0.000000,0.090000,-246.300000,0.000000,0.000000
1778942993.773286,0,0.000000,0.000000,0.000000,0.000000,1.000000,0.000000,0.150000,-246.300000,0.000000,0.000000
1778942993.775271,0,0.000000,0.000000,0.000000,0.000000,1.000000,0.000000,0.230000,-249.970000,0.000000,0.000000
1778942993.793964,0,0.000000,0.000000,0.000000,0.000000,1.000000,0.000000,0.310000,-247.530000,0.000000,0.000000
1778942993.800059,0,0.000000,0.000000,0.000000,0.000000,1.000000,0.000000,0.370000,-248.750000,0.000000,0.000000
1778942993.840446,0,0.000000,0.000000,0.000000,0.000000,1.000000,0.000000,0.460000,-248.750000,0.000000,0.000000
1778942993.872367,0,0.000000,0.000000,0.000000,0.000000,1.000000,0.000000,0.540000,-252.390000,0.000000,0.000000
1778942993.930718,0,0.000000,0.000000,0.000000,0.000000,0.050000,0.000000,0.610000,-247.530000,0.000000,0.000000
1778942993.954060,0,0.000000,0.000000,0.000000,0.000000,0.460000,0.000000,0.680000,-248.750000,0.000000,0.110000
1778942993.955467,0,0.000000,0.000000,0.000000,0.000000,0.860000,0.000000,0.750000,-248.750000,0.000000,0.000000
1778942993.957511,0,0.000000,0.000000,0.000000,0.000000,1.000000,0.000000,0.830000,-246.300000,0.000000,0.000000
1778942993.958734,0,0.000000,0.000000,0.000000,0.000000,1.000000,0.000000,1.000000,-243.830000,0.000000,0.000000
1778942993.966166,0,0.000000,0.000000,0.000000,0.000000,1.000000,0.000000,1.000000,-245.070000,0.000000,0.000000
1778942993.991271,0,0.000000,0.000000,0.000000,0.000000,1.000000,0.000000,1.000000,-245.070000,0.000000,0.000000
1778942994.010936,0,0.000000,0.000000,0.000000,0.000000,1.000000,0.000000,1.000000,-243.830000,0.000000,0.000000
1778942994.019208,0,0.000000,0.000000,0.000000,0.000000,1.000000,0.000000,1.000000,-245.070000,0.000000,0.000000
1778942994.026355,0,0.000000,0.000000,0.000000,0.000000,1.000000,0.000000,1.000000,-245.070000,0.000000,0.000000
1778942994.040536,0,0.000000,0.000000,0.000000,0.000000,1.000000,0.000000,1.000000,-245.070000,0.000000,0.000000
1778942994.070878,0,0.000000,0.000000,0.000000,0.000000,1.000000,0.000000,0.000000,-245.070000,0.000000,0.110000
1778942994.078187,0,0.000000,0.000000,0.000000,0.000000,0.050000,0.000000,0.070000,-245.070000,0.000000,0.000000
1778942994.086738,0,0.000000,0.000000,0.000000,0.000000,0.430000,0.000000,0.140000,-246.300000,0.000000,0.000000
1778942994.117659,0,0.000000,0.000000,0.000000,0.000000,0.830000,0.000000,0.200000,-247.530000,0.000000,0.000000
1778942994.132160,0,0.000000,0.000000,0.000000,0.000000,0.200000,0.000000,0.280000,-246.300000,0.000000,0.000000
1778942994.134335,0,0.000000,0.000000,0.000000,0.000000,0.100000,0.000000,0.340000,-247.530000,0.000000,0.000000
1778942994.155954,0,0.000000,0.000000,0.000000,0.000000,0.460000,0.000000,0.400000,-246.300000,0.000000,0.000000
1778942994.180324,0,0.000000,0.000000,0.000000,0.000000,0.800000,0.000000,0.470000,-245.070000,0.000000,0.000000
1778942994.222146,0,0.000000,0.000000,0.000000,0.000000,1.000000,0.000000,0.550000,-247.530000,0.000000,0.000000
1778942994.223926,0,0.000000,0.000000,0.000000,0.000000,1.000000,0.000000,0.620000,-242.580000,0.000000,0.000000
1778942994.245973,0,0.000000,0.000000,0.000000,0.000000,1.000000,0.000000,0.680000,-242.580000,0.000000,0.000000
1778942994.268160,0,0.000000,0.000000,0.000000,0.000000,1.000000,0.000000,0.750000,-242.580000,0.000000,0.000000
1778942994.272962,0,0.000000,0.000000,0.000000,0.000000,1.000000,0.000000,0.810000,-242.580000,0.000000,0.000000
1778942994.274546,0,0.000000,0.000000,0.000000,0.000000,1.000000,0.000000,0.880000,-243.830000,0.000000,0.000000
1778942994.279458,0,0.000000,0.000000,0.000000,0.000000,1.000000,0.000000,0.950000,-243.830000,0.000000,0.000000
1778942994.280829,0,0.000000,0.000000,0.000000,0.000000,1.000000,0.000000,1.000000,-243.830000,0.000000,0.000000
1778942994.312467,0,0.000000,0.000000,0.000000,0.000000,1.000000,0.000000,1.000000,-243.830000,0.000000,0.000000
1778942994.356703,0,0.000000,0.000000,0.000000,0.000000,1.000000,0.000000,1.000000,-242.580000,0.000000,0.000000
1778942994.379655,0,0.000000,0.000000,0.000000,0.000000,1.000000,0.000000,1.000000,-243.830000,0.000000,0.000000
1778942994.419074,0,0.000000,0.000000,0.000000,0.000000,1.000000,0.000000,1.000000,-245.070000,0.000000,0.000000
1778942994.447815,0,0.000000,0.000000,0.000000,0.000000,1.000000,0.000000,1.000000,-243.830000,0.000000,0.000000
1778942994.454033,0,0.000000,0.000000,0.000000,0.000000,1.000000,0.000000,1.000000,-242.580000,0.000000,0.000000
1778942994.469228,0,0.000000,0.000000,0.000000,0.000000,1.000000,0.000000,1.000000,-242.580000,0.000000,0.000000
1778942994.470724,0,0.000000,0.000000,0.000000,0.000000,1.000000,0.000000,1.000000,-240.080000,0.000000,0.000000
1778942994.550670,0,0.000000,0.000000,0.000000,0.000000,1.000000,0.000000,1.000000,-241.330000,0.000000,0.000000
1778942994.575324,0,0.000000,0.000000,0.000000,0.000000,1.000000,0.000000,1.000000,-241.330000,0.210000,0.000000
1778942994.604966,0,0.000000,0.000000,0.000000,0.000000,1.000000,0.000000,1.000000,-241.330000,0.000000,0.000000
1778942994.627387,0,0.000000,0.000000,0.000000,0.000000,1.000000,0.000000,1.000000,-246.300000,0.000000,0.000000
1778942994.628652,0,0.000000,0.000000,0.000000,0.000000,1.000000,0.000000,0.000000,-240.080000,0.000000,0.000000
1778942994.633285,0,0.000000,0.000000,0.000000,0.000000,1.000000,0.000000,0.100000,-242.580000,0.000000,0.000000
1778942994.651040,0,0.000000,0.000000,0.000000,0.000000,0.030000,0.000000,0.140000,-242.580000,0.000000,0.000000
1778942994.652914,0,0.000000,0.000000,0.000000,0.000000,0.700000,0.000000,0.230000,-242.580000,0.000000,0.000000
1778942994.653663,0,0.000000,0.000000,0.000000,0.000000,1.000000,0.000000,0.280000,-241.330000,0.000000,0.000000
1778942994.680162,0,0.000000,0.000000,0.000000,0.000000,1.000000,0.000000,0.310000,-241.330000,0.000000,0.000000
1778942994.682512,0,0.000000,0.000000,0.000000,0.000000,1.000000,0.000000,0.360000,-238.820000,0.000000,0.000000
1778942994.709848,0,0.000000,0.000000,0.000000,0.000000,1.000000,0.000000,0.400000,-240.080000,0.000000,0.110000
1778942994.711826,0,0.000000,0.000000,0.000000,0.000000,1.000000,0.000000,0.440000,-240.080000,0.000000,0.000000
1778942994.732282,0,0.000000,0.000000,0.000000,0.000000,0.000000,0.000000,0.020000,-240.080000,0.440000,0.000000
1778942994.762784,0,0.000000,0.000000,0.000000,0.000000,0.280000,0.000000,0.070000,-241.330000,0.000000,0.000000
1778942994.767621,0,0.000000,0.000000,0.000000,0.000000,0.620000,0.000000,0.110000,-240.080000,0.000000,0.000000
1778942994.769617,0,0.000000,0.000000,0.000000,0.000000,0.970000,0.000000,0.170000,-240.080000,0.000000,0.000000
1778942994.784755,0,0.000000,0.000000,0.000000,0.000000,0.070000,0.000000,0.210000,-240.080000,0.000000,0.000000
1778942994.822425,0,0.000000,0.000000,0.000000,0.000000,0.330000,0.000000,0.250000,-241.330000,0.000000,0.000000
1778942994.837420,0,0.000000,0.000000,0.000000,0.000000,0.200000,0.000000,0.310000,-241.330000,0.000000,0.000000
1778942994.839117,0,0.000000,0.000000,0.000000,0.000000,0.700000,0.000000,0.360000,-241.330000,0.000000,0.000000
1778942994.897319,0,0.000000,0.000000,0.000000,0.000000,0.000000,0.000000,0.400000,-240.080000,0.440000,0.000000
1778942994.920331,0,0.000000,0.000000,0.000000,0.000000,0.370000,0.000000,0.440000,-240.080000,0.000000,0.000000
1778942994.942265,0,0.000000,0.000000,0.000000,0.000000,0.760000,0.000000,0.500000,-240.080000,0.000000,0.000000
1778942994.949180,0,0.000000,0.000000,0.000000,0.000000,1.000000,0.000000,0.540000,-241.330000,0.000000,0.000000
1778942994.979882,0,0.000000,0.000000,0.000000,0.000000,1.000000,0.000000,0.570000,-240.080000,0.000000,0.000000
1778942994.993293,0,0.000000,0.000000,0.000000,0.000000,1.000000,0.000000,0.670000,-240.080000,0.000000,0.000000
1778942995.002813,0,0.000000,0.000000,0.000000,0.000000,1.000000,0.000000,0.720000,-241.330000,0.000000,0.000000
1778942995.039931,0,0.000000,0.000000,0.000000,0.000000,1.000000,0.000000,0.760000,-241.330000,0.000000,0.000000
1778942995.042016,0,0.000000,0.000000,0.000000,0.000000,1.000000,0.000000,0.860000,-241.330000,0.000000,0.000000
1778942995.089558,0,0.000000,0.000000,0.000000,0.000000,1.000000,0.000000,0.890000,-241.330000,0.000000,0.000000
1778942995.114588,0,0.000000,0.000000,0.000000,0.000000,1.000000,0.000000,0.930000,-238.820000,0.000000,0.000000
1778942995.130065,0,0.000000,0.000000,0.000000,0.000000,1.000000,0.000000,0.990000,-238.820000,0.000000,0.000000
1778942995.135865,0,0.000000,0.000000,0.000000,0.000000,1.000000,0.000000,1.000000,-241.330000,0.000000,0.000000
1778942995.151491,0,0.000000,0.000000,0.000000,0.000000,0.070000,0.000000,1.000000,-240.080000,0.000000,0.000000
1778942995.158629,0,0.000000,0.000000,0.000000,0.000000,0.810000,0.000000,1.000000,-241.330000,0.000000,0.000000
1778942995.159783,0,0.000000,0.000000,0.000000,0.000000,1.000000,0.000000,1.000000,-246.300000,0.000000,0.000000
1778942995.175676,0,0.000000,0.000000,0.000000,0.000000,1.000000,0.000000,1.000000,-247.530000,0.000000,0.000000
1778942995.180727,0,0.000000,0.000000,0.000000,0.000000,0.150000,0.000000,1.000000,-247.530000,0.000000,0.000000
1778942995.189430,0,0.000000,0.000000,0.000000,0.000000,0.500000,0.000000,1.000000,-247.530000,0.000000,0.000000
1778942995.218112,0,0.000000,0.000000,0.000000,0.000000,0.860000,0.000000,1.000000,-246.300000,0.000000,0.000000
1778942995.247632,0,0.000000,0.000000,0.000000,0.000000,1.000000,0.000000,1.000000,-247.530000,0.000000,0.000000
1778942995.263889,0,0.000000,0.000000,0.000000,0.000000,1.000000,0.000000,1.000000,-248.750000,0.000000,0.000000
1778942995.270148,0,0.000000,0.000000,0.000000,0.000000,1.000000,0.000000,1.000000,-241.330000,0.000000,0.000000
1778942995.293689,0,0.000000,0.000000,0.000000,0.000000,1.000000,0.000000,1.000000,-241.330000,0.000000,0.000000
1778942995.324859,0,0.000000,0.000000,0.000000,0.000000,0.070000,0.000000,1.000000,-236.270000,0.000000,0.110000
1778942995.347415,0,0.000000,0.000000,0.000000,0.000000,0.280000,0.000000,1.000000,-235.000000,0.000000,0.000000
1778942995.391943,0,0.000000,0.000000,0.000000,0.000000,0.150000,0.000000,1.000000,-231.130000,0.000000,0.000000
1778942995.407215,0,0.000000,0.000000,0.000000,0.000000,0.210000,0.000000,1.000000,-236.270000,0.000000,0.000000
1778942995.437032,0,0.000000,0.000000,0.000000,0.000000,0.510000,0.000000,1.000000,-232.420000,0.000000,0.000000
1778942995.458627,0,0.000000,0.000000,0.000000,0.000000,0.830000,0.000000,1.000000,-228.520000,0.000000,0.000000
1778942995.504569,0,0.000000,0.000000,0.000000,0.000000,1.000000,0.000000,1.000000,-228.520000,0.000000,0.000000
1778942995.542072,0,0.000000,0.000000,0.000000,0.000000,1.000000,0.000000,1.000000,-228.520000,0.000000,0.000000
1778942995.585772,0,0.000000,0.000000,0.000000,0.000000,0.110000,0.000000,1.000000,-227.210000,0.000000,0.000000
1778942995.594246,0,0.000000,0.000000,0.000000,0.000000,0.400000,0.000000,1.000000,-228.520000,0.000000,0.000000
1778942995.601468,0,0.000000,0.000000,0.000000,0.000000,0.230000,0.000000,1.000000,-225.880000,0.000000,0.000000
1778942995.604381,0,0.000000,0.000000,0.000000,0.000000,0.930000,0.000000,0.020000,-227.210000,0.000000,0.000000
1778942995.623115,0,0.000000,0.000000,0.000000,0.000000,1.000000,0.000000,0.120000,-224.550000,0.000000,0.000000
1778942995.632286,0,0.000000,0.000000,0.000000,0.000000,1.000000,0.000000,0.150000,-221.880000,0.000000,0.000000
1778942995.634362,0,0.000000,0.000000,0.000000,0.000000,1.000000,0.000000,0.180000,-227.210000,0.000000,0.000000
1778942995.689913,0,0.000000,0.000000,0.000000,0.000000,1.000000,0.000000,0.210000,-225.880000,0.000000,0.000000
1778942995.727942,0,0.000000,0.000000,0.000000,0.000000,1.000000,0.000000,0.250000,-227.210000,0.000000,0.000000
1778942995.789721,0,0.000000,0.000000,0.000000,0.000000,1.000000,0.000000,0.280000,-228.520000,0.000000,0.000000
1778942995.871935,0,0.000000,0.000000,0.000000,0.000000,1.000000,0.000000,0.310000,-224.550000,0.000000,0.000000
1778942995.924383,0,0.000000,0.000000,0.000000,0.000000,1.000000,0.000000,0.340000,-227.210000,0.000000,0.000000
1778942995.930513,0,0.000000,0.000000,0.000000,0.000000,1.000000,0.000000,0.010000,-228.520000,0.000000,0.000000
1778942995.946211,0,0.000000,0.000000,0.000000,0.000000,1.000000,0.000000,0.170000,-224.550000,0.000000,0.000000
1778942995.960768,0,0.000000,0.000000,0.000000,0.000000,1.000000,0.000000,0.250000,-224.550000,0.000000,0.000000
1778942995.998665,0,0.000000,0.000000,0.000000,0.000000,1.000000,0.000000,0.440000,-223.220000,0.000000,0.110000
1778942996.037573,0,0.000000,0.000000,0.000000,0.000000,1.000000,0.000000,0.610000,-205.360000,0.000000,0.000000
1778942996.051704,0,0.000000,0.000000,0.000000,0.000000,1.000000,0.000000,0.640000,-199.660000,0.000000,0.000000
1778942996.072742,0,0.000000,0.000000,0.000000,0.000000,0.000000,0.000000,0.680000,-189.410000,0.440000,0.000000
1778942996.081030,0,0.000000,0.000000,0.000000,0.000000,0.280000,0.000000,0.760000,-192.380000,0.000000,0.000000
1778942996.096740,0,0.000000,0.000000,0.000000,0.000000,1.000000,0.000000,0.850000,-187.910000,0.000000,0.000000
1778942996.100703,0,0.000000,0.000000,0.000000,0.000000,1.000000,0.000000,0.880000,-189.410000,0.000000,0.000000
1778942996.101376,0,0.000000,0.000000,0.000000,0.000000,0.150000,0.000000,0.930000,-187.910000,0.210000,0.110000
1778942996.101995,0,0.000000,0.000000,0.000000,0.000000,0.630000,0.000000,0.970000,-190.890000,0.000000,0.000000
1778942996.110456,0,0.000000,0.000000,0.000000,0.000000,1.000000,0.000000,1.000000,-192.380000,0.000000,0.000000
1778942996.135889,0,0.000000,0.000000,0.000000,0.000000,1.000000,0.000000,1.000000,-203.940000,0.000000,0.000000
1778942996.137798,0,0.000000,0.000000,0.000000,0.000000,1.000000,0.000000,1.000000,-219.190000,0.000000,0.000000
1778942996.156105,0,0.000000,0.000000,0.000000,0.000000,1.000000,0.000000,0.000000,-215.110000,0.000000,0.110000
1778942996.165222,0,0.000000,0.000000,0.000000,0.000000,1.000000,0.000000,0.020000,-221.880000,0.000000,0.000000
1778942996.217148,0,0.000000,0.000000,0.000000,0.000000,1.000000,0.000000,0.070000,-223.220000,0.000000,0.000000
1778942996.219714,0,0.000000,0.000000,0.000000,0.000000,1.000000,0.000000,0.100000,-224.550000,0.000000,0.000000
1778942996.220742,0,0.000000,0.000000,0.000000,0.000000,1.000000,0.000000,0.120000,-212.360000,0.000000,0.000000
1778942996.239779,0,0.000000,0.000000,0.000000,0.000000,1.000000,0.000000,0.170000,-202.520000,0.000000,0.000000
1778942996.262774,0,0.000000,0.000000,0.000000,0.000000,1.000000,0.000000,0.200000,-193.850000,0.000000,0.000000
1778942996.265635,0,0.000000,0.000000,0.000000,0.000000,0.000000,0.000000,0.230000,-189.410000,0.440000,0.000000
1778942996.322311,0,0.000000,0.000000,0.000000,0.000000,0.470000,0.000000,0.250000,-187.910000,0.000000,0.000000
1778942996.323867,0,0.000000,0.000000,0.000000,0.000000,0.000000,0.000000,0.000000,-187.910000,0.670000,0.000000
1778942996.325411,0,0.000000,0.000000,0.000000,0.000000,0.370000,0.000000,0.050000,-189.410000,0.000000,0.000000
1778942996.325943,0,0.000000,0.000000,0.000000,0.000000,0.740000,0.000000,0.110000,-186.420000,0.000000,0.000000
1778942996.344264,0,0.000000,0.000000,0.000000,0.000000,0.100000,0.000000,0.180000,-187.910000,0.000000,0.000000
1778942996.350561,0,0.000000,0.000000,0.000000,0.000000,0.440000,0.000000,0.230000,-192.380000,0.000000,0.000000
1778942996.375183,0,0.000000,0.000000,0.000000,0.000000,0.050000,0.000000,0.310000,-209.580000,0.000000,0.000000
1778942996.381386,0,0.000000,0.000000,0.000000,0.000000,0.250000,0.000000,0.370000,-215.110000,0.000000,0.000000
1778942996.396885,0,0.000000,0.000000,0.000000,0.000000,0.810000,0.000000,0.430000,-220.550000,0.000000,0.000000
1778942996.450760,0,0.000000,0.000000,0.000000,0.000000,0.200000,0.000000,0.000000,-220.550000,0.000000,0.000000
1778942996.452241,0,0.000000,0.000000,0.000000,0.000000,0.800000,0.000000,0.070000,-224.550000,0.000000,0.000000
1778942996.452904,0,0.000000,0.000000,0.000000,0.000000,1.000000,0.000000,0.140000,-221.880000,0.000000,0.000000
1778942996.471989,0,0.000000,0.000000,0.000000,0.000000,1.000000,0.000000,0.200000,-219.190000,0.000000,0.000000
1778942996.485772,0,0.000000,0.000000,0.000000,0.000000,1.000000,0.000000,0.270000,-216.490000,0.000000,0.000000
1778942996.509934,0,0.000000,0.000000,0.000000,0.000000,0.430000,0.000000,0.330000,-224.550000,0.000000,0.000000
1778942996.538181,0,0.000000,0.000000,0.000000,0.000000,1.000000,0.000000,0.400000,-220.550000,0.000000,0.000000
1778942996.546852,0,0.000000,0.000000,0.000000,0.000000,0.180000,0.000000,0.460000,-208.190000,0.000000,0.000000
1778942996.552482,0,0.000000,0.000000,0.000000,0.000000,0.800000,0.000000,0.510000,-216.490000,0.000000,0.000000
1778942996.575833,0,0.000000,0.000000,0.000000,0.000000,0.180000,0.000000,0.570000,-213.740000,0.000000,0.000000
1778942996.578055,0,0.000000,0.000000,0.000000,0.000000,0.620000,0.000000,0.640000,-210.970000,0.000000,0.000000
1778942996.578874,0,0.000000,0.000000,0.000000,0.000000,1.000000,0.000000,0.720000,-212.360000,0.000000,0.000000
1778942996.637918,0,0.000000,0.000000,0.000000,0.000000,1.000000,0.000000,0.770000,-210.970000,0.000000,0.000000
1778942996.652709,0,0.000000,0.000000,0.000000,0.000000,1.000000,0.000000,0.850000,-210.970000,0.000000,0.000000
1778942996.668331,0,0.000000,0.000000,0.000000,0.000000,1.000000,0.000000,0.920000,-201.100000,0.000000,0.000000
1778942996.672157,0,0.000000,0.000000,0.000000,0.000000,1.000000,0.000000,0.980000,-192.380000,0.000000,0.000000
1778942996.673599,0,0.000000,0.000000,0.000000,0.000000,0.150000,0.000000,1.000000,-189.410000,0.000000,0.000000
1778942996.674793,0,0.000000,0.000000,0.000000,0.000000,0.250000,0.000000,1.000000,-190.890000,0.000000,0.000000
1778942996.707129,0,0.000000,0.000000,0.000000,0.000000,0.870000,0.000000,1.000000,-189.410000,0.000000,0.000000
1778942996.726518,0,0.000000,0.000000,0.000000,0.000000,1.000000,0.000000,1.000000,-177.280000,0.000000,0.000000
1778942996.733192,0,0.000000,0.000000,0.000000,0.000000,1.000000,0.000000,1.000000,-174.190000,0.000000,0.000000
1778942996.736214,0,0.000000,0.000000,0.000000,0.000000,1.000000,0.000000,1.000000,-175.750000,0.000000,0.000000
1778942996.748174,0,0.000000,0.000000,0.000000,0.000000,1.000000,0.000000,1.000000,-201.100000,0.000000,0.000000
1778942996.772046,0,0.000000,0.000000,0.000000,0.000000,1.000000,0.000000,1.000000,-210.970000,0.000000,0.000000
1778942996.786670,0,0.000000,0.000000,0.000000,0.000000,1.000000,0.000000,1.000000,-213.740000,0.000000,0.000000
1778942996.802030,0,0.000000,0.000000,0.000000,0.000000,1.000000,0.000000,1.000000,-215.110000,0.000000,0.000000
1778942996.839383,0,0.000000,0.000000,0.000000,0.000000,0.150000,0.000000,1.000000,-212.360000,0.000000,0.000000
1778942996.863556,0,0.000000,0.000000,0.000000,0.000000,0.750000,0.000000,1.000000,-213.740000,0.000000,0.000000
1778942996.892694,0,0.000000,0.000000,0.000000,0.000000,0.110000,0.000000,1.000000,-212.360000,0.000000,0.000000
1778942996.898779,0,0.000000,0.000000,0.000000,0.000000,0.720000,0.000000,1.000000,-210.970000,0.000000,0.000000
1778942996.900833,0,0.000000,0.000000,0.000000,0.000000,1.000000,0.000000,1.000000,-198.220000,0.000000,0.000000
1778942996.905904,0,0.000000,0.000000,0.000000,0.000000,1.000000,0.000000,1.000000,-183.410000,0.000000,0.000000
1778942996.914798,0,0.000000,0.000000,0.000000,0.000000,1.000000,0.000000,1.000000,-183.410000,0.000000,0.000000
1778942996.945230,0,0.000000,0.000000,0.000000,0.000000,1.000000,0.000000,1.000000,-180.360000,0.000000,0.000000
1778942996.947026,0,0.000000,0.000000,0.000000,0.000000,1.000000,0.000000,1.000000,-187.910000,0.000000,0.000000
1778942996.949142,0,0.000000,0.000000,0.000000,0.000000,1.000000,0.000000,1.000000,-186.420000,0.000000,0.000000
1778942996.978013,0,0.000000,0.000000,0.000000,0.000000,0.230000,0.000000,1.000000,-186.420000,0.000000,0.110000
1778942996.989096,0,0.000000,0.000000,0.000000,0.000000,0.870000,0.000000,1.000000,-178.830000,0.000000,0.000000
1778942997.027179,0,0.000000,0.000000,0.000000,0.000000,1.000000,0.000000,1.000000,-180.360000,0.000000,0.000000
1778942997.028581,0,0.000000,0.000000,0.000000,0.000000,1.000000,0.000000,1.000000,-181.880000,0.000000,0.000000
1778942997.029620,0,0.000000,0.000000,0.000000,0.000000,1.000000,0.000000,1.000000,-180.360000,0.000000,0.110000
1778942997.124365,0,0.000000,0.000000,0.000000,0.000000,1.000000,0.000000,1.000000,-181.880000,0.000000,0.000000
1778942997.124891,0,0.000000,0.000000,0.000000,0.000000,1.000000,0.000000,1.000000,-186.420000,0.000000,0.000000
1778942997.125286,0,0.000000,0.000000,0.000000,0.000000,0.430000,0.000000,1.000000,-187.910000,0.000000,0.000000
1778942997.228582,0,0.000000,0.000000,0.000000,0.000000,1.000000,0.000000,1.000000,-186.420000,0.000000,0.000000
1778942997.287264,0,0.000000,0.000000,0.000000,0.000000,1.000000,0.000000,1.000000,-186.420000,0.000000,0.000000
1778942997.287741,0,0.000000,0.000000,0.000000,0.000000,1.000000,0.000000,1.000000,-183.410000,0.000000,0.000000
1778942997.288127,0,0.000000,0.000000,0.000000,0.000000,1.000000,0.000000,0.000000,-178.830000,0.000000,0.000000
1778942997.345705,0,0.000000,0.000000,0.000000,0.000000,1.000000,0.000000,0.200000,-167.890000,0.000000,0.000000
1778942997.404060,0,0.000000,0.100000,0.000000,0.000000,1.000000,0.000000,0.360000,-167.890000,0.000000,0.000000
1778942997.520854,0,0.000000,0.150000,0.000000,0.000000,1.000000,0.000000,0.400000,-169.490000,0.000000,0.000000
1778942997.575000,0,0.000000,0.180000,0.000000,0.000000,0.150000,0.000000,0.430000,-169.490000,0.000000,0.000000
1778942997.575507,0,0.000000,0.310000,0.000000,0.000000,0.000000,0.000000,0.600000,-172.630000,0.440000,0.000000
1778942997.629393,0,0.000000,0.470000,0.000000,0.000000,0.720000,0.000000,0.740000,-164.710000,0.000000,0.000000
1778942997.630461,0,0.000000,0.690000,0.000000,0.000000,0.170000,0.000000,0.880000,-164.710000,0.000000,0.000000
1778942997.734653,0,0.000000,1.200000,0.000000,0.000000,1.000000,0.000000,1.000000,-159.880000,0.000000,0.000000
1778942997.791536,0,0.000000,1.200000,0.000000,0.000000,1.000000,0.000000,1.000000,-156.610000,0.000000,0.000000
1778942997.792057,0,0.000000,1.200000,0.000000,0.000000,1.000000,0.000000,1.000000,-159.880000,0.000000,0.000000
1778942997.843174,0,0.000000,1.200000,0.000000,0.000000,1.000000,0.000000,1.000000,-156.610000,0.000000,0.000000
1778942997.925476,0,0.000000,1.200000,0.000000,0.000000,1.000000,0.000000,1.000000,-156.610000,0.000000,0.110000
1778942997.978726,0,0.000000,1.200000,0.000000,0.000000,1.000000,0.000000,1.000000,-156.610000,0.000000,0.000000
1778942997.979249,0,0.000000,1.200000,0.000000,0.000000,1.000000,0.000000,1.000000,-158.250000,0.000000,0.000000
1778942997.979809,0,0.000000,1.200000,0.000000,0.000000,1.000000,0.000000,1.000000,-156.610000,0.000000,0.000000
1778942998.030070,0,0.000000,1.200000,0.000000,0.000000,1.000000,0.000000,1.000000,-158.250000,0.000000,0.000000
1778942998.079973,0,0.000000,1.200000,0.000000,0.000000,1.000000,0.000000,1.000000,-158.250000,0.000000,0.000000
1778942998.175161,0,0.000000,1.200000,0.000000,0.000000,1.000000,0.000000,1.000000,-158.250000,0.000000,0.000000
1778942998.203845,0,0.000000,1.200000,0.000000,0.000000,1.000000,0.000000,1.000000,-158.250000,0.000000,0.000000
1778942998.231208,0,0.000000,1.200000,0.000000,0.000000,1.000000,0.000000,0.000000,-158.250000,0.000000,0.000000
1778942998.231735,0,0.000000,1.200000,0.000000,0.000000,1.000000,0.000000,0.150000,-169.490000,0.000000,0.000000
1778942998.232145,0,0.000000,1.200000,0.000000,0.000000,1.000000,0.000000,0.200000,-159.880000,0.000000,0.000000
1778942998.263300,0,0.000000,1.200000,0.000000,0.000000,1.000000,0.000000,0.340000,-159.880000,0.000000,0.000000
1778942998.290932,0,0.000000,1.200000,0.000000,0.000000,1.000000,0.000000,0.370000,-158.250000,0.000000,0.000000
1778942998.360201,0,0.000000,1.200000,0.000000,0.000000,1.000000,0.000000,0.400000,-159.880000,0.000000,0.000000
1778942998.411241,0,0.000000,1.200000,0.000000,0.000000,1.000000,0.000000,0.410000,-158.250000,0.000000,0.000000
1778942998.496021,0,0.000000,1.200000,0.000000,0.000000,1.000000,0.000000,0.440000,-158.250000,0.000000,0.000000
1778942998.525138,0,0.000000,1.200000,0.000000,0.000000,1.000000,0.000000,0.510000,-156.610000,0.000000,0.000000
1778942998.525654,0,0.000000,1.200000,0.000000,0.000000,1.000000,0.000000,0.610000,-158.250000,0.000000,0.000000
1778942998.526099,0,0.000000,1.200000,0.000000,0.000000,0.600000,0.000000,0.720000,-156.610000,0.000000,0.000000
1778942998.554804,0,0.000000,1.200000,0.000000,0.000000,0.000000,0.000000,0.760000,-154.970000,0.440000,0.000000
1778942998.555337,0,0.000000,1.200000,0.000000,0.000000,1.000000,0.000000,0.930000,-156.610000,0.000000,0.000000
1778942998.583102,0,0.000000,1.200000,0.000000,0.000000,1.000000,0.000000,0.950000,-154.970000,0.000000,0.000000
1778942998.611685,0,0.000000,1.200000,0.000000,0.000000,0.150000,0.000000,0.990000,-156.610000,0.000000,0.000000
1778942998.697753,0,0.000000,1.200000,0.000000,0.000000,1.000000,0.000000,1.000000,-154.970000,0.000000,0.000000
1778942998.750188,0,0.000000,1.200000,0.000000,0.000000,1.000000,0.000000,1.000000,-156.610000,0.000000,0.000000
1778942998.750707,0,0.000000,1.200000,0.000000,0.000000,1.000000,0.000000,1.000000,-156.610000,0.000000,0.000000
1778942998.751967,0,0.000000,1.200000,0.000000,0.000000,1.000000,0.000000,1.000000,-153.320000,0.000000,0.000000
1778942998.752394,0,0.000000,1.200000,0.000000,0.000000,1.000000,0.000000,1.000000,-158.250000,0.000000,0.000000
1778942998.804453,0,0.000000,1.200000,0.000000,0.000000,1.000000,0.000000,0.010000,-156.610000,0.000000,0.000000
1778942998.805777,0,0.000000,1.200000,0.000000,0.000000,1.000000,0.000000,0.030000,-151.660000,0.210000,0.000000
1778942998.893553,0,0.000000,1.200000,0.000000,0.000000,1.000000,0.000000,0.000000,-154.970000,0.000000,0.000000
1778942998.946918,0,0.000000,1.200000,0.000000,0.000000,0.250000,0.000000,0.000000,-156.610000,0.000000,0.000000
1778942998.947435,0,0.000000,1.200000,0.000000,0.000000,1.000000,0.000000,0.010000,-154.970000,0.000000,0.000000
1778942998.947837,0,0.000000,1.200000,0.000000,0.000000,1.000000,0.000000,0.030000,-154.970000,0.000000,0.000000
1778942998.948230,0,0.000000,1.200000,0.000000,0.000000,1.000000,0.000000,0.140000,-156.610000,0.000000,0.000000
1778942998.949042,0,0.000000,1.200000,0.000000,0.000000,0.400000,0.000000,0.180000,-158.250000,0.000000,0.000000
1778942999.012518,0,0.000000,1.200000,0.000000,0.000000,1.000000,0.000000,0.200000,-156.610000,0.000000,0.000000
1778942999.073232,0,0.000000,1.200000,0.000000,0.000000,0.340000,0.000000,0.210000,-156.610000,0.000000,0.000000
1778942999.101411,0,0.000000,1.200000,0.000000,0.000000,1.000000,0.000000,0.230000,-161.500000,0.000000,0.000000
1778942999.128602,0,0.000000,1.200000,0.000000,0.000000,0.250000,0.000000,0.250000,-158.250000,0.000000,0.000000
1778942999.129133,0,0.000000,1.200000,0.000000,0.000000,1.000000,0.000000,0.020000,-154.970000,0.000000,0.000000
1778942999.192629,0,0.000000,1.200000,0.000000,0.000000,1.000000,0.000000,0.100000,-149.990000,0.000000,0.110000
1778942999.243568,0,0.000000,1.200000,0.000000,0.000000,1.000000,0.000000,0.150000,-148.320000,0.000000,0.000000
1778942999.244094,0,0.000000,1.200000,0.000000,0.000000,1.000000,0.000000,0.180000,-156.610000,0.000000,0.000000
1778942999.244500,0,0.000000,1.200000,0.000000,0.000000,0.000000,0.000000,0.200000,-153.320000,0.440000,0.000000
1778942999.244881,0,0.000000,1.200000,0.000000,0.000000,1.000000,0.000000,0.280000,-156.610000,0.000000,0.000000
1778942999.245444,0,0.000000,1.200000,0.000000,0.000000,0.950000,0.000000,0.370000,-153.320000,0.000000,0.000000
1778942999.298381,0,0.000000,1.200000,0.000000,0.000000,0.110000,0.000000,0.400000,-149.990000,0.210000,0.000000
1778942999.364813,0,0.000000,1.200000,0.000000,0.000000,0.570000,0.000000,0.430000,-149.990000,0.000000,0.000000
1778942999.472403,0,0.000000,1.200000,0.000000,0.000000,1.000000,0.000000,0.460000,-148.320000,0.000000,0.000000
1778942999.503284,0,0.000000,1.200000,0.000000,0.000000,0.180000,0.000000,0.490000,-148.320000,0.000000,0.000000
1778942999.530688,0,0.000000,1.200000,0.000000,0.000000,0.250000,0.000000,0.500000,-146.630000,0.000000,0.000000
1778942999.531186,0,0.000000,1.200000,0.000000,0.000000,1.000000,0.000000,0.570000,-151.660000,0.000000,0.000000
1778942999.531573,0,0.000000,1.200000,0.000000,0.000000,0.100000,0.000000,0.100000,-154.970000,0.000000,0.000000
1778942999.531940,0,0.000000,1.200000,0.000000,0.000000,1.000000,0.000000,0.310000,-151.660000,0.000000,0.000000
1778942999.695562,0,0.000000,1.200000,0.000000,0.000000,1.000000,0.000000,0.340000,-148.320000,0.000000,0.000000
1778942999.802453,0,0.000000,1.200000,0.000000,0.000000,1.000000,0.000000,0.370000,-148.320000,0.210000,0.000000
1778942999.867154,0,0.000000,1.200000,0.000000,0.000000,1.000000,0.000000,0.400000,-144.940000,0.000000,0.000000
1778942999.894849,0,0.000000,1.200000,0.000000,0.000000,0.280000,0.000000,0.430000,-146.630000,0.000000,0.000000
1778942999.922836,0,0.000000,1.200000,0.000000,0.000000,0.500000,0.000000,0.070000,-146.630000,0.000000,0.000000
1778942999.974573,0,0.000000,1.200000,0.000000,0.000000,1.000000,0.000000,0.640000,-134.630000,0.000000,0.000000
1778943000.027487,0,0.000000,1.200000,0.000000,0.000000,0.540000,0.000000,0.280000,-139.820000,0.000000,0.000000
1778943000.028253,0,0.000000,1.200000,0.000000,0.000000,0.110000,0.000000,0.470000,-138.100000,0.000000,0.000000
1778943000.099728,0,0.000000,1.200000,0.000000,0.000000,0.360000,0.000000,0.510000,-136.360000,0.000000,0.000000
1778943000.151829,0,0.000000,1.200000,0.000000,0.000000,0.030000,0.000000,0.720000,-134.630000,0.000000,0.000000
1778943000.220855,0,0.000000,1.200000,0.000000,0.000000,0.680000,0.000000,0.890000,-134.630000,0.000000,0.000000
1778943000.327072,0,0.000000,1.200000,0.000000,0.000000,0.890000,0.000000,0.950000,-138.100000,0.000000,0.000000
1778943000.385574,0,0.000000,1.200000,0.000000,0.000000,1.000000,0.000000,1.000000,-149.990000,0.000000,0.000000
1778943000.386119,0,0.000000,1.200000,0.000000,0.000000,1.000000,0.000000,1.000000,-163.110000,0.000000,0.000000
1778943000.475669,0,0.000000,1.200000,0.000000,0.000000,1.000000,0.000000,1.000000,-161.500000,0.210000,0.110000
1778943000.530113,0,0.000000,1.200000,0.000000,0.000000,0.000000,0.000000,0.230000,-144.940000,0.000000,0.000000
1778943000.618788,0,0.000000,1.200000,0.000000,0.000000,0.600000,0.000000,0.610000,-149.990000,0.000000,0.000000
1778943000.675577,0,0.000000,1.200000,0.000000,0.000000,0.070000,0.000000,0.660000,-151.660000,0.000000,0.000000
1778943000.676105,0,0.000000,1.200000,0.000000,0.000000,0.850000,0.000000,0.820000,-149.990000,0.000000,0.000000
1778943000.729829,0,0.000000,1.200000,0.000000,0.000000,0.810000,0.000000,1.000000,-149.990000,0.000000,0.000000
1778943000.783858,0,0.000000,1.200000,0.000000,0.000000,1.000000,0.000000,1.000000,-149.990000,0.000000,0.000000
1778943000.837245,0,0.000000,1.200000,0.000000,0.000000,0.000000,0.000000,1.000000,-146.630000,0.440000,0.000000
1778943000.890791,0,0.000000,1.200000,0.000000,0.000000,0.510000,0.000000,1.000000,-138.100000,0.000000,0.000000
1778943000.891479,0,0.000000,1.200000,0.000000,0.000000,1.000000,0.000000,1.000000,-138.100000,0.000000,0.000000
1778943000.891902,0,0.000000,1.200000,0.000000,0.000000,1.000000,0.000000,1.000000,62.650000,0.000000,0.000000
1778943000.945436,0,0.000000,1.200000,0.000000,0.000000,0.100000,0.000000,0.020000,-6.110000,0.000000,0.110000
1778943001.062336,0,0.000000,1.200000,0.000000,0.000000,0.340000,0.000000,0.180000,-227.210000,0.000000,0.000000
1778943001.151569,0,0.000000,1.200000,0.000000,0.000000,1.000000,0.000000,0.310000,302.290000,0.000000,0.000000
1778943001.208916,0,0.000000,1.200000,0.000000,0.000000,1.000000,0.000000,0.340000,-325.320000,0.000000,0.000000
1778943001.263824,0,0.000000,1.200000,0.000000,0.000000,0.340000,0.000000,0.460000,-169.490000,0.000000,0.000000
1778943001.264339,0,0.000000,1.200000,0.000000,0.000000,0.670000,0.000000,0.510000,-139.820000,0.000000,0.000000
1778943001.264803,0,0.000000,1.200000,0.000000,0.000000,0.800000,0.000000,0.800000,-148.320000,0.000000,0.000000
1778943001.265198,0,0.000000,1.200000,0.000000,0.000000,1.000000,0.000000,1.000000,277.890000,0.000000,0.000000
1778943001.319334,0,0.000000,1.200000,0.000000,0.000000,1.000000,0.000000,1.000000,238.350000,0.000000,0.000000
1778943001.390143,0,0.000000,1.200000,0.000000,0.000000,0.300000,0.000000,1.000000,202.360000,0.000000,0.000000
1778943001.445337,0,0.000000,1.200000,0.000000,0.000000,0.510000,0.000000,1.000000,211.240000,0.000000,0.000000
1778943001.445830,0,0.000000,1.200000,0.000000,0.000000,0.740000,0.000000,1.000000,218.750000,0.000000,0.000000
1778943001.446217,0,0.000000,1.200000,0.000000,0.000000,0.970000,0.000000,1.000000,264.520000,0.000000,0.000000
1778943001.446614,0,0.000000,1.200000,0.000000,0.000000,1.000000,0.000000,1.000000,-309.520000,0.000000,0.000000
1778943001.500308,0,0.000000,1.200000,0.000000,0.000000,0.070000,0.000000,1.000000,-227.210000,0.000000,0.000000
1778943001.500825,0,0.000000,1.200000,0.000000,0.000000,0.280000,0.000000,1.000000,-221.880000,0.000000,0.000000
1778943001.501230,0,0.000000,1.200000,0.000000,0.000000,0.500000,0.000000,1.000000,-220.550000,0.000000,0.000000
1778943001.562318,0,0.000000,1.200000,0.000000,0.000000,0.740000,0.000000,1.000000,165.380000,0.000000,0.000000
1778943001.617042,0,0.000000,1.200000,0.000000,0.000000,0.000000,0.000000,1.000000,82.120000,0.440000,0.000000
1778943001.617898,0,0.000000,1.200000,0.000000,0.000000,0.430000,0.000000,1.000000,81.330000,0.000000,0.000000
1778943001.672187,0,0.000000,1.200000,0.000000,0.000000,0.860000,0.000000,1.000000,83.180000,0.000000,0.000000
1778943001.758006,0,0.000000,1.200000,0.000000,0.000000,1.000000,0.000000,1.000000,85.880000,0.000000,0.000000
1778943001.813885,0,0.000000,1.200000,0.000000,0.000000,1.000000,0.000000,0.000000,69.480000,0.000000,0.000000
1778943001.814402,0,0.000000,1.200000,0.000000,0.000000,1.000000,0.000000,0.000000,60.660000,0.000000,0.000000
1778943001.868750,0,0.000000,1.200000,0.000000,0.000000,0.400000,0.000000,0.090000,93.230000,0.000000,0.000000
1778943001.984818,0,0.000000,1.200000,0.000000,0.000000,1.000000,0.000000,0.170000,0.000000,0.000000,0.000000
1778943002.082151,0,0.000000,1.200000,0.000000,0.000000,0.850000,0.000000,0.090000,26.180000,0.000000,0.000000
1778943002.140250,0,0.000000,1.200000,0.000000,0.000000,0.020000,0.000000,0.110000,11.430000,0.000000,0.000000
1778943002.195456,0,0.000000,1.200000,0.000000,0.000000,0.570000,0.000000,0.180000,0.430000,0.000000,0.000000
1778943002.250196,0,0.000000,1.200000,0.000000,0.000000,0.140000,0.000000,0.270000,1.460000,0.000000,0.000000
1778943002.250715,0,0.000000,1.200000,0.000000,0.000000,1.000000,0.000000,0.500000,0.430000,0.000000,0.000000
1778943002.351966,0,0.000000,1.200000,0.000000,0.000000,0.440000,0.000000,0.680000,0.400000,0.000000,0.000000
1778943002.502592,0,0.000000,1.200000,0.000000,0.000000,1.000000,0.000000,0.750000,0.400000,0.000000,0.000000
1778943002.533626,0,0.000000,1.200000,0.000000,0.000000,0.760000,0.000000,0.930000,22.930000,0.000000,0.000000
1778943002.559461,0,0.000000,1.200000,0.000000,0.000000,1.000000,0.000000,1.000000,2.440000,0.000000,0.000000
1778943002.669060,0,0.000000,1.200000,0.000000,0.000000,0.010000,0.000000,1.000000,4.900000,0.000000,0.250000
1778943002.699345,0,0.000000,1.200000,0.000000,0.000000,0.430000,0.000000,1.000000,1.340000,0.000000,0.000000
1778943002.699960,0,0.000000,1.200000,0.000000,0.000000,0.210000,0.000000,1.000000,0.640000,0.000000,0.000000
1778943002.700396,0,0.000000,1.200000,0.000000,0.000000,0.460000,0.000000,1.000000,0.660000,0.000000,0.000000
1778943002.725673,0,0.000000,1.200000,0.000000,0.000000,1.000000,0.000000,1.000000,0.640000,0.000000,0.000000
1778943002.774431,0,0.000000,1.200000,0.000000,0.000000,0.180000,0.000000,1.000000,124.080000,0.000000,0.000000
1778943002.774996,0,0.000000,1.200000,0.000000,0.000000,0.340000,0.000000,1.000000,113.630000,0.000000,0.000000
1778943002.837463,0,0.000000,1.200000,0.000000,0.000000,0.500000,0.000000,1.000000,49.360000,0.000000,0.000000
1778943002.884859,0,0.000000,1.200000,0.000000,0.000000,0.640000,0.000000,1.000000,2.880000,0.000000,0.000000
1778943002.885387,0,0.000000,1.200000,0.000000,0.000000,0.950000,0.000000,1.000000,2.990000,0.000000,0.000000
1778943002.885784,0,0.000000,1.200000,0.000000,0.000000,0.090000,0.000000,1.000000,2.000000,0.000000,0.000000
1778943002.886172,0,0.000000,1.200000,0.000000,0.000000,0.730000,0.000000,1.000000,1.200000,0.000000,0.000000
1778943002.966634,0,0.000000,1.200000,0.000000,0.000000,0.010000,0.000000,1.000000,1.040000,0.000000,0.000000
1778943003.015881,0,0.000000,1.200000,0.000000,0.000000,0.150000,0.000000,1.000000,0.860000,0.000000,0.000000
1778943003.117623,0,0.000000,1.200000,0.000000,1.260000,0.270000,0.000000,1.000000,0.610000,0.210000,0.250000
1778943003.220243,0,0.000000,1.200000,0.000000,0.000000,0.380000,0.000000,1.000000,0.610000,0.000000,0.000000
1778943003.262479,0,0.000000,1.200000,0.000000,0.000000,0.000000,0.000000,1.000000,146.080000,0.440000,0.000000
1778943003.332465,0,0.000000,1.200000,0.000000,0.000000,0.280000,0.000000,1.000000,148.820000,0.000000,0.000000
1778943003.447325,0,0.000000,1.200000,0.000000,0.000000,0.600000,0.000000,1.000000,132.110000,0.000000,0.000000
1778943003.491428,0,0.000000,1.200000,0.000000,0.000000,0.250000,0.000000,1.000000,1.980000,0.000000,0.000000
1778943003.491947,0,0.000000,1.200000,0.000000,0.000000,0.380000,0.000000,1.000000,40.590000,0.000000,0.000000
1778943003.492358,0,0.000000,1.200000,0.000000,0.000000,0.750000,0.000000,1.000000,150.210000,0.000000,0.370000
1778943003.492743,0,0.000000,1.200000,0.000000,0.000000,0.140000,0.000000,1.000000,124.080000,0.000000,0.000000
1778943003.533852,0,0.000000,1.200000,0.000000,0.000000,0.000000,0.000000,1.000000,2.230000,0.440000,0.110000
1778943003.588175,0,0.000000,1.200000,0.000000,0.000000,0.340000,0.000000,1.000000,2.000000,0.000000,0.000000
1778943003.664042,0,0.000000,1.200000,0.000000,0.000000,0.680000,0.000000,1.000000,1.860000,0.000000,0.000000
1778943003.737692,0,0.000000,1.200000,0.000000,0.000000,1.000000,0.000000,1.000000,1.630000,0.000000,0.000000
1778943003.822759,0,0.000000,1.200000,0.000000,0.000000,1.000000,0.000000,1.000000,1.510000,0.000000,0.000000
1778943003.869219,0,0.000000,1.200000,0.000000,0.000000,1.000000,0.000000,1.000000,1.210000,0.000000,0.000000
1778943003.869746,0,0.000000,1.200000,0.000000,0.000000,1.000000,0.000000,1.000000,1.370000,0.000000,0.000000
1778943003.870175,0,0.000000,1.200000,0.000000,0.000000,1.000000,0.000000,1.000000,1.440000,0.000000,0.000000
1778943003.924339,0,0.000000,1.200000,0.000000,0.000000,0.200000,0.000000,1.000000,1.350000,0.000000,0.000000
1778943003.977614,0,0.000000,1.200000,0.000000,0.000000,1.000000,0.000000,1.000000,0.690000,0.000000,0.000000
1778943004.060970,0,0.000000,1.200000,0.000000,0.000000,1.000000,0.000000,1.000000,0.620000,0.000000,0.000000
1778943004.105618,0,0.000000,1.200000,0.000000,0.000000,1.000000,0.000000,1.000000,0.580000,0.000000,0.000000
1778943004.106143,0,0.000000,1.200000,0.000000,0.000000,1.000000,0.000000,1.000000,0.610000,0.000000,0.000000
1778943004.106550,0,0.000000,1.200000,0.000000,0.000000,1.000000,0.000000,1.000000,0.610000,0.000000,0.000000
1778943004.106938,0,0.000000,1.200000,0.000000,0.000000,1.000000,0.000000,1.000000,0.580000,0.000000,0.000000
1778943004.107793,0,0.000000,1.200000,0.000000,0.000000,1.000000,0.000000,1.000000,0.610000,0.000000,0.000000
1778943004.166026,0,0.000000,1.200000,0.000000,0.000000,1.000000,0.000000,1.000000,0.610000,0.000000,0.000000
1778943004.188235,0,0.000000,1.200000,0.000000,0.000000,1.000000,0.000000,1.000000,0.610000,0.000000,0.000000
1778943004.271596,0,0.000000,1.200000,0.000000,0.000000,1.000000,0.000000,1.000000,0.610000,0.000000,0.000000
1778943004.376754,0,0.000000,1.200000,0.000000,0.000000,1.000000,0.000000,1.000000,0.620000,0.000000,0.000000
1778943004.420633,0,0.000000,1.200000,0.000000,0.000000,0.250000,0.000000,1.000000,0.620000,0.000000,0.000000
1778943004.480187,0,0.000000,1.200000,0.000000,0.000000,0.810000,0.000000,1.000000,0.620000,0.000000,0.000000
1778943004.521162,0,0.000000,1.200000,0.000000,0.000000,1.000000,0.000000,1.000000,1.330000,0.000000,0.000000
1778943004.602828,0,0.000000,1.200000,0.000000,0.000000,1.000000,0.000000,1.000000,1.390000,0.000000,0.000000
1778943004.605069,0,0.000000,1.200000,0.000000,0.000000,1.000000,0.000000,1.000000,0.620000,0.000000,0.000000
1778943004.647594,0,0.000000,1.200000,0.000000,0.000000,1.000000,0.000000,1.000000,0.600000,0.000000,0.000000
1778943004.720567,0,0.000000,1.200000,0.000000,0.000000,1.000000,0.000000,1.000000,0.610000,0.000000,0.000000
1778943004.763192,0,0.000000,1.200000,0.000000,0.000000,1.000000,0.000000,1.000000,0.670000,0.000000,0.000000
1778943004.763683,0,0.000000,1.200000,0.000000,0.000000,1.000000,0.000000,1.000000,0.660000,0.000000,0.000000
1778943004.764086,0,0.000000,1.200000,0.000000,0.000000,1.000000,0.000000,1.000000,0.620000,0.000000,0.000000
1778943004.840088,0,0.000000,1.200000,0.000000,0.000000,1.000000,0.000000,1.000000,0.630000,0.000000,0.000000
1778943004.884080,0,0.000000,1.200000,0.000000,0.000000,1.000000,0.000000,1.000000,0.700000,0.000000,0.000000
1778943004.926184,0,0.000000,1.200000,0.000000,0.000000,1.000000,0.000000,1.000000,0.910000,0.000000,0.000000
1778943004.926714,0,0.000000,1.200000,0.000000,0.000000,1.000000,0.000000,1.000000,1.540000,0.000000,0.000000
1778943005.006889,0,0.000000,1.200000,0.000000,0.000000,0.200000,0.000000,1.000000,2.880000,0.000000,0.110000
1778943005.049571,0,0.000000,1.200000,0.000000,0.000000,1.000000,0.000000,1.000000,4.730000,0.000000,0.000000
1778943005.092801,0,0.000000,1.200000,0.000000,0.000000,1.000000,0.000000,1.000000,4.900000,0.000000,0.000000
1778943005.170572,0,0.000000,1.200000,0.000000,0.000000,0.620000,0.000000,1.000000,4.010000,0.000000,0.000000
1778943005.222685,0,0.000000,1.200000,0.000000,0.000000,1.000000,0.000000,1.000000,3.250000,0.000000,0.000000
1778943005.265781,0,0.000000,1.200000,0.000000,0.000000,1.000000,0.000000,1.000000,3.050000,0.000000,0.000000
1778943005.266628,0,0.000000,1.200000,0.000000,0.000000,1.000000,0.000000,1.000000,3.030000,0.000000,0.000000
1778943005.382044,0,0.000000,1.200000,0.000000,0.000000,1.000000,0.000000,1.000000,3.360000,0.000000,0.000000
1778943005.430640,0,0.000000,1.200000,0.000000,0.000000,1.000000,0.000000,1.000000,5.320000,0.000000,0.000000
1778943005.485807,0,0.000000,1.200000,0.000000,0.000000,1.000000,0.000000,1.000000,4.570000,0.000000,0.000000
1778943005.528284,0,0.000000,1.200000,0.000000,0.000000,1.000000,0.000000,1.000000,4.570000,0.000000,0.000000
1778943005.528997,0,0.000000,1.200000,0.000000,0.000000,1.000000,0.000000,1.000000,4.280000,0.000000,0.000000
1778943005.582839,0,0.000000,1.200000,0.000000,0.000000,1.000000,0.000000,1.000000,4.630000,0.000000,0.000000
1778943005.624543,0,0.000000,1.200000,0.000000,0.000000,1.000000,0.000000,1.000000,4.650000,0.000000,0.000000
1778943005.680168,0,0.000000,1.200000,0.000000,0.000000,0.430000,0.000000,1.000000,4.590000,0.000000,0.000000
1778943005.722742,0,0.000000,1.200000,0.000000,0.000000,0.510000,0.000000,1.000000,4.340000,0.000000,0.000000
1778943005.764901,0,0.000000,1.200000,0.000000,0.000000,1.000000,0.000000,1.000000,4.050000,0.000000,0.000000
1778943005.807113,0,0.000000,1.200000,0.000000,0.000000,1.000000,0.000000,1.000000,3.290000,0.000000,0.000000
1778943005.883798,0,0.000000,1.200000,0.000000,0.000000,1.000000,0.000000,1.000000,3.150000,0.000000,0.110000
1778943005.928476,0,0.000000,1.200000,0.000000,0.000000,0.000000,0.000000,1.000000,3.240000,0.440000,0.000000
1778943005.929009,0,0.000000,1.200000,0.000000,0.000000,0.620000,0.000000,1.000000,3.610000,0.000000,0.000000
1778943005.929399,0,0.000000,1.200000,0.000000,0.000000,1.000000,0.000000,1.000000,3.810000,0.000000,0.000000
1778943005.929770,0,0.000000,1.200000,0.000000,0.000000,0.370000,0.000000,1.000000,4.150000,0.000000,0.000000
1778943006.012109,0,0.000000,1.200000,0.000000,0.000000,1.000000,0.000000,1.000000,3.400000,0.000000,0.000000
1778943006.095473,0,0.000000,1.200000,0.000000,0.000000,0.090000,0.000000,1.000000,3.350000,0.000000,0.000000
1778943006.121870,0,0.000000,1.200000,0.000000,0.000000,0.570000,0.000000,1.000000,3.320000,0.000000,0.000000
1778943006.145535,0,0.000000,1.200000,0.000000,0.000000,1.000000,0.000000,1.000000,3.320000,0.000000,0.000000
1778943006.146026,0,0.000000,1.200000,0.000000,0.000000,1.000000,0.000000,1.000000,3.300000,0.000000,0.000000
1778943006.190147,0,0.000000,1.200000,0.000000,0.000000,1.000000,0.000000,1.000000,3.320000,0.000000,0.000000
1778943006.250461,0,0.000000,1.200000,0.000000,0.000000,1.000000,0.000000,1.000000,3.250000,0.000000,0.000000
1778943006.326117,0,0.000000,1.200000,0.000000,0.000000,1.000000,0.000000,1.000000,3.270000,0.210000,0.000000
1778943006.369501,0,0.000000,1.200000,0.000000,0.000000,1.000000,0.000000,1.000000,3.270000,0.000000,0.000000
1778943006.445132,0,0.000000,1.200000,0.000000,0.000000,0.180000,0.000000,1.000000,3.280000,0.000000,0.000000
1778943006.490657,0,0.000000,1.200000,0.000000,0.000000,1.000000,0.000000,1.000000,3.230000,0.000000,0.000000
1778943006.534400,0,0.000000,1.200000,0.000000,0.000000,1.000000,0.000000,1.000000,3.260000,0.000000,0.000000
1778943006.625741,0,0.000000,1.200000,0.000000,0.000000,1.000000,0.000000,1.000000,3.280000,0.000000,0.000000
1778943006.669256,0,0.000000,1.200000,0.000000,0.000000,0.110000,0.000000,1.000000,3.360000,0.000000,0.000000
1778943006.669800,0,0.000000,1.200000,0.000000,0.000000,1.000000,0.000000,1.000000,3.470000,0.000000,0.000000
1778943006.670193,0,0.000000,1.200000,0.000000,0.000000,1.000000,0.000000,1.000000,3.500000,0.000000,0.000000
1778943006.746197,0,0.000000,1.200000,0.000000,0.000000,1.000000,0.000000,1.000000,3.510000,0.000000,0.000000
1778943006.790210,0,0.000000,1.200000,0.000000,0.000000,1.000000,0.000000,1.000000,3.520000,0.000000,0.000000
1778943006.850477,0,0.000000,1.200000,0.000000,0.000000,1.000000,0.000000,1.000000,3.540000,0.000000,0.000000
1778943006.895331,0,0.000000,1.200000,0.000000,0.000000,1.000000,0.000000,1.000000,3.530000,0.000000,0.370000
1778943006.895857,0,0.000000,1.200000,0.000000,0.000000,1.000000,0.000000,1.000000,3.520000,0.000000,0.000000
1778943006.970853,0,0.000000,1.200000,0.000000,0.000000,0.280000,0.000000,1.000000,3.540000,0.000000,0.000000
1778943006.996162,0,0.000000,1.200000,0.000000,0.000000,1.000000,0.000000,1.000000,3.540000,0.000000,0.000000
1778943007.084906,0,0.000000,1.200000,0.000000,0.000000,1.000000,0.000000,1.000000,3.640000,0.000000,0.000000
1778943007.181874,0,0.000000,1.200000,0.000000,0.000000,1.000000,0.000000,1.000000,3.640000,0.000000,0.000000
1778943007.227562,0,0.000000,1.200000,0.000000,0.000000,0.460000,0.000000,1.000000,3.770000,0.000000,0.000000
1778943007.307180,0,0.000000,1.200000,0.000000,0.000000,1.000000,0.000000,1.000000,3.850000,0.210000,0.000000
1778943007.352466,0,0.000000,1.200000,0.000000,0.000000,1.000000,0.000000,1.000000,4.050000,0.000000,0.000000
1778943007.353030,0,0.000000,1.200000,0.000000,0.000000,1.000000,0.000000,1.000000,3.750000,0.000000,0.000000
1778943007.428670,0,0.000000,1.200000,0.000000,0.000000,1.000000,0.000000,1.000000,3.720000,0.000000,0.000000
1778943007.474554,0,0.000000,1.200000,0.000000,0.000000,1.000000,0.000000,1.000000,3.700000,0.000000,0.000000
1778943007.475103,0,0.000000,1.200000,0.000000,0.000000,1.000000,0.000000,1.000000,3.800000,0.000000,0.000000
1778943007.547635,0,0.000000,1.200000,0.000000,0.000000,1.000000,0.000000,1.000000,3.790000,0.000000,0.000000
1778943007.593762,0,0.000000,1.200000,0.000000,0.000000,1.000000,0.000000,1.000000,3.810000,0.000000,0.000000
1778943007.594297,0,0.000000,1.200000,0.000000,0.000000,1.000000,0.000000,1.000000,3.730000,0.000000,0.000000
1778943007.594702,0,0.000000,1.200000,0.000000,0.000000,1.000000,0.000000,1.000000,3.730000,0.000000,0.000000
1778943007.595124,0,0.000000,1.200000,0.000000,0.000000,1.000000,0.000000,1.000000,3.800000,0.000000,0.000000
1778943007.639876,0,0.000000,1.200000,0.000000,0.000000,0.280000,0.000000,1.000000,3.710000,0.000000,0.000000
1778943007.712520,0,0.000000,1.200000,0.000000,0.000000,0.810000,0.000000,1.000000,3.710000,0.000000,0.000000
1778943007.757170,0,0.000000,1.200000,0.000000,0.000000,1.000000,0.000000,1.000000,3.720000,0.000000,0.110000
1778943007.758391,0,0.000000,1.200000,0.000000,0.000000,1.000000,0.000000,1.000000,3.750000,0.000000,0.000000
1778943007.802373,0,0.000000,1.200000,0.000000,0.000000,1.000000,0.000000,1.000000,3.710000,0.000000,0.000000
1778943007.846435,0,0.000000,1.200000,0.000000,0.000000,1.000000,0.000000,1.000000,3.730000,0.210000,0.000000
1778943007.890843,0,0.000000,1.200000,0.000000,0.000000,1.000000,0.000000,1.000000,3.750000,0.000000,0.000000
1778943007.952810,0,0.000000,1.200000,0.000000,0.000000,1.000000,0.000000,1.000000,3.760000,0.000000,0.000000
1778943007.999950,0,0.000000,1.200000,0.000000,0.000000,0.850000,0.000000,1.000000,3.750000,0.000000,0.000000
1778943008.000498,0,0.000000,1.200000,0.000000,0.000000,1.000000,0.000000,1.000000,3.670000,0.000000,0.000000
1778943008.000903,0,0.000000,1.200000,0.000000,0.000000,1.000000,0.000000,1.000000,3.560000,0.000000,0.000000
1778943008.001296,0,0.000000,1.200000,0.000000,0.000000,1.000000,0.000000,1.000000,3.260000,0.000000,0.000000
1778943008.050214,0,0.000000,1.200000,0.000000,0.000000,1.000000,0.000000,1.000000,3.440000,0.000000,0.000000
1778943008.095413,0,0.000000,1.200000,0.000000,0.000000,1.000000,0.000000,1.000000,3.460000,0.000000,0.000000
1778943008.095919,0,0.000000,1.200000,0.000000,0.000000,1.000000,0.000000,1.000000,3.480000,0.000000,0.000000
1778943008.096310,0,0.000000,1.200000,0.000000,0.000000,1.000000,0.000000,1.000000,3.500000,0.000000,0.000000
1778943008.171151,0,0.000000,1.200000,0.000000,0.000000,0.000000,0.000000,1.000000,3.590000,0.440000,0.000000
1778943008.216821,0,0.000000,1.200000,0.000000,0.000000,1.000000,0.000000,1.000000,3.570000,0.000000,0.000000
1778943008.217350,0,0.000000,1.200000,0.000000,0.000000,1.000000,0.000000,1.000000,3.560000,0.000000,0.000000
1778943008.217744,0,0.000000,1.200000,0.000000,0.000000,1.000000,0.000000,1.000000,3.530000,0.000000,0.000000
1778943008.218119,0,0.000000,1.200000,0.000000,0.000000,1.000000,0.000000,1.000000,3.580000,0.000000,0.000000
1778943008.218488,0,0.000000,1.200000,0.000000,0.000000,0.050000,0.000000,1.000000,3.570000,0.000000,0.000000
1778943008.298958,0,0.000000,1.200000,0.000000,0.000000,0.570000,0.000000,1.000000,3.560000,0.000000,0.000000
1778943008.344220,0,0.000000,1.200000,0.000000,0.000000,1.000000,0.000000,1.000000,3.590000,0.000000,0.000000
1778943008.426618,0,0.000000,1.200000,0.000000,0.000000,1.000000,0.000000,1.000000,3.530000,0.000000,0.000000
1778943008.516255,0,0.000000,1.200000,0.000000,0.000000,0.030000,0.000000,1.000000,3.580000,0.000000,0.110000
1778943008.599552,0,0.000000,1.200000,0.000000,0.000000,0.820000,0.000000,1.000000,3.310000,0.000000,0.000000
1778943008.682241,0,0.000000,1.200000,0.000000,0.000000,0.280000,0.000000,1.000000,3.220000,0.000000,0.110000
1778943008.709619,0,0.000000,1.200000,0.000000,0.000000,1.000000,0.000000,1.000000,3.240000,0.000000,0.000000
1778943008.762065,0,0.000000,1.200000,0.000000,0.000000,1.000000,0.000000,1.000000,3.450000,0.000000,0.000000
1778943008.810494,0,0.000000,1.200000,0.000000,0.000000,0.310000,0.000000,1.000000,3.570000,0.000000,0.000000
1778943008.995525,0,0.000000,1.200000,0.000000,0.000000,1.000000,0.000000,1.000000,3.310000,0.000000,0.000000
1778943009.048527,0,0.000000,1.200000,0.000000,0.000000,1.000000,0.000000,1.000000,3.300000,0.000000,0.000000
1778943009.049138,0,0.000000,1.200000,0.000000,0.000000,1.000000,0.000000,1.000000,3.420000,0.000000,0.000000
1778943009.049651,0,0.000000,1.200000,0.000000,0.000000,0.730000,0.000000,1.000000,3.510000,0.210000,0.000000
1778943009.050173,0,0.000000,1.200000,0.000000,0.000000,0.150000,0.000000,1.000000,3.500000,0.000000,0.000000
1778943009.176328,0,0.000000,1.200000,0.000000,0.000000,1.000000,0.000000,1.000000,3.500000,0.210000,0.000000
1778943009.222701,0,0.000000,1.200000,0.000000,0.000000,1.000000,0.000000,1.000000,3.470000,0.000000,0.000000
1778943009.318513,0,0.000000,1.200000,0.000000,0.000000,1.000000,0.000000,1.000000,3.470000,0.000000,0.110000
1778943009.366507,0,0.000000,1.200000,0.000000,0.000000,1.000000,0.000000,1.000000,3.480000,0.000000,0.000000
1778943009.468762,0,0.000000,1.200000,0.000000,0.000000,1.000000,0.000000,1.000000,3.480000,0.000000,0.000000
1778943009.493997,0,0.000000,1.200000,0.000000,0.000000,0.830000,0.000000,1.000000,3.450000,0.000000,0.000000
1778943009.544113,0,0.000000,1.200000,0.000000,0.000000,1.000000,0.000000,1.000000,3.460000,0.000000,0.000000
1778943009.617893,0,0.000000,1.200000,0.000000,0.000000,1.000000,0.000000,1.000000,3.520000,0.000000,0.000000
1778943009.661329,0,0.000000,1.200000,0.000000,0.000000,0.370000,0.000000,1.000000,3.500000,0.000000,0.000000
1778943009.746815,0,0.000000,1.200000,0.000000,0.000000,0.550000,0.000000,1.000000,3.530000,0.000000,0.000000
1778943009.827932,0,0.000000,1.200000,0.000000,0.000000,0.880000,0.000000,1.000000,3.500000,0.000000,0.000000
1778943009.874587,0,0.000000,1.200000,0.000000,0.000000,1.000000,0.000000,1.000000,3.500000,0.000000,0.000000
1778943009.955763,0,0.000000,1.200000,0.000000,0.000000,0.740000,0.000000,1.000000,3.480000,0.000000,0.000000
1778943010.004467,0,0.000000,1.200000,0.000000,0.000000,0.140000,0.000000,1.000000,3.470000,0.000000,0.000000
1778943010.108137,0,0.000000,1.200000,0.000000,0.000000,1.000000,0.000000,1.000000,3.500000,0.000000,0.000000
1778943010.154230,0,0.000000,1.200000,0.000000,0.000000,1.000000,0.000000,1.000000,3.500000,0.000000,0.110000
1778943010.233284,0,0.000000,1.200000,0.000000,0.000000,1.000000,0.000000,1.000000,3.510000,0.000000,0.000000
1778943010.276625,0,0.000000,1.200000,0.000000,0.000000,1.000000,0.000000,1.000000,3.480000,0.000000,0.000000
1778943010.354424,0,0.000000,1.200000,0.000000,0.000000,1.000000,0.000000,1.000000,3.480000,0.210000,0.000000
1778943010.399170,0,0.000000,1.200000,0.000000,0.000000,0.400000,0.000000,1.000000,3.570000,0.000000,0.000000
1778943010.482682,0,0.000000,1.200000,0.000000,0.000000,1.000000,0.000000,1.000000,3.520000,0.000000,0.110000
1778943010.533072,0,0.000000,1.200000,0.000000,0.000000,1.000000,0.000000,1.000000,3.460000,0.000000,0.000000
1778943010.581870,0,0.000000,1.200000,0.000000,0.000000,1.000000,0.000000,1.000000,3.450000,0.000000,0.000000
1778943010.631956,0,0.000000,1.200000,0.000000,0.000000,1.000000,0.000000,1.000000,3.470000,0.000000,0.000000
1778943010.736887,0,0.000000,1.200000,0.000000,0.000000,1.000000,0.000000,1.000000,3.500000,0.000000,0.000000
1778943010.789587,0,0.000000,1.200000,0.000000,0.000000,1.000000,0.000000,1.000000,3.680000,0.000000,0.000000
1778943010.863820,0,0.000000,1.200000,0.000000,0.000000,0.300000,0.000000,1.000000,3.600000,0.000000,0.000000
1778943010.908051,0,0.000000,1.200000,0.000000,0.000000,1.000000,0.000000,1.000000,3.520000,0.000000,0.000000
1778943010.983517,0,0.000000,1.200000,0.000000,0.000000,1.000000,0.000000,1.000000,3.350000,0.000000,0.000000
1778943011.096769,0,0.000000,1.200000,0.000000,0.000000,1.000000,0.000000,1.000000,3.520000,0.000000,0.000000
1778943011.170363,0,0.000000,1.200000,0.000000,0.000000,1.000000,0.000000,1.000000,3.570000,0.000000,0.000000
1778943011.217435,0,0.000000,1.200000,0.000000,0.000000,1.000000,0.000000,1.000000,3.450000,0.210000,0.000000
1778943011.268209,0,0.000000,1.200000,0.000000,0.000000,1.000000,0.000000,1.000000,3.280000,0.000000,0.000000
1778943011.319341,0,0.000000,1.200000,0.000000,0.000000,1.000000,0.000000,1.000000,3.320000,0.000000,0.000000
1778943011.367545,0,0.000000,1.200000,0.000000,0.000000,1.000000,0.000000,1.000000,3.520000,0.000000,0.370000
1778943011.480719,0,0.000000,1.200000,0.000000,0.000000,1.000000,0.000000,1.000000,3.640000,0.000000,0.000000
1778943011.537567,0,0.000000,1.200000,0.000000,0.000000,1.000000,0.000000,1.000000,3.560000,0.000000,0.000000
1778943011.606284,0,0.000000,1.200000,0.000000,0.000000,1.000000,0.000000,1.000000,3.420000,0.000000,0.000000
1778943011.703644,0,0.000000,1.200000,0.000000,0.000000,1.000000,0.000000,1.000000,3.410000,0.000000,0.000000
1778943011.778636,0,0.000000,1.200000,0.000000,0.000000,1.000000,0.000000,1.000000,3.430000,0.000000,0.000000
1778943011.862484,0,0.000000,1.200000,0.000000,0.000000,1.000000,0.000000,1.000000,3.730000,0.000000,0.000000
1778943011.935664,0,0.000000,1.200000,0.000000,0.000000,1.000000,0.000000,1.000000,3.680000,0.000000,0.000000
1778943011.979182,0,0.000000,1.200000,0.000000,0.000000,1.000000,0.000000,1.000000,3.730000,0.000000,0.000000
1778943012.048245,0,0.000000,1.200000,0.000000,0.000000,1.000000,0.000000,1.000000,3.680000,0.000000,0.000000
1778943012.160518,0,0.000000,1.200000,0.000000,0.000000,1.000000,0.000000,1.000000,3.670000,0.000000,0.000000
1778943012.204253,0,0.000000,1.200000,0.000000,0.000000,1.000000,0.000000,1.000000,3.700000,0.000000,0.000000
1778943012.204862,0,0.000000,1.200000,0.000000,0.000000,1.000000,0.000000,1.000000,3.660000,0.000000,0.000000
1778943012.281626,0,0.000000,1.200000,0.000000,0.000000,0.760000,0.000000,1.000000,3.640000,0.000000,0.000000
1778943012.356064,0,0.000000,1.200000,0.000000,0.000000,1.000000,0.000000,1.000000,3.660000,0.000000,0.000000
1778943012.463208,0,0.000000,1.200000,0.000000,0.000000,1.000000,0.000000,1.000000,3.700000,0.000000,0.000000
1778943012.838114,0,0.000000,1.200000,0.000000,0.000000,1.000000,0.000000,1.000000,3.600000,0.000000,0.110000
1778943012.902604,0,0.000000,1.200000,0.000000,0.000000,1.000000,0.000000,1.000000,3.660000,0.000000,0.000000
1778943012.947054,0,0.000000,1.200000,0.000000,0.000000,1.000000,0.000000,1.000000,3.710000,0.000000,0.110000
1778943013.092195,0,0.000000,1.200000,0.000000,0.000000,1.000000,0.000000,1.000000,3.590000,0.000000,0.000000
1778943013.165759,0,0.000000,1.200000,0.000000,0.000000,1.000000,0.000000,1.000000,3.590000,0.000000,0.000000
1778943013.210843,0,0.000000,1.200000,0.000000,0.000000,1.000000,0.000000,1.000000,3.520000,0.000000,0.000000
1778943013.211486,0,0.000000,1.200000,0.000000,0.000000,1.000000,0.000000,1.000000,3.520000,0.000000,0.000000
1778943013.212419,0,0.000000,1.200000,0.000000,0.000000,1.000000,0.000000,1.000000,3.530000,0.000000,0.000000
1778943013.294025,0,0.000000,1.200000,0.000000,0.000000,1.000000,0.000000,1.000000,3.530000,0.000000,0.000000
1778943013.339431,0,0.000000,1.200000,0.000000,0.000000,0.120000,0.000000,1.000000,3.540000,0.000000,0.000000
1778943013.431984,0,0.000000,1.200000,0.000000,0.000000,1.000000,0.000000,1.000000,3.530000,0.000000,0.000000
1778943013.478893,0,0.000000,1.200000,0.000000,0.000000,1.000000,0.000000,1.000000,3.500000,0.000000,0.000000
1778943013.479531,0,0.000000,1.200000,0.000000,0.000000,1.000000,0.000000,1.000000,3.430000,0.000000,0.000000
1778943013.524769,0,0.000000,1.200000,0.000000,0.000000,1.000000,0.000000,1.000000,3.460000,0.000000,0.000000
1778943013.601379,0,0.000000,1.200000,0.000000,0.000000,1.000000,0.000000,1.000000,3.420000,0.000000,0.000000
1778943013.647837,0,0.000000,1.200000,0.000000,0.000000,1.000000,0.000000,1.000000,3.410000,0.000000,0.000000
1778943013.648496,0,0.000000,1.200000,0.000000,0.000000,1.000000,0.000000,1.000000,3.460000,0.000000,0.000000
1778943013.649014,0,0.000000,1.200000,0.000000,0.000000,1.000000,0.000000,1.000000,3.500000,0.000000,0.000000
1778943013.649831,0,0.000000,1.200000,0.000000,0.000000,1.000000,0.000000,1.000000,3.510000,0.000000,0.000000
1778943013.705585,0,0.000000,1.200000,0.000000,0.000000,0.860000,0.000000,1.000000,3.300000,0.000000,0.000000
1778943013.781716,0,0.000000,1.200000,0.000000,0.000000,1.000000,0.000000,1.000000,3.400000,0.000000,0.000000
1778943013.855984,0,0.000000,1.200000,0.000000,0.000000,1.000000,0.000000,1.000000,3.410000,0.000000,0.000000
1778943013.938792,0,0.000000,1.200000,0.000000,0.000000,1.000000,0.000000,1.000000,3.420000,0.000000,0.000000
1778943014.045143,0,0.000000,1.200000,0.000000,0.000000,1.000000,0.000000,1.000000,3.430000,0.000000,0.000000
1778943014.089964,0,0.000000,1.200000,0.000000,0.000000,1.000000,0.000000,1.000000,3.460000,0.000000,0.000000
1778943014.140904,0,0.000000,1.200000,0.000000,0.000000,1.000000,0.000000,1.000000,3.290000,0.000000,0.000000
1778943014.222954,0,0.000000,1.200000,0.000000,0.000000,0.200000,0.000000,1.000000,3.260000,0.000000,0.000000
1778943014.247004,0,0.000000,1.200000,0.000000,0.000000,1.000000,0.000000,1.000000,3.400000,0.000000,0.250000
1778943014.247645,0,0.000000,1.200000,0.000000,0.000000,1.000000,0.000000,1.000000,3.390000,0.000000,0.000000
1778943014.269514,0,0.000000,1.200000,0.000000,0.000000,0.310000,0.000000,1.000000,3.360000,0.000000,0.110000
1778943014.312622,0,0.000000,1.200000,0.000000,0.000000,1.000000,0.000000,1.000000,3.360000,0.000000,0.000000
1778943014.399458,0,0.000000,1.200000,0.000000,0.000000,0.570000,0.000000,1.000000,3.360000,0.000000,0.000000
1778943014.400912,0,0.000000,1.200000,0.000000,0.000000,1.000000,0.000000,1.000000,3.350000,0.000000,0.000000
1778943014.443281,0,0.000000,1.200000,0.000000,0.000000,1.000000,0.000000,1.000000,3.360000,0.000000,0.000000
1778943014.516339,0,0.000000,1.200000,0.000000,0.000000,1.000000,0.000000,1.000000,3.310000,0.000000,0.000000
1778943014.623076,0,0.000000,1.200000,0.000000,0.000000,1.000000,0.000000,1.000000,3.390000,0.000000,0.000000
1778943014.666750,0,0.000000,1.200000,0.000000,0.000000,1.000000,0.000000,1.000000,3.460000,0.000000,0.000000
1778943014.667410,0,0.000000,1.200000,0.000000,0.000000,1.000000,0.000000,1.000000,3.460000,0.000000,0.000000
1778943014.826181,0,0.000000,1.200000,0.000000,0.000000,1.000000,0.000000,1.000000,3.460000,0.000000,0.000000
1778943014.852481,0,0.000000,1.200000,0.000000,0.000000,1.000000,0.000000,1.000000,3.310000,0.000000,0.000000
1778943014.853104,0,0.000000,1.200000,0.000000,0.000000,0.150000,0.000000,1.000000,3.390000,0.000000,0.000000
1778943014.853675,0,0.000000,1.200000,0.000000,0.000000,0.640000,0.000000,1.000000,3.410000,0.000000,0.000000
1778943014.876527,0,0.000000,1.200000,0.000000,0.000000,1.000000,0.000000,1.000000,3.420000,0.000000,0.000000
1778943014.984308,0,0.000000,1.200000,0.000000,0.000000,1.000000,0.000000,1.000000,3.420000,0.000000,0.000000
1778943014.988528,0,0.000000,1.200000,0.000000,0.000000,1.000000,0.000000,1.000000,3.430000,0.000000,0.000000
1778943015.011912,0,0.000000,1.200000,0.000000,0.000000,1.000000,0.000000,1.000000,3.440000,0.000000,0.000000
1778943015.063516,0,0.000000,1.200000,0.000000,0.000000,1.000000,0.000000,1.000000,3.420000,0.000000,0.000000
1778943015.105993,0,0.000000,1.200000,0.000000,0.000000,1.000000,0.000000,1.000000,3.410000,0.000000,0.000000
1778943015.152972,0,0.000000,1.200000,0.000000,0.000000,0.950000,0.000000,1.000000,3.320000,0.000000,0.000000
1778943015.227849,0,0.000000,1.200000,0.000000,0.000000,1.000000,0.000000,1.000000,3.320000,0.000000,0.000000
1778943015.270954,0,0.000000,1.200000,0.000000,0.000000,1.000000,0.000000,1.000000,3.350000,0.000000,0.000000
1778943015.349319,0,0.000000,1.200000,0.000000,0.000000,1.000000,0.000000,1.000000,3.390000,0.000000,0.000000
1778943015.414778,0,0.000000,1.200000,0.000000,0.000000,1.000000,0.000000,1.000000,3.390000,0.000000,0.000000
1778943015.507895,0,0.000000,1.200000,0.000000,0.000000,0.810000,0.000000,1.000000,3.390000,0.000000,0.000000
1778943015.553403,0,0.000000,1.200000,0.000000,0.000000,1.000000,0.000000,1.000000,3.030000,0.000000,0.000000
1778943015.592429,0,0.000000,1.200000,0.000000,0.000000,1.000000,0.000000,1.000000,2.920000,0.000000,0.000000
1778943015.634392,0,0.000000,1.200000,0.000000,0.000000,1.000000,0.000000,1.000000,2.850000,0.000000,0.000000
1778943015.699804,0,0.000000,1.200000,0.000000,0.000000,0.810000,0.000000,1.000000,3.280000,0.000000,0.000000
1778943015.742324,0,0.000000,1.200000,0.000000,0.000000,1.000000,0.000000,1.000000,3.250000,0.000000,0.000000
1778943015.742971,0,0.000000,1.200000,0.000000,0.000000,1.000000,0.000000,1.000000,2.780000,0.000000,0.000000
1778943015.743491,0,0.000000,1.200000,0.000000,0.000000,0.600000,0.000000,1.000000,2.560000,0.000000,0.000000
1778943015.743997,0,0.000000,1.200000,0.000000,0.000000,1.000000,0.000000,1.000000,2.540000,0.000000,0.000000
1778943015.795087,0,0.000000,1.200000,0.000000,0.000000,1.000000,0.000000,1.000000,2.520000,0.000000,0.000000
1778943015.795725,0,0.000000,1.200000,0.000000,0.000000,1.000000,0.000000,1.000000,2.970000,0.000000,0.000000
1778943015.796339,0,0.000000,1.200000,0.000000,0.000000,0.330000,0.000000,1.000000,3.180000,0.000000,0.000000
1778943015.797216,0,0.000000,1.200000,0.000000,0.000000,0.750000,0.000000,1.000000,3.250000,0.000000,0.000000
1778943015.857975,0,0.000000,1.200000,0.000000,0.000000,1.000000,0.000000,1.000000,3.290000,0.000000,0.000000
1778943015.906443,0,0.000000,1.200000,0.000000,0.000000,1.000000,0.000000,1.000000,3.320000,0.000000,0.000000
1778943015.907097,0,0.000000,1.200000,0.000000,0.000000,1.000000,0.000000,1.000000,3.390000,0.210000,0.000000
1778943015.907614,0,0.000000,1.200000,0.000000,0.000000,0.000000,0.000000,1.000000,3.450000,0.440000,0.000000
1778943015.908167,0,0.000000,1.200000,0.000000,0.000000,0.660000,0.000000,1.000000,3.500000,0.000000,0.000000
1778943015.958216,0,0.000000,1.200000,0.000000,0.000000,1.000000,0.000000,1.000000,3.480000,0.000000,0.000000
1778943016.008471,0,0.000000,1.200000,0.000000,0.000000,1.000000,0.000000,1.000000,3.500000,0.000000,0.000000
1778943016.009151,0,0.000000,1.200000,0.000000,0.000000,1.000000,0.000000,1.000000,3.500000,0.000000,0.000000
1778943016.009704,0,0.000000,1.200000,0.000000,0.000000,1.000000,0.000000,1.000000,3.520000,0.000000,0.000000
1778943016.059983,0,0.000000,1.200000,0.000000,0.000000,0.120000,0.000000,1.000000,3.530000,0.000000,0.000000
1778943016.109826,0,0.000000,1.200000,0.000000,0.000000,0.610000,0.000000,1.000000,3.540000,0.000000,0.000000
1778943016.110501,0,0.000000,1.200000,0.000000,0.000000,1.000000,0.000000,1.000000,3.570000,0.000000,0.000000
1778943016.165506,0,0.000000,1.200000,0.000000,0.000000,0.010000,0.000000,1.000000,3.590000,0.000000,0.000000
1778943016.216183,0,0.000000,1.200000,0.000000,0.000000,0.740000,0.000000,1.000000,3.650000,0.000000,0.000000
1778943016.216830,0,0.000000,1.200000,0.000000,0.000000,1.000000,0.000000,1.000000,3.590000,0.000000,0.000000
1778943016.217372,0,0.000000,1.200000,0.000000,0.000000,1.000000,0.000000,1.000000,3.610000,0.210000,0.000000
1778943016.217900,0,0.000000,1.200000,0.000000,0.000000,0.030000,0.000000,1.000000,3.580000,0.000000,0.000000
1778943016.292854,0,0.000000,1.200000,0.000000,0.000000,0.360000,0.000000,1.000000,3.540000,0.000000,0.000000
1778943016.343032,0,0.000000,1.200000,0.000000,0.000000,0.500000,0.000000,1.000000,3.520000,0.000000,0.000000
1778943016.393408,0,0.000000,1.200000,0.000000,0.000000,0.640000,0.000000,1.000000,3.500000,0.000000,0.000000
1778943016.394115,0,0.000000,1.200000,0.000000,0.000000,0.800000,0.000000,1.000000,3.530000,0.000000,0.000000
1778943016.394650,0,0.000000,1.200000,0.000000,0.000000,1.000000,0.000000,1.000000,3.560000,0.000000,0.110000
1778943016.445642,0,0.000000,1.200000,0.000000,0.000000,1.000000,0.000000,1.000000,3.590000,0.210000,0.000000
1778943016.446275,0,0.000000,1.200000,0.000000,0.000000,1.000000,0.000000,1.000000,3.610000,0.000000,0.000000
1778943016.496408,0,0.000000,1.200000,0.000000,0.000000,1.000000,0.000000,1.000000,3.640000,0.000000,0.000000
1778943016.497063,0,0.000000,1.200000,0.000000,0.000000,1.000000,0.000000,1.000000,3.640000,0.000000,0.000000
1778943016.497693,0,0.000000,1.200000,0.000000,0.000000,1.000000,0.000000,1.000000,3.650000,0.000000,0.000000
1778943016.548037,0,0.000000,1.200000,0.000000,0.000000,1.000000,0.000000,1.000000,3.660000,0.000000,0.000000
1778943016.600251,0,0.000000,1.200000,0.000000,0.000000,1.000000,0.000000,1.000000,3.680000,0.210000,0.000000
1778943016.627441,0,0.000000,1.200000,0.000000,0.000000,1.000000,0.000000,1.000000,3.680000,0.000000,0.000000
1778943016.679575,0,0.000000,1.200000,0.000000,0.000000,0.150000,0.000000,1.000000,3.710000,0.000000,0.000000
1778943016.680266,0,0.000000,1.200000,0.000000,0.000000,0.740000,0.000000,1.000000,3.730000,0.000000,0.110000
1778943016.680799,0,0.000000,1.200000,0.000000,0.000000,0.140000,0.000000,1.000000,3.750000,0.000000,0.000000
1778943016.735420,0,0.000000,1.200000,0.000000,0.000000,0.340000,0.000000,1.000000,3.750000,0.000000,0.000000
1778943016.736058,0,0.000000,1.200000,0.000000,0.000000,0.730000,0.000000,1.000000,3.790000,0.000000,0.000000
1778943016.736566,0,0.000000,1.200000,0.000000,0.000000,0.150000,0.000000,1.000000,3.790000,0.000000,0.000000
1778943016.737062,0,0.000000,1.200000,0.000000,0.000000,0.380000,0.000000,1.000000,3.750000,0.000000,0.250000
1778943016.790249,0,0.000000,1.200000,0.000000,0.000000,0.930000,0.000000,1.000000,3.810000,0.000000,0.000000
1778943016.895583,0,0.000000,1.200000,0.000000,0.000000,0.180000,0.000000,1.000000,3.830000,0.000000,0.000000
1778943016.952174,0,0.000000,1.200000,0.000000,0.000000,0.460000,0.000000,1.000000,3.800000,0.000000,0.000000
1778943017.005144,0,0.000000,1.200000,0.000000,0.000000,0.770000,0.000000,1.000000,3.810000,0.000000,0.000000
1778943017.006436,0,0.000000,1.200000,0.000000,0.000000,1.000000,0.000000,1.000000,3.830000,0.000000,0.000000
1778943017.007074,0,0.000000,1.200000,0.000000,0.000000,0.400000,0.000000,1.000000,3.810000,0.000000,0.370000
1778943017.060853,0,0.000000,1.200000,0.000000,0.000000,1.000000,0.000000,1.000000,3.830000,0.000000,0.000000
1778943017.115021,0,0.000000,1.200000,0.000000,0.000000,0.250000,0.000000,1.000000,3.840000,0.000000,0.000000
1778943017.115689,0,0.000000,1.200000,0.000000,0.000000,0.460000,0.000000,1.000000,3.860000,0.000000,0.110000
1778943017.116409,0,0.000000,1.200000,0.000000,0.000000,0.630000,0.000000,1.000000,3.980000,0.000000,0.000000
1778943017.177742,0,0.000000,1.200000,0.000000,0.000000,1.000000,0.000000,1.000000,4.380000,0.000000,0.000000
1778943017.223504,0,0.000000,1.200000,0.000000,0.000000,1.000000,0.000000,1.000000,4.440000,0.000000,0.000000
1778943017.224135,0,0.000000,1.200000,0.000000,0.000000,1.000000,0.000000,1.000000,4.500000,0.000000,0.000000
1778943017.224644,0,0.000000,1.200000,0.000000,0.000000,1.000000,0.000000,1.000000,4.460000,0.000000,0.000000
1778943017.225165,0,0.000000,1.200000,0.000000,0.000000,1.000000,0.000000,1.000000,4.530000,0.000000,0.000000
1778943017.274862,0,0.000000,1.200000,0.000000,0.000000,0.280000,0.000000,1.000000,4.440000,0.000000,0.000000
1778943017.318360,0,0.000000,1.200000,0.000000,0.000000,0.410000,0.000000,1.000000,4.480000,0.000000,0.000000
1778943017.318996,0,0.000000,1.200000,0.000000,0.000000,0.540000,0.000000,1.000000,4.420000,0.000000,0.000000
1778943017.319577,0,0.000000,1.200000,0.000000,0.000000,0.660000,0.000000,1.000000,4.380000,0.000000,0.000000
1778943017.320127,0,0.000000,1.200000,0.000000,0.000000,0.920000,0.000000,1.000000,4.360000,0.000000,0.000000
1778943017.365191,0,0.000000,1.200000,0.000000,0.000000,1.000000,0.000000,1.000000,4.360000,0.000000,0.000000
1778943017.365846,0,0.000000,1.200000,0.000000,0.000000,1.000000,0.000000,1.000000,4.420000,0.000000,0.000000
1778943017.366415,0,0.000000,1.200000,0.000000,0.000000,1.000000,0.000000,1.000000,4.400000,0.000000,0.000000
1778943017.411859,0,0.000000,1.200000,0.000000,0.000000,1.000000,0.000000,1.000000,4.340000,0.000000,0.000000
1778943017.457274,0,0.000000,1.550000,0.000000,0.000000,0.010000,0.000000,1.000000,4.380000,0.440000,0.000000
1778943017.457932,0,0.000000,0.000000,0.000000,0.000000,0.120000,0.000000,1.000000,4.340000,0.000000,0.000000
1778943017.458453,0,0.000000,0.000000,0.000000,0.000000,0.030000,0.000000,1.000000,4.440000,0.000000,0.000000
1778943017.503345,0,0.000000,0.000000,0.000000,0.000000,0.360000,0.000000,1.000000,4.130000,0.000000,0.110000
1778943017.548295,0,0.000000,0.000000,0.000000,0.000000,0.570000,0.000000,1.000000,4.090000,0.000000,0.000000
1778943017.592540,0,0.000000,0.000000,0.000000,0.000000,0.770000,0.000000,1.000000,3.940000,0.000000,0.000000
1778943017.593181,0,0.000000,0.000000,0.000000,0.000000,0.980000,0.000000,1.000000,3.830000,0.000000,0.000000
1778943017.593722,0,0.000000,0.000000,0.000000,0.000000,0.570000,0.000000,1.000000,3.750000,0.000000,0.000000
1778943017.594283,0,0.000000,0.000000,0.000000,0.000000,1.000000,0.000000,1.000000,3.760000,0.000000,0.000000
1778943017.638725,0,0.000000,1.370000,0.000000,0.000000,0.500000,0.000000,1.000000,3.750000,0.210000,0.000000
1778943017.639374,0,0.000000,0.000000,0.000000,0.000000,0.020000,0.000000,1.000000,3.730000,0.000000,0.000000
1778943017.639964,0,0.000000,0.000000,0.000000,0.000000,0.250000,0.000000,1.000000,3.750000,0.000000,0.000000
1778943017.710747,0,0.000000,1.370000,0.000000,0.000000,0.500000,0.000000,1.000000,3.760000,0.210000,0.000000
1778943017.735184,0,0.000000,0.000000,0.000000,0.000000,0.750000,0.000000,1.000000,3.750000,0.000000,0.000000
1778943017.759211,0,0.000000,0.000000,0.000000,0.000000,0.980000,0.000000,1.000000,3.750000,0.000000,0.000000
1778943017.759847,0,0.000000,0.000000,0.000000,0.000000,1.000000,0.000000,1.000000,3.760000,0.000000,0.110000
1778943017.805030,0,0.000000,0.000000,0.000000,0.000000,1.000000,0.000000,1.000000,3.800000,0.000000,0.000000
1778943017.850336,0,0.000000,0.000000,0.000000,0.000000,1.000000,0.000000,1.000000,3.800000,0.000000,0.000000
1778943017.851212,0,0.000000,0.000000,0.000000,0.000000,1.000000,0.000000,1.000000,3.800000,0.000000,0.000000
1778943017.874994,0,0.000000,0.000000,0.000000,0.000000,1.000000,0.000000,1.000000,3.810000,0.000000,0.000000
1778943017.920771,0,0.000000,0.000000,0.000000,0.000000,1.000000,0.000000,1.000000,3.800000,0.000000,0.000000
1778943017.921608,0,0.000000,0.000000,0.000000,0.000000,1.000000,0.000000,1.000000,3.770000,0.000000,0.000000
1778943017.967769,0,0.000000,0.000000,0.000000,0.000000,1.000000,0.000000,1.000000,3.790000,0.000000,0.000000
1778943017.968427,0,0.000000,0.000000,0.000000,0.000000,1.000000,0.000000,1.000000,3.770000,0.000000,0.000000
1778943017.968953,0,0.000000,0.000000,0.000000,0.000000,1.000000,0.000000,1.000000,3.790000,0.000000,0.000000
1778943017.969490,0,0.000000,0.000000,0.000000,0.000000,1.000000,0.000000,1.000000,3.770000,0.000000,0.110000
1778943018.014518,0,0.000000,0.000000,0.000000,0.000000,0.200000,0.000000,1.000000,3.800000,0.000000,0.000000
1778943018.059284,0,0.000000,0.000000,0.000000,0.000000,0.440000,0.000000,1.000000,3.830000,0.000000,0.000000
1778943018.059943,0,0.000000,0.000000,0.000000,0.000000,0.680000,0.000000,1.000000,3.900000,0.000000,0.000000
1778943018.104457,0,0.000000,0.000000,0.000000,0.000000,0.890000,0.000000,1.000000,3.950000,0.000000,0.000000
1778943018.149771,0,0.000000,0.000000,0.000000,0.000000,1.000000,0.000000,1.000000,3.970000,0.000000,0.000000
1778943018.150429,0,0.000000,0.000000,0.000000,0.000000,1.000000,0.000000,1.000000,3.980000,0.000000,0.000000
1778943018.198076,0,0.000000,0.000000,0.000000,0.000000,1.000000,0.000000,1.000000,3.970000,0.000000,0.000000
1778943018.199075,0,0.000000,0.000000,0.000000,0.000000,1.000000,0.000000,1.000000,3.980000,0.000000,0.000000
1778943018.242943,0,0.000000,0.000000,0.000000,0.000000,1.000000,0.000000,1.000000,3.850000,0.000000,0.000000
1778943018.244213,0,0.000000,0.000000,0.000000,0.000000,1.000000,0.000000,1.000000,3.810000,0.000000,0.000000
1778943018.490052,0,0.000000,0.000000,0.000000,0.000000,1.000000,0.000000,1.000000,3.800000,0.000000,0.000000
1778943018.539875,0,0.000000,0.000000,0.000000,0.000000,0.250000,0.000000,1.000000,3.800000,0.000000,0.000000
1778943018.540519,0,0.000000,0.000000,0.000000,0.000000,0.500000,0.000000,1.000000,3.770000,0.000000,0.000000
1778943018.587828,0,0.000000,0.000000,0.000000,0.000000,0.700000,0.000000,1.000000,3.810000,0.000000,0.000000
1778943018.610940,0,0.000000,0.000000,0.000000,0.000000,0.970000,0.000000,1.000000,4.010000,0.000000,0.000000
1778943018.654209,0,0.000000,0.440000,0.000000,0.000000,0.000000,0.000000,1.000000,4.150000,0.210000,0.000000
1778943018.654891,0,0.000000,0.000000,0.000000,0.000000,0.250000,0.000000,1.000000,4.130000,0.000000,0.000000
1778943018.655505,0,0.000000,0.000000,0.000000,0.000000,0.720000,0.000000,1.000000,4.010000,0.000000,0.000000
1778943018.656038,0,0.000000,0.000000,0.000000,0.000000,1.000000,0.000000,1.000000,4.010000,0.000000,0.000000
1778943018.699150,0,0.000000,0.000000,0.000000,0.000000,1.000000,0.000000,1.000000,4.030000,0.000000,0.000000
1778943018.699805,0,0.000000,0.000000,0.000000,0.000000,1.000000,0.000000,1.000000,4.050000,0.000000,0.000000
1778943018.743035,0,0.000000,0.000000,0.000000,0.000000,1.000000,0.000000,1.000000,4.070000,0.000000,0.000000
1778943018.743687,0,0.000000,0.000000,0.000000,0.000000,1.000000,0.000000,1.000000,4.090000,0.000000,0.000000
1778943018.744206,0,0.000000,0.000000,0.000000,0.000000,1.000000,0.000000,1.000000,4.170000,0.000000,0.000000
1778943018.744710,0,0.000000,0.000000,0.000000,0.000000,0.090000,0.000000,1.000000,4.210000,0.000000,0.000000
1778943018.787647,0,0.000000,0.000000,0.000000,0.000000,0.310000,0.000000,1.000000,4.230000,0.000000,0.000000
1778943018.829782,0,0.000000,0.000000,0.000000,0.000000,0.550000,0.000000,1.000000,4.250000,0.000000,0.000000
1778943018.913648,0,0.000000,0.000000,0.000000,0.000000,0.800000,0.000000,1.000000,4.230000,0.000000,0.000000
1778943018.936964,0,0.000000,0.000000,0.000000,0.000000,1.000000,0.000000,1.000000,4.260000,0.000000,0.000000
1778943018.937592,0,0.000000,0.000000,0.000000,0.000000,1.000000,0.000000,1.000000,4.230000,0.000000,0.000000
1778943018.938165,0,0.000000,0.000000,0.000000,0.000000,0.090000,0.000000,1.000000,4.190000,0.000000,0.000000
1778943018.979515,0,0.000000,0.000000,0.000000,0.000000,0.980000,0.000000,1.000000,4.110000,0.000000,0.000000
1778943018.980168,0,0.000000,0.000000,0.000000,0.000000,1.000000,0.000000,1.000000,4.050000,0.000000,0.000000
1778943018.980695,0,0.000000,0.000000,0.000000,0.000000,1.000000,0.000000,1.000000,4.050000,0.000000,0.000000
1778943018.981239,0,0.000000,0.000000,0.000000,0.000000,1.000000,0.000000,1.000000,4.070000,0.000000,0.000000
1778943019.022467,0,0.000000,0.000000,0.000000,0.000000,1.000000,0.000000,1.000000,4.090000,0.000000,0.000000
1778943019.067660,0,0.000000,0.000000,0.000000,0.000000,1.000000,0.000000,1.000000,4.090000,0.000000,0.000000
1778943019.089683,0,0.000000,0.000000,0.000000,0.000000,1.000000,0.000000,1.000000,4.090000,0.000000,0.000000
1778943019.154584,0,0.000000,0.000000,0.000000,0.000000,1.000000,0.000000,1.000000,4.090000,0.000000,0.000000
1778943019.175751,0,0.000000,0.000000,0.000000,0.000000,1.000000,0.000000,1.000000,4.150000,0.000000,0.000000
1778943019.176377,0,0.000000,0.000000,0.000000,0.000000,0.050000,0.000000,1.000000,4.300000,0.000000,0.000000
1778943019.176919,0,0.000000,0.000000,0.000000,0.000000,0.340000,0.000000,1.000000,4.260000,0.000000,0.000000
1778943019.177474,0,0.000000,0.000000,0.000000,0.000000,0.930000,0.000000,1.000000,4.300000,0.000000,0.000000
1778943019.218572,0,0.000000,0.000000,0.000000,0.000000,1.000000,0.000000,1.000000,4.230000,0.000000,0.110000
1778943019.219306,0,0.000000,0.000000,0.000000,0.000000,1.000000,0.000000,1.000000,4.170000,0.000000,0.000000
1778943019.219933,0,0.000000,0.000000,0.000000,0.000000,1.000000,0.000000,1.000000,4.150000,0.000000,0.000000
1778943019.220529,0,0.000000,0.000000,0.000000,0.000000,1.000000,0.000000,1.000000,4.150000,0.000000,0.000000
1778943019.260058,0,0.000000,1.370000,0.000000,0.000000,1.000000,0.000000,1.000000,4.150000,0.210000,0.000000
1778943019.260788,0,0.000000,0.000000,0.000000,0.000000,1.000000,0.000000,1.000000,4.150000,0.000000,0.000000
1778943019.261393,0,0.000000,1.550000,0.000000,0.000000,0.000000,0.000000,1.000000,4.130000,0.440000,0.000000
1778943019.262003,0,0.000000,0.000000,0.000000,0.000000,0.150000,0.000000,1.000000,4.130000,0.000000,0.000000
1778943019.332098,0,0.000000,0.000000,0.000000,0.000000,0.310000,0.000000,1.000000,4.110000,0.000000,0.000000
1778943019.354481,0,0.000000,0.000000,0.000000,0.000000,0.470000,0.000000,1.000000,4.150000,0.000000,0.000000
1778943019.374552,0,0.000000,0.000000,0.000000,0.000000,0.630000,0.000000,1.000000,4.150000,0.000000,0.000000
1778943019.375291,0,0.000000,0.000000,0.000000,0.000000,0.810000,0.000000,1.000000,4.150000,0.000000,0.000000
1778943019.375827,0,0.000000,0.000000,0.000000,0.000000,0.150000,0.000000,1.000000,4.190000,0.000000,0.000000
1778943019.415740,0,0.000000,1.370000,0.000000,0.000000,0.340000,0.000000,1.000000,4.150000,0.210000,0.000000
1778943019.416374,0,0.000000,0.000000,0.000000,0.000000,0.510000,0.000000,1.000000,4.150000,0.000000,0.000000
1778943019.472400,0,0.000000,0.000000,0.000000,0.000000,0.670000,0.000000,1.000000,4.170000,0.000000,0.000000
1778943019.541358,0,0.000000,0.000000,0.000000,0.000000,0.850000,0.000000,1.000000,4.190000,0.000000,0.000000
1778943019.562928,0,0.000000,0.000000,0.000000,0.000000,1.000000,0.000000,1.000000,4.190000,0.000000,0.000000
1778943019.601781,0,0.000000,0.000000,0.000000,0.000000,1.000000,0.000000,1.000000,4.170000,0.000000,0.000000
1778943019.639857,0,0.000000,0.000000,0.000000,0.000000,0.010000,0.000000,1.000000,4.150000,0.000000,0.000000
1778943019.640492,0,0.000000,0.000000,0.000000,0.000000,0.330000,0.000000,1.000000,4.150000,0.000000,0.000000
1778943019.641058,0,0.000000,0.000000,0.000000,0.000000,0.570000,0.000000,1.000000,4.130000,0.000000,0.000000
1778943019.721067,0,0.000000,0.000000,0.000000,0.000000,1.000000,0.000000,1.000000,4.190000,0.000000,0.000000
1778943019.760025,0,0.000000,1.550000,0.000000,0.000000,0.000000,0.000000,1.000000,4.150000,0.440000,0.000000
1778943019.760676,0,0.000000,0.000000,0.000000,0.000000,0.340000,0.000000,1.000000,4.150000,0.000000,0.250000
1778943019.818107,0,0.000000,1.370000,0.000000,0.000000,0.660000,0.000000,1.000000,4.170000,0.210000,0.000000
1778943019.855626,0,0.000000,1.370000,0.000000,0.000000,1.000000,0.000000,1.000000,4.170000,0.210000,0.000000
1778943019.856284,0,0.000000,0.000000,0.000000,0.000000,1.000000,0.000000,1.000000,4.170000,0.000000,0.000000
1778943019.856838,0,0.000000,0.000000,0.000000,0.000000,1.000000,0.000000,1.000000,4.170000,0.000000,0.000000
1778943019.857434,0,0.000000,0.000000,0.000000,0.000000,1.000000,0.000000,1.000000,4.170000,0.000000,0.000000
1778943019.900112,0,0.000000,1.370000,0.000000,0.000000,0.340000,0.000000,1.000000,4.190000,0.210000,0.000000
1778943019.937053,0,0.000000,0.000000,0.000000,0.000000,0.700000,0.000000,1.000000,4.170000,0.000000,0.000000
1778943019.937692,0,0.000000,0.000000,0.000000,0.000000,1.000000,0.000000,1.000000,4.150000,0.000000,0.000000
1778943019.990484,0,0.000000,0.000000,0.000000,0.000000,0.100000,0.000000,1.000000,4.190000,0.000000,0.000000
1778943020.027797,0,0.000000,0.000000,0.000000,0.000000,0.360000,0.000000,1.000000,4.170000,0.000000,0.110000
1778943020.072898,0,0.000000,0.000000,0.000000,0.000000,0.640000,0.000000,1.000000,4.170000,0.000000,0.000000
1778943020.110919,0,0.000000,0.000000,0.000000,0.000000,0.930000,0.000000,1.000000,4.170000,0.000000,0.000000
1778943020.188556,0,0.000000,0.000000,0.000000,0.000000,0.760000,0.000000,1.000000,4.190000,0.000000,0.000000
1778943020.229027,0,0.000000,0.000000,0.000000,0.000000,1.000000,0.000000,1.000000,4.150000,0.000000,0.000000
1778943020.229693,0,0.000000,0.000000,0.000000,0.000000,0.360000,0.000000,1.000000,4.170000,0.000000,0.000000
1778943020.230213,0,0.000000,0.000000,0.000000,0.000000,0.870000,0.000000,1.000000,4.190000,0.000000,0.000000
1778943020.230732,0,0.000000,0.000000,0.000000,0.000000,0.020000,0.000000,1.000000,4.170000,0.000000,0.110000
1778943020.231266,0,0.000000,0.000000,0.000000,0.000000,0.820000,0.000000,1.000000,4.150000,0.000000,0.000000
1778943020.269089,0,0.000000,0.000000,0.000000,0.000000,0.020000,0.000000,1.000000,4.150000,0.000000,0.000000
1778943020.306379,0,0.000000,0.000000,0.000000,0.000000,0.230000,0.000000,1.000000,4.150000,0.000000,0.000000
1778943020.365555,0,0.000000,0.000000,0.000000,0.000000,0.430000,0.000000,1.000000,4.150000,0.000000,0.000000
1778943020.402448,0,0.000000,1.550000,0.000000,0.000000,0.000000,0.000000,1.000000,4.130000,0.440000,0.000000
1778943020.439493,0,0.000000,0.000000,0.000000,0.000000,0.200000,0.000000,1.000000,4.150000,0.000000,0.000000
1778943020.476498,0,0.000000,0.000000,0.000000,0.000000,0.400000,0.000000,1.000000,4.150000,0.000000,0.000000
1778943020.477134,0,0.000000,1.370000,0.000000,0.000000,1.000000,0.000000,1.000000,4.150000,0.210000,0.000000
1778943020.477653,0,0.000000,0.000000,0.000000,0.000000,1.000000,0.000000,1.000000,4.170000,0.000000,0.000000
1778943020.556838,0,0.000000,0.000000,0.000000,0.000000,1.000000,0.000000,1.000000,4.230000,0.000000,0.000000
1778943020.596220,0,0.000000,0.000000,0.000000,0.000000,1.000000,0.000000,1.000000,4.360000,0.000000,0.000000
1778943020.657559,0,0.000000,1.550000,0.000000,0.000000,0.000000,0.000000,1.000000,4.340000,0.440000,0.000000
1778943020.718398,0,0.000000,0.000000,0.000000,0.000000,0.250000,0.000000,1.000000,4.300000,0.000000,0.000000
1778943020.754726,0,0.000000,0.000000,0.000000,0.000000,0.770000,0.000000,1.000000,4.250000,0.000000,0.000000
1778943020.823802,0,0.000000,0.000000,0.000000,0.000000,1.000000,0.000000,1.000000,4.260000,0.000000,0.000000
1778943020.891763,0,0.000000,0.000000,0.000000,0.000000,1.000000,0.000000,1.000000,4.150000,0.000000,0.000000
1778943020.913196,0,0.000000,0.000000,0.000000,0.000000,0.930000,0.000000,1.000000,4.170000,0.000000,0.000000
1778943020.981503,0,0.000000,0.000000,0.000000,0.000000,1.000000,0.000000,1.000000,4.210000,0.000000,0.000000
1778943021.020362,0,0.000000,0.000000,0.000000,0.000000,0.570000,0.000000,1.000000,4.650000,0.000000,0.000000
1778943021.020976,0,0.000000,0.000000,0.000000,0.000000,0.030000,0.000000,1.000000,4.300000,0.000000,0.000000
1778943021.063854,0,0.000000,0.000000,0.000000,0.000000,0.280000,0.000000,1.000000,4.110000,0.000000,0.000000
1778943021.123206,0,0.000000,0.000000,0.000000,0.000000,0.630000,0.000000,1.000000,2.980000,0.000000,0.000000
1778943021.161057,0,0.000000,0.000000,0.000000,0.000000,0.100000,0.000000,1.000000,2.540000,0.000000,0.000000
1778943021.161682,0,0.000000,0.000000,0.000000,0.000000,0.360000,0.000000,1.000000,2.520000,0.000000,0.000000
1778943021.162197,0,0.000000,0.000000,0.000000,0.000000,0.920000,0.000000,1.000000,2.230000,0.000000,0.000000
1778943021.162701,0,0.000000,0.000000,0.000000,0.000000,1.000000,0.000000,1.000000,2.080000,0.000000,0.000000
1778943021.236204,0,0.000000,0.000000,0.000000,0.000000,0.010000,0.000000,1.000000,1.540000,0.000000,0.000000
1778943021.313529,0,0.000000,0.000000,0.000000,0.000000,0.020000,0.000000,1.000000,1.500000,0.000000,0.000000
1778943021.334639,0,0.000000,0.000000,0.000000,0.000000,0.310000,0.000000,1.000000,1.390000,0.000000,0.110000
1778943021.425161,0,0.000000,0.000000,0.000000,0.000000,0.560000,0.000000,1.000000,1.250000,0.000000,0.000000
1778943021.465626,0,0.000000,0.000000,0.000000,0.000000,1.000000,0.000000,1.000000,0.560000,0.000000,0.000000
1778943021.560297,0,0.000000,0.000000,0.000000,0.000000,1.000000,0.000000,1.000000,0.520000,0.000000,0.000000
1778943021.666054,0,0.000000,0.000000,0.000000,0.000000,0.050000,0.000000,1.000000,0.000000,0.000000,0.000000
1778943021.709731,0,0.000000,0.000000,0.000000,0.000000,0.340000,0.000000,1.000000,0.000000,0.000000,0.000000
1778943021.775383,0,0.000000,0.000000,0.000000,0.280000,1.000000,0.000000,1.000000,0.000000,0.000000,0.000000
1778943021.817472,0,0.000000,0.000000,0.000000,0.400000,0.150000,0.000000,1.000000,0.000000,0.000000,0.000000
1778943021.905754,0,0.000000,0.000000,0.000000,0.810000,1.000000,0.000000,0.170000,0.000000,0.000000,0.000000
1778943021.951817,0,0.000000,0.000000,0.000000,1.190000,1.000000,0.000000,0.340000,0.000000,0.000000,0.000000
1778943021.952474,0,0.000000,0.000000,0.000000,1.200000,1.000000,0.000000,0.400000,0.000000,0.000000,0.000000
1778943022.065387,0,0.000000,0.000000,0.000000,1.200000,0.360000,0.000000,0.000000,0.000000,0.000000,0.370000
1778943022.067587,0,0.000000,0.000000,0.000000,1.200000,0.510000,0.000000,0.100000,0.000000,0.000000,0.000000
1778943022.090163,0,0.000000,0.000000,0.000000,1.200000,0.310000,0.000000,0.790000,0.000000,0.000000,0.000000
1778943022.165974,0,0.000000,0.000000,0.000000,1.200000,0.400000,0.000000,0.930000,0.000000,0.000000,0.000000
1778943022.258578,0,0.000000,0.000000,0.000000,1.200000,0.570000,0.000000,0.090000,0.000000,0.000000,0.000000
1778943022.302674,0,0.000000,0.000000,0.000000,1.200000,1.000000,0.000000,1.000000,0.000000,0.000000,0.000000
1778943022.303310,0,0.000000,0.000000,0.000000,1.200000,1.000000,0.000000,1.000000,0.000000,0.000000,0.000000
1778943022.303891,0,0.000000,0.000000,0.000000,1.200000,1.000000,0.000000,1.000000,0.000000,0.000000,0.000000
1778943022.304513,0,0.000000,0.000000,0.000000,1.200000,0.010000,0.000000,0.410000,0.000000,0.000000,0.000000
1778943022.305289,0,0.000000,1.370000,0.000000,1.200000,0.370000,0.000000,1.000000,0.000000,0.000000,0.000000
1778943022.408904,0,0.000000,0.000000,0.000000,1.200000,0.430000,0.000000,1.000000,0.000000,0.000000,0.000000
1778943022.410969,0,0.000000,0.000000,0.000000,1.200000,0.500000,0.000000,1.000000,0.000000,0.000000,0.110000
1778943022.443994,0,0.000000,0.000000,0.000000,0.000000,0.560000,0.000000,0.070000,2.750000,0.000000,0.000000
1778943022.445095,0,0.000000,0.000000,0.000000,0.000000,0.630000,0.000000,0.150000,3.730000,0.000000,0.000000
1778943022.489815,0,0.000000,0.000000,0.000000,0.000000,0.850000,0.000000,0.470000,3.310000,0.000000,0.000000
1778943022.490521,0,0.000000,0.000000,0.000000,0.000000,1.000000,0.000000,0.770000,0.000000,0.000000,0.000000
1778943022.555726,0,0.000000,0.000000,0.000000,0.000000,1.000000,0.000000,0.870000,0.000000,0.000000,0.000000
1778943022.579178,0,0.000000,0.000000,0.000000,0.000000,1.000000,0.000000,0.980000,0.000000,0.000000,0.000000
1778943022.579846,0,0.000000,0.000000,0.000000,0.000000,1.000000,0.000000,0.030000,0.000000,0.000000,0.000000
1778943022.601729,0,0.000000,0.000000,0.000000,0.000000,1.000000,0.000000,0.120000,0.000000,0.000000,0.000000
1778943022.614222,0,0.000000,0.000000,0.000000,0.000000,0.120000,0.000000,0.200000,3.010000,0.000000,0.000000
1778943022.658505,0,0.000000,0.000000,0.000000,0.000000,0.310000,0.000000,0.600000,3.450000,0.000000,0.000000
1778943022.659133,0,0.000000,0.000000,0.000000,0.000000,0.370000,0.000000,0.720000,2.880000,0.000000,0.000000
1778943022.736427,0,0.000000,0.000000,0.000000,0.000000,0.430000,0.000000,0.850000,1.500000,0.000000,0.000000
1778943022.802650,0,0.000000,0.000000,0.000000,0.000000,0.010000,0.000000,0.980000,0.250000,0.000000,0.000000
1778943022.844564,0,0.000000,0.000000,0.000000,0.000000,0.150000,0.000000,1.000000,0.000000,0.000000,0.000000
1778943022.886534,0,0.000000,0.000000,0.000000,0.000000,0.200000,0.000000,0.000000,0.000000,0.000000,0.000000
1778943022.985849,0,0.000000,0.000000,0.000000,0.000000,0.460000,0.000000,0.510000,0.000000,0.000000,0.000000
1778943022.987663,0,0.000000,0.000000,0.000000,0.000000,0.570000,0.000000,0.760000,0.000000,0.000000,0.000000
1778943023.012362,0,0.000000,0.000000,0.000000,0.050000,0.150000,0.000000,1.000000,0.000000,0.000000,0.000000
1778943023.035656,0,0.000000,0.000000,0.000000,0.100000,0.280000,0.000000,1.000000,0.000000,0.000000,0.000000
1778943023.036273,0,0.000000,0.000000,0.000000,0.150000,0.280000,0.000000,1.000000,0.000000,0.000000,0.000000
1778943023.036782,0,0.000000,0.000000,0.000000,0.270000,1.000000,0.000000,1.000000,0.000000,0.000000,0.000000
1778943023.060153,0,0.000000,0.000000,0.000000,0.280000,1.000000,0.000000,1.000000,0.000000,0.000000,0.000000
1778943023.134362,0,0.000000,0.000000,0.000000,0.300000,1.000000,0.000000,1.000000,0.000000,0.000000,0.000000
1778943023.238651,0,0.000000,0.000000,0.000000,0.310000,0.000000,0.000000,1.000000,0.000000,0.000000,0.000000
1778943023.284547,0,0.000000,0.000000,0.000000,0.340000,0.110000,0.000000,1.000000,0.000000,0.000000,0.000000
1778943023.285194,0,0.000000,0.000000,0.000000,0.370000,0.210000,0.000000,1.000000,0.000000,0.000000,0.000000
1778943023.285721,0,0.000000,0.000000,0.000000,0.410000,0.100000,0.000000,1.000000,0.000000,0.000000,0.000000
1778943023.350111,0,0.000000,1.370000,0.000000,0.440000,0.400000,0.000000,1.000000,0.000000,0.210000,0.000000
1778943023.372482,0,0.000000,0.000000,0.000000,0.610000,0.620000,0.000000,1.000000,0.000000,0.000000,0.000000
1778943023.373206,0,0.000000,0.000000,0.000000,0.620000,0.760000,0.000000,1.000000,0.000000,0.000000,0.000000
1778943023.448218,0,0.000000,0.000000,0.000000,0.640000,0.910000,0.000000,1.000000,0.000000,0.000000,0.000000
1778943023.515691,0,0.000000,0.000000,0.000000,0.700000,0.150000,0.000000,1.000000,0.000000,0.000000,0.000000
1778943023.557799,0,0.000000,0.000000,0.000000,0.730000,0.310000,0.000000,1.000000,0.000000,0.000000,0.000000
1778943023.628782,0,0.000000,0.000000,0.000000,0.750000,0.460000,0.000000,1.000000,0.000000,0.000000,0.000000
1778943023.653070,0,0.000000,0.000000,0.000000,0.820000,0.170000,0.000000,1.000000,0.000000,0.000000,0.000000
1778943023.653718,0,0.000000,0.000000,0.000000,0.870000,0.620000,0.000000,1.000000,0.000000,0.000000,0.000000
1778943023.654243,0,0.000000,0.000000,0.000000,0.950000,1.000000,0.000000,1.000000,0.000000,0.000000,0.110000
1778943023.677983,0,0.000000,0.000000,0.000000,0.990000,1.000000,0.000000,1.000000,0.000000,0.000000,0.000000
1778943023.678665,0,0.000000,0.000000,0.000000,1.070000,1.000000,0.000000,1.000000,0.000000,0.000000,0.000000
1778943023.702489,0,0.000000,0.000000,0.000000,1.100000,1.000000,0.000000,1.000000,0.000000,0.000000,0.250000
1778943023.744935,0,0.000000,0.000000,0.000000,1.110000,1.000000,0.000000,1.000000,0.000000,0.000000,0.000000
1778943023.816112,0,0.000000,0.000000,0.000000,1.130000,1.000000,0.000000,1.000000,0.000000,0.000000,0.000000
1778943023.859184,0,0.000000,0.000000,0.000000,1.140000,1.000000,0.000000,1.000000,0.000000,0.000000,0.000000
1778943023.859815,0,0.000000,0.000000,0.000000,1.160000,1.000000,0.000000,1.000000,0.000000,0.000000,0.000000
1778943023.860378,0,0.000000,0.000000,0.000000,1.190000,1.000000,0.000000,1.000000,0.000000,0.000000,0.000000
1778943023.860910,0,0.000000,0.000000,0.000000,1.200000,1.000000,0.000000,1.000000,0.000000,0.000000,0.000000
1778943023.946224,0,0.000000,0.000000,0.000000,1.200000,0.370000,0.000000,1.000000,0.000000,0.000000,0.000000
1778943023.948510,0,0.000000,0.000000,0.000000,1.200000,0.510000,0.000000,0.050000,0.000000,0.000000,0.000000
1778943023.949495,0,0.000000,0.000000,0.000000,1.200000,0.670000,0.000000,0.170000,0.000000,0.000000,0.000000
1778943023.973064,0,0.000000,0.000000,0.000000,1.200000,0.810000,0.000000,0.300000,0.000000,0.000000,0.000000
1778943023.995524,0,0.000000,0.000000,0.000000,1.200000,0.180000,0.000000,0.440000,0.000000,0.000000,0.000000
1778943024.071750,0,0.000000,0.000000,0.000000,1.200000,0.310000,0.000000,0.620000,0.000000,0.000000,0.000000
1778943024.145594,0,0.000000,0.000000,0.000000,1.200000,0.470000,0.000000,0.810000,0.000000,0.000000,0.000000
1778943024.190047,0,0.000000,0.000000,0.000000,1.200000,0.630000,0.000000,1.000000,0.000000,0.000000,0.110000
1778943024.259511,0,0.000000,1.550000,0.000000,1.200000,0.000000,0.000000,1.000000,0.000000,0.440000,0.000000
1778943024.284911,0,0.000000,0.000000,0.000000,1.200000,0.700000,0.000000,1.000000,0.000000,0.000000,0.000000
1778943024.309686,0,0.000000,0.000000,0.000000,1.200000,0.430000,0.000000,1.000000,0.000000,0.000000,0.000000
1778943024.310388,0,0.000000,0.000000,0.000000,1.200000,0.500000,0.000000,1.000000,0.000000,0.000000,0.250000
1778943024.310979,0,0.000000,0.000000,0.000000,1.200000,0.600000,0.000000,1.000000,0.000000,0.000000,0.000000
1778943024.311503,0,0.000000,0.000000,0.000000,1.200000,1.000000,0.000000,1.000000,0.000000,0.000000,0.000000
1778943024.354434,0,0.000000,0.000000,0.000000,1.200000,0.090000,0.000000,1.000000,0.000000,0.000000,0.000000
1778943024.400028,0,0.000000,0.000000,0.000000,1.200000,0.400000,0.000000,1.000000,0.000000,0.000000,0.000000
1778943024.443536,0,0.000000,1.370000,0.000000,1.200000,0.670000,0.000000,1.000000,0.000000,0.210000,0.000000
1778943024.444211,0,0.000000,0.000000,0.000000,1.200000,0.950000,0.000000,0.020000,0.000000,0.000000,0.000000
1778943024.488234,0,0.000000,0.000000,0.000000,1.200000,1.000000,0.000000,0.200000,0.000000,0.000000,0.000000
1778943024.488951,0,0.000000,0.000000,0.000000,1.200000,0.330000,0.000000,0.770000,0.000000,0.000000,0.000000
1778943024.558327,0,0.000000,0.000000,0.000000,1.200000,0.550000,0.000000,0.970000,0.000000,0.000000,0.000000
1778943024.601388,0,0.000000,0.000000,0.000000,1.200000,0.750000,0.000000,1.000000,0.000000,0.000000,0.000000
1778943024.644650,0,0.000000,0.000000,0.000000,1.200000,1.000000,0.000000,0.000000,0.000000,0.000000,0.000000
1778943024.693017,0,0.000000,0.000000,0.000000,1.200000,1.000000,0.000000,0.150000,0.000000,0.000000,0.250000
1778943024.736189,0,0.000000,0.000000,0.000000,1.200000,1.000000,0.000000,0.540000,0.000000,0.000000,0.000000
1778943024.769958,0,0.000000,0.000000,0.000000,1.200000,0.200000,0.000000,0.340000,0.000000,0.000000,0.000000
1778943024.813622,0,0.000000,1.370000,0.000000,1.200000,0.620000,0.000000,0.670000,0.000000,0.210000,0.000000
1778943024.814290,0,0.000000,0.000000,0.000000,1.200000,1.000000,0.000000,1.000000,0.000000,0.000000,0.000000
1778943024.814866,0,0.000000,0.000000,0.000000,1.200000,0.370000,0.000000,1.000000,0.000000,0.000000,0.000000
1778943024.913183,0,0.000000,0.000000,0.000000,1.200000,0.120000,0.000000,1.000000,0.000000,0.000000,0.000000
1778943024.985739,0,0.000000,0.000000,0.000000,1.200000,0.100000,0.000000,1.000000,0.000000,0.000000,0.250000
1778943025.029795,0,0.000000,0.000000,0.000000,1.200000,0.600000,0.000000,1.000000,0.000000,0.000000,0.000000
1778943025.075836,0,0.000000,0.000000,0.000000,1.200000,0.810000,0.000000,1.000000,0.000000,0.000000,0.000000
1778943025.121903,0,0.000000,0.000000,0.000000,1.200000,1.000000,0.000000,1.000000,0.000000,0.000000,0.000000
1778943025.167094,0,0.000000,0.000000,0.000000,1.200000,1.000000,0.000000,1.000000,0.000000,0.000000,0.000000
1778943025.248946,0,0.000000,0.000000,0.000000,1.200000,1.000000,0.000000,1.000000,0.000000,0.000000,0.000000
1778943025.294806,0,0.000000,0.000000,0.000000,1.200000,0.030000,0.000000,1.000000,0.000000,0.000000,0.000000
1778943025.338853,0,0.000000,0.000000,0.000000,1.200000,0.660000,0.000000,1.000000,0.000000,0.000000,0.000000
1778943025.383364,0,0.000000,1.550000,0.000000,1.200000,0.000000,0.000000,1.000000,0.000000,0.440000,0.000000
1778943025.428072,0,0.000000,0.000000,0.000000,1.200000,0.230000,0.000000,1.000000,0.000000,0.000000,0.000000
1778943025.428777,0,0.000000,0.000000,0.000000,1.200000,0.440000,0.000000,1.000000,0.000000,0.000000,0.000000
1778943025.472296,0,0.000000,1.550000,0.000000,1.200000,0.000000,0.000000,1.000000,0.000000,0.440000,0.000000
1778943025.515924,0,0.000000,0.000000,0.000000,1.200000,1.000000,0.000000,1.000000,0.000000,0.000000,0.000000
1778943025.602701,0,0.000000,0.000000,0.000000,1.200000,1.000000,0.000000,1.000000,0.000000,0.000000,0.000000
1778943025.649414,0,0.000000,0.000000,0.000000,1.200000,1.000000,0.000000,1.000000,0.000000,0.000000,0.000000
1778943025.698008,0,0.000000,1.370000,0.000000,1.200000,1.000000,0.000000,1.000000,0.000000,0.210000,0.110000
1778943025.743011,0,0.000000,0.000000,0.000000,1.200000,1.000000,0.000000,1.000000,0.000000,0.000000,0.000000
1778943025.743688,0,0.000000,0.000000,0.000000,1.200000,1.000000,0.000000,1.000000,0.000000,0.000000,0.000000
1778943025.811292,0,0.000000,0.000000,0.000000,1.200000,0.600000,0.000000,1.000000,0.000000,0.000000,0.000000
1778943025.896200,0,0.000000,0.000000,0.000000,1.200000,0.410000,0.000000,1.000000,0.000000,0.000000,0.000000
1778943025.944620,0,0.000000,0.000000,0.000000,1.200000,0.910000,0.000000,1.000000,0.000000,0.000000,0.000000
1778943025.988202,0,0.000000,0.000000,0.000000,1.200000,1.000000,0.000000,1.000000,0.000000,0.000000,0.000000
1778943026.033132,0,0.000000,0.000000,0.000000,1.200000,1.000000,0.000000,1.000000,0.000000,0.000000,0.000000
1778943026.056545,0,0.000000,0.000000,0.000000,1.200000,1.000000,0.000000,1.000000,0.000000,0.000000,0.000000
1778943026.102777,0,0.000000,0.000000,0.000000,1.200000,1.000000,0.000000,1.000000,0.000000,0.000000,0.000000
1778943026.178331,0,0.000000,0.000000,0.000000,1.200000,1.000000,0.000000,1.000000,0.000000,0.000000,0.000000
1778943026.224214,0,0.000000,0.000000,0.000000,1.200000,1.000000,0.000000,1.000000,0.000000,0.000000,0.000000
1778943026.268998,0,0.000000,0.000000,0.000000,1.200000,0.310000,0.000000,0.100000,0.000000,0.000000,0.000000
1778943026.269654,0,0.000000,1.370000,0.000000,1.200000,0.560000,0.000000,0.430000,0.000000,0.210000,0.000000
1778943026.313386,0,0.000000,0.000000,0.000000,1.200000,1.000000,0.000000,0.930000,0.000000,0.000000,0.000000
1778943026.366059,0,0.000000,0.000000,0.000000,1.200000,1.000000,0.000000,1.000000,0.000000,0.000000,0.000000
1778943026.410984,0,0.000000,0.000000,0.000000,1.200000,1.000000,0.000000,1.000000,0.000000,0.000000,0.000000
1778943026.462815,0,0.000000,0.000000,0.000000,1.200000,0.800000,0.000000,1.000000,0.000000,0.000000,0.000000
1778943026.507161,0,0.000000,0.000000,0.000000,1.200000,1.000000,0.000000,1.000000,0.000000,0.000000,0.000000
1778943026.551679,0,0.000000,0.000000,0.000000,1.200000,1.000000,0.000000,1.000000,0.000000,0.000000,0.000000
1778943026.595788,0,0.000000,0.000000,0.000000,1.200000,0.180000,0.000000,1.000000,0.000000,0.000000,0.000000
1778943026.666288,0,0.000000,0.000000,0.000000,1.200000,1.000000,0.000000,1.000000,0.000000,0.000000,0.000000
1778943026.718505,0,0.000000,0.000000,0.000000,1.200000,1.000000,0.000000,1.000000,0.000000,0.000000,0.000000
1778943026.764833,0,0.000000,0.000000,0.000000,1.200000,1.000000,0.000000,1.000000,0.000000,0.000000,0.000000
1778943026.810508,0,0.000000,0.000000,0.000000,1.200000,1.000000,0.000000,0.170000,0.000000,0.000000,0.000000
1778943026.811150,0,0.000000,0.000000,0.000000,1.200000,0.510000,0.000000,0.690000,0.000000,0.000000,0.000000
1778943026.811668,0,0.000000,0.000000,0.000000,1.200000,1.000000,0.000000,0.050000,0.000000,0.000000,0.000000
1778943026.812189,0,0.000000,0.000000,0.000000,1.200000,1.000000,0.000000,0.030000,0.000000,0.000000,0.000000
1778943026.860769,0,0.000000,0.000000,0.000000,1.200000,1.000000,0.000000,0.370000,0.000000,0.000000,0.000000
1778943026.905199,0,0.000000,0.000000,0.000000,1.200000,1.000000,0.000000,0.720000,0.000000,0.000000,0.000000
1778943026.982301,0,0.000000,0.000000,0.000000,1.200000,1.000000,0.000000,0.870000,0.000000,0.000000,0.000000
1778943027.008203,0,0.000000,0.000000,0.000000,1.200000,1.000000,0.000000,1.000000,0.000000,0.000000,0.000000
1778943027.008828,0,0.000000,1.550000,0.000000,1.200000,0.000000,0.000000,1.000000,0.000000,0.440000,0.000000
1778943027.032528,0,0.000000,0.000000,0.000000,1.200000,1.000000,0.000000,1.000000,0.000000,0.000000,0.000000
1778943027.033145,0,0.000000,0.000000,0.000000,1.200000,1.000000,0.000000,1.000000,0.000000,0.000000,0.000000
1778943027.033656,0,0.000000,0.000000,0.000000,1.200000,1.000000,0.000000,1.000000,0.000000,0.000000,0.000000
1778943027.078134,0,0.000000,0.000000,0.000000,1.200000,1.000000,0.000000,1.000000,0.000000,0.000000,0.000000
1778943027.154828,0,0.000000,0.000000,0.000000,1.200000,1.000000,0.000000,1.000000,0.000000,0.000000,0.000000
1778943027.179897,0,0.000000,0.000000,0.000000,1.200000,0.330000,0.000000,1.000000,0.000000,0.000000,0.000000
1778943027.203993,0,0.000000,0.000000,0.000000,1.200000,1.000000,0.000000,1.000000,0.000000,0.000000,0.000000
1778943027.204639,0,0.000000,0.000000,0.000000,1.200000,1.000000,0.000000,1.000000,0.000000,0.000000,0.000000
1778943027.205167,0,0.000000,0.000000,0.000000,1.200000,1.000000,0.000000,0.360000,0.000000,0.000000,0.000000
1778943027.249907,0,0.000000,0.000000,0.000000,1.200000,1.000000,0.000000,0.690000,0.000000,0.000000,0.000000
1778943027.250581,0,0.000000,0.000000,0.000000,1.200000,0.720000,0.000000,0.870000,0.000000,0.000000,0.000000
1778943027.251132,0,0.000000,0.000000,0.000000,1.200000,1.000000,0.000000,1.000000,0.000000,0.000000,0.000000
1778943027.305928,0,0.000000,0.000000,0.000000,0.000000,1.000000,0.000000,0.100000,95.810000,0.000000,0.110000
1778943027.355976,0,0.000000,0.000000,0.000000,0.000000,1.000000,0.000000,0.250000,130.920000,0.000000,0.110000
1778943027.356606,0,0.000000,0.000000,0.000000,0.000000,1.000000,0.000000,0.400000,126.310000,0.000000,0.000000
1778943027.357193,0,0.000000,0.000000,0.000000,0.000000,1.000000,0.000000,0.560000,113.630000,0.000000,0.000000
1778943027.357745,0,0.000000,0.000000,0.000000,0.000000,1.000000,0.000000,0.870000,2.250000,0.000000,0.000000
1778943027.358283,0,0.000000,0.000000,0.000000,0.000000,1.000000,0.000000,1.000000,0.000000,0.000000,0.000000
1778943027.358832,0,0.000000,0.000000,0.000000,0.000000,1.000000,0.000000,1.000000,0.000000,0.000000,0.000000
1778943027.414010,0,0.000000,0.000000,0.000000,0.000000,1.000000,0.000000,1.000000,0.000000,0.000000,0.000000
1778943027.414662,0,0.000000,0.000000,0.000000,0.000000,1.000000,0.000000,1.000000,0.000000,0.000000,0.000000
1778943027.415268,0,0.000000,0.000000,0.000000,0.000000,0.810000,0.000000,1.000000,0.000000,0.000000,0.000000
1778943027.415895,0,0.000000,0.000000,0.000000,0.000000,1.000000,0.000000,1.000000,0.000000,0.000000,0.000000
1778943027.468379,0,0.000000,0.000000,0.000000,0.000000,1.000000,0.000000,1.000000,0.000000,0.000000,0.000000
1778943027.469048,0,0.000000,0.000000,0.000000,0.000000,1.000000,0.000000,1.000000,0.000000,0.000000,0.000000
1778943027.521184,0,0.000000,1.370000,0.000000,0.000000,1.000000,0.000000,1.000000,0.000000,0.210000,0.000000
1778943027.522070,0,0.000000,0.000000,0.000000,0.000000,1.000000,0.000000,1.000000,0.000000,0.000000,0.000000
1778943027.522640,0,0.000000,1.370000,0.000000,0.000000,1.000000,0.000000,1.000000,0.000000,0.210000,0.000000
1778943027.523152,0,0.000000,0.000000,0.000000,0.000000,1.000000,0.000000,1.000000,0.000000,0.000000,0.000000
1778943027.554035,0,0.000000,1.370000,0.000000,0.000000,1.000000,0.000000,1.000000,0.000000,0.210000,0.000000
1778943027.584335,0,0.000000,0.000000,0.000000,0.000000,0.090000,0.000000,1.000000,0.000000,0.000000,0.000000
1778943027.741356,0,0.000000,0.000000,0.000000,0.000000,0.810000,0.000000,1.000000,0.000000,0.000000,0.000000
1778943027.797124,0,0.000000,0.000000,0.000000,0.000000,1.000000,0.000000,1.000000,0.000000,0.000000,0.000000
1778943027.849814,0,0.000000,0.000000,0.000000,0.000000,1.000000,0.000000,1.000000,0.000000,0.000000,0.000000
1778943027.902872,0,0.000000,0.000000,0.000000,0.000000,1.000000,0.000000,1.000000,0.000000,0.000000,0.000000
1778943027.993581,0,0.000000,0.000000,0.000000,0.000000,1.000000,0.000000,1.000000,0.000000,0.000000,0.000000
1778943027.994183,0,0.000000,0.000000,0.000000,0.000000,1.000000,0.000000,0.310000,0.000000,0.000000,0.000000
1778943028.075976,0,0.000000,0.000000,0.000000,0.000000,0.700000,0.000000,0.620000,0.000000,0.000000,0.000000
1778943028.130576,0,0.000000,0.000000,0.000000,0.000000,1.000000,0.000000,1.000000,0.000000,0.000000,0.000000
1778943028.131248,0,0.000000,0.000000,0.000000,0.000000,1.000000,0.000000,1.000000,0.000000,0.000000,0.000000
1778943028.142187,0,0.000000,0.000000,0.000000,0.000000,1.000000,0.000000,0.400000,79.410000,0.000000,0.000000
1778943028.198493,0,0.000000,0.000000,0.000000,0.000000,0.140000,0.000000,0.640000,66.330000,0.000000,0.000000
1778943028.199115,0,0.000000,0.000000,0.000000,0.000000,1.000000,0.000000,1.000000,0.000000,0.000000,0.000000
1778943028.199636,0,0.000000,0.000000,0.000000,0.000000,1.000000,0.000000,1.000000,0.000000,0.000000,0.000000
1778943028.200173,0,0.000000,0.000000,0.000000,0.000000,1.000000,0.000000,1.000000,0.000000,0.000000,0.000000
1778943028.254481,0,0.000000,0.000000,0.000000,0.000000,1.000000,0.000000,1.000000,0.000000,0.000000,0.000000
1778943028.308114,0,0.000000,0.000000,0.000000,0.000000,1.000000,0.000000,1.000000,0.000000,0.000000,0.000000
1778943028.308755,0,0.000000,0.000000,0.000000,0.000000,1.000000,0.000000,1.000000,0.000000,0.000000,0.000000
1778943028.309270,0,0.000000,0.000000,0.000000,0.000000,1.000000,0.000000,1.000000,0.000000,0.000000,0.000000
1778943028.309766,0,0.000000,0.000000,0.000000,0.000000,1.000000,0.000000,1.000000,0.000000,0.000000,0.000000
1778943028.310344,0,0.000000,0.000000,0.000000,0.000000,1.000000,0.000000,1.000000,0.000000,0.000000,0.000000
1778943028.311118,0,0.000000,0.000000,0.000000,0.000000,1.000000,0.000000,1.000000,0.000000,0.000000,0.000000
1778943028.363471,0,0.000000,0.000000,0.000000,0.000000,0.050000,0.000000,1.000000,0.000000,0.000000,0.000000
1778943028.443215,0,0.000000,1.550000,0.000000,0.000000,0.000000,0.000000,1.000000,0.000000,0.440000,0.000000
1778943028.471167,0,0.000000,0.000000,0.000000,0.000000,1.000000,0.000000,1.000000,0.000000,0.000000,0.000000
1778943028.471837,0,0.000000,0.000000,0.000000,0.000000,1.000000,0.000000,0.090000,0.000000,0.000000,0.000000
1778943028.472424,0,0.000000,0.000000,0.000000,1.290000,1.000000,0.000000,0.050000,0.000000,0.000000,0.000000
1778943028.499168,0,0.000000,0.000000,0.000000,0.000000,0.150000,0.000000,0.440000,0.000000,0.000000,0.000000
1778943028.550143,0,0.000000,0.000000,0.000000,0.000000,1.000000,0.000000,0.730000,0.000000,0.000000,0.000000
1778943028.601524,0,0.000000,1.370000,0.000000,0.000000,1.000000,0.000000,0.870000,0.000000,0.210000,0.000000
1778943028.653733,0,0.000000,0.000000,0.000000,0.000000,1.000000,0.000000,1.000000,0.000000,0.000000,0.000000
1778943028.654491,0,0.000000,0.000000,0.000000,0.000000,1.000000,0.000000,1.000000,0.000000,0.000000,0.000000
1778943028.655038,0,0.000000,0.000000,0.000000,0.000000,1.000000,0.000000,1.000000,0.000000,0.000000,0.000000
1778943028.706414,0,0.000000,0.000000,0.000000,0.000000,1.000000,0.000000,1.000000,0.000000,0.000000,0.000000
1778943028.719188,0,0.000000,0.000000,0.000000,0.000000,1.000000,0.000000,0.340000,12.310000,0.000000,0.000000
1778943028.783282,0,0.000000,0.000000,0.000000,0.000000,1.000000,0.000000,0.550000,18.850000,0.000000,0.000000
1778943028.862064,0,0.000000,0.000000,0.000000,0.000000,1.000000,0.000000,0.640000,30.600000,0.000000,0.000000
1778943028.862715,0,0.000000,0.000000,0.000000,0.000000,1.000000,0.000000,0.750000,52.650000,0.000000,0.000000
1778943028.863265,0,0.000000,0.000000,0.000000,0.000000,1.000000,0.000000,0.850000,78.760000,0.000000,0.000000
1778943028.863841,0,0.000000,1.370000,0.000000,0.000000,1.000000,0.000000,1.000000,1.460000,0.000000,0.000000
1778943028.864408,0,0.000000,0.000000,0.000000,0.000000,1.000000,0.000000,1.000000,0.000000,0.000000,0.000000
1778943028.864944,0,0.000000,0.000000,0.000000,0.000000,1.000000,0.000000,1.000000,0.000000,0.000000,0.000000
1778943028.916050,0,0.000000,0.000000,0.000000,0.000000,1.000000,0.000000,1.000000,0.000000,0.000000,0.000000
1778943028.967161,0,0.000000,0.000000,0.000000,0.000000,1.000000,0.000000,1.000000,0.000000,0.000000,0.000000
1778943028.967815,0,0.000000,0.000000,0.000000,0.000000,1.000000,0.000000,1.000000,0.000000,0.000000,0.000000
1778943028.968356,0,0.000000,0.000000,0.000000,0.000000,1.000000,0.000000,1.000000,0.000000,0.000000,0.000000
1778943028.968885,0,0.000000,0.000000,0.000000,0.000000,1.000000,0.000000,1.000000,0.000000,0.000000,0.000000
1778943028.969474,0,0.000000,0.000000,0.000000,0.000000,0.140000,0.000000,1.000000,0.000000,0.000000,0.000000
1778943029.020539,0,0.000000,0.000000,0.000000,0.000000,0.120000,0.000000,1.000000,0.000000,0.000000,0.000000
1778943029.021173,0,0.000000,0.000000,0.000000,0.000000,1.000000,0.000000,1.000000,0.000000,0.000000,0.000000
1778943029.021683,0,0.000000,0.000000,0.000000,0.000000,1.000000,0.000000,1.000000,0.000000,0.000000,0.000000
1778943029.087640,0,0.000000,0.000000,0.000000,0.000000,1.000000,0.000000,1.000000,0.000000,0.000000,0.000000
1778943029.138359,0,0.000000,0.000000,0.000000,0.000000,1.000000,0.000000,1.000000,0.000000,0.000000,0.000000
1778943029.138991,0,0.000000,0.000000,0.000000,0.000000,1.000000,0.000000,1.000000,0.000000,0.000000,0.000000
1778943029.139505,0,0.000000,0.000000,0.000000,0.000000,1.000000,0.000000,1.000000,0.000000,0.000000,0.000000
1778943029.140003,0,0.000000,0.000000,0.000000,1.290000,1.000000,0.000000,1.000000,0.000000,0.000000,0.110000
1778943029.190870,0,0.000000,0.000000,0.000000,0.000000,1.000000,0.000000,1.000000,0.000000,0.000000,0.000000
1778943029.191492,0,0.000000,0.000000,0.000000,0.000000,1.000000,0.000000,1.000000,0.000000,0.000000,0.000000
1778943029.192048,0,0.000000,0.000000,0.000000,0.000000,1.000000,0.000000,1.000000,0.000000,0.000000,0.000000
1778943029.192998,0,0.000000,0.000000,0.000000,0.000000,1.000000,0.000000,1.000000,0.000000,0.000000,0.000000
1778943029.219806,0,0.000000,0.000000,0.000000,0.000000,1.000000,0.000000,1.000000,0.000000,0.000000,0.000000
1778943029.220467,0,0.000000,0.000000,0.000000,0.000000,1.000000,0.000000,1.000000,0.000000,0.000000,0.000000
1778943029.246721,0,0.000000,0.000000,0.000000,1.290000,1.000000,0.000000,1.000000,0.000000,0.000000,0.110000
1778943029.273797,0,0.000000,0.000000,0.000000,0.000000,1.000000,0.000000,1.000000,0.000000,0.000000,0.000000
1778943029.324930,0,0.000000,0.000000,0.000000,0.000000,1.000000,0.000000,1.000000,0.000000,0.000000,0.000000
1778943029.325657,0,0.000000,0.000000,0.000000,0.000000,1.000000,0.000000,1.000000,0.000000,0.000000,0.000000
1778943029.326168,0,0.000000,0.000000,0.000000,0.000000,1.000000,0.000000,1.000000,0.000000,0.000000,0.000000
1778943029.337395,0,0.000000,0.000000,0.000000,0.000000,1.000000,0.000000,0.030000,75.700000,0.000000,0.000000
1778943029.400219,0,0.000000,0.000000,0.000000,0.000000,1.000000,0.000000,0.140000,130.920000,0.000000,0.000000
1778943029.400873,0,0.000000,0.000000,0.000000,0.000000,1.000000,0.000000,0.230000,142.100000,0.000000,0.000000
1778943029.401442,0,0.000000,0.000000,0.000000,0.000000,0.050000,0.000000,0.340000,144.740000,0.000000,0.000000
1778943029.401997,0,0.000000,0.000000,0.000000,0.000000,1.000000,0.000000,0.440000,150.210000,0.000000,0.000000
1778943029.403033,0,0.000000,0.000000,0.000000,0.000000,1.000000,0.000000,0.550000,150.210000,0.000000,0.000000
1778943029.433741,0,0.000000,0.000000,0.000000,0.000000,1.000000,0.000000,0.640000,147.440000,0.000000,0.000000
1778943029.461455,0,0.000000,0.000000,0.000000,0.000000,1.000000,0.000000,0.750000,139.520000,0.000000,0.000000
1778943029.462122,0,0.000000,0.000000,0.000000,0.000000,1.000000,0.000000,0.850000,114.630000,0.000000,0.000000
1778943029.462640,0,0.000000,0.000000,0.000000,0.000000,1.000000,0.000000,0.950000,11.960000,0.000000,0.000000
1778943029.517855,0,0.000000,0.000000,0.000000,0.000000,1.000000,0.000000,1.000000,0.180000,0.000000,0.000000
1778943029.518500,0,0.000000,0.000000,0.000000,0.000000,1.000000,0.000000,1.000000,0.000000,0.000000,0.000000
1778943029.519012,0,0.000000,0.000000,0.000000,0.000000,1.000000,0.000000,1.000000,0.000000,0.000000,0.000000
1778943029.572306,0,0.000000,0.000000,0.000000,0.000000,1.000000,0.000000,1.000000,0.000000,0.000000,0.000000
1778943029.572963,0,0.000000,0.000000,0.000000,0.000000,1.000000,0.000000,1.000000,0.000000,0.000000,0.000000
1778943029.573474,0,0.000000,0.000000,0.000000,0.000000,1.000000,0.000000,1.000000,0.000000,0.000000,0.000000
1778943029.574013,0,0.000000,0.000000,0.000000,0.000000,1.000000,0.000000,1.000000,0.000000,0.000000,0.000000
1778943029.601968,0,0.000000,0.000000,0.000000,0.000000,1.000000,0.000000,1.000000,0.000000,0.000000,0.000000
1778943029.629495,0,0.000000,0.000000,0.000000,0.000000,1.000000,0.000000,1.000000,0.000000,0.000000,0.000000
1778943029.630144,0,0.000000,0.000000,0.000000,0.000000,1.000000,0.000000,1.000000,0.000000,0.000000,0.000000
1778943029.687993,0,0.000000,0.000000,0.000000,0.000000,1.000000,0.000000,1.000000,0.000000,0.000000,0.000000
1778943029.741628,0,0.000000,0.000000,0.000000,0.000000,1.000000,0.000000,1.000000,0.000000,0.000000,0.000000
1778943029.742351,0,0.000000,0.000000,0.000000,0.000000,1.000000,0.000000,1.000000,0.000000,0.000000,0.000000
1778943029.796069,0,0.000000,0.000000,0.000000,0.000000,0.460000,0.000000,1.000000,0.000000,0.000000,0.000000
1778943029.796695,0,0.000000,0.000000,0.000000,0.000000,1.000000,0.000000,1.000000,0.000000,0.000000,0.000000
1778943029.797230,0,0.000000,0.000000,0.000000,0.000000,1.000000,0.000000,1.000000,0.000000,0.000000,0.000000
1778943029.850094,0,0.000000,0.000000,0.000000,1.290000,1.000000,0.000000,1.000000,0.000000,0.000000,0.000000
1778943029.850744,0,0.000000,0.000000,0.000000,0.000000,1.000000,0.000000,1.000000,0.000000,0.000000,0.000000
1778943029.851262,0,0.000000,0.000000,0.000000,0.000000,1.000000,0.000000,0.150000,0.000000,0.000000,0.000000
1778943029.879295,0,0.000000,0.000000,0.000000,0.000000,1.000000,0.000000,0.250000,0.000000,0.000000,0.000000
1778943029.908443,0,0.000000,0.000000,0.000000,0.000000,1.000000,0.000000,0.360000,0.000000,0.000000,0.000000
1778943029.936858,0,0.000000,0.000000,0.000000,0.000000,1.000000,0.000000,0.460000,0.000000,0.000000,0.000000
1778943029.937540,0,0.000000,0.000000,0.000000,0.000000,1.000000,0.000000,0.560000,0.000000,0.000000,0.000000
1778943029.938080,0,0.000000,0.000000,0.000000,0.000000,1.000000,0.000000,0.640000,0.000000,0.000000,0.000000
1778943029.965468,0,0.000000,0.000000,0.000000,0.000000,1.000000,0.000000,0.750000,0.000000,0.000000,0.000000
1778943030.018800,0,0.000000,0.000000,0.000000,0.000000,1.000000,0.000000,0.850000,0.000000,0.000000,0.000000
1778943030.074452,0,0.000000,0.000000,0.000000,0.000000,1.000000,0.000000,0.940000,0.000000,0.000000,0.000000
1778943030.075083,0,0.000000,0.000000,0.000000,0.000000,1.000000,0.000000,1.000000,0.000000,0.000000,0.000000
1778943030.075592,0,0.000000,0.000000,0.000000,1.290000,1.000000,0.000000,1.000000,0.000000,0.000000,0.110000
1778943030.076086,0,0.000000,0.000000,0.000000,0.000000,1.000000,0.000000,1.000000,0.000000,0.000000,0.000000
1778943030.076680,0,0.000000,0.000000,0.000000,0.000000,1.000000,0.000000,1.000000,0.000000,0.000000,0.000000
1778943030.077250,0,0.000000,0.000000,0.000000,0.000000,1.000000,0.000000,1.000000,0.000000,0.000000,0.000000
1778943030.130814,0,0.000000,0.000000,0.000000,0.000000,0.050000,0.000000,1.000000,0.000000,0.000000,0.000000
1778943030.131449,0,0.000000,0.000000,0.000000,0.000000,1.000000,0.000000,1.000000,0.000000,0.000000,0.000000
1778943030.191150,0,0.000000,0.000000,0.000000,1.500000,1.000000,0.000000,0.000000,0.000000,0.000000,0.370000
1778943030.250058,0,0.000000,0.000000,0.000000,0.000000,0.460000,0.000000,0.070000,0.000000,0.000000,0.000000
1778943030.279102,0,0.000000,0.000000,0.000000,0.000000,1.000000,0.000000,0.150000,0.000000,0.000000,0.000000
1778943030.306972,0,0.000000,0.000000,0.000000,0.000000,0.460000,0.000000,0.230000,0.000000,0.000000,0.000000
1778943030.360177,0,0.000000,0.000000,0.000000,0.000000,1.000000,0.000000,0.470000,0.000000,0.000000,0.000000
1778943030.414574,0,0.000000,0.000000,0.000000,0.000000,1.000000,0.000000,0.630000,0.000000,0.000000,0.000000
1778943030.415206,0,0.000000,0.000000,0.000000,0.010000,1.000000,0.000000,0.810000,0.000000,0.000000,0.000000
1778943030.415724,0,0.000000,1.370000,0.000000,0.010000,1.000000,0.000000,0.880000,0.000000,0.210000,0.000000
1778943030.416305,0,0.000000,0.000000,0.000000,0.030000,1.000000,0.000000,1.000000,0.000000,0.000000,0.000000
1778943030.470367,0,0.000000,0.000000,0.000000,0.050000,1.000000,0.000000,1.000000,0.000000,0.000000,0.000000
1778943030.471002,0,0.000000,0.000000,0.000000,0.050000,1.000000,0.000000,1.000000,0.000000,0.000000,0.000000
1778943030.524559,0,0.000000,0.000000,0.000000,0.050000,1.000000,0.000000,1.000000,0.000000,0.000000,0.000000
1778943030.576129,0,0.000000,0.000000,0.000000,0.050000,1.000000,0.000000,1.000000,0.000000,0.000000,0.000000
1778943030.576766,0,0.000000,0.000000,0.000000,0.070000,0.070000,0.000000,1.000000,0.000000,0.000000,0.000000
1778943030.577295,0,0.000000,0.000000,0.000000,0.070000,0.570000,0.000000,1.000000,0.000000,0.000000,0.000000
1778943030.629584,0,0.000000,0.000000,0.000000,0.090000,1.000000,0.000000,1.000000,0.000000,0.000000,0.000000
1778943030.682124,0,0.000000,0.000000,0.000000,0.100000,1.000000,0.000000,1.000000,0.000000,0.000000,0.000000
1778943030.682769,0,0.000000,0.000000,0.000000,0.100000,0.400000,0.000000,1.000000,0.000000,0.000000,0.000000
1778943030.683332,0,0.000000,0.000000,0.000000,0.100000,1.000000,0.000000,1.000000,0.000000,0.000000,0.000000
1778943030.683842,0,0.000000,0.000000,0.000000,0.110000,0.250000,0.000000,1.000000,0.000000,0.000000,0.000000
1778943030.684393,0,0.000000,0.000000,0.000000,0.120000,0.340000,0.000000,1.000000,0.000000,0.000000,0.000000
1778943030.737612,0,0.000000,0.000000,0.000000,0.120000,0.760000,0.000000,1.000000,0.000000,0.000000,0.000000
1778943030.738298,0,0.000000,0.000000,0.000000,0.120000,1.000000,0.000000,1.000000,0.000000,0.000000,0.000000
1778943030.738822,0,0.000000,0.000000,0.000000,0.140000,1.000000,0.000000,1.000000,0.000000,0.000000,0.000000
1778943030.739325,0,0.000000,0.000000,0.000000,0.140000,1.000000,0.000000,1.000000,0.000000,0.000000,0.110000
1778943030.830173,0,0.000000,0.000000,0.000000,0.150000,1.000000,0.000000,1.000000,0.000000,0.000000,0.000000
1778943030.887854,0,0.000000,0.000000,0.000000,0.150000,1.000000,0.000000,1.000000,0.000000,0.000000,0.000000
1778943030.963863,0,0.000000,1.550000,0.000000,0.150000,0.000000,0.000000,1.000000,0.000000,0.440000,0.000000
1778943031.017535,0,0.000000,0.000000,0.000000,0.150000,0.410000,0.000000,1.000000,0.000000,0.000000,0.000000
1778943031.106815,0,0.000000,0.000000,0.000000,0.180000,1.000000,0.000000,1.000000,0.000000,0.000000,0.000000
1778943031.165541,0,0.000000,0.000000,0.000000,0.180000,1.000000,0.000000,1.000000,0.000000,0.000000,0.000000
1778943031.218534,0,0.000000,0.000000,0.000000,0.200000,1.000000,0.000000,1.000000,0.000000,0.000000,0.000000
1778943031.219217,0,0.000000,0.000000,0.000000,0.210000,0.250000,0.000000,1.000000,0.000000,0.000000,0.000000
1778943031.272518,0,0.000000,0.000000,0.000000,0.230000,0.460000,0.000000,1.000000,0.000000,0.000000,0.000000
1778943031.273155,0,0.000000,0.000000,0.000000,0.250000,1.000000,0.000000,1.000000,0.000000,0.000000,0.000000
1778943031.273685,0,0.000000,0.000000,0.000000,0.280000,0.730000,0.000000,0.200000,0.000000,0.000000,0.000000
1778943031.274207,0,0.000000,0.000000,0.000000,0.280000,1.000000,0.000000,0.280000,0.000000,0.000000,0.000000
1778943031.274739,0,0.000000,0.000000,0.000000,0.280000,1.000000,0.000000,0.460000,0.000000,0.000000,0.000000
1778943031.275444,0,0.000000,0.000000,0.000000,0.280000,1.000000,0.000000,0.540000,0.000000,0.000000,0.000000
1778943031.276099,0,0.000000,1.370000,0.000000,0.280000,1.000000,0.000000,0.620000,0.000000,0.210000,0.110000
1778943031.336372,0,0.000000,0.000000,0.000000,0.300000,1.000000,0.000000,0.690000,0.000000,0.000000,0.110000
1778943031.337081,0,0.000000,0.000000,0.000000,0.300000,1.000000,0.000000,0.790000,0.000000,0.000000,0.000000
1778943031.337616,0,0.000000,0.000000,0.000000,0.310000,1.000000,0.000000,0.870000,0.000000,0.000000,0.000000
1778943031.397687,0,0.000000,0.000000,0.000000,0.310000,1.000000,0.000000,0.940000,0.000000,0.000000,0.110000
1778943031.398325,0,0.000000,0.000000,0.000000,0.310000,0.200000,0.000000,1.000000,0.000000,0.000000,0.000000
1778943031.398844,0,0.000000,0.000000,0.000000,0.310000,0.630000,0.000000,1.000000,0.000000,0.000000,0.000000
1778943031.459550,0,0.000000,0.000000,0.000000,0.310000,1.000000,0.000000,1.000000,0.000000,0.000000,0.000000
1778943031.460197,0,0.000000,0.000000,0.000000,0.310000,1.000000,0.000000,0.000000,0.000000,0.000000,0.370000
1778943031.460724,0,0.000000,1.370000,0.000000,0.330000,1.000000,0.000000,0.050000,0.000000,0.210000,0.000000
1778943031.461228,0,0.000000,0.000000,0.000000,0.330000,1.000000,0.000000,0.100000,0.000000,0.000000,0.000000
1778943031.520612,0,0.000000,0.000000,0.000000,0.340000,1.000000,0.000000,0.170000,0.000000,0.000000,0.000000
1778943031.521243,0,0.000000,0.000000,0.000000,0.340000,1.000000,0.000000,0.230000,0.000000,0.000000,0.000000
1778943031.521773,0,0.000000,0.000000,0.000000,0.340000,1.000000,0.000000,0.280000,0.000000,0.000000,0.000000
1778943031.522407,0,0.000000,0.000000,0.000000,0.340000,0.050000,0.000000,0.340000,0.000000,0.000000,0.000000
1778943031.522993,0,0.000000,0.000000,0.000000,0.340000,0.500000,0.000000,0.400000,0.000000,0.000000,0.000000
1778943031.523536,0,0.000000,0.000000,0.000000,0.360000,0.930000,0.000000,0.460000,0.000000,0.000000,0.000000
1778943031.581991,0,0.000000,0.000000,0.000000,0.360000,1.000000,0.000000,0.510000,0.000000,0.000000,0.000000
1778943031.641121,0,0.000000,0.000000,0.000000,0.360000,1.000000,0.000000,0.570000,0.000000,0.000000,0.000000
1778943031.641811,0,0.000000,1.370000,0.000000,0.370000,1.000000,0.000000,0.620000,0.000000,0.210000,0.000000
1778943031.700673,0,0.000000,0.000000,0.000000,0.370000,1.000000,0.000000,0.000000,0.000000,0.000000,0.000000
1778943031.701311,0,0.000000,0.000000,0.000000,0.370000,1.000000,0.000000,0.070000,0.000000,0.000000,0.000000
1778943031.759403,0,0.000000,0.000000,0.000000,0.380000,1.000000,0.000000,0.200000,0.000000,0.000000,0.000000
1778943031.760055,0,0.000000,0.000000,0.000000,0.400000,0.610000,0.000000,0.310000,0.000000,0.000000,0.000000
1778943031.760567,0,0.000000,0.000000,0.000000,0.400000,1.000000,0.000000,0.500000,0.000000,0.000000,0.000000
1778943031.761063,0,0.000000,0.000000,0.000000,0.400000,1.000000,0.000000,0.560000,0.000000,0.000000,0.000000
1778943031.819721,0,0.000000,0.000000,0.000000,0.410000,0.020000,0.000000,0.680000,0.000000,0.000000,0.000000
1778943031.820373,0,0.000000,0.000000,0.000000,0.430000,0.620000,0.000000,0.750000,0.000000,0.000000,0.000000
1778943031.820994,0,0.000000,0.000000,0.000000,0.430000,1.000000,0.000000,0.810000,0.000000,0.000000,0.000000
1778943031.821695,0,0.000000,0.000000,0.000000,0.430000,0.210000,0.000000,0.870000,0.000000,0.000000,0.000000
1778943031.880506,0,0.000000,1.550000,0.000000,0.430000,0.000000,0.000000,0.930000,0.000000,0.440000,0.000000
1778943031.881160,0,0.000000,0.000000,0.000000,0.430000,0.750000,0.000000,1.000000,0.000000,0.000000,0.000000
1778943031.881730,0,0.000000,0.000000,0.000000,0.440000,1.000000,0.000000,1.000000,0.000000,0.000000,0.000000
1778943031.882239,0,0.000000,0.000000,0.000000,0.440000,1.000000,0.000000,0.010000,0.000000,0.000000,0.000000
1778943031.882770,0,0.000000,0.000000,0.000000,0.460000,1.000000,0.000000,0.070000,0.000000,0.000000,0.110000
1778943031.940424,0,0.000000,0.000000,0.000000,0.460000,0.180000,0.000000,0.150000,0.000000,0.000000,0.000000
1778943031.941099,0,0.000000,0.000000,0.000000,0.460000,0.890000,0.000000,0.200000,0.000000,0.000000,0.000000
1778943031.941640,0,0.000000,0.000000,0.000000,0.460000,1.000000,0.000000,0.280000,0.000000,0.000000,0.000000
1778943031.942321,0,0.000000,0.000000,0.000000,0.460000,1.000000,0.000000,0.340000,0.000000,0.000000,0.000000
1778943032.000898,0,0.000000,0.000000,0.000000,0.470000,1.000000,0.000000,0.410000,0.000000,0.000000,0.000000
1778943032.001552,0,0.000000,0.000000,0.000000,0.470000,1.000000,0.000000,0.470000,0.000000,0.000000,0.000000
1778943032.002142,0,0.000000,1.370000,0.000000,0.470000,1.000000,0.000000,0.550000,0.000000,0.210000,0.000000
1778943032.002699,0,0.000000,1.550000,0.000000,0.490000,0.000000,0.000000,0.620000,0.000000,0.440000,0.000000
1778943032.061510,0,0.000000,0.000000,0.000000,0.490000,0.660000,0.000000,0.680000,0.000000,0.000000,0.000000
1778943032.062178,0,0.000000,0.000000,0.000000,0.500000,1.000000,0.000000,0.750000,0.000000,0.000000,0.250000
1778943032.062780,0,0.000000,0.000000,0.000000,0.500000,1.000000,0.000000,0.810000,0.000000,0.000000,0.000000
1778943032.063399,0,0.000000,0.000000,0.000000,0.500000,1.000000,0.000000,0.870000,0.000000,0.000000,0.110000
1778943032.148569,0,0.000000,0.000000,0.000000,0.500000,1.000000,0.000000,0.930000,0.000000,0.000000,0.000000
1778943032.207542,0,0.000000,0.000000,0.000000,0.500000,1.000000,0.000000,1.000000,0.000000,0.000000,0.000000
1778943032.208164,0,0.000000,0.000000,0.000000,0.500000,1.000000,0.000000,1.000000,0.000000,0.000000,0.000000
1778943032.208671,0,0.000000,1.370000,0.000000,0.510000,1.000000,0.000000,0.020000,0.000000,0.210000,0.110000
1778943032.305596,0,0.000000,0.000000,0.000000,0.520000,0.410000,0.000000,0.230000,0.000000,0.000000,0.000000
1778943032.372861,0,0.000000,0.000000,0.000000,0.520000,1.000000,0.000000,0.280000,0.000000,0.000000,0.000000
1778943032.431533,0,0.000000,0.000000,0.000000,0.540000,1.000000,0.000000,0.360000,0.000000,0.000000,0.000000
1778943032.489960,0,0.000000,0.000000,0.000000,0.540000,1.000000,0.000000,0.410000,0.000000,0.000000,0.000000
1778943032.490612,0,0.000000,0.000000,0.000000,0.550000,1.000000,0.000000,0.030000,0.000000,0.000000,0.000000
1778943032.623135,0,0.000000,0.000000,0.000000,0.560000,1.000000,0.000000,0.370000,0.000000,0.000000,0.000000
1778943032.794213,0,0.000000,0.000000,0.000000,0.580000,1.000000,0.000000,0.730000,0.000000,0.000000,0.000000
1778943032.855526,0,0.000000,0.000000,0.000000,0.600000,1.000000,0.000000,0.870000,0.000000,0.000000,0.000000
1778943032.915209,0,0.000000,1.740000,0.000000,0.610000,0.000000,0.000000,1.000000,0.000000,0.670000,0.000000
1778943032.915884,0,0.000000,0.000000,0.000000,0.620000,1.000000,0.000000,1.000000,0.000000,0.000000,0.000000
1778943032.976087,0,0.000000,0.000000,0.000000,0.660000,1.000000,0.000000,0.250000,0.000000,0.000000,0.000000
1778943032.976755,0,0.000000,0.000000,0.000000,0.700000,1.000000,0.000000,0.510000,0.000000,0.000000,0.110000
1778943032.977434,0,0.000000,0.000000,0.000000,0.720000,1.000000,0.000000,0.680000,0.000000,0.000000,0.000000
1778943032.978011,0,0.000000,1.370000,0.000000,0.730000,1.000000,0.000000,0.070000,0.000000,0.210000,0.000000
1778943033.063016,0,0.000000,0.000000,0.000000,0.740000,1.000000,0.000000,0.230000,0.000000,0.000000,0.000000
1778943033.122455,0,0.000000,0.000000,0.000000,0.740000,1.000000,0.000000,0.300000,0.000000,0.000000,0.000000
1778943033.123150,0,0.000000,0.000000,0.000000,0.750000,1.000000,0.000000,0.370000,0.000000,0.000000,0.000000
1778943033.228589,0,0.000000,0.000000,0.000000,0.750000,1.000000,0.000000,0.430000,0.000000,0.000000,0.000000
1778943033.287789,0,0.000000,0.000000,0.000000,0.750000,1.000000,0.000000,0.500000,0.000000,0.000000,0.000000
1778943033.348234,0,0.000000,0.000000,0.000000,0.770000,1.000000,0.000000,0.930000,0.000000,0.000000,0.000000
1778943033.401411,0,0.000000,0.000000,0.000000,0.790000,1.000000,0.000000,1.000000,0.000000,0.000000,0.000000
1778943033.673492,0,0.000000,0.000000,0.000000,0.800000,1.000000,0.000000,1.000000,0.000000,0.000000,0.000000
1778943033.829507,0,0.000000,0.000000,0.000000,0.810000,1.000000,0.000000,1.000000,0.000000,0.000000,0.000000
1778943033.910851,0,0.000000,0.000000,0.000000,0.820000,1.000000,0.000000,1.000000,0.000000,0.000000,0.000000
1778943033.965129,0,0.000000,0.000000,0.000000,0.860000,1.000000,0.000000,1.000000,0.000000,0.000000,0.250000
1778943034.019746,0,0.000000,0.000000,0.000000,0.860000,1.000000,0.000000,1.000000,0.000000,0.000000,0.000000
1778943034.020375,0,0.000000,0.000000,0.000000,0.930000,1.000000,0.000000,1.000000,0.000000,0.000000,0.110000
1778943034.020892,0,0.000000,0.000000,0.000000,0.980000,1.000000,0.000000,1.000000,0.000000,0.000000,0.000000
1778943034.072962,0,0.000000,0.000000,0.000000,1.000000,1.000000,0.000000,1.000000,0.000000,0.000000,0.000000
1778943034.073626,0,0.000000,0.000000,0.000000,1.000000,1.000000,0.000000,1.000000,0.000000,0.000000,0.000000
1778943034.074171,0,0.000000,0.000000,0.000000,1.000000,1.000000,0.000000,1.000000,0.000000,0.000000,0.000000
1778943034.074705,0,0.000000,0.000000,0.000000,1.010000,1.000000,0.000000,1.000000,0.000000,0.000000,0.000000
1778943034.127773,0,0.000000,0.000000,0.000000,1.010000,1.000000,0.000000,0.070000,0.000000,0.000000,0.000000
1778943034.128444,0,0.000000,1.550000,0.000000,1.020000,0.000000,0.000000,0.150000,0.000000,0.440000,0.000000
1778943034.129031,0,0.000000,0.000000,0.000000,1.020000,0.700000,0.000000,0.210000,0.000000,0.000000,0.000000
1778943034.129673,0,0.000000,0.000000,0.000000,1.030000,1.000000,0.000000,0.300000,0.000000,0.000000,0.000000
1778943034.130250,0,0.000000,0.000000,0.000000,1.030000,1.000000,0.000000,0.370000,0.000000,0.000000,0.000000
1778943034.182382,0,0.000000,0.000000,0.000000,1.040000,1.000000,0.000000,0.430000,0.000000,0.000000,0.000000
1778943034.234828,0,0.000000,0.000000,0.000000,1.040000,1.000000,0.000000,0.500000,0.000000,0.000000,0.000000
1778943034.235516,0,0.000000,0.000000,0.000000,1.040000,1.000000,0.000000,0.570000,0.000000,0.000000,0.000000
1778943034.288356,0,0.000000,0.000000,0.000000,1.050000,1.000000,0.000000,0.020000,0.000000,0.000000,0.000000
1778943034.289060,0,0.000000,0.000000,0.000000,1.050000,1.000000,0.000000,0.120000,0.000000,0.000000,0.000000
1778943034.289598,0,0.000000,0.000000,0.000000,1.070000,0.700000,0.000000,0.430000,0.000000,0.000000,0.000000
1778943034.290141,0,0.000000,0.000000,0.000000,1.070000,1.000000,0.000000,0.510000,0.000000,0.000000,0.000000
1778943034.290680,0,0.000000,0.000000,0.000000,1.080000,1.000000,0.000000,0.740000,0.000000,0.000000,0.000000
1778943034.343509,0,0.000000,0.000000,0.000000,1.090000,1.000000,0.000000,0.000000,0.000000,0.000000,0.370000
1778943034.344158,0,0.000000,0.000000,0.000000,1.090000,0.280000,0.000000,0.100000,0.000000,0.000000,0.000000
1778943034.344675,0,0.000000,0.000000,0.000000,1.090000,1.000000,0.000000,0.200000,0.000000,0.000000,0.000000
1778943034.397099,0,0.000000,0.000000,0.000000,1.100000,1.000000,0.000000,0.310000,0.000000,0.000000,0.000000
1778943034.458501,0,0.000000,0.000000,0.000000,1.100000,1.000000,0.000000,0.410000,0.000000,0.000000,0.000000
1778943034.511228,0,0.000000,0.000000,0.000000,1.100000,0.180000,0.000000,0.510000,0.000000,0.000000,0.000000
1778943034.511852,0,0.000000,0.000000,0.000000,1.110000,0.890000,0.000000,0.620000,0.000000,0.000000,0.000000
1778943034.512363,0,0.000000,0.000000,0.000000,1.110000,1.000000,0.000000,0.730000,0.000000,0.000000,0.000000
1778943034.565387,0,0.000000,0.000000,0.000000,1.120000,0.700000,0.000000,0.250000,0.000000,0.000000,0.000000
1778943034.672123,0,0.000000,0.000000,0.000000,1.130000,1.000000,0.000000,0.490000,0.000000,0.000000,0.110000
1778943034.727438,0,0.000000,0.000000,0.000000,1.130000,1.000000,0.000000,0.610000,0.000000,0.000000,0.000000
1778943034.810848,0,0.000000,0.000000,0.000000,1.140000,1.000000,0.000000,0.730000,0.000000,0.000000,0.000000
1778943034.864057,0,0.000000,0.000000,0.000000,1.150000,1.000000,0.000000,1.000000,0.000000,0.000000,0.000000
1778943034.864694,0,0.000000,0.000000,0.000000,1.160000,1.000000,0.000000,1.000000,0.000000,0.000000,0.000000
1778943034.865215,0,0.000000,0.000000,0.000000,1.200000,1.000000,0.000000,1.000000,0.000000,0.000000,0.000000
1778943034.946160,0,0.000000,0.000000,0.000000,1.200000,1.000000,0.000000,0.000000,0.000000,0.000000,0.000000
1778943035.002816,0,0.000000,0.000000,0.000000,1.200000,1.000000,0.000000,0.820000,0.000000,0.000000,0.000000
1778943035.003486,0,0.000000,0.000000,0.000000,1.200000,1.000000,0.000000,0.930000,0.000000,0.000000,0.000000
1778943035.004028,0,0.000000,0.000000,0.000000,1.200000,1.000000,0.000000,1.000000,0.000000,0.000000,0.000000
1778943035.090435,0,0.000000,0.000000,0.000000,1.200000,1.000000,0.000000,1.000000,0.000000,0.000000,0.000000
1778943035.145554,0,0.000000,0.000000,0.000000,0.000000,1.000000,0.000000,1.000000,0.150000,0.000000,0.000000
1778943035.146203,0,0.000000,0.000000,0.000000,1.260000,1.000000,0.000000,1.000000,0.100000,0.000000,0.110000
1778943035.146736,0,0.000000,0.000000,0.000000,0.000000,0.250000,0.000000,1.000000,0.070000,0.000000,0.000000
1778943035.147271,0,0.000000,0.000000,0.000000,0.000000,1.000000,0.000000,0.180000,0.000000,0.000000,0.000000
1778943035.295788,0,0.000000,1.370000,0.000000,0.000000,1.000000,0.000000,0.770000,0.000000,0.210000,0.000000
1778943035.351565,0,0.000000,0.000000,0.000000,0.000000,1.000000,0.000000,0.890000,0.000000,0.000000,0.000000
1778943035.352186,0,0.000000,0.000000,0.000000,1.290000,1.000000,0.000000,1.000000,0.000000,0.000000,0.110000
1778943035.352716,0,0.000000,0.000000,0.000000,0.000000,0.180000,0.000000,1.000000,0.000000,0.000000,0.000000
1778943035.353226,0,0.000000,0.000000,0.000000,0.000000,1.000000,0.000000,1.000000,0.000000,0.000000,0.000000
1778943035.401901,0,0.000000,1.370000,0.000000,0.000000,1.000000,0.000000,1.000000,0.000000,0.210000,0.000000
1778943035.478369,0,0.000000,1.370000,0.000000,0.000000,1.000000,0.000000,1.000000,0.000000,0.210000,0.000000
1778943035.518971,0,0.000000,0.000000,0.000000,0.000000,1.000000,0.000000,1.000000,0.000000,0.000000,0.000000
1778943035.592148,0,0.000000,0.000000,0.000000,0.000000,1.000000,0.000000,1.000000,0.000000,0.000000,0.000000
1778943035.632784,0,0.000000,0.000000,0.000000,0.000000,1.000000,0.000000,1.000000,0.000000,0.000000,0.000000
1778943035.653859,0,0.000000,0.000000,0.000000,0.000000,0.400000,0.000000,1.000000,0.000000,0.000000,0.000000
1778943035.695540,0,0.000000,0.000000,0.000000,0.000000,1.000000,0.000000,1.000000,0.000000,0.000000,0.000000
1778943035.735465,0,0.000000,0.000000,0.000000,0.000000,1.000000,0.000000,1.000000,0.000000,0.000000,0.000000
1778943035.775370,0,0.000000,0.000000,0.000000,0.000000,1.000000,0.000000,0.500000,0.000000,0.000000,0.000000
1778943035.776050,0,0.000000,0.000000,0.000000,0.000000,1.000000,0.000000,0.180000,0.000000,0.000000,0.000000
1778943035.776578,0,0.000000,0.000000,0.000000,0.000000,0.280000,0.000000,0.440000,0.000000,0.000000,0.000000
1778943035.777100,0,0.000000,0.000000,0.000000,0.000000,0.810000,0.000000,0.730000,0.000000,0.000000,0.000000
1778943035.777796,0,0.000000,0.000000,0.000000,0.000000,1.000000,0.000000,1.000000,0.000000,0.000000,0.000000
1778943035.817623,0,0.000000,1.370000,0.000000,0.000000,1.000000,0.000000,1.000000,0.000000,0.210000,0.000000
1778943035.867872,0,0.000000,0.000000,0.000000,0.000000,1.000000,0.000000,1.000000,0.000000,0.000000,0.000000
1778943035.907529,0,0.000000,0.000000,0.000000,0.000000,1.000000,0.000000,1.000000,0.000000,0.000000,0.000000
1778943035.908161,0,0.000000,0.000000,0.000000,0.000000,1.000000,0.000000,1.000000,0.000000,0.000000,0.000000
1778943035.908718,0,0.000000,0.000000,0.000000,0.000000,1.000000,0.000000,1.000000,0.000000,0.000000,0.000000
1778943035.909234,0,0.000000,0.000000,0.000000,0.000000,1.000000,0.000000,1.000000,0.000000,0.000000,0.000000
1778943035.909804,0,0.000000,0.000000,0.000000,0.010000,1.000000,0.000000,1.000000,0.000000,0.000000,0.000000
1778943035.949477,0,0.000000,0.000000,0.000000,0.010000,1.000000,0.000000,1.000000,0.000000,0.000000,0.110000
1778943035.950205,0,0.000000,0.000000,0.000000,0.020000,1.000000,0.000000,1.000000,0.000000,0.000000,0.110000
1778943035.950735,0,0.000000,0.000000,0.000000,0.020000,1.000000,0.000000,1.000000,0.000000,0.000000,0.000000
1778943035.990262,0,0.000000,0.000000,0.000000,0.020000,0.050000,0.000000,1.000000,0.000000,0.000000,0.000000
1778943035.990934,0,0.000000,0.000000,0.000000,0.030000,0.330000,0.000000,1.000000,0.000000,0.000000,0.000000
1778943036.033212,0,0.000000,0.000000,0.000000,0.030000,0.610000,0.000000,1.000000,0.000000,0.000000,0.000000
1778943036.033833,0,0.000000,0.000000,0.000000,0.030000,0.870000,0.000000,1.000000,0.000000,0.000000,0.000000
1778943036.034414,0,0.000000,0.000000,0.000000,0.050000,1.000000,0.000000,1.000000,0.000000,0.000000,0.000000
1778943036.074111,0,0.000000,0.000000,0.000000,0.050000,1.000000,0.000000,1.000000,0.000000,0.000000,0.000000
1778943036.074851,0,0.000000,0.000000,0.000000,0.050000,1.000000,0.000000,1.000000,0.000000,0.000000,0.000000
1778943036.075438,0,0.000000,0.000000,0.000000,0.050000,1.000000,0.000000,1.000000,0.000000,0.000000,0.000000
1778943036.114609,0,0.000000,0.000000,0.000000,0.050000,1.000000,0.000000,1.000000,0.000000,0.000000,0.000000
1778943036.154615,0,0.000000,0.000000,0.000000,0.070000,1.000000,0.000000,1.000000,0.000000,0.000000,0.000000
1778943036.155293,0,0.000000,0.000000,0.000000,0.070000,1.000000,0.000000,1.000000,0.000000,0.000000,0.000000
1778943036.195525,0,0.000000,0.000000,0.000000,0.070000,1.000000,0.000000,1.000000,0.000000,0.000000,0.000000
1778943036.196231,0,0.000000,0.000000,0.000000,0.070000,1.000000,0.000000,1.000000,0.000000,0.000000,0.000000
1778943036.290678,0,0.000000,0.000000,0.000000,0.070000,1.000000,0.000000,1.000000,0.000000,0.000000,0.000000
1778943036.347762,0,0.000000,0.000000,0.000000,0.070000,1.000000,0.000000,1.000000,0.000000,0.000000,0.000000
1778943036.387786,0,0.000000,0.000000,0.000000,0.090000,1.000000,0.000000,1.000000,0.000000,0.000000,0.000000
1778943036.388421,0,0.000000,0.000000,0.000000,0.090000,0.070000,0.000000,1.000000,0.000000,0.000000,0.000000
1778943036.494154,0,0.000000,0.000000,0.000000,0.100000,1.000000,0.000000,1.000000,0.000000,0.000000,0.000000
1778943036.496398,0,0.000000,0.000000,0.000000,0.110000,0.460000,0.000000,1.000000,0.000000,0.000000,0.000000
1778943036.497524,0,0.000000,0.000000,0.000000,0.120000,1.000000,0.000000,1.000000,0.000000,0.000000,0.000000
1778943036.520392,0,0.000000,0.000000,0.000000,0.140000,1.000000,0.000000,1.000000,0.000000,0.000000,0.000000
1778943036.542211,0,0.000000,0.000000,0.000000,0.150000,1.000000,0.000000,1.000000,0.000000,0.000000,0.000000
1778943036.563086,0,0.000000,0.000000,0.000000,0.170000,1.000000,0.000000,1.000000,0.000000,0.000000,0.000000
1778943036.603060,0,0.000000,0.000000,0.000000,0.180000,1.000000,0.000000,1.000000,0.000000,0.000000,0.000000
1778943036.603685,0,0.000000,0.000000,0.000000,0.180000,1.000000,0.000000,1.000000,0.000000,0.000000,0.000000
1778943036.604248,0,0.000000,0.000000,0.000000,0.180000,1.000000,0.000000,1.000000,0.000000,0.000000,0.000000
1778943036.604776,0,0.000000,0.000000,0.000000,0.180000,1.000000,0.000000,1.000000,0.000000,0.000000,0.000000
1778943036.644006,0,0.000000,0.000000,0.000000,0.180000,0.070000,0.000000,1.000000,0.000000,0.000000,0.000000
1778943036.682978,0,0.000000,0.000000,0.000000,0.200000,0.400000,0.000000,1.000000,0.000000,0.000000,0.000000
1778943036.683676,0,0.000000,1.370000,0.000000,0.200000,0.730000,0.000000,1.000000,0.000000,0.210000,0.000000
1778943036.684203,0,0.000000,0.000000,0.000000,0.200000,1.000000,0.000000,1.000000,0.000000,0.000000,0.000000
1778943036.684726,0,0.000000,1.740000,0.000000,0.200000,0.000000,0.000000,1.000000,0.000000,0.670000,0.000000
1778943036.685251,0,0.000000,0.000000,0.000000,0.200000,0.270000,0.000000,1.000000,0.000000,0.000000,0.000000
1778943036.730449,0,0.000000,0.000000,0.000000,0.210000,0.560000,0.000000,1.000000,0.000000,0.000000,0.000000
1778943036.798915,0,0.000000,0.000000,0.000000,0.210000,0.850000,0.000000,1.000000,0.000000,0.000000,0.000000
1778943036.839429,0,0.000000,0.000000,0.000000,0.210000,1.000000,0.000000,1.000000,0.000000,0.000000,0.000000
1778943036.840076,0,0.000000,0.000000,0.000000,0.230000,0.100000,0.000000,1.000000,0.000000,0.000000,0.000000
1778943036.840602,0,0.000000,0.000000,0.000000,0.230000,0.310000,0.000000,1.000000,0.000000,0.000000,0.000000
1778943036.841126,0,0.000000,0.000000,0.000000,0.230000,1.000000,0.000000,1.000000,0.000000,0.000000,0.000000
1778943036.911845,0,0.000000,0.000000,0.000000,0.250000,1.000000,0.000000,1.000000,0.000000,0.000000,0.000000
1778943036.979676,0,0.000000,0.000000,0.000000,0.250000,1.000000,0.000000,1.000000,0.000000,0.000000,0.000000
1778943037.001367,0,0.000000,0.000000,0.000000,0.250000,1.000000,0.000000,1.000000,0.000000,0.000000,0.000000
1778943037.022747,0,0.000000,0.000000,0.000000,0.250000,1.000000,0.000000,1.000000,0.000000,0.000000,0.000000
1778943037.023365,0,0.000000,0.000000,0.000000,0.250000,0.050000,0.000000,1.000000,0.000000,0.000000,0.000000
1778943037.023867,0,0.000000,0.000000,0.000000,0.270000,0.270000,0.000000,1.000000,0.000000,0.000000,0.000000
1778943037.045325,0,0.000000,0.000000,0.000000,0.280000,0.200000,0.000000,1.000000,0.000000,0.000000,0.000000
1778943037.113032,0,0.000000,0.000000,0.000000,0.280000,0.150000,0.000000,1.000000,0.000000,0.000000,0.000000
1778943037.154232,0,0.000000,0.000000,0.000000,0.280000,0.730000,0.000000,1.000000,0.000000,0.000000,0.000000
1778943037.258280,0,0.000000,0.000000,0.000000,0.300000,1.000000,0.000000,1.000000,0.000000,0.000000,0.000000
1778943037.331609,0,0.000000,0.000000,0.000000,0.300000,1.000000,0.000000,1.000000,0.000000,0.000000,0.000000
1778943037.372944,0,0.000000,0.000000,0.000000,0.310000,1.000000,0.000000,1.000000,0.000000,0.000000,0.110000
1778943037.373576,0,0.000000,0.000000,0.000000,0.330000,0.800000,0.000000,1.000000,0.000000,0.000000,0.000000
1778943037.450561,0,0.000000,0.000000,0.000000,0.330000,0.200000,0.000000,1.000000,0.000000,0.000000,0.000000
1778943037.490101,0,0.000000,0.000000,0.000000,0.360000,1.000000,0.000000,1.000000,0.000000,0.000000,0.000000
1778943037.490749,0,0.000000,0.000000,0.000000,0.370000,1.000000,0.000000,0.460000,0.000000,0.000000,0.000000
1778943037.491258,0,0.000000,1.370000,0.000000,0.370000,1.000000,0.000000,0.600000,0.000000,0.210000,0.000000
1778943037.556001,0,0.000000,0.000000,0.000000,0.380000,1.000000,0.000000,1.000000,0.000000,0.000000,0.000000
1778943037.579749,0,0.000000,0.000000,0.000000,0.400000,1.000000,0.000000,1.000000,0.000000,0.000000,0.000000
1778943037.620262,0,0.000000,0.000000,0.000000,0.400000,1.000000,0.000000,1.000000,0.000000,0.000000,0.000000
1778943037.620924,0,0.000000,0.000000,0.000000,0.400000,1.000000,0.000000,1.000000,0.000000,0.000000,0.000000
1778943037.641885,0,0.000000,0.000000,0.000000,0.430000,1.000000,0.000000,0.000000,0.000000,0.000000,0.370000
1778943037.663482,0,0.000000,0.000000,0.000000,0.430000,1.000000,0.000000,0.140000,0.000000,0.000000,0.000000
1778943037.664137,0,0.000000,0.000000,0.000000,0.430000,1.000000,0.000000,0.400000,0.000000,0.000000,0.000000
1778943037.704840,0,0.000000,0.000000,0.000000,0.430000,1.000000,0.000000,0.540000,0.000000,0.000000,0.000000
1778943037.705503,0,0.000000,0.000000,0.000000,0.430000,1.000000,0.000000,0.680000,0.000000,0.000000,0.000000
1778943037.744148,0,0.000000,0.000000,0.000000,0.440000,1.000000,0.000000,0.810000,0.000000,0.000000,0.000000
1778943037.744799,0,0.000000,0.000000,0.000000,0.440000,1.000000,0.000000,0.950000,0.000000,0.000000,0.000000
1778943037.745309,0,0.000000,0.000000,0.000000,0.460000,1.000000,0.000000,1.000000,0.000000,0.000000,0.000000
1778943037.745817,0,0.000000,0.000000,0.000000,0.460000,1.000000,0.000000,1.000000,0.000000,0.000000,0.000000
1778943037.746404,0,0.000000,0.000000,0.000000,0.460000,1.000000,0.000000,1.000000,0.000000,0.000000,0.000000
1778943037.785949,0,0.000000,0.000000,0.000000,0.470000,1.000000,0.000000,1.000000,0.000000,0.000000,0.000000
1778943037.786586,0,0.000000,0.000000,0.000000,0.470000,1.000000,0.000000,1.000000,0.000000,0.000000,0.000000
1778943037.864651,0,0.000000,0.000000,0.000000,0.470000,1.000000,0.000000,1.000000,0.000000,0.000000,0.250000
1778943037.906782,0,0.000000,0.000000,0.000000,0.490000,0.370000,0.000000,1.000000,0.000000,0.000000,0.000000
1778943037.907449,0,0.000000,0.000000,0.000000,0.490000,0.920000,0.000000,1.000000,0.000000,0.000000,0.000000
1778943037.907970,0,0.000000,0.000000,0.000000,0.490000,1.000000,0.000000,1.000000,0.000000,0.000000,0.000000
1778943037.960731,0,0.000000,0.000000,0.000000,0.500000,0.280000,0.000000,1.000000,0.000000,0.000000,0.000000
1778943037.982283,0,0.000000,0.000000,0.000000,0.500000,0.770000,0.000000,1.000000,0.000000,0.000000,0.000000
1778943037.983000,0,0.000000,1.370000,0.000000,0.500000,1.000000,0.000000,1.000000,0.000000,0.210000,0.000000
1778943038.004696,0,0.000000,0.000000,0.000000,0.510000,1.000000,0.000000,1.000000,0.000000,0.000000,0.000000
1778943038.075474,0,0.000000,0.000000,0.000000,0.520000,1.000000,0.000000,1.000000,0.000000,0.000000,0.110000
1778943038.077069,0,0.000000,1.550000,0.000000,0.520000,0.000000,0.000000,1.000000,0.000000,0.440000,0.000000
1778943038.077738,0,0.000000,1.370000,0.000000,0.540000,0.460000,0.000000,1.000000,0.000000,0.210000,0.000000
1778943038.099917,0,0.000000,0.000000,0.000000,0.540000,0.930000,0.000000,1.000000,0.000000,0.000000,0.110000
1778943038.121150,0,0.000000,0.000000,0.000000,0.550000,1.000000,0.000000,1.000000,0.000000,0.000000,0.000000
1778943038.121766,0,0.000000,0.000000,0.000000,0.550000,1.000000,0.000000,1.000000,0.000000,0.000000,0.000000
1778943038.162975,0,0.000000,1.370000,0.000000,0.560000,1.000000,0.000000,1.000000,0.000000,0.210000,0.000000
1778943038.163611,0,0.000000,0.000000,0.000000,0.560000,1.000000,0.000000,1.000000,0.000000,0.000000,0.000000
1778943038.164123,0,0.000000,0.000000,0.000000,0.560000,1.000000,0.000000,1.000000,0.000000,0.000000,0.000000
1778943038.164656,0,0.000000,0.000000,0.000000,0.560000,1.000000,0.000000,1.000000,0.000000,0.000000,0.000000
1778943038.209157,0,0.000000,0.000000,0.000000,0.560000,0.020000,0.000000,1.000000,0.000000,0.000000,0.000000
1778943038.253132,0,0.000000,0.000000,0.000000,0.570000,0.500000,0.000000,1.000000,0.000000,0.000000,0.000000
1778943038.305293,0,0.000000,0.000000,0.000000,0.570000,0.950000,0.000000,1.000000,0.000000,0.000000,0.000000
1778943038.374909,0,0.000000,0.000000,0.000000,0.570000,1.000000,0.000000,1.000000,0.000000,0.000000,0.000000
1778943038.398045,0,0.000000,0.000000,0.000000,0.580000,1.000000,0.000000,1.000000,0.000000,0.000000,0.000000
1778943038.398681,0,0.000000,0.000000,0.000000,0.600000,1.000000,0.000000,1.000000,0.000000,0.000000,0.000000
1778943038.420024,0,0.000000,0.000000,0.000000,0.610000,1.000000,0.000000,1.000000,0.000000,0.000000,0.000000
1778943038.495172,0,0.000000,0.000000,0.000000,0.620000,1.000000,0.000000,1.000000,0.000000,0.000000,0.110000
1778943038.518082,0,0.000000,0.000000,0.000000,0.620000,1.000000,0.000000,1.000000,0.000000,0.000000,0.000000
1778943038.518707,0,0.000000,0.000000,0.000000,0.620000,1.000000,0.000000,1.000000,0.000000,0.000000,0.000000
1778943038.519230,0,0.000000,1.370000,0.000000,0.630000,1.000000,0.000000,1.000000,0.000000,0.210000,0.000000
1778943038.592433,0,0.000000,0.000000,0.000000,0.640000,1.000000,0.000000,1.000000,0.000000,0.000000,0.000000
1778943038.615984,0,0.000000,0.000000,0.000000,0.660000,1.000000,0.000000,0.150000,0.000000,0.000000,0.000000
1778943038.637100,0,0.000000,0.000000,0.000000,0.660000,0.370000,0.000000,0.310000,0.000000,0.000000,0.000000
1778943038.637744,0,0.000000,0.000000,0.000000,0.670000,0.870000,0.000000,0.440000,0.000000,0.000000,0.000000
1778943038.638296,0,0.000000,0.000000,0.000000,0.680000,1.000000,0.000000,0.870000,0.000000,0.000000,0.000000
1778943038.638837,0,0.000000,0.000000,0.000000,0.680000,0.510000,0.000000,1.000000,0.000000,0.000000,0.000000
1778943038.679667,0,0.000000,0.000000,0.000000,0.680000,1.000000,0.000000,1.000000,0.000000,0.000000,0.000000
1778943038.680358,0,0.000000,0.000000,0.000000,0.680000,1.000000,0.000000,1.000000,0.000000,0.000000,0.000000
1778943038.680882,0,0.000000,0.000000,0.000000,0.690000,0.150000,0.000000,1.000000,0.000000,0.000000,0.000000
1778943038.681408,0,0.000000,1.370000,0.000000,0.690000,0.510000,0.000000,1.000000,0.000000,0.210000,0.000000
1778943038.681974,0,0.000000,0.000000,0.000000,0.690000,0.860000,0.000000,1.000000,0.000000,0.000000,0.000000
1778943038.721270,0,0.000000,0.000000,0.000000,0.700000,1.000000,0.000000,0.050000,0.000000,0.000000,0.000000
1778943038.760062,0,0.000000,0.000000,0.000000,0.700000,1.000000,0.000000,0.170000,0.000000,0.000000,0.000000
1778943038.831441,0,0.000000,0.000000,0.000000,0.700000,1.000000,0.000000,0.270000,0.000000,0.000000,0.000000
1778943038.854128,0,0.000000,0.000000,0.000000,0.720000,1.000000,0.000000,0.370000,0.000000,0.000000,0.000000
1778943038.893629,0,0.000000,0.000000,0.000000,0.720000,1.000000,0.000000,0.490000,0.000000,0.000000,0.000000
1778943038.959648,0,0.000000,0.000000,0.000000,0.730000,1.000000,0.000000,0.600000,0.000000,0.000000,0.000000
1778943038.960903,0,0.000000,0.000000,0.000000,0.740000,1.000000,0.000000,0.920000,0.000000,0.000000,0.000000
1778943038.999775,0,0.000000,0.000000,0.000000,0.740000,1.000000,0.000000,1.000000,0.000000,0.000000,0.000000
1778943039.039443,0,0.000000,0.000000,0.000000,0.750000,0.860000,0.000000,1.000000,0.000000,0.000000,0.000000
1778943039.100842,0,0.000000,0.000000,0.000000,0.750000,1.000000,0.000000,1.000000,0.000000,0.000000,0.000000
1778943039.140426,0,0.000000,0.000000,0.000000,0.760000,0.120000,0.000000,1.000000,0.000000,0.000000,0.110000
1778943039.141080,0,0.000000,0.000000,0.000000,0.770000,0.810000,0.000000,1.000000,0.000000,0.000000,0.110000
1778943039.141614,0,0.000000,0.000000,0.000000,0.790000,1.000000,0.000000,1.000000,0.000000,0.000000,0.000000
1778943039.142146,0,0.000000,0.000000,0.000000,0.790000,1.000000,0.000000,1.000000,0.000000,0.000000,0.000000
1778943039.206645,0,0.000000,0.000000,0.000000,0.810000,1.000000,0.000000,1.000000,0.000000,0.000000,0.000000
1778943039.208512,0,0.000000,0.000000,0.000000,0.810000,1.000000,0.000000,1.000000,0.000000,0.000000,0.000000
1778943039.229280,0,0.000000,0.000000,0.000000,0.810000,1.000000,0.000000,1.000000,0.000000,0.000000,0.000000
1778943039.229990,0,0.000000,0.000000,0.000000,0.810000,1.000000,0.000000,1.000000,0.000000,0.000000,0.000000
1778943039.296849,0,0.000000,0.000000,0.000000,0.810000,1.000000,0.000000,1.000000,0.000000,0.000000,0.000000
1778943039.317638,0,0.000000,0.000000,0.000000,0.820000,1.000000,0.000000,1.000000,0.000000,0.000000,0.000000
1778943039.318267,0,0.000000,0.000000,0.000000,0.820000,1.000000,0.000000,1.000000,0.000000,0.000000,0.000000
1778943039.318864,0,0.000000,0.000000,0.000000,0.830000,1.000000,0.000000,1.000000,0.000000,0.000000,0.000000
1778943039.377853,0,0.000000,0.000000,0.000000,0.850000,1.000000,0.000000,1.000000,0.000000,0.000000,0.000000
1778943039.416009,0,0.000000,0.000000,0.000000,0.850000,0.250000,0.000000,1.000000,0.000000,0.000000,0.000000
1778943039.416631,0,0.000000,0.000000,0.000000,0.850000,0.560000,0.000000,1.000000,0.000000,0.000000,0.000000
1778943039.417210,0,0.000000,0.000000,0.000000,0.860000,0.890000,0.000000,1.000000,0.000000,0.000000,0.000000
1778943039.417854,0,0.000000,1.740000,0.000000,0.870000,0.000000,0.000000,0.010000,0.000000,0.670000,0.000000
1778943039.475229,0,0.000000,0.000000,0.000000,0.870000,0.280000,0.000000,0.110000,0.000000,0.000000,0.000000
1778943039.512806,0,0.000000,0.000000,0.000000,0.870000,0.620000,0.000000,0.230000,0.000000,0.000000,0.000000
1778943039.513439,0,0.000000,1.370000,0.000000,0.870000,0.940000,0.000000,0.340000,0.000000,0.210000,0.110000
1778943039.514067,0,0.000000,0.000000,0.000000,0.870000,1.000000,0.000000,0.460000,0.000000,0.000000,0.000000
1778943039.573552,0,0.000000,0.000000,0.000000,0.880000,1.000000,0.000000,0.670000,0.000000,0.000000,0.000000
1778943039.610548,0,0.000000,0.000000,0.000000,0.880000,1.000000,0.000000,0.790000,0.000000,0.000000,0.000000
1778943039.611212,0,0.000000,0.000000,0.000000,0.890000,0.120000,0.000000,0.890000,0.000000,0.000000,0.000000
1778943039.611737,0,0.000000,0.000000,0.000000,0.890000,0.030000,0.000000,1.000000,0.000000,0.000000,0.000000
1778943039.612238,0,0.000000,0.000000,0.000000,0.910000,0.110000,0.000000,1.000000,0.000000,0.000000,0.000000
1778943039.650772,0,0.000000,1.550000,0.000000,0.920000,0.000000,0.000000,1.000000,0.000000,0.440000,0.000000
1778943039.692457,0,0.000000,0.000000,0.000000,0.930000,0.440000,0.000000,1.000000,0.000000,0.000000,0.000000
1778943039.746353,0,0.000000,0.000000,0.000000,0.930000,0.890000,0.000000,1.000000,0.000000,0.000000,0.000000
1778943039.874647,0,0.000000,0.000000,0.000000,0.930000,1.000000,0.000000,1.000000,0.000000,0.000000,0.000000
1778943039.925315,0,0.000000,0.000000,0.000000,0.930000,1.000000,0.000000,1.000000,0.000000,0.000000,0.000000
1778943039.963812,0,0.000000,0.000000,0.000000,0.930000,1.000000,0.000000,1.000000,0.000000,0.000000,0.000000
1778943039.964446,0,0.000000,0.000000,0.000000,0.950000,1.000000,0.000000,1.000000,0.000000,0.000000,0.000000
1778943040.031884,0,0.000000,0.000000,0.000000,0.950000,1.000000,0.000000,1.000000,0.000000,0.000000,0.000000
1778943040.139921,0,0.000000,0.000000,0.000000,0.990000,1.000000,0.000000,1.000000,0.000000,0.000000,0.000000
1778943040.141491,0,0.000000,0.000000,0.000000,1.000000,0.170000,0.000000,1.000000,0.000000,0.000000,0.000000
1778943040.142842,0,0.000000,0.000000,0.000000,1.000000,0.680000,0.000000,1.000000,0.000000,0.000000,0.000000
1778943040.211074,0,0.000000,0.000000,0.000000,1.010000,1.000000,0.000000,1.000000,0.000000,0.000000,0.000000
1778943040.232152,0,0.000000,0.000000,0.000000,1.020000,0.750000,0.000000,1.000000,0.000000,0.000000,0.250000
1778943040.232752,0,0.000000,0.000000,0.000000,1.040000,1.000000,0.000000,1.000000,0.000000,0.000000,0.000000
1778943040.293164,0,0.000000,0.000000,0.000000,1.040000,1.000000,0.000000,1.000000,0.000000,0.000000,0.000000
1778943040.314035,0,0.000000,0.000000,0.000000,1.070000,0.120000,0.000000,0.000000,0.000000,0.000000,0.250000
1778943040.314655,0,0.000000,0.000000,0.000000,1.070000,0.680000,0.000000,0.110000,0.000000,0.000000,0.000000
1778943040.315237,0,0.000000,0.000000,0.000000,1.070000,1.000000,0.000000,0.230000,0.000000,0.000000,0.000000
1778943040.383743,0,0.000000,0.000000,0.000000,1.080000,1.000000,0.000000,0.430000,0.000000,0.000000,0.000000
1778943040.422182,0,0.000000,0.000000,0.000000,1.090000,0.340000,0.000000,0.640000,0.000000,0.000000,0.000000
1778943040.422807,0,0.000000,0.000000,0.000000,1.100000,1.000000,0.000000,0.760000,0.000000,0.000000,0.000000
1778943040.423333,0,0.000000,0.000000,0.000000,1.100000,1.000000,0.000000,0.870000,0.000000,0.000000,0.110000
1778943040.423877,0,0.000000,0.000000,0.000000,1.100000,1.000000,0.000000,0.970000,0.000000,0.000000,0.000000
1778943040.462702,0,0.000000,0.000000,0.000000,1.120000,0.550000,0.000000,1.000000,0.000000,0.000000,0.000000
1778943040.510716,0,0.000000,0.000000,0.000000,1.120000,1.000000,0.000000,1.000000,0.000000,0.000000,0.000000
1778943040.547719,0,0.000000,0.000000,0.000000,1.120000,1.000000,0.000000,1.000000,0.000000,0.000000,0.110000
1778943040.625476,0,0.000000,0.000000,0.000000,1.120000,1.000000,0.000000,1.000000,0.000000,0.000000,0.000000
1778943040.664791,0,0.000000,0.000000,0.000000,1.120000,1.000000,0.000000,1.000000,0.000000,0.000000,0.000000
1778943040.712356,0,0.000000,1.550000,0.000000,1.140000,0.000000,0.000000,0.250000,0.000000,0.440000,0.000000
1778943040.765476,0,0.000000,0.000000,0.000000,1.140000,0.690000,0.000000,0.310000,0.000000,0.000000,0.000000
1778943040.803721,0,0.000000,0.000000,0.000000,1.150000,1.000000,0.000000,0.570000,0.000000,0.000000,0.000000
1778943040.804361,0,0.000000,0.000000,0.000000,1.170000,0.750000,0.000000,0.910000,0.000000,0.000000,0.000000
1778943040.804991,0,0.000000,0.000000,0.000000,1.190000,1.000000,0.000000,1.000000,0.000000,0.000000,0.000000
1778943040.805571,0,0.000000,1.370000,0.000000,1.200000,1.000000,0.000000,1.000000,0.000000,0.210000,0.000000
1778943040.806137,0,0.000000,1.550000,0.000000,1.200000,0.000000,0.000000,1.000000,0.000000,0.440000,0.000000
1778943040.806643,0,0.000000,0.000000,0.000000,1.200000,1.000000,0.000000,0.000000,0.000000,0.000000,0.370000
1778943040.844741,0,0.000000,0.000000,0.000000,1.200000,1.000000,0.000000,0.100000,0.000000,0.000000,0.000000
1778943040.845369,0,0.000000,0.000000,0.000000,1.200000,1.000000,0.000000,0.170000,0.000000,0.000000,0.000000
1778943040.917735,0,0.000000,0.000000,0.000000,1.200000,1.000000,0.000000,0.210000,0.000000,0.000000,0.000000
1778943040.958998,0,0.000000,0.000000,0.000000,1.200000,1.000000,0.000000,0.280000,0.000000,0.000000,0.000000
1778943041.052727,0,0.000000,0.000000,0.000000,1.200000,1.000000,0.000000,0.340000,0.000000,0.000000,0.000000
1778943041.093656,0,0.000000,1.370000,0.000000,1.200000,1.000000,0.000000,0.400000,0.000000,0.210000,0.000000
1778943041.094282,0,0.000000,0.000000,0.000000,1.200000,1.000000,0.000000,0.560000,0.000000,0.000000,0.000000
1778943041.094795,0,0.000000,0.000000,0.000000,1.200000,1.000000,0.000000,0.620000,0.000000,0.000000,0.000000
1778943041.136545,0,0.000000,0.000000,0.000000,1.200000,1.000000,0.000000,0.850000,0.000000,0.000000,0.110000
1778943041.174354,0,0.000000,0.000000,0.000000,1.200000,1.000000,0.000000,1.000000,0.000000,0.000000,0.000000
1778943041.174996,0,0.000000,0.000000,0.000000,1.200000,1.000000,0.000000,1.000000,0.000000,0.000000,0.000000
1778943041.175547,0,0.000000,0.000000,0.000000,1.200000,1.000000,0.000000,1.000000,0.000000,0.000000,0.000000
1778943041.176055,0,0.000000,0.000000,0.000000,1.200000,1.000000,0.000000,1.000000,0.000000,0.000000,0.000000
1778943041.176608,0,0.000000,0.000000,0.000000,1.200000,1.000000,0.000000,1.000000,0.000000,0.000000,0.000000
1778943041.245645,0,0.000000,1.370000,0.000000,1.200000,1.000000,0.000000,1.000000,0.000000,0.210000,0.000000
1778943041.285173,0,0.000000,0.000000,0.000000,1.200000,1.000000,0.000000,1.000000,0.000000,0.000000,0.000000
1778943041.285870,0,0.000000,0.000000,0.000000,1.200000,1.000000,0.000000,1.000000,0.000000,0.210000,0.250000
1778943041.286437,0,0.000000,0.000000,0.000000,1.200000,1.000000,0.000000,1.000000,0.000000,0.000000,0.000000
1778943041.287005,0,0.000000,0.000000,0.000000,1.200000,1.000000,0.000000,1.000000,0.000000,0.000000,0.000000
1778943041.287619,0,0.000000,0.000000,0.000000,1.200000,0.280000,0.000000,1.000000,0.000000,0.000000,0.000000
1778943041.342775,0,0.000000,0.000000,0.000000,1.200000,1.000000,0.000000,1.000000,0.000000,0.000000,0.110000
1778943041.403681,0,0.000000,0.000000,0.000000,1.200000,1.000000,0.000000,1.000000,0.000000,0.000000,0.000000
1778943041.456103,0,0.000000,0.000000,0.000000,1.200000,1.000000,0.000000,1.000000,0.000000,0.000000,0.000000
1778943041.524459,0,0.000000,0.000000,0.000000,1.200000,0.770000,0.000000,1.000000,0.000000,0.000000,0.000000
1778943041.545978,0,0.000000,0.000000,0.000000,1.200000,1.000000,0.000000,1.000000,0.000000,0.000000,0.000000
1778943041.567478,0,0.000000,0.000000,0.000000,1.200000,1.000000,0.000000,1.000000,0.000000,0.000000,0.000000
1778943041.568118,0,0.000000,0.000000,0.000000,1.200000,1.000000,0.000000,1.000000,0.000000,0.000000,0.000000
1778943041.568693,0,0.000000,0.000000,0.000000,1.200000,1.000000,0.000000,1.000000,0.000000,0.000000,0.000000
1778943041.569201,0,0.000000,0.000000,0.000000,1.200000,1.000000,0.000000,1.000000,0.000000,0.000000,0.000000
1778943041.620183,0,0.000000,0.000000,0.000000,1.200000,1.000000,0.000000,1.000000,0.000000,0.000000,0.000000
1778943041.657306,0,0.000000,0.000000,0.000000,1.200000,1.000000,0.000000,1.000000,0.000000,0.000000,0.110000
1778943041.744219,0,0.000000,0.000000,0.000000,1.200000,1.000000,0.000000,1.000000,0.000000,0.000000,0.000000
1778943041.746353,0,0.000000,0.000000,0.000000,1.200000,1.000000,0.000000,1.000000,0.000000,0.000000,0.000000
1778943041.784634,0,0.000000,0.000000,0.000000,0.000000,0.770000,0.000000,0.000000,0.370000,0.000000,0.000000
1778943041.785348,0,0.000000,0.000000,0.000000,1.200000,1.000000,0.000000,0.070000,0.470000,0.000000,0.110000
1778943041.863613,0,0.000000,0.000000,0.000000,0.000000,1.000000,0.000000,0.250000,0.990000,0.000000,0.000000
1778943041.908974,0,0.000000,0.000000,0.000000,0.000000,1.000000,0.000000,0.490000,1.530000,0.000000,0.000000
1778943041.964213,0,0.000000,0.000000,0.000000,0.000000,1.000000,0.000000,0.550000,0.930000,0.000000,0.000000
1778943041.964910,0,0.000000,0.000000,0.000000,0.000000,1.000000,0.000000,0.610000,0.680000,0.000000,0.110000
1778943041.965434,0,0.000000,0.000000,0.000000,0.000000,1.000000,0.000000,0.820000,0.720000,0.000000,0.000000
1778943041.978163,0,0.000000,0.000000,0.000000,0.000000,1.000000,0.000000,0.940000,1.530000,0.000000,0.000000
1778943042.071884,0,0.000000,0.000000,0.000000,0.000000,0.770000,0.000000,1.000000,1.450000,0.000000,0.000000
1778943042.126738,0,0.000000,1.550000,0.000000,0.000000,0.000000,0.000000,1.000000,1.500000,0.440000,0.000000
1778943042.183364,0,0.000000,0.000000,0.000000,0.000000,0.800000,0.000000,1.000000,1.480000,0.000000,0.000000
1778943042.211849,0,0.000000,0.000000,0.000000,0.000000,1.000000,0.000000,1.000000,1.600000,0.000000,0.000000
1778943042.242278,0,0.000000,0.000000,0.000000,0.000000,1.000000,0.000000,1.000000,0.860000,0.000000,0.000000
1778943042.242934,0,0.000000,0.000000,0.000000,0.000000,0.200000,0.000000,1.000000,0.580000,0.000000,0.000000
1778943042.283413,0,0.000000,0.000000,0.000000,0.000000,1.000000,0.000000,1.000000,1.200000,0.000000,0.000000
1778943042.315831,0,0.000000,0.000000,0.000000,0.000000,1.000000,0.000000,1.000000,1.420000,0.000000,0.000000
1778943042.316469,0,0.000000,0.000000,0.000000,0.000000,1.000000,0.000000,1.000000,1.460000,0.000000,0.000000
1778943042.317068,0,0.000000,0.000000,0.000000,0.000000,1.000000,0.000000,1.000000,1.530000,0.000000,0.000000
1778943042.317603,0,0.000000,0.000000,0.000000,0.000000,1.000000,0.000000,1.000000,1.470000,0.000000,0.000000
1778943042.318110,0,0.000000,0.000000,0.000000,0.000000,1.000000,0.000000,1.000000,1.390000,0.000000,0.000000
1778943042.349054,0,0.000000,0.000000,0.000000,0.000000,1.000000,0.000000,1.000000,1.450000,0.000000,0.000000
1778943042.349668,0,0.000000,0.000000,0.000000,0.000000,1.000000,0.000000,1.000000,1.500000,0.000000,0.000000
1778943042.350188,0,0.000000,0.000000,0.000000,0.000000,1.000000,0.000000,1.000000,1.510000,0.000000,0.110000
1778943042.379177,0,0.000000,0.000000,0.000000,0.000000,1.000000,0.000000,1.000000,1.510000,0.000000,0.000000
1778943042.409233,0,0.000000,0.000000,0.000000,0.000000,1.000000,0.000000,1.000000,1.370000,0.000000,0.000000
1778943042.438103,0,0.000000,0.000000,0.000000,0.000000,1.000000,0.000000,1.000000,1.330000,0.000000,0.000000
1778943042.438738,0,0.000000,0.000000,0.000000,0.000000,1.000000,0.000000,1.000000,1.290000,0.000000,0.000000
1778943042.531790,0,0.000000,0.000000,0.000000,0.000000,1.000000,0.000000,1.000000,1.270000,0.000000,0.000000
1778943042.532428,0,0.000000,0.000000,0.000000,0.000000,1.000000,0.000000,1.000000,1.270000,0.000000,0.000000
1778943042.532970,0,0.000000,0.000000,0.000000,0.000000,1.000000,0.000000,1.000000,1.280000,0.000000,0.000000
1778943042.533494,0,0.000000,0.000000,0.000000,0.000000,1.000000,0.000000,1.000000,1.300000,0.000000,0.000000
1778943042.533986,0,0.000000,0.000000,0.000000,0.000000,1.000000,0.000000,1.000000,1.470000,0.000000,0.000000
1778943042.534530,0,0.000000,0.000000,0.000000,0.000000,1.000000,0.000000,1.000000,1.500000,0.000000,0.000000
1778943042.589174,0,0.000000,0.000000,0.000000,0.000000,1.000000,0.000000,1.000000,1.570000,0.000000,0.000000
1778943042.589875,0,0.000000,0.000000,0.000000,0.000000,1.000000,0.000000,1.000000,1.660000,0.000000,0.000000
1778943042.626149,0,0.000000,0.000000,0.000000,0.000000,0.200000,0.000000,1.000000,1.690000,0.000000,0.000000
1778943042.693555,0,0.000000,0.000000,0.000000,0.000000,0.940000,0.000000,1.000000,1.710000,0.000000,0.250000
1778943042.732313,0,0.000000,0.000000,0.000000,0.000000,1.000000,0.000000,1.000000,1.750000,0.000000,0.250000
1778943042.732929,0,0.000000,0.000000,0.000000,0.000000,0.050000,0.000000,1.000000,1.790000,0.000000,0.000000
1778943042.733442,0,0.000000,0.000000,0.000000,0.000000,0.570000,0.000000,1.000000,1.750000,0.000000,0.000000
1778943042.733945,0,0.000000,0.000000,0.000000,0.000000,0.110000,0.000000,1.000000,1.460000,0.000000,0.000000
1778943042.783314,0,0.000000,0.000000,0.000000,0.000000,0.570000,0.000000,1.000000,1.440000,0.000000,0.000000
1778943042.820218,0,0.000000,0.000000,0.000000,0.000000,1.000000,0.000000,1.000000,1.420000,0.000000,0.000000
1778943042.858196,0,0.000000,0.000000,0.000000,0.000000,1.000000,0.000000,1.000000,1.420000,0.000000,0.000000
1778943042.858923,0,0.000000,0.000000,0.000000,0.000000,1.000000,0.000000,1.000000,1.410000,0.000000,0.000000
1778943042.918830,0,0.000000,0.000000,0.000000,0.000000,1.000000,0.000000,1.000000,1.420000,0.000000,0.000000
1778943042.955642,0,0.000000,0.000000,0.000000,0.000000,1.000000,0.000000,1.000000,1.450000,0.000000,0.000000
1778943043.031770,0,0.000000,0.000000,0.000000,0.000000,1.000000,0.000000,1.000000,1.500000,0.000000,0.000000
1778943043.071680,0,0.000000,0.000000,0.000000,0.000000,1.000000,0.000000,1.000000,1.630000,0.000000,0.000000
1778943043.072314,0,0.000000,0.000000,0.000000,0.000000,1.000000,0.000000,1.000000,1.750000,0.000000,0.000000
1778943043.144222,0,0.000000,0.000000,0.000000,0.000000,1.000000,0.000000,1.000000,1.750000,0.000000,0.000000
1778943043.182487,0,0.000000,1.370000,0.000000,0.000000,1.000000,0.000000,1.000000,1.790000,0.210000,0.000000
1778943043.183175,0,0.000000,0.000000,0.000000,0.000000,1.000000,0.000000,1.000000,1.520000,0.000000,0.000000
1778943043.183750,0,0.000000,0.000000,0.000000,0.000000,1.000000,0.000000,1.000000,1.500000,0.000000,0.000000
1778943043.248505,0,0.000000,0.000000,0.000000,0.000000,1.000000,0.000000,1.000000,1.500000,0.000000,0.000000
1778943043.333054,0,0.000000,0.000000,0.000000,0.000000,1.000000,0.000000,1.000000,1.670000,0.000000,0.000000
1778943043.431511,0,0.000000,0.000000,0.000000,0.000000,1.000000,0.000000,1.000000,1.660000,0.000000,0.000000
1778943043.519446,0,0.000000,0.000000,0.000000,0.000000,0.020000,0.000000,1.000000,1.690000,0.000000,0.000000
1778943043.520370,0,0.000000,0.000000,0.000000,0.000000,1.000000,0.000000,1.000000,1.850000,0.000000,0.000000
1778943043.560160,0,0.000000,0.000000,0.000000,0.000000,1.000000,0.000000,1.000000,1.850000,0.000000,0.000000
1778943043.738763,0,0.000000,0.000000,0.000000,0.000000,0.680000,0.000000,1.000000,1.880000,0.000000,0.000000
1778943043.740239,0,0.000000,0.000000,0.000000,0.000000,0.120000,0.000000,1.000000,1.840000,0.000000,0.000000
1778943043.791547,0,0.000000,0.000000,0.000000,0.000000,0.070000,0.000000,1.000000,2.010000,0.000000,0.000000
1778943043.843287,0,0.000000,0.000000,0.000000,0.000000,0.230000,0.000000,1.000000,2.030000,0.000000,0.000000
1778943043.899852,0,0.000000,0.000000,0.000000,0.000000,0.360000,0.000000,1.000000,2.030000,0.000000,0.000000
1778943043.992487,0,0.000000,0.000000,0.000000,0.000000,0.100000,0.000000,1.000000,1.850000,0.000000,0.000000
1778943044.022843,0,0.000000,0.000000,0.000000,0.000000,0.610000,0.000000,1.000000,1.870000,0.000000,0.110000
1778943044.023573,0,0.000000,0.000000,0.000000,0.000000,1.000000,0.000000,1.000000,1.790000,0.000000,0.000000
1778943044.024063,0,0.000000,0.000000,0.000000,0.000000,1.000000,0.000000,1.000000,1.940000,0.000000,0.000000
1778943044.052106,0,0.000000,0.000000,0.000000,0.000000,1.000000,0.000000,1.000000,1.960000,0.000000,0.000000
1778943044.052647,0,0.000000,0.000000,0.000000,0.000000,1.000000,0.000000,1.000000,1.750000,0.000000,0.000000
1778943044.082436,0,0.000000,0.000000,0.000000,0.000000,1.000000,0.000000,1.000000,1.660000,0.000000,0.000000
1778943044.082948,0,0.000000,0.000000,0.000000,0.000000,1.000000,0.000000,1.000000,1.610000,0.000000,0.000000
1778943044.111033,0,0.000000,0.000000,0.000000,0.000000,1.000000,0.000000,1.000000,1.600000,0.000000,0.000000
1778943044.111524,0,0.000000,0.000000,0.000000,0.000000,1.000000,0.000000,1.000000,1.590000,0.000000,0.000000
1778943044.203795,0,0.000000,0.000000,0.000000,0.000000,1.000000,0.000000,1.000000,1.490000,0.000000,0.000000
1778943044.204917,0,0.000000,0.000000,0.000000,0.000000,1.000000,0.000000,1.000000,1.420000,0.000000,0.000000
1778943044.258693,0,0.000000,0.000000,0.000000,0.000000,1.000000,0.000000,1.000000,1.380000,0.000000,0.000000
1778943044.320725,0,0.000000,0.000000,0.000000,0.000000,1.000000,0.000000,1.000000,1.370000,0.000000,0.000000
1778943044.426833,0,0.000000,1.370000,0.000000,0.000000,1.000000,0.000000,1.000000,1.280000,0.210000,0.000000
1778943044.472901,0,0.000000,0.000000,0.000000,0.000000,1.000000,0.000000,1.000000,0.890000,0.000000,0.000000
1778943044.554261,0,0.000000,1.370000,0.000000,0.000000,1.000000,0.000000,1.000000,0.980000,0.210000,0.000000
1778943044.579444,0,0.000000,0.000000,0.000000,0.000000,0.660000,0.000000,1.000000,0.770000,0.000000,0.000000
1778943044.579943,0,0.000000,0.000000,0.000000,0.000000,1.000000,0.000000,1.000000,0.720000,0.000000,0.000000
1778943044.603032,0,0.000000,0.000000,0.000000,0.000000,0.500000,0.000000,1.000000,0.750000,0.000000,0.000000
1778943044.603527,0,0.000000,1.550000,0.000000,0.000000,0.000000,0.000000,1.000000,0.740000,0.440000,0.000000
1778943044.603930,0,0.000000,0.000000,0.000000,0.000000,0.630000,0.000000,1.000000,0.620000,0.000000,0.000000
1778943044.697540,0,0.000000,0.000000,0.000000,0.000000,0.920000,0.000000,1.000000,0.620000,0.000000,0.000000
1778943044.723520,0,0.000000,0.000000,0.000000,0.000000,1.000000,0.000000,1.000000,0.600000,0.000000,0.000000
1778943044.724032,0,0.000000,0.000000,0.000000,0.000000,1.000000,0.000000,1.000000,0.610000,0.000000,0.000000
1778943044.724425,0,0.000000,0.000000,0.000000,0.000000,1.000000,0.000000,1.000000,0.540000,0.000000,0.000000
1778943044.747629,0,0.000000,0.000000,0.000000,0.000000,1.000000,0.000000,1.000000,0.430000,0.000000,0.000000
1778943044.748131,0,0.000000,0.000000,0.000000,0.000000,1.000000,0.000000,1.000000,0.400000,0.000000,0.000000
1778943044.771336,0,0.000000,0.000000,0.000000,0.000000,0.110000,0.000000,1.000000,0.400000,0.000000,0.000000
1778943044.846041,0,0.000000,0.000000,0.000000,0.000000,0.370000,0.000000,1.000000,0.400000,0.000000,0.000000
1778943044.869851,0,0.000000,0.000000,0.000000,0.000000,0.660000,0.000000,1.000000,0.380000,0.000000,0.000000
1778943044.960918,0,0.000000,0.000000,0.000000,0.000000,0.910000,0.000000,1.000000,0.380000,0.000000,0.000000
1778943044.989863,0,0.000000,0.000000,0.000000,0.000000,1.000000,0.000000,1.000000,0.380000,0.000000,0.000000
1778943044.990360,0,0.000000,0.000000,0.000000,0.000000,1.000000,0.000000,1.000000,0.380000,0.000000,0.000000
1778943044.990800,0,0.000000,0.000000,0.000000,0.000000,0.110000,0.000000,1.000000,0.360000,0.000000,0.000000
1778943045.013808,0,0.000000,0.000000,0.000000,0.000000,0.660000,0.000000,1.000000,0.340000,0.000000,0.000000
1778943045.056671,0,0.000000,1.370000,0.000000,0.000000,0.810000,0.000000,1.000000,0.330000,0.210000,0.000000
1778943045.057926,0,0.000000,0.000000,0.000000,0.000000,1.000000,0.000000,1.000000,0.340000,0.000000,0.000000
1778943045.101032,0,0.000000,0.000000,0.000000,0.000000,0.010000,0.000000,1.000000,0.340000,0.000000,0.000000
1778943045.144237,0,0.000000,0.000000,0.000000,0.000000,0.230000,0.000000,1.000000,0.340000,0.000000,0.000000
1778943045.144922,0,0.000000,0.000000,0.000000,0.000000,0.690000,0.000000,1.000000,0.360000,0.000000,0.000000
1778943045.237909,0,0.000000,0.000000,0.000000,0.000000,0.050000,0.000000,1.000000,0.370000,0.000000,0.000000
1778943045.264446,0,0.000000,0.000000,0.000000,0.000000,0.740000,0.000000,1.000000,0.370000,0.000000,0.000000
1778943045.287636,0,0.000000,0.000000,0.000000,0.000000,1.000000,0.000000,1.000000,0.360000,0.000000,0.000000
1778943045.348113,0,0.000000,0.000000,0.000000,0.000000,1.000000,0.000000,1.000000,0.360000,0.000000,0.000000
1778943045.391348,0,0.000000,0.000000,0.000000,0.000000,0.150000,0.000000,1.000000,0.370000,0.000000,0.000000
1778943045.434001,0,0.000000,1.550000,0.000000,0.000000,0.000000,0.000000,1.000000,0.460000,0.440000,0.000000
1778943045.478630,0,0.000000,1.370000,0.000000,0.000000,0.310000,0.000000,1.000000,0.490000,0.210000,0.000000
1778943045.535031,0,0.000000,1.370000,0.000000,0.000000,0.700000,0.000000,1.000000,0.560000,0.210000,0.000000
1778943045.579061,0,0.000000,1.370000,0.000000,0.000000,0.910000,0.000000,1.000000,0.560000,0.210000,0.000000
1778943045.580096,0,0.000000,1.370000,0.000000,0.000000,1.000000,0.000000,1.000000,0.580000,0.210000,0.000000
1778943045.624556,0,0.000000,1.370000,0.000000,0.000000,0.430000,0.000000,1.000000,0.570000,0.210000,0.000000
1778943045.667979,0,0.000000,1.370000,0.000000,1.660000,0.800000,0.000000,1.000000,0.600000,0.210000,0.750000
1778943045.746887,0,0.000000,1.370000,0.000000,0.000000,1.000000,0.000000,1.000000,0.580000,0.210000,0.000000
1778943045.794373,0,0.000000,1.370000,0.000000,0.000000,1.000000,0.000000,1.000000,0.570000,0.210000,0.000000
1778943045.840950,0,0.000000,1.550000,0.000000,0.000000,0.000000,0.000000,1.000000,0.560000,0.440000,0.000000
1778943045.841474,0,0.000000,0.890000,0.000000,0.000000,0.000000,0.000000,1.000000,0.520000,0.440000,0.000000
1778943045.841875,0,0.000000,0.440000,0.000000,0.000000,0.010000,0.000000,1.000000,0.510000,0.210000,0.000000
1778943045.842255,0,0.000000,0.440000,0.000000,0.000000,0.930000,0.000000,1.000000,0.470000,0.210000,0.000000
1778943045.903248,0,0.000000,1.370000,0.000000,0.000000,1.000000,0.000000,1.000000,0.460000,0.210000,0.000000
1778943045.903834,0,0.000000,1.370000,0.000000,0.000000,1.000000,0.000000,1.000000,0.470000,0.210000,0.000000
1778943045.949028,0,0.000000,0.000000,0.000000,0.000000,1.000000,0.000000,1.000000,0.460000,0.000000,0.000000
1778943045.949559,0,0.000000,1.740000,0.000000,0.000000,0.000000,0.000000,1.000000,0.460000,0.670000,0.000000
1778943045.949967,0,0.000000,0.440000,0.000000,0.000000,0.540000,0.000000,1.000000,0.410000,0.210000,0.000000
1778943045.950642,0,0.000000,1.370000,0.000000,0.000000,0.920000,0.000000,1.000000,0.330000,0.210000,0.000000
1778943045.951074,0,0.000000,0.440000,0.000000,0.000000,1.000000,0.000000,1.000000,0.310000,0.210000,0.000000
1778943046.031529,0,0.000000,0.000000,0.000000,0.000000,1.000000,0.000000,1.000000,0.310000,0.000000,0.000000
1778943046.090604,0,0.000000,1.550000,0.000000,0.000000,0.000000,0.000000,1.000000,0.280000,0.440000,0.000000
1778943046.135465,0,0.000000,0.440000,0.000000,0.000000,0.120000,0.000000,1.000000,0.250000,0.210000,0.000000
1778943046.135993,0,0.000000,0.000000,0.000000,0.000000,0.280000,0.000000,1.000000,0.210000,0.000000,0.000000
1778943046.136400,0,0.000000,1.370000,0.000000,0.000000,0.070000,0.000000,0.000000,0.110000,0.210000,0.000000
1778943046.182398,0,0.000000,1.370000,0.000000,0.000000,0.550000,0.000000,0.110000,0.100000,0.210000,0.000000
1778943046.182948,0,0.000000,1.370000,0.000000,0.000000,1.000000,0.000000,0.300000,0.000000,0.210000,0.000000
1778943046.228598,0,0.000000,1.370000,0.000000,0.000000,1.000000,0.000000,0.340000,0.000000,0.210000,0.000000
1778943046.229131,0,0.000000,1.370000,0.000000,0.000000,1.000000,0.000000,0.400000,0.000000,0.210000,0.000000
1778943046.292982,0,0.000000,1.370000,0.000000,0.000000,0.110000,0.000000,0.460000,0.000000,0.210000,0.000000
1778943046.338231,0,0.000000,1.550000,0.000000,0.000000,0.370000,0.000000,0.510000,0.000000,0.440000,0.000000
1778943046.338815,0,0.000000,1.550000,0.000000,0.000000,0.200000,0.000000,0.000000,0.000000,0.440000,0.000000
1778943046.421317,0,0.000000,1.550000,0.000000,0.000000,0.410000,0.000000,0.070000,0.000000,0.440000,0.000000
1778943046.496187,0,0.000000,0.890000,0.000000,0.000000,0.340000,0.000000,0.250000,0.000000,0.440000,0.000000
1778943046.588150,0,0.000000,1.550000,0.000000,0.000000,1.000000,0.000000,0.430000,0.000000,0.440000,0.000000
1778943046.615155,0,0.000000,0.440000,0.000000,1.290000,0.020000,0.000000,0.500000,0.000000,0.210000,0.110000
1778943046.640812,0,0.000000,1.740000,0.000000,0.000000,0.550000,0.000000,0.620000,0.000000,0.670000,0.000000
1778943046.665716,0,0.000000,1.370000,0.000000,0.000000,0.430000,0.000000,1.000000,0.000000,0.210000,0.000000
1778943046.728142,0,0.000000,0.440000,0.000000,0.000000,0.050000,0.000000,1.000000,0.000000,0.210000,0.000000
1778943046.752966,0,0.000000,1.370000,0.000000,0.000000,0.340000,0.000000,1.000000,0.000000,0.210000,0.000000
1778943046.810604,0,0.000000,1.370000,0.000000,0.000000,0.570000,0.000000,1.000000,0.000000,0.210000,0.000000
1778943046.856378,0,0.000000,0.890000,0.000000,0.000000,0.000000,0.000000,1.000000,0.000000,0.440000,0.000000
1778943046.902548,0,0.000000,1.370000,0.000000,0.000000,0.920000,0.000000,1.000000,0.000000,0.210000,0.000000
1778943046.948774,0,0.000000,1.740000,0.000000,0.000000,0.340000,0.000000,1.000000,0.000000,0.670000,0.000000
1778943047.005366,0,0.000000,1.370000,0.000000,0.000000,0.810000,0.000000,1.000000,0.000000,0.210000,0.000000
1778943047.052413,0,0.000000,1.370000,0.000000,0.000000,0.280000,0.000000,0.000000,0.000000,0.210000,0.000000
1778943047.052923,0,0.000000,1.370000,0.000000,0.000000,0.880000,0.000000,0.180000,0.000000,0.210000,0.000000
1778943047.098946,0,0.000000,1.550000,0.000000,0.000000,1.000000,0.000000,0.310000,0.000000,0.440000,0.000000
1778943047.156351,0,0.000000,1.740000,0.000000,0.000000,0.150000,0.000000,0.430000,0.000000,0.670000,0.000000
1778943047.201576,0,0.000000,1.550000,0.000000,1.290000,0.750000,0.000000,0.800000,0.000000,0.440000,0.000000
1778943047.248537,0,0.000000,1.370000,0.000000,0.000000,0.110000,0.000000,0.870000,0.000000,0.210000,0.000000
1778943047.345513,0,0.000000,1.370000,0.000000,0.000000,0.500000,0.000000,0.980000,0.000000,0.210000,0.000000
1778943047.373461,0,0.000000,1.370000,0.000000,0.000000,1.000000,0.000000,0.000000,0.000000,0.210000,0.000000
1778943047.420965,0,0.000000,1.370000,0.000000,0.010000,0.660000,0.000000,0.230000,0.000000,0.210000,0.000000
1778943047.421483,0,0.000000,0.440000,0.000000,0.020000,0.610000,0.000000,0.430000,0.000000,0.210000,0.000000
1778943047.422058,0,0.000000,1.370000,0.000000,0.030000,0.250000,0.000000,0.550000,0.000000,0.210000,0.000000
1778943047.422492,0,0.000000,1.370000,0.000000,0.050000,1.000000,0.000000,0.910000,0.000000,0.210000,0.000000
1778943047.422870,0,0.000000,1.370000,0.000000,0.050000,1.000000,0.000000,1.000000,0.000000,0.210000,0.000000
1778943047.485659,0,0.000000,1.370000,0.000000,0.070000,1.000000,0.000000,1.000000,0.000000,0.210000,0.000000
1778943047.510813,0,0.000000,1.370000,0.000000,0.070000,1.000000,0.000000,1.000000,0.000000,0.210000,0.000000
1778943047.535845,0,0.000000,1.370000,0.000000,0.070000,1.000000,0.000000,1.000000,0.000000,0.210000,0.000000
1778943047.582427,0,0.000000,1.370000,0.000000,0.070000,1.000000,0.000000,1.000000,0.000000,0.210000,0.110000
1778943047.643296,0,0.000000,1.370000,0.000000,0.090000,1.000000,0.000000,1.000000,0.000000,0.210000,0.000000
1778943047.690784,0,0.000000,1.550000,0.000000,0.090000,1.000000,0.000000,1.000000,0.000000,0.440000,0.110000
1778943047.691320,0,0.000000,1.370000,0.000000,0.090000,1.000000,0.000000,1.000000,0.000000,0.210000,0.000000
1778943047.691728,0,0.000000,1.370000,0.000000,0.100000,1.000000,0.000000,0.050000,0.000000,0.210000,0.000000
1778943047.692120,0,0.000000,0.440000,0.000000,0.100000,1.000000,0.000000,0.150000,0.000000,0.210000,0.000000
1778943047.692486,0,0.000000,0.440000,0.000000,0.110000,0.050000,0.000000,0.360000,0.000000,0.210000,0.000000
1778943047.763035,0,0.000000,1.370000,0.000000,0.110000,0.430000,0.000000,0.400000,0.000000,0.210000,0.000000
1778943047.808596,0,0.000000,1.370000,0.000000,0.120000,0.810000,0.000000,0.460000,0.000000,0.210000,0.000000
1778943047.883218,0,0.000000,1.370000,0.000000,0.120000,1.000000,0.000000,0.510000,0.000000,0.210000,0.000000
1778943047.930964,0,0.000000,1.370000,0.000000,0.120000,1.000000,0.000000,0.560000,0.000000,0.210000,0.000000
1778943047.931483,0,0.000000,1.370000,0.000000,0.140000,0.230000,0.000000,0.720000,0.000000,0.210000,0.000000
1778943047.931901,0,0.000000,1.550000,0.000000,0.150000,0.330000,0.000000,0.810000,0.000000,0.440000,0.000000
1778943047.932283,0,0.000000,1.370000,0.000000,0.150000,0.180000,0.000000,0.930000,0.000000,0.210000,0.000000
1778943047.995606,0,0.000000,1.370000,0.000000,0.180000,0.760000,0.000000,1.000000,0.000000,0.210000,0.000000
1778943048.042727,0,0.000000,1.370000,0.000000,0.180000,1.000000,0.000000,1.000000,0.000000,0.210000,0.000000
1778943048.043267,0,0.000000,1.740000,0.000000,0.180000,0.300000,0.000000,1.000000,0.000000,0.670000,0.000000
1778943048.043694,0,0.000000,1.370000,0.000000,0.180000,0.820000,0.000000,1.000000,0.000000,0.210000,0.000000
1778943048.044107,0,0.000000,1.370000,0.000000,0.180000,1.000000,0.000000,1.000000,0.000000,0.210000,0.000000
1778943048.044501,0,0.000000,1.550000,0.000000,0.200000,0.170000,0.000000,1.000000,0.000000,0.440000,0.000000
1778943048.155809,0,0.000000,1.370000,0.000000,0.200000,0.570000,0.000000,1.000000,0.000000,0.210000,0.000000
1778943048.184319,0,0.000000,1.370000,0.000000,0.200000,0.120000,0.000000,1.000000,0.000000,0.210000,0.000000
1778943048.209809,0,0.000000,1.550000,0.000000,0.200000,0.540000,0.000000,1.000000,0.000000,0.440000,0.110000
1778943048.210305,0,0.000000,1.370000,0.000000,0.200000,0.930000,0.000000,1.000000,0.000000,0.210000,0.000000
1778943048.273210,0,0.000000,1.370000,0.000000,0.200000,1.000000,0.000000,1.000000,0.000000,0.210000,0.000000
1778943048.320249,0,0.000000,1.550000,0.000000,0.230000,1.000000,0.000000,1.000000,0.000000,0.440000,0.000000
1778943048.320770,0,0.000000,0.440000,0.000000,0.230000,1.000000,0.000000,1.000000,0.000000,0.210000,0.000000
1778943048.321166,0,0.000000,1.550000,0.000000,0.230000,0.000000,0.000000,1.000000,0.000000,0.440000,0.000000
1778943048.321543,0,0.000000,0.440000,0.000000,0.250000,0.050000,0.000000,1.000000,0.000000,0.210000,0.000000
1778943048.322169,0,0.000000,1.370000,0.000000,0.250000,0.430000,0.000000,0.000000,0.000000,0.210000,0.110000
1778943048.408994,0,0.000000,0.440000,0.000000,0.250000,0.050000,0.000000,0.030000,0.000000,0.210000,0.000000
1778943048.458046,0,0.000000,1.370000,0.000000,0.250000,0.570000,0.000000,0.070000,0.000000,0.210000,0.000000
1778943048.458575,0,0.000000,1.370000,0.000000,0.250000,1.000000,0.000000,0.100000,0.000000,0.210000,0.000000
1778943048.458976,0,0.000000,1.370000,0.000000,0.250000,1.000000,0.000000,0.120000,0.000000,0.210000,0.000000
1778943048.459348,0,0.000000,1.550000,0.000000,0.270000,1.000000,0.000000,0.230000,0.000000,0.440000,0.000000
1778943048.505550,0,0.000000,1.370000,0.000000,0.280000,1.000000,0.000000,0.310000,0.000000,0.210000,0.000000
1778943048.565175,0,0.000000,1.550000,0.000000,0.280000,1.000000,0.000000,0.360000,0.000000,0.440000,0.000000
1778943048.611537,0,0.000000,1.550000,0.000000,0.280000,1.000000,0.000000,0.380000,0.010000,0.440000,0.000000
1778943048.658462,0,0.000000,1.910000,0.000000,0.280000,1.000000,0.000000,0.410000,0.020000,0.890000,0.000000
1778943048.659322,0,0.000000,1.370000,0.000000,0.280000,1.000000,0.000000,0.440000,0.010000,0.210000,0.000000
1778943048.738733,0,0.000000,1.370000,0.000000,0.300000,1.000000,0.000000,0.540000,0.000000,0.210000,0.000000
1778943048.787437,0,0.000000,1.370000,0.000000,0.000000,0.680000,0.000000,0.630000,0.010000,0.210000,0.000000
1778943048.788101,0,0.000000,1.550000,0.000000,0.000000,1.000000,0.000000,0.740000,0.050000,0.440000,0.000000
1778943048.874273,0,0.000000,1.370000,0.000000,0.000000,1.000000,0.000000,0.800000,0.090000,0.210000,0.000000
1778943048.902359,0,0.000000,1.370000,0.000000,0.000000,0.400000,0.000000,0.860000,0.110000,0.210000,0.000000
1778943048.928681,0,0.000000,1.370000,0.000000,0.000000,1.000000,0.000000,0.990000,0.100000,0.210000,0.000000
1778943049.009808,0,0.000000,1.910000,0.000000,0.000000,0.670000,0.000000,1.000000,0.110000,0.890000,0.000000
1778943049.059078,0,0.000000,1.370000,0.000000,0.000000,1.000000,0.000000,1.000000,0.120000,0.210000,0.000000
1778943049.113482,0,0.000000,1.370000,0.000000,0.000000,1.000000,0.000000,1.000000,0.230000,0.210000,0.000000
1778943049.196512,0,0.000000,0.890000,0.000000,0.000000,1.000000,0.000000,1.000000,0.230000,0.440000,0.000000
1778943049.247688,0,0.000000,1.550000,0.000000,0.000000,1.000000,0.000000,1.000000,0.230000,0.440000,0.000000
1778943049.248220,0,0.000000,0.440000,0.000000,0.000000,1.000000,0.000000,1.000000,0.250000,0.210000,0.000000
1778943049.340537,0,0.000000,0.890000,0.000000,0.000000,0.030000,0.000000,1.000000,0.250000,0.440000,0.000000
1778943049.368993,0,0.000000,1.370000,0.000000,0.000000,0.460000,0.000000,1.000000,0.250000,0.210000,0.000000
1778943049.396577,0,0.000000,0.440000,0.000000,0.000000,1.000000,0.000000,1.000000,0.250000,0.210000,0.000000
1778943049.397064,0,0.000000,0.000000,0.000000,1.740000,1.000000,0.000000,0.000000,0.250000,0.210000,0.750000
1778943049.397449,0,0.000000,0.440000,0.000000,0.000000,0.610000,0.000000,0.030000,0.250000,0.210000,0.000000
1778943049.425773,0,0.000000,1.550000,0.000000,0.000000,1.000000,0.000000,0.150000,0.270000,0.440000,0.000000
1778943049.452871,0,0.000000,1.370000,0.000000,0.000000,1.000000,0.000000,0.170000,0.270000,0.210000,0.000000
1778943049.480194,0,0.000000,1.370000,0.000000,0.000000,1.000000,0.000000,0.200000,0.270000,0.210000,0.000000
1778943049.564280,0,0.000000,1.740000,0.000000,0.000000,0.020000,0.000000,0.210000,0.270000,0.670000,0.000000
1778943049.614610,0,0.000000,1.550000,0.000000,0.000000,0.610000,0.000000,0.230000,0.250000,0.440000,0.000000
1778943049.615136,0,0.000000,1.370000,0.000000,0.000000,1.000000,0.000000,0.250000,0.280000,0.210000,0.000000
1778943049.615544,0,0.000000,0.440000,0.000000,0.000000,1.000000,0.000000,0.000000,0.280000,0.210000,0.000000
1778943049.615925,0,0.000000,1.550000,0.000000,0.000000,1.000000,0.000000,0.110000,0.280000,0.440000,0.000000
1778943049.665550,0,0.000000,1.370000,0.000000,0.000000,1.000000,0.000000,0.050000,0.280000,0.210000,0.000000
1778943049.666103,0,0.000000,1.370000,0.000000,0.000000,1.000000,0.000000,0.070000,0.270000,0.210000,0.000000
1778943049.666516,0,0.000000,0.440000,0.000000,0.000000,1.000000,0.000000,0.110000,0.270000,0.210000,0.000000
1778943049.666896,0,0.000000,1.550000,0.000000,0.000000,0.150000,0.000000,0.150000,0.270000,0.440000,0.000000
1778943049.721092,0,0.000000,1.370000,0.000000,0.000000,0.500000,0.000000,0.180000,0.280000,0.210000,0.000000
1778943049.770924,0,0.000000,1.370000,0.000000,0.000000,0.830000,0.000000,0.210000,0.280000,0.210000,0.000000
1778943049.820282,0,0.000000,0.440000,0.000000,0.000000,1.000000,0.000000,0.250000,0.280000,0.210000,0.000000
1778943049.820815,0,0.000000,1.370000,0.000000,0.000000,0.070000,0.000000,0.300000,0.280000,0.210000,0.000000
1778943049.885591,0,0.000000,0.890000,0.000000,1.340000,0.360000,0.000000,0.330000,0.280000,0.440000,0.250000
1778943049.934236,0,0.000000,0.440000,0.000000,0.000000,0.100000,0.000000,0.400000,0.280000,0.210000,0.000000
1778943049.983309,0,0.000000,1.370000,0.000000,0.000000,0.540000,0.000000,0.100000,0.300000,0.210000,0.000000
1778943050.050654,0,0.000000,1.370000,0.000000,0.000000,0.180000,0.000000,0.180000,0.280000,0.210000,0.000000
1778943050.099530,0,0.000000,1.370000,0.000000,0.000000,1.000000,0.000000,0.430000,0.300000,0.210000,0.000000
1778943050.100055,0,0.000000,1.370000,0.000000,0.000000,0.910000,0.000000,0.680000,0.310000,0.210000,0.000000
1778943050.100457,0,0.000000,0.440000,0.000000,0.000000,1.000000,0.000000,0.850000,0.310000,0.210000,0.000000
1778943050.149758,0,0.000000,1.370000,0.000000,0.000000,1.000000,0.000000,1.000000,0.310000,0.210000,0.000000
1778943050.230755,0,0.000000,1.550000,0.000000,0.000000,1.000000,0.000000,1.000000,0.300000,0.440000,0.000000
1778943050.281747,0,0.000000,1.370000,0.000000,0.000000,1.000000,0.000000,1.000000,0.300000,0.210000,0.000000
1778943050.332376,0,0.000000,1.370000,0.000000,0.000000,1.000000,0.000000,1.000000,0.300000,0.210000,0.000000
1778943050.381885,0,0.000000,1.550000,0.000000,0.000000,1.000000,0.000000,1.000000,0.280000,0.440000,0.000000
1778943050.431292,0,0.000000,1.370000,0.000000,0.000000,1.000000,0.000000,1.000000,0.360000,0.210000,0.000000
1778943050.431813,0,0.000000,0.440000,0.000000,0.000000,1.000000,0.000000,1.000000,0.370000,0.210000,0.000000
1778943050.481076,0,0.000000,1.370000,0.000000,0.000000,1.000000,0.000000,1.000000,0.380000,0.210000,0.000000
1778943050.530043,0,0.000000,1.370000,0.000000,0.000000,1.000000,0.000000,1.000000,0.370000,0.210000,0.000000
1778943050.579876,0,0.000000,1.370000,0.000000,0.000000,1.000000,0.000000,1.000000,0.340000,0.210000,0.000000
1778943050.580398,0,0.000000,0.440000,0.000000,0.000000,1.000000,0.000000,1.000000,0.250000,0.210000,0.000000
1778943050.580951,0,0.000000,0.440000,0.000000,0.000000,1.000000,0.000000,1.000000,0.180000,0.210000,0.000000
1778943050.657917,0,0.000000,1.370000,0.000000,0.000000,1.000000,0.000000,1.000000,0.200000,0.210000,0.000000
1778943050.708026,0,0.000000,1.370000,0.000000,0.000000,1.000000,0.000000,0.010000,0.210000,0.210000,0.000000
1778943050.708550,0,0.000000,1.370000,0.000000,0.000000,1.000000,0.000000,0.100000,0.230000,0.210000,0.000000
1778943050.708959,0,0.000000,0.440000,0.000000,0.000000,0.230000,0.000000,0.180000,0.230000,0.210000,0.000000
1778943050.709353,0,0.000000,1.370000,0.000000,0.000000,1.000000,0.000000,0.500000,0.200000,0.210000,0.000000
1778943050.709780,0,0.000000,1.740000,0.000000,0.000000,1.000000,0.000000,0.180000,0.250000,0.670000,0.000000
1778943050.710190,0,0.000000,1.370000,0.000000,0.000000,1.000000,0.000000,0.280000,0.270000,0.210000,0.000000
1778943050.759490,0,0.000000,0.440000,0.000000,0.000000,1.000000,0.000000,0.400000,0.250000,0.210000,0.000000
1778943050.808588,0,0.000000,0.440000,0.000000,0.000000,1.000000,0.000000,0.500000,0.250000,0.210000,0.000000
1778943050.890731,0,0.000000,1.370000,0.000000,0.000000,1.000000,0.000000,0.610000,0.230000,0.210000,0.000000
1778943050.940981,0,0.000000,0.440000,0.000000,1.250000,1.000000,0.000000,0.700000,0.230000,0.210000,0.110000
1778943051.026759,0,0.000000,0.440000,0.000000,0.000000,1.000000,0.000000,0.810000,0.250000,0.210000,0.000000
1778943051.100425,0,0.000000,1.370000,0.000000,0.000000,1.000000,0.000000,1.000000,0.280000,0.210000,0.000000
1778943051.183624,0,0.000000,1.370000,0.000000,1.230000,1.000000,0.000000,0.270000,0.310000,0.210000,0.110000
1778943051.235323,0,0.000000,1.550000,0.000000,0.000000,1.000000,0.000000,0.550000,0.340000,0.440000,0.000000
1778943051.235840,0,0.000000,1.370000,0.000000,0.000000,1.000000,0.000000,0.820000,0.370000,0.210000,0.000000
1778943051.287148,0,0.000000,0.000000,0.000000,0.000000,1.000000,0.000000,1.000000,0.340000,0.000000,0.000000
1778943051.336867,0,0.000000,1.370000,0.000000,0.000000,1.000000,0.000000,1.000000,0.330000,0.210000,0.000000
1778943051.434388,0,0.000000,1.370000,0.000000,0.000000,0.740000,0.000000,1.000000,0.310000,0.210000,0.000000
1778943051.464091,0,0.000000,1.370000,0.000000,0.000000,1.000000,0.000000,1.000000,0.310000,0.210000,0.000000
1778943051.490700,0,0.000000,1.550000,0.000000,0.000000,0.000000,0.000000,1.000000,0.330000,0.440000,0.000000
1778943051.491214,0,0.000000,1.550000,0.000000,0.000000,0.670000,0.000000,1.000000,0.340000,0.440000,0.000000
1778943051.491853,0,0.000000,1.370000,0.000000,0.000000,1.000000,0.000000,1.000000,0.340000,0.210000,0.000000
1778943051.542096,0,0.000000,1.370000,0.000000,0.000000,1.000000,0.000000,1.000000,0.340000,0.210000,0.000000
1778943051.591156,0,0.000000,1.370000,0.000000,0.000000,0.340000,0.000000,1.000000,0.340000,0.210000,0.000000
1778943051.591663,0,0.000000,0.440000,0.000000,0.000000,0.030000,0.000000,1.000000,0.340000,0.210000,0.000000
1778943051.694593,0,0.000000,1.370000,0.000000,0.000000,0.370000,0.000000,1.000000,0.340000,0.210000,0.000000
1778943051.722361,0,0.000000,2.250000,0.000000,0.000000,0.700000,0.000000,1.000000,0.340000,1.120000,0.000000
1778943051.805609,0,0.000000,1.370000,0.000000,0.000000,1.000000,0.000000,1.000000,0.370000,0.210000,0.000000
1778943051.919751,0,0.000000,0.440000,0.000000,0.000000,0.110000,0.000000,1.000000,0.340000,0.210000,0.000000
1778943051.974021,0,0.000000,0.440000,0.000000,0.000000,0.510000,0.000000,1.000000,0.000000,0.210000,0.000000
1778943051.974553,0,0.000000,1.370000,0.000000,0.000000,0.070000,0.000000,1.000000,0.000000,0.210000,0.000000
1778943052.026309,0,0.000000,1.370000,0.000000,0.000000,0.630000,0.000000,1.000000,0.000000,0.210000,0.000000
1778943052.079080,0,0.000000,1.550000,0.000000,0.000000,1.000000,0.000000,1.000000,0.000000,0.440000,0.000000
1778943052.130757,0,0.000000,1.550000,0.000000,0.000000,0.410000,0.000000,1.000000,0.280000,0.440000,0.000000
1778943052.131274,0,0.000000,0.440000,0.000000,1.290000,0.510000,0.000000,0.050000,0.440000,0.210000,0.250000
1778943052.131681,0,0.000000,1.910000,0.000000,0.000000,0.770000,0.000000,0.250000,1.010000,0.890000,0.000000
1778943052.132059,0,0.000000,1.370000,0.000000,0.000000,0.270000,0.000000,0.620000,0.000000,0.210000,0.000000
1778943052.226615,0,0.000000,1.370000,0.000000,0.000000,0.050000,0.000000,0.890000,0.000000,0.210000,0.000000
1778943052.283923,0,0.000000,1.370000,0.000000,0.000000,0.100000,0.000000,1.000000,0.000000,0.210000,0.000000
1778943052.341043,0,0.000000,0.440000,0.000000,0.000000,0.010000,0.000000,1.000000,0.000000,0.210000,0.000000
1778943052.429337,0,0.000000,1.370000,0.000000,0.000000,0.210000,0.000000,1.000000,0.000000,0.210000,0.000000
1778943052.483816,0,0.000000,1.550000,0.000000,0.000000,0.830000,0.000000,1.000000,0.000000,0.440000,0.000000
1778943052.536664,0,0.000000,1.910000,0.000000,1.390000,0.010000,0.000000,1.000000,0.000000,0.890000,0.250000
1778943052.646874,0,0.000000,1.740000,0.000000,0.000000,0.400000,0.000000,1.000000,0.000000,0.670000,0.000000
1778943052.702061,0,0.000000,1.370000,0.000000,0.000000,1.000000,0.000000,1.000000,0.000000,0.210000,0.000000
1778943052.703240,0,0.000000,1.370000,0.000000,0.070000,1.000000,0.000000,1.000000,0.000000,0.210000,0.000000
1778943052.902154,0,0.000000,1.550000,0.000000,0.090000,1.000000,0.000000,1.000000,0.000000,0.440000,0.000000
1778943052.958192,0,0.000000,1.370000,0.000000,0.150000,0.200000,0.000000,1.000000,0.000000,0.210000,0.000000
1778943053.128108,0,0.000000,1.370000,0.000000,0.250000,0.230000,0.000000,1.000000,0.000000,0.210000,0.000000
1778943053.160370,0,0.000000,1.370000,0.000000,0.280000,0.100000,0.000000,1.000000,0.000000,0.210000,0.000000
1778943053.160923,0,0.000000,1.370000,0.000000,0.300000,0.760000,0.000000,1.000000,0.000000,0.210000,0.000000
1778943053.264941,0,0.000000,1.370000,0.000000,0.440000,0.820000,0.000000,1.000000,0.000000,0.210000,0.110000
1778943053.266497,0,0.000000,0.000000,0.000000,0.500000,1.000000,0.000000,1.000000,0.000000,0.000000,0.000000
1778943053.297231,0,0.000000,1.370000,0.000000,0.620000,1.000000,0.000000,1.000000,0.000000,0.210000,0.000000
1778943053.297834,0,0.000000,1.550000,0.000000,0.630000,1.000000,0.000000,1.000000,0.000000,0.440000,0.000000
1778943053.326417,0,0.000000,1.550000,0.000000,0.670000,1.000000,0.000000,1.000000,0.000000,0.440000,0.000000
1778943053.410593,0,0.000000,1.550000,0.000000,0.730000,0.000000,0.000000,1.000000,0.000000,0.440000,0.000000
1778943053.463716,0,0.000000,1.550000,0.000000,0.750000,0.000000,0.000000,1.000000,0.000000,0.440000,0.000000
1778943053.524427,0,0.000000,1.550000,0.000000,0.750000,0.750000,0.000000,1.000000,0.000000,0.440000,0.000000
1778943053.554296,0,0.000000,0.440000,0.000000,0.760000,0.150000,0.000000,1.000000,0.000000,0.210000,0.000000
1778943053.583355,0,0.000000,1.370000,0.000000,0.790000,1.000000,0.000000,1.000000,0.000000,0.210000,0.000000
1778943053.583852,0,0.000000,1.740000,0.000000,0.870000,1.000000,0.000000,1.000000,0.000000,0.670000,0.000000
1778943053.643959,0,0.000000,1.550000,0.000000,0.930000,0.000000,0.000000,0.100000,0.000000,0.440000,0.000000
1778943053.696276,0,0.000000,1.370000,0.000000,0.940000,1.000000,0.000000,0.270000,0.000000,0.210000,0.000000
1778943053.696764,0,0.000000,1.550000,0.000000,0.990000,0.680000,0.000000,0.550000,0.000000,0.440000,0.000000
1778943053.697149,0,0.000000,1.370000,0.000000,1.000000,1.000000,0.000000,0.630000,0.000000,0.210000,0.000000
1778943053.749070,0,0.000000,1.370000,0.000000,1.020000,0.870000,0.000000,0.920000,0.000000,0.210000,0.000000
1778943053.749593,0,0.000000,0.440000,0.000000,1.070000,1.000000,0.000000,1.000000,0.000000,0.210000,0.000000
1778943053.839292,0,0.000000,1.550000,0.000000,1.080000,1.000000,0.000000,1.000000,0.000000,0.440000,0.000000
1778943053.894357,0,0.000000,1.370000,0.000000,1.090000,1.000000,0.000000,1.000000,0.000000,0.210000,0.000000
1778943053.959094,0,0.000000,0.440000,0.000000,1.100000,1.000000,0.000000,1.000000,0.000000,0.210000,0.000000
1778943054.013430,0,0.000000,0.440000,0.000000,1.120000,0.440000,0.000000,1.000000,0.000000,0.210000,0.000000
1778943054.066891,0,0.000000,1.550000,0.000000,1.170000,0.000000,0.000000,1.000000,0.000000,0.440000,0.000000
1778943054.119866,0,0.000000,1.550000,0.000000,1.200000,1.000000,0.000000,1.000000,0.000000,0.440000,0.000000
1778943054.230130,0,0.000000,1.550000,0.000000,1.200000,0.180000,0.000000,1.000000,0.000000,0.440000,0.000000
1778943054.342974,0,0.000000,1.370000,0.000000,1.200000,1.000000,0.000000,1.000000,0.000000,0.210000,0.000000
1778943054.456182,0,0.000000,1.370000,0.000000,1.200000,1.000000,0.000000,1.000000,0.000000,0.210000,0.000000
1778943054.552934,0,0.000000,1.370000,0.000000,1.200000,0.250000,0.000000,1.000000,0.000000,0.210000,0.110000
1778943054.679417,0,0.000000,1.370000,0.000000,1.200000,1.000000,0.000000,1.000000,0.000000,0.210000,0.000000
1778943054.839251,0,0.000000,1.370000,0.000000,1.200000,1.000000,0.000000,1.000000,0.000000,0.210000,0.000000
1778943054.927114,0,0.000000,1.550000,0.000000,1.200000,1.000000,0.000000,1.000000,0.000000,0.440000,0.000000
1778943055.092972,0,0.000000,1.550000,0.000000,1.200000,0.000000,0.000000,1.000000,0.000000,0.440000,0.000000
1778943055.550674,0,0.000000,1.740000,0.000000,1.200000,1.000000,0.000000,1.000000,0.000000,0.670000,0.000000
1778943055.706139,0,0.000000,1.370000,0.000000,1.200000,1.000000,0.000000,0.230000,0.000000,0.210000,0.110000
1778943055.918579,0,0.000000,1.370000,0.000000,1.200000,1.000000,0.000000,1.000000,0.000000,0.210000,0.000000
1778943056.023722,0,0.000000,0.440000,0.000000,1.200000,1.000000,0.000000,1.000000,0.000000,0.210000,0.000000
1778943056.187802,0,0.000000,1.370000,0.000000,1.200000,0.360000,0.000000,1.000000,0.000000,0.210000,0.000000
1778943056.585213,0,0.000000,1.370000,0.000000,1.200000,1.000000,0.000000,1.000000,0.000000,0.210000,0.000000
1778943056.758003,0,0.000000,1.370000,0.000000,1.200000,1.000000,0.000000,0.600000,0.000000,0.210000,0.000000
1778943056.968458,0,0.000000,1.550000,0.000000,1.200000,0.000000,0.000000,1.000000,0.000000,0.440000,0.000000
1778943057.026771,0,0.000000,1.370000,0.000000,1.200000,1.000000,0.000000,1.000000,0.000000,0.210000,0.000000
1778943057.207811,0,0.000000,0.440000,0.000000,1.200000,0.360000,0.000000,1.000000,0.000000,0.210000,0.000000
1778943057.266959,0,0.000000,0.000000,0.000000,1.200000,0.510000,0.000000,1.000000,0.000000,0.000000,0.000000
1778943057.348778,0,0.000000,1.370000,0.000000,1.200000,0.660000,0.000000,1.000000,0.000000,0.210000,0.000000
1778943057.405512,0,0.000000,1.370000,0.000000,1.200000,0.180000,0.000000,0.470000,0.000000,0.210000,0.000000
1778943057.406040,0,0.000000,1.370000,0.000000,1.200000,0.560000,0.000000,1.000000,0.000000,0.210000,0.000000
1778943057.605428,0,0.000000,1.370000,0.000000,1.200000,0.440000,0.000000,1.000000,0.000000,0.210000,0.000000
1778943057.710285,0,0.000000,1.550000,0.000000,1.200000,0.870000,0.000000,1.000000,0.000000,0.440000,0.000000
1778943057.838228,0,0.000000,0.440000,0.000000,1.200000,1.000000,0.000000,0.000000,0.000000,0.210000,0.370000
1778943057.870249,0,0.000000,1.550000,0.000000,1.200000,1.000000,0.000000,0.440000,0.000000,0.440000,0.000000
1778943057.956098,0,0.000000,1.550000,0.000000,1.200000,0.200000,0.000000,1.000000,0.000000,0.440000,0.000000
1778943058.014824,0,0.000000,1.370000,0.000000,1.200000,0.280000,0.000000,1.000000,0.000000,0.210000,0.000000
1778943058.015500,0,0.000000,1.370000,0.000000,1.200000,1.000000,0.000000,1.000000,0.000000,0.210000,0.000000
1778943058.213324,0,0.000000,1.370000,0.000000,1.200000,0.470000,0.000000,1.000000,0.000000,0.210000,0.000000
1778943058.378659,0,0.000000,0.440000,0.000000,1.200000,0.680000,0.000000,0.170000,0.000000,0.210000,0.000000
1778943058.466182,0,0.000000,1.550000,0.000000,1.200000,0.090000,0.000000,1.000000,0.000000,0.440000,0.000000
1778943058.558702,0,0.000000,0.440000,0.000000,1.200000,0.250000,0.000000,1.000000,0.000000,0.210000,0.000000
1778943058.653096,0,0.000000,1.740000,0.000000,1.200000,0.410000,0.000000,1.000000,0.000000,0.670000,0.000000
1778943058.708675,0,0.000000,1.370000,0.000000,1.200000,0.070000,0.000000,1.000000,0.000000,0.210000,0.000000
1778943058.709211,0,0.000000,1.370000,0.000000,1.200000,0.870000,0.000000,0.930000,0.000000,0.210000,0.000000
1778943058.780274,0,0.000000,1.370000,0.000000,1.200000,0.140000,0.000000,1.000000,0.000000,0.210000,0.000000
1778943058.909809,0,0.000000,0.440000,0.000000,1.200000,0.140000,0.000000,1.000000,0.000000,0.210000,0.000000
1778943058.969957,0,0.000000,1.370000,0.000000,1.200000,1.000000,0.000000,1.000000,0.000000,0.210000,0.000000
1778943058.970481,0,0.000000,1.740000,0.000000,1.200000,0.000000,0.000000,1.000000,0.000000,0.670000,0.000000
1778943058.970893,0,0.000000,1.740000,0.000000,1.200000,0.100000,0.000000,0.600000,0.000000,0.670000,0.000000
1778943059.067402,0,0.000000,1.370000,0.000000,0.000000,0.230000,0.000000,0.000000,13.770000,0.210000,0.250000
1778943059.124763,0,0.000000,0.000000,0.000000,0.000000,1.000000,0.000000,1.000000,165.030000,0.000000,0.000000
1778943059.240072,0,0.000000,1.370000,0.000000,0.000000,1.000000,0.000000,1.000000,166.610000,0.210000,0.000000
1778943059.313361,0,0.000000,1.740000,0.000000,0.000000,0.000000,0.000000,1.000000,153.030000,0.670000,0.000000
1778943059.404935,0,0.000000,1.370000,0.000000,0.000000,1.000000,0.000000,1.000000,0.000000,0.210000,0.000000
1778943059.465640,0,0.000000,1.370000,0.000000,0.000000,0.380000,0.000000,1.000000,0.000000,0.210000,0.000000
1778943059.569219,0,0.000000,0.000000,0.000000,0.000000,1.000000,0.000000,1.000000,0.000000,0.000000,0.000000
1778943059.658491,0,0.000000,0.000000,0.000000,0.000000,1.000000,0.000000,1.000000,0.000000,0.000000,0.000000
1778943059.716932,0,0.000000,0.000000,0.000000,0.000000,1.000000,0.000000,1.000000,0.000000,0.000000,0.000000
1778943059.833289,0,0.000000,1.370000,0.000000,0.000000,1.000000,0.000000,1.000000,0.000000,0.210000,0.000000
1778943060.042487,0,0.000000,1.370000,0.000000,0.000000,1.000000,0.000000,1.000000,0.000000,0.210000,0.000000
1778943060.101952,0,0.000000,1.910000,0.000000,0.000000,0.340000,0.000000,1.000000,0.000000,0.890000,0.000000
1778943060.159682,0,0.000000,1.910000,0.000000,0.000000,0.030000,0.000000,1.000000,0.000000,0.890000,0.000000
1778943060.306846,0,0.000000,1.370000,0.000000,0.000000,0.690000,0.000000,1.000000,0.000000,0.210000,0.000000
1778943060.343306,0,0.000000,1.370000,0.000000,1.290000,0.050000,0.000000,0.070000,0.000000,0.210000,0.110000
1778943060.373877,0,0.000000,1.370000,0.000000,0.000000,1.000000,0.000000,1.000000,0.000000,0.210000,0.000000
1778943060.374401,0,0.000000,1.370000,0.000000,0.000000,0.180000,0.000000,1.000000,0.000000,0.210000,0.000000
1778943060.374799,0,0.000000,1.370000,0.000000,0.000000,1.000000,0.000000,1.000000,0.000000,0.210000,0.000000
1778943060.375173,0,0.000000,0.000000,0.000000,0.000000,0.440000,0.000000,0.460000,0.000000,0.000000,0.000000
1778943060.500488,0,0.000000,1.370000,0.000000,0.000000,0.540000,0.000000,0.140000,0.000000,0.210000,0.000000
1778943060.565421,0,0.000000,1.370000,0.000000,0.000000,1.000000,0.000000,0.430000,0.000000,0.210000,0.000000
1778943060.622982,0,0.000000,1.370000,0.000000,0.000000,1.000000,0.000000,0.720000,0.000000,0.210000,0.000000
1778943060.716805,0,0.000000,1.370000,0.000000,0.000000,1.000000,0.000000,0.030000,0.000000,0.210000,0.000000
1778943060.775253,0,0.000000,1.370000,0.000000,0.000000,0.460000,0.000000,0.510000,0.000000,0.210000,0.000000
1778943060.832731,0,0.000000,1.370000,0.000000,0.000000,0.070000,0.000000,1.000000,0.000000,0.210000,0.000000
1778943060.928591,0,0.000000,1.370000,0.000000,0.000000,0.890000,0.000000,1.000000,0.000000,0.210000,0.000000
1778943061.000597,0,0.000000,1.370000,0.000000,0.000000,1.000000,0.000000,1.000000,0.000000,0.210000,0.000000
1778943061.075235,0,0.000000,1.370000,0.000000,0.000000,1.000000,0.000000,1.000000,0.000000,0.210000,0.000000
1778943061.135886,0,0.000000,1.370000,0.000000,0.000000,1.000000,0.000000,1.000000,0.000000,0.210000,0.000000
1778943061.265276,0,0.000000,1.550000,0.000000,0.000000,0.020000,0.000000,1.000000,0.000000,0.440000,0.000000
1778943061.330442,0,0.000000,1.370000,0.000000,1.500000,0.070000,0.000000,0.000000,0.000000,0.210000,0.370000
1778943061.389855,0,0.000000,1.370000,0.000000,0.000000,0.410000,0.000000,1.000000,0.000000,0.210000,0.000000
1778943061.390372,0,0.000000,1.370000,0.000000,0.000000,0.510000,0.000000,1.000000,0.000000,0.210000,0.000000
1778943061.453110,0,0.000000,1.550000,0.000000,0.000000,0.020000,0.000000,1.000000,0.000000,0.440000,0.000000
1778943061.541083,0,0.000000,0.440000,0.000000,0.000000,0.680000,0.000000,0.770000,0.000000,0.210000,0.000000
1778943061.599568,0,0.000000,1.370000,0.000000,0.000000,0.790000,0.000000,1.000000,0.000000,0.210000,0.000000
1778943061.600109,0,0.000000,0.440000,0.000000,0.000000,1.000000,0.000000,1.000000,0.000000,0.210000,0.000000
1778943061.657833,0,0.000000,1.370000,0.000000,0.000000,1.000000,0.000000,1.000000,0.000000,0.210000,0.000000
1778943061.728302,0,0.000000,1.370000,0.000000,0.000000,1.000000,0.000000,1.000000,0.000000,0.210000,0.000000
1778943061.785397,0,0.000000,1.370000,0.000000,0.000000,1.000000,0.000000,1.000000,0.000000,0.210000,0.000000
1778943061.855609,0,0.000000,1.550000,0.000000,0.000000,1.000000,0.000000,1.000000,0.000000,0.440000,0.000000
1778943061.914962,0,0.000000,0.440000,0.000000,0.000000,1.000000,0.000000,1.000000,0.000000,0.210000,0.000000
1778943061.915485,0,0.000000,1.370000,0.000000,0.000000,0.550000,0.000000,1.000000,0.000000,0.210000,0.000000
1778943061.916063,0,0.000000,1.370000,0.000000,0.000000,1.000000,0.000000,0.570000,0.000000,0.210000,0.000000
1778943061.973842,0,0.000000,0.440000,0.000000,0.000000,1.000000,0.000000,1.000000,0.000000,0.210000,0.000000
1778943061.974390,0,0.000000,0.440000,0.000000,0.000000,1.000000,0.000000,1.000000,0.000000,0.210000,0.000000
1778943062.031977,0,0.000000,1.370000,0.000000,0.000000,1.000000,0.000000,1.000000,0.000000,0.210000,0.000000
1778943062.172779,0,0.000000,1.370000,0.000000,1.290000,0.210000,0.000000,1.000000,0.000000,0.210000,0.110000
1778943062.235070,0,0.000000,0.440000,0.000000,0.000000,1.000000,0.000000,1.000000,0.000000,0.210000,0.000000
1778943062.353470,0,0.000000,1.550000,0.000000,1.290000,1.000000,0.000000,1.000000,0.000000,0.440000,0.110000
1778943062.465743,0,0.000000,1.370000,0.000000,0.000000,1.000000,0.000000,1.000000,0.000000,0.210000,0.000000
1778943062.527005,0,0.000000,1.370000,0.000000,0.000000,1.000000,0.000000,1.000000,0.000000,0.210000,0.000000
1778943062.527523,0,0.000000,1.370000,0.000000,0.000000,1.000000,0.000000,1.000000,0.000000,0.210000,0.000000
1778943062.527933,0,0.000000,1.370000,0.000000,0.000000,1.000000,0.000000,1.000000,0.000000,0.210000,0.000000
1778943062.528328,0,0.000000,1.370000,0.000000,0.010000,1.000000,0.000000,1.000000,0.000000,0.210000,0.000000
1778943062.528926,0,0.000000,1.370000,0.000000,0.020000,0.200000,0.000000,0.360000,0.000000,0.210000,0.000000
1778943062.630307,0,0.000000,1.370000,0.000000,0.030000,0.400000,0.000000,0.830000,0.000000,0.210000,0.000000
1778943062.663458,0,0.000000,1.370000,0.000000,0.030000,0.230000,0.000000,1.000000,0.000000,0.210000,0.000000
1778943062.694404,0,0.000000,0.440000,0.000000,0.030000,1.000000,0.000000,1.000000,0.000000,0.210000,0.000000
1778943062.726328,0,0.000000,1.550000,0.000000,0.050000,1.000000,0.000000,1.000000,0.000000,0.440000,0.000000
1778943062.758279,0,0.000000,0.440000,0.000000,0.050000,1.000000,0.000000,0.180000,0.000000,0.210000,0.000000
1778943062.758810,0,0.000000,1.370000,0.000000,0.050000,1.000000,0.000000,0.360000,0.000000,0.210000,0.000000
1778943062.817789,0,0.000000,1.550000,0.000000,0.050000,0.410000,0.000000,0.550000,0.000000,0.440000,0.000000
1778943062.818350,0,0.000000,1.740000,0.000000,0.070000,1.000000,0.000000,1.000000,0.000000,0.670000,0.000000
1778943062.876095,0,0.000000,1.370000,0.000000,0.070000,1.000000,0.000000,1.000000,0.000000,0.210000,0.000000
1778943062.934335,0,0.000000,1.370000,0.000000,0.070000,0.330000,0.000000,1.000000,0.000000,0.210000,0.000000
1778943062.934941,0,0.000000,1.550000,0.000000,0.090000,0.620000,0.000000,1.000000,0.000000,0.440000,0.000000
1778943062.935505,0,0.000000,1.550000,0.000000,0.090000,1.000000,0.000000,1.000000,0.000000,0.440000,0.000000
1778943062.935915,0,0.000000,1.370000,0.000000,0.100000,1.000000,0.000000,1.000000,0.000000,0.210000,0.000000
1778943062.936321,0,0.000000,1.550000,0.000000,0.100000,0.000000,0.000000,1.000000,0.000000,0.440000,0.000000
1778943062.994038,0,0.000000,1.370000,0.000000,0.100000,1.000000,0.000000,1.000000,0.000000,0.210000,0.000000
1778943063.093446,0,0.000000,1.550000,0.000000,0.100000,1.000000,0.000000,1.000000,0.000000,0.440000,0.000000
1778943063.184001,0,0.000000,1.370000,0.000000,0.110000,1.000000,0.000000,1.000000,0.000000,0.210000,0.000000
1778943063.306064,0,0.000000,1.550000,0.000000,0.110000,0.000000,0.000000,1.000000,0.000000,0.440000,0.000000
1778943063.343548,0,0.000000,0.440000,0.000000,0.110000,0.570000,0.000000,1.000000,0.000000,0.210000,0.000000
1778943063.374803,0,0.000000,1.370000,0.000000,0.120000,1.000000,0.000000,0.400000,0.000000,0.210000,0.000000
1778943063.469141,0,0.000000,0.440000,0.000000,0.150000,1.000000,0.000000,0.470000,0.000000,0.210000,0.000000
1778943063.586536,0,0.000000,0.440000,0.000000,0.170000,1.000000,0.000000,1.000000,0.000000,0.210000,0.000000
1778943063.649711,0,0.000000,1.550000,0.000000,0.180000,0.560000,0.000000,1.000000,0.000000,0.440000,0.000000
1778943063.723516,0,0.000000,0.890000,0.000000,0.180000,1.000000,0.000000,1.000000,0.000000,0.440000,0.000000
1778943063.824688,0,0.000000,1.370000,0.000000,0.180000,1.000000,0.000000,1.000000,0.000000,0.210000,0.000000
1778943063.886863,0,0.000000,0.440000,0.000000,0.200000,0.010000,0.000000,0.690000,0.000000,0.210000,0.000000
1778943063.986233,0,0.000000,0.000000,0.000000,0.230000,0.470000,0.000000,1.000000,0.000000,0.000000,0.000000
1778943064.048802,0,0.000000,1.370000,0.000000,0.230000,0.810000,0.000000,0.170000,0.000000,0.210000,0.000000
1778943064.049500,0,0.000000,1.370000,0.000000,0.250000,1.000000,0.000000,0.940000,0.000000,0.210000,0.000000
1778943064.168603,0,0.000000,1.370000,0.000000,0.280000,1.000000,0.000000,1.000000,0.000000,0.210000,0.000000
1778943064.203395,0,0.000000,1.370000,0.000000,0.280000,1.000000,0.000000,1.000000,0.000000,0.210000,0.000000
1778943064.310467,0,0.000000,1.370000,0.000000,0.310000,1.000000,0.000000,1.000000,0.000000,0.210000,0.000000
1778943064.447201,0,0.000000,1.550000,0.000000,0.310000,0.600000,0.000000,1.000000,0.000000,0.440000,0.000000
1778943064.510814,0,0.000000,0.440000,0.000000,0.310000,1.000000,0.000000,1.000000,0.000000,0.210000,0.000000
1778943064.601642,0,0.000000,1.370000,0.000000,0.330000,1.000000,0.000000,1.000000,0.000000,0.210000,0.000000
1778943064.715221,0,0.000000,1.370000,0.000000,0.340000,0.100000,0.000000,1.000000,0.000000,0.210000,0.000000
1778943064.795740,0,0.000000,1.550000,0.000000,0.360000,1.000000,0.000000,1.000000,0.000000,0.440000,0.000000
1778943064.947778,0,0.000000,1.370000,0.000000,0.380000,1.000000,0.000000,0.620000,0.000000,0.210000,0.000000
1778943065.052018,0,0.000000,1.370000,0.000000,0.380000,0.230000,0.000000,0.940000,0.000000,0.210000,0.000000
1778943065.162171,0,0.000000,1.370000,0.000000,0.410000,0.110000,0.000000,1.000000,0.000000,0.210000,0.000000
1778943065.163568,0,0.000000,0.890000,0.000000,0.430000,1.000000,0.000000,1.000000,0.000000,0.440000,0.000000
1778943065.238153,0,0.000000,0.440000,0.000000,0.000000,1.000000,0.000000,0.050000,84.010000,0.210000,0.000000
1778943065.298193,0,0.000000,0.440000,0.000000,0.000000,1.000000,0.000000,1.000000,0.000000,0.210000,0.000000
1778943065.298711,0,0.000000,0.440000,0.000000,0.000000,0.070000,0.000000,1.000000,0.000000,0.210000,0.000000
1778943065.299112,0,0.000000,1.370000,0.000000,0.000000,1.000000,0.000000,1.000000,0.000000,0.210000,0.000000
1778943065.299654,0,0.000000,1.370000,0.000000,0.000000,0.340000,0.000000,1.000000,0.000000,0.210000,0.000000
1778943065.359913,0,0.000000,1.370000,0.000000,1.290000,1.000000,0.000000,1.000000,0.000000,0.210000,0.110000
1778943065.360429,0,0.000000,1.370000,0.000000,0.000000,1.000000,0.000000,1.000000,0.000000,0.210000,0.000000
1778943065.360835,0,0.000000,1.370000,0.000000,0.000000,1.000000,0.000000,1.000000,0.000000,0.210000,0.000000
1778943065.361227,0,0.000000,1.370000,0.000000,0.000000,1.000000,0.000000,1.000000,0.000000,0.210000,0.000000
1778943065.457512,0,0.000000,1.370000,0.000000,0.000000,0.150000,0.000000,1.000000,0.000000,0.210000,0.000000
1778943065.523807,0,0.000000,0.440000,0.000000,0.000000,0.890000,0.000000,1.000000,0.000000,0.210000,0.000000
1778943065.583148,0,0.000000,0.000000,0.000000,0.000000,1.000000,0.000000,1.000000,0.000000,0.000000,0.000000
1778943065.583659,0,0.000000,1.370000,0.000000,1.290000,0.340000,0.000000,1.000000,0.000000,0.210000,0.110000
1778943065.643254,0,0.000000,1.550000,0.000000,0.000000,1.000000,0.000000,1.000000,0.000000,0.440000,0.000000
1778943065.781559,0,0.000000,1.740000,0.000000,0.010000,0.000000,0.000000,1.000000,0.000000,0.670000,0.000000
1778943065.783025,0,0.000000,1.370000,0.000000,0.030000,1.000000,0.000000,1.000000,0.000000,0.210000,0.000000
1778943065.846112,0,0.000000,0.000000,0.000000,0.050000,1.000000,0.000000,1.000000,0.000000,0.000000,0.000000
1778943065.846619,0,0.000000,1.370000,0.000000,0.050000,0.340000,0.000000,1.000000,0.000000,0.210000,0.000000
1778943065.847014,0,0.000000,1.370000,0.000000,0.100000,1.000000,0.000000,0.200000,0.000000,0.210000,0.000000
1778943065.847546,0,0.000000,1.370000,0.000000,0.150000,1.000000,0.000000,1.000000,0.000000,0.210000,0.000000
1778943065.907815,0,0.000000,1.370000,0.000000,0.170000,0.250000,0.000000,1.000000,0.000000,0.210000,0.000000
1778943065.908480,0,0.000000,1.550000,0.000000,0.180000,0.000000,0.000000,1.000000,0.000000,0.440000,0.000000
1778943065.968854,0,0.000000,1.550000,0.000000,0.180000,0.170000,0.000000,1.000000,0.000000,0.440000,0.000000
1778943065.969379,0,0.000000,1.370000,0.000000,0.180000,0.860000,0.000000,1.000000,0.000000,0.210000,0.000000
1778943065.970276,0,0.000000,1.370000,0.000000,0.200000,1.000000,0.000000,1.000000,0.000000,0.210000,0.000000
1778943066.030672,0,0.000000,1.370000,0.000000,0.210000,1.000000,0.000000,1.000000,0.000000,0.210000,0.000000
1778943066.124189,0,0.000000,0.440000,0.000000,0.210000,1.000000,0.000000,1.000000,0.000000,0.210000,0.000000
1778943066.157838,0,0.000000,1.370000,0.000000,0.230000,1.000000,0.000000,1.000000,0.000000,0.210000,0.000000
1778943066.189679,0,0.000000,1.370000,0.000000,0.230000,0.380000,0.000000,1.000000,0.000000,0.210000,0.000000
1778943066.190191,0,0.000000,1.370000,0.000000,0.280000,0.860000,0.000000,0.010000,0.000000,0.210000,0.250000
1778943066.250390,0,0.000000,1.550000,0.000000,0.280000,1.000000,0.000000,0.000000,0.000000,0.440000,0.370000
1778943066.250909,0,0.000000,1.370000,0.000000,0.330000,1.000000,0.000000,0.620000,0.000000,0.210000,0.000000
1778943066.310379,0,0.000000,1.370000,0.000000,0.330000,1.000000,0.000000,1.000000,0.000000,0.210000,0.000000
1778943066.311039,0,0.000000,1.370000,0.000000,0.340000,1.000000,0.000000,1.000000,0.000000,0.210000,0.000000
1778943066.417834,0,0.000000,1.370000,0.000000,0.370000,0.430000,0.000000,1.000000,0.000000,0.210000,0.000000
1778943066.480528,0,0.000000,1.370000,0.000000,0.370000,0.620000,0.000000,1.000000,0.000000,0.210000,0.000000
1778943066.481043,0,0.000000,0.440000,0.000000,0.380000,0.210000,0.000000,1.000000,0.000000,0.210000,0.000000
1778943066.481588,0,0.000000,1.370000,0.000000,0.380000,0.410000,0.000000,1.000000,0.000000,0.210000,0.000000
1778943066.541188,0,0.000000,1.370000,0.000000,0.410000,0.430000,0.000000,1.000000,0.000000,0.210000,0.000000
1778943066.633851,0,0.000000,0.440000,0.000000,0.460000,1.000000,0.000000,0.100000,0.000000,0.210000,0.000000
1778943066.666667,0,0.000000,1.550000,0.000000,0.470000,0.100000,0.000000,0.510000,0.000000,0.440000,0.000000
1778943066.698981,0,0.000000,0.440000,0.000000,0.490000,0.410000,0.000000,0.970000,0.000000,0.210000,0.110000
1778943066.758814,0,0.000000,1.370000,0.000000,0.500000,0.680000,0.000000,1.000000,0.000000,0.210000,0.000000
1778943066.899109,0,0.000000,0.440000,0.000000,0.520000,0.090000,0.000000,1.000000,0.000000,0.210000,0.000000
1778943066.935004,0,0.000000,1.370000,0.000000,0.560000,0.120000,0.000000,1.000000,0.000000,0.210000,0.000000
1778943066.935527,0,0.000000,1.370000,0.000000,0.560000,0.500000,0.000000,1.000000,0.000000,0.210000,0.000000
1778943066.967449,0,0.000000,1.550000,0.000000,0.580000,0.340000,0.000000,1.000000,0.000000,0.440000,0.000000
1778943066.967957,0,0.000000,0.440000,0.000000,0.610000,0.010000,0.000000,0.660000,0.000000,0.210000,0.000000
1778943066.968353,0,0.000000,1.370000,0.000000,0.680000,0.340000,0.000000,0.210000,0.000000,0.210000,0.000000
1778943067.061798,0,0.000000,1.550000,0.000000,0.680000,0.000000,0.000000,0.620000,0.000000,0.440000,0.000000
1778943067.096596,0,0.000000,0.440000,0.000000,0.680000,0.050000,0.000000,1.000000,0.000000,0.210000,0.000000
1778943067.128727,0,0.000000,1.370000,0.000000,0.690000,0.540000,0.000000,1.000000,0.000000,0.210000,0.000000
1778943067.189071,0,0.000000,0.440000,0.000000,0.700000,1.000000,0.000000,1.000000,0.000000,0.210000,0.000000
1778943067.248286,0,0.000000,1.370000,0.000000,0.730000,0.470000,0.000000,0.000000,0.310000,0.210000,0.110000
1778943067.307088,0,0.000000,0.000000,0.000000,0.000000,1.000000,0.000000,1.000000,0.340000,0.000000,0.000000
1778943067.366030,0,0.000000,1.550000,0.000000,0.000000,0.150000,0.000000,1.000000,0.000000,0.440000,0.000000
1778943067.366563,0,0.000000,1.550000,0.000000,0.000000,0.000000,0.000000,1.000000,0.000000,0.440000,0.000000
1778943067.366972,0,0.000000,1.370000,0.000000,0.000000,1.000000,0.000000,1.000000,0.000000,0.210000,0.000000
1778943067.399795,0,0.000000,1.370000,0.000000,0.000000,1.000000,0.000000,1.000000,0.000000,0.210000,0.000000
1778943067.431525,0,0.000000,1.370000,0.000000,0.000000,1.000000,0.000000,1.000000,0.000000,0.210000,0.000000
1778943067.432036,0,0.000000,1.370000,0.000000,0.000000,1.000000,0.000000,1.000000,0.000000,0.210000,0.000000
1778943067.510483,0,0.000000,0.000000,0.000000,0.000000,0.280000,0.000000,1.000000,0.000000,0.000000,0.000000
1778943067.569648,0,0.000000,0.440000,0.000000,0.000000,0.050000,0.000000,1.000000,0.000000,0.210000,0.000000
1778943067.570336,0,0.000000,0.000000,0.000000,0.000000,0.510000,0.000000,1.000000,0.000000,0.000000,0.000000
1778943067.570772,0,0.000000,1.370000,0.000000,0.000000,0.100000,0.000000,1.000000,0.000000,0.210000,0.000000
1778943067.571181,0,0.000000,1.370000,0.000000,0.050000,1.000000,0.000000,1.000000,0.000000,0.210000,0.000000
1778943067.675718,0,0.000000,0.440000,0.000000,0.090000,1.000000,0.000000,0.150000,0.000000,0.210000,0.000000
1778943067.737326,0,0.000000,1.550000,0.000000,0.100000,1.000000,0.000000,0.970000,0.000000,0.440000,0.000000
1778943067.835914,0,0.000000,1.370000,0.000000,0.110000,1.000000,0.000000,1.000000,0.000000,0.210000,0.000000
1778943067.872083,0,0.000000,0.440000,0.000000,0.110000,1.000000,0.000000,1.000000,0.000000,0.210000,0.000000
1778943067.904597,0,0.000000,1.370000,0.000000,0.150000,1.000000,0.000000,1.000000,0.000000,0.210000,0.000000
1778943067.936102,0,0.000000,1.910000,0.000000,0.210000,0.880000,0.000000,1.000000,0.000000,0.890000,0.000000
1778943067.936616,0,0.000000,1.370000,0.000000,0.250000,1.000000,0.000000,1.000000,0.000000,0.210000,0.110000
1778943067.967912,0,0.000000,0.440000,0.000000,0.310000,1.000000,0.000000,1.000000,0.000000,0.210000,0.000000
1778943068.075931,0,0.000000,1.370000,0.000000,0.330000,1.000000,0.000000,1.000000,0.000000,0.210000,0.000000
1778943068.111235,0,0.000000,1.550000,0.000000,0.360000,0.000000,0.000000,1.000000,0.000000,0.440000,0.000000
1778943068.170957,0,0.000000,1.370000,0.000000,0.370000,0.400000,0.000000,1.000000,0.000000,0.210000,0.000000
1778943068.229325,0,0.000000,1.370000,0.000000,0.370000,0.810000,0.000000,1.000000,0.000000,0.210000,0.000000
1778943068.230011,0,0.000000,1.370000,0.000000,0.430000,1.000000,0.000000,1.000000,0.000000,0.210000,0.000000
1778943068.289194,0,0.000000,1.370000,0.000000,0.500000,0.150000,0.000000,1.000000,0.000000,0.210000,0.000000
1778943068.347836,0,0.000000,0.440000,0.000000,0.000000,0.400000,0.000000,0.100000,21.500000,0.210000,0.000000
1778943068.410839,0,0.000000,1.370000,0.000000,0.000000,0.470000,0.000000,1.000000,76.910000,0.210000,0.000000
1778943068.471029,0,0.000000,1.370000,0.000000,0.000000,0.560000,0.000000,1.000000,71.090000,0.210000,0.000000
1778943068.471715,0,0.000000,1.370000,0.000000,0.000000,1.000000,0.000000,1.000000,32.400000,0.210000,0.000000
1778943068.530378,0,0.000000,1.370000,0.000000,0.000000,0.170000,0.000000,1.000000,0.180000,0.210000,0.000000
1778943068.589564,0,0.000000,1.910000,0.000000,0.000000,1.000000,0.000000,1.000000,0.000000,0.890000,0.000000
1778943068.590087,0,0.000000,1.370000,0.000000,0.000000,0.370000,0.000000,1.000000,0.000000,0.210000,0.000000
1778943068.648782,0,0.000000,1.550000,0.000000,0.010000,0.000000,0.000000,1.000000,0.000000,0.440000,0.000000
1778943068.649313,0,0.000000,0.440000,0.000000,0.070000,0.020000,0.000000,1.000000,0.000000,0.210000,0.000000
1778943068.649729,0,0.000000,1.370000,0.000000,0.150000,0.360000,0.000000,0.870000,0.000000,0.210000,0.000000
1778943068.650103,0,0.000000,1.550000,0.000000,0.180000,0.330000,0.000000,1.000000,0.000000,0.440000,0.000000
1778943068.708195,0,0.000000,0.000000,0.000000,0.210000,1.000000,0.000000,1.000000,0.000000,0.000000,0.000000
1778943068.810677,0,0.000000,1.370000,0.000000,0.280000,0.920000,0.000000,1.000000,0.000000,0.210000,0.000000
1778943068.812030,0,0.000000,1.370000,0.000000,0.310000,1.000000,0.000000,1.000000,0.000000,0.210000,0.000000
1778943068.844981,0,0.000000,1.370000,0.000000,0.340000,1.000000,0.000000,1.000000,0.000000,0.210000,0.000000
1778943068.845515,0,0.000000,1.370000,0.000000,0.410000,0.330000,0.000000,1.000000,0.000000,0.210000,0.000000
1778943068.904231,0,0.000000,1.370000,0.000000,0.460000,1.000000,0.000000,1.000000,0.000000,0.210000,0.000000
1778943069.018327,0,0.000000,1.370000,0.000000,0.000000,1.000000,0.000000,0.930000,94.230000,0.210000,0.250000
1778943069.079155,0,0.000000,1.370000,0.000000,0.000000,1.000000,0.000000,1.000000,91.910000,0.210000,0.000000
1778943069.168662,0,0.000000,1.370000,0.000000,0.000000,1.000000,0.000000,1.000000,92.680000,0.210000,0.000000
1778943069.229765,0,0.000000,1.370000,0.000000,0.000000,0.950000,0.000000,1.000000,79.410000,0.210000,0.000000
1778943069.230446,0,0.000000,1.370000,0.000000,0.000000,1.000000,0.000000,1.000000,0.000000,0.210000,0.000000
1778943069.288980,0,0.000000,1.740000,0.000000,0.430000,0.890000,0.000000,1.000000,0.000000,0.670000,0.000000
1778943069.349571,0,0.000000,1.370000,0.000000,0.510000,1.000000,0.000000,1.000000,0.000000,0.210000,0.000000
1778943069.350095,0,0.000000,1.550000,0.000000,0.940000,1.000000,0.000000,1.000000,0.000000,0.440000,0.000000
1778943069.350499,0,0.000000,1.370000,0.000000,1.040000,1.000000,0.000000,0.500000,0.000000,0.210000,0.000000
1778943069.494727,0,0.000000,1.370000,0.000000,1.130000,1.000000,0.000000,1.000000,0.000000,0.210000,0.110000
1778943069.496188,0,0.000000,1.550000,0.000000,1.200000,0.890000,0.000000,1.000000,0.000000,0.440000,0.000000
1778943069.557878,0,0.000000,1.370000,0.000000,1.200000,1.000000,0.000000,1.000000,0.000000,0.210000,0.000000
1778943069.616177,0,0.000000,1.740000,0.000000,1.200000,1.000000,0.000000,1.000000,0.000000,0.670000,0.000000
1778943069.764468,0,0.000000,1.370000,0.000000,1.200000,1.000000,0.000000,1.000000,0.000000,0.210000,0.000000
1778943069.827545,0,0.000000,1.370000,0.000000,1.200000,0.330000,0.000000,1.000000,0.000000,0.210000,0.000000
1778943069.828231,0,0.000000,1.910000,0.000000,1.200000,0.230000,0.000000,1.000000,0.000000,0.890000,0.000000
1778943069.886942,0,0.000000,1.370000,0.000000,1.200000,1.000000,0.000000,1.000000,0.000000,0.210000,0.000000
1778943069.946112,0,0.000000,1.370000,0.000000,1.200000,1.000000,0.000000,1.000000,0.000000,0.210000,0.000000
1778943069.946647,0,0.000000,1.740000,0.000000,1.200000,0.000000,0.000000,1.000000,0.000000,0.670000,0.000000
1778943069.947212,0,0.000000,1.550000,0.000000,1.200000,0.000000,0.000000,1.000000,0.000000,0.440000,0.000000
1778943070.006137,0,0.000000,1.370000,0.000000,1.200000,0.950000,0.000000,1.000000,0.000000,0.210000,0.000000
1778943070.006676,0,0.000000,1.370000,0.000000,1.200000,0.460000,0.000000,1.000000,0.000000,0.210000,0.000000
1778943070.007103,0,0.000000,1.550000,0.000000,1.200000,0.000000,0.000000,1.000000,0.000000,0.440000,0.000000
1778943070.007504,0,0.000000,0.440000,0.000000,1.200000,0.440000,0.000000,1.000000,0.000000,0.210000,0.000000
1778943070.008097,0,0.000000,1.370000,0.000000,1.200000,0.340000,0.000000,1.000000,0.000000,0.210000,0.000000
1778943070.065974,0,0.000000,1.550000,0.000000,1.200000,0.830000,0.000000,1.000000,0.000000,0.440000,0.000000
1778943070.066484,0,0.000000,1.370000,0.000000,1.200000,1.000000,0.000000,1.000000,0.000000,0.210000,0.000000
1778943070.129719,0,0.000000,1.370000,0.000000,1.200000,1.000000,0.000000,1.000000,0.000000,0.210000,0.250000
1778943070.187065,0,0.000000,1.370000,0.000000,1.200000,1.000000,0.000000,1.000000,0.000000,0.210000,0.000000
1778943070.248236,0,0.000000,1.370000,0.000000,1.200000,1.000000,0.000000,1.000000,0.000000,0.210000,0.000000
1778943070.305917,0,0.000000,0.440000,0.000000,1.200000,1.000000,0.000000,1.000000,0.000000,0.210000,0.000000
1778943070.363557,0,0.000000,1.370000,0.000000,1.200000,1.000000,0.000000,1.000000,0.000000,0.210000,0.000000
1778943070.420955,0,0.000000,1.550000,0.000000,1.200000,0.000000,0.000000,1.000000,0.000000,0.440000,0.000000
1778943070.421469,0,0.000000,1.550000,0.000000,1.200000,0.890000,0.000000,1.000000,0.000000,0.440000,0.000000
1778943070.421870,0,0.000000,1.370000,0.000000,1.200000,0.700000,0.000000,0.910000,0.000000,0.210000,0.000000
1778943070.422244,0,0.000000,1.550000,0.000000,1.200000,0.570000,0.000000,1.000000,0.000000,0.440000,0.000000
1778943070.479271,0,0.000000,1.370000,0.000000,1.200000,1.000000,0.000000,1.000000,0.000000,0.210000,0.000000
1778943070.570847,0,0.000000,0.440000,0.000000,1.200000,1.000000,0.000000,1.000000,0.000000,0.210000,0.000000
1778943070.603387,0,0.000000,1.370000,0.000000,1.200000,1.000000,0.000000,1.000000,0.000000,0.210000,0.000000
1778943070.618225,0,0.000000,1.370000,0.000000,1.200000,1.000000,0.000000,1.000000,0.000000,0.210000,0.000000
1778943070.640990,0,0.000000,1.370000,0.000000,1.200000,0.730000,0.000000,1.000000,0.000000,0.210000,0.000000
1778943070.662404,0,0.000000,1.740000,0.000000,1.200000,0.470000,0.000000,1.000000,0.000000,0.670000,0.000000
1778943070.671009,0,0.000000,0.000000,0.000000,1.200000,1.000000,0.000000,1.000000,0.000000,0.000000,0.000000
1778943070.728557,0,0.000000,1.550000,0.000000,1.200000,0.540000,0.000000,1.000000,0.000000,0.440000,0.000000
1778943070.784990,0,0.000000,0.440000,0.000000,1.200000,0.970000,0.000000,1.000000,0.000000,0.210000,0.000000
1778943070.812853,0,0.000000,1.370000,0.000000,1.200000,1.000000,0.000000,1.000000,0.000000,0.210000,0.000000
1778943070.826367,0,0.000000,0.440000,0.000000,1.200000,1.000000,0.000000,1.000000,0.000000,0.210000,0.000000
1778943070.833840,0,0.000000,1.370000,0.000000,1.200000,1.000000,0.000000,1.000000,0.000000,0.210000,0.000000
1778943070.841749,0,0.000000,1.370000,0.000000,1.200000,1.000000,0.000000,1.000000,0.000000,0.210000,0.000000
1778943070.857394,0,0.000000,1.370000,0.000000,1.200000,1.000000,0.000000,1.000000,0.000000,0.210000,0.000000
1778943070.873160,0,0.000000,0.440000,0.000000,1.200000,1.000000,0.000000,1.000000,0.000000,0.210000,0.000000
1778943070.876172,0,0.000000,1.370000,0.000000,1.200000,1.000000,0.000000,1.000000,0.000000,0.210000,0.000000
1778943070.877513,0,0.000000,1.370000,0.000000,1.200000,1.000000,0.000000,1.000000,0.000000,0.210000,0.000000
1778943070.898237,0,0.000000,1.370000,0.000000,1.200000,1.000000,0.000000,1.000000,0.000000,0.210000,0.000000
1778943070.940170,0,0.000000,1.370000,0.000000,1.200000,1.000000,0.000000,1.000000,0.000000,0.210000,0.000000
1778943070.969561,0,0.000000,1.370000,0.000000,1.200000,1.000000,0.000000,1.000000,0.000000,0.210000,0.000000
1778943070.977330,0,0.000000,1.370000,0.000000,1.200000,0.230000,0.000000,1.000000,0.000000,0.210000,0.000000
1778943070.979703,0,0.000000,1.370000,0.000000,1.200000,0.630000,0.000000,1.000000,0.000000,0.210000,0.000000
1778943070.983857,0,0.000000,1.370000,0.000000,1.200000,1.000000,0.000000,1.000000,0.000000,0.210000,0.000000
1778943070.998474,0,0.000000,1.370000,0.000000,1.200000,1.000000,0.000000,1.000000,0.000000,0.210000,0.110000
1778943071.015291,0,0.000000,1.370000,0.000000,1.200000,1.000000,0.000000,1.000000,0.000000,0.210000,0.000000
1778943071.030675,0,0.000000,1.370000,0.000000,1.200000,1.000000,0.000000,1.000000,0.000000,0.210000,0.000000
1778943071.031120,0,0.000000,1.550000,0.000000,1.200000,1.000000,0.000000,1.000000,0.000000,0.440000,0.000000
1778943071.031555,0,0.000000,1.550000,0.000000,1.200000,1.000000,0.000000,1.000000,0.000000,0.440000,0.000000
1778943071.058357,0,0.000000,1.370000,0.000000,1.200000,1.000000,0.000000,1.000000,0.000000,0.210000,0.000000
1778943071.081912,0,0.000000,1.370000,0.000000,1.200000,1.000000,0.000000,1.000000,0.000000,0.210000,0.000000
1778943071.158483,0,0.000000,1.550000,0.000000,1.200000,1.000000,0.000000,1.000000,0.000000,0.440000,0.000000
1778943071.164275,0,0.000000,1.370000,0.000000,1.200000,1.000000,0.000000,1.000000,0.000000,0.210000,0.000000
1778943071.178823,0,0.000000,1.550000,0.000000,1.200000,1.000000,0.000000,0.150000,0.000000,0.440000,0.000000
1778943071.202003,0,0.000000,1.370000,0.000000,1.200000,1.000000,0.000000,0.570000,0.000000,0.210000,0.000000
1778943071.225141,0,0.000000,0.440000,0.000000,1.200000,1.000000,0.000000,1.000000,0.000000,0.210000,0.000000
1778943071.227795,0,0.000000,0.440000,0.000000,1.200000,1.000000,0.000000,1.000000,0.000000,0.210000,0.000000
1778943071.229796,0,0.000000,1.370000,0.000000,1.200000,1.000000,0.000000,1.000000,0.000000,0.210000,0.000000
1778943071.230811,0,0.000000,1.550000,0.000000,1.200000,1.000000,0.000000,1.000000,0.000000,0.440000,0.000000
1778943071.254283,0,0.000000,0.440000,0.000000,1.200000,1.000000,0.000000,1.000000,0.000000,0.210000,0.000000
1778943071.256478,0,0.000000,1.370000,0.000000,1.200000,1.000000,0.000000,1.000000,0.000000,0.210000,0.000000
1778943071.261407,0,0.000000,0.440000,0.000000,1.200000,0.120000,0.000000,1.000000,0.000000,0.210000,0.000000
1778943071.301095,0,0.000000,1.370000,0.000000,1.200000,0.560000,0.000000,1.000000,0.000000,0.000000,0.000000
1778943071.315025,0,0.000000,1.370000,0.000000,1.200000,0.970000,0.000000,1.000000,0.000000,0.210000,0.000000
1778943071.330129,0,0.000000,1.370000,0.000000,1.200000,0.210000,0.000000,1.000000,0.000000,0.210000,0.000000
1778943071.369303,0,0.000000,1.370000,0.000000,1.200000,0.620000,0.000000,1.000000,0.000000,0.210000,0.000000
1778943071.370783,0,0.000000,0.000000,0.000000,1.200000,0.210000,0.000000,1.000000,0.000000,0.000000,0.000000
1778943071.383851,0,0.000000,1.370000,0.000000,1.200000,0.600000,0.000000,1.000000,0.000000,0.210000,0.000000
1778943071.386025,0,0.000000,1.550000,0.000000,1.200000,0.250000,0.000000,1.000000,0.000000,0.440000,0.000000
1778943071.386939,0,0.000000,1.370000,0.000000,1.200000,0.730000,0.000000,1.000000,0.000000,0.210000,0.000000
1778943071.408516,0,0.000000,1.550000,0.000000,1.200000,1.000000,0.000000,1.000000,0.000000,0.440000,0.000000
1778943071.420106,0,0.000000,0.440000,0.000000,1.200000,1.000000,0.000000,1.000000,0.000000,0.210000,0.000000
1778943071.441931,0,0.000000,1.550000,0.000000,1.200000,1.000000,0.000000,1.000000,0.000000,0.440000,0.110000
1778943071.457783,0,0.000000,0.440000,0.000000,1.200000,1.000000,0.000000,1.000000,0.000000,0.210000,0.000000
1778943071.473079,0,0.000000,0.440000,0.000000,1.200000,1.000000,0.000000,1.000000,0.000000,0.210000,0.000000
1778943071.511643,0,0.000000,1.370000,0.000000,1.200000,1.000000,0.000000,1.000000,0.000000,0.210000,0.000000
1778943071.514047,0,0.000000,1.370000,0.000000,1.200000,1.000000,0.000000,1.000000,0.000000,0.210000,0.000000
1778943071.514840,0,0.000000,1.550000,0.000000,1.200000,1.000000,0.000000,1.000000,0.000000,0.440000,0.000000
1778943071.523864,0,0.000000,1.370000,0.000000,1.200000,1.000000,0.000000,1.000000,0.000000,0.210000,0.000000
1778943071.539038,0,0.000000,1.370000,0.000000,1.200000,1.000000,0.000000,1.000000,0.000000,0.210000,0.000000
1778943071.563028,0,0.000000,1.370000,0.000000,1.200000,0.100000,0.000000,1.000000,0.000000,0.210000,0.000000
1778943071.578318,0,0.000000,1.370000,0.000000,1.200000,0.570000,0.000000,1.000000,0.000000,0.210000,0.000000
1778943071.768810,0,0.000000,1.550000,0.000000,1.200000,1.000000,0.000000,0.180000,0.000000,0.440000,0.000000
1778943071.794004,0,0.000000,1.370000,0.000000,1.200000,1.000000,0.000000,0.610000,0.000000,0.210000,0.000000
1778943071.816088,0,0.000000,1.550000,0.000000,1.200000,1.000000,0.000000,1.000000,0.000000,0.440000,0.000000
1778943071.817548,0,0.000000,1.370000,0.000000,1.200000,1.000000,0.000000,1.000000,0.000000,0.210000,0.000000
1778943071.818758,0,0.000000,1.550000,0.000000,1.200000,1.000000,0.000000,1.000000,0.000000,0.440000,0.000000
1778943071.822900,0,0.000000,1.370000,0.000000,1.200000,1.000000,0.000000,1.000000,0.000000,0.210000,0.000000
1778943071.839650,0,0.000000,1.370000,0.000000,1.200000,1.000000,0.000000,1.000000,0.000000,0.210000,0.000000
1778943071.846613,0,0.000000,1.370000,0.000000,1.200000,1.000000,0.000000,1.000000,0.000000,0.210000,0.000000
1778943071.891279,0,0.000000,1.550000,0.000000,1.200000,1.000000,0.000000,1.000000,0.000000,0.440000,0.000000
1778943071.900180,0,0.000000,0.440000,0.000000,1.200000,1.000000,0.000000,1.000000,0.000000,0.210000,0.000000
1778943071.933116,0,0.000000,1.370000,0.000000,1.200000,1.000000,0.000000,1.000000,0.000000,0.210000,0.000000
1778943071.933844,0,0.000000,0.440000,0.000000,1.200000,0.050000,0.000000,1.000000,0.000000,0.210000,0.000000
1778943071.944211,0,0.000000,1.550000,0.000000,1.200000,0.430000,0.000000,1.000000,0.000000,0.440000,0.000000
1778943071.946915,0,0.000000,1.370000,0.000000,1.200000,0.810000,0.000000,1.000000,0.000000,0.210000,0.000000
1778943071.951077,0,0.000000,1.370000,0.000000,1.200000,1.000000,0.000000,1.000000,0.000000,0.210000,0.000000
1778943071.975387,0,0.000000,1.370000,0.000000,1.200000,1.000000,0.000000,1.000000,0.000000,0.210000,0.000000
1778943071.982024,0,0.000000,1.370000,0.000000,1.200000,0.120000,0.000000,1.000000,0.000000,0.210000,0.000000
1778943072.006457,0,0.000000,1.550000,0.000000,1.200000,0.400000,0.000000,1.000000,0.000000,0.440000,0.110000
1778943072.010478,0,0.000000,1.550000,0.000000,1.200000,0.010000,0.000000,1.000000,0.000000,0.440000,0.110000
1778943072.035320,0,0.000000,0.440000,0.000000,1.200000,0.370000,0.000000,1.000000,0.000000,0.210000,0.000000
1778943072.049676,0,0.000000,0.440000,0.000000,1.200000,0.740000,0.000000,1.000000,0.000000,0.210000,0.000000
1778943072.075177,0,0.000000,1.370000,0.000000,1.200000,1.000000,0.000000,1.000000,0.000000,0.210000,0.000000
1778943072.076227,0,0.000000,0.890000,0.000000,1.200000,1.000000,0.000000,1.000000,0.000000,0.440000,0.000000
1778943072.153840,0,0.000000,1.370000,0.000000,1.200000,1.000000,0.000000,1.000000,0.000000,0.210000,0.000000
1778943072.191061,0,0.000000,0.000000,0.000000,1.200000,0.020000,0.000000,1.000000,0.000000,0.000000,0.000000
1778943072.199641,0,0.000000,1.370000,0.000000,1.200000,0.150000,0.000000,1.000000,0.000000,0.210000,0.000000
1778943072.207248,0,0.000000,1.370000,0.000000,1.200000,0.470000,0.000000,1.000000,0.000000,0.210000,0.000000
1778943072.209313,0,0.000000,1.370000,0.000000,1.200000,0.370000,0.000000,1.000000,0.000000,0.210000,0.000000
1778943072.231296,0,0.000000,1.370000,0.000000,1.200000,0.950000,0.000000,1.000000,0.000000,0.210000,0.000000
1778943072.234229,0,0.000000,1.550000,0.000000,1.200000,0.200000,0.000000,1.000000,0.000000,0.440000,0.000000
1778943072.268483,0,0.000000,0.000000,0.000000,1.200000,0.030000,0.000000,1.000000,0.000000,0.000000,0.000000
1778943072.285192,0,0.000000,0.440000,0.000000,1.200000,0.230000,0.000000,1.000000,0.000000,0.210000,0.000000
1778943072.289637,0,0.000000,1.370000,0.000000,1.200000,0.790000,0.000000,1.000000,0.000000,0.210000,0.000000
1778943072.291084,0,0.000000,1.370000,0.000000,1.200000,1.000000,0.000000,1.000000,0.000000,0.210000,0.000000
1778943072.313640,0,0.000000,1.370000,0.000000,1.200000,0.250000,0.000000,1.000000,0.000000,0.210000,0.000000
1778943072.356522,0,0.000000,1.550000,0.000000,1.200000,0.000000,0.000000,1.000000,0.000000,0.440000,0.000000
1778943072.552030,0,0.000000,1.370000,0.000000,1.200000,0.510000,0.000000,1.000000,0.000000,0.210000,0.000000
1778943072.607438,0,0.000000,0.440000,0.000000,1.200000,0.300000,0.000000,1.000000,0.000000,0.210000,0.000000
1778943072.608643,0,0.000000,0.440000,0.000000,1.200000,0.280000,0.000000,1.000000,0.000000,0.210000,0.000000
1778943072.609398,0,0.000000,1.370000,0.000000,1.200000,1.000000,0.000000,1.000000,0.000000,0.210000,0.000000
1778943072.610034,0,0.000000,0.440000,0.000000,1.200000,0.800000,0.000000,1.000000,0.000000,0.210000,0.000000
1778943072.619904,0,0.000000,1.370000,0.000000,1.200000,1.000000,0.000000,1.000000,0.000000,0.210000,0.000000
1778943072.621166,0,0.000000,1.370000,0.000000,1.200000,1.000000,0.000000,1.000000,0.000000,0.210000,0.000000
1778943072.717104,0,0.000000,1.370000,0.000000,1.200000,1.000000,0.000000,1.000000,0.000000,0.210000,0.000000
1778943072.759636,0,0.000000,0.440000,0.000000,1.200000,1.000000,0.000000,1.000000,0.000000,0.210000,0.000000
1778943072.768673,0,0.000000,0.440000,0.000000,1.200000,0.150000,0.000000,1.000000,0.000000,0.210000,0.000000
1778943072.791209,0,0.000000,1.370000,0.000000,1.200000,0.330000,0.000000,1.000000,0.000000,0.210000,0.000000
1778943072.793471,0,0.000000,1.550000,0.000000,1.200000,1.000000,0.000000,1.000000,0.000000,0.440000,0.000000
1778943072.794248,0,0.000000,1.550000,0.000000,1.200000,1.000000,0.000000,1.000000,0.000000,0.440000,0.000000
1778943072.795177,0,0.000000,1.370000,0.000000,1.200000,1.000000,0.000000,1.000000,0.000000,0.210000,0.000000
1778943072.797939,0,0.000000,1.370000,0.000000,1.200000,1.000000,0.000000,1.000000,0.000000,0.210000,0.000000
1778943072.845233,0,0.000000,1.370000,0.000000,1.200000,1.000000,0.000000,1.000000,0.000000,0.210000,0.000000
1778943072.846911,0,0.000000,0.440000,0.000000,1.200000,1.000000,0.000000,1.000000,0.000000,0.210000,0.000000
1778943072.847488,0,0.000000,1.370000,0.000000,1.200000,1.000000,0.000000,1.000000,0.000000,0.210000,0.000000
1778943072.867576,0,0.000000,1.370000,0.000000,1.200000,1.000000,0.000000,1.000000,0.000000,0.210000,0.000000
1778943072.891573,0,0.000000,0.440000,0.000000,1.200000,0.250000,0.000000,1.000000,0.000000,0.210000,0.000000
1778943072.907135,0,0.000000,1.370000,0.000000,1.200000,1.000000,0.000000,1.000000,0.000000,0.210000,0.000000
1778943072.927448,0,0.000000,1.370000,0.000000,1.200000,1.000000,0.000000,1.000000,0.000000,0.210000,0.000000
1778943072.943180,0,0.000000,1.370000,0.000000,1.200000,1.000000,0.000000,0.050000,0.000000,0.210000,0.000000
1778943072.958908,0,0.000000,0.440000,0.000000,1.200000,0.110000,0.000000,0.500000,0.000000,0.210000,0.000000
1778943072.964434,0,0.000000,1.370000,0.000000,1.200000,1.000000,0.000000,0.910000,0.000000,0.210000,0.110000
1778943073.023476,0,0.000000,1.550000,0.000000,1.200000,1.000000,0.000000,1.000000,0.000000,0.440000,0.000000
1778943073.069864,0,0.000000,0.440000,0.000000,1.200000,0.110000,0.000000,1.000000,0.000000,0.210000,0.000000
1778943073.090515,0,0.000000,1.370000,0.000000,1.200000,1.000000,0.000000,1.000000,0.000000,0.210000,0.000000
1778943073.128752,0,0.000000,1.370000,0.000000,1.200000,1.000000,0.000000,1.000000,0.000000,0.210000,0.000000
1778943073.135581,0,0.000000,0.000000,0.000000,1.200000,1.000000,0.000000,1.000000,0.000000,0.000000,0.000000
1778943073.136692,0,0.000000,1.370000,0.000000,1.200000,0.330000,0.000000,1.000000,0.000000,0.210000,0.000000
1778943073.138137,0,0.000000,2.250000,0.000000,1.200000,1.000000,0.000000,1.000000,0.000000,1.120000,0.000000
1778943073.182500,0,0.000000,1.370000,0.000000,1.200000,0.300000,0.000000,1.000000,0.000000,0.210000,0.000000
1778943073.189698,0,0.000000,1.370000,0.000000,1.200000,1.000000,0.000000,1.000000,0.000000,0.210000,0.000000
1778943073.198683,0,0.000000,1.550000,0.000000,1.200000,0.280000,0.000000,1.000000,0.000000,0.440000,0.110000
1778943073.199718,0,0.000000,1.550000,0.000000,1.200000,0.940000,0.000000,1.000000,0.000000,0.440000,0.000000
1778943073.211345,0,0.000000,1.370000,0.000000,1.200000,1.000000,0.000000,1.000000,0.000000,0.210000,0.000000
1778943073.234328,0,0.000000,1.370000,0.000000,1.200000,1.000000,0.000000,1.000000,0.000000,0.210000,0.000000
1778943073.249606,0,0.000000,1.550000,0.000000,1.200000,1.000000,0.000000,1.000000,0.000000,0.440000,0.000000
1778943073.279859,0,0.000000,1.370000,0.000000,1.200000,1.000000,0.000000,1.000000,0.000000,0.210000,0.110000
1778943073.295379,0,0.000000,1.370000,0.000000,1.200000,1.000000,0.000000,1.000000,0.000000,0.210000,0.000000
1778943073.302357,0,0.000000,0.440000,0.000000,1.200000,1.000000,0.000000,1.000000,0.000000,0.210000,0.000000
1778943073.319468,0,0.000000,1.370000,0.000000,1.200000,1.000000,0.000000,1.000000,0.000000,0.210000,0.000000
1778943073.332175,0,0.000000,0.440000,0.000000,1.200000,1.000000,0.000000,1.000000,0.000000,0.210000,0.000000
1778943073.334775,0,0.000000,0.440000,0.000000,1.200000,1.000000,0.000000,1.000000,0.000000,0.210000,0.000000
1778943073.346732,0,0.000000,1.370000,0.000000,1.200000,1.000000,0.000000,1.000000,0.000000,0.210000,0.000000
1778943073.362496,0,0.000000,0.000000,0.000000,1.200000,0.440000,0.000000,1.000000,0.000000,0.000000,0.000000
1778943073.392842,0,0.000000,1.550000,0.000000,1.200000,0.000000,0.000000,1.000000,0.000000,0.440000,0.000000
1778943073.398930,0,0.000000,1.370000,0.000000,1.200000,0.640000,0.000000,1.000000,0.000000,0.210000,0.000000
1778943073.430050,0,0.000000,1.550000,0.000000,1.200000,1.000000,0.000000,1.000000,0.000000,0.440000,0.000000
1778943073.437034,0,0.000000,1.550000,0.000000,1.200000,0.250000,0.000000,1.000000,0.000000,0.440000,0.000000
1778943073.445145,0,0.000000,1.370000,0.000000,1.200000,0.730000,0.000000,1.000000,0.000000,0.210000,0.000000
1778943073.468058,0,0.000000,1.550000,0.000000,1.200000,1.000000,0.000000,1.000000,0.000000,0.440000,0.000000
1778943073.475679,0,0.000000,1.370000,0.000000,1.200000,1.000000,0.000000,1.000000,0.000000,0.210000,0.000000
1778943073.482157,0,0.000000,1.370000,0.000000,1.200000,1.000000,0.000000,1.000000,0.000000,0.210000,0.000000
1778943073.497841,0,0.000000,1.370000,0.000000,1.200000,1.000000,0.000000,1.000000,0.000000,0.210000,0.000000
1778943073.520514,0,0.000000,0.000000,0.000000,1.200000,1.000000,0.000000,1.000000,0.000000,0.000000,0.000000
1778943073.536274,0,0.000000,1.370000,0.000000,1.200000,0.230000,0.000000,1.000000,0.000000,0.210000,0.000000
1778943073.632316,0,0.000000,1.370000,0.000000,1.200000,0.730000,0.000000,1.000000,0.000000,0.210000,0.000000
1778943073.728486,0,0.000000,1.370000,0.000000,1.200000,1.000000,0.000000,1.000000,0.000000,0.210000,0.000000
1778943073.759375,0,0.000000,1.370000,0.000000,1.200000,1.000000,0.000000,1.000000,0.000000,0.210000,0.110000
1778943073.775451,0,0.000000,1.370000,0.000000,1.200000,0.140000,0.000000,1.000000,0.000000,0.210000,0.000000
1778943073.792397,0,0.000000,1.550000,0.000000,1.200000,1.000000,0.000000,1.000000,0.000000,0.440000,0.000000
1778943073.793257,0,0.000000,1.550000,0.000000,1.200000,1.000000,0.000000,1.000000,0.000000,0.440000,0.000000
1778943073.795281,0,0.000000,1.370000,0.000000,1.200000,1.000000,0.000000,1.000000,0.000000,0.210000,0.000000
1778943073.796520,0,0.000000,1.910000,0.000000,1.200000,1.000000,0.000000,1.000000,0.000000,0.890000,0.000000
1778943073.811738,0,0.000000,1.370000,0.000000,1.200000,1.000000,0.000000,1.000000,0.000000,0.210000,0.000000
1778943073.818963,0,0.000000,1.370000,0.000000,1.200000,1.000000,0.000000,1.000000,0.000000,0.210000,0.000000
1778943073.826264,0,0.000000,1.370000,0.000000,1.200000,1.000000,0.000000,1.000000,0.000000,0.210000,0.000000
1778943073.857638,0,0.000000,1.370000,0.000000,1.200000,0.090000,0.000000,1.000000,0.000000,0.210000,0.000000
1778943073.859324,0,0.000000,1.370000,0.000000,1.200000,0.460000,0.000000,1.000000,0.000000,0.210000,0.000000
1778943073.889267,0,0.000000,1.370000,0.000000,1.200000,0.810000,0.000000,1.000000,0.000000,0.210000,0.000000
1778943073.903820,0,0.000000,1.740000,0.000000,1.200000,1.000000,0.000000,1.000000,0.000000,0.670000,0.000000
1778943073.909264,0,0.000000,1.370000,0.000000,1.200000,1.000000,0.000000,1.000000,0.000000,0.210000,0.000000
1778943073.918629,0,0.000000,1.550000,0.000000,1.200000,0.000000,0.000000,1.000000,0.000000,0.440000,0.000000
1778943073.939964,0,0.000000,0.440000,0.000000,1.200000,0.270000,0.000000,1.000000,0.000000,0.210000,0.000000
1778943073.955121,0,0.000000,1.370000,0.000000,1.200000,0.500000,0.000000,1.000000,0.000000,0.210000,0.000000
1778943073.970433,0,0.000000,1.550000,0.000000,1.200000,0.000000,0.000000,1.000000,0.000000,0.440000,0.000000
1778943073.977270,0,0.000000,1.370000,0.000000,1.200000,0.210000,0.000000,1.000000,0.000000,0.210000,0.000000
1778943074.023031,0,0.000000,1.370000,0.000000,1.200000,0.460000,0.000000,1.000000,0.000000,0.210000,0.000000
1778943074.030492,0,0.000000,1.370000,0.000000,1.200000,0.100000,0.000000,1.000000,0.000000,0.210000,0.000000
1778943074.035813,0,0.000000,1.370000,0.000000,1.200000,0.370000,0.000000,1.000000,0.000000,0.210000,0.000000
1778943074.051157,0,0.000000,1.370000,0.000000,1.200000,0.660000,0.000000,1.000000,0.000000,0.210000,0.000000
1778943074.081875,0,0.000000,1.370000,0.000000,1.200000,0.930000,0.000000,1.000000,0.000000,0.210000,0.250000
1778943074.088802,0,0.000000,1.550000,0.000000,1.200000,0.180000,0.000000,1.000000,0.000000,0.440000,0.000000
1778943074.096477,0,0.000000,1.370000,0.000000,1.200000,0.510000,0.000000,1.000000,0.000000,0.210000,0.000000
1778943074.119591,0,0.000000,1.370000,0.000000,1.200000,0.250000,0.000000,1.000000,0.000000,0.210000,0.110000
1778943074.134711,0,0.000000,0.440000,0.000000,1.200000,0.600000,0.000000,1.000000,0.000000,0.210000,0.000000
1778943074.150148,0,0.000000,1.370000,0.000000,1.200000,1.000000,0.000000,1.000000,0.000000,0.210000,0.000000
1778943074.152461,0,0.000000,1.370000,0.000000,1.200000,1.000000,0.000000,1.000000,0.000000,0.210000,0.000000
1778943074.164060,0,0.000000,1.370000,0.000000,1.200000,1.000000,0.000000,1.000000,0.000000,0.210000,0.000000
1778943074.187988,0,0.000000,1.370000,0.000000,1.200000,0.070000,0.000000,1.000000,0.000000,0.210000,0.000000
1778943074.216993,0,0.000000,1.370000,0.000000,1.200000,0.340000,0.000000,1.000000,0.000000,0.210000,0.000000
1778943074.223613,0,0.000000,0.440000,0.000000,1.200000,0.620000,0.000000,1.000000,0.000000,0.210000,0.000000
1778943074.225330,0,0.000000,1.740000,0.000000,1.200000,0.880000,0.000000,0.100000,0.000000,0.670000,0.000000
1778943074.239139,0,0.000000,1.370000,0.000000,1.200000,1.000000,0.000000,0.550000,0.000000,0.210000,0.000000
1778943074.285549,0,0.000000,1.370000,0.000000,1.200000,1.000000,0.000000,0.970000,0.000000,0.210000,0.000000
1778943074.322671,0,0.000000,1.370000,0.000000,1.200000,1.000000,0.000000,1.000000,0.000000,0.210000,0.110000
1778943074.331527,0,0.000000,1.370000,0.000000,1.200000,1.000000,0.000000,1.000000,0.000000,0.210000,0.000000
1778943074.332048,0,0.000000,0.000000,0.000000,1.200000,1.000000,0.000000,1.000000,0.000000,0.000000,0.000000
1778943074.332476,0,0.000000,1.370000,0.000000,1.200000,1.000000,0.000000,1.000000,0.000000,0.210000,0.000000
1778943074.350616,0,0.000000,0.440000,0.000000,1.200000,0.110000,0.000000,1.000000,0.000000,0.210000,0.000000
1778943074.358626,0,0.000000,1.370000,0.000000,1.200000,0.380000,0.000000,1.000000,0.000000,0.210000,0.000000
1778943074.373467,0,0.000000,1.370000,0.000000,1.200000,0.630000,0.000000,1.000000,0.000000,0.210000,0.000000
1778943074.404024,0,0.000000,1.370000,0.000000,1.200000,0.920000,0.000000,1.000000,0.000000,0.210000,0.110000
1778943074.411845,0,0.000000,1.370000,0.000000,1.200000,1.000000,0.000000,1.000000,0.000000,0.210000,0.000000
1778943074.434416,0,0.000000,0.440000,0.000000,1.200000,1.000000,0.000000,1.000000,0.000000,0.210000,0.000000
1778943074.438627,0,0.000000,1.370000,0.000000,1.200000,1.000000,0.000000,1.000000,0.000000,0.210000,0.000000
1778943074.457249,0,0.000000,1.550000,0.000000,1.200000,1.000000,0.000000,1.000000,0.000000,0.440000,0.000000
1778943074.460865,0,0.000000,3.160000,0.000000,1.200000,1.000000,0.000000,1.000000,0.000000,1.580000,0.000000
1778943074.502531,0,0.000000,1.740000,0.000000,1.200000,0.000000,0.000000,1.000000,0.000000,0.670000,0.000000
1778943074.518712,0,0.000000,1.370000,0.000000,1.200000,0.170000,0.000000,1.000000,0.000000,0.210000,0.000000
1778943074.531698,0,0.000000,1.550000,0.000000,1.200000,0.000000,0.000000,1.000000,0.000000,0.440000,0.000000
1778943074.539222,0,0.000000,1.370000,0.000000,1.200000,0.180000,0.000000,1.000000,0.000000,0.210000,0.000000
1778943074.554929,0,0.000000,1.370000,0.000000,1.200000,0.050000,0.000000,1.000000,0.000000,0.210000,0.000000
1778943074.557403,0,0.000000,1.550000,0.000000,1.200000,0.000000,0.000000,1.000000,0.000000,0.440000,0.000000
1778943074.561479,0,0.000000,1.370000,0.000000,1.200000,0.560000,0.000000,1.000000,0.000000,0.210000,0.000000
1778943074.568512,0,0.000000,1.370000,0.000000,1.200000,1.000000,0.000000,1.000000,0.000000,0.210000,0.000000
1778943074.590800,0,0.000000,1.370000,0.000000,1.200000,1.000000,0.000000,1.000000,0.000000,0.210000,0.000000
1778943074.607832,0,0.000000,1.370000,0.000000,1.200000,1.000000,0.000000,1.000000,0.000000,0.210000,0.000000
1778943074.630688,0,0.000000,1.740000,0.000000,1.200000,1.000000,0.000000,1.000000,0.000000,0.670000,0.000000
1778943074.636360,0,0.000000,1.550000,0.000000,1.200000,1.000000,0.000000,1.000000,0.000000,0.440000,0.110000
1778943074.644156,0,0.000000,0.440000,0.000000,1.200000,1.000000,0.000000,1.000000,0.000000,0.210000,0.000000
1778943074.674573,0,0.000000,1.370000,0.000000,1.200000,0.280000,0.000000,1.000000,0.000000,0.210000,0.000000
1778943074.683961,0,0.000000,1.370000,0.000000,1.200000,0.870000,0.000000,1.000000,0.000000,0.210000,0.000000
1778943074.700258,0,0.000000,1.370000,0.000000,1.200000,1.000000,0.000000,1.000000,0.000000,0.210000,0.000000
1778943074.704749,0,0.000000,1.370000,0.000000,1.200000,1.000000,0.000000,1.000000,0.000000,0.210000,0.110000
1778943074.729131,0,0.000000,0.440000,0.000000,1.200000,1.000000,0.000000,1.000000,0.000000,0.210000,0.000000
1778943074.743508,0,0.000000,1.370000,0.000000,1.200000,1.000000,0.000000,1.000000,0.000000,0.210000,0.000000
1778943074.788446,0,0.000000,0.440000,0.000000,1.200000,1.000000,0.000000,1.000000,0.000000,0.210000,0.000000
1778943074.790812,0,0.000000,1.550000,0.000000,1.200000,1.000000,0.000000,1.000000,0.000000,0.440000,0.000000
1778943074.791698,0,0.000000,0.000000,0.000000,1.200000,1.000000,0.000000,1.000000,0.000000,0.000000,0.000000
1778943074.816463,0,0.000000,1.370000,0.000000,1.200000,1.000000,0.000000,1.000000,0.000000,0.210000,0.000000
1778943074.824379,0,0.000000,0.440000,0.000000,1.200000,0.280000,0.000000,1.000000,0.000000,0.210000,0.000000
1778943074.831165,0,0.000000,1.370000,0.000000,1.200000,0.870000,0.000000,1.000000,0.000000,0.210000,0.000000
1778943074.862540,0,0.000000,1.370000,0.000000,1.200000,1.000000,0.000000,1.000000,0.000000,0.210000,0.000000
1778943074.899094,0,0.000000,1.370000,0.000000,1.200000,1.000000,0.000000,1.000000,0.000000,0.210000,0.000000
1778943074.914668,0,0.000000,1.370000,0.000000,1.200000,1.000000,0.000000,1.000000,0.000000,0.210000,0.000000
1778943074.931124,0,0.000000,1.370000,0.000000,1.200000,1.000000,0.000000,1.000000,0.000000,0.210000,0.000000
1778943074.934189,0,0.000000,0.440000,0.000000,1.200000,0.100000,0.000000,1.000000,0.000000,0.210000,0.000000
1778943074.935231,0,0.000000,1.370000,0.000000,1.200000,0.930000,0.000000,1.000000,0.000000,0.210000,0.000000
1778943074.936081,0,0.000000,1.740000,0.000000,1.200000,1.000000,0.000000,1.000000,0.000000,0.670000,0.000000
1778943074.953765,0,0.000000,0.440000,0.000000,1.200000,1.000000,0.000000,1.000000,0.000000,0.210000,0.000000
1778943074.975335,0,0.000000,1.370000,0.000000,1.200000,1.000000,0.000000,1.000000,0.000000,0.210000,0.000000
1778943075.005824,0,0.000000,1.370000,0.000000,1.200000,1.000000,0.000000,1.000000,0.000000,0.210000,0.110000
1778943075.007971,0,0.000000,1.550000,0.000000,1.200000,1.000000,0.000000,1.000000,0.000000,0.440000,0.110000
1778943075.011637,0,0.000000,1.370000,0.000000,1.200000,1.000000,0.000000,1.000000,0.000000,0.210000,0.000000
1778943075.043236,0,0.000000,1.370000,0.000000,1.200000,1.000000,0.000000,1.000000,0.000000,0.210000,0.000000
1778943075.057674,0,0.000000,0.440000,0.000000,1.200000,1.000000,0.000000,1.000000,0.000000,0.210000,0.000000
1778943075.064228,0,0.000000,0.000000,0.000000,1.200000,1.000000,0.000000,0.000000,0.000000,0.210000,0.370000
1778943075.071933,0,0.000000,1.370000,0.000000,1.200000,0.210000,0.000000,0.180000,0.000000,0.210000,0.000000
1778943075.087077,0,0.000000,0.000000,0.000000,1.200000,1.000000,0.000000,0.680000,0.000000,0.000000,0.000000
1778943075.111181,0,0.000000,1.370000,0.000000,1.200000,0.150000,0.000000,1.000000,0.000000,0.210000,0.000000
1778943075.125465,0,0.000000,1.370000,0.000000,1.200000,0.930000,0.000000,1.000000,0.000000,0.210000,0.000000
1778943075.139952,0,0.000000,1.370000,0.000000,1.200000,1.000000,0.000000,1.000000,0.000000,0.210000,0.000000
1778943075.149170,0,0.000000,1.370000,0.000000,1.200000,1.000000,0.000000,1.000000,0.000000,0.210000,0.000000
1778943075.170793,0,0.000000,1.370000,0.000000,1.200000,1.000000,0.000000,1.000000,0.000000,0.210000,0.000000
1778943075.208177,0,0.000000,1.370000,0.000000,1.200000,1.000000,0.000000,1.000000,0.000000,0.210000,0.000000
1778943075.213358,0,0.000000,1.550000,0.000000,1.200000,0.200000,0.000000,1.000000,0.000000,0.440000,0.000000
1778943075.237362,0,0.000000,1.370000,0.000000,1.200000,1.000000,0.000000,1.000000,0.000000,0.210000,0.000000
1778943075.252588,0,0.000000,1.370000,0.000000,1.200000,0.270000,0.000000,1.000000,0.000000,0.210000,0.000000
1778943075.267650,0,0.000000,1.370000,0.000000,1.200000,0.940000,0.000000,1.000000,0.000000,0.210000,0.000000
1778943075.269556,0,0.000000,0.440000,0.000000,1.200000,1.000000,0.000000,1.000000,0.000000,0.210000,0.000000
1778943075.281936,0,0.000000,1.550000,0.000000,1.200000,1.000000,0.000000,1.000000,0.000000,0.440000,0.000000
1778943075.312983,0,0.000000,1.350000,0.000000,1.200000,1.000000,0.000000,1.000000,0.000000,0.670000,0.000000
1778943075.327721,0,0.000000,0.440000,0.000000,1.200000,1.000000,0.000000,1.000000,0.000000,0.210000,0.000000
1778943075.336278,0,0.000000,1.370000,0.000000,1.200000,1.000000,0.000000,1.000000,0.000000,0.210000,0.000000
1778943075.372750,0,0.000000,1.370000,0.000000,1.200000,1.000000,0.000000,1.000000,0.000000,0.210000,0.000000
1778943075.401489,0,0.000000,1.370000,0.000000,1.200000,1.000000,0.000000,1.000000,0.000000,0.210000,0.000000
1778943075.424711,0,0.000000,0.000000,0.000000,1.200000,1.000000,0.000000,1.000000,0.000000,0.000000,0.000000
1778943075.454306,0,0.000000,1.370000,0.000000,1.200000,1.000000,0.000000,1.000000,0.000000,0.210000,0.000000
1778943075.456290,0,0.000000,0.440000,0.000000,1.200000,0.310000,0.000000,1.000000,0.000000,0.210000,0.000000
1778943075.470172,0,0.000000,1.550000,0.000000,1.200000,1.000000,0.000000,1.000000,0.000000,0.440000,0.000000
1778943075.475693,0,0.000000,1.370000,0.000000,1.200000,0.470000,0.000000,1.000000,0.000000,0.210000,0.000000
1778943075.499651,0,0.000000,1.370000,0.000000,1.200000,1.000000,0.000000,1.000000,0.000000,0.210000,0.000000
1778943075.501310,0,0.000000,1.550000,0.000000,1.200000,1.000000,0.000000,1.000000,0.000000,0.440000,0.000000
1778943075.501975,0,0.000000,0.440000,0.000000,1.200000,1.000000,0.000000,1.000000,0.000000,0.210000,0.000000
1778943075.522230,0,0.000000,1.370000,0.000000,1.200000,1.000000,0.000000,0.200000,0.000000,0.210000,0.000000
1778943075.537150,0,0.000000,1.370000,0.000000,1.200000,1.000000,0.000000,0.640000,0.000000,0.210000,0.000000
1778943075.544168,0,0.000000,1.370000,0.000000,1.200000,1.000000,0.000000,1.000000,0.000000,0.210000,0.000000
1778943075.621026,0,0.000000,1.740000,0.000000,1.200000,1.000000,0.000000,1.000000,0.000000,0.670000,0.000000
1778943075.627870,0,0.000000,1.550000,0.000000,1.200000,1.000000,0.000000,1.000000,0.000000,0.440000,0.000000
1778943075.656203,0,0.000000,1.370000,0.000000,1.200000,1.000000,0.000000,1.000000,0.000000,0.210000,0.000000
1778943075.693570,0,0.000000,1.370000,0.000000,1.200000,1.000000,0.000000,1.000000,0.000000,0.210000,0.000000
1778943075.709007,0,0.000000,0.440000,0.000000,1.200000,1.000000,0.000000,1.000000,0.000000,0.210000,0.000000
1778943075.710202,0,0.000000,1.550000,0.000000,1.200000,0.000000,0.000000,1.000000,0.000000,0.440000,0.000000
1778943075.710632,0,0.000000,1.370000,0.000000,1.200000,0.440000,0.000000,1.000000,0.000000,0.210000,0.000000
1778943075.715724,0,0.000000,1.370000,0.000000,1.200000,1.000000,0.000000,1.000000,0.000000,0.210000,0.000000
1778943075.739627,0,0.000000,1.370000,0.000000,1.200000,1.000000,0.000000,1.000000,0.000000,0.210000,0.000000
1778943075.741015,0,0.000000,1.370000,0.000000,1.200000,1.000000,0.000000,1.000000,0.000000,0.210000,0.000000
1778943075.768412,0,0.000000,1.370000,0.000000,1.200000,1.000000,0.000000,1.000000,0.000000,0.210000,0.000000
1778943075.800133,0,0.000000,1.370000,0.000000,1.200000,1.000000,0.000000,0.340000,0.000000,0.210000,0.000000
1778943075.807138,0,0.000000,1.370000,0.000000,1.200000,1.000000,0.000000,0.810000,0.000000,0.210000,0.000000
1778943075.809153,0,0.000000,1.370000,0.000000,1.200000,1.000000,0.000000,1.000000,0.000000,0.210000,0.000000
1778943075.837391,0,0.000000,0.440000,0.000000,1.200000,1.000000,0.000000,1.000000,0.000000,0.210000,0.000000
1778943075.844369,0,0.000000,1.740000,0.000000,1.200000,0.000000,0.000000,1.000000,0.000000,0.670000,0.000000
1778943075.861982,0,0.000000,1.370000,0.000000,1.200000,0.460000,0.000000,1.000000,0.000000,0.210000,0.000000
1778943075.877312,0,0.000000,1.740000,0.000000,1.200000,0.950000,0.000000,1.000000,0.000000,0.670000,0.000000
1778943075.878384,0,0.000000,0.440000,0.000000,1.200000,0.200000,0.000000,1.000000,0.000000,0.210000,0.000000
1778943075.903587,0,0.000000,1.370000,0.000000,1.200000,0.250000,0.000000,1.000000,0.000000,0.210000,0.000000
1778943075.911774,0,0.000000,1.550000,0.000000,1.200000,0.850000,0.000000,1.000000,0.000000,0.440000,0.000000
1778943075.925937,0,0.000000,1.370000,0.000000,1.200000,1.000000,0.000000,1.000000,0.000000,0.210000,0.000000
1778943075.958389,0,0.000000,0.440000,0.000000,1.200000,1.000000,0.000000,1.000000,0.000000,0.210000,0.000000
1778943075.964831,0,0.000000,1.370000,0.000000,1.200000,1.000000,0.000000,1.000000,0.000000,0.210000,0.000000
1778943075.988834,0,0.000000,1.370000,0.000000,1.200000,1.000000,0.000000,1.000000,0.000000,0.210000,0.000000
1778943075.990002,0,0.000000,1.370000,0.000000,1.200000,1.000000,0.000000,1.000000,0.000000,0.210000,0.000000
1778943076.003746,0,0.000000,1.550000,0.000000,1.200000,0.330000,0.000000,1.000000,0.000000,0.440000,0.000000
1778943076.025938,0,0.000000,0.440000,0.000000,1.200000,0.920000,0.000000,1.000000,0.000000,0.210000,0.000000
1778943076.040539,0,0.000000,1.370000,0.000000,1.200000,1.000000,0.000000,1.000000,0.000000,0.210000,0.000000
1778943076.055218,0,0.000000,1.550000,0.000000,1.200000,1.000000,0.000000,1.000000,0.000000,0.440000,0.000000
1778943076.063051,0,0.000000,1.370000,0.000000,1.200000,1.000000,0.000000,1.000000,0.000000,0.210000,0.000000
1778943076.084757,0,0.000000,1.370000,0.000000,1.200000,1.000000,0.000000,1.000000,0.000000,0.210000,0.000000
1778943076.091691,0,0.000000,1.370000,0.000000,1.200000,1.000000,0.000000,1.000000,0.000000,0.210000,0.000000
1778943076.115436,0,0.000000,1.370000,0.000000,1.200000,1.000000,0.000000,1.000000,0.000000,0.210000,0.000000
1778943076.122166,0,0.000000,1.370000,0.000000,1.200000,1.000000,0.000000,1.000000,0.000000,0.210000,0.000000
1778943076.148556,0,0.000000,1.370000,0.000000,1.200000,1.000000,0.000000,1.000000,0.000000,0.210000,0.000000
1778943076.151884,0,0.000000,1.370000,0.000000,1.200000,0.100000,0.000000,1.000000,0.000000,0.210000,0.000000
1778943076.176368,0,0.000000,1.370000,0.000000,1.200000,0.690000,0.000000,1.000000,0.000000,0.210000,0.000000
1778943076.181798,0,0.000000,1.370000,0.000000,1.200000,1.000000,0.000000,1.000000,0.000000,0.210000,0.000000
1778943076.205573,0,0.000000,1.370000,0.000000,1.200000,1.000000,0.000000,1.000000,0.000000,0.210000,0.000000
1778943076.211928,0,0.000000,1.370000,0.000000,1.200000,0.070000,0.000000,1.000000,0.000000,0.210000,0.000000
1778943076.250930,0,0.000000,1.370000,0.000000,1.200000,0.500000,0.000000,1.000000,0.000000,0.210000,0.000000
1778943076.253935,0,0.000000,1.370000,0.000000,1.200000,0.920000,0.000000,1.000000,0.000000,0.210000,0.000000
1778943076.275084,0,0.000000,1.370000,0.000000,1.200000,1.000000,0.000000,1.000000,0.000000,0.210000,0.110000
1778943076.279430,0,0.000000,1.550000,0.000000,1.200000,0.100000,0.000000,1.000000,0.000000,0.440000,0.000000
1778943076.309977,0,0.000000,0.440000,0.000000,1.200000,0.030000,0.000000,1.000000,0.000000,0.210000,0.000000
1778943076.312389,0,0.000000,1.740000,0.000000,1.200000,0.150000,0.000000,1.000000,0.000000,0.670000,0.000000
1778943076.349074,0,0.000000,1.550000,0.000000,1.200000,0.660000,0.000000,0.200000,0.000000,0.440000,0.000000
1778943076.361900,0,0.000000,1.370000,0.000000,1.200000,1.000000,0.000000,0.680000,0.000000,0.210000,0.110000
1778943076.370427,0,0.000000,1.370000,0.000000,1.200000,1.000000,0.000000,1.000000,0.000000,0.210000,0.000000
1778943076.392835,0,0.000000,1.550000,0.000000,1.200000,1.000000,0.000000,1.000000,0.000000,0.440000,0.000000
1778943076.415620,0,0.000000,1.370000,0.000000,1.200000,0.210000,0.000000,1.000000,0.000000,0.210000,0.000000
1778943076.438924,0,0.000000,1.550000,0.000000,1.200000,0.010000,0.000000,1.000000,0.000000,0.440000,0.000000
1778943076.441682,0,0.000000,1.370000,0.000000,1.200000,0.430000,0.000000,1.000000,0.000000,0.210000,0.000000
1778943076.443831,0,0.000000,0.000000,0.000000,1.200000,0.860000,0.000000,1.000000,0.000000,0.000000,0.000000
1778943076.450832,0,0.000000,1.370000,0.000000,1.200000,0.200000,0.000000,1.000000,0.000000,0.210000,0.000000
1778943076.468839,0,0.000000,1.370000,0.000000,1.200000,0.540000,0.000000,1.000000,0.000000,0.210000,0.000000
1778943076.483142,0,0.000000,0.440000,0.000000,1.200000,0.050000,0.000000,1.000000,0.000000,0.210000,0.000000
1778943076.498534,0,0.000000,1.370000,0.000000,1.200000,0.510000,0.000000,1.000000,0.000000,0.210000,0.000000
1778943076.506072,0,0.000000,0.440000,0.000000,1.200000,0.050000,0.000000,1.000000,0.000000,0.210000,0.000000
1778943076.537230,0,0.000000,1.370000,0.000000,1.200000,0.500000,0.000000,1.000000,0.000000,0.210000,0.000000
1778943076.538499,0,0.000000,1.370000,0.000000,1.200000,0.930000,0.000000,1.000000,0.000000,0.210000,0.000000
1778943076.558394,0,0.000000,1.910000,0.000000,1.200000,1.000000,0.000000,1.000000,0.000000,0.890000,0.000000
1778943076.573095,0,0.000000,0.440000,0.000000,1.200000,1.000000,0.000000,1.000000,0.000000,0.210000,0.000000
1778943076.602131,0,0.000000,1.370000,0.000000,1.200000,1.000000,0.000000,1.000000,0.000000,0.210000,0.000000
1778943076.604291,0,0.000000,1.550000,0.000000,1.200000,0.070000,0.000000,1.000000,0.000000,0.440000,0.000000
1778943076.617456,0,0.000000,1.370000,0.000000,1.200000,0.550000,0.000000,1.000000,0.000000,0.210000,0.000000
1778943076.619145,0,0.000000,1.370000,0.000000,1.200000,1.000000,0.000000,1.000000,0.000000,0.210000,0.000000
1778943076.641789,0,0.000000,0.440000,0.000000,1.200000,0.050000,0.000000,1.000000,0.000000,0.210000,0.000000
1778943076.685239,0,0.000000,1.740000,0.000000,1.200000,0.000000,0.000000,1.000000,0.000000,0.670000,0.000000
1778943076.691724,0,0.000000,0.440000,0.000000,1.200000,0.070000,0.000000,1.000000,0.000000,0.210000,0.000000
1778943076.693721,0,0.000000,0.440000,0.000000,1.200000,0.120000,0.000000,1.000000,0.000000,0.210000,0.000000
1778943076.714948,0,0.000000,0.000000,0.000000,1.200000,1.000000,0.000000,1.000000,0.000000,0.000000,0.000000
1778943076.717134,0,0.000000,0.440000,0.000000,1.200000,0.120000,0.000000,1.000000,0.000000,0.210000,0.000000
1778943076.729620,0,0.000000,1.370000,0.000000,1.200000,1.000000,0.000000,1.000000,0.000000,0.210000,0.110000
1778943076.746065,0,0.000000,0.440000,0.000000,1.200000,1.000000,0.000000,1.000000,0.000000,0.210000,0.000000
1778943076.768576,0,0.000000,1.370000,0.000000,1.200000,1.000000,0.000000,1.000000,0.000000,0.210000,0.000000
1778943076.788375,0,0.000000,0.440000,0.000000,1.200000,0.120000,0.000000,1.000000,0.000000,0.210000,0.000000
1778943076.796021,0,0.000000,1.370000,0.000000,1.200000,1.000000,0.000000,1.000000,0.000000,0.210000,0.000000
1778943076.812737,0,0.000000,1.370000,0.000000,1.200000,1.000000,0.000000,1.000000,0.000000,0.210000,0.000000
1778943076.819932,0,0.000000,1.370000,0.000000,1.200000,1.000000,0.000000,1.000000,0.000000,0.210000,0.000000
1778943076.842541,0,0.000000,1.370000,0.000000,1.200000,1.000000,0.000000,1.000000,0.000000,0.210000,0.000000
1778943076.858689,0,0.000000,1.910000,0.000000,1.200000,0.250000,0.000000,1.000000,0.000000,0.890000,0.000000
1778943076.864394,0,0.000000,0.440000,0.000000,1.200000,1.000000,0.000000,1.000000,0.000000,0.210000,0.110000
1778943076.903484,0,0.000000,0.000000,0.000000,1.200000,1.000000,0.000000,1.000000,0.000000,0.000000,0.000000
1778943076.909042,0,0.000000,0.440000,0.000000,1.200000,0.460000,0.000000,1.000000,0.000000,0.210000,0.000000
1778943076.916814,0,0.000000,1.370000,0.000000,1.200000,1.000000,0.000000,1.000000,0.000000,0.210000,0.000000
1778943076.948152,0,0.000000,1.550000,0.000000,1.200000,1.000000,0.000000,0.250000,0.000000,0.440000,0.000000
1778943076.979112,0,0.000000,1.370000,0.000000,1.200000,1.000000,0.000000,0.700000,0.000000,0.210000,0.000000
1778943077.011018,0,0.000000,0.440000,0.000000,1.200000,0.120000,0.000000,1.000000,0.000000,0.210000,0.000000
1778943077.012400,0,0.000000,1.370000,0.000000,1.200000,1.000000,0.000000,1.000000,0.000000,0.210000,0.000000
1778943077.013340,0,0.000000,0.440000,0.000000,1.200000,1.000000,0.000000,1.000000,0.000000,0.210000,0.110000
1778943077.014060,0,0.000000,1.370000,0.000000,1.200000,1.000000,0.000000,1.000000,0.000000,0.210000,0.000000
1778943077.030243,0,0.000000,1.370000,0.000000,1.200000,1.000000,0.000000,1.000000,0.000000,0.210000,0.110000
1778943077.045144,0,0.000000,0.440000,0.000000,1.200000,1.000000,0.000000,1.000000,0.000000,0.210000,0.000000
1778943077.075256,0,0.000000,1.370000,0.000000,1.200000,1.000000,0.000000,1.000000,0.000000,0.210000,0.000000
1778943077.096275,0,0.000000,1.370000,0.000000,1.200000,1.000000,0.000000,1.000000,0.000000,0.210000,0.000000
1778943077.120791,0,0.000000,1.370000,0.000000,1.200000,1.000000,0.000000,1.000000,0.000000,0.210000,0.000000
1778943077.123722,0,0.000000,1.370000,0.000000,1.200000,1.000000,0.000000,1.000000,0.000000,0.210000,0.000000
1778943077.136440,0,0.000000,1.370000,0.000000,1.200000,1.000000,0.000000,1.000000,0.000000,0.210000,0.000000
1778943077.159636,0,0.000000,1.370000,0.000000,1.200000,1.000000,0.000000,1.000000,0.000000,0.210000,0.000000
1778943077.161711,0,0.000000,0.440000,0.000000,1.200000,1.000000,0.000000,1.000000,0.000000,0.210000,0.000000
1778943077.164237,0,0.000000,1.550000,0.000000,1.200000,1.000000,0.000000,0.280000,0.000000,0.440000,0.000000
1778943077.181083,0,0.000000,1.550000,0.000000,1.200000,1.000000,0.000000,0.750000,0.000000,0.440000,0.000000
1778943077.186872,0,0.000000,0.000000,0.000000,1.200000,1.000000,0.000000,1.000000,0.000000,0.000000,0.000000
1778943077.239084,0,0.000000,1.550000,0.000000,1.200000,0.600000,0.000000,1.000000,0.000000,0.440000,0.000000
1778943077.240258,0,0.000000,0.440000,0.000000,1.200000,1.000000,0.000000,1.000000,0.000000,0.210000,0.000000
1778943077.240669,0,0.000000,1.910000,0.000000,1.200000,0.000000,0.000000,1.000000,0.000000,0.890000,0.000000
1778943077.285910,0,0.000000,0.440000,0.000000,1.200000,0.150000,0.000000,1.000000,0.000000,0.210000,0.000000
1778943077.292111,0,0.000000,0.440000,0.000000,1.200000,1.000000,0.000000,1.000000,0.000000,0.210000,0.000000
1778943077.337481,0,0.000000,1.370000,0.000000,1.200000,1.000000,0.000000,1.000000,0.000000,0.210000,0.000000
1778943077.351526,0,0.000000,1.370000,0.000000,1.200000,1.000000,0.000000,1.000000,0.000000,0.210000,0.000000
1778943077.381185,0,0.000000,1.370000,0.000000,1.200000,1.000000,0.000000,0.090000,0.000000,0.210000,0.000000
1778943077.406054,0,0.000000,1.550000,0.000000,1.200000,0.150000,0.000000,0.570000,0.000000,0.440000,0.000000
1778943077.408360,0,0.000000,0.440000,0.000000,1.200000,1.000000,0.000000,1.000000,0.000000,0.210000,0.250000
1778943077.418893,0,0.000000,1.370000,0.000000,1.200000,1.000000,0.000000,1.000000,0.000000,0.210000,0.000000
1778943077.427365,0,0.000000,1.370000,0.000000,1.200000,1.000000,0.000000,1.000000,0.000000,0.210000,0.000000
1778943077.428964,0,0.000000,0.440000,0.000000,1.200000,1.000000,0.000000,1.000000,0.000000,0.210000,0.110000
1778943077.442805,0,0.000000,1.550000,0.000000,1.200000,0.000000,0.000000,1.000000,0.000000,0.440000,0.000000
1778943077.458165,0,0.000000,1.370000,0.000000,1.200000,1.000000,0.000000,1.000000,0.000000,0.210000,0.000000
1778943077.479882,0,0.000000,1.740000,0.000000,1.200000,0.270000,0.000000,1.000000,0.000000,0.670000,0.000000
1778943077.510621,0,0.000000,1.370000,0.000000,1.200000,1.000000,0.000000,1.000000,0.000000,0.210000,0.000000
1778943077.513276,0,0.000000,1.370000,0.000000,1.200000,1.000000,0.000000,0.000000,0.000000,0.210000,0.370000
1778943077.514210,0,0.000000,0.440000,0.000000,1.200000,1.000000,0.000000,0.460000,0.000000,0.210000,0.000000
1778943077.533734,0,0.000000,1.370000,0.000000,1.200000,1.000000,0.000000,0.950000,0.000000,0.210000,0.000000
1778943077.548818,0,0.000000,1.550000,0.000000,1.200000,0.100000,0.000000,1.000000,0.000000,0.440000,0.000000
1778943077.577652,0,0.000000,1.370000,0.000000,1.200000,0.930000,0.000000,1.000000,0.000000,0.210000,0.000000
1778943077.638356,0,0.000000,1.370000,0.000000,1.200000,1.000000,0.000000,1.000000,0.000000,0.210000,0.000000
1778943077.667566,0,0.000000,1.370000,0.000000,1.200000,1.000000,0.000000,0.230000,0.000000,0.210000,0.000000
1778943077.679302,0,0.000000,1.550000,0.000000,1.200000,1.000000,0.000000,0.560000,0.000000,0.440000,0.000000
1778943077.720465,0,0.000000,1.370000,0.000000,1.200000,1.000000,0.000000,0.910000,0.000000,0.210000,0.000000
1778943077.787854,0,0.000000,1.370000,0.000000,1.200000,1.000000,0.000000,1.000000,0.000000,0.210000,0.000000
1778943077.803452,0,0.000000,1.370000,0.000000,1.200000,1.000000,0.000000,1.000000,0.000000,0.210000,0.000000
1778943077.877753,0,0.000000,0.000000,0.000000,1.200000,1.000000,0.000000,1.000000,0.000000,0.210000,0.000000
1778943077.906805,0,0.000000,1.370000,0.000000,1.200000,0.370000,0.000000,1.000000,0.000000,0.210000,0.000000
1778943077.923098,0,0.000000,1.370000,0.000000,1.200000,1.000000,0.000000,1.000000,0.000000,0.210000,0.000000
1778943077.930269,0,0.000000,1.550000,0.000000,1.200000,1.000000,0.000000,1.000000,0.000000,0.440000,0.000000
1778943077.933051,0,0.000000,1.370000,0.000000,1.200000,0.870000,0.000000,1.000000,0.000000,0.210000,0.000000
1778943077.935524,0,0.000000,1.740000,0.000000,1.200000,0.150000,0.000000,1.000000,0.000000,0.670000,0.000000
1778943077.952726,0,0.000000,1.370000,0.000000,1.200000,1.000000,0.000000,0.680000,0.000000,0.210000,0.000000
1778943077.954904,0,0.000000,1.550000,0.000000,1.200000,0.280000,0.000000,0.970000,0.000000,0.440000,0.000000
1778943077.976368,0,0.000000,1.370000,0.000000,1.200000,0.920000,0.000000,1.000000,0.000000,0.210000,0.000000
1778943078.004713,0,0.000000,1.370000,0.000000,1.200000,1.000000,0.000000,1.000000,0.000000,0.210000,0.000000
1778943078.012193,0,0.000000,0.440000,0.000000,1.200000,1.000000,0.000000,1.000000,0.000000,0.210000,0.000000
1778943078.019488,0,0.000000,1.370000,0.000000,1.200000,1.000000,0.000000,1.000000,0.000000,0.210000,0.000000
1778943078.035630,0,0.000000,1.370000,0.000000,1.200000,1.000000,0.000000,1.000000,0.000000,0.210000,0.250000
1778943078.073001,0,0.000000,1.370000,0.000000,1.200000,0.230000,0.000000,1.000000,0.000000,0.210000,0.000000
1778943078.147406,0,0.000000,1.370000,0.000000,1.200000,0.830000,0.000000,1.000000,0.000000,0.210000,0.000000
1778943078.154547,0,0.000000,1.370000,0.000000,1.200000,0.150000,0.000000,1.000000,0.000000,0.210000,0.000000
1778943078.163084,0,0.000000,0.000000,0.000000,1.200000,0.690000,0.000000,1.000000,0.000000,0.000000,0.000000
1778943078.164484,0,0.000000,1.370000,0.000000,1.200000,0.100000,0.000000,1.000000,0.000000,0.210000,0.000000
1778943078.177491,0,0.000000,1.370000,0.000000,1.200000,0.460000,0.000000,1.000000,0.000000,0.210000,0.000000
1778943078.179077,0,0.000000,1.370000,0.000000,1.200000,1.000000,0.000000,1.000000,0.000000,0.210000,0.000000
1778943078.207460,0,0.000000,1.370000,0.000000,1.200000,1.000000,0.000000,1.000000,0.000000,0.210000,0.000000
1778943078.224389,0,0.000000,1.370000,0.000000,1.200000,1.000000,0.000000,1.000000,0.000000,0.210000,0.000000
1778943078.226809,0,0.000000,0.440000,0.000000,0.000000,0.300000,0.000000,0.140000,98.260000,0.210000,0.000000
1778943078.236880,0,0.000000,0.000000,0.000000,0.000000,0.330000,0.000000,0.470000,154.470000,0.000000,0.000000
1778943078.245023,0,0.000000,0.440000,0.000000,0.000000,0.180000,0.000000,0.770000,160.390000,0.210000,0.000000
1778943078.259062,0,0.000000,1.370000,0.000000,0.000000,1.000000,0.000000,1.000000,163.470000,0.210000,0.000000
1778943078.281745,0,0.000000,0.440000,0.000000,0.000000,1.000000,0.000000,1.000000,166.610000,0.210000,0.110000
1778943078.289469,0,0.000000,1.370000,0.000000,0.000000,1.000000,0.000000,1.000000,168.220000,0.210000,0.000000
1778943078.344293,0,0.000000,1.370000,0.000000,0.000000,1.000000,0.000000,1.000000,168.220000,0.210000,0.000000
1778943078.395807,0,0.000000,0.440000,0.000000,0.000000,0.750000,0.000000,1.000000,165.030000,0.210000,0.000000
1778943078.425850,0,0.000000,0.890000,0.000000,0.000000,0.410000,0.000000,1.000000,158.890000,0.440000,0.000000
1778943078.456030,0,0.000000,1.370000,0.000000,0.000000,1.000000,0.000000,1.000000,100.770000,0.210000,0.000000
1778943078.515477,0,0.000000,0.000000,0.000000,0.000000,1.000000,0.000000,1.000000,0.770000,0.210000,0.000000
1778943078.516937,0,0.000000,1.370000,0.000000,0.000000,0.630000,0.000000,1.000000,0.000000,0.210000,0.000000
1778943078.554031,0,0.000000,0.440000,0.000000,0.000000,0.880000,0.000000,1.000000,0.000000,0.210000,0.000000
1778943078.557663,0,0.000000,0.440000,0.000000,1.290000,1.000000,0.000000,1.000000,0.000000,0.210000,0.110000
1778943078.558983,0,0.000000,1.370000,0.000000,0.000000,1.000000,0.000000,1.000000,0.000000,0.210000,0.000000
1778943078.560151,0,0.000000,1.370000,0.000000,1.390000,0.800000,0.000000,1.000000,0.000000,0.210000,0.250000
1778943078.606835,0,0.000000,0.440000,0.000000,0.000000,0.090000,0.000000,1.000000,0.000000,0.210000,0.000000
1778943078.608593,0,0.000000,1.370000,0.000000,0.000000,0.750000,0.000000,1.000000,0.000000,0.210000,0.000000
1778943078.609763,0,0.000000,1.550000,0.000000,0.000000,0.100000,0.000000,1.000000,0.000000,0.440000,0.000000
1778943078.611203,0,0.000000,0.440000,0.000000,0.000000,1.000000,0.000000,1.000000,0.000000,0.210000,0.000000
1778943078.627547,0,0.000000,1.550000,0.000000,0.000000,1.000000,0.000000,1.000000,0.000000,0.440000,0.000000
1778943078.642669,0,0.000000,1.370000,0.000000,1.290000,1.000000,0.000000,1.000000,0.000000,0.210000,0.110000
1778943078.665655,0,0.000000,0.440000,0.000000,0.000000,1.000000,0.000000,1.000000,0.000000,0.210000,0.000000
1778943078.672481,0,0.000000,0.440000,0.000000,0.000000,0.100000,0.000000,1.000000,0.000000,0.210000,0.000000
1778943078.674186,0,0.000000,1.550000,0.000000,0.000000,0.930000,0.000000,1.000000,0.000000,0.440000,0.000000
1778943078.695624,0,0.000000,1.370000,0.000000,0.000000,1.000000,0.000000,1.000000,0.000000,0.210000,0.000000
1778943078.753973,0,0.000000,1.370000,0.000000,0.000000,1.000000,0.000000,1.000000,0.000000,0.210000,0.000000
1778943078.769562,0,0.000000,1.370000,0.000000,0.000000,1.000000,0.000000,1.000000,0.000000,0.210000,0.000000
1778943078.777253,0,0.000000,1.370000,0.000000,0.000000,1.000000,0.000000,1.000000,0.000000,0.210000,0.000000
1778943078.800888,0,0.000000,1.370000,0.000000,0.000000,1.000000,0.000000,1.000000,0.000000,0.210000,0.000000
1778943078.884362,0,0.000000,1.550000,0.000000,0.000000,0.000000,0.000000,1.000000,0.000000,0.440000,0.000000
1778943078.887870,0,0.000000,1.550000,0.000000,0.000000,1.000000,0.000000,1.000000,0.000000,0.440000,0.000000
1778943078.890336,0,0.000000,0.440000,0.000000,0.000000,1.000000,0.000000,1.000000,0.000000,0.210000,0.000000
1778943078.892421,0,0.000000,2.250000,0.000000,0.000000,1.000000,0.000000,1.000000,0.000000,1.120000,0.000000
1778943078.904021,0,0.000000,1.370000,0.000000,0.000000,0.920000,0.000000,1.000000,0.000000,0.210000,0.000000
1778943078.927110,0,0.000000,1.370000,0.000000,0.000000,0.630000,0.000000,1.000000,0.000000,0.210000,0.000000
1778943078.929095,0,0.000000,1.370000,0.000000,0.000000,1.000000,0.000000,1.000000,0.000000,0.210000,0.000000
1778943078.950330,0,0.000000,0.000000,0.000000,1.390000,0.540000,0.000000,1.000000,0.000000,0.000000,0.250000
1778943078.957284,0,0.000000,1.370000,0.000000,0.000000,0.510000,0.000000,1.000000,0.000000,0.210000,0.000000
1778943078.982131,0,0.000000,1.370000,0.000000,0.000000,0.330000,0.000000,1.000000,0.000000,0.210000,0.000000
1778943078.984393,0,0.000000,1.370000,0.000000,0.000000,1.000000,0.000000,1.000000,0.000000,0.210000,0.000000
1778943079.018278,0,0.000000,1.370000,0.000000,0.000000,0.640000,0.000000,1.000000,0.000000,0.210000,0.000000
1778943079.024251,0,0.000000,0.440000,0.000000,0.000000,1.000000,0.000000,1.000000,0.000000,0.210000,0.000000
1778943079.026076,0,0.000000,0.440000,0.000000,0.000000,1.000000,0.000000,1.000000,0.000000,0.210000,0.000000
1778943079.048710,0,0.000000,1.370000,0.000000,0.000000,1.000000,0.000000,1.000000,0.000000,0.210000,0.000000
1778943079.062926,0,0.000000,0.440000,0.000000,0.000000,0.100000,0.000000,1.000000,0.000000,0.210000,0.000000
1778943079.069342,0,0.000000,1.370000,0.000000,0.000000,0.800000,0.000000,1.000000,0.000000,0.210000,0.000000
1778943079.085025,0,0.000000,0.440000,0.000000,0.000000,1.000000,0.000000,1.000000,0.000000,0.210000,0.000000
1778943079.100351,0,0.000000,1.370000,0.000000,0.000000,0.200000,0.000000,1.000000,0.000000,0.210000,0.000000
1778943079.115668,0,0.000000,1.370000,0.000000,0.000000,0.770000,0.000000,0.110000,0.000000,0.210000,0.000000
1778943079.146151,0,0.000000,1.370000,0.000000,0.000000,1.000000,0.000000,0.430000,0.000000,0.210000,0.000000
1778943079.160954,0,0.000000,1.550000,0.000000,0.000000,0.120000,0.000000,0.750000,0.000000,0.440000,0.000000
1778943079.191244,0,0.000000,1.370000,0.000000,1.290000,0.200000,0.000000,1.000000,0.000000,0.210000,0.110000
1778943079.194242,0,0.000000,1.370000,0.000000,0.000000,0.660000,0.000000,1.000000,0.000000,0.210000,0.000000
1778943079.195546,0,0.000000,1.370000,0.000000,0.000000,1.000000,0.000000,1.000000,0.000000,0.210000,0.000000
1778943079.228307,0,0.000000,1.370000,0.000000,0.000000,1.000000,0.000000,1.000000,0.000000,0.210000,0.000000
1778943079.231623,0,0.000000,1.370000,0.000000,0.000000,1.000000,0.000000,1.000000,0.000000,0.210000,0.000000
1778943079.273566,0,0.000000,1.550000,0.000000,0.000000,0.150000,0.000000,1.000000,0.000000,0.440000,0.000000
1778943079.287954,0,0.000000,1.370000,0.000000,0.000000,0.500000,0.000000,1.000000,0.000000,0.210000,0.000000
1778943079.291192,0,0.000000,1.370000,0.000000,0.000000,0.860000,0.000000,1.000000,0.000000,0.210000,0.000000
1778943079.291985,0,0.000000,1.370000,0.000000,0.000000,1.000000,0.000000,1.000000,0.000000,0.000000,0.000000
1778943079.301995,0,0.000000,0.440000,0.000000,1.290000,0.210000,0.000000,1.000000,0.000000,0.210000,0.110000
1778943079.317810,0,0.000000,1.370000,0.000000,0.000000,0.550000,0.000000,1.000000,0.000000,0.210000,0.000000
1778943079.340641,0,0.000000,0.440000,0.000000,0.000000,0.850000,0.000000,1.000000,0.000000,0.210000,0.000000
1778943079.355352,0,0.000000,1.370000,0.000000,0.000000,1.000000,0.000000,1.000000,0.000000,0.210000,0.000000
1778943079.373830,0,0.000000,1.370000,0.000000,0.000000,1.000000,0.000000,1.000000,0.000000,0.210000,0.000000
1778943079.391664,0,0.000000,1.370000,0.000000,1.290000,1.000000,0.000000,1.000000,0.000000,0.210000,0.110000
1778943079.430821,0,0.000000,1.370000,0.000000,0.000000,1.000000,0.000000,1.000000,0.000000,0.210000,0.000000
1778943079.436773,0,0.000000,0.440000,0.000000,0.000000,1.000000,0.000000,1.000000,0.000000,0.210000,0.000000
1778943079.445154,0,0.000000,1.370000,0.000000,0.000000,1.000000,0.000000,1.000000,0.000000,0.210000,0.000000
1778943079.468298,0,0.000000,1.550000,0.000000,0.000000,1.000000,0.000000,1.000000,0.000000,0.440000,0.000000
1778943079.483489,0,0.000000,0.440000,0.000000,0.000000,1.000000,0.000000,1.000000,0.000000,0.210000,0.000000
1778943079.558906,0,0.000000,1.370000,0.000000,0.000000,1.000000,0.000000,1.000000,0.000000,0.210000,0.000000
1778943079.564385,0,0.000000,1.370000,0.000000,0.000000,1.000000,0.000000,1.000000,0.000000,0.210000,0.000000
1778943079.572316,0,0.000000,0.000000,0.000000,0.000000,0.110000,0.000000,1.000000,0.000000,0.000000,0.000000
1778943079.603222,0,0.000000,1.370000,0.000000,0.000000,0.140000,0.000000,1.000000,0.000000,0.210000,0.000000
1778943079.616968,0,0.000000,1.370000,0.000000,1.390000,1.000000,0.000000,1.000000,0.000000,0.210000,0.250000
1778943079.623651,0,0.000000,0.000000,0.000000,0.000000,1.000000,0.000000,1.000000,0.000000,0.000000,0.000000
1778943079.647421,0,0.000000,0.440000,0.000000,0.000000,0.250000,0.000000,1.000000,0.000000,0.210000,0.000000
1778943079.649437,0,0.000000,1.370000,0.000000,0.000000,0.690000,0.000000,1.000000,0.000000,0.210000,0.000000
1778943079.654217,0,0.000000,1.370000,0.000000,0.000000,1.000000,0.000000,1.000000,0.000000,0.210000,0.000000
1778943079.657935,0,0.000000,1.370000,0.000000,0.000000,1.000000,0.000000,1.000000,0.000000,0.210000,0.000000
1778943079.715328,0,0.000000,1.370000,0.000000,0.000000,1.000000,0.000000,1.000000,0.000000,0.210000,0.000000
1778943079.729564,0,0.000000,0.440000,0.000000,0.000000,1.000000,0.000000,1.000000,0.000000,0.210000,0.000000
1778943079.754020,0,0.000000,1.550000,0.000000,0.000000,1.000000,0.000000,1.000000,0.000000,0.440000,0.000000
1778943079.783703,0,0.000000,1.370000,0.000000,0.000000,1.000000,0.000000,1.000000,0.000000,0.210000,0.000000
1778943079.790077,0,0.000000,1.370000,0.000000,0.000000,1.000000,0.000000,1.000000,0.000000,0.210000,0.000000
1778943079.792466,0,0.000000,1.370000,0.000000,0.000000,0.170000,0.000000,1.000000,0.000000,0.210000,0.000000
1778943079.812291,0,0.000000,1.370000,0.000000,0.000000,1.000000,0.000000,1.000000,0.000000,0.210000,0.000000
1778943079.818015,0,0.000000,1.370000,0.000000,0.000000,1.000000,0.000000,1.000000,0.000000,0.210000,0.000000
1778943079.850779,0,0.000000,1.550000,0.000000,0.000000,1.000000,0.000000,1.000000,0.000000,0.440000,0.000000
1778943079.852731,0,0.000000,0.000000,0.000000,0.000000,1.000000,0.000000,1.000000,0.000000,0.000000,0.000000
1778943079.901478,0,0.000000,1.550000,0.000000,0.000000,0.000000,0.000000,1.000000,0.000000,0.440000,0.000000
1778943079.909520,0,0.000000,1.370000,0.000000,0.000000,0.250000,0.000000,0.070000,0.000000,0.210000,0.000000
1778943079.947020,0,0.000000,1.550000,0.000000,0.000000,0.500000,0.000000,0.400000,0.000000,0.440000,0.000000
1778943079.954465,0,0.000000,1.370000,0.000000,0.000000,0.740000,0.000000,0.720000,0.000000,0.210000,0.000000
1778943080.009895,0,0.000000,0.440000,0.000000,0.010000,0.010000,0.000000,0.050000,0.000000,0.210000,0.000000
1778943080.126962,0,0.000000,0.440000,0.000000,0.010000,0.200000,0.000000,0.360000,0.000000,0.210000,0.000000
1778943080.134881,0,0.000000,1.740000,0.000000,0.010000,0.100000,0.000000,0.980000,0.000000,0.670000,0.000000
1778943080.141959,0,0.000000,1.370000,0.000000,0.020000,0.470000,0.000000,1.000000,0.000000,0.210000,0.000000
1778943080.187455,0,0.000000,1.550000,0.000000,0.020000,0.200000,0.000000,1.000000,0.000000,0.440000,0.000000
1778943080.221090,0,0.000000,0.440000,0.000000,0.030000,0.500000,0.000000,0.750000,0.000000,0.210000,0.000000
1778943080.286050,0,0.000000,1.370000,0.000000,0.050000,0.170000,0.000000,1.000000,0.000000,0.210000,0.000000
1778943080.288710,0,0.000000,1.550000,0.000000,0.050000,0.400000,0.000000,1.000000,0.000000,0.440000,0.110000
1778943080.315061,0,0.000000,1.370000,0.000000,0.050000,0.870000,0.000000,1.000000,0.000000,0.210000,0.000000
1778943080.330327,0,0.000000,1.550000,0.000000,0.050000,1.000000,0.000000,1.000000,0.000000,0.440000,0.000000
1778943080.332902,0,0.000000,1.370000,0.000000,0.070000,1.000000,0.000000,1.000000,0.000000,0.210000,0.000000
1778943080.334042,0,0.000000,1.370000,0.000000,0.070000,1.000000,0.000000,1.000000,0.000000,0.210000,0.000000
1778943080.335526,0,0.000000,1.370000,0.000000,0.070000,0.170000,0.000000,1.000000,0.000000,0.210000,0.000000
1778943080.382404,0,0.000000,0.440000,0.000000,0.070000,0.380000,0.000000,1.000000,0.000000,0.210000,0.000000
1778943080.392517,0,0.000000,0.440000,0.000000,0.070000,0.070000,0.000000,1.000000,0.000000,0.210000,0.000000
1778943080.465936,0,0.000000,0.440000,0.000000,0.070000,0.340000,0.000000,1.000000,0.000000,0.210000,0.000000
1778943080.548813,0,0.000000,0.440000,0.000000,0.070000,0.630000,0.000000,1.000000,0.000000,0.210000,0.000000
1778943080.578859,0,0.000000,0.440000,0.000000,0.070000,0.910000,0.000000,1.000000,0.000000,0.210000,0.250000
1778943080.615958,0,0.000000,1.370000,0.000000,0.070000,1.000000,0.000000,1.000000,0.000000,0.210000,0.000000
1778943080.668681,0,0.000000,1.370000,0.000000,0.090000,1.000000,0.000000,1.000000,0.000000,0.210000,0.000000
1778943080.697986,0,0.000000,1.370000,0.000000,0.100000,1.000000,0.000000,1.000000,0.000000,0.210000,0.000000
1778943080.761531,0,0.000000,1.370000,0.000000,0.100000,0.070000,0.000000,1.000000,0.000000,0.210000,0.000000
1778943080.795712,0,0.000000,0.440000,0.000000,0.100000,0.620000,0.000000,1.000000,0.000000,0.210000,0.000000
1778943080.809466,0,0.000000,1.550000,0.000000,0.100000,1.000000,0.000000,1.000000,0.000000,0.440000,0.000000
1778943080.863964,0,0.000000,1.370000,0.000000,0.110000,1.000000,0.000000,1.000000,0.000000,0.210000,0.000000
1778943080.893363,0,0.000000,0.440000,0.000000,0.110000,0.340000,0.000000,1.000000,0.000000,0.210000,0.000000
1778943080.990815,0,0.000000,1.370000,0.000000,0.120000,1.000000,0.000000,1.000000,0.000000,0.210000,0.000000
1778943081.201149,0,0.000000,1.370000,0.000000,0.120000,1.000000,0.000000,1.000000,0.000000,0.210000,0.000000
1778943081.523575,0,0.000000,1.370000,0.000000,0.140000,0.050000,0.000000,1.000000,0.000000,0.210000,0.000000
1778943081.613592,0,0.000000,1.370000,0.000000,0.140000,0.870000,0.000000,1.000000,0.000000,0.210000,0.000000
1778943081.620941,0,0.000000,1.370000,0.000000,0.150000,0.050000,0.000000,1.000000,0.000000,0.210000,0.000000
1778943081.626369,0,0.000000,1.370000,0.000000,0.150000,0.300000,0.000000,1.000000,0.000000,0.210000,0.000000
1778943081.719713,0,0.000000,0.440000,0.000000,0.180000,0.090000,0.000000,1.000000,0.000000,0.210000,0.000000
1778943081.833386,0,0.000000,0.440000,0.000000,0.230000,0.010000,0.000000,1.000000,0.000000,0.210000,0.000000
1778943081.859738,0,0.000000,0.890000,0.000000,0.230000,0.340000,0.000000,1.000000,0.000000,0.440000,0.000000
1778943081.882528,0,0.000000,1.370000,0.000000,0.230000,0.560000,0.000000,1.000000,0.000000,0.210000,0.000000
1778943081.928296,0,0.000000,1.550000,0.000000,0.000000,1.000000,0.000000,0.600000,113.630000,0.440000,0.000000
1778943081.960878,0,0.000000,1.550000,0.000000,0.000000,1.000000,0.000000,0.940000,7.110000,0.440000,0.000000
1778943081.975276,0,0.000000,1.370000,0.000000,0.000000,0.230000,0.000000,1.000000,0.000000,0.210000,0.000000
1778943081.989918,0,0.000000,1.550000,0.000000,0.000000,0.670000,0.000000,1.000000,0.000000,0.440000,0.000000
1778943082.063229,0,0.000000,1.550000,0.000000,0.000000,1.000000,0.000000,1.000000,0.000000,0.440000,0.000000
1778943082.088227,0,0.000000,1.550000,0.000000,0.000000,0.000000,0.000000,1.000000,0.000000,0.440000,0.000000
1778943082.158801,0,0.000000,1.370000,0.000000,0.000000,0.340000,0.000000,1.000000,0.000000,0.210000,0.000000
1778943082.288709,0,0.000000,1.370000,0.000000,0.000000,0.540000,0.000000,1.000000,0.000000,0.210000,0.000000
1778943082.356068,0,0.000000,1.370000,0.000000,0.000000,0.250000,0.000000,1.000000,0.000000,0.210000,0.000000
1778943082.385890,0,0.000000,1.550000,0.000000,0.000000,0.000000,0.000000,0.230000,0.000000,0.440000,0.000000
1778943082.492384,0,0.000000,1.370000,0.000000,0.000000,0.360000,0.000000,0.570000,0.000000,0.210000,0.000000
1778943082.603108,0,0.000000,1.370000,0.000000,0.000000,0.370000,0.000000,1.000000,0.000000,0.210000,0.000000
1778943082.618182,0,0.000000,1.370000,0.000000,0.050000,0.810000,0.000000,0.670000,0.000000,0.000000,0.000000
1778943082.701081,0,0.000000,1.370000,0.000000,0.100000,0.740000,0.000000,1.000000,0.000000,0.210000,0.000000
1778943082.716431,0,0.000000,1.370000,0.000000,0.110000,0.270000,0.000000,1.000000,0.000000,0.210000,0.000000
1778943082.724325,0,0.000000,1.370000,0.000000,0.180000,0.170000,0.000000,1.000000,0.000000,0.210000,0.000000
1778943082.752831,0,0.000000,1.550000,0.000000,0.250000,1.000000,0.000000,1.000000,0.000000,0.440000,0.000000
1778943082.768221,0,0.000000,1.370000,0.000000,0.270000,1.000000,0.000000,1.000000,0.000000,0.210000,0.000000
1778943082.813045,0,0.000000,1.370000,0.000000,0.310000,1.000000,0.000000,1.000000,0.000000,0.210000,0.000000
1778943082.842557,0,0.000000,1.370000,0.000000,0.330000,1.000000,0.000000,1.000000,0.000000,0.210000,0.000000
1778943082.852963,0,0.000000,1.370000,0.000000,0.340000,1.000000,0.000000,1.000000,0.000000,0.210000,0.000000
1778943082.855930,0,0.000000,0.440000,0.000000,0.340000,1.000000,0.000000,1.000000,0.000000,0.210000,0.000000
1778943082.955315,0,0.000000,1.370000,0.000000,0.370000,1.000000,0.000000,1.000000,0.000000,0.210000,0.000000
1778943082.979396,0,0.000000,1.550000,0.000000,0.380000,1.000000,0.000000,1.000000,0.000000,0.440000,0.000000
1778943083.014682,0,0.000000,1.370000,0.000000,0.400000,1.000000,0.000000,1.000000,0.000000,0.210000,0.000000
1778943083.053531,0,0.000000,0.000000,0.000000,0.400000,1.000000,0.000000,1.000000,0.000000,0.000000,0.000000
1778943083.127958,0,0.000000,0.000000,0.000000,0.440000,0.620000,0.000000,1.000000,0.000000,0.000000,0.000000
1778943083.166204,0,0.000000,1.370000,0.000000,0.470000,1.000000,0.000000,1.000000,0.000000,0.210000,0.000000
1778943083.231929,0,0.000000,1.370000,0.000000,0.490000,1.000000,0.000000,1.000000,0.000000,0.210000,0.000000
1778943083.277528,0,0.000000,1.370000,0.000000,0.500000,0.730000,0.000000,1.000000,0.000000,0.210000,0.000000
1778943083.285097,0,0.000000,1.370000,0.000000,0.520000,0.280000,0.000000,1.000000,0.000000,0.210000,0.000000
1778943083.293444,0,0.000000,1.370000,0.000000,0.570000,0.430000,0.000000,1.000000,0.000000,0.210000,0.000000
1778943083.324461,0,0.000000,1.550000,0.000000,0.600000,0.250000,0.000000,1.000000,0.000000,0.440000,0.000000
1778943083.426302,0,0.000000,0.440000,0.000000,0.640000,0.010000,0.000000,0.200000,0.000000,0.210000,0.000000
1778943083.434714,0,0.000000,1.370000,0.000000,0.670000,0.760000,0.000000,0.460000,0.000000,0.210000,0.000000
1778943083.437732,0,0.000000,0.440000,0.000000,0.680000,1.000000,0.000000,0.600000,0.000000,0.210000,0.000000
1778943083.438936,0,0.000000,1.550000,0.000000,0.680000,0.000000,0.000000,0.740000,0.000000,0.440000,0.000000
1778943083.473544,0,0.000000,1.370000,0.000000,0.730000,1.000000,0.000000,1.000000,0.000000,0.210000,0.000000
1778943083.476464,0,0.000000,0.000000,0.000000,0.750000,1.000000,0.000000,1.000000,0.000000,0.000000,0.000000
1778943083.488123,0,0.000000,1.370000,0.000000,0.000000,0.250000,0.000000,0.050000,119.760000,0.210000,0.000000
1778943083.490396,0,0.000000,1.370000,0.000000,0.000000,0.560000,0.000000,0.140000,124.080000,0.210000,0.000000
1778943083.555909,0,0.000000,1.370000,0.000000,0.000000,0.880000,0.000000,0.230000,143.410000,0.210000,0.110000
1778943083.573622,0,0.000000,1.370000,0.000000,0.000000,1.000000,0.000000,0.310000,153.030000,0.210000,0.000000
1778943083.615795,0,0.000000,0.440000,0.000000,0.000000,1.000000,0.000000,0.400000,154.470000,0.210000,0.000000
1778943083.631793,0,0.000000,1.910000,0.000000,0.000000,1.000000,0.000000,0.500000,155.920000,0.890000,0.000000
1778943083.667590,0,0.000000,1.370000,0.000000,0.000000,1.000000,0.000000,0.680000,160.390000,0.210000,0.000000
1778943083.711751,0,0.000000,1.740000,0.000000,0.000000,0.000000,0.000000,0.770000,160.390000,0.670000,0.000000
1778943083.765626,0,0.000000,1.370000,0.000000,0.000000,0.930000,0.000000,1.000000,157.390000,0.210000,0.000000
1778943083.787907,0,0.000000,1.370000,0.000000,0.000000,0.150000,0.000000,1.000000,155.920000,0.210000,0.000000
1778943083.863799,0,0.000000,1.740000,0.000000,0.000000,0.100000,0.000000,1.000000,24.630000,0.670000,0.000000
1778943083.983836,0,0.000000,1.370000,0.000000,0.000000,0.310000,0.000000,1.000000,0.000000,0.210000,0.000000
1778943084.014803,0,0.000000,1.370000,0.000000,0.000000,1.000000,0.000000,1.000000,0.000000,0.210000,0.000000
1778943084.041599,0,0.000000,1.370000,0.000000,0.000000,0.720000,0.000000,1.000000,0.000000,0.210000,0.000000
1778943084.095144,0,0.000000,1.370000,0.000000,0.000000,1.000000,0.000000,1.000000,0.000000,0.210000,0.000000
1778943084.170948,0,0.000000,1.370000,0.000000,0.000000,0.470000,0.000000,1.000000,0.000000,0.210000,0.000000
1778943084.238439,0,0.000000,1.370000,0.000000,0.050000,0.100000,0.000000,0.660000,0.000000,0.210000,0.000000
1778943084.298141,0,0.000000,1.370000,0.000000,0.000000,0.800000,0.000000,0.030000,88.940000,0.210000,0.000000
1778943084.336180,0,0.000000,1.370000,0.000000,0.000000,1.000000,0.000000,0.210000,160.390000,0.210000,0.110000
1778943084.358152,0,0.000000,1.550000,0.000000,0.000000,0.110000,0.000000,0.470000,165.030000,0.440000,0.000000
1778943084.386845,0,0.000000,1.370000,0.000000,0.000000,1.000000,0.000000,0.930000,0.300000,0.210000,0.000000
1778943084.409788,0,0.000000,0.440000,0.000000,0.000000,0.510000,0.000000,1.000000,0.000000,0.210000,0.000000
1778943084.485541,0,0.000000,1.550000,0.000000,0.690000,0.070000,0.000000,1.000000,0.000000,0.440000,0.000000
1778943084.516199,0,0.000000,1.370000,0.000000,1.200000,0.430000,0.000000,1.000000,0.000000,0.210000,0.000000
1778943084.553807,0,0.000000,1.370000,0.000000,1.200000,1.000000,0.000000,1.000000,0.000000,0.210000,0.000000
1778943084.598647,0,0.000000,0.440000,0.000000,1.200000,0.790000,0.000000,1.000000,0.000000,0.210000,0.000000
1778943084.635545,0,0.000000,1.370000,0.000000,1.200000,1.000000,0.000000,1.000000,0.000000,0.210000,0.250000
1778943084.681241,0,0.000000,0.440000,0.000000,1.200000,0.150000,0.000000,1.000000,0.000000,0.210000,0.000000
1778943084.686277,0,0.000000,1.370000,0.000000,1.200000,0.740000,0.000000,1.000000,0.000000,0.210000,0.000000
1778943084.720367,0,0.000000,1.740000,0.000000,1.200000,0.340000,0.000000,1.000000,0.000000,0.670000,0.000000
1778943084.740986,0,0.000000,0.440000,0.000000,1.200000,0.920000,0.000000,1.000000,0.000000,0.210000,0.000000
1778943084.755982,0,0.000000,1.370000,0.000000,1.200000,1.000000,0.000000,1.000000,0.000000,0.210000,0.000000
1778943084.778488,0,0.000000,0.440000,0.000000,1.200000,0.440000,0.000000,1.000000,0.000000,0.210000,0.000000
1778943084.864709,0,0.000000,1.370000,0.000000,1.200000,0.850000,0.000000,1.000000,0.000000,0.210000,0.000000
1778943084.890501,0,0.000000,0.440000,0.000000,1.200000,0.050000,0.000000,1.000000,0.000000,0.210000,0.000000
1778943084.936417,0,0.000000,1.370000,0.000000,1.200000,0.540000,0.000000,1.000000,0.000000,0.210000,0.000000
1778943084.988753,0,0.000000,1.550000,0.000000,1.200000,1.000000,0.000000,1.000000,0.000000,0.440000,0.000000
1778943085.003734,0,0.000000,1.370000,0.000000,1.200000,0.230000,0.000000,1.000000,0.000000,0.210000,0.000000
1778943085.033700,0,0.000000,1.370000,0.000000,1.200000,1.000000,0.000000,1.000000,0.000000,0.210000,0.000000
1778943085.039561,0,0.000000,1.370000,0.000000,1.200000,0.280000,0.000000,1.000000,0.000000,0.210000,0.000000
1778943085.042093,0,0.000000,1.370000,0.000000,1.200000,1.000000,0.000000,0.150000,0.000000,0.210000,0.000000
1778943085.042846,0,0.000000,1.370000,0.000000,1.200000,1.000000,0.000000,0.400000,0.000000,0.210000,0.000000
1778943085.061100,0,0.000000,1.370000,0.000000,1.200000,0.150000,0.000000,0.570000,0.000000,0.210000,0.000000
1778943085.063238,0,0.000000,1.370000,0.000000,1.200000,0.630000,0.000000,0.670000,0.000000,0.210000,0.000000
1778943085.101737,0,0.000000,1.740000,0.000000,1.200000,0.310000,0.000000,0.750000,0.000000,0.670000,0.000000
1778943085.107165,0,0.000000,1.370000,0.000000,1.200000,0.880000,0.000000,0.850000,0.000000,0.210000,0.000000
1778943085.153316,0,0.000000,1.370000,0.000000,1.200000,1.000000,0.000000,0.930000,0.000000,0.210000,0.250000
1778943085.177019,0,0.000000,1.370000,0.000000,1.200000,0.330000,0.000000,1.000000,0.000000,0.210000,0.000000
1778943085.186430,0,0.000000,1.370000,0.000000,1.200000,0.920000,0.000000,1.000000,0.000000,0.210000,0.000000
1778943085.187552,0,0.000000,1.370000,0.000000,1.200000,1.000000,0.000000,1.000000,0.000000,0.210000,0.000000
1778943085.189159,0,0.000000,0.000000,0.000000,1.200000,1.000000,0.000000,1.000000,0.000000,0.000000,0.000000
1778943085.196922,0,0.000000,1.550000,0.000000,1.200000,0.000000,0.000000,1.000000,0.000000,0.440000,0.000000
1778943085.235671,0,0.000000,1.370000,0.000000,1.200000,0.550000,0.000000,1.000000,0.000000,0.210000,0.000000
1778943085.243555,0,0.000000,1.370000,0.000000,1.200000,1.000000,0.000000,1.000000,0.000000,0.210000,0.000000
1778943085.249391,0,0.000000,1.370000,0.000000,1.200000,1.000000,0.000000,1.000000,0.000000,0.210000,0.000000
1778943085.266084,0,0.000000,1.370000,0.000000,1.200000,0.200000,0.000000,1.000000,0.000000,0.210000,0.000000
1778943085.268199,0,0.000000,1.370000,0.000000,1.200000,0.570000,0.000000,1.000000,0.000000,0.210000,0.000000
1778943085.279552,0,0.000000,1.370000,0.000000,1.200000,0.150000,0.000000,1.000000,0.000000,0.210000,0.000000
1778943085.327335,0,0.000000,1.370000,0.000000,1.200000,0.510000,0.000000,1.000000,0.000000,0.210000,0.000000
1778943085.400958,0,0.000000,1.740000,0.000000,1.200000,0.870000,0.000000,1.000000,0.000000,0.670000,0.000000
1778943085.415225,0,0.000000,1.370000,0.000000,1.200000,1.000000,0.000000,1.000000,0.000000,0.210000,0.000000
1778943085.445310,0,0.000000,1.370000,0.000000,1.200000,0.050000,0.000000,1.000000,0.000000,0.210000,0.000000
1778943085.460700,0,0.000000,0.440000,0.000000,1.200000,0.370000,0.000000,1.000000,0.000000,0.210000,0.000000
1778943085.463069,0,0.000000,1.370000,0.000000,1.200000,1.000000,0.000000,1.000000,0.000000,0.210000,0.110000
1778943085.484701,0,0.000000,1.370000,0.000000,1.200000,0.460000,0.000000,1.000000,0.000000,0.210000,0.000000
1778943085.489870,0,0.000000,1.370000,0.000000,1.200000,1.000000,0.000000,1.000000,0.000000,0.210000,0.000000
1778943085.491871,0,0.000000,1.740000,0.000000,1.200000,0.110000,0.000000,1.000000,0.000000,0.670000,0.110000
1778943085.492495,0,0.000000,1.370000,0.000000,1.200000,0.340000,0.000000,1.000000,0.000000,0.210000,0.000000
1778943085.565914,0,0.000000,1.550000,0.000000,1.200000,0.570000,0.000000,1.000000,0.000000,0.440000,0.000000
1778943085.588963,0,0.000000,1.550000,0.000000,1.200000,0.830000,0.000000,1.000000,0.000000,0.440000,0.000000
1778943085.593563,0,0.000000,1.370000,0.000000,1.200000,1.000000,0.000000,1.000000,0.000000,0.210000,0.250000
1778943085.617501,0,0.000000,0.440000,0.000000,1.200000,1.000000,0.000000,1.000000,0.000000,0.210000,0.000000
1778943085.620115,0,0.000000,1.550000,0.000000,1.200000,1.000000,0.000000,1.000000,0.000000,0.440000,0.000000
1778943085.621075,0,0.000000,1.370000,0.000000,1.200000,1.000000,0.000000,1.000000,0.000000,0.210000,0.000000
1778943085.624264,0,0.000000,1.370000,0.000000,1.200000,1.000000,0.000000,1.000000,0.000000,0.210000,0.000000
1778943085.632271,0,0.000000,1.370000,0.000000,1.200000,1.000000,0.000000,1.000000,0.000000,0.210000,0.000000
1778943085.672457,0,0.000000,0.890000,0.000000,1.200000,0.020000,0.000000,1.000000,0.000000,0.440000,0.000000
1778943085.686584,0,0.000000,1.370000,0.000000,1.200000,0.250000,0.000000,1.000000,0.000000,0.210000,0.000000
1778943085.699499,0,0.000000,0.000000,0.000000,1.200000,0.500000,0.000000,1.000000,0.000000,0.000000,0.000000
1778943085.755516,0,0.000000,0.440000,0.000000,1.200000,0.150000,0.000000,1.000000,0.000000,0.210000,0.000000
1778943085.767056,0,0.000000,1.370000,0.000000,1.200000,0.430000,0.000000,1.000000,0.000000,0.210000,0.000000
1778943085.791702,0,0.000000,1.550000,0.000000,1.200000,0.700000,0.000000,1.000000,0.000000,0.440000,0.000000
1778943085.794565,0,0.000000,1.370000,0.000000,1.200000,1.000000,0.000000,1.000000,0.000000,0.210000,0.000000
1778943085.804527,0,0.000000,1.550000,0.000000,1.200000,1.000000,0.000000,1.000000,0.000000,0.440000,0.000000
1778943085.827734,0,0.000000,1.370000,0.000000,1.200000,1.000000,0.000000,1.000000,0.000000,0.210000,0.000000
1778943085.858510,0,0.000000,1.370000,0.000000,1.200000,1.000000,0.000000,1.000000,0.000000,0.210000,0.000000
1778943085.903036,0,0.000000,1.370000,0.000000,1.200000,1.000000,0.000000,1.000000,0.000000,0.210000,0.000000
1778943085.918823,0,0.000000,1.370000,0.000000,1.200000,1.000000,0.000000,1.000000,0.000000,0.210000,0.110000
1778943085.920665,0,0.000000,1.370000,0.000000,1.200000,1.000000,0.000000,1.000000,0.000000,0.210000,0.000000
1778943085.932622,0,0.000000,1.550000,0.000000,1.200000,1.000000,0.000000,1.000000,0.000000,0.440000,0.000000
1778943085.934031,0,0.000000,1.370000,0.000000,1.200000,1.000000,0.000000,1.000000,0.000000,0.210000,0.000000
1778943085.946261,0,0.000000,0.440000,0.000000,1.200000,0.020000,0.000000,0.000000,0.000000,0.210000,0.370000
1778943085.947826,0,0.000000,0.440000,0.000000,1.200000,0.280000,0.000000,0.070000,0.000000,0.210000,0.000000
1778943085.969996,0,0.000000,1.740000,0.000000,1.200000,0.560000,0.000000,0.170000,0.000000,0.670000,0.000000
1778943085.992932,0,0.000000,0.440000,0.000000,1.200000,0.820000,0.000000,0.250000,0.000000,0.210000,0.000000
1778943086.008920,0,0.000000,1.370000,0.000000,1.200000,0.070000,0.000000,0.340000,0.000000,0.210000,0.000000
1778943086.022825,0,0.000000,1.370000,0.000000,1.200000,0.360000,0.000000,0.430000,0.000000,0.210000,0.000000
1778943086.030324,0,0.000000,1.370000,0.000000,1.200000,0.670000,0.000000,0.510000,0.000000,0.210000,0.000000
1778943086.060894,0,0.000000,1.370000,0.000000,1.200000,0.950000,0.000000,0.610000,0.000000,0.210000,0.000000
1778943086.062345,0,0.000000,1.370000,0.000000,1.200000,1.000000,0.000000,0.690000,0.000000,0.210000,0.110000
1778943086.106844,0,0.000000,1.370000,0.000000,1.200000,1.000000,0.000000,0.770000,0.000000,0.210000,0.000000
1778943086.108761,0,0.000000,1.370000,0.000000,1.200000,1.000000,0.000000,0.870000,0.000000,0.210000,0.000000
1778943086.137597,0,0.000000,0.440000,0.000000,1.200000,0.000000,0.000000,0.940000,0.000000,0.210000,0.000000
1778943086.138575,0,0.000000,1.370000,0.000000,1.200000,0.250000,0.000000,1.000000,0.000000,0.210000,0.000000
1778943086.139235,0,0.000000,1.370000,0.000000,1.200000,0.440000,0.000000,1.000000,0.000000,0.210000,0.110000
1778943086.187538,0,0.000000,1.370000,0.000000,1.200000,0.680000,0.000000,1.000000,0.000000,0.210000,0.000000
1778943086.210494,0,0.000000,1.370000,0.000000,1.200000,0.920000,0.000000,1.000000,0.000000,0.210000,0.000000
1778943086.212337,0,0.000000,1.370000,0.000000,1.200000,1.000000,0.000000,1.000000,0.000000,0.210000,0.000000
1778943086.213551,0,0.000000,1.550000,0.000000,1.200000,1.000000,0.000000,1.000000,0.000000,0.440000,0.000000
1778943086.214113,0,0.000000,1.370000,0.000000,1.200000,1.000000,0.000000,1.000000,0.000000,0.210000,0.000000
1778943086.232818,0,0.000000,1.370000,0.000000,1.200000,1.000000,0.000000,1.000000,0.000000,0.210000,0.000000
1778943086.248599,0,0.000000,1.370000,0.000000,1.200000,1.000000,0.000000,1.000000,0.000000,0.210000,0.000000
1778943086.254882,0,0.000000,0.440000,0.000000,1.200000,1.000000,0.000000,1.000000,0.000000,0.210000,0.000000
1778943086.261942,0,0.000000,1.370000,0.000000,1.200000,1.000000,0.000000,1.000000,0.000000,0.210000,0.000000
1778943086.278281,0,0.000000,1.370000,0.000000,1.200000,1.000000,0.000000,1.000000,0.000000,0.210000,0.000000
1778943086.300654,0,0.000000,1.370000,0.000000,1.200000,1.000000,0.000000,1.000000,0.000000,0.210000,0.000000
1778943086.330298,0,0.000000,1.370000,0.000000,1.200000,1.000000,0.000000,1.000000,0.000000,0.210000,0.000000
1778943086.354642,0,0.000000,1.370000,0.000000,1.200000,1.000000,0.000000,1.000000,0.000000,0.210000,0.000000
1778943086.356626,0,0.000000,1.370000,0.000000,1.200000,0.070000,0.000000,1.000000,0.000000,0.210000,0.000000
1778943086.360217,0,0.000000,1.370000,0.000000,1.200000,0.100000,0.000000,1.000000,0.000000,0.210000,0.000000
1778943086.366427,0,0.000000,1.370000,0.000000,1.200000,0.370000,0.000000,1.000000,0.000000,0.210000,0.110000
1778943086.382538,0,0.000000,1.550000,0.000000,1.200000,0.000000,0.000000,1.000000,0.000000,0.440000,0.000000
1778943086.397183,0,0.000000,1.370000,0.000000,1.200000,0.310000,0.000000,1.000000,0.000000,0.210000,0.110000
1778943086.427567,0,0.000000,1.370000,0.000000,1.200000,0.620000,0.000000,1.000000,0.000000,0.210000,0.000000
1778943086.466049,0,0.000000,1.550000,0.000000,1.200000,0.150000,0.000000,1.000000,0.000000,0.440000,0.000000
1778943086.471991,0,0.000000,1.370000,0.000000,1.200000,0.670000,0.000000,0.010000,0.000000,0.210000,0.000000
1778943086.473542,0,0.000000,0.440000,0.000000,1.200000,1.000000,0.000000,0.100000,0.000000,0.210000,0.000000
1778943086.474063,0,0.000000,1.550000,0.000000,1.200000,1.000000,0.000000,0.200000,0.000000,0.440000,0.000000
1778943086.502950,0,0.000000,1.370000,0.000000,1.200000,1.000000,0.000000,0.280000,0.000000,0.210000,0.000000
1778943086.509179,0,0.000000,0.440000,0.000000,1.200000,0.110000,0.000000,0.370000,0.000000,0.210000,0.000000
1778943086.534134,0,0.000000,0.440000,0.000000,1.200000,0.020000,0.000000,0.460000,0.000000,0.210000,0.000000
1778943086.537077,0,0.000000,1.370000,0.000000,1.200000,0.510000,0.000000,0.550000,0.000000,0.210000,0.000000
1778943086.555736,0,0.000000,1.370000,0.000000,1.200000,0.950000,0.000000,0.000000,0.000000,0.210000,0.000000
1778943086.570401,0,0.000000,1.370000,0.000000,1.200000,1.000000,0.000000,0.100000,0.000000,0.210000,0.000000
1778943086.615840,0,0.000000,1.370000,0.000000,1.200000,1.000000,0.000000,0.210000,0.000000,0.210000,0.000000
1778943086.619236,0,0.000000,1.370000,0.000000,1.200000,1.000000,0.000000,0.310000,0.000000,0.210000,0.000000
1778943086.621702,0,0.000000,1.370000,0.000000,1.200000,1.000000,0.000000,0.410000,0.000000,0.210000,0.000000
1778943086.623022,0,0.000000,1.370000,0.000000,1.200000,0.280000,0.000000,0.500000,0.000000,0.210000,0.000000
1778943086.637640,0,0.000000,0.000000,0.000000,1.200000,0.750000,0.000000,0.610000,0.000000,0.000000,0.000000
1778943086.661443,0,0.000000,1.370000,0.000000,1.200000,1.000000,0.000000,0.010000,0.000000,0.210000,0.000000
1778943086.691564,0,0.000000,1.550000,0.000000,1.200000,0.370000,0.000000,0.150000,0.000000,0.440000,0.000000
1778943086.697588,0,0.000000,1.550000,0.000000,1.200000,0.810000,0.000000,0.280000,0.000000,0.440000,0.000000
1778943086.704007,0,0.000000,1.370000,0.000000,1.200000,1.000000,0.000000,0.430000,0.000000,0.210000,0.000000
1778943086.736028,0,0.000000,1.550000,0.000000,1.200000,0.250000,0.000000,0.560000,0.000000,0.440000,0.000000
1778943086.738399,0,0.000000,1.550000,0.000000,1.200000,0.660000,0.000000,0.680000,0.000000,0.440000,0.000000
1778943086.766146,0,0.000000,1.370000,0.000000,1.200000,1.000000,0.000000,0.810000,0.000000,0.210000,0.250000
1778943086.768461,0,0.000000,0.000000,0.000000,1.200000,1.000000,0.000000,0.950000,0.000000,0.000000,0.000000
1778943086.796550,0,0.000000,1.550000,0.000000,1.200000,0.000000,0.000000,1.000000,0.000000,0.440000,0.000000
1778943086.801607,0,0.000000,1.550000,0.000000,0.000000,0.310000,0.000000,0.050000,91.910000,0.440000,0.000000
1778943086.809267,0,0.000000,1.370000,0.000000,0.000000,0.620000,0.000000,0.200000,16.780000,0.210000,0.000000
1778943086.840965,0,0.000000,1.550000,0.000000,0.000000,0.920000,0.000000,0.330000,3.840000,0.440000,0.000000
1778943086.871279,0,0.000000,0.440000,0.000000,0.000000,1.000000,0.000000,0.460000,45.340000,0.210000,0.000000
1778943086.874433,0,0.000000,1.370000,0.000000,0.000000,1.000000,0.000000,0.600000,72.790000,0.210000,0.000000
1778943086.875314,0,0.000000,1.370000,0.000000,0.000000,1.000000,0.000000,0.730000,56.220000,0.210000,0.000000
1778943086.903457,0,0.000000,1.370000,0.000000,0.000000,1.000000,0.000000,0.860000,26.180000,0.210000,0.000000
1778943086.907004,0,0.000000,1.370000,0.000000,0.000000,1.000000,0.000000,1.000000,3.640000,0.210000,0.000000
1778943086.921733,0,0.000000,1.550000,0.000000,0.000000,1.000000,0.000000,1.000000,0.180000,0.440000,0.000000
1778943086.945829,0,0.000000,1.370000,0.000000,0.000000,1.000000,0.000000,1.000000,0.000000,0.210000,0.000000
1778943086.952378,0,0.000000,1.370000,0.000000,0.000000,1.000000,0.000000,1.000000,0.000000,0.210000,0.000000
1778943086.975976,0,0.000000,1.370000,0.000000,0.000000,1.000000,0.000000,1.000000,0.000000,0.210000,0.000000
1778943086.990900,0,0.000000,0.440000,0.000000,0.000000,0.020000,0.000000,1.000000,0.000000,0.210000,0.000000
1778943087.016048,0,0.000000,1.550000,0.000000,0.000000,0.000000,0.000000,1.000000,0.000000,0.440000,0.000000
1778943087.027137,0,0.000000,1.550000,0.000000,0.000000,0.340000,0.000000,1.000000,0.000000,0.440000,0.000000
1778943087.073628,0,0.000000,1.550000,0.000000,0.000000,0.680000,0.000000,1.000000,0.000000,0.440000,0.000000
1778943087.075424,0,0.000000,1.370000,0.000000,0.000000,1.000000,0.000000,1.000000,0.000000,0.210000,0.000000
1778943087.078607,0,0.000000,1.370000,0.000000,0.000000,1.000000,0.000000,1.000000,0.000000,0.210000,0.000000
1778943087.101010,0,0.000000,1.370000,0.000000,0.000000,1.000000,0.000000,1.000000,0.000000,0.210000,0.000000
1778943087.102697,0,0.000000,1.550000,0.000000,0.000000,1.000000,0.000000,1.000000,0.000000,0.440000,0.000000
1778943087.109112,0,0.000000,1.370000,0.000000,0.000000,1.000000,0.000000,1.000000,0.000000,0.210000,0.000000
1778943087.124568,0,0.000000,0.440000,0.000000,0.000000,0.010000,0.000000,1.000000,0.000000,0.210000,0.000000
1778943087.148215,0,0.000000,1.370000,0.000000,0.000000,0.380000,0.000000,1.000000,0.000000,0.210000,0.000000
1778943087.155246,0,0.000000,0.440000,0.000000,0.000000,0.750000,0.000000,1.000000,0.000000,0.210000,0.000000
1778943087.177787,0,0.000000,1.370000,0.000000,0.000000,1.000000,0.000000,1.000000,0.000000,0.210000,0.000000
1778943087.200430,0,0.000000,1.370000,0.000000,0.000000,1.000000,0.000000,1.000000,0.000000,0.210000,0.000000
1778943087.251665,0,0.000000,0.440000,0.000000,0.000000,1.000000,0.000000,1.000000,0.000000,0.210000,0.000000
1778943087.259834,0,0.000000,1.910000,0.000000,0.000000,0.000000,0.000000,1.000000,0.000000,0.890000,0.000000
1778943087.266568,0,0.000000,1.370000,0.000000,0.000000,0.250000,0.000000,1.000000,0.000000,0.210000,0.000000
1778943087.290543,0,0.000000,1.370000,0.000000,0.000000,0.500000,0.000000,1.000000,0.000000,0.210000,0.000000
1778943087.292292,0,0.000000,1.370000,0.000000,0.000000,0.330000,0.000000,1.000000,0.000000,0.210000,0.000000
1778943087.292931,0,0.000000,1.370000,0.000000,0.000000,0.620000,0.000000,1.000000,0.000000,0.210000,0.000000
1778943087.297329,0,0.000000,1.370000,0.000000,0.000000,0.920000,0.000000,1.000000,0.000000,0.210000,0.000000
1778943087.328037,0,0.000000,1.370000,0.000000,0.000000,0.170000,0.000000,1.000000,0.000000,0.210000,0.000000
1778943087.330807,0,0.000000,0.440000,0.000000,0.000000,0.400000,0.000000,1.000000,0.000000,0.210000,0.000000
1778943087.348904,0,0.000000,1.370000,0.000000,0.000000,0.620000,0.000000,1.000000,0.000000,0.210000,0.000000
1778943087.386118,0,0.000000,1.370000,0.000000,0.000000,0.870000,0.000000,1.000000,0.000000,0.210000,0.000000
1778943087.399658,0,0.000000,1.550000,0.000000,0.010000,1.000000,0.000000,1.000000,0.000000,0.440000,0.000000
1778943087.410531,0,0.000000,1.370000,0.000000,0.010000,1.000000,0.000000,1.000000,0.000000,0.210000,0.000000
1778943087.412994,0,0.000000,1.370000,0.000000,0.020000,1.000000,0.000000,1.000000,0.000000,0.210000,0.000000
1778943087.432513,0,0.000000,1.550000,0.000000,0.020000,1.000000,0.000000,1.000000,0.000000,0.440000,0.000000
1778943087.447205,0,0.000000,1.370000,0.000000,0.030000,1.000000,0.000000,1.000000,0.000000,0.210000,0.000000
1778943087.463754,0,0.000000,1.550000,0.000000,0.030000,1.000000,0.000000,1.000000,0.000000,0.440000,0.000000
1778943087.465750,0,0.000000,1.370000,0.000000,0.050000,1.000000,0.000000,1.000000,0.000000,0.210000,0.000000
1778943087.485862,0,0.000000,1.550000,0.000000,0.050000,1.000000,0.000000,1.000000,0.000000,0.440000,0.000000
1778943087.508901,0,0.000000,1.370000,0.000000,0.070000,1.000000,0.000000,1.000000,0.000000,0.210000,0.000000
1778943087.514823,0,0.000000,0.440000,0.000000,0.070000,0.020000,0.000000,1.000000,0.000000,0.210000,0.000000
1778943087.522697,0,0.000000,1.370000,0.000000,0.070000,0.250000,0.000000,1.000000,0.000000,0.210000,0.000000
1778943087.546368,0,0.000000,1.370000,0.000000,0.090000,0.500000,0.000000,1.000000,0.000000,0.210000,0.000000
1778943087.552219,0,0.000000,1.370000,0.000000,0.100000,0.740000,0.000000,1.000000,0.000000,0.210000,0.000000
1778943087.583665,0,0.000000,1.370000,0.000000,0.000000,0.140000,0.000000,0.030000,8.430000,0.210000,0.000000
1778943087.585824,0,0.000000,1.370000,0.000000,0.000000,0.430000,0.000000,0.170000,70.010000,0.210000,0.000000
1778943087.604934,0,0.000000,1.370000,0.000000,0.000000,0.750000,0.000000,0.310000,127.450000,0.210000,0.000000
1778943087.637004,0,0.000000,0.000000,0.000000,0.000000,1.000000,0.000000,0.440000,137.000000,0.000000,0.000000
1778943087.638299,0,0.000000,1.740000,0.000000,0.000000,0.000000,0.000000,0.570000,138.250000,0.670000,0.000000
1778943087.650334,0,0.000000,1.370000,0.000000,0.000000,0.250000,0.000000,0.700000,133.320000,0.210000,0.000000
1778943087.665718,0,0.000000,1.370000,0.000000,0.000000,0.510000,0.000000,0.850000,121.910000,0.210000,0.000000
1778943087.716931,0,0.000000,0.440000,0.000000,0.000000,0.790000,0.000000,0.980000,111.680000,0.210000,0.000000
1778943087.733309,0,0.000000,1.370000,0.000000,0.000000,1.000000,0.000000,1.000000,87.480000,0.210000,0.000000
1778943087.735335,0,0.000000,1.550000,0.000000,0.000000,0.100000,0.000000,1.000000,62.410000,0.440000,0.000000
1778943087.738166,0,0.000000,1.370000,0.000000,0.000000,0.340000,0.000000,1.000000,36.450000,0.210000,0.000000
1778943087.739763,0,0.000000,1.370000,0.000000,0.000000,0.600000,0.000000,1.000000,1.490000,0.210000,0.000000
1778943087.771127,0,0.000000,0.440000,0.000000,0.000000,0.810000,0.000000,1.000000,0.100000,0.210000,0.000000
1778943087.772767,0,0.000000,1.550000,0.000000,0.000000,1.000000,0.000000,1.000000,0.000000,0.440000,0.000000
1778943087.784671,0,0.000000,1.550000,0.000000,0.000000,1.000000,0.000000,1.000000,0.000000,0.440000,0.000000
1778943087.829884,0,0.000000,0.440000,0.000000,0.000000,1.000000,0.000000,1.000000,0.000000,0.210000,0.000000
1778943087.837963,0,0.000000,0.440000,0.000000,0.000000,1.000000,0.000000,1.000000,0.000000,0.210000,0.000000
1778943087.839794,0,0.000000,1.550000,0.000000,0.000000,0.030000,0.000000,1.000000,0.000000,0.440000,0.000000
1778943087.851842,0,0.000000,1.370000,0.000000,0.000000,0.280000,0.000000,1.000000,0.000000,0.210000,0.000000
1778943087.868275,0,0.000000,1.550000,0.000000,0.070000,0.510000,0.000000,1.000000,0.000000,0.440000,0.000000
1778943087.892688,0,0.000000,1.370000,0.000000,0.120000,0.750000,0.000000,1.000000,0.000000,0.210000,0.000000
1778943087.893810,0,0.000000,1.370000,0.000000,0.230000,1.000000,0.000000,1.000000,0.000000,0.210000,0.000000
1778943087.904944,0,0.000000,0.440000,0.000000,0.340000,1.000000,0.000000,1.000000,0.000000,0.210000,0.000000
1778943087.934776,0,0.000000,0.440000,0.000000,0.430000,1.000000,0.000000,1.000000,0.000000,0.210000,0.000000
1778943087.949491,0,0.000000,0.440000,0.000000,0.500000,1.000000,0.000000,1.000000,0.000000,0.210000,0.000000
1778943087.964901,0,0.000000,1.370000,0.000000,0.580000,1.000000,0.000000,1.000000,0.000000,0.210000,0.000000
1778943087.966179,0,0.000000,1.370000,0.000000,0.630000,1.000000,0.000000,1.000000,0.000000,0.210000,0.000000
1778943088.010203,0,0.000000,1.370000,0.000000,0.740000,1.000000,0.000000,1.000000,0.000000,0.210000,0.000000
1778943088.013386,0,0.000000,1.370000,0.000000,0.770000,1.000000,0.000000,1.000000,0.000000,0.210000,0.000000
1778943088.024895,0,0.000000,1.550000,0.000000,0.870000,0.000000,0.000000,1.000000,0.000000,0.440000,0.000000
1778943088.034025,0,0.000000,1.370000,0.000000,0.930000,0.250000,0.000000,1.000000,0.000000,0.210000,0.000000
1778943088.071140,0,0.000000,1.370000,0.000000,1.010000,0.470000,0.000000,1.000000,0.000000,0.210000,0.000000
1778943088.074034,0,0.000000,1.370000,0.000000,1.080000,0.730000,0.000000,1.000000,0.000000,0.210000,0.000000
1778943088.093153,0,0.000000,0.440000,0.000000,1.170000,0.020000,0.000000,1.000000,0.000000,0.210000,0.000000
1778943088.146762,0,0.000000,1.550000,0.000000,1.200000,0.270000,0.000000,1.000000,0.000000,0.440000,0.000000
1778943088.168408,0,0.000000,1.370000,0.000000,1.200000,0.500000,0.000000,1.000000,0.000000,0.210000,0.000000
1778943088.197822,0,0.000000,0.440000,0.000000,1.200000,0.750000,0.000000,1.000000,0.000000,0.210000,0.000000
1778943088.204839,0,0.000000,1.370000,0.000000,1.200000,0.980000,0.000000,1.000000,0.000000,0.210000,0.000000
1778943088.226042,0,0.000000,0.440000,0.000000,1.200000,1.000000,0.000000,1.000000,0.000000,0.210000,0.000000
1778943088.242435,0,0.000000,1.740000,0.000000,1.200000,1.000000,0.000000,1.000000,0.000000,0.670000,0.000000
1778943088.250157,0,0.000000,1.370000,0.000000,1.200000,1.000000,0.000000,0.140000,0.000000,0.210000,0.000000
1778943088.252862,0,0.000000,1.370000,0.000000,1.200000,1.000000,0.000000,0.270000,0.000000,0.210000,0.000000
1778943088.253666,0,0.000000,1.370000,0.000000,1.200000,1.000000,0.000000,0.400000,0.000000,0.210000,0.000000
1778943088.262980,0,0.000000,0.440000,0.000000,1.200000,0.100000,0.000000,0.510000,0.000000,0.210000,0.000000
1778943088.274956,0,0.000000,1.550000,0.000000,1.200000,0.330000,0.000000,0.660000,0.000000,0.440000,0.000000
1778943088.281368,0,0.000000,1.370000,0.000000,1.200000,0.560000,0.000000,0.800000,0.000000,0.210000,0.110000
1778943088.294925,0,0.000000,1.370000,0.000000,1.200000,0.800000,0.000000,0.930000,0.000000,0.210000,0.000000
1778943088.311088,0,0.000000,1.370000,0.000000,1.200000,1.000000,0.000000,1.000000,0.000000,0.210000,0.000000
1778943088.333041,0,0.000000,1.370000,0.000000,1.200000,1.000000,0.000000,1.000000,0.000000,0.210000,0.000000
1778943088.348323,0,0.000000,1.370000,0.000000,1.200000,1.000000,0.000000,1.000000,0.000000,0.210000,0.000000
1778943088.355015,0,0.000000,1.550000,0.000000,1.200000,1.000000,0.000000,1.000000,0.000000,0.440000,0.000000
1778943088.401699,0,0.000000,1.370000,0.000000,1.200000,1.000000,0.000000,1.000000,0.000000,0.210000,0.000000
1778943088.402858,0,0.000000,1.910000,0.000000,1.200000,0.120000,0.000000,1.000000,0.000000,0.890000,0.000000
1778943088.406938,0,0.000000,1.550000,0.000000,1.200000,0.380000,0.000000,1.000000,0.000000,0.440000,0.000000
1778943088.422472,0,0.000000,1.370000,0.000000,1.200000,0.600000,0.000000,1.000000,0.000000,0.210000,0.000000
1778943088.453943,0,0.000000,0.440000,0.000000,1.200000,0.820000,0.000000,1.000000,0.000000,0.210000,0.000000
1778943088.459892,0,0.000000,0.000000,0.000000,1.200000,1.000000,0.000000,1.000000,0.000000,0.000000,0.000000
1778943088.461057,0,0.000000,1.370000,0.000000,1.200000,0.120000,0.000000,1.000000,0.000000,0.210000,0.000000
1778943088.474701,0,0.000000,0.440000,0.000000,1.200000,0.020000,0.000000,1.000000,0.000000,0.210000,0.000000
1778943088.520154,0,0.000000,0.440000,0.000000,1.200000,0.300000,0.000000,1.000000,0.000000,0.210000,0.000000
1778943088.522149,0,0.000000,0.000000,0.000000,1.200000,0.570000,0.000000,1.000000,0.000000,0.210000,0.000000
1778943088.523052,0,0.000000,0.890000,0.000000,1.200000,0.070000,0.000000,1.000000,0.000000,0.440000,0.000000
1778943088.544410,0,0.000000,1.550000,0.000000,1.200000,0.370000,0.000000,1.000000,0.000000,0.440000,0.250000
1778943088.550205,0,0.000000,1.370000,0.000000,1.200000,0.720000,0.000000,1.000000,0.000000,0.210000,0.000000
1778943088.580123,0,0.000000,1.370000,0.000000,1.200000,1.000000,0.000000,1.000000,0.000000,0.210000,0.000000
1778943088.596051,0,0.000000,1.550000,0.000000,1.200000,1.000000,0.000000,1.000000,0.000000,0.440000,0.000000
1778943088.633070,0,0.000000,0.440000,0.000000,1.200000,1.000000,0.000000,1.000000,0.000000,0.210000,0.000000
1778943088.635785,0,0.000000,0.440000,0.000000,1.200000,1.000000,0.000000,1.000000,0.000000,0.210000,0.000000
1778943088.636658,0,0.000000,0.440000,0.000000,1.200000,1.000000,0.000000,1.000000,0.000000,0.210000,0.000000
1778943088.647049,0,0.000000,1.370000,0.000000,1.200000,1.000000,0.000000,0.020000,0.000000,0.210000,0.000000
1778943088.662424,0,0.000000,0.000000,0.000000,1.200000,1.000000,0.000000,0.170000,0.000000,0.000000,0.000000
1778943088.687757,0,0.000000,1.370000,0.000000,1.200000,0.070000,0.000000,0.300000,0.000000,0.210000,0.000000
1778943088.691986,0,0.000000,1.370000,0.000000,1.200000,0.400000,0.000000,0.430000,0.000000,0.210000,0.000000
1778943088.707735,0,0.000000,1.370000,0.000000,1.200000,0.740000,0.000000,0.560000,0.000000,0.210000,0.000000
1778943088.730692,0,0.000000,1.370000,0.000000,1.200000,1.000000,0.000000,0.690000,0.000000,0.210000,0.000000
1778943088.760275,0,0.000000,1.740000,0.000000,1.200000,1.000000,0.000000,0.820000,0.000000,0.670000,0.000000
1778943088.762806,0,0.000000,1.370000,0.000000,1.200000,1.000000,0.000000,0.000000,0.620000,0.210000,0.000000
1778943088.800843,0,0.000000,1.370000,0.000000,0.000000,0.100000,0.000000,0.120000,84.690000,0.210000,0.000000
1778943088.802211,0,0.000000,1.370000,0.000000,0.000000,0.400000,0.000000,0.250000,116.660000,0.210000,0.000000
1778943088.803066,0,0.000000,1.370000,0.000000,0.000000,0.680000,0.000000,0.370000,125.190000,0.210000,0.000000
1778943088.812422,0,0.000000,1.370000,0.000000,0.000000,0.950000,0.000000,0.500000,127.450000,0.210000,0.000000
1778943088.829330,0,0.000000,1.370000,0.000000,0.000000,1.000000,0.000000,0.630000,127.450000,0.210000,0.000000
1778943088.851099,0,0.000000,1.370000,0.000000,0.000000,0.070000,0.000000,0.760000,127.450000,0.210000,0.000000
1778943088.865556,0,0.000000,1.370000,0.000000,0.000000,0.050000,0.000000,0.910000,126.310000,0.210000,0.000000
1778943088.871990,0,0.000000,0.440000,0.000000,0.000000,0.250000,0.000000,1.000000,126.310000,0.210000,0.000000
1778943088.888308,0,0.000000,1.370000,0.000000,0.000000,0.690000,0.000000,1.000000,119.760000,0.210000,0.000000
1778943088.911587,0,0.000000,0.440000,0.000000,0.000000,1.000000,0.000000,1.000000,83.330000,0.210000,0.000000
1778943088.913802,0,0.000000,1.370000,0.000000,0.000000,1.000000,0.000000,1.000000,6.230000,0.210000,0.000000
1778943088.933685,0,0.000000,1.370000,0.000000,1.250000,0.150000,0.000000,1.000000,0.180000,0.210000,0.110000
1778943088.961854,0,0.000000,1.550000,0.000000,0.000000,0.000000,0.000000,1.000000,0.000000,0.440000,0.000000
1778943088.969892,0,0.000000,1.370000,0.000000,1.290000,0.500000,0.000000,1.000000,0.000000,0.210000,0.110000
1778943088.985852,0,0.000000,1.370000,0.000000,0.000000,0.950000,0.000000,1.000000,0.000000,0.210000,0.000000
1778943089.000976,0,0.000000,1.370000,0.000000,0.000000,0.090000,0.000000,1.000000,0.000000,0.210000,0.000000
1778943089.016533,0,0.000000,0.440000,0.000000,0.000000,0.410000,0.000000,1.000000,0.000000,0.210000,0.000000
1778943089.030962,0,0.000000,1.370000,0.000000,0.000000,0.770000,0.000000,1.000000,0.000000,0.210000,0.000000
1778943089.045477,0,0.000000,1.370000,0.000000,0.000000,0.230000,0.000000,1.000000,0.000000,0.210000,0.000000
1778943089.070852,0,0.000000,1.550000,0.000000,0.000000,0.670000,0.000000,1.000000,0.000000,0.440000,0.000000
1778943089.072366,0,0.000000,1.370000,0.000000,0.000000,1.000000,0.000000,1.000000,0.000000,0.210000,0.000000
1778943089.090801,0,0.000000,1.550000,0.000000,0.000000,0.090000,0.000000,1.000000,0.000000,0.440000,0.000000
1778943089.120189,0,0.000000,1.370000,0.000000,0.000000,0.430000,0.000000,1.000000,0.000000,0.210000,0.000000
1778943089.122868,0,0.000000,1.550000,0.000000,0.010000,0.760000,0.000000,1.000000,0.000000,0.440000,0.000000
1778943089.142383,0,0.000000,1.550000,0.000000,0.050000,1.000000,0.000000,1.000000,0.000000,0.440000,0.000000
1778943089.158509,0,0.000000,0.440000,0.000000,0.070000,1.000000,0.000000,1.000000,0.000000,0.210000,0.000000
1778943089.161406,0,0.000000,1.550000,0.000000,0.070000,1.000000,0.000000,1.000000,0.000000,0.440000,0.000000
1778943089.182386,0,0.000000,1.740000,0.000000,0.100000,0.000000,0.000000,1.000000,0.000000,0.670000,0.000000
1778943089.202515,0,0.000000,0.440000,0.000000,0.120000,0.360000,0.000000,1.000000,0.000000,0.210000,0.000000
1778943089.225585,0,0.000000,1.370000,0.000000,0.150000,0.690000,0.000000,1.000000,0.000000,0.210000,0.000000
1778943089.231481,0,0.000000,1.370000,0.000000,0.170000,0.150000,0.000000,1.000000,0.000000,0.210000,0.000000
1778943089.238717,0,0.000000,0.440000,0.000000,0.180000,0.050000,0.000000,1.000000,0.000000,0.210000,0.000000
1778943089.255057,0,0.000000,1.370000,0.000000,0.200000,0.460000,0.000000,1.000000,0.000000,0.210000,0.000000
1778943089.262594,0,0.000000,0.440000,0.000000,0.230000,0.870000,0.000000,1.000000,0.000000,0.210000,0.000000
1778943089.286128,0,0.000000,1.370000,0.000000,0.250000,1.000000,0.000000,1.000000,0.000000,0.210000,0.110000
1778943089.300833,0,0.000000,1.370000,0.000000,0.270000,1.000000,0.000000,1.000000,0.000000,0.210000,0.000000
1778943089.316375,0,0.000000,1.370000,0.000000,0.280000,1.000000,0.000000,1.000000,0.000000,0.210000,0.000000
1778943089.330518,0,0.000000,1.370000,0.000000,0.310000,1.000000,0.000000,1.000000,0.000000,0.210000,0.000000
1778943089.353630,0,0.000000,1.370000,0.000000,0.330000,0.210000,0.000000,1.000000,0.000000,0.210000,0.000000
1778943089.383614,0,0.000000,1.550000,0.000000,0.340000,0.620000,0.000000,1.000000,0.000000,0.440000,0.000000
1778943089.405531,0,0.000000,1.370000,0.000000,0.370000,1.000000,0.000000,1.000000,0.000000,0.210000,0.000000
1778943089.428010,0,0.000000,1.550000,0.000000,0.000000,1.000000,0.000000,0.030000,37.950000,0.440000,0.000000
1778943089.435135,0,0.000000,1.370000,0.000000,0.000000,1.000000,0.000000,0.170000,111.680000,0.210000,0.000000
1778943089.438736,0,0.000000,0.440000,0.000000,0.000000,1.000000,0.000000,0.300000,118.720000,0.210000,0.000000
1778943089.439469,0,0.000000,1.740000,0.000000,0.000000,1.000000,0.000000,0.430000,118.720000,0.670000,0.000000
1778943089.458533,0,0.000000,0.000000,0.000000,0.000000,1.000000,0.000000,0.550000,113.630000,0.000000,0.110000
1778943089.462550,0,0.000000,1.550000,0.000000,0.000000,0.000000,0.000000,0.680000,105.160000,0.440000,0.000000
1778943089.472605,0,0.000000,1.550000,0.000000,0.000000,0.430000,0.000000,0.810000,94.230000,0.440000,0.000000
1778943089.495806,0,0.000000,0.000000,0.000000,0.000000,0.280000,0.000000,0.930000,80.690000,0.000000,0.000000
1778943089.510570,0,0.000000,1.370000,0.000000,0.000000,0.810000,0.000000,1.000000,68.400000,0.210000,0.000000
1778943089.525610,0,0.000000,1.370000,0.000000,0.000000,0.200000,0.000000,1.000000,38.990000,0.210000,0.000000
1778943089.540624,0,0.000000,1.370000,0.000000,0.000000,0.800000,0.000000,1.000000,2.090000,0.210000,0.000000
1778943089.565476,0,0.000000,1.370000,0.000000,0.000000,1.000000,0.000000,1.000000,0.120000,0.210000,0.000000
1778943089.566828,0,0.000000,1.370000,0.000000,0.000000,1.000000,0.000000,1.000000,0.000000,0.210000,0.000000
1778943089.610472,0,0.000000,0.000000,0.000000,0.000000,1.000000,0.000000,1.000000,0.000000,0.000000,0.000000
1778943089.613046,0,0.000000,0.440000,0.000000,0.000000,0.070000,0.000000,1.000000,0.000000,0.210000,0.000000
1778943089.667320,0,0.000000,1.370000,0.000000,0.000000,0.680000,0.000000,1.000000,0.000000,0.210000,0.000000
1778943089.683679,0,0.000000,1.370000,0.000000,0.000000,1.000000,0.000000,1.000000,0.000000,0.210000,0.000000
1778943089.697001,0,0.000000,0.440000,0.000000,0.020000,1.000000,0.000000,1.000000,0.000000,0.210000,0.000000
1778943089.705790,0,0.000000,1.740000,0.000000,0.100000,0.070000,0.000000,1.000000,0.000000,0.670000,0.250000
1778943089.708352,0,0.000000,1.370000,0.000000,0.230000,1.000000,0.000000,1.000000,0.000000,0.210000,0.000000
1778943089.709028,0,0.000000,1.370000,0.000000,0.280000,1.000000,0.000000,1.000000,0.000000,0.210000,0.000000
1778943089.711419,0,0.000000,1.370000,0.000000,0.340000,1.000000,0.000000,1.000000,0.000000,0.210000,0.000000
1778943089.742296,0,0.000000,1.370000,0.000000,0.410000,0.470000,0.000000,1.000000,0.000000,0.210000,0.000000
1778943089.780367,0,0.000000,0.440000,0.000000,0.440000,1.000000,0.000000,1.000000,0.000000,0.210000,0.000000
1778943089.788383,0,0.000000,1.370000,0.000000,0.510000,1.000000,0.000000,1.000000,0.000000,0.210000,0.000000
1778943089.790799,0,0.000000,1.550000,0.000000,0.570000,0.210000,0.000000,1.000000,0.000000,0.440000,0.000000
1778943089.804770,0,0.000000,1.370000,0.000000,0.660000,0.640000,0.000000,0.000000,0.000000,0.210000,0.370000
1778943089.809221,0,0.000000,1.550000,0.000000,0.730000,1.000000,0.000000,0.110000,0.000000,0.440000,0.000000
1778943089.847471,0,0.000000,0.000000,0.000000,0.790000,1.000000,0.000000,0.250000,0.000000,0.000000,0.000000
1778943089.854894,0,0.000000,1.370000,0.000000,0.850000,0.110000,0.000000,0.380000,0.000000,0.210000,0.000000
1778943089.862813,0,0.000000,1.370000,0.000000,0.930000,0.410000,0.000000,0.510000,0.000000,0.210000,0.000000
1778943089.870142,0,0.000000,0.440000,0.000000,0.990000,0.030000,0.000000,0.640000,0.000000,0.210000,0.110000
1778943089.885276,0,0.000000,1.370000,0.000000,1.070000,0.340000,0.000000,0.790000,0.000000,0.210000,0.000000
1778943089.915280,0,0.000000,1.740000,0.000000,1.130000,0.640000,0.000000,0.920000,0.000000,0.670000,0.000000
1778943089.932204,0,0.000000,1.370000,0.000000,1.200000,0.970000,0.000000,1.000000,0.000000,0.210000,0.000000
1778943089.933567,0,0.000000,1.370000,0.000000,1.200000,1.000000,0.000000,1.000000,0.000000,0.210000,0.000000
1778943089.959380,0,0.000000,1.370000,0.000000,1.200000,1.000000,0.000000,0.010000,0.000000,0.210000,0.000000
1778943089.966285,0,0.000000,1.550000,0.000000,1.200000,1.000000,0.000000,0.120000,0.000000,0.440000,0.000000
1778943089.974121,0,0.000000,1.550000,0.000000,1.200000,1.000000,0.000000,0.250000,0.000000,0.440000,0.000000
1778943090.036447,0,0.000000,1.550000,0.000000,1.200000,1.000000,0.000000,0.370000,0.000000,0.440000,0.000000
1778943090.037834,0,0.000000,1.370000,0.000000,1.200000,1.000000,0.000000,0.490000,0.000000,0.210000,0.250000
1778943090.049876,0,0.000000,1.370000,0.000000,1.200000,1.000000,0.000000,0.610000,0.000000,0.210000,0.000000
1778943090.064882,0,0.000000,1.370000,0.000000,1.200000,1.000000,0.000000,0.720000,0.000000,0.210000,0.000000
1778943090.103296,0,0.000000,1.370000,0.000000,1.200000,1.000000,0.000000,0.830000,0.000000,0.210000,0.000000
1778943090.109051,0,0.000000,1.370000,0.000000,1.200000,0.180000,0.000000,0.950000,0.000000,0.210000,0.000000
1778943090.133204,0,0.000000,1.370000,0.000000,1.200000,0.100000,0.000000,1.000000,0.000000,0.210000,0.000000
1778943090.155713,0,0.000000,1.550000,0.000000,1.200000,0.460000,0.000000,1.000000,0.000000,0.440000,0.000000
1778943090.189512,0,0.000000,1.550000,0.000000,1.200000,0.000000,0.000000,1.000000,0.000000,0.440000,0.000000
1778943090.192332,0,0.000000,1.370000,0.000000,1.200000,0.550000,0.000000,1.000000,0.000000,0.210000,0.000000
1778943090.208885,0,0.000000,1.550000,0.000000,1.200000,1.000000,0.000000,1.000000,0.000000,0.440000,0.000000
1778943090.230911,0,0.000000,0.440000,0.000000,1.200000,1.000000,0.000000,1.000000,0.000000,0.210000,0.000000
1778943090.251721,0,0.000000,0.000000,0.000000,1.200000,1.000000,0.000000,1.000000,0.000000,0.000000,0.000000
1778943090.259716,0,0.000000,0.440000,0.000000,0.000000,0.020000,0.000000,0.050000,4.050000,0.210000,0.000000
1778943090.261672,0,0.000000,0.440000,0.000000,0.000000,0.550000,0.000000,0.150000,69.470000,0.210000,0.110000
1778943090.274688,0,0.000000,1.370000,0.000000,0.000000,1.000000,0.000000,0.330000,127.450000,0.210000,0.000000
1778943090.290736,0,0.000000,0.440000,0.000000,0.000000,0.050000,0.000000,0.400000,140.800000,0.210000,0.000000
1778943090.297433,0,0.000000,0.000000,0.000000,0.000000,0.620000,0.000000,0.500000,147.440000,0.000000,0.000000
1778943090.314451,0,0.000000,1.550000,0.000000,0.000000,0.360000,0.000000,0.600000,153.030000,0.440000,0.000000
1778943090.315660,0,0.000000,0.440000,0.000000,0.000000,0.070000,0.000000,0.680000,154.470000,0.210000,0.000000
1778943090.359201,0,0.000000,0.440000,0.000000,0.000000,0.640000,0.000000,0.760000,154.470000,0.210000,0.000000
1778943090.396050,0,0.000000,1.370000,0.000000,0.000000,1.000000,0.000000,0.870000,151.610000,0.210000,0.250000
1778943090.433148,0,0.000000,1.370000,0.000000,0.000000,0.200000,0.000000,0.940000,146.080000,0.210000,0.000000
1778943090.470898,0,0.000000,0.000000,0.000000,0.000000,0.720000,0.000000,1.000000,128.600000,0.000000,0.000000
1778943090.476994,0,0.000000,0.440000,0.000000,0.000000,0.250000,0.000000,1.000000,83.330000,0.210000,0.000000
1778943090.484910,0,0.000000,0.440000,0.000000,0.000000,0.750000,0.000000,1.000000,11.050000,0.210000,0.000000
1778943090.487159,0,0.000000,0.440000,0.000000,0.000000,0.910000,0.000000,1.000000,0.000000,0.210000,0.000000
1778943090.491965,0,0.000000,1.370000,0.000000,0.000000,1.000000,0.000000,1.000000,0.000000,0.210000,0.000000
1778943090.498979,0,0.000000,0.000000,0.000000,0.000000,0.200000,0.000000,1.000000,0.000000,0.000000,0.000000
1778943090.516760,0,0.000000,1.550000,0.000000,0.000000,0.090000,0.000000,1.000000,0.000000,0.440000,0.000000
1778943090.560510,0,0.000000,1.550000,0.000000,1.290000,0.470000,0.000000,1.000000,0.000000,0.440000,0.110000
1778943090.643780,0,0.000000,1.370000,0.000000,0.000000,0.850000,0.000000,1.000000,0.000000,0.210000,0.000000
1778943090.649792,0,0.000000,1.370000,0.000000,0.030000,0.120000,0.000000,1.000000,0.000000,0.210000,0.110000
1778943090.688325,0,0.000000,0.890000,0.000000,0.070000,0.460000,0.000000,1.000000,0.000000,0.440000,0.000000
1778943090.734309,0,0.000000,0.440000,0.000000,0.090000,0.790000,0.000000,1.000000,0.000000,0.210000,0.000000
1778943090.770548,0,0.000000,1.910000,0.000000,0.180000,0.910000,0.000000,1.000000,0.000000,0.890000,0.110000
1778943090.807977,0,0.000000,0.440000,0.000000,0.230000,0.070000,0.000000,1.000000,0.000000,0.210000,0.000000
1778943090.830536,0,0.000000,0.440000,0.000000,0.300000,0.030000,0.000000,1.000000,0.000000,0.210000,0.000000
1778943090.868974,0,0.000000,1.370000,0.000000,0.380000,1.000000,0.000000,0.000000,1.410000,0.210000,0.500000
1778943090.906359,0,0.000000,1.370000,0.000000,0.000000,1.000000,0.000000,0.180000,139.520000,0.210000,0.000000
1778943090.927669,0,0.000000,0.440000,0.000000,0.000000,0.010000,0.000000,0.340000,147.440000,0.210000,0.000000
1778943090.942684,0,0.000000,1.370000,0.000000,0.000000,0.690000,0.000000,0.540000,139.520000,0.210000,0.000000
1778943090.997494,0,0.000000,0.440000,0.000000,0.000000,1.000000,0.000000,0.720000,116.660000,0.210000,0.000000
1778943091.002422,0,0.000000,3.160000,0.000000,0.000000,1.000000,0.000000,0.890000,0.930000,1.580000,0.000000
1778943091.010269,0,0.000000,1.370000,0.000000,0.000000,0.230000,0.000000,1.000000,0.000000,0.210000,0.000000
1778943091.025551,0,0.000000,1.370000,0.000000,0.000000,0.560000,0.000000,1.000000,0.000000,0.210000,0.000000
1778943091.056133,0,0.000000,1.370000,0.000000,0.250000,0.500000,0.000000,1.000000,0.000000,0.210000,0.000000
1778943091.070930,0,0.000000,1.370000,0.000000,0.340000,0.820000,0.000000,1.000000,0.000000,0.210000,0.000000
1778943091.096832,0,0.000000,1.550000,0.000000,0.400000,0.090000,0.000000,1.000000,0.000000,0.440000,0.000000
1778943091.115958,0,0.000000,1.370000,0.000000,0.490000,0.440000,0.000000,1.000000,0.000000,0.210000,0.000000
1778943091.130390,0,0.000000,1.550000,0.000000,0.580000,0.760000,0.000000,1.000000,0.000000,0.440000,0.000000
1778943091.181309,0,0.000000,0.440000,0.000000,0.690000,0.010000,0.000000,1.000000,0.000000,0.210000,0.000000
1778943091.242928,0,0.000000,1.370000,0.000000,0.880000,0.620000,0.000000,1.000000,0.000000,0.210000,0.000000
1778943091.310616,0,0.000000,1.370000,0.000000,0.990000,0.930000,0.000000,1.000000,0.000000,0.210000,0.000000
1778943091.355024,0,0.000000,1.370000,0.000000,1.090000,1.000000,0.000000,1.000000,0.000000,0.210000,0.000000
1778943091.439251,0,0.000000,0.440000,0.000000,1.200000,0.030000,0.000000,1.000000,0.000000,0.210000,0.000000
1778943091.478744,0,0.000000,1.550000,0.000000,1.200000,0.070000,0.000000,1.000000,0.000000,0.440000,0.000000
1778943091.513027,0,0.000000,1.370000,0.000000,1.200000,0.680000,0.000000,1.000000,0.000000,0.210000,0.000000
1778943091.574751,0,0.000000,1.370000,0.000000,1.200000,0.370000,0.000000,1.000000,0.000000,0.210000,0.000000
1778943091.604244,0,0.000000,1.370000,0.000000,1.200000,1.000000,0.000000,0.150000,0.000000,0.210000,0.000000
1778943091.633555,0,0.000000,1.370000,0.000000,1.200000,0.270000,0.000000,0.610000,0.000000,0.210000,0.110000
1778943091.647874,0,0.000000,1.370000,0.000000,1.200000,1.000000,0.000000,0.870000,0.000000,0.210000,0.000000
1778943091.654447,0,0.000000,1.370000,0.000000,1.200000,0.340000,0.000000,1.000000,0.000000,0.210000,0.000000
1778943091.661120,0,0.000000,1.550000,0.000000,1.200000,0.380000,0.000000,1.000000,0.000000,0.440000,0.000000
1778943091.662585,0,0.000000,0.440000,0.000000,1.200000,0.110000,0.000000,1.000000,0.000000,0.210000,0.000000
1778943091.716654,0,0.000000,1.370000,0.000000,1.200000,0.150000,0.000000,1.000000,0.000000,0.210000,0.000000
1778943091.746278,0,0.000000,1.370000,0.000000,1.200000,0.510000,0.000000,1.000000,0.000000,0.210000,0.000000
1778943091.758933,0,0.000000,1.370000,0.000000,1.200000,0.100000,0.000000,1.000000,0.000000,0.210000,0.000000
1778943091.766390,0,0.000000,1.550000,0.000000,1.200000,0.500000,0.000000,1.000000,0.000000,0.440000,0.000000
1778943091.768058,0,0.000000,1.370000,0.000000,1.200000,1.000000,0.000000,1.000000,0.000000,0.210000,0.000000
1778943091.845937,0,0.000000,1.370000,0.000000,1.200000,1.000000,0.000000,1.000000,0.000000,0.210000,0.000000
1778943091.874139,0,0.000000,1.370000,0.000000,1.200000,1.000000,0.000000,1.000000,0.000000,0.210000,0.000000
1778943091.976305,0,0.000000,1.370000,0.000000,1.200000,1.000000,0.000000,0.000000,0.000000,0.210000,0.000000
1778943092.015964,0,0.000000,1.370000,0.000000,1.200000,1.000000,0.000000,0.070000,0.000000,0.210000,0.000000
1778943092.030627,0,0.000000,1.370000,0.000000,1.200000,1.000000,0.000000,0.230000,0.000000,0.210000,0.000000
1778943092.100183,0,0.000000,0.000000,0.000000,1.200000,0.720000,0.000000,0.340000,0.000000,0.000000,0.000000
1778943092.165540,0,0.000000,1.370000,0.000000,1.200000,1.000000,0.000000,0.610000,0.000000,0.210000,0.000000
1778943092.189052,0,0.000000,0.440000,0.000000,1.200000,0.310000,0.000000,0.760000,0.000000,0.210000,0.000000
1778943092.350485,0,0.000000,1.370000,0.000000,1.200000,1.000000,0.000000,0.930000,0.000000,0.210000,0.110000
1778943092.395487,0,0.000000,0.440000,0.000000,1.200000,1.000000,0.000000,1.000000,0.000000,0.210000,0.000000
1778943092.403948,0,0.000000,0.890000,0.000000,1.200000,0.050000,0.000000,1.000000,0.000000,0.440000,0.000000
1778943092.418567,0,0.000000,1.740000,0.000000,1.200000,1.000000,0.000000,1.000000,0.000000,0.670000,0.000000
1778943092.425713,0,0.000000,1.370000,0.000000,1.200000,0.120000,0.000000,1.000000,0.000000,0.210000,0.000000
1778943092.451103,0,0.000000,1.370000,0.000000,0.000000,0.540000,0.000000,0.430000,140.800000,0.210000,0.000000
1778943092.488819,0,0.000000,1.370000,0.000000,0.000000,0.930000,0.000000,0.500000,0.370000,0.210000,0.000000
1778943092.502661,0,0.000000,1.370000,0.000000,0.000000,1.000000,0.000000,0.550000,0.000000,0.210000,0.000000
1778943092.526315,0,0.000000,1.550000,0.000000,0.000000,0.050000,0.000000,0.570000,0.000000,0.440000,0.000000
1778943092.547704,0,0.000000,1.550000,0.000000,0.000000,0.270000,0.000000,0.620000,0.000000,0.440000,0.000000
1778943092.572586,0,0.000000,0.440000,0.000000,0.000000,0.030000,0.000000,0.750000,0.000000,0.210000,0.000000
1778943092.608162,0,0.000000,1.370000,0.000000,0.010000,0.250000,0.000000,0.800000,0.000000,0.210000,0.000000
1778943092.645053,0,0.000000,1.550000,0.000000,0.020000,0.470000,0.000000,0.830000,0.000000,0.440000,0.000000
1778943092.683101,0,0.000000,1.370000,0.000000,0.050000,0.930000,0.000000,0.920000,0.000000,0.210000,0.000000
1778943092.693591,0,0.000000,1.370000,0.000000,0.070000,1.000000,0.000000,0.950000,0.000000,0.210000,0.000000
1778943092.720052,0,0.000000,1.550000,0.000000,0.100000,1.000000,0.000000,1.000000,0.000000,0.440000,0.000000
1778943092.727787,0,0.000000,1.370000,0.000000,0.150000,0.200000,0.000000,1.000000,0.000000,0.210000,0.000000
1778943092.751300,0,0.000000,1.370000,0.000000,0.180000,0.500000,0.000000,1.000000,0.000000,0.210000,0.000000
1778943092.756951,0,0.000000,0.440000,0.000000,0.180000,0.010000,0.000000,1.000000,0.000000,0.210000,0.000000
1778943092.759056,0,0.000000,1.370000,0.000000,0.210000,0.380000,0.000000,1.000000,0.000000,0.210000,0.000000
1778943092.759718,0,0.000000,1.550000,0.000000,0.230000,0.070000,0.000000,1.000000,0.000000,0.440000,0.000000
1778943092.771508,0,0.000000,1.370000,0.000000,0.230000,0.250000,0.000000,1.000000,0.000000,0.210000,0.000000
1778943092.788582,0,0.000000,1.370000,0.000000,0.250000,0.100000,0.000000,1.000000,0.000000,0.210000,0.000000
1778943092.818049,0,0.000000,1.550000,0.000000,0.270000,0.460000,0.000000,1.000000,0.000000,0.440000,0.000000
1778943092.840719,0,0.000000,1.740000,0.000000,0.280000,0.140000,0.000000,1.000000,0.000000,0.670000,0.000000
1778943092.846431,0,0.000000,1.370000,0.000000,0.280000,0.570000,0.000000,1.000000,0.000000,0.210000,0.000000
1778943092.885484,0,0.000000,1.370000,0.000000,0.310000,1.000000,0.000000,1.000000,0.000000,0.210000,0.000000
1778943092.895635,0,0.000000,1.550000,0.000000,0.310000,1.000000,0.000000,1.000000,0.000000,0.440000,0.000000
1778943092.907069,0,0.000000,1.370000,0.000000,0.330000,1.000000,0.000000,1.000000,0.000000,0.210000,0.000000
1778943092.913880,0,0.000000,1.370000,0.000000,0.340000,1.000000,0.000000,1.000000,0.000000,0.210000,0.000000
1778943092.923255,0,0.000000,1.370000,0.000000,0.360000,1.000000,0.000000,1.000000,0.000000,0.210000,0.000000
1778943092.926819,0,0.000000,1.370000,0.000000,0.370000,1.000000,0.000000,1.000000,0.000000,0.210000,0.000000
1778943092.953743,0,0.000000,1.550000,0.000000,0.380000,1.000000,0.000000,1.000000,0.000000,0.440000,0.000000
1778943092.957194,0,0.000000,1.370000,0.000000,0.400000,1.000000,0.000000,1.000000,0.000000,0.210000,0.000000
1778943092.983784,0,0.000000,1.740000,0.000000,0.410000,1.000000,0.000000,1.000000,0.000000,0.670000,0.000000
1778943093.006057,0,0.000000,1.370000,0.000000,0.430000,1.000000,0.000000,1.000000,0.000000,0.210000,0.000000
1778943093.020584,0,0.000000,1.370000,0.000000,0.440000,1.000000,0.000000,1.000000,0.000000,0.210000,0.000000
1778943093.035495,0,0.000000,1.740000,0.000000,0.460000,1.000000,0.000000,1.000000,0.000000,0.670000,0.000000
1778943093.050682,0,0.000000,1.370000,0.000000,0.470000,1.000000,0.000000,1.000000,0.000000,0.210000,0.000000
1778943093.056244,0,0.000000,1.370000,0.000000,0.500000,1.000000,0.000000,1.000000,0.000000,0.210000,0.000000
1778943093.071810,0,0.000000,1.550000,0.000000,0.500000,0.140000,0.000000,1.000000,0.000000,0.440000,0.000000
1778943093.081506,0,0.000000,0.440000,0.000000,0.510000,0.570000,0.000000,1.000000,0.000000,0.210000,0.000000
1778943093.111181,0,0.000000,1.370000,0.000000,0.540000,1.000000,0.000000,1.000000,0.000000,0.210000,0.000000
1778943093.171788,0,0.000000,0.000000,0.000000,0.560000,1.000000,0.000000,1.000000,0.000000,0.000000,0.000000
1778943093.200257,0,0.000000,1.370000,0.000000,0.570000,0.070000,0.000000,1.000000,0.000000,0.210000,0.000000
1778943093.253439,0,0.000000,1.370000,0.000000,0.580000,0.430000,0.000000,1.000000,0.000000,0.210000,0.000000
1778943093.275980,0,0.000000,1.370000,0.000000,0.600000,0.810000,0.000000,1.000000,0.000000,0.210000,0.000000
1778943093.282107,0,0.000000,1.550000,0.000000,0.620000,1.000000,0.000000,1.000000,0.000000,0.440000,0.000000
1778943093.284227,0,0.000000,1.370000,0.000000,0.670000,1.000000,0.000000,1.000000,0.000000,0.210000,0.000000
1778943093.290133,0,0.000000,0.440000,0.000000,0.700000,0.010000,0.000000,1.000000,0.000000,0.210000,0.000000
1778943093.296921,0,0.000000,1.370000,0.000000,0.740000,0.460000,0.000000,1.000000,0.000000,0.210000,0.000000
1778943093.304451,0,0.000000,0.440000,0.000000,0.000000,0.700000,0.000000,0.000000,0.340000,0.210000,0.000000
1778943093.320216,0,0.000000,1.370000,0.000000,0.000000,0.940000,0.000000,0.030000,0.410000,0.210000,0.000000
1778943093.343591,0,0.000000,1.370000,0.000000,0.000000,1.000000,0.000000,0.070000,37.450000,0.210000,0.000000
1778943093.349681,0,0.000000,1.370000,0.000000,0.000000,1.000000,0.000000,0.110000,110.720000,0.210000,0.000000
1778943093.366320,0,0.000000,1.370000,0.000000,0.000000,1.000000,0.000000,0.150000,139.520000,0.210000,0.000000
1778943093.381537,0,0.000000,1.550000,0.000000,0.000000,0.000000,0.000000,0.200000,151.610000,0.440000,0.000000
1778943093.395058,0,0.000000,1.370000,0.000000,0.000000,0.170000,0.000000,0.230000,160.390000,0.210000,0.000000
1778943093.436219,0,0.000000,1.370000,0.000000,0.000000,0.340000,0.000000,0.280000,163.470000,0.210000,0.110000
1778943093.455678,0,0.000000,1.550000,0.000000,0.000000,0.070000,0.000000,0.310000,168.220000,0.440000,0.000000
1778943093.493311,0,0.000000,0.440000,0.000000,0.000000,0.280000,0.000000,0.360000,171.470000,0.210000,0.000000
1778943093.499377,0,0.000000,1.370000,0.000000,0.000000,0.510000,0.000000,0.400000,171.470000,0.210000,0.110000
1778943093.506529,0,0.000000,1.370000,0.000000,0.000000,0.750000,0.000000,0.430000,171.470000,0.210000,0.000000
1778943093.532277,0,0.000000,1.370000,0.000000,0.000000,1.000000,0.000000,0.490000,171.470000,0.210000,0.000000
1778943093.534050,0,0.000000,1.370000,0.000000,0.000000,1.000000,0.000000,0.510000,166.610000,0.210000,0.000000
1778943093.535481,0,0.000000,1.370000,0.000000,0.000000,1.000000,0.000000,0.560000,157.390000,0.210000,0.000000
1778943093.536858,0,0.000000,0.000000,0.000000,0.000000,1.000000,0.000000,0.610000,135.750000,0.000000,0.000000
1778943093.562160,0,0.000000,0.440000,0.000000,0.000000,0.100000,0.000000,0.640000,14.430000,0.210000,0.000000
1778943093.564300,0,0.000000,1.370000,0.000000,0.000000,0.270000,0.000000,0.680000,0.380000,0.210000,0.000000
1778943093.590702,0,0.000000,1.370000,0.000000,0.000000,0.430000,0.000000,0.730000,0.000000,0.210000,0.000000
1778943093.596655,0,0.000000,1.370000,0.000000,0.000000,0.610000,0.000000,0.760000,0.000000,0.210000,0.000000
1778943093.605402,0,0.000000,1.910000,0.000000,0.000000,0.760000,0.000000,0.810000,0.000000,0.890000,0.000000
1778943093.628274,0,0.000000,0.440000,0.000000,0.000000,0.930000,0.000000,0.850000,0.000000,0.210000,0.000000
1778943093.650769,0,0.000000,1.370000,0.000000,0.000000,1.000000,0.000000,0.890000,0.000000,0.210000,0.000000
1778943093.679676,0,0.000000,1.370000,0.000000,0.000000,0.050000,0.000000,0.930000,0.000000,0.210000,0.000000
1778943093.686919,0,0.000000,1.370000,0.000000,0.000000,0.230000,0.000000,0.980000,0.000000,0.210000,0.000000
1778943093.703050,0,0.000000,1.370000,0.000000,0.000000,0.400000,0.000000,1.000000,0.000000,0.210000,0.000000
1778943093.740946,0,0.000000,0.440000,0.000000,0.000000,0.000000,0.000000,1.000000,0.000000,0.210000,0.000000
1778943093.747502,0,0.000000,1.550000,0.000000,0.010000,0.000000,0.000000,1.000000,0.000000,0.440000,0.000000
1778943093.749989,0,0.000000,1.370000,0.000000,0.030000,0.270000,0.000000,1.000000,0.000000,0.210000,0.000000
1778943093.751083,0,0.000000,0.440000,0.000000,0.050000,0.050000,0.000000,1.000000,0.000000,0.210000,0.000000
1778943093.776552,0,0.000000,1.740000,0.000000,0.070000,0.540000,0.000000,1.000000,0.000000,0.670000,0.000000
1778943093.802190,0,0.000000,1.550000,0.000000,0.100000,0.070000,0.000000,1.000000,0.000000,0.440000,0.000000
1778943093.816647,0,0.000000,1.370000,0.000000,0.110000,0.720000,0.000000,1.000000,0.000000,0.210000,0.000000
1778943093.818532,0,0.000000,0.440000,0.000000,0.140000,1.000000,0.000000,1.000000,0.000000,0.210000,0.000000
1778943093.821940,0,0.000000,1.370000,0.000000,0.150000,1.000000,0.000000,1.000000,0.000000,0.210000,0.000000
1778943093.829351,0,0.000000,1.370000,0.000000,0.180000,1.000000,0.000000,1.000000,0.000000,0.210000,0.000000
1778943093.853568,0,0.000000,1.370000,0.000000,0.200000,1.000000,0.000000,1.000000,0.000000,0.210000,0.000000
1778943093.884416,0,0.000000,0.440000,0.000000,0.210000,1.000000,0.000000,1.000000,0.000000,0.210000,0.000000
1778943093.886963,0,0.000000,1.370000,0.000000,0.230000,1.000000,0.000000,1.000000,0.000000,0.210000,0.000000
1778943093.915173,0,0.000000,1.550000,0.000000,0.270000,1.000000,0.000000,1.000000,0.000000,0.440000,0.000000
1778943093.936351,0,0.000000,1.370000,0.000000,0.280000,1.000000,0.000000,1.000000,0.000000,0.210000,0.000000
1778943093.950274,0,0.000000,1.370000,0.000000,0.300000,1.000000,0.000000,1.000000,0.000000,0.210000,0.000000
1778943093.957170,0,0.000000,1.550000,0.000000,0.330000,1.000000,0.000000,1.000000,0.000000,0.440000,0.000000
1778943093.963935,0,0.000000,1.550000,0.000000,0.340000,1.000000,0.000000,1.000000,0.000000,0.440000,0.000000
1778943093.979201,0,0.000000,1.370000,0.000000,0.370000,1.000000,0.000000,1.000000,0.000000,0.210000,0.000000
1778943093.994129,0,0.000000,1.370000,0.000000,0.400000,1.000000,0.000000,0.000000,0.000000,0.210000,0.000000
1778943094.000802,0,0.000000,1.370000,0.000000,0.410000,1.000000,0.000000,0.020000,0.000000,0.210000,0.000000
1778943094.041079,0,0.000000,1.370000,0.000000,0.430000,1.000000,0.000000,0.050000,0.000000,0.210000,0.000000
1778943094.063160,0,0.000000,0.440000,0.000000,0.440000,1.000000,0.000000,0.090000,0.000000,0.210000,0.000000
1778943094.085553,0,0.000000,1.550000,0.000000,0.460000,1.000000,0.000000,0.110000,0.000000,0.440000,0.000000
1778943094.100946,0,0.000000,1.370000,0.000000,0.500000,1.000000,0.000000,0.150000,0.000000,0.210000,0.000000
1778943094.115580,0,0.000000,1.550000,0.000000,0.500000,1.000000,0.000000,0.180000,0.000000,0.440000,0.000000
1778943094.121317,0,0.000000,1.370000,0.000000,0.540000,1.000000,0.000000,0.200000,0.000000,0.210000,0.000000
1778943094.122796,0,0.000000,1.370000,0.000000,0.560000,0.360000,0.000000,0.230000,0.000000,0.210000,0.000000
1778943094.129322,0,0.000000,1.370000,0.000000,0.570000,1.000000,0.000000,0.270000,0.000000,0.210000,0.000000
1778943094.160998,0,0.000000,1.550000,0.000000,0.610000,1.000000,0.000000,0.300000,0.000000,0.440000,0.000000
1778943094.164119,0,0.000000,1.740000,0.000000,0.620000,1.000000,0.000000,0.330000,0.000000,0.670000,0.000000
1778943094.199246,0,0.000000,1.370000,0.000000,0.630000,1.000000,0.000000,0.360000,0.000000,0.210000,0.110000
1778943094.205264,0,0.000000,1.740000,0.000000,0.660000,1.000000,0.000000,0.380000,0.000000,0.670000,0.000000
1778943094.243315,0,0.000000,1.370000,0.000000,0.680000,1.000000,0.000000,0.410000,0.000000,0.210000,0.000000
1778943094.258854,0,0.000000,1.370000,0.000000,0.700000,1.000000,0.000000,0.000000,0.000000,0.210000,0.000000
1778943094.274822,0,0.000000,1.370000,0.000000,0.000000,1.000000,0.000000,0.000000,44.720000,0.210000,0.000000
1778943094.287478,0,0.000000,1.370000,0.000000,0.000000,1.000000,0.000000,0.030000,130.920000,0.210000,0.000000
1778943094.319071,0,0.000000,0.440000,0.000000,0.000000,1.000000,0.000000,0.070000,138.250000,0.210000,0.000000
1778943094.356607,0,0.000000,1.370000,0.000000,0.000000,0.280000,0.000000,0.100000,137.000000,0.210000,0.000000
1778943094.386100,0,0.000000,1.370000,0.000000,0.000000,0.920000,0.000000,0.140000,133.320000,0.210000,0.000000
1778943094.408540,0,0.000000,1.370000,0.000000,0.000000,1.000000,0.000000,0.170000,132.110000,0.210000,0.000000
1778943094.431743,0,0.000000,1.550000,0.000000,0.000000,1.000000,0.000000,0.230000,118.720000,0.440000,0.000000
1778943094.444815,0,0.000000,1.370000,0.000000,0.000000,1.000000,0.000000,0.310000,8.730000,0.210000,0.000000
1778943094.490561,0,0.000000,1.370000,0.000000,0.000000,0.360000,0.000000,0.370000,0.000000,0.210000,0.000000
1778943094.514019,0,0.000000,1.370000,0.000000,0.000000,1.000000,0.000000,0.400000,0.000000,0.210000,0.000000
1778943094.529644,0,0.000000,1.370000,0.000000,1.290000,1.000000,0.000000,0.470000,0.000000,0.210000,0.110000
1778943094.559123,0,0.000000,1.550000,0.000000,0.000000,1.000000,0.000000,0.510000,0.000000,0.440000,0.000000
1778943094.595915,0,0.000000,1.370000,0.000000,0.030000,1.000000,0.000000,0.620000,0.000000,0.210000,0.000000
1778943094.664876,0,0.000000,1.370000,0.000000,0.070000,0.360000,0.000000,0.640000,0.000000,0.210000,0.110000
1778943094.745552,0,0.000000,1.550000,0.000000,0.100000,0.950000,0.000000,0.680000,0.000000,0.440000,0.000000
1778943094.768961,0,0.000000,1.370000,0.000000,0.170000,0.690000,0.000000,0.750000,0.000000,0.210000,0.000000
1778943094.805672,0,0.000000,1.370000,0.000000,0.270000,1.000000,0.000000,0.860000,0.000000,0.210000,0.000000
1778943094.827047,0,0.000000,1.370000,0.000000,0.430000,1.000000,0.000000,0.110000,0.000000,0.210000,0.000000
1778943094.851871,0,0.000000,1.550000,0.000000,0.540000,1.000000,0.000000,0.230000,0.000000,0.440000,0.000000
1778943094.888969,0,0.000000,0.440000,0.000000,0.680000,1.000000,0.000000,0.370000,0.000000,0.210000,0.000000
1778943094.919334,0,0.000000,1.370000,0.000000,0.730000,1.000000,0.000000,0.440000,0.000000,0.210000,0.000000
1778943094.955367,0,0.000000,1.370000,0.000000,0.790000,1.000000,0.000000,0.070000,0.000000,0.210000,0.110000
1778943094.963260,0,0.000000,1.550000,0.000000,0.820000,0.360000,0.000000,0.120000,0.000000,0.440000,0.000000
1778943095.008777,0,0.000000,1.370000,0.000000,0.950000,1.000000,0.000000,0.300000,0.000000,0.210000,0.000000
1778943095.014475,0,0.000000,1.370000,0.000000,1.020000,0.370000,0.000000,0.410000,0.000000,0.210000,0.000000
1778943095.030716,0,0.000000,0.440000,0.000000,1.100000,0.100000,0.000000,0.510000,0.000000,0.210000,0.000000
1778943095.068159,0,0.000000,1.370000,0.000000,1.140000,0.730000,0.000000,0.000000,0.000000,0.210000,0.000000
1778943095.289203,0,0.000000,1.370000,0.000000,1.200000,1.000000,0.000000,0.180000,0.000000,0.210000,0.000000
1778943095.345431,0,0.000000,1.370000,0.000000,1.200000,1.000000,0.000000,0.250000,0.000000,0.210000,0.000000
1778943095.421127,0,0.000000,1.370000,0.000000,1.200000,1.000000,0.000000,0.310000,0.000000,0.210000,0.000000
1778943095.445103,0,0.000000,1.370000,0.000000,1.200000,1.000000,0.000000,0.430000,0.000000,0.210000,0.000000
1778943095.449360,0,0.000000,1.370000,0.000000,1.200000,0.460000,0.000000,0.680000,0.000000,0.210000,0.000000
1778943095.451553,0,0.000000,1.370000,0.000000,1.200000,1.000000,0.000000,1.000000,0.000000,0.210000,0.000000
1778943095.452206,0,0.000000,0.000000,0.000000,1.200000,0.540000,0.000000,1.000000,0.000000,0.000000,0.000000
1778943095.457160,0,0.000000,1.370000,0.000000,1.200000,1.000000,0.000000,1.000000,0.000000,0.210000,0.000000
1778943095.472682,0,0.000000,1.370000,0.000000,1.200000,1.000000,0.000000,1.000000,0.000000,0.210000,0.000000
1778943095.497023,0,0.000000,1.370000,0.000000,1.200000,1.000000,0.000000,1.000000,0.000000,0.210000,0.000000
1778943095.499000,0,0.000000,1.370000,0.000000,1.200000,1.000000,0.000000,1.000000,0.000000,0.210000,0.000000
1778943095.519391,0,0.000000,1.370000,0.000000,1.200000,0.800000,0.000000,1.000000,0.000000,0.210000,0.000000
1778943095.548434,0,0.000000,1.370000,0.000000,1.200000,1.000000,0.000000,1.000000,0.000000,0.210000,0.000000
1778943095.570828,0,0.000000,1.550000,0.000000,1.200000,0.000000,0.000000,1.000000,0.000000,0.440000,0.000000
1778943095.578003,0,0.000000,1.550000,0.000000,1.200000,1.000000,0.000000,1.000000,0.000000,0.440000,0.000000
1778943095.584413,0,0.000000,1.370000,0.000000,1.200000,1.000000,0.000000,1.000000,0.000000,0.210000,0.000000
1778943095.609294,0,0.000000,1.370000,0.000000,1.200000,1.000000,0.000000,1.000000,0.000000,0.210000,0.000000
1778943095.623226,0,0.000000,1.370000,0.000000,1.200000,1.000000,0.000000,1.000000,0.000000,0.210000,0.000000
1778943095.624943,0,0.000000,1.740000,0.000000,1.200000,1.000000,0.000000,1.000000,0.000000,0.670000,0.000000
1778943095.645895,0,0.000000,1.370000,0.000000,1.200000,1.000000,0.000000,1.000000,0.000000,0.210000,0.000000
1778943095.652565,0,0.000000,1.370000,0.000000,1.200000,1.000000,0.000000,1.000000,0.000000,0.210000,0.000000
1778943095.680598,0,0.000000,1.370000,0.000000,1.200000,1.000000,0.000000,1.000000,0.000000,0.210000,0.000000
1778943095.696088,0,0.000000,1.370000,0.000000,1.200000,1.000000,0.000000,1.000000,0.000000,0.210000,0.000000
1778943095.703923,0,0.000000,1.370000,0.000000,1.200000,1.000000,0.000000,1.000000,0.000000,0.210000,0.110000
1778943095.774096,0,0.000000,1.370000,0.000000,1.200000,1.000000,0.000000,1.000000,0.000000,0.210000,0.000000
1778943095.776169,0,0.000000,1.370000,0.000000,1.200000,1.000000,0.000000,1.000000,0.000000,0.210000,0.000000
1778943095.795493,0,0.000000,1.370000,0.000000,1.200000,1.000000,0.000000,1.000000,0.000000,0.210000,0.000000
1778943095.817473,0,0.000000,1.550000,0.000000,1.200000,0.690000,0.000000,1.000000,0.000000,0.440000,0.000000
1778943095.848474,0,0.000000,1.910000,0.000000,1.200000,0.000000,0.000000,1.000000,0.000000,0.890000,0.000000
1778943095.870578,0,0.000000,1.370000,0.000000,1.200000,1.000000,0.000000,1.000000,0.000000,0.210000,0.000000
1778943095.896561,0,0.000000,1.370000,0.000000,1.200000,0.340000,0.000000,1.000000,0.000000,0.210000,0.000000
1778943095.897846,0,0.000000,1.370000,0.000000,1.200000,0.730000,0.000000,1.000000,0.000000,0.210000,0.000000
1778943095.920671,0,0.000000,1.370000,0.000000,1.200000,1.000000,0.000000,0.070000,0.000000,0.210000,0.000000
1778943095.929102,0,0.000000,0.440000,0.000000,1.200000,0.250000,0.000000,0.010000,0.000000,0.210000,0.000000
1778943095.931107,0,0.000000,1.370000,0.000000,1.200000,1.000000,0.000000,0.070000,0.000000,0.210000,0.000000
1778943095.932724,0,0.000000,1.370000,0.000000,1.200000,1.000000,0.000000,0.140000,0.000000,0.210000,0.000000
1778943095.943859,0,0.000000,1.370000,0.000000,1.200000,1.000000,0.000000,0.250000,0.000000,0.210000,0.000000
1778943095.982959,0,0.000000,1.370000,0.000000,1.200000,1.000000,0.000000,0.310000,0.000000,0.210000,0.000000
1778943095.985515,0,0.000000,0.000000,0.000000,1.200000,1.000000,0.000000,0.370000,0.000000,0.000000,0.000000
1778943095.990093,0,0.000000,1.370000,0.000000,1.200000,1.000000,0.000000,0.430000,0.000000,0.210000,0.110000
1778943096.020298,0,0.000000,0.440000,0.000000,1.200000,0.330000,0.000000,0.500000,0.000000,0.210000,0.000000
1778943096.023132,0,0.000000,1.550000,0.000000,1.200000,1.000000,0.000000,0.560000,0.000000,0.440000,0.000000
1778943096.036037,0,0.000000,1.370000,0.000000,1.200000,1.000000,0.000000,0.620000,0.000000,0.210000,0.000000
1778943096.051682,0,0.000000,0.440000,0.000000,1.200000,1.000000,0.000000,0.680000,0.000000,0.210000,0.000000
1778943096.057497,0,0.000000,1.370000,0.000000,1.200000,1.000000,0.000000,0.010000,0.000000,0.210000,0.000000
1778943096.088601,0,0.000000,1.370000,0.000000,1.200000,1.000000,0.000000,0.100000,0.000000,0.210000,0.000000
1778943096.102790,0,0.000000,1.370000,0.000000,1.200000,1.000000,0.000000,0.180000,0.000000,0.210000,0.000000
1778943096.109991,0,0.000000,1.370000,0.000000,1.200000,1.000000,0.000000,0.270000,0.000000,0.210000,0.000000
1778943096.126238,0,0.000000,1.370000,0.000000,1.200000,1.000000,0.000000,0.340000,0.000000,0.210000,0.000000
1778943096.131704,0,0.000000,1.370000,0.000000,1.200000,1.000000,0.000000,0.430000,0.000000,0.210000,0.000000
1778943096.164845,0,0.000000,1.370000,0.000000,1.200000,0.730000,0.000000,0.510000,0.000000,0.210000,0.000000
1778943096.166622,0,0.000000,0.440000,0.000000,1.200000,1.000000,0.000000,0.600000,0.000000,0.210000,0.000000
1778943096.201061,0,0.000000,0.440000,0.000000,1.200000,1.000000,0.000000,0.680000,0.000000,0.210000,0.000000
1778943096.203909,0,0.000000,1.550000,0.000000,1.200000,1.000000,0.000000,0.760000,0.000000,0.440000,0.000000
1778943096.224199,0,0.000000,1.370000,0.000000,1.200000,1.000000,0.000000,0.850000,0.000000,0.210000,0.000000
1778943096.230017,0,0.000000,1.370000,0.000000,1.200000,1.000000,0.000000,0.930000,0.000000,0.210000,0.000000
1778943096.261246,0,0.000000,1.370000,0.000000,1.200000,1.000000,0.000000,1.000000,0.000000,0.210000,0.000000
1778943096.276355,0,0.000000,1.370000,0.000000,1.200000,1.000000,0.000000,1.000000,0.000000,0.210000,0.000000
1778943096.304112,0,0.000000,1.370000,0.000000,1.200000,1.000000,0.000000,1.000000,0.000000,0.210000,0.000000
1778943096.336150,0,0.000000,1.550000,0.000000,1.200000,0.510000,0.000000,1.000000,0.000000,0.440000,0.000000
1778943096.374423,0,0.000000,1.370000,0.000000,1.200000,1.000000,0.000000,1.000000,0.000000,0.210000,0.000000
1778943096.411378,0,0.000000,0.440000,0.000000,1.200000,0.070000,0.000000,1.000000,0.000000,0.210000,0.000000
1778943096.417979,0,0.000000,0.440000,0.000000,1.200000,0.730000,0.000000,0.000000,0.000000,0.210000,0.000000
1778943096.450665,0,0.000000,1.370000,0.000000,1.200000,1.000000,0.000000,0.090000,0.000000,0.210000,0.000000
1778943096.453204,0,0.000000,0.440000,0.000000,1.200000,0.810000,0.000000,0.230000,0.000000,0.210000,0.000000
1778943096.454268,0,0.000000,0.440000,0.000000,1.200000,0.470000,0.000000,0.460000,0.000000,0.210000,0.000000
1778943096.461312,0,0.000000,0.440000,0.000000,1.200000,0.030000,0.000000,0.620000,0.000000,0.210000,0.000000
1778943096.469604,0,0.000000,1.370000,0.000000,1.200000,0.340000,0.000000,0.680000,0.000000,0.210000,0.000000
1778943096.477278,0,0.000000,1.370000,0.000000,1.200000,0.200000,0.000000,0.750000,0.000000,0.210000,0.000000
1778943096.500378,0,0.000000,1.550000,0.000000,1.200000,0.560000,0.000000,0.820000,0.000000,0.440000,0.000000
1778943096.516497,0,0.000000,1.370000,0.000000,1.200000,0.970000,0.000000,0.910000,0.000000,0.210000,0.000000
1778943096.546026,0,0.000000,1.370000,0.000000,1.200000,1.000000,0.000000,0.990000,0.000000,0.210000,0.000000
1778943096.559851,0,0.000000,1.370000,0.000000,1.200000,1.000000,0.000000,1.000000,0.000000,0.210000,0.000000
1778943096.561779,0,0.000000,1.370000,0.000000,1.200000,1.000000,0.000000,1.000000,0.000000,0.210000,0.000000
1778943096.576616,0,0.000000,1.370000,0.000000,1.200000,1.000000,0.000000,1.000000,0.000000,0.210000,0.000000
1778943096.613215,0,0.000000,1.370000,0.000000,1.200000,0.150000,0.000000,1.000000,0.000000,0.210000,0.000000
1778943096.614563,0,0.000000,1.370000,0.000000,1.200000,0.510000,0.000000,1.000000,0.000000,0.210000,0.110000
1778943096.628488,0,0.000000,1.370000,0.000000,1.200000,0.890000,0.000000,1.000000,0.000000,0.210000,0.000000
1778943096.674143,0,0.000000,0.440000,0.000000,1.200000,0.150000,0.000000,1.000000,0.000000,0.210000,0.000000
1778943096.712804,0,0.000000,0.000000,0.000000,1.200000,0.510000,0.000000,1.000000,0.000000,0.000000,0.000000
1778943096.742068,0,0.000000,1.370000,0.000000,1.200000,0.070000,0.000000,1.000000,0.000000,0.210000,0.000000
1778943096.778403,0,0.000000,1.370000,0.000000,1.200000,0.550000,0.000000,1.000000,0.000000,0.210000,0.000000
1778943096.779650,0,0.000000,1.740000,0.000000,1.200000,0.000000,0.000000,1.000000,0.000000,0.670000,0.000000
1778943096.801187,0,0.000000,0.440000,0.000000,1.200000,0.070000,0.000000,1.000000,0.000000,0.210000,0.000000
1778943096.815035,0,0.000000,0.000000,0.000000,0.000000,1.000000,0.000000,0.070000,147.440000,0.000000,0.000000
1778943096.830143,0,0.000000,1.550000,0.000000,0.000000,0.070000,0.000000,0.230000,157.390000,0.440000,0.000000
1778943096.831672,0,0.000000,1.740000,0.000000,0.000000,0.680000,0.000000,0.280000,163.470000,0.670000,0.000000
1778943096.832435,0,0.000000,1.370000,0.000000,0.000000,1.000000,0.000000,0.340000,163.470000,0.210000,0.000000
1778943096.833040,0,0.000000,1.550000,0.000000,0.000000,0.000000,0.000000,0.380000,168.220000,0.440000,0.000000
1778943096.876397,0,0.000000,1.370000,0.000000,0.000000,0.560000,0.000000,0.440000,171.470000,0.210000,0.000000
1778943096.890610,0,0.000000,1.370000,0.000000,0.000000,1.000000,0.000000,0.500000,169.830000,0.210000,0.000000
1778943096.892092,0,0.000000,1.370000,0.000000,0.000000,1.000000,0.000000,0.550000,168.220000,0.210000,0.000000
1778943096.896608,0,0.000000,1.370000,0.000000,0.000000,1.000000,0.000000,0.600000,165.030000,0.210000,0.000000
1778943096.911530,0,0.000000,1.370000,0.000000,0.000000,0.090000,0.000000,0.660000,158.890000,0.210000,0.000000
1778943096.943932,0,0.000000,1.370000,0.000000,0.000000,0.440000,0.000000,0.700000,142.100000,0.210000,0.000000
1778943096.946249,0,0.000000,1.370000,0.000000,0.000000,0.150000,0.000000,0.760000,59.660000,0.210000,0.000000
1778943096.956718,0,0.000000,1.370000,0.000000,0.000000,0.460000,0.000000,0.810000,0.430000,0.210000,0.000000
1778943097.002754,0,0.000000,1.550000,0.000000,0.000000,0.810000,0.000000,0.870000,0.000000,0.440000,0.000000
1778943097.016923,0,0.000000,1.370000,0.000000,0.000000,1.000000,0.000000,0.930000,0.000000,0.210000,0.000000
1778943097.024436,0,0.000000,1.370000,0.000000,0.000000,1.000000,0.000000,0.990000,0.000000,0.210000,0.000000
1778943097.026144,0,0.000000,1.370000,0.000000,0.000000,1.000000,0.000000,0.020000,0.000000,0.210000,0.000000
1778943097.027294,0,0.000000,0.440000,0.000000,0.000000,0.020000,0.000000,0.070000,0.000000,0.210000,0.000000
1778943097.047622,0,0.000000,1.370000,0.000000,0.000000,0.250000,0.000000,0.120000,0.000000,0.210000,0.000000
1778943097.055465,0,0.000000,1.370000,0.000000,0.000000,0.460000,0.000000,0.170000,0.000000,0.210000,0.000000
1778943097.093822,0,0.000000,1.370000,0.000000,0.000000,0.720000,0.000000,0.210000,0.000000,0.210000,0.000000
1778943097.116238,0,0.000000,1.370000,0.000000,0.000000,0.940000,0.000000,0.270000,0.000000,0.210000,0.000000
1778943097.122863,0,0.000000,1.550000,0.000000,0.000000,1.000000,0.000000,0.310000,0.000000,0.440000,0.000000
1778943097.130531,0,0.000000,1.370000,0.000000,0.000000,1.000000,0.000000,0.360000,0.000000,0.210000,0.000000
1778943097.145929,0,0.000000,1.550000,0.000000,0.000000,0.000000,0.000000,0.400000,0.000000,0.440000,0.000000
1778943097.175527,0,0.000000,1.550000,0.000000,0.000000,0.180000,0.000000,0.460000,0.000000,0.440000,0.000000
1778943097.198550,0,0.000000,1.370000,0.000000,0.000000,0.370000,0.000000,0.500000,0.000000,0.210000,0.000000
1778943097.233684,0,0.000000,0.440000,0.000000,0.000000,0.560000,0.000000,0.550000,0.000000,0.210000,0.000000
1778943097.272863,0,0.000000,0.440000,0.000000,0.000000,0.000000,0.000000,0.600000,0.000000,0.210000,0.000000
1778943097.310949,0,0.000000,1.370000,0.000000,0.000000,0.180000,0.000000,0.640000,0.000000,0.210000,0.000000
1778943097.363761,0,0.000000,0.440000,0.000000,0.000000,0.340000,0.000000,0.680000,0.000000,0.210000,0.000000
1778943097.385667,0,0.000000,0.440000,0.000000,0.000000,0.050000,0.000000,0.790000,0.000000,0.210000,0.000000
1778943097.446253,0,0.000000,1.370000,0.000000,0.000000,0.500000,0.000000,0.880000,0.000000,0.210000,0.000000
1778943097.477557,0,0.000000,1.550000,0.000000,0.000000,1.000000,0.000000,1.000000,0.000000,0.440000,0.000000
1778943097.498493,0,0.000000,1.550000,0.000000,0.020000,1.000000,0.000000,1.000000,0.000000,0.440000,0.000000
1778943097.528252,0,0.000000,1.550000,0.000000,0.030000,1.000000,0.000000,1.000000,0.000000,0.440000,0.000000
1778943097.558139,0,0.000000,1.370000,0.000000,0.070000,1.000000,0.000000,1.000000,0.000000,0.210000,0.000000
1778943097.605182,0,0.000000,1.370000,0.000000,0.070000,1.000000,0.000000,1.000000,0.000000,0.210000,0.000000
1778943097.620367,0,0.000000,1.910000,0.000000,0.100000,1.000000,0.000000,1.000000,0.000000,0.890000,0.000000
1778943097.632950,0,0.000000,1.370000,0.000000,0.110000,1.000000,0.000000,1.000000,0.000000,0.210000,0.110000
1778943097.671451,0,0.000000,1.370000,0.000000,0.120000,1.000000,0.000000,1.000000,0.000000,0.210000,0.000000
1778943097.693498,0,0.000000,1.370000,0.000000,0.150000,1.000000,0.000000,1.000000,0.000000,0.210000,0.000000
1778943097.723553,0,0.000000,1.370000,0.000000,0.150000,0.090000,0.000000,1.000000,0.000000,0.210000,0.000000
1778943097.768195,0,0.000000,1.370000,0.000000,0.170000,0.300000,0.000000,1.000000,0.000000,0.210000,0.000000
1778943097.819662,0,0.000000,1.550000,0.000000,0.200000,0.630000,0.000000,1.000000,0.000000,0.440000,0.000000
1778943097.851809,0,0.000000,0.440000,0.000000,0.200000,0.930000,0.000000,1.000000,0.000000,0.210000,0.000000
1778943097.880696,0,0.000000,1.370000,0.000000,0.200000,1.000000,0.000000,1.000000,0.000000,0.210000,0.000000
1778943097.888802,0,0.000000,0.440000,0.000000,0.230000,1.000000,0.000000,1.000000,0.000000,0.210000,0.000000
1778943097.934057,0,0.000000,1.370000,0.000000,0.250000,0.410000,0.000000,1.000000,0.000000,0.210000,0.000000
1778943097.947919,0,0.000000,1.370000,0.000000,0.270000,0.430000,0.000000,0.050000,0.000000,0.210000,0.000000
1778943097.962277,0,0.000000,0.440000,0.000000,0.280000,1.000000,0.000000,0.150000,0.000000,0.210000,0.000000
1778943097.968632,0,0.000000,1.370000,0.000000,0.280000,1.000000,0.000000,0.200000,0.000000,0.210000,0.000000
1778943097.970367,0,0.000000,1.370000,0.000000,0.310000,0.230000,0.000000,0.340000,0.000000,0.210000,0.000000
1778943097.971446,0,0.000000,1.550000,0.000000,0.340000,1.000000,0.000000,0.440000,0.000000,0.440000,0.000000
1778943098.002703,0,0.000000,1.370000,0.000000,0.340000,1.000000,0.000000,0.500000,0.000000,0.210000,0.000000
1778943098.006146,0,0.000000,0.440000,0.000000,0.340000,1.000000,0.000000,0.540000,0.000000,0.210000,0.000000
1778943098.039402,0,0.000000,0.890000,0.000000,0.360000,1.000000,0.000000,0.570000,0.000000,0.440000,0.000000
1778943098.041083,0,0.000000,1.370000,0.000000,0.370000,1.000000,0.000000,0.630000,0.000000,0.210000,0.000000
1778943098.041835,0,0.000000,1.370000,0.000000,0.370000,1.000000,0.000000,0.680000,0.000000,0.210000,0.000000
1778943098.069147,0,0.000000,1.370000,0.000000,0.380000,0.200000,0.000000,0.730000,0.000000,0.210000,0.000000
1778943098.072364,0,0.000000,1.370000,0.000000,0.400000,0.560000,0.000000,0.770000,0.000000,0.210000,0.000000
1778943098.091163,0,0.000000,0.440000,0.000000,0.400000,0.940000,0.000000,0.820000,0.000000,0.210000,0.000000
1778943098.175581,0,0.000000,1.550000,0.000000,0.400000,1.000000,0.000000,0.870000,0.000000,0.440000,0.000000
1778943098.177384,0,0.000000,1.370000,0.000000,0.410000,1.000000,0.000000,0.920000,0.000000,0.210000,0.000000
1778943098.178849,0,0.000000,1.550000,0.000000,0.430000,0.150000,0.000000,0.970000,0.000000,0.440000,0.000000
1778943098.179488,0,0.000000,0.440000,0.000000,0.430000,0.030000,0.000000,1.000000,0.000000,0.210000,0.000000
1778943098.194283,0,0.000000,0.440000,0.000000,0.440000,0.030000,0.000000,1.000000,0.000000,0.210000,0.000000
1778943098.195929,0,0.000000,1.370000,0.000000,0.460000,0.400000,0.000000,1.000000,0.000000,0.210000,0.000000
1778943098.218053,0,0.000000,1.370000,0.000000,0.460000,0.770000,0.000000,1.000000,0.000000,0.210000,0.000000
1778943098.233443,0,0.000000,0.000000,0.000000,0.470000,0.050000,0.000000,1.000000,0.000000,0.000000,0.000000
1778943098.235516,0,0.000000,1.370000,0.000000,0.470000,0.230000,0.000000,1.000000,0.000000,0.210000,0.000000
1778943098.277309,0,0.000000,1.370000,0.000000,0.490000,0.790000,0.000000,1.000000,0.000000,0.210000,0.000000
1778943098.277787,0,0.000000,1.370000,0.000000,0.500000,1.000000,0.000000,1.000000,0.000000,0.210000,0.000000
1778943098.299737,0,0.000000,1.550000,0.000000,0.500000,1.000000,0.000000,1.000000,0.000000,0.440000,0.000000
1778943098.307303,0,0.000000,0.440000,0.000000,0.500000,0.050000,0.000000,1.000000,0.000000,0.210000,0.000000
1778943098.315563,0,0.000000,1.370000,0.000000,0.510000,0.410000,0.000000,1.000000,0.000000,0.210000,0.000000
1778943098.337336,0,0.000000,1.370000,0.000000,0.520000,0.800000,0.000000,1.000000,0.000000,0.210000,0.000000
1778943098.354023,0,0.000000,1.910000,0.000000,0.540000,1.000000,0.000000,1.000000,0.000000,0.890000,0.000000
1778943098.367088,0,0.000000,1.370000,0.000000,0.550000,1.000000,0.000000,1.000000,0.000000,0.210000,0.000000
1778943098.374962,0,0.000000,1.550000,0.000000,0.560000,1.000000,0.000000,1.000000,0.000000,0.440000,0.000000
1778943098.391313,0,0.000000,1.370000,0.000000,0.560000,1.000000,0.000000,1.000000,0.000000,0.210000,0.000000
1778943098.405496,0,0.000000,1.370000,0.000000,0.560000,1.000000,0.000000,1.000000,0.000000,0.210000,0.000000
1778943098.429551,0,0.000000,1.550000,0.000000,0.570000,1.000000,0.000000,1.000000,0.000000,0.440000,0.000000
1778943098.435332,0,0.000000,1.370000,0.000000,0.570000,1.000000,0.000000,1.000000,0.000000,0.210000,0.000000
1778943098.458436,0,0.000000,0.440000,0.000000,0.580000,0.210000,0.000000,1.000000,0.000000,0.210000,0.000000
1778943098.464136,0,0.000000,1.370000,0.000000,0.600000,0.600000,0.000000,1.000000,0.000000,0.210000,0.000000
1778943098.481323,0,0.000000,1.370000,0.000000,0.610000,1.000000,0.000000,1.000000,0.000000,0.210000,0.000000
1778943098.512656,0,0.000000,1.370000,0.000000,0.620000,1.000000,0.000000,1.000000,0.000000,0.210000,0.000000
1778943098.514021,0,0.000000,1.370000,0.000000,0.620000,1.000000,0.000000,1.000000,0.000000,0.210000,0.000000
1778943098.556421,0,0.000000,1.370000,0.000000,0.630000,1.000000,0.000000,1.000000,0.000000,0.210000,0.000000
1778943098.562430,0,0.000000,0.000000,0.000000,0.640000,1.000000,0.000000,1.000000,0.000000,0.000000,0.000000
1778943098.600870,0,0.000000,1.550000,0.000000,0.660000,0.180000,0.000000,1.000000,0.000000,0.440000,0.000000
1778943098.607365,0,0.000000,1.370000,0.000000,0.660000,0.430000,0.000000,1.000000,0.000000,0.210000,0.110000
1778943098.609259,0,0.000000,1.740000,0.000000,0.670000,0.680000,0.000000,1.000000,0.000000,0.670000,0.000000
1778943098.614131,0,0.000000,1.370000,0.000000,0.670000,0.930000,0.000000,1.000000,0.000000,0.210000,0.000000
1778943098.615610,0,0.000000,1.370000,0.000000,0.680000,1.000000,0.000000,1.000000,0.000000,0.210000,0.000000
1778943098.645890,0,0.000000,1.370000,0.000000,0.680000,1.000000,0.000000,1.000000,0.000000,0.210000,0.000000
1778943098.661406,0,0.000000,1.550000,0.000000,0.690000,1.000000,0.000000,0.000000,0.000000,0.440000,0.000000
1778943098.663854,0,0.000000,0.440000,0.000000,0.700000,1.000000,0.000000,0.050000,0.000000,0.210000,0.000000
1778943098.684087,0,0.000000,1.370000,0.000000,0.720000,1.000000,0.000000,0.100000,0.000000,0.210000,0.000000
1778943098.704819,0,0.000000,1.370000,0.000000,0.730000,1.000000,0.000000,0.150000,0.000000,0.210000,0.000000
1778943098.720753,0,0.000000,1.370000,0.000000,0.730000,0.010000,0.000000,0.200000,0.000000,0.210000,0.000000
1778943098.743709,0,0.000000,1.550000,0.000000,0.740000,0.170000,0.000000,0.000000,0.000000,0.440000,0.370000
1778943098.773712,0,0.000000,0.440000,0.000000,0.750000,0.310000,0.000000,0.050000,0.000000,0.210000,0.000000
1778943098.827522,0,0.000000,1.370000,0.000000,0.750000,0.440000,0.000000,0.110000,0.000000,0.210000,0.000000
1778943098.829680,0,0.000000,1.370000,0.000000,0.760000,0.570000,0.000000,0.180000,0.000000,0.210000,0.000000
1778943098.830592,0,0.000000,1.550000,0.000000,0.760000,0.720000,0.000000,0.230000,0.000000,0.440000,0.000000
1778943098.839601,0,0.000000,0.440000,0.000000,0.770000,0.860000,0.000000,0.280000,0.000000,0.210000,0.000000
1778943098.846733,0,0.000000,1.370000,0.000000,0.810000,1.000000,0.000000,0.460000,0.000000,0.210000,0.000000
1778943098.862710,0,0.000000,1.370000,0.000000,0.810000,1.000000,0.000000,0.010000,0.000000,0.210000,0.000000
1778943098.884733,0,0.000000,0.000000,0.000000,0.810000,1.000000,0.000000,0.100000,0.000000,0.000000,0.000000
1778943098.895806,0,0.000000,1.370000,0.000000,0.820000,0.050000,0.000000,0.200000,0.000000,0.210000,0.000000
1778943098.924128,0,0.000000,1.370000,0.000000,0.830000,0.150000,0.000000,0.280000,0.000000,0.210000,0.000000
1778943098.926488,0,0.000000,1.740000,0.000000,0.830000,0.250000,0.000000,0.370000,0.000000,0.670000,0.000000
1778943098.953723,0,0.000000,1.370000,0.000000,0.850000,0.360000,0.000000,0.010000,0.000000,0.210000,0.000000
1778943098.956997,0,0.000000,1.370000,0.000000,0.860000,0.460000,0.000000,0.170000,0.000000,0.210000,0.000000
1778943098.967000,0,0.000000,1.370000,0.000000,0.870000,0.560000,0.000000,0.330000,0.000000,0.210000,0.000000
1778943098.984397,0,0.000000,1.370000,0.000000,0.870000,0.670000,0.000000,0.470000,0.000000,0.210000,0.000000
1778943099.028222,0,0.000000,1.370000,0.000000,0.870000,0.030000,0.000000,0.640000,0.000000,0.210000,0.000000
1778943099.030845,0,0.000000,1.550000,0.000000,0.880000,0.140000,0.000000,0.810000,0.000000,0.440000,0.000000
1778943099.033698,0,0.000000,1.370000,0.000000,0.890000,0.250000,0.000000,0.970000,0.000000,0.210000,0.000000
1778943099.054328,0,0.000000,1.550000,0.000000,0.890000,0.000000,0.000000,1.000000,0.000000,0.440000,0.000000
1778943099.056930,0,0.000000,1.370000,0.000000,0.920000,0.120000,0.000000,1.000000,0.000000,0.210000,0.000000
1778943099.081197,0,0.000000,0.440000,0.000000,0.920000,0.150000,0.000000,1.000000,0.000000,0.210000,0.000000
1778943099.094850,0,0.000000,1.370000,0.000000,0.930000,0.400000,0.000000,1.000000,0.000000,0.210000,0.000000
1778943099.118565,0,0.000000,0.890000,0.000000,0.930000,0.200000,0.000000,1.000000,0.000000,0.440000,0.000000
1778943099.124938,0,0.000000,1.370000,0.000000,0.940000,0.640000,0.000000,1.000000,0.000000,0.210000,0.000000
1778943099.141308,0,0.000000,1.370000,0.000000,0.950000,1.000000,0.000000,1.000000,0.000000,0.210000,0.110000
1778943099.143474,0,0.000000,1.370000,0.000000,0.970000,1.000000,0.000000,1.000000,0.000000,0.210000,0.000000
1778943099.181342,0,0.000000,1.370000,0.000000,0.980000,1.000000,0.000000,1.000000,0.000000,0.210000,0.000000
1778943099.193621,0,0.000000,0.440000,0.000000,0.990000,1.000000,0.000000,1.000000,0.000000,0.210000,0.000000
1778943099.195693,0,0.000000,1.740000,0.000000,0.990000,1.000000,0.000000,1.000000,0.000000,0.670000,0.000000
1778943099.207036,0,0.000000,0.440000,0.000000,1.000000,0.050000,0.000000,1.000000,0.000000,0.210000,0.000000
1778943099.223420,0,0.000000,1.370000,0.000000,1.000000,0.470000,0.000000,1.000000,0.000000,0.210000,0.000000
1778943099.246272,0,0.000000,1.370000,0.000000,1.010000,0.910000,0.000000,1.000000,0.000000,0.210000,0.000000
1778943099.276345,0,0.000000,1.370000,0.000000,1.020000,1.000000,0.000000,1.000000,0.000000,0.210000,0.000000
1778943099.282827,0,0.000000,1.550000,0.000000,1.030000,0.250000,0.000000,1.000000,0.000000,0.440000,0.000000
1778943099.289618,0,0.000000,1.370000,0.000000,1.040000,0.680000,0.000000,1.000000,0.000000,0.210000,0.000000
1778943099.297277,0,0.000000,1.370000,0.000000,1.050000,1.000000,0.000000,1.000000,0.000000,0.210000,0.000000
1778943099.335513,0,0.000000,1.370000,0.000000,1.070000,1.000000,0.000000,1.000000,0.000000,0.210000,0.000000
1778943099.358051,0,0.000000,1.370000,0.000000,1.080000,0.180000,0.000000,1.000000,0.000000,0.210000,0.000000
1778943099.426267,0,0.000000,1.550000,0.000000,1.090000,0.120000,0.000000,1.000000,0.000000,0.440000,0.000000
1778943099.485930,0,0.000000,1.740000,0.000000,1.090000,0.440000,0.000000,1.000000,0.000000,0.670000,0.000000
1778943099.487171,0,0.000000,0.890000,0.000000,1.100000,0.150000,0.000000,1.000000,0.000000,0.440000,0.000000
1778943099.500003,0,0.000000,1.550000,0.000000,1.110000,0.070000,0.000000,1.000000,0.000000,0.440000,0.000000
1778943099.516871,0,0.000000,1.370000,0.000000,1.130000,1.000000,0.000000,1.000000,0.000000,0.210000,0.250000
1778943099.518011,0,0.000000,1.370000,0.000000,1.160000,1.000000,0.000000,1.000000,0.000000,0.210000,0.000000
1778943099.518642,0,0.000000,3.160000,0.000000,1.160000,1.000000,0.000000,1.000000,0.000000,1.580000,0.110000
1778943099.519479,0,0.000000,1.370000,0.000000,1.170000,1.000000,0.000000,1.000000,0.000000,0.210000,0.000000
1778943099.537072,0,0.000000,1.370000,0.000000,1.190000,1.000000,0.000000,1.000000,0.000000,0.210000,0.000000
1778943099.545638,0,0.000000,1.370000,0.000000,1.200000,1.000000,0.000000,1.000000,0.000000,0.210000,0.000000
1778943099.583474,0,0.000000,0.440000,0.000000,1.200000,0.370000,0.000000,1.000000,0.000000,0.210000,0.000000
1778943099.585383,0,0.000000,1.370000,0.000000,1.200000,1.000000,0.000000,1.000000,0.000000,0.210000,0.000000
1778943099.597013,0,0.000000,1.740000,0.000000,1.200000,1.000000,0.000000,1.000000,0.000000,0.670000,0.000000
1778943099.620725,0,0.000000,1.370000,0.000000,1.200000,1.000000,0.000000,1.000000,0.000000,0.210000,0.000000
1778943099.622168,0,0.000000,0.440000,0.000000,1.200000,0.050000,0.000000,1.000000,0.000000,0.210000,0.110000
1778943099.644399,0,0.000000,1.370000,0.000000,1.200000,0.440000,0.000000,1.000000,0.000000,0.210000,0.000000
1778943099.657942,0,0.000000,1.550000,0.000000,1.200000,0.150000,0.000000,1.000000,0.000000,0.440000,0.000000
1778943099.673471,0,0.000000,1.370000,0.000000,1.200000,0.070000,0.000000,1.000000,0.000000,0.210000,0.000000
1778943099.685598,0,0.000000,1.550000,0.000000,1.200000,0.100000,0.000000,1.000000,0.000000,0.440000,0.000000
1778943099.708938,0,0.000000,1.370000,0.000000,1.200000,0.250000,0.000000,1.000000,0.000000,0.210000,0.000000
1778943099.710150,0,0.000000,1.370000,0.000000,1.200000,1.000000,0.000000,1.000000,0.000000,0.210000,0.110000
1778943099.724528,0,0.000000,1.370000,0.000000,1.200000,1.000000,0.000000,1.000000,0.000000,0.210000,0.000000
1778943099.741353,0,0.000000,1.370000,0.000000,1.200000,1.000000,0.000000,1.000000,0.000000,0.210000,0.000000
1778943099.763932,0,0.000000,0.000000,0.000000,1.200000,1.000000,0.000000,1.000000,0.000000,0.000000,0.000000
1778943099.769742,0,0.000000,1.550000,0.000000,1.200000,0.310000,0.000000,1.000000,0.000000,0.440000,0.000000
1778943099.791950,0,0.000000,1.370000,0.000000,1.200000,1.000000,0.000000,1.000000,0.000000,0.210000,0.000000
1778943099.805918,0,0.000000,1.370000,0.000000,1.200000,1.000000,0.000000,1.000000,0.000000,0.210000,0.000000
1778943099.813959,0,0.000000,1.740000,0.000000,1.200000,0.560000,0.000000,1.000000,0.000000,0.670000,0.110000
1778943099.837780,0,0.000000,1.740000,0.000000,1.200000,1.000000,0.000000,1.000000,0.000000,0.670000,0.000000
1778943099.844091,0,0.000000,0.440000,0.000000,1.200000,1.000000,0.000000,1.000000,0.000000,0.210000,0.000000
1778943099.868729,0,0.000000,1.370000,0.000000,1.200000,1.000000,0.000000,1.000000,0.000000,0.210000,0.000000
1778943099.882512,0,0.000000,1.370000,0.000000,1.200000,1.000000,0.000000,1.000000,0.000000,0.210000,0.000000
1778943099.906105,0,0.000000,0.440000,0.000000,1.200000,1.000000,0.000000,1.000000,0.000000,0.210000,0.000000
1778943099.926587,0,0.000000,1.550000,0.000000,1.200000,1.000000,0.000000,1.000000,0.000000,0.440000,0.000000
1778943099.933658,0,0.000000,1.370000,0.000000,1.200000,1.000000,0.000000,1.000000,0.000000,0.210000,0.000000
1778943099.941118,0,0.000000,1.370000,0.000000,1.200000,1.000000,0.000000,1.000000,0.000000,0.210000,0.000000
1778943099.949208,0,0.000000,1.550000,0.000000,1.200000,1.000000,0.000000,1.000000,0.000000,0.440000,0.000000
1778943099.973984,0,0.000000,1.370000,0.000000,1.200000,1.000000,0.000000,1.000000,0.000000,0.210000,0.000000
1778943099.992226,0,0.000000,1.370000,0.000000,1.200000,0.500000,0.000000,0.070000,0.000000,0.210000,0.000000
1778943099.994356,0,0.000000,1.550000,0.000000,1.200000,1.000000,0.000000,0.210000,0.000000,0.440000,0.000000
1778943100.024161,0,0.000000,1.370000,0.000000,1.200000,1.000000,0.000000,0.370000,0.000000,0.210000,0.000000
1778943100.025910,0,0.000000,1.370000,0.000000,1.200000,1.000000,0.000000,0.540000,0.000000,0.210000,0.000000
1778943100.049131,0,0.000000,0.440000,0.000000,1.200000,0.110000,0.000000,0.690000,0.000000,0.210000,0.000000
1778943100.086843,0,0.000000,1.550000,0.000000,1.200000,0.000000,0.000000,0.850000,0.000000,0.440000,0.000000
1778943100.093375,0,0.000000,1.370000,0.000000,1.200000,1.000000,0.000000,1.000000,0.000000,0.210000,0.000000
1778943100.133159,0,0.000000,0.440000,0.000000,1.200000,1.000000,0.000000,1.000000,0.000000,0.210000,0.000000
1778943100.135416,0,0.000000,1.550000,0.000000,1.200000,1.000000,0.000000,1.000000,0.000000,0.440000,0.000000
1778943100.136393,0,0.000000,1.370000,0.000000,1.200000,1.000000,0.000000,1.000000,0.000000,0.210000,0.000000
1778943100.137309,0,0.000000,1.550000,0.000000,1.200000,1.000000,0.000000,1.000000,0.000000,0.440000,0.000000
1778943100.153380,0,0.000000,0.440000,0.000000,1.200000,0.120000,0.000000,1.000000,0.000000,0.210000,0.000000
1778943100.175204,0,0.000000,0.440000,0.000000,1.200000,1.000000,0.000000,1.000000,0.000000,0.210000,0.000000
1778943100.191067,0,0.000000,0.440000,0.000000,1.200000,1.000000,0.000000,1.000000,0.000000,0.210000,0.000000
1778943100.207113,0,0.000000,1.910000,0.000000,1.200000,0.000000,0.000000,1.000000,0.000000,0.890000,0.000000
1778943100.208413,0,0.000000,1.370000,0.000000,1.200000,0.930000,0.000000,1.000000,0.000000,0.210000,0.000000
1778943100.237353,0,0.000000,0.440000,0.000000,1.200000,1.000000,0.000000,1.000000,0.000000,0.210000,0.000000
1778943100.244265,0,0.000000,1.550000,0.000000,1.200000,1.000000,0.000000,0.000000,0.000000,0.440000,0.000000
1778943100.265744,0,0.000000,1.370000,0.000000,1.200000,1.000000,0.000000,0.170000,0.000000,0.210000,0.110000
1778943100.272330,0,0.000000,1.370000,0.000000,1.200000,1.000000,0.000000,0.330000,0.000000,0.210000,0.000000
1778943100.288319,0,0.000000,1.370000,0.000000,1.200000,1.000000,0.000000,0.470000,0.000000,0.210000,0.000000
1778943100.302811,0,0.000000,0.000000,0.000000,1.200000,1.000000,0.000000,0.640000,0.000000,0.000000,0.000000
1778943100.340904,0,0.000000,0.440000,0.000000,1.200000,0.730000,0.000000,0.810000,0.000000,0.210000,0.000000
1778943100.362693,0,0.000000,1.550000,0.000000,1.200000,0.000000,0.000000,0.970000,0.000000,0.440000,0.000000
1778943100.431028,0,0.000000,0.440000,0.000000,1.200000,0.870000,0.000000,1.000000,0.000000,0.210000,0.000000
1778943100.460871,0,0.000000,1.370000,0.000000,1.200000,1.000000,0.000000,1.000000,0.000000,0.210000,0.000000
1778943100.505448,0,0.000000,1.370000,0.000000,1.200000,1.000000,0.000000,1.000000,0.000000,0.210000,0.000000
1778943100.550876,0,0.000000,1.740000,0.000000,1.200000,1.000000,0.000000,1.000000,0.000000,0.670000,0.000000
1778943100.619466,0,0.000000,1.370000,0.000000,1.200000,1.000000,0.000000,1.000000,0.000000,0.210000,0.000000
1778943100.625334,0,0.000000,1.370000,0.000000,1.200000,1.000000,0.000000,1.000000,0.000000,0.210000,0.000000
1778943100.632140,0,0.000000,1.370000,0.000000,1.200000,1.000000,0.000000,1.000000,0.000000,0.210000,0.000000
1778943100.656250,0,0.000000,1.370000,0.000000,1.200000,1.000000,0.000000,1.000000,0.000000,0.210000,0.000000
1778943100.692825,0,0.000000,1.370000,0.000000,1.200000,0.820000,0.000000,1.000000,0.000000,0.210000,0.000000
1778943100.738435,0,0.000000,0.440000,0.000000,1.200000,1.000000,0.000000,1.000000,0.000000,0.210000,0.000000
1778943100.744558,0,0.000000,1.740000,0.000000,1.200000,1.000000,0.000000,1.000000,0.000000,0.670000,0.000000
1778943100.747321,0,0.000000,0.440000,0.000000,1.200000,1.000000,0.000000,1.000000,0.000000,0.210000,0.000000
1778943100.748331,0,0.000000,0.440000,0.000000,1.200000,0.930000,0.000000,1.000000,0.000000,0.210000,0.000000
1778943100.749251,0,0.000000,1.370000,0.000000,1.200000,0.630000,0.000000,1.000000,0.000000,0.210000,0.000000
1778943100.775847,0,0.000000,1.370000,0.000000,1.200000,1.000000,0.000000,1.000000,0.000000,0.210000,0.000000
1778943100.777972,0,0.000000,1.550000,0.000000,1.200000,0.000000,0.000000,1.000000,0.000000,0.440000,0.000000
1778943100.781458,0,0.000000,1.550000,0.000000,1.200000,0.370000,0.000000,1.000000,0.000000,0.440000,0.000000
1778943100.806214,0,0.000000,0.000000,0.000000,1.200000,0.750000,0.000000,1.000000,0.000000,0.000000,0.000000
1778943100.820746,0,0.000000,1.370000,0.000000,1.200000,0.090000,0.000000,1.000000,0.000000,0.210000,0.000000
1778943100.836086,0,0.000000,0.440000,0.000000,1.200000,0.430000,0.000000,1.000000,0.000000,0.210000,0.000000
1778943100.866877,0,0.000000,1.370000,0.000000,1.200000,0.790000,0.000000,1.000000,0.000000,0.210000,0.000000
1778943100.871884,0,0.000000,0.000000,0.000000,1.200000,1.000000,0.000000,1.000000,0.000000,0.000000,0.000000
1778943100.879520,0,0.000000,1.370000,0.000000,1.200000,1.000000,0.000000,1.000000,0.000000,0.210000,0.000000
1778943100.886276,0,0.000000,0.440000,0.000000,1.200000,0.090000,0.000000,1.000000,0.000000,0.210000,0.000000
1778943100.918024,0,0.000000,1.550000,0.000000,1.200000,0.370000,0.000000,1.000000,0.000000,0.440000,0.000000
1778943100.980613,0,0.000000,1.370000,0.000000,1.200000,0.660000,0.000000,1.000000,0.000000,0.210000,0.000000
1778943101.001087,0,0.000000,1.370000,0.000000,1.200000,0.950000,0.000000,0.030000,0.000000,0.210000,0.000000
1778943101.081735,0,0.000000,0.440000,0.000000,1.200000,1.000000,0.000000,0.180000,0.000000,0.210000,0.000000
1778943101.143422,0,0.000000,1.370000,0.000000,1.200000,1.000000,0.000000,0.360000,0.000000,0.210000,0.000000
1778943101.151213,0,0.000000,1.370000,0.000000,1.200000,1.000000,0.000000,0.510000,0.000000,0.210000,0.000000
1778943101.153589,0,0.000000,0.440000,0.000000,1.200000,1.000000,0.000000,0.680000,0.000000,0.210000,0.000000
1778943101.156595,0,0.000000,1.550000,0.000000,1.200000,0.180000,0.000000,1.000000,0.000000,0.440000,0.000000
1778943101.194756,0,0.000000,0.440000,0.000000,1.200000,0.870000,0.000000,1.000000,0.000000,0.210000,0.000000
1778943101.211164,0,0.000000,1.370000,0.000000,1.200000,1.000000,0.000000,1.000000,0.000000,0.210000,0.000000
1778943101.215528,0,0.000000,1.740000,0.000000,1.200000,1.000000,0.000000,1.000000,0.000000,0.670000,0.000000
1778943101.224431,0,0.000000,0.440000,0.000000,1.200000,1.000000,0.000000,1.000000,0.000000,0.210000,0.000000
1778943101.226880,0,0.000000,1.550000,0.000000,1.200000,1.000000,0.000000,1.000000,0.000000,0.440000,0.000000
1778943101.229309,0,0.000000,1.370000,0.000000,1.200000,1.000000,0.000000,0.020000,0.000000,0.210000,0.000000
1778943101.374031,0,0.000000,1.910000,0.000000,1.200000,0.250000,0.000000,0.180000,0.000000,0.890000,0.000000
1778943101.451766,0,0.000000,0.000000,0.000000,1.200000,0.620000,0.000000,0.340000,0.000000,0.000000,0.000000
1778943101.453716,0,0.000000,1.740000,0.000000,1.200000,0.000000,0.000000,0.500000,0.000000,0.670000,0.000000
1778943101.454554,0,0.000000,0.440000,0.000000,1.200000,0.310000,0.000000,0.660000,0.000000,0.210000,0.000000
1778943101.489741,0,0.000000,0.440000,0.000000,1.200000,1.000000,0.000000,1.000000,0.000000,0.210000,0.000000
1778943101.493135,0,0.000000,1.370000,0.000000,1.200000,0.250000,0.000000,1.000000,0.000000,0.210000,0.000000
1778943101.494808,0,0.000000,1.740000,0.000000,1.200000,0.300000,0.000000,0.280000,0.000000,0.670000,0.000000
1778943101.495740,0,0.000000,1.370000,0.000000,1.200000,0.680000,0.000000,0.410000,0.000000,0.210000,0.000000
1778943101.496630,0,0.000000,1.370000,0.000000,1.200000,1.000000,0.000000,0.510000,0.000000,0.210000,0.000000
1778943101.502087,0,0.000000,1.740000,0.000000,1.200000,0.030000,0.000000,0.630000,0.000000,0.670000,0.000000
1778943101.525641,0,0.000000,0.440000,0.000000,1.200000,0.030000,0.000000,0.750000,0.000000,0.210000,0.000000
1778943101.532549,0,0.000000,0.440000,0.000000,1.200000,0.370000,0.000000,0.870000,0.000000,0.210000,0.000000
1778943101.570231,0,0.000000,1.370000,0.000000,1.200000,0.740000,0.000000,0.980000,0.000000,0.210000,0.110000
1778943101.576709,0,0.000000,1.370000,0.000000,1.200000,1.000000,0.000000,1.000000,0.000000,0.000000,0.000000
1778943101.584242,0,0.000000,1.370000,0.000000,1.200000,0.090000,0.000000,1.000000,0.000000,0.210000,0.000000
1778943101.614333,0,0.000000,0.440000,0.000000,1.200000,0.050000,0.000000,1.000000,0.000000,0.210000,0.000000
1778943101.622662,0,0.000000,1.370000,0.000000,1.200000,0.600000,0.000000,1.000000,0.000000,0.210000,0.000000
1778943101.646288,0,0.000000,1.370000,0.000000,1.200000,1.000000,0.000000,1.000000,0.000000,0.210000,0.000000
1778943101.659835,0,0.000000,0.440000,0.000000,1.200000,1.000000,0.000000,1.000000,0.000000,0.210000,0.000000
1778943101.675705,0,0.000000,1.550000,0.000000,1.200000,0.000000,0.000000,1.000000,0.000000,0.440000,0.000000
1778943101.677781,0,0.000000,0.000000,0.000000,1.200000,0.300000,0.000000,1.000000,0.000000,0.000000,0.000000
1778943101.691273,0,0.000000,1.370000,0.000000,1.200000,0.200000,0.000000,1.000000,0.000000,0.210000,0.000000
1778943101.696549,0,0.000000,1.370000,0.000000,1.200000,0.610000,0.000000,1.000000,0.000000,0.210000,0.000000
1778943101.736174,0,0.000000,1.370000,0.000000,1.200000,1.000000,0.000000,1.000000,0.000000,0.210000,0.000000
1778943101.739340,0,0.000000,1.370000,0.000000,1.200000,1.000000,0.000000,1.000000,0.000000,0.210000,0.000000
1778943101.772916,0,0.000000,1.550000,0.000000,1.200000,0.140000,0.000000,1.000000,0.000000,0.440000,0.000000
1778943101.780026,0,0.000000,1.370000,0.000000,1.200000,0.430000,0.000000,1.000000,0.000000,0.210000,0.110000
1778943101.803157,0,0.000000,1.370000,0.000000,1.200000,0.760000,0.000000,1.000000,0.000000,0.210000,0.000000
1778943101.833135,0,0.000000,1.370000,0.000000,1.200000,0.250000,0.000000,1.000000,0.000000,0.210000,0.000000
1778943101.900453,0,0.000000,1.370000,0.000000,1.200000,0.170000,0.000000,1.000000,0.000000,0.210000,0.000000
1778943101.906787,0,0.000000,1.370000,0.000000,1.200000,0.140000,0.000000,1.000000,0.000000,0.210000,0.000000
1778943101.914964,0,0.000000,1.370000,0.000000,1.200000,0.690000,0.000000,1.000000,0.000000,0.210000,0.000000
1778943101.917296,0,0.000000,1.370000,0.000000,1.200000,1.000000,0.000000,1.000000,0.000000,0.210000,0.000000
1778943101.918815,0,0.000000,1.370000,0.000000,1.200000,1.000000,0.000000,1.000000,0.000000,0.210000,0.000000
1778943101.919372,0,0.000000,0.440000,0.000000,1.200000,0.070000,0.000000,1.000000,0.000000,0.210000,0.000000
1778943101.946218,0,0.000000,1.370000,0.000000,1.200000,0.620000,0.000000,1.000000,0.000000,0.210000,0.000000
1778943101.982860,0,0.000000,0.440000,0.000000,1.200000,0.070000,0.000000,1.000000,0.000000,0.210000,0.000000
1778943102.021084,0,0.000000,0.440000,0.000000,1.200000,0.090000,0.000000,1.000000,0.000000,0.210000,0.000000
1778943102.049117,0,0.000000,1.370000,0.000000,1.200000,0.200000,0.000000,1.000000,0.000000,0.210000,0.000000
1778943102.057895,0,0.000000,1.370000,0.000000,1.200000,1.000000,0.000000,1.000000,0.000000,0.210000,0.000000
1778943102.088956,0,0.000000,1.370000,0.000000,1.200000,1.000000,0.000000,1.000000,0.000000,0.210000,0.000000
1778943102.104100,0,0.000000,1.370000,0.000000,1.200000,1.000000,0.000000,1.000000,0.000000,0.210000,0.000000
1778943102.125119,0,0.000000,1.370000,0.000000,1.200000,1.000000,0.000000,1.000000,0.000000,0.210000,0.000000
1778943102.132523,0,0.000000,1.370000,0.000000,1.200000,1.000000,0.000000,1.000000,0.000000,0.210000,0.000000
1778943102.134921,0,0.000000,1.550000,0.000000,1.200000,1.000000,0.000000,1.000000,0.000000,0.440000,0.000000
1778943102.135835,0,0.000000,1.370000,0.000000,1.200000,1.000000,0.000000,1.000000,0.000000,0.210000,0.000000
1778943102.146340,0,0.000000,0.440000,0.000000,1.200000,1.000000,0.000000,1.000000,0.000000,0.210000,0.000000
1778943102.178651,0,0.000000,1.550000,0.000000,1.200000,0.000000,0.000000,1.000000,0.000000,0.440000,0.000000
1778943102.351772,0,0.000000,1.370000,0.000000,1.200000,0.770000,0.000000,1.000000,0.000000,0.210000,0.000000
1778943102.431173,0,0.000000,1.370000,0.000000,1.200000,1.000000,0.000000,1.000000,0.000000,0.210000,0.000000
1778943102.478207,0,0.000000,0.890000,0.000000,1.200000,1.000000,0.000000,1.000000,0.000000,0.440000,0.000000
1778943102.478698,0,0.000000,1.550000,0.000000,1.200000,1.000000,0.000000,1.000000,0.000000,0.440000,0.000000
1778943102.558682,0,0.000000,0.440000,0.000000,1.200000,0.630000,0.000000,1.000000,0.000000,0.210000,0.000000
1778943102.643709,0,0.000000,1.370000,0.000000,1.200000,1.000000,0.000000,1.000000,0.000000,0.210000,0.000000
1778943102.693167,0,0.000000,1.370000,0.000000,1.200000,1.000000,0.000000,1.000000,0.000000,0.210000,0.000000
1778943102.740519,0,0.000000,0.440000,0.000000,1.200000,0.140000,0.000000,1.000000,0.000000,0.210000,0.000000
1778943102.786964,0,0.000000,1.550000,0.000000,1.200000,1.000000,0.000000,1.000000,0.000000,0.440000,0.000000
1778943102.905278,0,0.000000,0.440000,0.000000,1.200000,0.140000,0.000000,1.000000,0.000000,0.210000,0.000000
1778943102.986877,0,0.000000,1.370000,0.000000,1.200000,1.000000,0.000000,1.000000,0.000000,0.210000,0.000000
1778943103.093204,0,0.000000,1.550000,0.000000,1.200000,1.000000,0.000000,1.000000,0.000000,0.440000,0.000000
1778943103.142821,0,0.000000,1.550000,0.000000,1.200000,1.000000,0.000000,1.000000,0.000000,0.440000,0.000000
1778943103.192003,0,0.000000,1.550000,0.000000,1.200000,1.000000,0.000000,1.000000,0.000000,0.440000,0.000000
1778943103.256793,0,0.000000,0.440000,0.000000,1.200000,0.770000,0.000000,1.000000,0.000000,0.210000,0.000000
1778943103.316256,0,0.000000,1.370000,0.000000,1.200000,1.000000,0.000000,1.000000,0.000000,0.210000,0.000000
1778943103.363719,0,0.000000,1.370000,0.000000,1.200000,1.000000,0.000000,0.690000,0.000000,0.210000,0.000000
1778943103.444329,0,0.000000,1.370000,0.000000,1.200000,0.750000,0.000000,0.930000,0.000000,0.210000,0.000000
1778943103.492753,0,0.000000,1.370000,0.000000,1.200000,1.000000,0.000000,1.000000,0.000000,0.210000,0.000000
1778943103.602302,0,0.000000,1.370000,0.000000,1.200000,1.000000,0.000000,1.000000,0.000000,0.210000,0.000000
1778943103.691037,0,0.000000,0.440000,0.000000,1.200000,1.000000,0.000000,0.200000,0.000000,0.210000,0.250000
1778943103.739397,0,0.000000,1.550000,0.000000,1.200000,1.000000,0.000000,0.360000,0.000000,0.440000,0.000000
1778943103.819524,0,0.000000,1.370000,0.000000,1.200000,1.000000,0.000000,0.000000,0.000000,0.210000,0.370000
1778943103.902040,0,0.000000,1.370000,0.000000,1.200000,0.560000,0.000000,0.180000,0.000000,0.210000,0.000000
1778943103.961164,0,0.000000,1.550000,0.000000,1.200000,1.000000,0.000000,1.000000,0.000000,0.440000,0.000000
1778943104.052838,0,0.000000,1.370000,0.000000,1.200000,0.570000,0.000000,1.000000,0.000000,0.210000,0.000000
1778943104.102924,0,0.000000,1.370000,0.000000,1.200000,1.000000,0.000000,1.000000,0.000000,0.210000,0.000000
1778943104.103443,0,0.000000,1.370000,0.000000,1.200000,1.000000,0.000000,0.270000,0.000000,0.210000,0.000000
1778943104.103861,0,0.000000,1.550000,0.000000,1.200000,1.000000,0.000000,0.730000,0.000000,0.440000,0.000000
1778943104.104280,0,0.000000,1.370000,0.000000,1.200000,1.000000,0.000000,1.000000,0.000000,0.210000,0.000000
1778943104.219274,0,0.000000,1.370000,0.000000,1.200000,1.000000,0.000000,1.000000,0.000000,0.210000,0.000000
1778943104.249421,0,0.000000,0.000000,0.000000,1.200000,1.000000,0.000000,1.000000,0.000000,0.000000,0.000000
1778943104.250110,0,0.000000,1.550000,0.000000,1.200000,0.120000,0.000000,0.000000,0.000000,0.440000,0.000000
1778943104.250537,0,0.000000,0.000000,0.000000,1.200000,0.550000,0.000000,0.090000,0.000000,0.000000,0.000000
1778943104.276650,0,0.000000,1.370000,0.000000,1.200000,0.700000,0.000000,0.210000,0.000000,0.210000,0.000000
1778943104.277157,0,0.000000,1.550000,0.000000,1.200000,1.000000,0.000000,0.020000,0.000000,0.440000,0.000000
1778943104.421437,0,0.000000,1.370000,0.000000,1.200000,0.150000,0.000000,0.090000,0.000000,0.210000,0.000000
1778943104.473834,0,0.000000,1.370000,0.000000,1.200000,0.720000,0.000000,0.150000,0.000000,0.210000,0.000000
1778943104.554750,0,0.000000,1.370000,0.000000,1.200000,0.550000,0.000000,0.200000,0.000000,0.210000,0.000000
1778943104.604469,0,0.000000,1.370000,0.000000,1.200000,1.000000,0.000000,0.270000,0.000000,0.210000,0.000000
1778943104.604987,0,0.000000,1.370000,0.000000,1.200000,1.000000,0.000000,0.380000,0.000000,0.210000,0.000000
1778943104.697679,0,0.000000,0.440000,0.000000,1.200000,1.000000,0.000000,0.870000,0.000000,0.210000,0.000000
1778943104.804749,0,0.000000,1.370000,0.000000,1.200000,1.000000,0.000000,1.000000,0.000000,0.210000,0.250000
1778943104.807513,0,0.000000,1.370000,0.000000,1.200000,1.000000,0.000000,1.000000,0.000000,0.210000,0.000000
1778943104.836952,0,0.000000,1.370000,0.000000,1.200000,1.000000,0.000000,0.000000,0.000000,0.210000,0.370000
1778943104.837464,0,0.000000,0.890000,0.000000,1.200000,0.940000,0.000000,0.100000,0.000000,0.440000,0.000000
1778943104.898479,0,0.000000,1.370000,0.000000,1.200000,1.000000,0.000000,0.440000,0.000000,0.210000,0.000000
1778943104.999863,0,0.000000,1.910000,0.000000,1.200000,1.000000,0.000000,0.800000,0.000000,0.890000,0.000000
1778943105.109989,0,0.000000,1.370000,0.000000,1.200000,1.000000,0.000000,0.860000,0.000000,0.210000,0.000000
1778943105.176731,0,0.000000,1.370000,0.000000,1.200000,1.000000,0.000000,0.910000,0.000000,0.210000,0.000000
1778943105.259112,0,0.000000,1.370000,0.000000,1.200000,1.000000,0.000000,1.000000,0.000000,0.210000,0.000000
1778943105.350467,0,0.000000,1.370000,0.000000,1.200000,0.300000,0.000000,1.000000,0.000000,0.210000,0.000000
1778943105.402004,0,0.000000,1.370000,0.000000,1.200000,0.550000,0.000000,1.000000,0.000000,0.210000,0.110000
1778943105.443532,0,0.000000,1.550000,0.000000,1.200000,0.750000,0.000000,1.000000,0.000000,0.440000,0.000000
1778943105.513772,0,0.000000,1.550000,0.000000,1.200000,0.670000,0.000000,1.000000,0.000000,0.440000,0.000000
1778943105.552115,0,0.000000,1.740000,0.000000,1.200000,0.000000,0.000000,1.000000,0.000000,0.670000,0.000000
1778943105.634638,0,0.000000,0.440000,0.000000,1.200000,1.000000,0.000000,0.030000,0.000000,0.210000,0.000000
1778943105.718832,0,0.000000,1.370000,0.000000,1.200000,1.000000,0.000000,0.150000,0.000000,0.210000,0.000000
1778943105.763011,0,0.000000,1.370000,0.000000,1.200000,0.550000,0.000000,0.340000,0.000000,0.210000,0.000000
1778943105.837323,0,0.000000,0.440000,0.000000,1.200000,0.250000,0.000000,0.620000,0.000000,0.210000,0.000000
1778943105.881015,0,0.000000,1.370000,0.000000,1.200000,0.870000,0.000000,0.810000,0.000000,0.210000,0.000000
1778943105.956841,0,0.000000,0.440000,0.000000,1.200000,1.000000,0.000000,1.000000,0.000000,0.210000,0.000000
1778943106.040128,0,0.000000,1.370000,0.000000,1.200000,1.000000,0.000000,1.000000,0.000000,0.210000,0.000000
1778943106.114371,0,0.000000,1.370000,0.000000,1.200000,0.300000,0.000000,1.000000,0.000000,0.210000,0.000000
1778943106.181720,0,0.000000,1.370000,0.000000,1.200000,0.250000,0.000000,0.100000,0.000000,0.210000,0.000000
1778943106.233393,0,0.000000,0.440000,0.000000,1.200000,0.100000,0.000000,0.180000,0.000000,0.210000,0.000000
1778943106.309695,0,0.000000,1.370000,0.000000,1.200000,0.180000,0.000000,0.470000,0.000000,0.210000,0.000000
1778943106.376111,0,0.000000,1.370000,0.000000,1.200000,0.100000,0.000000,0.100000,0.000000,0.210000,0.000000
1778943106.417415,0,0.000000,1.370000,0.000000,1.200000,1.000000,0.000000,0.330000,0.000000,0.210000,0.110000
1778943106.513505,0,0.000000,1.740000,0.000000,1.200000,1.000000,0.000000,0.500000,0.000000,0.670000,0.000000
1778943106.620214,0,0.000000,1.740000,0.000000,1.200000,0.180000,0.000000,0.680000,0.000000,0.670000,0.000000
1778943106.708672,0,0.000000,1.370000,0.000000,1.200000,0.970000,0.000000,0.850000,0.000000,0.210000,0.000000
1778943106.813991,0,0.000000,1.370000,0.000000,1.200000,0.720000,0.000000,1.000000,0.000000,0.210000,0.000000
1778943106.860055,0,0.000000,1.370000,0.000000,1.200000,1.000000,0.000000,0.070000,0.000000,0.210000,0.000000
1778943106.908991,0,0.000000,1.370000,0.000000,1.200000,1.000000,0.000000,0.210000,0.000000,0.210000,0.000000
1778943106.953394,0,0.000000,0.440000,0.000000,1.200000,0.430000,0.000000,0.720000,0.000000,0.210000,0.250000
1778943107.021798,0,0.000000,1.370000,0.000000,1.200000,1.000000,0.000000,1.000000,0.000000,0.210000,0.250000
1778943107.081227,0,0.000000,1.740000,0.000000,1.200000,0.230000,0.000000,1.000000,0.000000,0.670000,0.000000
1778943107.149715,0,0.000000,1.370000,0.000000,1.200000,1.000000,0.000000,1.000000,0.000000,0.210000,0.000000
1778943107.196485,0,0.000000,1.370000,0.000000,1.200000,1.000000,0.000000,0.110000,0.000000,0.210000,0.000000
1778943107.367456,0,0.000000,1.370000,0.000000,1.200000,1.000000,0.000000,0.210000,0.000000,0.210000,0.000000
1778943107.428973,0,0.000000,1.370000,0.000000,1.200000,1.000000,0.000000,0.470000,0.000000,0.210000,0.000000
1778943107.484496,0,0.000000,1.370000,0.000000,1.200000,1.000000,0.000000,0.680000,0.000000,0.210000,0.000000
1778943107.666620,0,0.000000,1.370000,0.000000,1.200000,1.000000,0.000000,0.000000,0.000000,0.210000,0.000000
1778943107.751381,0,0.000000,1.550000,0.000000,1.200000,0.150000,0.000000,0.180000,0.000000,0.440000,0.000000
1778943107.808734,0,0.000000,1.370000,0.000000,1.200000,1.000000,0.000000,0.990000,0.000000,0.210000,0.000000
1778943107.907749,0,0.000000,1.370000,0.000000,1.200000,1.000000,0.000000,1.000000,0.000000,0.210000,0.000000
1778943107.981678,0,0.000000,1.370000,0.000000,1.200000,1.000000,0.000000,1.000000,0.000000,0.210000,0.000000
1778943108.140059,0,0.000000,1.370000,0.000000,1.200000,1.000000,0.000000,1.000000,0.000000,0.210000,0.000000
1778943108.216362,0,0.000000,1.370000,0.000000,1.200000,1.000000,0.000000,0.100000,0.000000,0.210000,0.000000
1778943108.256765,0,0.000000,1.370000,0.000000,1.200000,1.000000,0.000000,0.200000,0.000000,0.210000,0.000000
1778943108.257376,0,0.000000,1.370000,0.000000,1.200000,1.000000,0.000000,0.460000,0.000000,0.210000,0.000000
1778943108.365675,0,0.000000,1.370000,0.000000,1.200000,1.000000,0.000000,0.640000,0.000000,0.210000,0.000000
1778943108.447553,0,0.000000,0.440000,0.000000,1.200000,1.000000,0.000000,1.000000,0.000000,0.210000,0.000000
1778943108.522376,0,0.000000,1.550000,0.000000,1.200000,0.000000,0.000000,1.000000,0.000000,0.440000,0.000000
1778943108.598349,0,0.000000,1.740000,0.000000,1.200000,1.000000,0.000000,1.000000,0.000000,0.670000,0.110000
1778943108.640022,0,0.000000,1.370000,0.000000,1.200000,1.000000,0.000000,1.000000,0.000000,0.210000,0.000000
1778943108.709756,0,0.000000,0.440000,0.000000,1.200000,0.850000,0.000000,1.000000,0.000000,0.210000,0.000000
1778943108.776907,0,0.000000,1.370000,0.000000,1.200000,0.200000,0.000000,1.000000,0.000000,0.210000,0.000000
1778943108.844495,0,0.000000,1.370000,0.000000,1.200000,0.570000,0.000000,1.000000,0.000000,0.210000,0.000000
1778943108.888402,0,0.000000,0.440000,0.000000,1.200000,1.000000,0.000000,1.000000,0.000000,0.210000,0.000000
1778943108.889032,0,0.000000,1.370000,0.000000,1.200000,0.310000,0.000000,1.000000,0.000000,0.210000,0.000000
1778943108.949395,0,0.000000,1.370000,0.000000,1.200000,0.820000,0.000000,1.000000,0.000000,0.210000,0.000000
1778943108.991565,0,0.000000,1.370000,0.000000,1.200000,0.430000,0.000000,1.000000,0.000000,0.210000,0.000000
1778943109.039392,0,0.000000,1.370000,0.000000,1.200000,1.000000,0.000000,1.000000,0.000000,0.210000,0.000000
1778943109.132985,0,0.000000,0.440000,0.000000,1.200000,0.180000,0.000000,1.000000,0.000000,0.210000,0.000000
1778943109.177382,0,0.000000,1.370000,0.000000,1.200000,0.930000,0.000000,1.000000,0.000000,0.210000,0.000000
1778943109.178018,0,0.000000,1.370000,0.000000,1.200000,0.250000,0.000000,1.000000,0.000000,0.210000,0.000000
1778943109.178530,0,0.000000,1.370000,0.000000,1.200000,0.750000,0.000000,0.030000,0.000000,0.210000,0.000000
1778943109.179018,0,0.000000,0.440000,0.000000,1.200000,1.000000,0.000000,0.180000,0.000000,0.210000,0.000000
1778943109.220802,0,0.000000,1.370000,0.000000,1.200000,0.470000,0.000000,0.000000,0.000000,0.210000,0.000000
1778943109.355972,0,0.000000,0.440000,0.000000,1.200000,0.680000,0.000000,0.050000,0.000000,0.210000,0.000000
1778943109.402270,0,0.000000,0.440000,0.000000,1.200000,0.860000,0.000000,0.100000,0.000000,0.210000,0.000000
1778943109.679883,0,0.000000,1.370000,0.000000,1.200000,1.000000,0.000000,0.140000,0.000000,0.210000,0.000000
1778943109.727749,0,0.000000,0.440000,0.000000,1.200000,1.000000,0.000000,0.180000,0.000000,0.210000,0.000000
1778943109.728411,0,0.000000,1.370000,0.000000,1.200000,0.510000,0.000000,0.370000,0.000000,0.210000,0.250000
1778943109.728922,0,0.000000,1.740000,0.000000,1.200000,0.010000,0.000000,0.700000,0.000000,0.670000,0.000000
1778943109.861338,0,0.000000,1.550000,0.000000,1.200000,0.370000,0.000000,0.800000,0.000000,0.440000,0.000000
1778943109.907814,0,0.000000,1.370000,0.000000,1.200000,0.030000,0.000000,0.070000,0.000000,0.210000,0.000000
1778943109.985511,0,0.000000,1.370000,0.000000,1.200000,0.250000,0.000000,0.150000,0.000000,0.210000,0.110000
1778943110.074811,0,0.000000,1.370000,0.000000,1.200000,0.460000,0.000000,0.210000,0.000000,0.210000,0.000000
1778943110.075434,0,0.000000,0.440000,0.000000,1.200000,0.550000,0.000000,0.460000,0.000000,0.210000,0.000000
1778943110.181212,0,0.000000,1.370000,0.000000,1.200000,1.000000,0.000000,0.800000,0.000000,0.210000,0.110000
1778943110.238380,0,0.000000,1.370000,0.000000,1.200000,0.050000,0.000000,0.930000,0.000000,0.210000,0.000000
1778943110.276523,0,0.000000,1.550000,0.000000,1.200000,0.630000,0.000000,1.000000,0.000000,0.440000,0.000000
1778943110.277155,0,0.000000,0.440000,0.000000,1.200000,1.000000,0.000000,1.000000,0.000000,0.210000,0.000000
1778943110.277672,0,0.000000,1.550000,0.000000,1.200000,0.360000,0.000000,1.000000,0.000000,0.440000,0.000000
1778943110.337482,0,0.000000,0.440000,0.000000,1.200000,1.000000,0.000000,0.070000,0.000000,0.210000,0.110000
1778943110.420113,0,0.000000,1.370000,0.000000,1.200000,1.000000,0.000000,0.200000,0.000000,0.210000,0.000000
1778943110.487086,0,0.000000,1.370000,0.000000,1.200000,0.180000,0.000000,0.250000,0.000000,0.210000,0.000000
1778943110.562260,0,0.000000,1.370000,0.000000,1.200000,0.460000,0.000000,0.000000,0.000000,0.210000,0.000000
1778943110.647626,0,0.000000,1.550000,0.000000,1.200000,1.000000,0.000000,0.310000,0.000000,0.440000,0.000000
1778943110.759672,0,0.000000,1.370000,0.000000,1.200000,1.000000,0.000000,0.410000,0.000000,0.210000,0.000000
1778943110.799746,0,0.000000,1.550000,0.000000,1.200000,0.680000,0.000000,0.660000,0.000000,0.440000,0.000000
1778943110.878445,0,0.000000,1.550000,0.000000,1.200000,1.000000,0.000000,0.070000,0.000000,0.440000,0.000000
1778943110.900774,0,0.000000,1.370000,0.000000,1.200000,0.100000,0.000000,0.370000,0.000000,0.210000,0.000000
1778943111.014397,0,0.000000,1.550000,0.000000,1.200000,1.000000,0.000000,1.000000,0.000000,0.440000,0.000000
1778943111.054475,0,0.000000,1.370000,0.000000,1.200000,0.180000,0.000000,0.330000,0.000000,0.210000,0.000000
1778943111.140999,0,0.000000,1.740000,0.000000,1.200000,1.000000,0.000000,0.510000,0.000000,0.670000,0.000000
1778943111.231010,0,0.000000,1.370000,0.000000,1.200000,1.000000,0.000000,1.000000,0.000000,0.210000,0.000000
1778943111.296657,0,0.000000,0.440000,0.000000,1.200000,0.680000,0.000000,1.000000,0.000000,0.210000,0.000000
1778943111.337487,0,0.000000,1.370000,0.000000,1.200000,1.000000,0.000000,1.000000,0.000000,0.210000,0.110000
1778943111.378787,0,0.000000,1.370000,0.000000,1.200000,1.000000,0.000000,1.000000,0.000000,0.210000,0.000000
1778943111.446589,0,0.000000,1.370000,0.000000,1.200000,1.000000,0.000000,1.000000,0.000000,0.210000,0.000000
1778943111.487473,0,0.000000,0.000000,0.000000,1.200000,1.000000,0.000000,1.000000,0.000000,0.000000,0.000000
1778943111.551584,0,0.000000,0.440000,0.000000,1.200000,0.310000,0.000000,0.000000,0.000000,0.210000,0.000000
1778943111.596546,0,0.000000,1.910000,0.000000,1.200000,1.000000,0.000000,0.200000,0.000000,0.890000,0.000000
1778943111.641534,0,0.000000,1.370000,0.000000,1.200000,1.000000,0.000000,0.500000,0.000000,0.210000,0.000000
1778943111.749206,0,0.000000,1.740000,0.000000,1.200000,1.000000,0.000000,0.800000,0.000000,0.670000,0.000000
1778943111.846889,0,0.000000,1.370000,0.000000,1.200000,1.000000,0.000000,1.000000,0.000000,0.210000,0.000000
1778943111.918592,0,0.000000,0.440000,0.000000,1.200000,0.550000,0.000000,1.000000,0.000000,0.210000,0.000000
1778943111.971315,0,0.000000,1.370000,0.000000,1.200000,0.180000,0.000000,1.000000,0.000000,0.210000,0.250000
1778943112.039274,0,0.000000,1.370000,0.000000,1.200000,1.000000,0.000000,1.000000,0.000000,0.210000,0.000000
1778943112.081554,0,0.000000,1.370000,0.000000,1.200000,1.000000,0.000000,1.000000,0.000000,0.210000,0.000000
1778943112.123059,0,0.000000,0.440000,0.000000,1.200000,0.370000,0.000000,1.000000,0.000000,0.210000,0.000000
1778943112.213453,0,0.000000,1.370000,0.000000,1.200000,1.000000,0.000000,1.000000,0.000000,0.210000,0.000000
1778943112.256394,0,0.000000,1.370000,0.000000,1.200000,1.000000,0.000000,1.000000,0.000000,0.210000,0.000000
1778943112.257032,0,0.000000,1.370000,0.000000,1.200000,0.680000,0.000000,1.000000,0.000000,0.210000,0.000000
1778943112.257543,0,0.000000,1.910000,0.000000,1.200000,0.050000,0.000000,1.000000,0.000000,0.890000,0.000000
1778943112.258121,0,0.000000,1.370000,0.000000,1.200000,1.000000,0.000000,1.000000,0.000000,0.210000,0.000000
1778943112.299799,0,0.000000,1.370000,0.000000,1.200000,1.000000,0.000000,1.000000,0.000000,0.210000,0.000000
1778943112.341247,0,0.000000,0.440000,0.000000,1.200000,1.000000,0.000000,1.000000,0.000000,0.210000,0.000000
1778943112.383023,0,0.000000,1.550000,0.000000,1.200000,0.000000,0.000000,1.000000,0.000000,0.440000,0.000000
1778943112.383687,0,0.000000,1.370000,0.000000,1.200000,0.300000,0.000000,1.000000,0.000000,0.210000,0.000000
1778943112.384441,0,0.000000,1.370000,0.000000,1.200000,0.620000,0.000000,1.000000,0.000000,0.210000,0.000000
1778943112.385056,0,0.000000,0.440000,0.000000,1.200000,0.310000,0.000000,1.000000,0.000000,0.210000,0.000000
1778943112.452129,0,0.000000,0.440000,0.000000,1.200000,0.560000,0.000000,1.000000,0.000000,0.210000,0.000000
1778943112.493161,0,0.000000,0.440000,0.000000,1.200000,0.850000,0.000000,1.000000,0.000000,0.210000,0.000000
1778943112.572135,0,0.000000,0.440000,0.000000,1.200000,1.000000,0.000000,0.050000,0.000000,0.210000,0.000000
1778943112.615082,0,0.000000,1.370000,0.000000,1.200000,1.000000,0.000000,0.150000,0.000000,0.210000,0.000000
1778943112.615731,0,0.000000,1.370000,0.000000,1.200000,1.000000,0.000000,0.270000,0.000000,0.210000,0.000000
1778943112.616342,0,0.000000,0.000000,0.000000,1.200000,1.000000,0.000000,0.430000,0.000000,0.000000,0.000000
1778943112.731491,0,0.000000,1.370000,0.000000,1.200000,0.500000,0.000000,1.000000,0.000000,0.210000,0.000000
1778943112.804552,0,0.000000,1.370000,0.000000,1.200000,1.000000,0.000000,1.000000,0.000000,0.210000,0.000000
1778943112.848465,0,0.000000,1.550000,0.000000,1.200000,1.000000,0.000000,1.000000,0.000000,0.440000,0.000000
1778943112.849115,0,0.000000,1.370000,0.000000,1.200000,1.000000,0.000000,1.000000,0.000000,0.210000,0.000000
1778943112.849657,0,0.000000,0.440000,0.000000,1.200000,1.000000,0.000000,1.000000,0.000000,0.210000,0.000000
1778943112.917239,0,0.000000,1.370000,0.000000,1.200000,1.000000,0.000000,1.000000,0.000000,0.210000,0.110000
1778943112.960308,0,0.000000,1.910000,0.000000,1.200000,0.000000,0.000000,1.000000,0.000000,0.890000,0.000000
1778943112.960951,0,0.000000,1.740000,0.000000,1.200000,0.300000,0.000000,1.000000,0.000000,0.670000,0.000000
1778943112.961520,0,0.000000,1.370000,0.000000,1.200000,0.600000,0.000000,1.000000,0.000000,0.210000,0.000000
1778943112.962095,0,0.000000,1.370000,0.000000,1.200000,1.000000,0.000000,1.000000,0.000000,0.210000,0.000000
1778943112.962640,0,0.000000,1.370000,0.000000,1.200000,1.000000,0.000000,1.000000,0.000000,0.210000,0.000000
1778943112.963237,0,0.000000,1.370000,0.000000,1.200000,1.000000,0.000000,1.000000,0.000000,0.210000,0.000000
1778943112.963756,0,0.000000,1.370000,0.000000,1.200000,1.000000,0.000000,1.000000,0.000000,0.210000,0.000000
1778943113.029321,0,0.000000,1.370000,0.000000,1.200000,0.140000,0.000000,1.000000,0.000000,0.210000,0.000000
1778943113.072311,0,0.000000,1.550000,0.000000,1.200000,0.000000,0.000000,1.000000,0.000000,0.440000,0.000000
1778943113.072930,0,0.000000,0.440000,0.000000,1.200000,0.430000,0.000000,1.000000,0.000000,0.210000,0.000000
1778943113.118168,0,0.000000,0.890000,0.000000,1.200000,0.870000,0.000000,1.000000,0.000000,0.440000,0.000000
1778943113.161751,0,0.000000,1.370000,0.000000,1.200000,1.000000,0.000000,1.000000,0.000000,0.210000,0.000000
1778943113.162714,0,0.000000,1.740000,0.000000,1.200000,1.000000,0.000000,1.000000,0.000000,0.670000,0.000000
1778943113.337357,0,0.000000,1.370000,0.000000,1.200000,1.000000,0.000000,1.000000,0.000000,0.210000,0.000000
1778943113.382323,0,0.000000,1.370000,0.000000,1.200000,0.430000,0.000000,1.000000,0.000000,0.210000,0.000000
1778943113.504009,0,0.000000,1.370000,0.000000,1.200000,1.000000,0.000000,1.000000,0.000000,0.210000,0.000000
1778943113.855743,0,0.000000,1.370000,0.000000,1.200000,1.000000,0.000000,1.000000,0.000000,0.210000,0.000000
1778943113.944013,0,0.000000,0.440000,0.000000,1.200000,0.300000,0.000000,1.000000,0.000000,0.210000,0.000000
1778943113.996604,0,0.000000,0.440000,0.000000,1.200000,0.300000,0.000000,1.000000,0.000000,0.210000,0.000000
1778943114.042548,0,0.000000,1.370000,0.000000,1.200000,0.570000,0.000000,0.270000,0.000000,0.210000,0.000000
1778943114.089126,0,0.000000,0.440000,0.000000,1.200000,0.020000,0.000000,1.000000,0.000000,0.210000,0.000000
1778943114.089751,0,0.000000,0.440000,0.000000,1.200000,0.170000,0.000000,1.000000,0.000000,0.210000,0.000000
1778943114.090260,0,0.000000,1.550000,0.000000,1.200000,0.640000,0.000000,1.000000,0.000000,0.440000,0.000000
1778943114.090754,0,0.000000,1.370000,0.000000,1.200000,0.110000,0.000000,1.000000,0.000000,0.210000,0.000000
1778943114.138441,0,0.000000,1.370000,0.000000,1.200000,0.660000,0.000000,1.000000,0.000000,0.210000,0.000000
1778943114.230085,0,0.000000,1.370000,0.000000,1.200000,1.000000,0.000000,1.000000,0.000000,0.210000,0.000000
1778943114.320098,0,0.000000,1.370000,0.000000,1.200000,1.000000,0.000000,1.000000,0.000000,0.210000,0.000000
1778943114.394664,0,0.000000,1.370000,0.000000,1.200000,1.000000,0.000000,1.000000,0.000000,0.210000,0.000000
1778943114.468685,0,0.000000,1.550000,0.000000,1.200000,0.110000,0.000000,1.000000,0.000000,0.440000,0.000000
1778943114.544611,0,0.000000,1.370000,0.000000,1.200000,0.200000,0.000000,1.000000,0.000000,0.210000,0.000000
1778943114.596111,0,0.000000,1.370000,0.000000,1.200000,0.610000,0.000000,1.000000,0.000000,0.210000,0.000000
1778943114.643059,0,0.000000,1.550000,0.000000,1.200000,1.000000,0.000000,1.000000,0.000000,0.440000,0.000000
1778943114.690930,0,0.000000,1.370000,0.000000,1.200000,1.000000,0.000000,1.000000,0.000000,0.210000,0.000000
1778943114.769752,0,0.000000,1.550000,0.000000,1.200000,0.500000,0.000000,1.000000,0.000000,0.440000,0.000000
1778943114.818271,0,0.000000,1.370000,0.000000,1.200000,0.730000,0.000000,1.000000,0.000000,0.210000,0.000000
1778943114.818944,0,0.000000,1.370000,0.000000,1.200000,0.340000,0.000000,1.000000,0.000000,0.210000,0.000000
1778943114.819484,0,0.000000,1.550000,0.000000,1.200000,1.000000,0.000000,1.000000,0.000000,0.440000,0.000000
1778943114.820044,0,0.000000,1.370000,0.000000,1.200000,1.000000,0.000000,1.000000,0.000000,0.210000,0.000000
1778943114.820609,0,0.000000,1.370000,0.000000,1.200000,0.410000,0.000000,1.000000,0.000000,0.210000,0.000000
1778943114.868994,0,0.000000,2.250000,0.000000,1.200000,0.770000,0.000000,1.000000,0.000000,1.120000,0.000000
1778943114.949553,0,0.000000,1.370000,0.000000,1.200000,1.000000,0.000000,1.000000,0.000000,0.210000,0.000000
1778943114.975627,0,0.000000,0.440000,0.000000,1.200000,1.000000,0.000000,1.000000,0.000000,0.210000,0.000000
1778943115.001736,0,0.000000,1.550000,0.000000,1.200000,1.000000,0.000000,1.000000,0.000000,0.440000,0.000000
1778943115.002380,0,0.000000,1.370000,0.000000,1.200000,1.000000,0.000000,1.000000,0.000000,0.210000,0.000000
1778943115.002903,0,0.000000,1.370000,0.000000,1.200000,0.690000,0.000000,1.000000,0.000000,0.210000,0.000000
1778943115.003416,0,0.000000,1.370000,0.000000,1.200000,1.000000,0.000000,1.000000,0.000000,0.210000,0.000000
1778943115.028734,0,0.000000,1.370000,0.000000,1.200000,0.100000,0.000000,0.030000,0.000000,0.210000,0.000000
1778943115.128980,0,0.000000,1.550000,0.000000,1.200000,0.300000,0.000000,0.280000,0.000000,0.440000,0.000000
1778943115.168919,0,0.000000,1.370000,0.000000,1.200000,0.500000,0.000000,0.540000,0.000000,0.210000,0.000000
1778943115.242337,0,0.000000,1.370000,0.000000,1.200000,0.670000,0.000000,0.760000,0.000000,0.210000,0.000000
1778943115.282791,0,0.000000,1.370000,0.000000,1.200000,0.870000,0.000000,1.000000,0.000000,0.210000,0.000000
1778943115.283419,0,0.000000,0.440000,0.000000,1.200000,1.000000,0.000000,1.000000,0.000000,0.210000,0.000000
1778943115.283926,0,0.000000,0.440000,0.000000,1.200000,0.000000,0.000000,1.000000,0.000000,0.210000,0.000000
1778943115.284553,0,0.000000,1.370000,0.000000,1.200000,0.050000,0.000000,1.000000,0.000000,0.210000,0.000000
1778943115.324970,0,0.000000,1.370000,0.000000,1.200000,1.000000,0.000000,1.000000,0.000000,0.210000,0.110000
1778943115.325601,0,0.000000,1.370000,0.000000,1.200000,1.000000,0.000000,1.000000,0.000000,0.210000,0.000000
1778943115.400230,0,0.000000,1.370000,0.000000,1.200000,1.000000,0.000000,1.000000,0.000000,0.210000,0.000000
1778943115.401344,0,0.000000,0.440000,0.000000,1.200000,0.020000,0.000000,1.000000,0.000000,0.210000,0.000000
1778943115.422725,0,0.000000,1.370000,0.000000,1.200000,0.280000,0.000000,1.000000,0.000000,0.210000,0.000000
1778943115.443756,0,0.000000,1.370000,0.000000,1.200000,0.560000,0.000000,1.000000,0.000000,0.210000,0.000000
1778943115.444408,0,0.000000,1.370000,0.000000,1.200000,1.000000,0.000000,1.000000,0.000000,0.210000,0.000000
1778943115.484565,0,0.000000,1.370000,0.000000,1.200000,1.000000,0.000000,1.000000,0.000000,0.210000,0.110000
1778943115.485207,0,0.000000,0.440000,0.000000,1.200000,1.000000,0.000000,1.000000,0.000000,0.210000,0.000000
1778943115.485752,0,0.000000,1.370000,0.000000,1.200000,1.000000,0.000000,1.000000,0.000000,0.210000,0.000000
1778943115.541312,0,0.000000,1.370000,0.000000,1.200000,1.000000,0.000000,1.000000,0.000000,0.210000,0.000000
1778943115.581170,0,0.000000,1.370000,0.000000,1.200000,1.000000,0.000000,1.000000,0.000000,0.210000,0.000000
1778943115.581814,0,0.000000,1.370000,0.000000,1.200000,1.000000,0.000000,0.000000,0.000000,0.210000,0.370000
1778943115.582364,0,0.000000,1.370000,0.000000,1.200000,1.000000,0.000000,0.210000,0.000000,0.210000,0.000000
1778943115.582923,0,0.000000,1.550000,0.000000,1.200000,1.000000,0.000000,0.720000,0.000000,0.440000,0.000000
1778943115.646796,0,0.000000,0.440000,0.000000,1.200000,1.000000,0.000000,0.950000,0.000000,0.210000,0.000000
1778943115.687801,0,0.000000,1.370000,0.000000,1.200000,1.000000,0.000000,1.000000,0.000000,0.210000,0.000000
1778943115.688442,0,0.000000,1.370000,0.000000,1.200000,1.000000,0.000000,1.000000,0.000000,0.210000,0.000000
1778943115.688962,0,0.000000,1.550000,0.000000,1.200000,1.000000,0.000000,1.000000,0.000000,0.440000,0.000000
1778943115.689470,0,0.000000,0.440000,0.000000,1.200000,1.000000,0.000000,1.000000,0.000000,0.210000,0.000000
1778943115.690033,0,0.000000,1.370000,0.000000,1.200000,1.000000,0.000000,0.050000,0.000000,0.210000,0.000000
1778943115.736208,0,0.000000,0.440000,0.000000,1.200000,1.000000,0.000000,0.200000,0.000000,0.210000,0.000000
1778943115.796972,0,0.000000,1.370000,0.000000,1.200000,1.000000,0.000000,0.340000,0.000000,0.210000,0.000000
1778943115.817920,0,0.000000,1.370000,0.000000,1.200000,1.000000,0.000000,0.490000,0.000000,0.210000,0.000000
1778943115.838979,0,0.000000,1.550000,0.000000,1.200000,0.000000,0.000000,0.620000,0.000000,0.440000,0.000000
1778943115.839641,0,0.000000,1.370000,0.000000,1.200000,0.280000,0.000000,0.790000,0.000000,0.210000,0.000000
1778943115.840178,0,0.000000,1.370000,0.000000,1.200000,0.030000,0.000000,1.000000,0.000000,0.210000,0.110000
1778943115.865583,0,0.000000,1.370000,0.000000,1.200000,0.310000,0.000000,1.000000,0.000000,0.210000,0.000000
1778943115.913424,0,0.000000,1.370000,0.000000,1.200000,0.120000,0.000000,1.000000,0.000000,0.210000,0.000000
1778943115.961851,0,0.000000,1.370000,0.000000,1.200000,0.360000,0.000000,1.000000,0.000000,0.210000,0.000000
1778943115.962579,0,0.000000,1.370000,0.000000,1.200000,0.600000,0.000000,1.000000,0.000000,0.210000,0.000000
1778943116.010123,0,0.000000,1.370000,0.000000,1.200000,0.810000,0.000000,1.000000,0.000000,0.210000,0.000000
1778943116.010783,0,0.000000,1.370000,0.000000,1.200000,1.000000,0.000000,1.000000,0.000000,0.210000,0.000000
1778943116.069668,0,0.000000,1.550000,0.000000,0.000000,0.000000,0.000000,0.100000,3.390000,0.440000,0.000000
1778943116.116984,0,0.000000,1.550000,0.000000,0.000000,0.210000,0.000000,0.200000,16.140000,0.440000,0.000000
1778943116.141300,0,0.000000,0.440000,0.000000,0.000000,0.660000,0.000000,0.370000,5.510000,0.210000,0.000000
1778943116.163541,0,0.000000,1.370000,0.000000,0.000000,0.870000,0.000000,0.440000,1.420000,0.210000,0.000000
1778943116.164186,0,0.000000,0.440000,0.000000,1.290000,1.000000,0.000000,0.170000,0.000000,0.210000,0.110000
1778943116.164726,0,0.000000,0.890000,0.000000,0.000000,0.010000,0.000000,0.340000,0.000000,0.440000,0.000000
1778943116.231701,0,0.000000,1.370000,0.000000,0.000000,0.470000,0.000000,0.610000,0.000000,0.210000,0.000000
1778943116.273298,0,0.000000,1.550000,0.000000,0.000000,0.630000,0.000000,0.690000,0.000000,0.440000,0.000000
1778943116.336274,0,0.000000,1.550000,0.000000,0.000000,0.810000,0.000000,0.790000,0.000000,0.440000,0.000000
1778943116.379409,0,0.000000,1.370000,0.000000,0.000000,0.950000,0.000000,0.870000,0.000000,0.210000,0.000000
1778943116.380169,0,0.000000,1.370000,0.000000,0.000000,0.280000,0.000000,1.000000,0.000000,0.210000,0.000000
1778943116.380795,0,0.000000,1.370000,0.000000,0.000000,0.540000,0.000000,1.000000,0.000000,0.210000,0.000000
1778943116.424209,0,0.000000,1.370000,0.000000,0.000000,0.760000,0.000000,1.000000,0.000000,0.210000,0.000000
1778943116.425056,0,0.000000,1.370000,0.000000,0.000000,0.150000,0.000000,1.000000,0.000000,0.210000,0.000000
1778943116.426027,0,0.000000,1.370000,0.000000,0.000000,0.280000,0.000000,1.000000,0.000000,0.210000,0.000000
1778943116.426829,0,0.000000,1.550000,0.000000,1.390000,0.120000,0.000000,1.000000,0.000000,0.440000,0.250000
1778943116.449583,0,0.000000,1.370000,0.000000,0.000000,0.270000,0.000000,1.000000,0.000000,0.210000,0.000000
1778943116.472131,0,0.000000,1.350000,0.000000,0.000000,0.430000,0.000000,1.000000,0.000000,0.670000,0.000000
1778943116.472795,0,0.000000,1.550000,0.000000,0.000000,0.570000,0.000000,1.000000,0.000000,0.440000,0.000000
1778943116.495413,0,0.000000,1.370000,0.000000,0.000000,0.750000,0.000000,0.000000,0.000000,0.210000,0.000000
1778943116.539181,0,0.000000,0.440000,0.000000,0.000000,0.050000,0.000000,0.070000,0.000000,0.210000,0.000000
1778943116.561232,0,0.000000,1.550000,0.000000,0.000000,0.230000,0.000000,0.120000,0.000000,0.440000,0.000000
1778943116.583150,0,0.000000,1.370000,0.000000,0.000000,0.400000,0.000000,0.180000,0.000000,0.210000,0.000000
1778943116.584050,0,0.000000,1.370000,0.000000,0.000000,0.570000,0.000000,0.250000,0.000000,0.210000,0.000000
1778943116.584674,0,0.000000,1.370000,0.000000,0.000000,0.750000,0.000000,0.310000,0.000000,0.210000,0.000000
1778943116.605706,0,0.000000,1.370000,0.000000,0.000000,0.920000,0.000000,0.360000,0.000000,0.210000,0.000000
1778943116.646191,0,0.000000,1.550000,0.000000,0.000000,1.000000,0.000000,0.410000,0.000000,0.440000,0.000000
1778943116.646809,0,0.000000,1.370000,0.000000,0.000000,1.000000,0.000000,0.470000,0.000000,0.210000,0.000000
1778943116.719723,0,0.000000,0.440000,0.000000,0.000000,0.010000,0.000000,0.510000,0.000000,0.210000,0.000000
1778943116.720333,0,0.000000,0.440000,0.000000,0.000000,0.200000,0.000000,0.570000,0.000000,0.210000,0.000000
1778943116.720881,0,0.000000,1.370000,0.000000,0.000000,0.370000,0.000000,0.640000,0.000000,0.210000,0.000000
1778943116.721435,0,0.000000,1.370000,0.000000,0.000000,0.560000,0.000000,0.690000,0.000000,0.210000,0.000000
1778943116.722595,0,0.000000,1.740000,0.000000,0.000000,0.000000,0.000000,0.810000,0.000000,0.670000,0.000000
1778943116.723217,0,0.000000,1.550000,0.000000,0.000000,0.150000,0.000000,0.870000,0.000000,0.440000,0.000000
1778943116.723750,0,0.000000,1.370000,0.000000,0.000000,0.300000,0.000000,0.930000,0.000000,0.210000,0.000000
1778943116.778588,0,0.000000,1.550000,0.000000,0.000000,0.440000,0.000000,0.990000,0.000000,0.440000,0.000000
1778943116.839383,0,0.000000,1.370000,0.000000,0.000000,0.620000,0.000000,1.000000,0.000000,0.210000,0.000000
1778943116.880449,0,0.000000,0.000000,0.000000,0.000000,0.760000,0.000000,1.000000,0.000000,0.000000,0.000000
1778943116.881078,0,0.000000,0.000000,0.000000,0.000000,0.090000,0.000000,1.000000,0.000000,0.000000,0.000000
1778943116.881598,0,0.000000,1.740000,0.000000,0.000000,0.250000,0.000000,1.000000,0.000000,0.670000,0.000000
1778943116.882108,0,0.000000,1.370000,0.000000,0.000000,0.740000,0.000000,1.000000,0.000000,0.210000,0.000000
1778943116.882655,0,0.000000,1.370000,0.000000,0.000000,0.910000,0.000000,1.000000,0.000000,0.210000,0.000000
1778943116.936243,0,0.000000,1.370000,0.000000,0.000000,1.000000,0.000000,1.000000,0.000000,0.210000,0.000000
1778943116.975597,0,0.000000,1.370000,0.000000,0.000000,1.000000,0.000000,1.000000,0.000000,0.210000,0.000000
1778943116.976266,0,0.000000,1.370000,0.000000,0.000000,1.000000,0.000000,1.000000,0.000000,0.210000,0.000000
1778943116.976812,0,0.000000,3.160000,0.000000,0.000000,0.000000,0.000000,1.000000,0.000000,1.580000,0.000000
1778943117.026697,0,0.000000,1.370000,0.000000,0.000000,0.280000,0.000000,1.000000,0.000000,0.210000,0.000000
1778943117.065414,0,0.000000,1.370000,0.000000,0.000000,0.430000,0.000000,1.000000,0.000000,0.210000,0.000000
1778943117.066051,0,0.000000,1.550000,0.000000,0.000000,0.570000,0.000000,1.000000,0.000000,0.440000,0.000000
1778943117.066672,0,0.000000,1.370000,0.000000,0.000000,0.750000,0.000000,1.000000,0.000000,0.210000,0.000000
1778943117.067240,0,0.000000,1.370000,0.000000,0.000000,1.000000,0.000000,1.000000,0.000000,0.210000,0.000000
1778943117.067992,0,0.000000,2.700000,0.000000,0.000000,0.000000,0.000000,1.000000,0.000000,1.350000,0.000000
1778943117.131542,0,0.000000,0.440000,0.000000,0.000000,0.110000,0.000000,1.000000,0.000000,0.210000,0.000000
1778943117.170695,0,0.000000,0.890000,0.000000,0.000000,0.230000,0.000000,1.000000,0.000000,0.440000,0.000000
1778943117.171349,0,0.000000,0.000000,0.000000,0.000000,0.370000,0.000000,1.000000,0.000000,0.000000,0.000000
1778943117.171920,0,0.000000,0.440000,0.000000,0.000000,0.000000,0.000000,1.000000,0.000000,0.210000,0.000000
1778943117.172544,0,0.000000,0.440000,0.000000,0.000000,0.280000,0.000000,1.000000,0.000000,0.210000,0.000000
1778943117.173234,0,0.000000,1.550000,0.000000,0.000000,0.410000,0.000000,1.000000,0.000000,0.440000,0.000000
1778943117.211019,0,0.000000,1.370000,0.000000,0.000000,0.550000,0.000000,1.000000,0.000000,0.210000,0.000000
1778943117.211665,0,0.000000,1.370000,0.000000,0.000000,0.680000,0.000000,1.000000,0.000000,0.210000,0.000000
1778943117.249372,0,0.000000,0.440000,0.000000,0.000000,0.810000,0.000000,1.000000,0.000000,0.210000,0.000000
1778943117.250026,0,0.000000,1.370000,0.000000,0.000000,0.940000,0.000000,1.000000,0.000000,0.210000,0.000000
1778943117.250603,0,0.000000,1.550000,0.000000,0.000000,1.000000,0.000000,1.000000,0.000000,0.440000,0.000000
1778943117.296806,0,0.000000,1.550000,0.000000,0.000000,1.000000,0.000000,1.000000,0.000000,0.440000,0.000000
1778943117.334575,0,0.000000,1.550000,0.000000,0.000000,1.000000,0.000000,1.000000,0.000000,0.440000,0.000000
1778943117.335198,0,0.000000,1.740000,0.000000,0.000000,1.000000,0.000000,1.000000,0.000000,0.670000,0.000000
1778943117.335777,0,0.000000,1.370000,0.000000,0.000000,1.000000,0.000000,1.000000,0.000000,0.210000,0.000000
1778943117.386317,0,0.000000,1.370000,0.000000,0.000000,1.000000,0.000000,1.000000,0.000000,0.210000,0.000000
1778943117.424427,0,0.000000,1.740000,0.000000,0.000000,1.000000,0.000000,1.000000,0.000000,0.670000,0.000000
1778943117.469350,0,0.000000,1.550000,0.000000,0.000000,0.000000,0.000000,1.000000,0.000000,0.440000,0.000000
1778943117.489545,0,0.000000,1.370000,0.000000,0.000000,0.110000,0.000000,1.000000,0.000000,0.210000,0.000000
1778943117.552143,0,0.000000,1.550000,0.000000,0.000000,0.200000,0.000000,1.000000,0.000000,0.440000,0.000000
1778943117.572440,0,0.000000,1.550000,0.000000,0.000000,0.330000,0.000000,1.000000,0.000000,0.440000,0.000000
1778943117.573085,0,0.000000,1.550000,0.000000,0.000000,0.750000,0.000000,1.000000,0.000000,0.440000,0.000000
1778943117.573653,0,0.000000,1.550000,0.000000,0.000000,0.880000,0.000000,1.000000,0.000000,0.440000,0.000000
1778943117.592795,0,0.000000,1.370000,0.000000,0.000000,1.000000,0.000000,0.030000,0.000000,0.210000,0.000000
1778943117.593515,0,0.000000,0.440000,0.000000,0.000000,0.050000,0.000000,0.070000,0.000000,0.210000,0.000000
1778943117.614739,0,0.000000,1.550000,0.000000,0.000000,0.150000,0.000000,0.150000,0.000000,0.440000,0.000000
1778943117.615377,0,0.000000,1.370000,0.000000,0.000000,0.270000,0.000000,0.230000,0.000000,0.210000,0.000000
1778943117.651712,0,0.000000,1.550000,0.000000,0.000000,0.370000,0.000000,0.310000,0.000000,0.440000,0.000000
1778943117.652392,0,0.000000,1.370000,0.000000,0.000000,0.470000,0.000000,0.400000,0.000000,0.210000,0.000000
1778943117.652919,0,0.000000,1.370000,0.000000,0.000000,0.020000,0.000000,0.470000,0.000000,0.210000,0.000000
1778943117.653446,0,0.000000,0.000000,0.000000,0.000000,0.180000,0.000000,0.560000,0.000000,0.000000,0.000000
1778943117.689182,0,0.000000,1.550000,0.000000,1.390000,0.050000,0.000000,0.640000,0.000000,0.440000,0.250000
1778943117.689859,0,0.000000,1.370000,0.000000,0.000000,0.230000,0.000000,0.730000,0.000000,0.210000,0.000000
1778943117.690402,0,0.000000,0.440000,0.000000,1.290000,0.380000,0.000000,0.810000,0.000000,0.210000,0.110000
1778943117.725992,0,0.000000,1.550000,0.000000,0.000000,0.560000,0.000000,0.880000,0.000000,0.440000,0.000000
1778943117.793474,0,0.000000,1.550000,0.000000,0.000000,0.720000,0.000000,0.970000,0.000000,0.440000,0.000000
1778943117.814495,0,0.000000,1.370000,0.000000,0.000000,0.880000,0.000000,1.000000,0.000000,0.210000,0.000000
1778943117.833717,0,0.000000,1.550000,0.000000,0.000000,0.150000,0.000000,1.000000,0.000000,0.440000,0.000000
1778943117.834342,0,0.000000,1.370000,0.000000,0.000000,0.400000,0.000000,1.000000,0.000000,0.210000,0.000000
1778943117.834874,0,0.000000,1.370000,0.000000,0.000000,0.630000,0.000000,1.000000,0.000000,0.210000,0.000000
1778943117.889314,0,0.000000,1.370000,0.000000,0.000000,0.880000,0.000000,1.000000,0.000000,0.210000,0.000000
1778943117.908567,0,0.000000,0.440000,0.000000,0.000000,1.000000,0.000000,1.000000,0.000000,0.210000,0.000000
1778943117.928391,0,0.000000,1.370000,0.000000,0.000000,1.000000,0.000000,1.000000,0.000000,0.210000,0.000000
1778943117.965315,0,0.000000,1.370000,0.000000,0.000000,0.070000,0.000000,1.000000,0.000000,0.210000,0.000000
1778943118.001085,0,0.000000,0.440000,0.000000,0.000000,0.000000,0.000000,1.000000,0.000000,0.210000,0.000000
1778943118.001734,0,0.000000,0.440000,0.000000,0.000000,0.200000,0.000000,1.000000,0.000000,0.210000,0.000000
1778943118.037153,0,0.000000,0.440000,0.000000,0.000000,0.020000,0.000000,1.000000,0.000000,0.210000,0.000000
1778943118.084529,0,0.000000,1.370000,0.000000,0.000000,0.540000,0.000000,1.000000,0.000000,0.210000,0.000000
1778943118.143900,0,0.000000,0.440000,0.000000,0.000000,0.010000,0.000000,1.000000,0.000000,0.210000,0.000000
1778943118.163393,0,0.000000,1.370000,0.000000,0.000000,0.360000,0.000000,1.000000,0.000000,0.210000,0.000000
1778943118.183196,0,0.000000,1.370000,0.000000,0.000000,0.300000,0.000000,1.000000,0.000000,0.210000,0.000000
1778943118.183807,0,0.000000,0.440000,0.000000,0.000000,0.940000,0.000000,1.000000,0.000000,0.210000,0.000000
1778943118.241739,0,0.000000,1.550000,0.000000,0.000000,0.000000,0.000000,1.000000,0.000000,0.440000,0.000000
1778943118.261518,0,0.000000,1.370000,0.000000,0.000000,0.750000,0.000000,1.000000,0.000000,0.210000,0.000000
1778943118.262483,0,0.000000,1.370000,0.000000,0.000000,1.000000,0.000000,1.000000,0.000000,0.210000,0.000000
1778943118.298233,0,0.000000,1.550000,0.000000,0.000000,0.100000,0.000000,1.000000,0.000000,0.440000,0.000000
1778943118.347202,0,0.000000,1.370000,0.000000,0.000000,0.810000,0.000000,1.000000,0.000000,0.210000,0.000000
1778943118.366300,0,0.000000,1.550000,0.000000,0.000000,0.280000,0.000000,1.000000,0.000000,0.440000,0.000000
1778943118.366987,0,0.000000,1.910000,0.000000,0.000000,0.510000,0.000000,1.000000,0.000000,0.890000,0.000000
1778943118.385968,0,0.000000,0.000000,0.000000,0.000000,0.750000,0.000000,1.000000,0.000000,0.000000,0.000000
1778943118.386617,0,0.000000,1.370000,0.000000,0.000000,0.360000,0.000000,1.000000,0.000000,0.210000,0.000000
1778943118.429471,0,0.000000,1.370000,0.000000,0.000000,0.180000,0.000000,1.000000,0.000000,0.210000,0.000000
1778943118.473987,0,0.000000,1.550000,0.000000,0.000000,0.440000,0.000000,1.000000,0.000000,0.440000,0.000000
1778943118.511510,0,0.000000,1.550000,0.000000,0.000000,0.690000,0.000000,1.000000,0.000000,0.440000,0.000000
1778943118.546753,0,0.000000,1.550000,0.000000,0.000000,1.000000,0.000000,1.000000,0.000000,0.440000,0.000000
1778943118.547400,0,0.000000,1.370000,0.000000,0.000000,1.000000,0.000000,1.000000,0.000000,0.210000,0.000000
1778943118.547938,0,0.000000,1.370000,0.000000,0.000000,1.000000,0.000000,1.000000,0.000000,0.210000,0.000000
1778943118.548480,0,0.000000,1.370000,0.000000,0.000000,1.000000,0.000000,1.000000,0.000000,0.210000,0.000000
1778943118.549080,0,0.000000,0.000000,0.000000,1.290000,1.000000,0.000000,1.000000,0.000000,0.000000,0.110000
1778943118.617622,0,0.000000,0.000000,0.000000,0.000000,1.000000,0.000000,1.000000,0.000000,0.210000,0.000000
1778943118.668771,0,0.000000,1.370000,0.000000,0.000000,0.100000,0.000000,1.000000,0.000000,0.210000,0.000000
1778943118.703606,0,0.000000,1.370000,0.000000,0.000000,0.110000,0.000000,1.000000,0.000000,0.210000,0.000000
1778943118.704253,0,0.000000,1.370000,0.000000,0.000000,0.360000,0.000000,1.000000,0.000000,0.210000,0.000000
1778943118.704824,0,0.000000,1.370000,0.000000,0.000000,0.500000,0.000000,1.000000,0.000000,0.210000,0.000000
1778943118.705486,0,0.000000,0.440000,0.000000,0.000000,1.000000,0.000000,1.000000,0.000000,0.210000,0.000000
1778943118.706043,0,0.000000,1.550000,0.000000,0.000000,0.000000,0.000000,1.000000,0.000000,0.440000,0.000000
1778943118.706754,0,0.000000,1.370000,0.000000,0.000000,0.460000,0.000000,1.000000,0.000000,0.210000,0.000000
1778943118.774078,0,0.000000,1.370000,0.000000,0.000000,1.000000,0.000000,1.000000,0.000000,0.210000,0.000000
1778943118.797502,0,0.000000,1.370000,0.000000,1.290000,1.000000,0.000000,1.000000,0.000000,0.210000,0.110000
1778943118.819322,0,0.000000,0.000000,0.000000,0.000000,1.000000,0.000000,1.000000,0.000000,0.000000,0.000000
1778943118.840896,0,0.000000,1.740000,0.000000,0.000000,0.610000,0.000000,1.000000,0.000000,0.670000,0.000000
1778943118.886657,0,0.000000,1.370000,0.000000,0.000000,1.000000,0.000000,1.000000,0.000000,0.210000,0.000000
1778943118.909078,0,0.000000,1.370000,0.000000,0.000000,1.000000,0.000000,1.000000,0.000000,0.210000,0.000000
1778943118.984980,0,0.000000,1.370000,0.000000,0.000000,1.000000,0.000000,1.000000,0.000000,0.210000,0.000000
1778943119.070431,0,0.000000,0.440000,0.000000,0.000000,1.000000,0.000000,1.000000,0.000000,0.210000,0.000000
1778943119.072589,0,0.000000,1.370000,0.000000,0.000000,1.000000,0.000000,1.000000,0.000000,0.210000,0.000000
1778943119.073503,0,0.000000,1.740000,0.000000,0.000000,1.000000,0.000000,1.000000,0.000000,0.670000,0.000000
1778943119.096299,0,0.000000,1.370000,0.000000,0.000000,1.000000,0.000000,1.000000,0.000000,0.210000,0.000000
1778943119.118857,0,0.000000,1.370000,0.000000,0.000000,0.680000,0.000000,1.000000,0.000000,0.210000,0.000000
1778943119.119519,0,0.000000,1.370000,0.000000,0.000000,1.000000,0.000000,1.000000,0.000000,0.210000,0.110000
1778943119.120048,0,0.000000,1.370000,0.000000,0.000000,0.630000,0.000000,1.000000,0.000000,0.210000,0.000000
1778943119.161189,0,0.000000,1.370000,0.000000,0.000000,0.180000,0.000000,1.000000,0.000000,0.210000,0.000000
1778943119.232507,0,0.000000,0.440000,0.000000,0.000000,0.100000,0.000000,1.000000,0.000000,0.210000,0.000000
1778943119.274214,0,0.000000,1.370000,0.000000,0.000000,0.850000,0.000000,1.000000,0.000000,0.210000,0.000000
1778943119.274871,0,0.000000,1.370000,0.000000,0.000000,1.000000,0.000000,1.000000,0.000000,0.210000,0.000000
1778943119.314750,0,0.000000,1.550000,0.000000,0.000000,1.000000,0.000000,1.000000,0.000000,0.440000,0.000000
1778943119.315462,0,0.000000,1.370000,0.000000,0.000000,1.000000,0.000000,1.000000,0.000000,0.210000,0.000000
1778943119.316031,0,0.000000,1.370000,0.000000,0.000000,0.800000,0.000000,0.010000,0.000000,0.210000,0.000000
1778943119.359030,0,0.000000,1.370000,0.000000,0.010000,1.000000,0.000000,0.100000,0.000000,0.210000,0.000000
1778943119.382244,0,0.000000,1.370000,0.000000,0.010000,1.000000,0.000000,0.250000,0.000000,0.210000,0.000000
1778943119.424249,0,0.000000,1.370000,0.000000,0.010000,0.550000,0.000000,0.340000,0.000000,0.210000,0.000000
1778943119.486388,0,0.000000,0.440000,0.000000,0.010000,1.000000,0.000000,0.430000,0.000000,0.210000,0.000000
1778943119.580190,0,0.000000,1.370000,0.000000,0.010000,1.000000,0.000000,0.600000,0.000000,0.210000,0.000000
1778943119.582011,0,0.000000,1.370000,0.000000,0.010000,0.600000,0.000000,0.680000,0.000000,0.210000,0.000000
1778943119.605990,0,0.000000,1.370000,0.000000,0.020000,0.310000,0.000000,0.830000,0.000000,0.210000,0.000000
1778943119.606613,0,0.000000,1.740000,0.000000,0.020000,0.000000,0.000000,1.000000,0.000000,0.670000,0.000000
1778943119.628829,0,0.000000,1.370000,0.000000,0.020000,0.180000,0.000000,1.000000,0.000000,0.210000,0.000000
1778943119.650744,0,0.000000,1.370000,0.000000,0.030000,0.700000,0.000000,1.000000,0.000000,0.210000,0.000000
1778943119.703747,0,0.000000,0.440000,0.000000,0.030000,1.000000,0.000000,1.000000,0.000000,0.210000,0.000000
1778943119.744201,0,0.000000,1.370000,0.000000,0.030000,1.000000,0.000000,1.000000,0.000000,0.210000,0.000000
1778943119.744882,0,0.000000,1.370000,0.000000,0.030000,1.000000,0.000000,1.000000,0.000000,0.210000,0.000000
1778943119.745412,0,0.000000,1.370000,0.000000,0.030000,1.000000,0.000000,1.000000,0.000000,0.210000,0.000000
1778943119.745927,0,0.000000,1.370000,0.000000,0.050000,1.000000,0.000000,1.000000,0.000000,0.210000,0.000000
1778943119.835016,0,0.000000,1.370000,0.000000,0.050000,1.000000,0.000000,1.000000,0.000000,0.210000,0.000000
1778943119.883777,0,0.000000,1.370000,0.000000,0.050000,1.000000,0.000000,1.000000,0.000000,0.210000,0.000000
1778943119.884399,0,0.000000,1.370000,0.000000,0.050000,1.000000,0.000000,1.000000,0.000000,0.210000,0.000000
1778943119.884912,0,0.000000,1.370000,0.000000,0.050000,1.000000,0.000000,1.000000,0.000000,0.210000,0.000000
1778943119.885449,0,0.000000,1.370000,0.000000,0.050000,1.000000,0.000000,0.000000,0.000000,0.210000,0.000000
1778943119.928568,0,0.000000,1.550000,0.000000,0.050000,0.000000,0.000000,0.140000,0.000000,0.440000,0.000000
1778943119.970565,0,0.000000,1.370000,0.000000,0.050000,1.000000,0.000000,0.180000,0.000000,0.210000,0.000000
1778943120.057888,0,0.000000,1.370000,0.000000,0.050000,0.820000,0.000000,0.230000,0.000000,0.210000,0.250000
1778943120.101510,0,0.000000,0.000000,0.000000,0.050000,1.000000,0.000000,0.280000,0.000000,0.000000,0.000000
1778943120.102144,0,0.000000,1.370000,0.000000,0.000000,0.930000,0.000000,0.090000,0.150000,0.210000,0.000000
1778943120.102657,0,0.000000,1.370000,0.000000,0.000000,1.000000,0.000000,0.100000,0.000000,0.210000,0.000000
1778943120.103381,0,0.000000,0.440000,0.000000,0.000000,0.030000,0.000000,0.300000,0.000000,0.210000,0.000000
1778943120.153788,0,0.000000,1.370000,0.000000,0.000000,1.000000,0.000000,0.630000,0.000000,0.210000,0.000000
1778943120.194411,0,0.000000,1.370000,0.000000,0.000000,1.000000,0.000000,0.700000,0.000000,0.210000,0.000000
1778943120.252160,0,0.000000,0.440000,0.000000,0.000000,1.000000,0.000000,0.770000,0.000000,0.210000,0.000000
1778943120.337126,0,0.000000,1.550000,0.000000,0.000000,1.000000,0.000000,0.850000,0.000000,0.440000,0.000000
1778943120.361797,0,0.000000,1.370000,0.000000,0.000000,1.000000,0.000000,0.980000,0.000000,0.210000,0.000000
1778943120.362402,0,0.000000,1.370000,0.000000,0.000000,1.000000,0.000000,1.000000,0.000000,0.210000,0.000000
1778943120.362926,0,0.000000,1.370000,0.000000,1.390000,0.180000,0.000000,1.000000,0.000000,0.210000,0.250000
1778943120.385267,0,0.000000,1.370000,0.000000,0.000000,0.180000,0.000000,1.000000,0.000000,0.210000,0.000000
1778943120.431251,0,0.000000,0.440000,0.000000,0.000000,1.000000,0.000000,1.000000,0.000000,0.210000,0.000000
1778943120.484035,0,0.000000,1.370000,0.000000,1.290000,1.000000,0.000000,1.000000,0.000000,0.210000,0.110000
1778943120.569464,0,0.000000,0.440000,0.000000,0.000000,1.000000,0.000000,1.000000,0.000000,0.210000,0.000000
1778943120.613148,0,0.000000,1.370000,0.000000,1.290000,1.000000,0.000000,1.000000,0.000000,0.210000,0.110000
1778943120.614352,0,0.000000,1.370000,0.000000,0.000000,0.200000,0.000000,1.000000,0.000000,0.210000,0.000000
1778943120.656334,0,0.000000,1.370000,0.000000,0.000000,0.800000,0.000000,1.000000,0.000000,0.210000,0.000000
1778943120.656981,0,0.000000,1.550000,0.000000,0.000000,0.000000,0.000000,1.000000,0.000000,0.440000,0.000000
1778943120.657512,0,0.000000,0.440000,0.000000,0.000000,1.000000,0.000000,0.050000,0.000000,0.210000,0.000000
1778943120.658019,0,0.000000,1.550000,0.000000,0.000000,0.000000,0.000000,0.120000,0.000000,0.440000,0.000000
