epoch,mark,Measured Torque (R),Desired Torque (R),Measured Torque (L),Desired Torque (L),Gait/100 (R),Toe FSR (R),Gait/100 (L),Toe FSR (L),Heel FSR (R),Heel FSR (L)
1778986331.590104,0,0.000000,0.000000,0.000000,0.000000,0.000000,0.000000,0.000000,184.720000,0.000000,0.000000
1778986331.888213,0,0.000000,0.000000,0.000000,0.000000,0.000000,0.000000,0.000000,0.020000,2.000000,1.000000
1778986331.935902,0,0.000000,0.000000,0.000000,0.000000,0.000000,0.000000,0.000000,0.000000,0.000000,0.000000
1778986331.936323,0,0.000000,0.000000,0.000000,0.000000,0.000000,0.000000,0.000000,0.000000,0.000000,0.000000
1778986332.013023,0,0.000000,0.000000,0.000000,0.000000,0.000000,0.000000,0.000000,0.000000,1.000000,0.000000
1778986332.054058,0,0.000000,0.000000,0.000000,0.000000,0.000000,0.000000,0.000000,0.200000,0.000000,0.330000
1778986332.109752,0,0.000000,0.000000,0.000000,0.000000,0.000000,0.000000,0.000000,1.000000,0.000000,0.000000
1778986332.185216,0,0.000000,0.000000,0.000000,0.000000,0.000000,0.000000,0.000000,1.000000,0.000000,0.000000
1778986332.228092,0,0.000000,0.000000,0.000000,0.000000,0.000000,0.000000,0.000000,0.820000,0.000000,0.000000
1778986332.228527,0,0.000000,0.000000,0.000000,0.000000,0.000000,0.000000,0.000000,0.630000,0.000000,0.250000
1778986332.351724,0,0.000000,0.000000,0.000000,0.000000,0.000000,0.000000,0.000000,0.760000,0.000000,0.000000
1778986332.411522,0,0.000000,0.000000,0.000000,0.000000,0.000000,0.000000,0.000000,0.180000,0.110000,0.000000
1778986332.537904,0,0.000000,0.000000,0.000000,0.000000,0.000000,0.000000,0.000000,0.090000,0.000000,0.000000
1778986332.661357,0,0.000000,0.000000,0.000000,0.000000,0.000000,0.000000,0.000000,0.090000,0.000000,0.000000
1778986332.847464,0,0.000000,0.000000,0.000000,0.000000,0.000000,0.000000,0.000000,0.090000,0.000000,0.000000
1778986332.862706,0,0.000000,0.000000,0.000000,0.000000,0.000000,0.000000,0.000000,0.610000,0.000000,0.000000
1778986332.915565,0,0.000000,0.000000,0.000000,0.000000,0.000000,0.000000,0.000000,1.000000,0.000000,0.000000
1778986332.942569,0,0.000000,0.000000,0.000000,0.000000,0.000000,0.000000,0.000000,1.000000,0.000000,0.000000
1778986332.951270,0,0.000000,0.000000,0.000000,0.000000,0.000000,0.000000,0.000000,0.790000,0.000000,0.000000
1778986333.058061,0,0.000000,0.000000,0.000000,0.000000,0.000000,0.000000,0.000000,0.070000,0.110000,0.000000
1778986333.242814,0,0.000000,0.000000,0.000000,0.000000,0.000000,0.000000,0.000000,0.000000,0.000000,0.000000
1778986333.287756,0,0.000000,0.000000,0.000000,0.000000,0.000000,0.000000,0.000000,0.000000,0.000000,0.000000
1778986333.295359,0,0.000000,0.000000,0.000000,0.000000,0.000000,0.000000,0.000000,0.000000,0.250000,0.250000
1778986333.355396,0,0.000000,0.000000,0.000000,0.000000,0.000000,0.000000,0.000000,0.000000,0.110000,0.000000
1778986333.384568,0,0.000000,0.000000,0.000000,0.000000,0.000000,0.000000,0.000000,0.000000,0.110000,0.000000
1778986333.437575,0,0.000000,0.000000,0.000000,0.000000,0.000000,0.000000,0.000000,0.500000,0.000000,0.000000
1778986334.189490,0,0.000000,0.000000,0.000000,0.000000,0.000000,0.000000,0.000000,0.620000,0.000000,0.000000
1778986334.263248,0,0.000000,0.000000,0.000000,0.000000,0.000000,0.000000,0.000000,1.000000,0.000000,0.000000
1778986334.315169,0,0.000000,0.000000,0.000000,0.000000,0.000000,0.000000,0.000000,0.990000,0.000000,0.000000
1778986334.331455,0,0.000000,0.000000,0.000000,0.000000,0.000000,0.000000,0.000000,1.000000,0.000000,0.000000
1778986334.333344,0,0.000000,0.000000,0.000000,0.000000,0.000000,0.000000,0.000000,0.930000,0.000000,0.000000
1778986334.334015,0,0.000000,0.000000,0.000000,0.000000,0.000000,0.000000,0.000000,0.370000,0.000000,0.000000
1778986334.382488,0,0.000000,0.000000,0.000000,0.000000,0.000000,0.000000,0.000000,0.340000,0.000000,0.000000
1778986334.399826,0,0.000000,0.000000,0.000000,0.000000,0.000000,0.000000,0.000000,0.370000,0.000000,0.000000
1778986334.402013,0,0.000000,0.000000,0.000000,0.000000,0.000000,0.000000,0.000000,0.370000,0.000000,0.000000
1778986334.510492,0,0.000000,0.000000,0.000000,0.000000,0.000000,0.000000,0.000000,0.370000,0.000000,0.000000
1778986334.827340,0,0.000000,0.000000,0.000000,0.000000,0.000000,0.000000,0.000000,0.370000,0.000000,0.250000
1778986335.014168,0,0.000000,0.000000,0.000000,0.000000,0.000000,0.000000,0.000000,0.370000,0.000000,0.000000
1778986335.051894,0,0.000000,0.000000,0.000000,0.000000,0.000000,0.000000,0.000000,0.340000,0.000000,0.000000
1778986335.095993,0,0.000000,0.000000,0.000000,0.000000,0.000000,0.000000,0.000000,0.370000,0.000000,0.000000
1778986335.103555,0,0.000000,0.000000,0.000000,0.000000,0.000000,0.000000,0.000000,0.340000,0.000000,0.000000
1778986335.107887,0,0.000000,0.000000,0.000000,0.000000,0.000000,0.000000,0.000000,0.100000,0.000000,0.000000
1778986335.117691,0,0.000000,0.000000,0.000000,0.000000,0.000000,0.000000,0.000000,0.400000,0.000000,0.000000
1778986335.119631,0,0.000000,0.000000,0.000000,0.000000,0.000000,0.000000,0.000000,0.410000,0.000000,0.000000
1778986335.122443,0,0.000000,0.000000,0.000000,0.000000,0.000000,0.000000,0.000000,0.410000,0.000000,0.000000
1778986335.122853,0,0.000000,0.000000,0.000000,0.000000,0.000000,0.000000,0.000000,0.430000,0.000000,0.000000
1778986335.178978,0,0.000000,0.000000,0.000000,0.000000,0.000000,0.000000,0.000000,0.460000,0.000000,0.000000
1778986335.194333,0,0.000000,0.000000,0.000000,0.000000,0.000000,0.000000,0.000000,0.490000,0.000000,0.000000
1778986335.203240,0,0.000000,0.000000,0.000000,0.000000,0.000000,0.000000,0.000000,0.610000,0.000000,0.000000
1778986335.204244,0,0.000000,0.000000,0.000000,0.000000,0.000000,0.000000,0.000000,0.730000,0.000000,0.000000
1778986335.207875,0,0.000000,0.000000,0.000000,0.000000,0.000000,0.000000,0.000000,0.760000,0.000000,0.000000
1778986335.220589,0,0.000000,0.000000,0.000000,0.000000,0.000000,0.000000,0.000000,0.760000,0.000000,0.000000
1778986335.246015,0,0.000000,0.000000,0.000000,0.000000,0.000000,0.000000,0.000000,0.760000,0.000000,0.000000
1778986335.253666,0,0.000000,0.000000,0.000000,0.000000,0.000000,0.000000,0.000000,0.750000,0.000000,0.000000
1778986335.268560,0,0.000000,0.000000,0.000000,0.000000,0.000000,0.000000,0.000000,0.720000,0.000000,0.000000
1778986335.284340,0,0.000000,0.000000,0.000000,0.000000,0.000000,0.000000,0.000000,0.620000,0.000000,0.000000
1778986335.306430,0,0.000000,0.000000,0.000000,0.000000,0.000000,0.000000,0.000000,0.520000,0.000000,0.000000
1778986335.308110,0,0.000000,0.000000,0.000000,0.000000,0.000000,0.000000,0.000000,0.460000,0.000000,0.000000
1778986335.359448,0,0.000000,0.000000,0.000000,0.000000,0.000000,0.000000,0.000000,0.430000,0.000000,0.000000
1778986335.363512,0,0.000000,0.000000,0.000000,0.000000,0.000000,0.000000,0.000000,0.370000,0.000000,0.500000
1778986335.364480,0,0.000000,0.000000,0.000000,0.000000,0.000000,0.000000,0.000000,0.360000,0.000000,0.000000
1778986335.381002,0,0.000000,0.000000,0.000000,0.000000,0.000000,0.000000,0.000000,0.360000,0.000000,0.000000
1778986335.388518,0,0.000000,0.000000,0.000000,0.000000,0.000000,0.000000,0.000000,0.370000,0.000000,0.000000
1778986335.395633,0,0.000000,0.000000,0.000000,0.000000,0.000000,0.000000,0.000000,0.370000,0.000000,0.000000
1778986335.442800,0,0.000000,0.000000,0.000000,0.000000,0.000000,0.000000,0.000000,0.370000,0.000000,0.000000
1778986335.443308,0,0.000000,0.000000,0.000000,0.000000,0.000000,0.000000,0.000000,0.370000,0.000000,0.000000
1778986335.456866,0,0.000000,0.000000,0.000000,0.000000,0.000000,0.000000,0.000000,0.370000,0.000000,0.000000
1778986335.457473,0,0.000000,0.000000,0.000000,0.000000,0.000000,0.000000,0.000000,0.370000,0.110000,0.000000
1778986335.478621,0,0.000000,0.000000,0.000000,0.000000,0.000000,0.000000,0.000000,0.370000,0.000000,0.000000
1778986335.485250,0,0.000000,0.000000,0.000000,0.000000,0.000000,0.000000,0.000000,0.380000,0.000000,0.000000
1778986335.507472,0,0.000000,0.000000,0.000000,0.000000,0.000000,0.000000,0.000000,0.380000,0.110000,0.000000
1778986335.524234,0,0.000000,0.000000,0.000000,0.000000,0.000000,0.000000,0.000000,0.370000,0.110000,0.000000
1778986335.530357,0,0.000000,0.000000,0.000000,0.000000,0.000000,0.000000,0.000000,0.340000,0.000000,0.000000
1778986335.545185,0,0.000000,0.000000,0.000000,0.000000,0.000000,0.000000,0.000000,0.340000,0.110000,0.500000
1778986335.574560,0,0.000000,0.000000,0.000000,0.000000,0.000000,0.000000,0.000000,0.360000,0.000000,0.000000
1778986335.585187,0,0.000000,0.000000,0.000000,0.000000,0.000000,0.000000,0.000000,0.340000,0.000000,0.000000
1778986335.601493,0,0.000000,0.000000,0.000000,0.000000,0.000000,0.000000,0.000000,0.360000,0.000000,0.000000
1778986335.676954,0,0.000000,0.000000,0.000000,0.000000,0.000000,0.000000,0.000000,0.340000,0.000000,0.000000
1778986335.688665,0,0.000000,0.000000,0.000000,0.000000,0.000000,0.000000,0.000000,0.360000,0.110000,0.000000
1778986335.703245,0,0.000000,0.000000,0.000000,0.000000,0.000000,0.000000,0.000000,0.360000,0.000000,0.000000
1778986335.727695,0,0.000000,0.000000,0.000000,0.000000,0.000000,0.000000,0.000000,0.370000,0.000000,0.000000
1778986335.739789,0,0.000000,0.000000,0.000000,0.000000,0.000000,0.000000,0.000000,0.370000,0.000000,0.000000
1778986335.817237,0,0.000000,0.000000,0.000000,0.000000,0.000000,0.000000,0.000000,0.370000,0.000000,0.000000
1778986335.839040,0,0.000000,0.000000,0.000000,0.000000,0.000000,0.000000,0.000000,0.370000,0.000000,0.000000
1778986335.862691,0,0.000000,0.000000,0.000000,0.000000,0.000000,0.000000,0.000000,0.380000,0.000000,0.250000
1778986335.865269,0,0.000000,0.000000,0.000000,0.000000,0.000000,0.000000,0.000000,0.370000,0.000000,0.000000
1778986335.875824,0,0.000000,0.000000,0.000000,0.000000,0.000000,0.000000,0.000000,0.380000,0.000000,0.000000
1778986335.922422,0,0.000000,0.000000,0.000000,0.000000,0.000000,0.000000,0.000000,0.380000,0.000000,0.000000
1778986335.952759,0,0.000000,0.000000,0.000000,0.000000,0.000000,0.000000,0.000000,0.400000,0.000000,0.000000
1778986335.980681,0,0.000000,0.000000,0.000000,0.000000,0.000000,0.000000,0.000000,0.430000,0.000000,0.000000
1778986335.985371,0,0.000000,0.000000,0.000000,0.000000,0.000000,0.000000,0.000000,0.410000,0.000000,0.000000
1778986336.002427,0,0.000000,0.000000,0.000000,0.000000,0.000000,0.000000,0.000000,0.890000,0.000000,0.000000
1778986336.010687,0,0.000000,0.000000,0.000000,0.000000,0.000000,0.000000,0.000000,1.000000,0.000000,0.000000
1778986336.011731,0,0.000000,0.000000,0.000000,0.000000,0.000000,0.000000,0.000000,1.000000,0.000000,0.000000
1778986336.012978,0,0.000000,0.000000,0.000000,0.000000,0.000000,0.000000,0.000000,0.970000,0.000000,0.000000
1778986336.033773,0,0.000000,0.000000,0.000000,0.000000,0.000000,0.000000,0.000000,0.930000,0.000000,0.000000
1778986336.110272,0,0.000000,0.000000,0.000000,0.000000,0.000000,0.000000,0.000000,0.940000,0.000000,0.000000
1778986336.183458,0,0.000000,0.000000,0.000000,0.000000,0.000000,0.000000,0.000000,0.940000,0.000000,0.250000
1778986336.209343,0,0.000000,0.000000,0.000000,0.000000,0.000000,0.000000,0.000000,0.930000,0.000000,0.000000
1778986336.213709,0,0.000000,0.000000,0.000000,0.000000,0.000000,0.000000,0.000000,0.920000,0.000000,0.500000
1778986336.229980,0,0.000000,0.000000,0.000000,0.000000,0.000000,0.000000,0.000000,0.890000,0.000000,0.000000
1778986336.245121,0,0.000000,0.000000,0.000000,0.000000,0.000000,0.000000,0.000000,0.890000,0.000000,0.000000
1778986336.246987,0,0.000000,0.000000,0.000000,0.000000,0.000000,0.000000,0.000000,0.470000,0.000000,0.000000
1778986336.311765,0,0.000000,0.000000,0.000000,0.000000,0.000000,0.000000,0.000000,0.430000,0.000000,0.000000
1778986336.365596,0,0.000000,0.000000,0.000000,0.000000,0.000000,0.000000,0.000000,0.430000,0.000000,0.000000
1778986336.371754,0,0.000000,0.000000,0.000000,0.000000,0.000000,0.000000,0.000000,0.400000,0.000000,0.000000
1778986336.374134,0,0.000000,0.000000,0.000000,0.000000,0.000000,0.000000,0.000000,0.340000,0.000000,0.000000
1778986336.385155,0,0.000000,0.000000,0.000000,0.000000,0.000000,0.000000,0.000000,0.310000,0.000000,0.000000
1778986336.476329,0,0.000000,0.000000,0.000000,0.000000,0.000000,0.000000,0.000000,0.280000,0.000000,0.000000
1778986336.528250,0,0.000000,0.000000,0.000000,0.000000,0.000000,0.000000,0.000000,0.200000,0.000000,0.000000
1778986336.643835,0,0.000000,0.000000,0.000000,0.000000,0.000000,0.000000,0.000000,0.170000,0.000000,0.000000
1778986336.693506,0,0.000000,0.000000,0.000000,0.000000,0.000000,0.000000,0.000000,0.170000,0.000000,0.000000
1778986337.160426,0,0.000000,0.000000,0.000000,0.000000,0.000000,0.000000,0.000000,0.140000,0.000000,0.000000
1778986337.255487,0,0.000000,0.000000,0.000000,0.000000,0.000000,0.000000,0.000000,0.030000,0.000000,0.000000
1778986337.384679,0,0.000000,0.000000,0.000000,0.000000,0.000000,0.000000,0.000000,0.000000,0.000000,0.000000
1778986337.519552,0,0.000000,0.000000,0.000000,0.000000,0.000000,0.000000,0.000000,0.100000,0.000000,0.000000
1778986337.539964,0,0.000000,0.000000,0.000000,0.000000,0.000000,0.000000,0.000000,0.150000,0.000000,0.000000
1778986337.684168,0,0.000000,0.000000,0.000000,0.000000,0.000000,0.000000,0.000000,0.000000,0.000000,0.000000
1778986337.743989,0,0.000000,0.000000,0.000000,0.000000,0.000000,0.000000,0.000000,0.000000,0.000000,0.000000
1778986337.765266,0,0.000000,0.000000,0.000000,0.000000,0.000000,0.000000,0.000000,0.000000,0.000000,0.250000
1778986337.773458,0,0.000000,0.000000,0.000000,0.000000,0.000000,0.000000,0.000000,0.180000,0.000000,0.000000
1778986337.788415,0,0.000000,0.000000,0.000000,0.000000,0.000000,0.000000,0.000000,0.200000,0.000000,0.000000
1778986337.869635,0,0.000000,0.000000,0.000000,0.000000,0.000000,0.000000,0.000000,0.020000,0.000000,0.330000
1778986337.877498,0,0.000000,0.000000,0.000000,0.000000,0.000000,0.000000,0.000000,0.000000,0.000000,0.000000
1778986337.960478,0,0.000000,0.000000,0.000000,0.000000,0.000000,0.000000,0.000000,0.000000,0.000000,0.000000
1778986337.961475,0,0.000000,0.000000,0.000000,0.000000,0.000000,0.000000,0.000000,0.000000,0.000000,0.000000
1778986337.962157,0,0.000000,0.000000,0.000000,0.000000,0.000000,0.000000,0.000000,0.000000,0.000000,0.330000
1778986337.982626,0,0.000000,0.000000,0.000000,0.000000,0.000000,0.000000,1.000000,0.010000,0.000000,0.000000
1778986338.039541,0,0.000000,0.000000,0.000000,0.000000,0.000000,0.000000,1.000000,0.050000,0.110000,0.000000
1778986338.097138,0,0.000000,0.000000,0.000000,0.000000,0.000000,0.000000,1.000000,0.070000,0.000000,0.000000
1778986338.187183,0,0.000000,0.000000,0.000000,0.000000,0.000000,0.000000,0.150000,0.050000,0.000000,0.000000
1778986338.225092,0,0.000000,0.000000,0.000000,0.000000,0.000000,0.000000,0.250000,0.050000,0.000000,0.000000
1778986338.278962,0,0.000000,0.000000,0.000000,0.000000,0.000000,0.000000,0.870000,0.020000,0.000000,0.000000
1778986338.376637,0,0.000000,0.000000,0.000000,0.000000,0.000000,0.000000,1.000000,0.030000,0.000000,0.000000
1778986338.434022,0,0.000000,0.000000,0.000000,0.000000,0.000000,0.000000,1.000000,0.050000,0.000000,0.000000
1778986338.575885,0,0.000000,0.000000,0.000000,0.000000,0.000000,0.000000,0.910000,0.150000,0.000000,0.000000
1778986338.652828,0,0.000000,0.000000,0.000000,0.000000,0.000000,0.000000,0.600000,0.100000,0.000000,0.000000
1778986338.863199,0,0.000000,0.000000,0.000000,0.000000,0.000000,0.000000,0.620000,0.070000,0.250000,0.000000
1778986338.893393,0,0.000000,0.000000,0.000000,0.000000,0.000000,0.000000,1.000000,0.000000,0.000000,0.000000
1778986338.900471,0,0.000000,0.000000,0.000000,0.000000,0.000000,0.000000,0.620000,0.000000,0.000000,0.000000
1778986338.999817,0,0.000000,0.000000,0.000000,0.000000,0.000000,0.000000,0.720000,0.250000,0.000000,0.000000
1778986339.014599,0,0.000000,0.000000,0.000000,0.000000,0.000000,0.000000,0.100000,0.000000,0.000000,0.000000
1778986339.015689,0,0.000000,0.000000,0.000000,0.000000,0.000000,0.000000,1.000000,0.120000,0.000000,0.000000
1778986339.042975,0,0.000000,0.000000,0.000000,0.000000,0.000000,0.000000,0.850000,0.050000,0.000000,0.000000
1778986339.057762,0,0.000000,0.000000,0.000000,0.000000,0.000000,0.000000,0.560000,0.010000,0.110000,0.000000
1778986339.130717,0,0.000000,0.000000,0.000000,0.000000,0.000000,0.000000,1.000000,0.000000,0.000000,0.000000
1778986339.139015,0,0.000000,0.000000,0.000000,0.000000,0.000000,0.000000,0.150000,0.000000,0.000000,0.000000
1778986339.141967,0,0.000000,0.000000,0.000000,0.000000,0.000000,0.000000,0.000000,0.000000,0.000000,0.330000
1778986339.143173,0,0.000000,0.000000,0.000000,0.000000,0.000000,0.000000,1.000000,-0.010000,0.000000,0.000000
1778986339.144456,0,0.000000,0.000000,0.000000,0.000000,0.000000,0.000000,1.000000,-0.050000,0.000000,0.000000
1778986339.162918,0,0.000000,0.000000,0.000000,0.000000,0.000000,0.000000,1.000000,-0.050000,0.000000,0.000000
1778986339.177541,0,0.000000,0.000000,0.000000,0.000000,0.000000,0.000000,1.000000,-0.050000,0.000000,0.000000
1778986339.298781,0,0.000000,0.000000,0.000000,0.000000,0.000000,0.000000,1.000000,-0.050000,0.000000,0.000000
1778986339.300850,0,0.000000,0.000000,0.000000,0.000000,0.000000,0.000000,1.000000,-0.050000,0.000000,0.000000
1778986339.302557,0,0.000000,0.000000,0.000000,0.000000,0.000000,0.000000,0.000000,-0.050000,0.000000,0.330000
1778986339.303285,0,0.000000,0.000000,0.000000,0.000000,0.000000,0.000000,1.000000,-0.050000,0.110000,0.000000
1778986339.334368,0,0.000000,0.000000,0.000000,0.000000,0.000000,0.000000,0.000000,-0.050000,0.000000,0.660000
1778986339.381737,0,0.000000,0.000000,0.000000,0.000000,0.000000,0.000000,1.000000,-0.050000,0.000000,0.000000
1778986339.453381,0,0.000000,0.000000,0.000000,0.000000,0.000000,0.000000,0.500000,-0.030000,0.000000,0.000000
1778986339.470885,0,0.000000,0.000000,0.000000,0.000000,0.000000,0.000000,1.000000,-0.020000,0.000000,0.000000
1778986339.515402,0,0.000000,0.000000,0.000000,0.000000,0.000000,0.000000,0.500000,-0.010000,0.110000,0.660000
1778986339.520767,0,0.000000,0.000000,0.000000,0.000000,0.000000,0.000000,0.500000,0.020000,0.000000,0.000000
1778986339.522252,0,0.000000,0.000000,0.000000,0.000000,0.000000,0.000000,1.000000,0.070000,0.000000,0.000000
1778986339.580504,0,0.000000,0.000000,0.000000,0.000000,0.000000,0.000000,1.000000,0.030000,0.000000,0.000000
1778986339.594892,0,0.000000,0.000000,0.000000,0.000000,0.000000,0.000000,0.000000,0.070000,0.000000,0.330000
1778986339.620386,0,0.000000,0.000000,0.000000,0.000000,0.000000,0.000000,1.000000,0.070000,0.000000,0.000000
1778986339.620800,0,0.000000,0.000000,0.000000,0.000000,0.000000,0.000000,0.750000,0.070000,0.000000,0.000000
1778986339.686356,0,0.000000,0.000000,0.000000,0.000000,0.000000,0.000000,0.250000,0.100000,0.000000,0.000000
1778986339.765744,0,0.000000,0.000000,0.000000,0.000000,0.000000,0.000000,0.500000,0.100000,0.000000,0.000000
1778986339.805604,0,0.000000,0.000000,0.000000,0.000000,0.000000,0.000000,1.000000,0.110000,0.000000,0.000000
1778986339.882374,0,0.000000,0.000000,0.000000,0.000000,0.000000,0.000000,1.000000,0.110000,0.000000,0.000000
1778986339.886260,0,0.000000,0.000000,0.000000,0.000000,0.000000,0.000000,1.000000,0.100000,0.000000,0.000000
1778986339.886995,0,0.000000,0.000000,0.000000,0.000000,0.000000,0.000000,1.000000,0.090000,0.000000,0.000000
1778986339.894912,0,0.000000,0.000000,0.000000,0.000000,0.000000,0.000000,1.000000,0.070000,0.000000,0.000000
1778986339.918742,0,0.000000,0.000000,0.000000,0.000000,0.000000,0.000000,1.000000,0.090000,0.000000,0.000000
1778986339.933128,0,0.000000,0.000000,0.000000,0.000000,0.000000,0.000000,1.000000,0.070000,0.000000,0.000000
1778986339.941291,0,0.000000,0.000000,0.000000,0.000000,0.000000,0.000000,1.000000,0.050000,0.000000,0.000000
1778986339.989444,0,0.000000,0.000000,0.000000,0.000000,0.000000,0.000000,1.000000,0.050000,0.000000,0.000000
1778986340.047713,0,0.000000,0.000000,0.000000,0.000000,0.000000,0.000000,1.000000,0.050000,0.000000,0.000000
1778986340.061854,0,0.000000,0.000000,0.000000,0.000000,0.000000,0.000000,1.000000,0.050000,0.000000,0.000000
1778986340.099458,0,0.000000,0.000000,0.000000,0.000000,0.000000,0.000000,1.000000,0.050000,0.000000,0.000000
1778986340.151540,0,0.000000,0.000000,0.000000,0.000000,0.000000,0.000000,1.000000,0.050000,0.000000,0.000000
1778986340.160522,0,0.000000,0.000000,0.000000,0.000000,0.000000,0.000000,0.500000,0.030000,0.000000,0.000000
1778986340.162669,0,0.000000,0.000000,0.000000,0.000000,0.000000,0.000000,1.000000,0.010000,0.370000,0.000000
1778986340.165930,0,0.000000,0.000000,0.000000,0.000000,0.000000,0.000000,1.000000,0.000000,0.000000,0.000000
1778986340.181148,0,0.000000,0.000000,0.000000,0.000000,0.000000,0.000000,1.000000,0.000000,0.000000,0.000000
1778986340.248012,0,0.000000,0.000000,0.000000,0.000000,0.000000,0.000000,1.000000,0.000000,0.000000,0.000000
1778986340.264448,0,0.000000,0.000000,0.000000,0.000000,0.000000,0.000000,1.000000,0.000000,0.110000,0.000000
1778986340.280804,0,0.000000,0.000000,0.000000,0.000000,0.000000,0.000000,1.000000,0.000000,0.000000,0.000000
1778986340.283343,0,0.000000,0.000000,0.000000,0.000000,0.000000,0.000000,1.000000,0.000000,0.000000,0.000000
1778986340.284366,0,0.000000,0.000000,0.000000,0.000000,0.000000,0.000000,1.000000,0.030000,0.000000,0.000000
1778986340.317330,0,0.000000,0.000000,0.000000,0.000000,0.000000,0.000000,0.330000,0.050000,0.000000,0.000000
1778986340.361979,0,0.000000,0.000000,0.000000,0.000000,0.000000,0.000000,1.000000,0.050000,0.000000,0.000000
1778986340.400464,0,0.000000,0.000000,0.000000,0.000000,0.000000,0.000000,1.000000,0.050000,0.000000,0.000000
1778986340.956185,0,0.000000,0.000000,0.000000,0.000000,0.000000,0.000000,1.000000,0.070000,0.000000,0.000000
1778986340.983390,0,0.000000,0.000000,0.000000,0.000000,0.000000,0.000000,1.000000,0.090000,0.000000,0.000000
1778986341.090079,0,0.000000,0.000000,0.000000,0.000000,0.000000,0.000000,1.000000,0.110000,0.000000,0.000000
1778986341.096323,0,0.000000,0.000000,0.000000,0.000000,0.000000,0.000000,1.000000,0.140000,0.000000,0.000000
1778986341.188055,0,0.000000,0.000000,0.000000,0.000000,0.000000,0.000000,1.000000,0.120000,0.110000,0.000000
1778986341.218282,0,0.000000,0.000000,0.000000,0.000000,0.000000,0.000000,1.000000,0.000000,0.000000,0.000000
1778986341.238023,0,0.000000,0.000000,0.000000,0.000000,0.000000,0.000000,1.000000,0.000000,0.000000,0.000000
1778986341.253415,0,0.000000,0.000000,0.000000,0.000000,0.000000,0.000000,1.000000,0.000000,0.000000,0.000000
1778986341.299330,0,0.000000,0.000000,0.000000,0.000000,0.000000,0.000000,1.000000,0.000000,0.110000,0.000000
1778986341.307222,0,0.000000,0.000000,0.000000,0.000000,0.000000,0.000000,1.000000,0.000000,0.000000,0.000000
1778986341.314047,0,0.000000,0.000000,0.000000,0.000000,0.000000,0.000000,1.000000,0.000000,0.000000,0.000000
1778986341.503454,0,0.000000,0.000000,0.000000,0.000000,0.000000,0.000000,1.000000,0.000000,0.000000,0.000000
1778986341.711156,0,0.000000,0.000000,0.000000,0.000000,0.000000,0.000000,1.000000,0.000000,0.000000,0.000000
1778986341.959745,0,0.000000,0.000000,0.000000,0.000000,0.000000,0.000000,1.000000,0.000000,0.000000,0.000000
1778986342.778197,0,0.000000,0.000000,0.000000,0.000000,0.000000,0.000000,1.000000,0.000000,0.000000,0.000000
1778986343.027770,0,0.000000,0.000000,0.000000,0.000000,0.000000,0.000000,1.000000,0.000000,0.000000,0.000000
1778986343.556014,0,0.000000,0.000000,0.000000,0.000000,0.000000,0.000000,1.000000,0.180000,0.000000,0.000000
1778986343.604808,0,0.000000,0.000000,0.000000,0.000000,0.000000,0.000000,1.000000,0.280000,0.000000,0.000000
1778986343.653043,0,0.000000,0.000000,0.000000,0.000000,0.000000,0.000000,1.000000,0.150000,0.000000,0.000000
1778986343.720612,0,0.000000,0.000000,0.000000,0.000000,0.000000,0.000000,1.000000,0.910000,0.110000,0.000000
1778986343.730953,0,0.000000,0.000000,0.000000,0.000000,1.000000,0.000000,0.660000,0.310000,0.110000,0.000000
1778986343.940369,0,0.000000,0.000000,0.000000,0.000000,0.100000,0.000000,1.000000,0.120000,0.110000,0.000000
1778986344.000746,0,0.000000,0.000000,0.000000,0.000000,1.000000,0.000000,1.000000,0.170000,0.110000,0.000000
1778986344.284415,0,0.000000,0.000000,0.000000,0.000000,0.150000,0.000000,1.000000,0.280000,0.110000,0.000000
1778986344.290531,0,0.000000,0.000000,0.000000,0.000000,1.000000,0.000000,1.000000,0.330000,0.110000,0.000000
1778986344.343471,0,0.000000,0.000000,0.000000,0.000000,0.340000,0.000000,1.000000,0.310000,0.000000,0.000000
1778986344.372657,0,0.000000,0.000000,0.000000,0.000000,1.000000,0.000000,1.000000,0.070000,0.000000,0.000000
1778986344.574991,0,0.000000,0.000000,0.000000,0.000000,0.340000,0.000000,0.560000,0.000000,0.110000,0.000000
1778986344.605879,0,0.000000,0.000000,0.000000,0.000000,1.000000,0.000000,1.000000,0.000000,0.110000,0.000000
1778986344.628776,0,0.000000,0.000000,0.000000,0.000000,1.000000,0.000000,1.000000,0.000000,0.230000,0.000000
1778986344.629427,0,0.000000,0.000000,0.000000,0.000000,1.000000,0.000000,0.400000,0.000000,0.110000,0.000000
1778986344.665551,0,0.000000,0.000000,0.000000,0.000000,1.000000,0.000000,0.610000,0.000000,0.110000,0.000000
1778986344.687601,0,0.000000,0.000000,0.000000,0.000000,0.750000,0.000000,0.400000,0.170000,0.110000,0.000000
1778986344.695045,0,0.000000,0.000000,0.000000,0.000000,0.750000,0.000000,0.440000,0.170000,0.230000,0.000000
1778986344.696013,0,0.000000,0.000000,0.000000,0.000000,0.200000,0.000000,0.250000,0.150000,0.110000,0.000000
1778986344.703132,0,0.000000,0.000000,0.000000,0.000000,0.620000,0.000000,1.000000,0.150000,0.110000,0.000000
1778986344.755595,0,0.000000,0.000000,0.000000,0.000000,1.000000,0.000000,1.000000,0.120000,0.110000,0.000000
1778986344.763299,0,0.000000,0.000000,0.000000,0.000000,1.000000,0.000000,1.000000,0.070000,0.230000,0.000000
1778986344.785390,0,0.000000,0.000000,0.000000,0.000000,1.000000,0.000000,0.000000,0.010000,0.110000,0.330000
1778986344.840694,0,0.000000,0.000000,0.000000,0.000000,1.000000,0.000000,0.620000,0.000000,0.110000,0.000000
1778986344.892791,0,0.000000,0.000000,0.000000,0.000000,1.000000,0.000000,0.000000,0.000000,0.110000,0.330000
1778986345.169758,0,0.000000,0.000000,0.000000,0.000000,0.200000,0.000000,1.000000,0.000000,0.230000,0.000000
1778986345.366295,0,0.000000,0.000000,0.000000,0.000000,0.660000,0.000000,1.000000,0.000000,0.110000,0.000000
1778986345.640855,0,0.000000,0.000000,0.000000,0.000000,0.430000,0.000000,0.310000,0.090000,0.110000,0.000000
1778986345.852069,0,0.000000,0.000000,0.000000,0.000000,0.000000,0.000000,0.660000,0.120000,0.360000,0.000000
1778986346.001989,0,0.000000,0.000000,0.000000,0.000000,1.000000,0.000000,1.000000,0.140000,0.110000,0.000000
1778986346.138030,0,0.000000,0.000000,0.000000,0.000000,1.000000,0.000000,1.000000,0.000000,0.110000,0.000000
1778986346.401369,0,0.000000,0.000000,0.000000,0.000000,0.230000,0.000000,0.820000,0.310000,0.110000,0.000000
1778986346.452672,0,0.000000,0.000000,0.000000,0.000000,1.000000,0.000000,0.440000,0.370000,0.230000,0.000000
1778986346.500817,0,0.000000,2.000000,0.000000,0.000000,1.000000,0.000000,1.000000,0.200000,0.110000,0.000000
1778986346.578480,0,0.000000,2.000000,0.000000,2.000000,1.000000,0.000000,0.000000,0.280000,0.110000,0.660000
1778986346.690525,0,0.000000,2.000000,0.000000,2.000000,0.430000,0.000000,0.550000,0.360000,0.110000,0.000000
1778986346.736566,0,0.000000,2.000000,0.000000,2.000000,1.000000,0.000000,1.000000,0.870000,0.110000,0.000000
1778986346.782108,0,0.000000,2.000000,0.000000,2.000000,1.000000,0.000000,1.000000,0.910000,0.110000,0.000000
1778986346.828297,0,0.000000,2.000000,0.000000,2.000000,1.000000,0.000000,0.510000,0.920000,0.110000,0.000000
1778986346.828975,0,0.000000,2.000000,0.000000,2.000000,1.000000,0.000000,1.000000,0.680000,0.110000,0.000000
1778986346.927715,0,0.000000,2.000000,0.000000,2.000000,1.000000,0.000000,0.570000,0.460000,0.110000,0.000000
1778986346.928940,0,0.000000,2.000000,0.000000,2.000000,1.000000,0.000000,0.750000,0.400000,0.230000,0.000000
1778986346.977062,0,0.000000,2.000000,0.000000,2.000000,1.000000,0.000000,0.770000,0.430000,0.110000,0.000000
1778986346.977569,0,0.000000,2.000000,0.000000,2.000000,0.730000,0.000000,0.770000,0.400000,0.110000,0.000000
1778986346.977962,0,0.000000,2.000000,0.000000,2.000000,0.050000,0.000000,1.000000,0.310000,0.000000,0.000000
1778986346.978329,0,0.000000,2.000000,0.000000,2.000000,1.000000,0.000000,1.000000,0.280000,0.230000,0.000000
1778986346.978899,0,0.000000,2.000000,0.000000,2.000000,1.000000,0.000000,0.410000,0.280000,0.230000,0.000000
1778986347.073534,0,0.000000,2.000000,0.000000,2.000000,1.000000,0.000000,0.330000,0.270000,0.110000,0.000000
1778986347.139539,0,0.000000,2.000000,0.000000,2.000000,0.150000,0.000000,0.270000,0.250000,0.110000,0.000000
1778986347.185125,0,0.000000,2.000000,0.000000,2.000000,0.310000,0.000000,0.000000,0.180000,0.230000,0.330000
1778986347.230987,0,0.000000,2.000000,0.000000,2.000000,0.860000,0.000000,0.540000,0.170000,0.110000,0.000000
1778986347.278628,0,0.000000,2.000000,0.000000,2.000000,0.340000,0.000000,1.000000,0.170000,0.230000,0.000000
1778986347.388933,0,0.000000,2.000000,0.000000,2.000000,0.230000,0.000000,1.000000,0.150000,0.110000,0.000000
1778986347.441222,0,0.000000,2.000000,0.000000,2.000000,1.000000,0.000000,1.000000,0.280000,0.110000,0.000000
1778986347.487743,0,0.000000,2.000000,0.000000,2.000000,1.000000,0.000000,1.000000,0.360000,0.230000,0.000000
1778986347.552269,0,0.000000,2.000000,0.000000,2.000000,1.000000,0.000000,1.000000,0.360000,0.110000,0.000000
1778986347.627290,0,0.000000,2.000000,0.000000,2.000000,0.100000,0.000000,0.000000,0.340000,0.110000,0.660000
1778986347.679067,0,0.000000,2.000000,0.000000,2.000000,0.000000,0.000000,1.000000,0.400000,0.110000,0.000000
1778986347.765391,0,0.000000,2.000000,0.000000,2.000000,0.250000,0.000000,0.870000,0.680000,0.230000,0.000000
1778986347.816844,0,0.000000,2.000000,0.000000,2.000000,0.310000,0.000000,1.000000,0.730000,0.110000,0.000000
1778986347.897753,0,0.000000,2.000000,0.000000,2.000000,0.250000,0.000000,1.000000,0.920000,0.230000,0.000000
1778986347.946278,0,0.000000,2.000000,0.000000,2.000000,0.070000,0.000000,0.550000,0.870000,0.110000,0.000000
1778986347.946805,0,0.000000,2.000000,0.000000,2.000000,1.000000,0.000000,0.150000,0.870000,0.000000,0.000000
1778986347.947200,0,0.000000,2.000000,0.000000,2.000000,1.000000,0.000000,0.250000,0.920000,0.110000,0.000000
1778986348.051856,0,0.000000,2.000000,0.000000,2.000000,1.000000,0.000000,1.000000,0.950000,0.110000,0.000000
1778986348.101978,0,0.000000,2.000000,0.000000,2.000000,1.000000,0.000000,1.000000,0.680000,0.110000,0.000000
1778986348.313118,0,0.000000,2.000000,0.000000,2.000000,1.000000,0.000000,0.000000,0.400000,0.110000,0.330000
1778986348.368809,0,0.000000,2.000000,0.000000,2.000000,0.810000,0.000000,0.280000,0.340000,0.110000,0.000000
1778986348.446227,0,0.000000,2.000000,0.000000,2.000000,1.000000,0.000000,1.000000,0.330000,0.110000,0.000000
1778986348.494737,0,0.000000,2.000000,0.000000,2.000000,0.090000,0.000000,0.360000,0.340000,0.110000,0.000000
1778986348.495249,0,0.000000,2.000000,0.000000,2.000000,1.000000,0.000000,0.050000,0.340000,0.230000,0.660000
1778986348.557762,0,0.000000,2.000000,0.000000,2.000000,0.870000,0.000000,0.750000,0.360000,0.230000,0.000000
1778986348.632262,0,0.000000,2.000000,0.000000,2.000000,0.690000,0.000000,1.000000,0.340000,0.000000,0.000000
1778986348.688108,0,0.000000,2.000000,0.000000,2.000000,1.000000,0.000000,0.310000,1.000000,0.110000,0.000000
1778986348.688595,0,0.000000,2.000000,0.000000,2.000000,1.000000,0.000000,0.100000,1.010000,0.110000,0.000000
1778986348.689166,0,0.000000,2.000000,0.000000,2.000000,1.000000,0.000000,0.090000,1.020000,0.110000,0.000000
1778986348.737448,0,0.000000,2.000000,0.000000,2.000000,0.470000,0.000000,0.120000,0.950000,0.110000,0.000000
1778986348.785362,0,0.000000,2.000000,0.000000,2.000000,0.310000,0.000000,0.540000,0.330000,0.230000,0.000000
1778986348.832675,0,0.000000,2.000000,0.000000,2.000000,0.070000,0.000000,1.000000,0.330000,0.110000,0.000000
1778986348.880462,0,0.000000,2.000000,0.000000,2.000000,0.000000,0.000000,0.600000,0.340000,1.100000,0.000000
1778986348.963404,0,0.000000,2.000000,0.000000,2.000000,0.210000,0.000000,0.750000,0.380000,0.110000,0.000000
1778986349.015277,0,0.000000,2.000000,0.000000,2.000000,1.000000,0.000000,0.500000,0.430000,0.230000,0.000000
1778986349.015786,0,0.000000,2.000000,0.000000,2.000000,0.720000,0.000000,0.800000,0.520000,0.110000,0.000000
1778986349.064549,0,0.000000,2.000000,0.000000,2.000000,1.000000,0.000000,0.110000,0.520000,0.230000,0.000000
1778986349.227668,0,0.000000,2.000000,0.000000,2.000000,0.310000,0.000000,0.500000,0.340000,0.000000,0.000000
1778986349.278397,0,0.000000,2.000000,0.000000,2.000000,1.000000,0.000000,0.000000,0.400000,0.110000,0.330000
1778986349.384833,0,0.000000,2.000000,0.000000,2.000000,0.000000,0.000000,0.870000,0.620000,0.360000,0.000000
1778986349.438519,0,0.000000,2.000000,0.000000,2.000000,1.000000,0.000000,0.510000,1.000000,0.110000,0.000000
1778986349.525911,0,0.000000,2.000000,0.000000,2.000000,1.000000,0.000000,1.000000,1.000000,0.110000,0.000000
1778986349.584422,0,0.000000,2.000000,0.000000,2.000000,0.230000,0.000000,1.000000,1.000000,0.110000,0.000000
1778986349.667398,0,0.000000,2.000000,0.000000,2.000000,1.000000,0.000000,1.000000,1.020000,0.110000,0.000000
1778986349.773694,0,0.000000,2.000000,0.000000,2.000000,1.000000,0.000000,1.000000,1.000000,0.230000,0.000000
1778986349.870963,0,0.000000,2.000000,0.000000,2.000000,0.150000,0.000000,0.000000,0.970000,0.110000,0.330000
1778986349.924344,0,0.000000,2.000000,0.000000,2.000000,1.000000,0.000000,1.000000,0.490000,0.110000,0.000000
1778986349.925050,0,0.000000,2.000000,0.000000,2.000000,1.000000,0.000000,0.510000,0.340000,0.110000,0.000000
1778986349.925572,0,0.000000,2.000000,0.000000,2.000000,0.510000,0.000000,0.660000,0.310000,0.110000,0.000000
1778986349.974952,0,0.000000,2.000000,0.000000,2.000000,1.000000,0.000000,0.500000,0.340000,0.110000,0.000000
1778986350.035501,0,0.000000,2.000000,0.000000,2.000000,1.000000,0.000000,0.660000,0.430000,0.000000,0.000000
1778986350.083154,0,0.000000,2.000000,0.000000,2.000000,0.620000,0.000000,1.000000,0.490000,0.230000,0.000000
1778986350.132288,0,0.000000,2.000000,0.000000,2.000000,1.000000,0.000000,0.000000,0.550000,0.110000,0.660000
1778986350.180584,0,0.000000,2.000000,0.000000,2.000000,1.000000,0.000000,1.000000,0.570000,0.000000,0.000000
1778986350.181262,0,0.000000,2.000000,0.000000,2.000000,1.000000,0.000000,1.000000,0.570000,0.110000,0.000000
1778986350.229547,0,0.000000,2.000000,0.000000,2.000000,1.000000,0.000000,0.890000,0.620000,0.230000,0.000000
1778986350.277594,0,0.000000,2.000000,0.000000,2.000000,1.000000,0.000000,1.000000,0.970000,0.110000,0.000000
1778986350.325869,0,0.000000,2.000000,0.000000,2.000000,0.800000,0.000000,1.000000,0.980000,0.230000,0.000000
1778986350.373291,0,0.000000,2.000000,0.000000,2.000000,0.120000,0.000000,1.000000,1.020000,0.110000,0.000000
1778986350.422321,0,0.000000,2.000000,0.000000,2.000000,1.000000,0.000000,1.000000,1.040000,0.110000,0.000000
1778986350.422828,0,0.000000,2.000000,0.000000,2.000000,1.000000,0.000000,1.000000,1.020000,0.110000,0.000000
1778986350.449856,0,0.000000,2.000000,0.000000,2.000000,1.000000,0.000000,1.000000,0.870000,0.230000,0.000000
1778986350.514412,0,0.000000,2.000000,0.000000,2.000000,0.100000,0.000000,1.000000,0.410000,0.110000,0.000000
1778986350.561781,0,0.000000,2.000000,0.000000,2.000000,1.000000,0.000000,1.000000,0.200000,0.110000,0.000000
1778986350.635680,0,0.000000,2.000000,0.000000,2.000000,0.180000,0.000000,1.000000,0.150000,0.230000,0.000000
1778986350.663773,0,0.000000,2.000000,0.000000,2.000000,0.380000,0.000000,0.250000,0.120000,0.110000,0.000000
1778986350.691609,0,0.000000,2.000000,0.000000,2.000000,1.000000,0.000000,0.250000,0.150000,0.110000,0.000000
1778986350.692112,0,0.000000,2.000000,0.000000,2.000000,1.000000,0.000000,1.000000,0.070000,0.230000,0.000000
1778986350.692508,0,0.000000,2.000000,0.000000,2.000000,0.180000,0.000000,0.560000,0.000000,0.110000,0.000000
1778986350.720158,0,0.000000,2.000000,0.000000,2.000000,1.000000,0.000000,1.000000,-0.050000,0.110000,0.000000
1778986350.747273,0,0.000000,2.000000,0.000000,2.000000,1.000000,0.000000,1.000000,-0.050000,0.110000,0.000000
1778986350.773343,0,0.000000,2.000000,0.000000,2.000000,1.000000,0.000000,1.000000,-0.030000,0.110000,0.000000
1778986350.800566,0,0.000000,2.000000,0.000000,2.000000,1.000000,0.000000,0.680000,0.000000,0.110000,0.000000
1778986350.860581,0,0.000000,2.000000,0.000000,2.000000,0.850000,0.000000,1.000000,0.070000,0.110000,0.000000
1778986350.920041,0,0.000000,2.000000,0.000000,2.000000,0.150000,0.000000,1.000000,0.090000,0.110000,0.000000
1778986350.967769,0,0.000000,2.000000,0.000000,2.000000,0.150000,0.000000,0.000000,0.110000,0.110000,0.330000
1778986350.968293,0,0.000000,2.000000,0.000000,2.000000,1.000000,0.000000,1.000000,0.150000,0.000000,0.000000
1778986351.040332,0,0.000000,2.000000,0.000000,2.000000,1.000000,0.000000,0.000000,0.180000,0.230000,0.330000
1778986351.088788,0,0.000000,2.000000,0.000000,2.000000,1.000000,0.000000,0.460000,0.150000,0.110000,0.000000
1778986351.089605,0,0.000000,2.000000,0.000000,2.000000,1.000000,0.000000,1.000000,0.110000,0.110000,0.000000
1778986351.152624,0,0.000000,2.000000,0.000000,2.000000,1.000000,0.000000,1.000000,0.110000,0.110000,0.000000
1778986351.200252,0,0.000000,2.000000,0.000000,2.000000,1.000000,0.000000,1.000000,0.150000,0.110000,0.000000
1778986351.200803,0,0.000000,2.000000,0.000000,2.000000,1.000000,0.000000,1.000000,0.170000,0.110000,0.000000
1778986351.201208,0,0.000000,2.000000,0.000000,2.000000,1.000000,0.000000,1.000000,0.170000,0.110000,0.000000
1778986351.247767,0,0.000000,2.000000,0.000000,2.000000,1.000000,0.000000,0.340000,0.100000,0.110000,0.000000
1778986351.248377,0,0.000000,2.000000,0.000000,2.000000,1.000000,0.000000,1.000000,0.100000,0.110000,0.000000
1778986351.294859,0,0.000000,2.000000,0.000000,2.000000,1.000000,0.000000,1.000000,0.100000,0.110000,0.000000
1778986351.355049,0,0.000000,2.000000,0.000000,2.000000,0.000000,0.000000,1.000000,0.110000,0.360000,0.000000
1778986351.402021,0,0.000000,2.000000,0.000000,2.000000,1.000000,0.000000,1.000000,0.150000,0.110000,0.000000
1778986351.499742,0,0.000000,2.000000,0.000000,2.000000,1.000000,0.000000,1.000000,0.150000,0.110000,0.000000
1778986351.550148,0,0.000000,2.000000,0.000000,2.000000,1.000000,0.000000,0.930000,0.170000,0.230000,0.000000
1778986351.550696,0,0.000000,2.000000,0.000000,2.000000,1.000000,0.000000,1.000000,0.150000,0.000000,0.000000
1778986351.551108,0,0.000000,2.000000,0.000000,2.000000,1.000000,0.000000,1.000000,0.150000,0.110000,0.000000
1778986351.642746,0,0.000000,2.000000,0.000000,2.000000,1.000000,0.000000,1.000000,0.110000,0.110000,0.000000
1778986351.697549,0,0.000000,2.000000,0.000000,2.000000,1.000000,0.000000,1.000000,0.170000,0.110000,0.000000
1778986351.746401,0,0.000000,2.000000,0.000000,2.000000,0.570000,0.000000,0.370000,0.170000,0.110000,0.000000
1778986351.804699,0,0.000000,2.000000,0.000000,2.000000,1.000000,0.000000,1.000000,0.170000,0.110000,0.000000
1778986351.851843,0,0.000000,2.000000,0.000000,2.000000,0.910000,0.000000,1.000000,0.150000,0.110000,0.000000
1778986351.852546,0,0.000000,2.000000,0.000000,2.000000,1.000000,0.000000,0.010000,0.140000,0.110000,0.000000
1778986351.941110,0,0.000000,2.000000,0.000000,2.000000,1.000000,0.000000,0.730000,0.150000,0.230000,0.000000
1778986352.024999,0,0.000000,2.000000,0.000000,2.000000,0.400000,0.000000,1.000000,0.180000,0.230000,0.000000
1778986352.026680,0,0.000000,2.000000,0.000000,2.000000,0.880000,0.000000,0.170000,0.250000,0.230000,0.000000
1778986352.052733,0,0.000000,2.000000,0.000000,2.000000,1.000000,0.000000,0.430000,0.250000,0.110000,0.000000
1778986352.100079,0,0.000000,2.000000,0.000000,2.000000,1.000000,0.000000,1.000000,0.280000,0.110000,0.000000
1778986352.147957,0,0.000000,2.000000,0.000000,2.000000,0.930000,0.000000,1.000000,0.250000,0.230000,0.000000
1778986352.194927,0,0.000000,2.000000,0.000000,2.000000,1.000000,0.000000,1.000000,0.140000,0.110000,0.000000
1778986352.242072,0,0.000000,2.000000,0.000000,2.000000,1.000000,0.000000,1.000000,0.150000,0.230000,0.000000
1778986352.331657,0,0.000000,2.000000,0.000000,2.000000,0.550000,0.000000,1.000000,0.150000,0.110000,0.000000
1778986352.384101,0,0.000000,2.000000,0.000000,2.000000,1.000000,0.000000,0.230000,0.170000,0.110000,0.000000
1778986352.496564,0,0.000000,2.000000,0.000000,2.000000,0.670000,0.000000,0.000000,0.150000,0.110000,0.660000
1778986352.525731,0,0.000000,2.000000,0.000000,2.000000,1.000000,0.000000,1.000000,0.150000,0.110000,0.000000
1778986352.554124,0,0.000000,2.000000,0.000000,2.000000,0.510000,0.000000,1.000000,0.170000,0.110000,0.000000
1778986352.603883,0,0.000000,2.000000,0.000000,2.000000,0.410000,0.000000,1.000000,0.170000,0.110000,0.000000
1778986352.604602,0,0.000000,2.000000,0.000000,2.000000,1.000000,0.000000,1.000000,0.200000,0.110000,0.000000
1778986352.605030,0,0.000000,2.000000,0.000000,2.000000,0.200000,0.000000,1.000000,0.280000,0.230000,0.000000
1778986352.651820,0,0.000000,2.000000,0.000000,2.000000,0.400000,0.000000,0.000000,0.280000,0.110000,0.330000
1778986352.701478,0,0.000000,2.000000,0.000000,2.000000,0.000000,0.000000,0.170000,0.280000,0.360000,0.000000
1778986352.787672,0,0.000000,2.000000,0.000000,2.000000,0.400000,0.000000,0.970000,0.250000,0.110000,0.000000
1778986352.836105,0,0.000000,2.000000,0.000000,2.000000,0.610000,0.000000,1.000000,0.200000,0.230000,0.000000
1778986352.836684,0,0.000000,2.000000,0.000000,2.000000,1.000000,0.000000,1.000000,0.200000,0.110000,0.000000
1778986352.907773,0,0.000000,2.000000,0.000000,2.000000,0.090000,0.000000,1.000000,0.200000,0.110000,0.000000
1778986352.956980,0,0.000000,2.000000,0.000000,2.000000,0.500000,0.000000,1.000000,0.170000,0.110000,0.000000
1778986352.957510,0,0.000000,2.000000,0.000000,2.000000,0.230000,0.000000,0.640000,0.150000,0.110000,0.000000
1778986352.957932,0,0.000000,2.000000,0.000000,2.000000,0.000000,0.000000,1.000000,0.150000,0.490000,0.000000
1778986352.958313,0,0.000000,2.000000,0.000000,2.000000,0.610000,0.000000,1.000000,0.170000,0.110000,0.000000
1778986353.036487,0,0.000000,2.000000,0.000000,2.000000,0.510000,0.000000,0.110000,0.180000,0.110000,0.000000
1778986353.085240,0,0.000000,2.000000,0.000000,2.000000,0.700000,0.000000,0.570000,0.180000,0.110000,0.000000
1778986353.085769,0,0.000000,2.000000,0.000000,2.000000,0.920000,0.000000,0.000000,0.170000,0.110000,0.330000
1778986353.163235,0,0.000000,2.000000,0.000000,2.000000,1.000000,0.000000,0.000000,0.170000,0.110000,0.330000
1778986353.222345,0,0.000000,2.000000,0.000000,2.000000,0.050000,0.000000,0.700000,0.170000,0.110000,0.000000
1778986353.270441,0,0.000000,2.000000,0.000000,2.000000,0.810000,0.000000,0.890000,0.140000,0.110000,0.000000
1778986353.271087,0,0.000000,2.000000,0.000000,2.000000,1.000000,0.000000,0.280000,0.180000,0.110000,0.000000
1778986353.383662,0,0.000000,2.000000,0.000000,2.000000,1.000000,0.000000,0.910000,0.460000,0.110000,0.000000
1778986353.436278,0,0.000000,2.000000,0.000000,2.000000,0.000000,0.000000,1.000000,1.010000,0.610000,0.330000
1778986353.516176,0,0.000000,2.000000,0.000000,2.000000,1.000000,0.000000,1.000000,0.940000,0.110000,0.000000
1778986353.567032,0,0.000000,2.000000,0.000000,2.000000,0.050000,0.000000,1.000000,0.910000,0.110000,0.000000
1778986353.567572,0,0.000000,2.000000,0.000000,2.000000,0.100000,0.000000,1.000000,0.940000,0.110000,0.000000
1778986353.617517,0,0.000000,2.000000,0.000000,2.000000,1.000000,0.000000,1.000000,0.750000,0.110000,0.330000
1778986353.726065,0,0.000000,2.000000,0.000000,2.000000,1.000000,0.000000,1.000000,0.680000,0.230000,0.000000
1778986353.780823,0,0.000000,2.000000,0.000000,2.000000,0.120000,0.000000,1.000000,0.070000,0.110000,0.000000
1778986353.860763,0,0.000000,2.000000,0.000000,2.000000,1.000000,0.000000,1.000000,0.070000,0.110000,0.000000
1778986353.909142,0,0.000000,2.000000,0.000000,2.000000,0.250000,0.000000,0.440000,0.090000,0.110000,0.000000
1778986354.012221,0,0.000000,2.000000,0.000000,2.000000,1.000000,0.000000,1.000000,0.100000,0.110000,0.000000
1778986354.129329,0,0.000000,2.000000,0.000000,2.000000,0.430000,0.000000,1.000000,0.100000,0.110000,0.000000
1778986354.298338,0,0.000000,2.000000,0.000000,2.000000,0.460000,0.000000,1.000000,0.100000,0.110000,0.000000
1778986354.542620,0,0.000000,2.000000,0.000000,2.000000,0.630000,0.000000,1.000000,0.140000,0.230000,0.000000
1778986354.641261,0,0.000000,2.000000,0.000000,2.000000,1.000000,0.000000,1.000000,0.150000,0.110000,0.000000
1778986354.766244,0,0.000000,2.000000,0.000000,2.000000,0.880000,0.000000,0.850000,0.950000,0.110000,0.000000
1778986354.817144,0,0.000000,2.000000,0.000000,2.000000,1.000000,0.000000,1.000000,0.950000,0.110000,0.000000
1778986354.817646,0,0.000000,2.000000,0.000000,2.000000,1.000000,0.000000,1.000000,1.000000,0.110000,0.000000
1778986354.818051,0,0.000000,2.000000,0.000000,2.000000,0.250000,0.000000,1.000000,0.070000,0.110000,0.000000
1778986354.818462,0,0.000000,2.000000,0.000000,2.000000,0.050000,0.000000,0.500000,-0.110000,0.110000,0.000000
1778986354.880261,0,0.000000,2.000000,0.000000,2.000000,0.670000,0.000000,0.340000,-0.050000,0.110000,0.000000
1778986354.979547,0,0.000000,2.000000,0.000000,2.000000,0.870000,0.000000,1.000000,-0.050000,0.110000,0.000000
1778986355.037688,0,0.000000,2.000000,0.000000,2.000000,1.000000,0.000000,1.000000,-0.030000,0.110000,0.000000
1778986355.119961,0,0.000000,2.000000,0.000000,2.000000,1.000000,0.000000,0.150000,-0.010000,0.110000,0.000000
1778986355.168900,0,0.000000,2.000000,0.000000,2.000000,0.070000,0.000000,1.000000,0.170000,0.110000,0.000000
1778986355.169411,0,0.000000,2.000000,0.000000,2.000000,0.250000,0.000000,1.000000,0.140000,0.110000,0.000000
1778986355.256677,0,0.000000,2.000000,0.000000,2.000000,1.000000,0.000000,1.000000,0.540000,0.110000,0.000000
1778986355.284777,0,0.000000,2.000000,0.000000,2.000000,0.070000,0.000000,1.000000,0.550000,0.230000,0.000000
1778986355.311465,0,0.000000,2.000000,0.000000,2.000000,0.120000,0.000000,1.000000,0.370000,0.110000,0.000000
1778986355.311959,0,0.000000,2.000000,0.000000,2.000000,0.360000,0.000000,1.000000,0.250000,0.110000,0.000000
1778986355.312348,0,0.000000,2.000000,0.000000,2.000000,0.000000,0.000000,1.000000,0.180000,0.110000,0.000000
1778986355.361623,0,0.000000,2.000000,0.000000,2.000000,0.000000,0.000000,1.000000,0.020000,0.360000,0.000000
1778986355.408719,0,0.000000,2.000000,0.000000,2.000000,0.230000,0.000000,1.000000,-0.050000,0.110000,0.000000
1778986355.472526,0,0.000000,2.000000,0.000000,2.000000,0.000000,0.000000,1.000000,-0.070000,0.360000,0.000000
1778986355.595985,0,0.000000,2.000000,0.000000,2.000000,0.250000,0.000000,1.000000,-0.120000,0.110000,0.000000
1778986355.691485,0,0.000000,2.000000,0.000000,2.000000,0.000000,0.000000,1.000000,-0.280000,0.850000,0.000000
1778986355.841428,0,0.000000,2.000000,0.000000,2.000000,0.310000,0.000000,1.000000,-0.280000,0.230000,0.000000
1778986356.719177,0,0.000000,2.000000,0.000000,2.000000,0.310000,0.000000,1.000000,-0.270000,0.110000,0.000000
1778986356.839131,0,0.000000,2.000000,0.000000,2.000000,1.000000,0.000000,1.000000,-0.270000,0.110000,0.000000
1778986356.889932,0,0.000000,2.000000,0.000000,2.000000,0.050000,0.000000,1.000000,-0.270000,0.110000,0.000000
1778986356.892673,0,0.000000,2.000000,0.000000,2.000000,1.000000,0.000000,1.000000,-0.250000,0.230000,0.000000
1778986356.995765,0,0.000000,2.000000,0.000000,2.000000,0.250000,0.000000,0.000000,0.100000,0.110000,0.330000
1778986357.012706,0,0.000000,2.000000,0.000000,2.000000,0.400000,0.000000,1.000000,0.180000,0.000000,0.000000
1778986357.015357,0,0.000000,2.000000,0.000000,2.000000,1.000000,0.000000,1.000000,0.180000,0.110000,0.000000
1778986357.016479,0,0.000000,2.000000,0.000000,2.000000,1.000000,0.000000,1.000000,0.180000,0.110000,0.000000
1778986357.017505,0,0.000000,2.000000,0.000000,2.000000,0.370000,0.000000,0.230000,-0.020000,0.110000,0.000000
1778986357.050298,0,0.000000,2.000000,0.000000,2.000000,1.000000,0.000000,0.170000,-0.280000,0.110000,0.000000
1778986357.052166,0,0.000000,2.000000,0.000000,2.000000,0.500000,0.000000,0.150000,-0.280000,0.110000,0.000000
1778986357.114721,0,0.000000,2.000000,0.000000,2.000000,1.000000,0.000000,1.000000,-0.280000,0.110000,0.000000
1778986357.186237,0,0.000000,2.000000,0.000000,2.000000,1.000000,0.000000,0.300000,-0.280000,0.110000,0.000000
1778986357.199123,0,0.000000,2.000000,0.000000,2.000000,0.380000,0.000000,1.000000,-0.280000,0.230000,0.000000
1778986357.206004,0,0.000000,2.000000,0.000000,2.000000,0.920000,0.000000,1.000000,-0.280000,0.110000,0.000000
1778986357.212283,0,0.000000,2.000000,0.000000,2.000000,0.200000,0.000000,0.200000,-0.270000,0.110000,0.000000
1778986357.220527,0,0.000000,2.000000,0.000000,2.000000,1.000000,0.000000,0.200000,-0.250000,0.230000,0.000000
1778986357.221888,0,0.000000,2.000000,0.000000,2.000000,1.000000,0.000000,0.200000,-0.250000,0.110000,0.000000
1778986357.226490,0,0.000000,2.000000,0.000000,2.000000,1.000000,0.000000,0.000000,-0.250000,0.110000,0.660000
1778986357.250861,0,0.000000,2.000000,0.000000,2.000000,1.000000,0.000000,1.000000,-0.250000,0.110000,0.000000
1778986357.288291,0,0.000000,2.000000,0.000000,2.000000,1.000000,0.000000,1.000000,-0.250000,0.110000,0.000000
1778986357.303173,0,0.000000,2.000000,0.000000,2.000000,1.000000,0.000000,1.000000,-0.250000,0.110000,0.000000
1778986357.305548,0,0.000000,2.000000,0.000000,2.000000,1.000000,0.000000,1.000000,-0.250000,0.110000,0.000000
1778986357.306811,0,0.000000,2.000000,0.000000,2.000000,0.200000,0.000000,1.000000,-0.250000,0.230000,0.000000
1778986357.307842,0,0.000000,2.000000,0.000000,2.000000,0.210000,0.000000,0.090000,-0.250000,0.230000,0.000000
1778986357.329529,0,0.000000,2.000000,0.000000,2.000000,0.740000,0.000000,1.000000,-0.250000,0.230000,0.000000
1778986357.333791,0,0.000000,2.000000,0.000000,2.000000,1.000000,0.000000,1.000000,-0.250000,0.110000,0.000000
1778986357.349538,0,0.000000,2.000000,0.000000,2.000000,1.000000,0.000000,1.000000,-0.250000,0.230000,0.000000
1778986357.372132,0,0.000000,2.000000,0.000000,2.000000,1.000000,0.000000,0.270000,-0.250000,0.110000,0.000000
1778986357.394269,0,0.000000,2.000000,0.000000,2.000000,1.000000,0.000000,1.000000,-0.250000,0.000000,0.000000
1778986357.453824,0,0.000000,2.000000,0.000000,2.000000,0.180000,0.000000,1.000000,-0.270000,0.110000,0.000000
1778986357.499161,0,0.000000,2.000000,0.000000,2.000000,0.670000,0.000000,1.000000,-0.250000,0.110000,0.000000
1778986357.553522,0,0.000000,2.000000,0.000000,2.000000,1.000000,0.000000,1.000000,-0.150000,0.110000,0.000000
1778986357.555917,0,0.000000,2.000000,0.000000,2.000000,1.000000,0.000000,0.810000,-0.090000,0.230000,0.000000
1778986357.556854,0,0.000000,2.000000,0.000000,2.000000,0.050000,0.000000,1.000000,-0.050000,0.110000,0.000000
1778986357.580825,0,0.000000,2.000000,0.000000,2.000000,1.000000,0.000000,1.000000,0.120000,0.110000,0.000000
1778986357.597844,0,0.000000,2.000000,0.000000,2.000000,0.400000,0.000000,1.000000,0.230000,0.110000,0.000000
1778986357.606672,0,0.000000,2.000000,0.000000,2.000000,0.720000,0.000000,1.000000,0.250000,0.230000,0.000000
1778986357.625858,0,0.000000,2.000000,0.000000,2.000000,1.000000,0.000000,0.360000,0.330000,0.230000,0.000000
1778986357.695367,0,0.000000,2.000000,0.000000,2.000000,0.000000,0.000000,1.000000,0.400000,0.850000,0.000000
1778986357.724096,0,0.000000,2.000000,0.000000,2.000000,0.200000,0.000000,1.000000,0.430000,0.110000,0.000000
1778986357.790067,0,0.000000,2.000000,0.000000,2.000000,0.120000,0.000000,1.000000,0.720000,0.110000,0.000000
1778986358.279899,0,0.000000,2.000000,0.000000,2.000000,0.010000,0.000000,1.000000,0.930000,0.110000,0.000000
1778986359.083314,0,0.000000,2.000000,0.000000,2.000000,1.000000,0.000000,1.000000,0.700000,0.110000,0.330000
1778986359.111261,0,0.000000,2.000000,0.000000,2.000000,1.000000,0.000000,1.000000,0.490000,0.110000,0.000000
1778986359.139120,0,0.000000,2.000000,0.000000,2.000000,0.870000,0.000000,1.000000,0.150000,0.230000,0.000000
1778986359.156398,0,0.000000,2.000000,0.000000,2.000000,1.000000,0.000000,1.000000,0.170000,0.000000,0.000000
1778986359.160181,0,0.000000,2.000000,0.000000,2.000000,0.020000,0.000000,1.000000,-0.270000,0.000000,0.000000
1778986359.162353,0,0.000000,2.000000,0.000000,2.000000,0.630000,0.000000,0.440000,-0.250000,0.110000,0.000000
1778986359.180269,0,0.000000,2.000000,0.000000,2.000000,0.560000,0.000000,1.000000,-0.250000,0.110000,0.000000
1778986359.184024,0,0.000000,2.000000,0.000000,2.000000,1.000000,0.000000,1.000000,-0.230000,0.110000,0.000000
1778986359.192586,0,0.000000,2.000000,0.000000,2.000000,1.000000,0.000000,0.000000,-0.230000,0.110000,0.330000
1778986359.201249,0,0.000000,2.000000,0.000000,2.000000,1.000000,0.000000,0.750000,-0.210000,0.110000,0.000000
1778986359.223862,0,0.000000,2.000000,0.000000,2.000000,1.000000,0.000000,1.000000,-0.250000,0.110000,0.000000
1778986359.337616,0,0.000000,2.000000,0.000000,2.000000,1.000000,0.000000,1.000000,-0.270000,0.230000,0.000000
1778986359.357933,0,0.000000,2.000000,0.000000,2.000000,1.000000,0.000000,1.000000,-0.280000,0.110000,0.000000
1778986359.388842,0,0.000000,2.000000,0.000000,2.000000,1.000000,0.000000,1.000000,-0.300000,0.110000,0.000000
1778986359.403497,0,0.000000,2.000000,0.000000,2.000000,1.000000,0.000000,1.000000,-0.310000,0.230000,0.000000
1778986359.410024,0,0.000000,2.000000,0.000000,2.000000,1.000000,0.000000,0.890000,-0.330000,0.110000,0.000000
1778986359.417727,0,0.000000,2.000000,0.000000,2.000000,0.630000,0.000000,1.000000,-0.180000,0.230000,0.000000
1778986359.424474,0,0.000000,2.000000,0.000000,2.000000,1.000000,0.000000,0.250000,-0.250000,0.230000,0.000000
1778986359.463811,0,0.000000,2.000000,0.000000,2.000000,1.000000,0.000000,1.000000,-0.270000,0.110000,0.000000
1778986359.479433,0,0.000000,2.000000,0.000000,2.000000,1.000000,0.000000,1.000000,-0.280000,0.110000,0.000000
1778986359.507678,0,0.000000,2.000000,0.000000,2.000000,1.000000,0.000000,1.000000,-0.270000,0.110000,0.000000
1778986359.517299,0,0.000000,2.000000,0.000000,2.000000,1.000000,0.000000,1.000000,-0.270000,0.110000,0.000000
1778986359.533083,0,0.000000,2.000000,0.000000,2.000000,1.000000,0.000000,1.000000,-0.270000,0.110000,0.000000
1778986359.537719,0,0.000000,2.000000,0.000000,2.000000,1.000000,0.000000,0.100000,-0.270000,0.110000,0.000000
1778986359.539046,0,0.000000,2.000000,0.000000,2.000000,1.000000,0.000000,0.930000,-0.270000,0.110000,0.000000
1778986359.554225,0,0.000000,2.000000,0.000000,2.000000,0.200000,0.000000,0.100000,-0.270000,0.110000,0.000000
1778986359.560170,0,0.000000,2.000000,0.000000,2.000000,0.500000,0.000000,0.880000,-0.250000,0.230000,0.000000
1778986359.583782,0,0.000000,2.000000,0.000000,2.000000,1.000000,0.000000,0.550000,-0.250000,0.230000,0.000000
1778986359.621760,0,0.000000,2.000000,0.000000,2.000000,0.000000,0.000000,1.000000,-0.250000,0.360000,0.000000
1778986359.638317,0,0.000000,2.000000,0.000000,2.000000,1.000000,0.000000,0.050000,-0.250000,0.230000,0.330000
1778986359.642880,0,0.000000,2.000000,0.000000,2.000000,0.270000,0.000000,0.200000,-0.250000,0.110000,0.000000
1778986359.681362,0,0.000000,2.000000,0.000000,2.000000,1.000000,0.000000,0.370000,-0.250000,0.230000,0.000000
1778986359.704851,0,0.000000,2.000000,0.000000,2.000000,1.000000,0.000000,1.000000,-0.250000,0.110000,0.000000
1778986359.735840,0,0.000000,2.000000,0.000000,2.000000,1.000000,0.000000,1.000000,-0.270000,0.110000,0.000000
1778986359.764931,0,0.000000,2.000000,0.000000,2.000000,1.000000,0.000000,1.000000,-0.230000,0.000000,0.000000
1778986359.800432,0,0.000000,2.000000,0.000000,2.000000,1.000000,0.000000,0.090000,-0.100000,0.110000,0.000000
1778986359.821957,0,0.000000,2.000000,0.000000,2.000000,1.000000,0.000000,0.620000,-0.070000,0.110000,0.000000
1778986359.845057,0,0.000000,2.000000,0.000000,2.000000,1.000000,0.000000,1.000000,0.070000,0.110000,0.000000
1778986359.861284,0,0.000000,2.000000,0.000000,2.000000,1.000000,0.000000,1.000000,0.150000,0.110000,0.000000
1778986359.891091,0,0.000000,2.000000,0.000000,2.000000,1.000000,0.000000,1.000000,0.250000,0.110000,0.000000
1778986359.900161,0,0.000000,2.000000,0.000000,2.000000,1.000000,0.000000,1.000000,0.250000,0.230000,0.000000
1778986359.987979,0,0.000000,2.000000,0.000000,2.000000,1.000000,0.000000,1.000000,0.270000,0.110000,0.000000
1778986360.003597,0,0.000000,2.000000,0.000000,2.000000,1.000000,0.000000,1.000000,0.250000,0.110000,0.000000
1778986360.018225,0,0.000000,2.000000,0.000000,2.000000,0.810000,0.000000,1.000000,0.380000,0.230000,0.000000
1778986360.110587,0,0.000000,2.000000,0.000000,2.000000,1.000000,0.000000,1.000000,0.380000,0.110000,0.000000
1778986360.176105,0,0.000000,2.000000,0.000000,2.000000,1.000000,0.000000,1.000000,0.310000,0.110000,0.000000
1778986360.199286,0,0.000000,2.000000,0.000000,2.000000,1.000000,0.000000,1.000000,0.150000,0.110000,0.000000
1778986360.205826,0,0.000000,2.000000,0.000000,2.000000,1.000000,0.000000,0.560000,0.070000,0.110000,0.000000
1778986360.214794,0,0.000000,2.000000,0.000000,2.000000,1.000000,0.000000,1.000000,-0.120000,0.230000,0.000000
1778986360.217635,0,0.000000,2.000000,0.000000,2.000000,1.000000,0.000000,1.000000,-0.270000,0.110000,0.000000
1778986360.270010,0,0.000000,2.000000,0.000000,2.000000,0.000000,0.000000,1.000000,-0.270000,0.490000,0.000000
1778986360.281129,0,0.000000,2.000000,0.000000,2.000000,1.000000,0.000000,1.000000,-0.270000,0.110000,0.000000
1778986360.287967,0,0.000000,2.000000,0.000000,2.000000,1.000000,0.000000,1.000000,-0.270000,0.110000,0.000000
1778986360.289956,0,0.000000,2.000000,0.000000,2.000000,1.000000,0.000000,0.000000,-0.270000,0.110000,0.330000
1778986360.290965,0,0.000000,2.000000,0.000000,2.000000,0.540000,0.000000,1.000000,-0.270000,0.110000,0.000000
1778986360.295218,0,0.000000,2.000000,0.000000,2.000000,1.000000,0.000000,1.000000,-0.270000,0.110000,0.000000
1778986360.334315,0,0.000000,2.000000,0.000000,2.000000,1.000000,0.000000,1.000000,-0.250000,0.110000,0.000000
1778986360.339674,0,0.000000,2.000000,0.000000,2.000000,1.000000,0.000000,0.370000,-0.250000,0.110000,0.000000
1778986360.364354,0,0.000000,2.000000,0.000000,2.000000,1.000000,0.000000,0.000000,-0.250000,0.110000,0.660000
1778986360.370562,0,0.000000,2.000000,0.000000,2.000000,1.000000,0.000000,1.000000,-0.250000,0.110000,0.000000
1778986360.378909,0,0.000000,2.000000,0.000000,2.000000,0.250000,0.000000,1.000000,-0.250000,0.360000,0.000000
1778986360.396726,0,0.000000,2.000000,0.000000,2.000000,1.000000,0.000000,1.000000,-0.250000,0.000000,0.000000
1778986360.423559,0,0.000000,2.000000,0.000000,2.000000,0.310000,0.000000,0.150000,-0.270000,0.230000,0.000000
1778986360.438832,0,0.000000,2.000000,0.000000,2.000000,1.000000,0.000000,1.000000,-0.270000,0.000000,0.000000
1778986360.453033,0,0.000000,2.000000,0.000000,2.000000,1.000000,0.000000,1.000000,-0.270000,0.230000,0.000000
1778986360.468474,0,0.000000,2.000000,0.000000,2.000000,0.100000,0.000000,1.000000,-0.250000,0.110000,0.000000
1778986360.470682,0,0.000000,2.000000,0.000000,2.000000,0.830000,0.000000,0.230000,-0.270000,0.230000,0.000000
1778986360.498418,0,0.000000,2.000000,0.000000,2.000000,1.000000,0.000000,0.360000,-0.250000,0.110000,0.000000
1778986360.523416,0,0.000000,2.000000,0.000000,2.000000,1.000000,0.000000,1.000000,-0.250000,0.110000,0.000000
1778986360.527430,0,0.000000,2.000000,0.000000,2.000000,1.000000,0.000000,1.000000,-0.250000,0.110000,0.000000
1778986360.552144,0,0.000000,2.000000,0.000000,2.000000,1.000000,0.000000,1.000000,-0.180000,0.110000,0.000000
1778986360.566035,0,0.000000,2.000000,0.000000,2.000000,1.000000,0.000000,0.700000,-0.100000,0.110000,0.000000
1778986360.590685,0,0.000000,2.000000,0.000000,2.000000,1.000000,0.000000,1.000000,-0.070000,0.230000,0.000000
1778986360.592040,0,0.000000,2.000000,0.000000,2.000000,1.000000,0.000000,1.000000,-0.050000,0.110000,0.000000
1778986360.614848,0,0.000000,2.000000,0.000000,2.000000,1.000000,0.000000,0.000000,0.000000,0.110000,0.330000
1778986360.636625,0,0.000000,2.000000,0.000000,2.000000,0.360000,0.000000,1.000000,0.090000,0.110000,0.000000
1778986360.652747,0,0.000000,2.000000,0.000000,2.000000,1.000000,0.000000,1.000000,0.140000,0.110000,0.000000
1778986360.653826,0,0.000000,2.000000,0.000000,2.000000,1.000000,0.000000,1.000000,0.150000,0.110000,0.000000
1778986360.671865,0,0.000000,2.000000,0.000000,2.000000,1.000000,0.000000,1.000000,0.150000,0.110000,0.000000
1778986360.674287,0,0.000000,2.000000,0.000000,2.000000,0.310000,0.000000,1.000000,0.150000,0.110000,0.000000
1778986360.685915,0,0.000000,2.000000,0.000000,2.000000,0.210000,0.000000,0.700000,0.170000,0.230000,0.000000
1778986360.731741,0,0.000000,2.000000,0.000000,2.000000,0.890000,0.000000,1.000000,0.180000,0.110000,0.000000
1778986360.754338,0,0.000000,2.000000,0.000000,2.000000,1.000000,0.000000,1.000000,0.200000,0.110000,0.000000
1778986360.783231,0,0.000000,2.000000,0.000000,2.000000,1.000000,0.000000,1.000000,0.210000,0.110000,0.000000
1778986360.805110,0,0.000000,2.000000,0.000000,2.000000,1.000000,0.000000,1.000000,0.200000,0.110000,0.000000
1778986360.836262,0,0.000000,2.000000,0.000000,2.000000,1.000000,0.000000,1.000000,0.180000,0.230000,0.000000
1778986360.836995,0,0.000000,2.000000,0.000000,2.000000,1.000000,0.000000,1.000000,0.200000,0.110000,0.000000
1778986360.837403,0,0.000000,2.000000,0.000000,2.000000,0.270000,0.000000,1.000000,0.200000,0.110000,0.000000
1778986360.866354,0,0.000000,2.000000,0.000000,2.000000,1.000000,0.000000,1.000000,0.200000,0.110000,0.000000
1778986360.876911,0,0.000000,2.000000,0.000000,2.000000,1.000000,0.000000,1.000000,0.180000,0.110000,0.000000
1778986360.877673,0,0.000000,2.000000,0.000000,2.000000,1.000000,0.000000,1.000000,0.180000,0.110000,0.000000
1778986360.879215,0,0.000000,2.000000,0.000000,2.000000,1.000000,0.000000,1.000000,0.180000,0.110000,0.000000
1778986361.047638,0,0.000000,2.000000,0.000000,2.000000,1.000000,0.000000,1.000000,0.180000,0.110000,0.000000
1778986361.572074,0,0.000000,2.000000,0.000000,2.000000,1.000000,0.000000,1.000000,0.180000,0.110000,0.000000
1778986361.692585,0,0.000000,2.000000,0.000000,2.000000,1.000000,0.000000,1.000000,0.200000,0.230000,0.000000
1778986361.757742,0,0.000000,2.000000,0.000000,2.000000,1.000000,0.000000,1.000000,0.180000,0.110000,0.000000
1778986361.773775,0,0.000000,2.000000,0.000000,2.000000,1.000000,0.000000,1.000000,0.100000,0.110000,0.000000
1778986361.810271,0,0.000000,2.000000,0.000000,2.000000,1.000000,0.000000,1.000000,-0.200000,0.110000,0.000000
1778986361.825567,0,0.000000,2.000000,0.000000,2.000000,1.000000,0.000000,1.000000,0.170000,0.000000,0.000000
1778986361.833616,0,0.000000,2.000000,0.000000,2.000000,1.000000,0.000000,1.000000,0.180000,0.230000,0.000000
1778986361.977785,0,0.000000,2.000000,0.000000,2.000000,1.000000,0.000000,0.000000,0.180000,0.110000,0.330000
1778986362.008383,0,0.000000,2.000000,0.000000,2.000000,0.030000,0.000000,0.760000,0.200000,0.230000,0.000000
1778986362.062186,0,0.000000,2.000000,0.000000,2.000000,0.360000,0.000000,1.000000,0.200000,0.000000,0.000000
1778986362.066239,0,0.000000,2.000000,0.000000,2.000000,0.000000,0.000000,0.000000,0.200000,1.220000,0.660000
1778986362.105151,0,0.000000,2.000000,0.000000,2.000000,1.000000,0.000000,1.000000,0.200000,0.110000,0.000000
1778986362.110722,0,0.000000,2.000000,0.000000,2.000000,1.000000,0.000000,1.000000,0.200000,0.230000,0.000000
1778986362.118147,0,0.000000,2.000000,0.000000,2.000000,1.000000,0.000000,1.000000,0.200000,0.110000,0.000000
1778986362.125211,0,0.000000,2.000000,0.000000,2.000000,1.000000,0.000000,1.000000,0.200000,0.110000,0.000000
1778986362.132812,0,0.000000,2.000000,0.000000,2.000000,1.000000,0.000000,1.000000,0.200000,0.230000,0.000000
1778986362.164274,0,0.000000,2.000000,0.000000,2.000000,1.000000,0.000000,1.000000,0.200000,0.110000,0.000000
1778986362.218398,0,0.000000,2.000000,0.000000,2.000000,1.000000,0.000000,1.000000,0.200000,0.110000,0.000000
1778986362.233697,0,0.000000,2.000000,0.000000,2.000000,1.000000,0.000000,0.000000,0.200000,0.110000,0.330000
1778986362.270530,0,0.000000,2.000000,0.000000,2.000000,1.000000,0.000000,0.000000,0.200000,0.000000,0.330000
1778986362.272668,0,0.000000,2.000000,0.000000,2.000000,1.000000,0.000000,1.000000,0.200000,0.110000,0.000000
1778986362.301728,0,0.000000,2.000000,0.000000,2.000000,0.630000,0.000000,1.000000,0.200000,0.110000,0.000000
1778986362.323218,0,0.000000,2.000000,0.000000,2.000000,0.600000,0.000000,1.000000,0.180000,0.110000,0.000000
1778986362.345401,0,0.000000,2.000000,0.000000,2.000000,1.000000,0.000000,1.000000,0.140000,0.110000,0.000000
1778986362.414601,0,0.000000,2.000000,0.000000,2.000000,1.000000,0.000000,1.000000,0.140000,0.110000,0.000000
1778986362.434647,0,0.000000,2.000000,0.000000,2.000000,1.000000,0.000000,1.000000,0.200000,0.230000,0.000000
1778986362.480108,0,0.000000,2.000000,0.000000,2.000000,1.000000,0.000000,0.330000,0.230000,0.110000,0.000000
1778986362.500905,0,0.000000,2.000000,0.000000,2.000000,0.600000,0.000000,0.330000,0.250000,0.110000,0.000000
1778986362.532703,0,0.000000,2.000000,0.000000,2.000000,1.000000,0.000000,1.000000,0.980000,0.110000,0.000000
1778986362.546896,0,0.000000,2.000000,0.000000,2.000000,0.500000,0.000000,1.000000,1.000000,0.110000,0.000000
1778986362.547428,0,0.000000,2.000000,0.000000,2.000000,1.000000,0.000000,1.000000,0.990000,0.230000,0.000000
1778986362.620830,0,0.000000,2.000000,0.000000,2.000000,1.000000,0.000000,1.000000,0.990000,0.110000,0.000000
1778986362.631922,0,0.000000,2.000000,0.000000,2.000000,1.000000,0.000000,1.000000,1.030000,0.230000,0.000000
1778986362.632749,0,0.000000,2.000000,0.000000,2.000000,0.800000,0.000000,1.000000,1.000000,0.110000,0.000000
1778986362.633439,0,0.000000,2.000000,0.000000,2.000000,1.000000,0.000000,1.000000,0.990000,0.110000,0.000000
1778986362.635368,0,0.000000,2.000000,0.000000,2.000000,0.000000,0.000000,1.000000,1.020000,0.360000,0.000000
1778986362.687818,0,0.000000,2.000000,0.000000,2.000000,0.270000,0.000000,1.000000,1.020000,0.110000,0.000000
1778986362.695702,0,0.000000,2.000000,0.000000,2.000000,0.400000,0.000000,1.000000,1.030000,0.000000,0.000000
1778986362.719374,0,0.000000,2.000000,0.000000,2.000000,1.000000,0.000000,1.000000,1.030000,0.110000,0.000000
1778986362.727087,0,0.000000,2.000000,0.000000,2.000000,0.820000,0.000000,1.000000,1.010000,0.230000,0.000000
1778986362.729776,0,0.000000,2.000000,0.000000,2.000000,1.000000,0.000000,1.000000,1.020000,0.110000,0.000000
1778986362.730368,0,0.000000,2.000000,0.000000,2.000000,0.400000,0.000000,1.000000,1.030000,0.000000,0.000000
1778986362.732976,0,0.000000,2.000000,0.000000,2.000000,0.570000,0.000000,1.000000,1.020000,0.110000,0.000000
1778986362.796504,0,0.000000,2.000000,0.000000,2.000000,0.680000,0.000000,1.000000,1.020000,0.110000,0.000000
1778986362.797674,0,0.000000,2.000000,0.000000,2.000000,1.000000,0.000000,1.000000,1.030000,0.110000,0.000000
1778986362.798385,0,0.000000,2.000000,0.000000,2.000000,1.000000,0.000000,1.000000,1.020000,0.110000,0.000000
1778986362.799600,0,0.000000,2.000000,0.000000,2.000000,1.000000,0.000000,1.000000,1.020000,0.110000,0.000000
1778986362.840669,0,0.000000,2.000000,0.000000,2.000000,1.000000,0.000000,1.000000,1.040000,0.110000,0.000000
1778986362.851813,0,0.000000,2.000000,0.000000,2.000000,1.000000,0.000000,1.000000,1.040000,0.110000,0.000000
1778986362.899816,0,0.000000,2.000000,0.000000,2.000000,1.000000,0.000000,1.000000,1.040000,0.110000,0.000000
1778986362.927408,0,0.000000,2.000000,0.000000,2.000000,0.150000,0.000000,1.000000,1.030000,0.110000,0.660000
1778986362.967402,0,0.000000,2.000000,0.000000,2.000000,0.570000,0.000000,1.000000,1.010000,0.110000,0.000000
1778986362.982025,0,0.000000,2.000000,0.000000,2.000000,1.000000,0.000000,1.000000,1.000000,0.110000,0.000000
1778986362.982847,0,0.000000,2.000000,0.000000,2.000000,1.000000,0.000000,1.000000,0.970000,0.110000,0.000000
1778986362.983483,0,0.000000,2.000000,0.000000,2.000000,1.000000,0.000000,1.000000,0.510000,0.110000,0.000000
1778986362.984200,0,0.000000,2.000000,0.000000,2.000000,1.000000,0.000000,1.000000,0.430000,0.110000,0.000000
1778986363.003627,0,0.000000,2.000000,0.000000,2.000000,1.000000,0.000000,1.000000,0.400000,0.230000,0.000000
1778986363.011089,0,0.000000,2.000000,0.000000,2.000000,0.750000,0.000000,1.000000,0.370000,0.230000,0.000000
1778986363.062043,0,0.000000,2.000000,0.000000,2.000000,0.000000,0.000000,1.000000,0.250000,0.360000,0.000000
1778986363.099513,0,0.000000,2.000000,0.000000,2.000000,0.930000,0.000000,1.000000,0.180000,0.230000,0.000000
1778986363.149758,0,0.000000,2.000000,0.000000,2.000000,1.000000,0.000000,1.000000,0.200000,0.110000,0.000000
1778986363.176337,0,0.000000,2.000000,0.000000,2.000000,1.000000,0.000000,1.000000,0.180000,0.110000,0.000000
1778986363.178078,0,0.000000,2.000000,0.000000,2.000000,1.000000,0.000000,1.000000,0.150000,0.110000,0.000000
1778986363.178714,0,0.000000,2.000000,0.000000,2.000000,1.000000,0.000000,1.000000,0.120000,0.110000,0.000000
1778986363.179133,0,0.000000,2.000000,0.000000,2.000000,1.000000,0.000000,1.000000,0.070000,0.110000,0.000000
1778986363.198807,0,0.000000,2.000000,0.000000,2.000000,1.000000,0.000000,1.000000,0.000000,0.230000,0.000000
1778986363.272891,0,0.000000,2.000000,0.000000,2.000000,1.000000,0.000000,1.000000,0.000000,0.230000,0.000000
1778986363.281013,0,0.000000,2.000000,0.000000,2.000000,1.000000,0.000000,1.000000,0.000000,0.110000,0.000000
1778986363.282964,0,0.000000,2.000000,0.000000,2.000000,1.000000,0.000000,0.620000,0.050000,0.110000,0.000000
1778986363.283441,0,0.000000,2.000000,0.000000,2.000000,1.000000,0.000000,1.000000,0.050000,0.110000,0.000000
1778986363.283848,0,0.000000,2.000000,0.000000,2.000000,1.000000,0.000000,1.000000,0.090000,0.110000,0.000000
1778986363.299498,0,0.000000,2.000000,0.000000,2.000000,1.000000,0.000000,0.370000,0.140000,0.230000,0.000000
1778986363.333232,0,0.000000,2.000000,0.000000,2.000000,1.000000,0.000000,0.180000,0.170000,0.110000,0.000000
1778986363.340188,0,0.000000,2.000000,0.000000,2.000000,1.000000,0.000000,0.660000,0.200000,0.110000,0.000000
1778986363.397199,0,0.000000,2.000000,0.000000,2.000000,1.000000,0.000000,1.000000,0.200000,0.230000,0.000000
1778986363.415686,0,0.000000,2.000000,0.000000,2.000000,1.000000,0.000000,1.000000,0.230000,0.110000,0.000000
1778986363.422365,0,0.000000,2.000000,0.000000,2.000000,1.000000,0.000000,0.250000,0.310000,0.110000,0.000000
1778986363.439490,0,0.000000,2.000000,0.000000,2.000000,1.000000,0.000000,1.000000,0.440000,0.230000,0.000000
1778986363.453180,0,0.000000,2.000000,0.000000,2.000000,1.000000,0.000000,1.000000,0.500000,0.110000,0.000000
1778986363.467812,0,0.000000,2.000000,0.000000,2.000000,1.000000,0.000000,1.000000,0.580000,0.110000,0.000000
1778986363.490610,0,0.000000,2.000000,0.000000,2.000000,1.000000,0.000000,1.000000,0.810000,0.110000,0.000000
1778986363.542833,0,0.000000,2.000000,0.000000,2.000000,1.000000,0.000000,1.000000,1.070000,0.110000,0.000000
1778986363.546621,0,0.000000,2.000000,0.000000,2.000000,1.000000,0.000000,1.000000,1.140000,0.110000,0.000000
1778986363.551141,0,0.000000,2.000000,0.000000,2.000000,1.000000,0.000000,1.000000,1.070000,0.110000,0.000000
1778986363.558002,0,0.000000,2.000000,0.000000,2.000000,1.000000,0.000000,1.000000,1.040000,0.230000,0.000000
1778986363.559369,0,0.000000,2.000000,0.000000,2.000000,1.000000,0.000000,1.000000,1.000000,0.110000,0.330000
1778986363.565435,0,0.000000,2.000000,0.000000,2.000000,1.000000,0.000000,1.000000,1.000000,0.110000,0.000000
1778986363.589083,0,0.000000,2.000000,0.000000,2.000000,1.000000,0.000000,1.000000,0.990000,0.110000,0.000000
1778986363.663942,0,0.000000,2.000000,0.000000,2.000000,1.000000,0.000000,1.000000,0.930000,0.110000,0.330000
1778986363.670814,0,0.000000,2.000000,0.000000,2.000000,0.110000,0.000000,1.000000,0.870000,0.110000,0.000000
1778986363.673266,0,0.000000,2.000000,0.000000,2.000000,1.000000,0.000000,1.000000,0.870000,0.110000,0.000000
1778986363.674593,0,0.000000,2.000000,0.000000,2.000000,1.000000,0.000000,1.000000,0.870000,0.110000,0.000000
1778986363.675967,0,0.000000,2.000000,0.000000,2.000000,0.430000,0.000000,1.000000,0.850000,0.110000,0.000000
1778986363.723126,0,0.000000,2.000000,0.000000,2.000000,1.000000,0.000000,1.000000,0.830000,0.230000,0.000000
1778986363.725483,0,0.000000,2.000000,0.000000,2.000000,1.000000,0.000000,1.000000,0.860000,0.110000,0.000000
1778986363.726348,0,0.000000,2.000000,0.000000,2.000000,1.000000,0.000000,1.000000,0.860000,0.110000,0.000000
1778986363.747935,0,0.000000,2.000000,0.000000,2.000000,0.230000,0.000000,1.000000,0.870000,0.110000,0.000000
1778986363.753971,0,0.000000,2.000000,0.000000,2.000000,0.510000,0.000000,1.000000,0.880000,0.110000,0.000000
1778986363.781660,0,0.000000,2.000000,0.000000,2.000000,1.000000,0.000000,1.000000,0.890000,0.230000,0.000000
1778986363.798509,0,0.000000,2.000000,0.000000,2.000000,0.000000,0.000000,1.000000,0.930000,0.360000,0.660000
1778986363.799486,0,0.000000,2.000000,0.000000,2.000000,0.870000,0.000000,1.000000,0.970000,0.110000,0.000000
1778986363.820014,0,0.000000,2.000000,0.000000,2.000000,1.000000,0.000000,1.000000,0.990000,0.110000,0.330000
1778986363.849417,0,0.000000,2.000000,0.000000,2.000000,1.000000,0.000000,1.000000,1.000000,0.230000,0.000000
1778986363.858075,0,0.000000,2.000000,0.000000,2.000000,1.000000,0.000000,1.000000,1.030000,0.230000,0.000000
1778986363.869211,0,0.000000,2.000000,0.000000,2.000000,0.340000,0.000000,1.000000,1.080000,0.110000,0.000000
1778986363.896124,0,0.000000,2.000000,0.000000,2.000000,1.000000,0.000000,1.000000,1.090000,0.230000,0.000000
1778986363.911200,0,0.000000,2.000000,0.000000,2.000000,1.000000,0.000000,1.000000,1.070000,0.110000,0.000000
1778986363.933951,0,0.000000,2.000000,0.000000,2.000000,0.000000,0.000000,1.000000,1.100000,0.360000,0.000000
1778986363.940230,0,0.000000,2.000000,0.000000,2.000000,0.500000,0.000000,1.000000,1.100000,0.110000,0.000000
1778986363.957204,0,0.000000,2.000000,0.000000,2.000000,1.000000,0.000000,1.000000,1.050000,0.110000,0.000000
1778986364.009711,0,0.000000,2.000000,0.000000,2.000000,1.000000,0.000000,1.000000,1.070000,0.110000,0.000000
1778986364.038697,0,0.000000,2.000000,0.000000,2.000000,0.050000,0.000000,1.000000,0.810000,0.230000,0.000000
1778986364.093441,0,0.000000,2.000000,0.000000,2.000000,0.430000,0.000000,1.000000,0.500000,0.110000,0.000000
1778986364.146741,0,0.000000,2.000000,0.000000,2.000000,0.830000,0.000000,1.000000,0.500000,0.000000,0.000000
1778986364.168575,0,0.000000,2.000000,0.000000,2.000000,0.150000,0.000000,1.000000,0.360000,0.110000,0.000000
1778986364.191038,0,0.000000,2.000000,0.000000,2.000000,0.460000,0.000000,1.000000,0.340000,0.110000,0.000000
1778986364.220434,0,0.000000,2.000000,0.000000,2.000000,1.000000,0.000000,1.000000,0.210000,0.110000,0.000000
1778986364.221799,0,0.000000,2.000000,0.000000,2.000000,0.570000,0.000000,0.400000,0.200000,0.110000,0.000000
1778986364.226165,0,0.000000,2.000000,0.000000,2.000000,0.120000,0.000000,0.750000,0.200000,0.110000,0.000000
1778986364.227446,0,0.000000,2.000000,0.000000,2.000000,0.570000,0.000000,1.000000,0.200000,0.110000,0.000000
1778986364.259133,0,0.000000,2.000000,0.000000,2.000000,0.100000,0.000000,1.000000,0.200000,0.230000,0.000000
1778986364.295182,0,0.000000,2.000000,0.000000,2.000000,0.330000,0.000000,1.000000,0.200000,0.110000,0.000000
1778986364.309108,0,0.000000,2.000000,0.000000,2.000000,0.550000,0.000000,1.000000,0.200000,0.230000,0.000000
1778986364.311392,0,0.000000,2.000000,0.000000,2.000000,0.770000,0.000000,1.000000,0.230000,0.230000,0.000000
1778986364.312067,0,0.000000,2.000000,0.000000,2.000000,0.150000,0.000000,1.000000,0.270000,0.110000,0.000000
1778986364.347764,0,0.000000,2.000000,0.000000,2.000000,0.410000,0.000000,0.400000,0.370000,0.000000,0.000000
1778986364.353607,0,0.000000,2.000000,0.000000,2.000000,0.670000,0.000000,1.000000,0.460000,0.000000,0.000000
1778986364.378879,0,0.000000,2.000000,0.000000,2.000000,0.930000,0.000000,1.000000,0.460000,0.110000,0.000000
1778986364.401380,0,0.000000,2.000000,0.000000,2.000000,1.000000,0.000000,1.000000,0.510000,0.000000,0.000000
1778986364.436386,0,0.000000,2.000000,0.000000,2.000000,1.000000,0.000000,1.000000,0.510000,0.110000,0.000000
1778986364.443813,0,0.000000,2.000000,0.000000,2.000000,1.000000,0.000000,1.000000,0.550000,0.110000,0.000000
1778986364.444758,0,0.000000,2.000000,0.000000,2.000000,0.020000,0.000000,1.000000,0.660000,0.110000,0.000000
1778986364.489599,0,0.000000,2.000000,0.000000,2.000000,0.270000,0.000000,1.000000,0.890000,0.110000,0.000000
1778986364.520368,0,0.000000,2.000000,0.000000,2.000000,0.070000,0.000000,1.000000,1.090000,0.110000,0.000000
1778986364.522566,0,0.000000,2.000000,0.000000,2.000000,0.360000,0.000000,1.000000,1.170000,0.110000,0.000000
1778986364.524931,0,0.000000,2.000000,0.000000,2.000000,0.660000,0.000000,1.000000,1.170000,0.110000,0.000000
1778986364.525912,0,0.000000,2.000000,0.000000,2.000000,0.310000,0.000000,1.000000,1.110000,0.110000,0.000000
1778986364.528267,0,0.000000,2.000000,0.000000,2.000000,0.970000,0.000000,1.000000,1.120000,0.110000,0.000000
1778986364.564185,0,0.000000,2.000000,0.000000,2.000000,0.200000,0.000000,1.000000,1.120000,0.000000,0.000000
1778986364.588051,0,0.000000,2.000000,0.000000,2.000000,0.560000,0.000000,1.000000,1.120000,0.110000,0.000000
1778986364.603096,0,0.000000,2.000000,0.000000,2.000000,0.940000,0.000000,1.000000,1.100000,0.110000,0.000000
1778986364.610616,0,0.000000,2.000000,0.000000,2.000000,1.000000,0.000000,1.000000,1.090000,0.110000,0.000000
1778986364.616243,0,0.000000,2.000000,0.000000,2.000000,0.180000,0.000000,1.000000,1.070000,0.230000,0.000000
1778986364.641354,0,0.000000,2.000000,0.000000,2.000000,0.490000,0.000000,1.000000,0.980000,0.110000,0.000000
1778986364.648957,0,0.000000,2.000000,0.000000,2.000000,0.750000,0.000000,1.000000,0.890000,0.110000,0.000000
1778986364.649760,0,0.000000,2.000000,0.000000,2.000000,1.000000,0.000000,1.000000,0.890000,0.110000,0.000000
1778986364.676966,0,0.000000,2.000000,0.000000,2.000000,1.000000,0.000000,1.000000,0.910000,0.110000,0.000000
1778986364.679054,0,0.000000,2.000000,0.000000,2.000000,1.000000,0.000000,1.000000,0.910000,0.110000,0.000000
1778986364.716053,0,0.000000,2.000000,0.000000,2.000000,0.150000,0.000000,1.000000,0.920000,0.110000,0.000000
1778986364.721506,0,0.000000,2.000000,0.000000,2.000000,0.050000,0.000000,1.000000,1.010000,0.110000,0.000000
1778986364.738055,0,0.000000,2.000000,0.000000,2.000000,0.310000,0.000000,1.000000,1.080000,0.110000,0.000000
1778986364.752047,0,0.000000,2.000000,0.000000,2.000000,0.050000,0.000000,1.000000,1.120000,0.000000,0.000000
1778986364.757467,0,0.000000,2.000000,0.000000,2.000000,0.380000,0.000000,1.000000,1.120000,0.110000,0.000000
1778986364.797621,0,0.000000,2.000000,0.000000,2.000000,0.690000,0.000000,1.000000,1.130000,0.110000,0.000000
1778986364.826272,0,0.000000,2.000000,0.000000,2.000000,1.000000,0.000000,1.000000,1.120000,0.110000,0.000000
1778986364.832985,0,0.000000,2.000000,0.000000,2.000000,1.000000,0.000000,1.000000,1.150000,0.110000,1.000000
1778986364.834098,0,0.000000,2.000000,0.000000,2.000000,1.000000,0.000000,1.000000,1.150000,0.110000,0.000000
1778986364.835148,0,0.000000,2.000000,0.000000,2.000000,0.110000,0.000000,1.000000,1.140000,0.110000,0.000000
1778986364.855604,0,0.000000,2.000000,0.000000,2.000000,0.120000,0.000000,1.000000,1.220000,0.110000,0.000000
1778986364.863577,0,0.000000,2.000000,0.000000,2.000000,0.460000,0.000000,1.000000,1.170000,0.110000,0.000000
1778986364.888155,0,0.000000,2.000000,0.000000,2.000000,0.800000,0.000000,1.000000,1.040000,0.110000,0.000000
1778986364.893759,0,0.000000,2.000000,0.000000,2.000000,0.070000,0.000000,1.000000,0.940000,0.110000,0.000000
1778986364.910657,0,0.000000,2.000000,0.000000,2.000000,0.370000,0.000000,1.000000,0.750000,0.230000,0.000000
1778986364.931817,0,0.000000,2.000000,0.000000,2.000000,0.690000,0.000000,1.000000,0.620000,0.110000,0.000000
1778986364.952636,0,0.000000,2.000000,0.000000,2.000000,1.000000,0.000000,1.000000,0.610000,0.230000,0.000000
1778986364.969244,0,0.000000,2.000000,0.000000,2.000000,1.000000,0.000000,1.000000,0.620000,0.110000,0.000000
1778986364.984136,0,0.000000,2.000000,0.000000,2.000000,0.070000,0.000000,1.000000,0.600000,0.110000,0.000000
1778986364.998852,0,0.000000,2.000000,0.000000,2.000000,0.400000,0.000000,1.000000,0.550000,0.110000,0.000000
1778986365.014728,0,0.000000,2.000000,0.000000,2.000000,0.030000,0.000000,1.000000,0.500000,0.110000,0.000000
1778986365.039046,0,0.000000,2.000000,0.000000,2.000000,0.360000,0.000000,1.000000,0.460000,0.110000,0.000000
1778986365.041514,0,0.000000,2.000000,0.000000,2.000000,0.630000,0.000000,1.000000,0.440000,0.110000,0.000000
1778986365.075472,0,0.000000,2.000000,0.000000,2.000000,0.930000,0.000000,1.000000,0.430000,0.110000,0.000000
1778986365.096632,0,0.000000,2.000000,0.000000,2.000000,1.000000,0.000000,1.000000,0.430000,0.110000,0.000000
1778986365.112319,0,0.000000,2.000000,0.000000,2.000000,0.050000,0.000000,1.000000,0.380000,0.110000,0.000000
1778986365.127292,0,0.000000,2.000000,0.000000,2.000000,0.310000,0.000000,1.000000,0.340000,0.110000,0.000000
1778986365.128654,0,0.000000,2.000000,0.000000,2.000000,0.560000,0.000000,1.000000,0.330000,0.230000,0.000000
1778986365.133356,0,0.000000,2.000000,0.000000,2.000000,0.810000,0.000000,1.000000,0.340000,0.110000,0.000000
1778986365.165250,0,0.000000,2.000000,0.000000,2.000000,1.000000,0.000000,1.000000,0.340000,0.110000,0.000000
1778986365.171376,0,0.000000,2.000000,0.000000,2.000000,1.000000,0.000000,1.000000,0.330000,0.230000,0.000000
1778986365.195765,0,0.000000,2.000000,0.000000,2.000000,1.000000,0.000000,1.000000,0.330000,0.110000,0.000000
1778986365.203209,0,0.000000,2.000000,0.000000,2.000000,1.000000,0.000000,1.000000,0.340000,0.110000,0.330000
1778986365.219270,0,0.000000,2.000000,0.000000,2.000000,1.000000,0.000000,1.000000,0.340000,0.110000,0.000000
1778986365.222935,0,0.000000,2.000000,0.000000,2.000000,1.000000,0.000000,1.000000,0.340000,0.230000,0.000000
1778986365.262531,0,0.000000,2.000000,0.000000,2.000000,1.000000,0.000000,1.000000,0.370000,0.110000,0.000000
1778986365.268441,0,0.000000,2.000000,0.000000,2.000000,1.000000,0.000000,1.000000,0.430000,0.110000,0.000000
1778986365.292466,0,0.000000,2.000000,0.000000,2.000000,1.000000,0.000000,1.000000,0.500000,0.110000,0.000000
1778986365.308898,0,0.000000,2.000000,0.000000,2.000000,1.000000,0.000000,1.000000,0.540000,0.110000,0.000000
1778986365.310715,0,0.000000,2.000000,0.000000,2.000000,1.000000,0.000000,1.000000,0.560000,0.110000,0.000000
1778986365.315625,0,0.000000,2.000000,0.000000,2.000000,1.000000,0.000000,1.000000,0.560000,0.110000,0.000000
1778986365.332245,0,0.000000,2.000000,0.000000,2.000000,0.050000,0.000000,1.000000,0.600000,0.230000,0.000000
1778986365.353000,0,0.000000,2.000000,0.000000,2.000000,0.330000,0.000000,1.000000,0.630000,0.110000,0.000000
1778986365.367915,0,0.000000,2.000000,0.000000,2.000000,0.760000,0.000000,1.000000,0.660000,0.110000,0.000000
1778986365.419092,0,0.000000,2.000000,0.000000,2.000000,1.000000,0.000000,1.000000,0.680000,0.110000,0.000000
1778986365.434439,0,0.000000,2.000000,0.000000,2.000000,1.000000,0.000000,1.000000,0.810000,0.110000,0.000000
1778986365.500756,0,0.000000,2.000000,0.000000,2.000000,1.000000,0.000000,1.000000,0.910000,0.110000,0.000000
1778986365.540360,0,0.000000,2.000000,0.000000,2.000000,1.000000,0.000000,1.000000,0.980000,0.110000,0.000000
1778986365.577955,0,0.000000,2.000000,0.000000,2.000000,1.000000,0.000000,1.000000,0.990000,0.110000,0.000000
1778986365.583970,0,0.000000,2.000000,0.000000,2.000000,1.000000,0.000000,1.000000,1.000000,0.110000,0.000000
1778986365.585847,0,0.000000,2.000000,0.000000,2.000000,1.000000,0.000000,1.000000,1.140000,0.110000,0.000000
1778986365.590810,0,0.000000,2.000000,0.000000,2.000000,0.000000,0.000000,1.000000,1.170000,0.490000,0.000000
1778986365.592523,0,0.000000,2.000000,0.000000,2.000000,0.910000,0.000000,1.000000,1.190000,0.110000,0.000000
1778986365.606112,0,0.000000,2.000000,0.000000,2.000000,1.000000,0.000000,1.000000,1.170000,0.110000,0.000000
1778986365.613515,0,0.000000,2.000000,0.000000,2.000000,1.000000,0.000000,1.000000,1.170000,0.000000,0.000000
1778986365.660372,0,0.000000,2.000000,0.000000,2.000000,1.000000,0.000000,1.000000,1.090000,0.110000,0.000000
1778986365.695646,0,0.000000,2.000000,0.000000,2.000000,1.000000,0.000000,1.000000,1.070000,0.110000,0.000000
1778986365.702840,0,0.000000,2.000000,0.000000,2.000000,1.000000,0.000000,1.000000,1.040000,0.110000,0.000000
1778986365.705013,0,0.000000,2.000000,0.000000,2.000000,0.010000,0.000000,1.000000,1.010000,0.000000,0.000000
1778986365.705591,0,0.000000,2.000000,0.000000,2.000000,0.310000,0.000000,1.000000,0.880000,0.000000,0.000000
1778986365.706615,0,0.000000,2.000000,0.000000,2.000000,0.050000,0.000000,1.000000,0.730000,0.110000,0.000000
1778986365.732881,0,0.000000,2.000000,0.000000,2.000000,0.330000,0.000000,1.000000,0.720000,0.110000,0.000000
1778986365.772537,0,0.000000,2.000000,0.000000,2.000000,0.020000,0.000000,1.000000,0.700000,0.110000,0.000000
1778986365.802101,0,0.000000,2.000000,0.000000,2.000000,0.300000,0.000000,1.000000,0.620000,0.110000,0.000000
1778986365.810506,0,0.000000,2.000000,0.000000,2.000000,0.550000,0.000000,1.000000,0.560000,0.110000,0.000000
1778986365.817869,0,0.000000,2.000000,0.000000,2.000000,0.170000,0.000000,1.000000,0.560000,0.110000,0.000000
1778986365.819735,0,0.000000,2.000000,0.000000,2.000000,0.570000,0.000000,1.000000,0.540000,0.230000,0.000000
1778986365.867906,0,0.000000,2.000000,0.000000,2.000000,1.000000,0.000000,1.000000,0.470000,0.230000,0.000000
1778986365.881579,0,0.000000,2.000000,0.000000,2.000000,1.000000,0.000000,1.000000,0.490000,0.110000,0.000000
1778986365.930017,0,0.000000,2.000000,0.000000,2.000000,1.000000,0.000000,1.000000,0.460000,0.110000,0.000000
1778986365.932378,0,0.000000,2.000000,0.000000,2.000000,0.140000,0.000000,1.000000,0.440000,0.110000,0.000000
1778986365.943999,0,0.000000,2.000000,0.000000,2.000000,0.760000,0.000000,1.000000,0.360000,0.110000,0.000000
1778986365.951038,0,0.000000,2.000000,0.000000,2.000000,1.000000,0.000000,1.000000,0.360000,0.230000,0.000000
1778986365.958313,0,0.000000,2.000000,0.000000,2.000000,0.020000,0.000000,1.000000,0.270000,0.490000,0.000000
1778986365.974580,0,0.000000,2.000000,0.000000,2.000000,0.250000,0.000000,1.000000,0.250000,0.110000,0.000000
1778986365.981131,0,0.000000,2.000000,0.000000,2.000000,0.470000,0.000000,1.000000,0.250000,0.110000,0.000000
1778986366.003444,0,0.000000,2.000000,0.000000,2.000000,0.720000,0.000000,1.000000,0.250000,0.110000,0.000000
1778986366.018510,0,0.000000,2.000000,0.000000,2.000000,0.940000,0.000000,1.000000,0.310000,0.110000,0.000000
1778986366.020597,0,0.000000,2.000000,0.000000,2.000000,1.000000,0.000000,1.000000,0.340000,0.230000,0.000000
1778986366.021230,0,0.000000,2.000000,0.000000,2.000000,1.000000,0.000000,1.000000,0.340000,0.110000,0.000000
1778986366.048465,0,0.000000,2.000000,0.000000,2.000000,0.000000,0.000000,1.000000,0.360000,0.490000,0.000000
1778986366.055288,0,0.000000,2.000000,0.000000,2.000000,0.180000,0.000000,1.000000,0.360000,0.110000,0.000000
1778986366.071494,0,0.000000,2.000000,0.000000,2.000000,0.360000,0.000000,1.000000,0.360000,0.110000,0.000000
1778986366.100753,0,0.000000,2.000000,0.000000,2.000000,0.150000,0.000000,1.000000,0.370000,0.110000,0.000000
1778986366.102501,0,0.000000,2.000000,0.000000,2.000000,0.340000,0.000000,1.000000,0.430000,0.110000,0.000000
1778986366.124479,0,0.000000,2.000000,0.000000,2.000000,0.050000,0.000000,1.000000,0.460000,0.110000,0.000000
1778986366.126288,0,0.000000,2.000000,0.000000,2.000000,0.310000,0.000000,1.000000,0.510000,0.110000,0.000000
1778986366.138335,0,0.000000,2.000000,0.000000,2.000000,0.150000,0.000000,1.000000,0.540000,0.110000,0.000000
1778986366.170743,0,0.000000,2.000000,0.000000,2.000000,0.620000,0.000000,1.000000,0.570000,0.110000,0.000000
1778986366.182878,0,0.000000,2.000000,0.000000,2.000000,1.000000,0.000000,1.000000,0.610000,0.000000,0.000000
1778986366.199039,0,0.000000,2.000000,0.000000,2.000000,0.200000,0.000000,1.000000,0.620000,0.110000,0.000000
1778986366.266885,0,0.000000,2.000000,0.000000,2.000000,0.570000,0.000000,1.000000,0.680000,0.000000,0.000000
1778986366.309768,0,0.000000,2.000000,0.000000,2.000000,0.970000,0.000000,1.000000,0.690000,0.110000,0.000000
1778986366.332401,0,0.000000,2.000000,0.000000,2.000000,0.110000,0.000000,1.000000,0.700000,0.110000,0.000000
1778986366.339742,0,0.000000,2.000000,0.000000,2.000000,0.510000,0.000000,1.000000,0.890000,0.110000,0.000000
1778986366.394366,0,0.000000,2.000000,0.000000,2.000000,0.920000,0.000000,1.000000,0.990000,0.110000,0.000000
1778986366.394896,0,0.000000,2.000000,0.000000,2.000000,1.000000,0.000000,1.000000,1.160000,0.110000,0.000000
1778986366.423899,0,0.000000,2.000000,0.000000,2.000000,0.300000,0.000000,1.000000,1.240000,0.110000,0.000000
1778986366.426694,0,0.000000,2.000000,0.000000,2.000000,0.670000,0.000000,1.000000,1.210000,0.110000,0.000000
1778986366.429650,0,0.000000,2.000000,0.000000,2.000000,0.150000,0.000000,1.000000,1.250000,0.110000,0.000000
1778986366.437159,0,0.000000,2.000000,0.000000,2.000000,0.430000,0.000000,1.000000,1.240000,0.110000,0.000000
1778986366.452597,0,0.000000,2.000000,0.000000,2.000000,0.730000,0.000000,1.000000,1.240000,0.110000,0.000000
1778986366.462483,0,0.000000,2.000000,0.000000,2.000000,1.000000,0.000000,1.000000,1.250000,0.110000,0.000000
1778986366.477487,0,0.000000,2.000000,0.000000,2.000000,1.000000,0.000000,1.000000,1.250000,0.110000,0.330000
1778986366.498456,0,0.000000,2.000000,0.000000,2.000000,0.020000,0.000000,1.000000,1.230000,0.110000,0.000000
1778986366.507209,0,0.000000,2.000000,0.000000,2.000000,0.280000,0.000000,1.000000,1.210000,0.230000,0.000000
1778986366.523242,0,0.000000,2.000000,0.000000,2.000000,0.540000,0.000000,1.000000,1.220000,0.110000,0.660000
1778986366.536053,0,0.000000,2.000000,0.000000,2.000000,0.770000,0.000000,1.000000,1.120000,0.110000,0.000000
1778986366.565670,0,0.000000,2.000000,0.000000,2.000000,1.000000,0.000000,1.000000,1.070000,0.110000,0.000000
1778986366.581528,0,0.000000,2.000000,0.000000,2.000000,0.000000,0.000000,1.000000,1.080000,0.360000,0.330000
1778986366.605376,0,0.000000,2.000000,0.000000,2.000000,0.210000,0.000000,1.000000,1.040000,0.110000,0.000000
1778986366.619089,0,0.000000,2.000000,0.000000,2.000000,0.430000,0.000000,1.000000,0.950000,0.230000,0.000000
1778986366.633805,0,0.000000,2.000000,0.000000,2.000000,0.630000,0.000000,1.000000,0.760000,0.110000,0.000000
1778986366.637216,0,0.000000,2.000000,0.000000,2.000000,0.850000,0.000000,1.000000,0.750000,0.110000,0.000000
1778986366.637953,0,0.000000,2.000000,0.000000,2.000000,1.000000,0.000000,1.000000,0.740000,0.110000,0.000000
1778986366.640346,0,0.000000,2.000000,0.000000,2.000000,1.000000,0.000000,1.000000,0.720000,0.110000,0.000000
1778986366.669761,0,0.000000,2.000000,0.000000,2.000000,0.070000,0.000000,1.000000,0.700000,0.110000,0.000000
1778986366.700449,0,0.000000,2.000000,0.000000,2.000000,0.250000,0.000000,1.000000,0.680000,0.110000,0.000000
1778986366.723187,0,0.000000,2.000000,0.000000,2.000000,0.170000,0.000000,1.000000,0.660000,0.230000,0.000000
1778986366.797957,0,0.000000,2.000000,0.000000,2.000000,0.400000,0.000000,1.000000,0.620000,0.230000,0.000000
1778986366.838050,0,0.000000,2.000000,0.000000,2.000000,0.630000,0.000000,1.000000,0.610000,0.110000,0.000000
1778986366.840012,0,0.000000,2.000000,0.000000,2.000000,0.860000,0.000000,1.000000,0.610000,0.000000,0.000000
1778986366.859812,0,0.000000,2.000000,0.000000,2.000000,1.000000,0.000000,1.000000,0.580000,0.110000,0.000000
1778986366.866429,0,0.000000,2.000000,0.000000,2.000000,0.510000,0.000000,1.000000,0.500000,0.230000,0.000000
1778986366.867046,0,0.000000,2.000000,0.000000,2.000000,0.940000,0.000000,1.000000,0.490000,0.110000,0.000000
1778986366.867851,0,0.000000,2.000000,0.000000,2.000000,1.000000,0.000000,1.000000,0.490000,0.110000,0.000000
1778986366.869399,0,0.000000,2.000000,0.000000,2.000000,1.000000,0.000000,1.000000,0.470000,0.110000,0.000000
1778986366.887912,0,0.000000,2.000000,0.000000,2.000000,1.000000,0.000000,1.000000,0.490000,0.110000,0.330000
1778986366.902910,0,0.000000,2.000000,0.000000,2.000000,1.000000,0.000000,1.000000,0.470000,0.230000,0.000000
1778986366.934744,0,0.000000,2.000000,0.000000,2.000000,1.000000,0.000000,1.000000,0.490000,0.110000,0.000000
1778986366.994384,0,0.000000,2.000000,0.000000,2.000000,1.000000,0.000000,1.000000,0.500000,0.110000,0.000000
1778986367.047651,0,0.000000,2.000000,0.000000,2.000000,1.000000,0.000000,1.000000,0.540000,0.230000,0.000000
1778986367.053607,0,0.000000,2.000000,0.000000,2.000000,0.170000,0.000000,1.000000,0.550000,0.110000,0.000000
1778986367.055889,0,0.000000,2.000000,0.000000,2.000000,0.400000,0.000000,1.000000,0.560000,0.000000,0.000000
1778986367.056878,0,0.000000,2.000000,0.000000,2.000000,0.850000,0.000000,1.000000,0.610000,0.110000,0.000000
1778986367.102751,0,0.000000,2.000000,0.000000,2.000000,0.000000,0.000000,1.000000,0.670000,0.360000,0.000000
1778986367.174148,0,0.000000,2.000000,0.000000,2.000000,0.200000,0.000000,1.000000,0.690000,0.230000,0.000000
1778986367.308010,0,0.000000,2.000000,0.000000,2.000000,0.410000,0.000000,1.000000,0.700000,0.110000,0.000000
1778986367.385761,0,0.000000,2.000000,0.000000,2.000000,0.620000,0.000000,1.000000,0.720000,0.110000,0.000000
1778986367.465184,0,0.000000,2.000000,0.000000,2.000000,0.860000,0.000000,1.000000,0.740000,0.110000,0.000000
1778986367.600761,0,0.000000,2.000000,0.000000,2.000000,0.760000,0.000000,1.000000,1.100000,0.110000,0.000000
1778986367.702593,0,0.000000,2.000000,0.000000,2.000000,0.070000,0.000000,1.000000,1.220000,0.230000,0.000000
1778986367.804834,0,0.000000,2.000000,0.000000,2.000000,0.100000,0.000000,1.000000,1.190000,0.110000,0.000000
1778986367.834078,0,0.000000,2.000000,0.000000,2.000000,1.000000,0.000000,1.000000,1.170000,0.230000,0.000000
1778986367.881333,0,0.000000,2.000000,0.000000,2.000000,0.000000,0.000000,1.000000,1.220000,0.110000,0.000000
1778986367.945068,0,0.000000,2.000000,0.000000,2.000000,1.000000,0.000000,1.000000,0.750000,0.110000,0.000000
1778986367.989359,0,0.000000,2.000000,0.000000,2.000000,0.370000,0.000000,1.000000,0.740000,0.000000,0.000000
1778986367.989903,0,0.000000,2.000000,0.000000,2.000000,0.600000,0.000000,1.000000,0.670000,0.110000,0.660000
1778986367.990321,0,0.000000,2.000000,0.000000,2.000000,0.860000,0.000000,1.000000,0.670000,0.110000,0.000000
1778986368.039216,0,0.000000,2.000000,0.000000,2.000000,0.050000,0.000000,1.000000,0.690000,0.110000,0.000000
1778986368.040087,0,0.000000,2.000000,0.000000,2.000000,1.000000,0.000000,1.000000,0.730000,0.110000,0.000000
1778986368.040559,0,0.000000,2.000000,0.000000,2.000000,0.120000,0.000000,1.000000,0.740000,0.110000,0.330000
1778986368.040968,0,0.000000,2.000000,0.000000,2.000000,0.440000,0.000000,1.000000,0.740000,0.110000,0.000000
1778986368.110414,0,0.000000,2.000000,0.000000,2.000000,0.250000,0.000000,1.000000,0.740000,0.110000,0.000000
1778986368.133784,0,0.000000,2.000000,0.000000,2.000000,0.250000,0.000000,1.000000,0.920000,0.110000,0.000000
1778986368.134260,0,0.000000,2.000000,0.000000,2.000000,0.620000,0.000000,1.000000,0.940000,0.230000,0.000000
1778986368.159315,0,0.000000,2.000000,0.000000,2.000000,1.000000,0.000000,1.000000,1.000000,0.110000,0.000000
1778986368.159821,0,0.000000,2.000000,0.000000,2.000000,1.000000,0.000000,1.000000,1.070000,0.110000,0.000000
1778986368.203663,0,0.000000,2.000000,0.000000,2.000000,0.000000,0.000000,1.000000,1.070000,0.360000,0.000000
1778986368.204829,0,0.000000,2.000000,0.000000,2.000000,0.030000,0.000000,1.000000,1.050000,0.230000,0.000000
1778986368.205260,0,0.000000,2.000000,0.000000,2.000000,0.150000,0.000000,1.000000,1.080000,0.000000,0.000000
1778986368.260570,0,0.000000,2.000000,0.000000,2.000000,0.570000,0.000000,1.000000,1.070000,0.110000,0.000000
1778986368.302954,0,0.000000,2.000000,0.000000,2.000000,1.000000,0.000000,1.000000,1.070000,0.230000,0.000000
1778986368.349682,0,0.000000,2.000000,0.000000,2.000000,1.000000,0.000000,1.000000,1.110000,0.110000,0.000000
1778986368.391614,0,0.000000,2.000000,0.000000,2.000000,1.000000,0.000000,1.000000,1.100000,0.230000,0.000000
1778986368.436629,0,0.000000,2.000000,0.000000,2.000000,0.000000,0.000000,1.000000,1.090000,0.360000,0.000000
1778986368.516909,0,0.000000,2.000000,0.000000,2.000000,0.110000,0.000000,1.000000,1.100000,0.110000,0.000000
1778986368.542470,0,0.000000,2.000000,0.000000,2.000000,1.000000,0.000000,1.000000,1.220000,0.230000,0.000000
1778986368.597517,0,0.000000,2.000000,0.000000,2.000000,0.250000,0.000000,1.000000,1.220000,0.000000,0.330000
1778986368.673403,0,0.000000,2.000000,0.000000,2.000000,1.000000,0.000000,1.000000,1.220000,0.110000,0.000000
1778986368.696178,0,0.000000,2.000000,0.000000,2.000000,0.940000,0.000000,1.000000,1.120000,0.230000,0.000000
1778986368.696796,0,0.000000,2.000000,0.000000,2.000000,0.030000,0.000000,1.000000,1.080000,0.360000,0.000000
1778986368.739718,0,0.000000,2.000000,0.000000,2.000000,1.000000,0.000000,1.000000,1.050000,0.110000,0.000000
1778986368.792409,0,0.000000,2.000000,0.000000,2.000000,0.750000,0.000000,1.000000,0.980000,0.110000,0.000000
1778986368.834629,0,0.000000,2.000000,0.000000,2.000000,1.000000,0.000000,1.000000,1.070000,0.110000,0.000000
1778986368.835179,0,0.000000,2.000000,0.000000,2.000000,0.000000,0.000000,1.000000,1.070000,0.360000,0.330000
1778986368.858356,0,0.000000,2.000000,0.000000,2.000000,0.070000,0.000000,1.000000,1.070000,0.230000,0.000000
1778986368.950588,0,0.000000,2.000000,0.000000,2.000000,0.660000,0.000000,1.000000,1.090000,0.110000,0.000000
1778986368.974520,0,0.000000,2.000000,0.000000,2.000000,0.070000,0.000000,1.000000,1.220000,0.110000,0.000000
1778986368.975014,0,0.000000,2.000000,0.000000,2.000000,1.000000,0.000000,1.000000,1.170000,0.110000,0.000000
1778986369.020390,0,0.000000,2.000000,0.000000,2.000000,1.000000,0.000000,1.000000,1.190000,0.110000,0.000000
1778986369.102087,0,0.000000,2.000000,0.000000,2.000000,1.000000,0.000000,1.000000,1.220000,0.000000,0.000000
1778986369.147503,0,0.000000,2.000000,0.000000,2.000000,1.000000,0.000000,1.000000,1.210000,0.230000,0.000000
1778986369.148270,0,0.000000,2.000000,0.000000,2.000000,1.000000,0.000000,1.000000,1.240000,0.230000,0.000000
1778986369.204958,0,0.000000,2.000000,0.000000,2.000000,1.000000,0.000000,1.000000,1.250000,0.110000,0.000000
1778986369.272299,0,0.000000,2.000000,0.000000,2.000000,0.820000,0.000000,1.000000,1.230000,0.110000,0.000000
1778986369.333053,0,0.000000,2.000000,0.000000,2.000000,1.000000,0.000000,1.000000,0.990000,0.110000,0.000000
1778986369.376238,0,0.000000,2.000000,0.000000,2.000000,1.000000,0.000000,1.000000,1.000000,0.110000,0.000000
1778986369.376756,0,0.000000,2.000000,0.000000,2.000000,1.000000,0.000000,1.000000,0.970000,0.110000,0.000000
1778986369.436983,0,0.000000,2.000000,0.000000,2.000000,1.000000,0.000000,1.000000,0.950000,0.110000,0.000000
1778986369.482126,0,0.000000,2.000000,0.000000,2.000000,1.000000,0.000000,1.000000,0.980000,0.110000,0.000000
1778986369.525489,0,0.000000,2.000000,0.000000,2.000000,1.000000,0.000000,1.000000,1.000000,0.110000,0.000000
1778986369.579352,0,0.000000,2.000000,0.000000,2.000000,1.000000,0.000000,1.000000,0.980000,0.230000,0.000000
1778986369.623302,0,0.000000,2.000000,0.000000,2.000000,1.000000,0.000000,1.000000,0.990000,0.110000,0.000000
1778986369.624077,0,0.000000,2.000000,0.000000,2.000000,1.000000,0.000000,1.000000,0.990000,0.110000,0.000000
1778986369.707606,0,0.000000,2.000000,0.000000,2.000000,0.690000,0.000000,1.000000,0.990000,0.110000,0.000000
1778986369.733623,0,0.000000,2.000000,0.000000,2.000000,1.000000,0.000000,1.000000,1.000000,0.110000,0.000000
1778986369.778730,0,0.000000,2.000000,0.000000,2.000000,0.050000,0.000000,1.000000,1.140000,0.230000,0.000000
1778986369.779290,0,0.000000,2.000000,0.000000,2.000000,0.930000,0.000000,1.000000,1.220000,0.110000,0.000000
1778986369.849743,0,0.000000,2.000000,0.000000,2.000000,0.230000,0.000000,1.000000,1.120000,0.110000,0.000000
1778986369.895097,0,0.000000,2.000000,0.000000,2.000000,1.000000,0.000000,1.000000,0.380000,0.000000,0.000000
1778986369.895902,0,0.000000,2.000000,0.000000,2.000000,1.000000,0.000000,1.000000,0.250000,0.000000,0.000000
1778986369.943483,0,0.000000,2.000000,0.000000,2.000000,1.000000,0.000000,1.000000,0.230000,0.000000,0.000000
1778986369.992061,0,0.000000,2.000000,0.000000,2.000000,1.000000,0.000000,1.000000,0.230000,0.000000,0.000000
1778986370.092341,0,0.000000,2.000000,0.000000,2.000000,1.000000,0.000000,0.910000,-0.180000,0.000000,0.000000
1778986370.139892,0,0.000000,2.000000,0.000000,2.000000,1.000000,0.000000,1.000000,-0.150000,0.000000,0.000000
1778986370.218771,0,0.000000,2.000000,0.000000,2.000000,1.000000,0.000000,0.720000,-0.230000,0.000000,0.000000
1778986370.262317,0,0.000000,2.000000,0.000000,2.000000,0.370000,0.000000,1.000000,-0.270000,0.000000,0.000000
1778986370.307568,0,0.000000,2.000000,0.000000,2.000000,1.000000,0.000000,1.000000,-0.200000,0.000000,0.000000
1778986370.375199,0,0.000000,2.000000,0.000000,2.000000,1.000000,0.000000,0.000000,-0.270000,0.000000,0.330000
1778986370.458005,0,0.000000,2.000000,0.000000,2.000000,1.000000,0.000000,1.000000,-0.230000,0.000000,0.000000
1778986370.503644,0,0.000000,2.000000,0.000000,2.000000,1.000000,0.000000,1.000000,-0.270000,0.000000,0.000000
1778986370.504138,0,0.000000,2.000000,0.000000,2.000000,1.000000,0.000000,1.000000,-0.270000,0.000000,0.000000
1778986370.562146,0,0.000000,2.000000,0.000000,2.000000,1.000000,0.000000,0.000000,-0.270000,0.000000,0.330000
1778986370.608500,0,0.000000,2.000000,0.000000,2.000000,1.000000,0.000000,1.000000,-0.250000,0.110000,0.000000
1778986370.609006,0,0.000000,2.000000,0.000000,2.000000,1.000000,0.000000,1.000000,-0.270000,0.000000,0.000000
1778986370.609405,0,0.000000,2.000000,0.000000,2.000000,1.000000,0.000000,1.000000,-0.250000,0.000000,0.000000
1778986370.610615,0,0.000000,2.000000,0.000000,2.000000,1.000000,0.000000,1.000000,-0.250000,0.000000,0.000000
1778986370.659970,0,0.000000,2.000000,0.000000,2.000000,1.000000,0.000000,1.000000,-0.230000,0.000000,0.000000
1778986370.708323,0,0.000000,2.000000,0.000000,2.000000,1.000000,0.000000,1.000000,-0.230000,0.000000,0.000000
1778986370.753464,0,0.000000,2.000000,0.000000,2.000000,1.000000,0.000000,1.000000,-0.250000,0.000000,0.000000
1778986370.753961,0,0.000000,2.000000,0.000000,2.000000,1.000000,0.000000,1.000000,-0.250000,0.000000,0.000000
1778986371.045153,0,0.000000,2.000000,0.000000,2.000000,1.000000,0.000000,0.000000,-0.230000,0.000000,1.000000
1778986371.209636,0,0.000000,2.000000,0.000000,2.000000,1.000000,0.000000,0.660000,-0.270000,0.000000,0.000000
1778986371.310817,0,0.000000,2.000000,0.000000,2.000000,1.000000,0.000000,0.140000,-0.310000,0.000000,0.000000
1778986371.311889,0,0.000000,2.000000,0.000000,2.000000,1.000000,0.000000,1.000000,-0.310000,0.000000,0.000000
1778986371.312616,0,0.000000,2.000000,0.000000,2.000000,1.000000,0.000000,1.000000,-0.360000,0.000000,0.000000
1778986371.447567,0,0.000000,2.000000,0.000000,2.000000,1.000000,0.000000,0.100000,-0.270000,0.000000,0.000000
1778986371.550192,0,0.000000,2.000000,0.000000,2.000000,1.000000,0.000000,1.000000,-0.010000,0.000000,0.000000
1778986371.731561,0,0.000000,2.000000,0.000000,2.000000,1.000000,0.000000,1.000000,0.500000,0.000000,0.000000
1778986371.778524,0,0.000000,2.000000,0.000000,2.000000,1.000000,0.000000,1.000000,0.690000,0.000000,0.000000
1778986371.779065,0,0.000000,2.000000,0.000000,2.000000,1.000000,0.000000,1.000000,0.910000,0.000000,0.000000
1778986371.825624,0,0.000000,2.000000,0.000000,2.000000,1.000000,0.000000,1.000000,0.850000,0.000000,0.000000
1778986371.912008,0,0.000000,2.000000,0.000000,2.000000,1.000000,0.000000,1.000000,-0.210000,0.000000,0.000000
1778986371.965279,0,0.000000,2.000000,0.000000,2.000000,1.000000,0.000000,0.110000,-0.200000,0.110000,0.000000
1778986372.057637,0,0.000000,2.000000,0.000000,2.000000,1.000000,0.000000,0.610000,-0.200000,0.000000,0.000000
1778986372.130424,0,0.000000,2.000000,0.000000,2.000000,1.000000,0.000000,0.000000,-0.210000,0.230000,0.330000
1778986372.205302,0,0.000000,2.000000,0.000000,2.000000,0.680000,0.000000,0.560000,-0.280000,0.110000,0.000000
1778986372.245569,0,0.000000,2.000000,0.000000,2.000000,1.000000,0.000000,0.920000,-0.340000,0.230000,0.000000
1778986372.427655,0,0.000000,2.000000,0.000000,2.000000,1.000000,0.000000,0.070000,-0.310000,0.230000,0.000000
1778986372.514851,0,0.000000,2.000000,0.000000,2.000000,1.000000,0.000000,0.000000,0.000000,0.110000,0.330000
1778986372.814225,0,0.000000,2.000000,0.000000,2.000000,1.000000,0.000000,1.000000,0.870000,0.110000,0.000000
1778986372.896385,0,0.000000,2.000000,0.000000,2.000000,0.890000,0.000000,1.000000,0.930000,0.110000,0.330000
1778986373.009987,0,0.000000,2.000000,0.000000,2.000000,1.000000,0.000000,1.000000,0.940000,0.110000,0.000000
1778986373.131860,0,0.000000,2.000000,0.000000,2.000000,1.000000,0.000000,1.000000,0.070000,0.110000,0.000000
1778986373.376871,0,0.000000,2.000000,0.000000,2.000000,1.000000,0.000000,0.000000,-0.250000,0.110000,0.330000
1778986373.640391,0,0.000000,2.000000,0.000000,2.000000,1.000000,0.000000,1.000000,0.070000,0.110000,0.000000
1778986373.889500,0,0.000000,2.000000,0.000000,2.000000,1.000000,0.000000,0.680000,0.310000,0.110000,0.000000
1778986374.067481,0,0.000000,2.000000,0.000000,2.000000,1.000000,0.000000,1.000000,0.820000,0.000000,0.000000
1778986374.456650,0,0.000000,2.000000,0.000000,2.000000,1.000000,0.000000,1.000000,-0.030000,0.110000,0.000000
1778986374.583856,0,0.000000,2.000000,0.000000,2.000000,1.000000,0.000000,0.890000,-0.200000,0.000000,0.000000
1778986374.806509,0,0.000000,2.000000,0.000000,2.000000,1.000000,0.000000,1.000000,0.150000,0.000000,0.000000
1778986374.866524,0,0.000000,2.000000,0.000000,2.000000,1.000000,0.000000,1.000000,0.250000,0.000000,0.000000
1778986375.035008,0,0.000000,2.000000,0.000000,2.000000,1.000000,0.000000,0.280000,0.170000,0.000000,0.000000
1778986375.155772,0,0.000000,2.000000,0.000000,2.000000,1.000000,0.000000,1.000000,0.100000,0.000000,0.000000
1778986375.283293,0,0.000000,2.000000,0.000000,2.000000,1.000000,0.000000,1.000000,0.140000,0.000000,0.000000
1778986375.544755,0,0.000000,2.000000,0.000000,2.000000,1.000000,0.000000,1.000000,0.170000,0.110000,0.000000
1778986375.708148,0,0.000000,2.000000,0.000000,2.000000,1.000000,0.000000,1.000000,0.280000,0.230000,0.000000
1778986377.118901,0,0.000000,2.000000,0.000000,2.000000,1.000000,0.000000,1.000000,0.100000,0.110000,0.000000
1778986377.247740,0,0.000000,2.000000,0.000000,2.000000,0.090000,0.000000,1.000000,0.200000,0.110000,0.000000
1778986377.478696,0,0.000000,2.000000,0.000000,2.000000,1.000000,0.000000,1.000000,0.200000,0.110000,0.000000
